solid OpenSCAD_Model
  facet normal 0 -1 0
    outer loop
      vertex 13 -21 13
      vertex 17 -21 15.8
      vertex 11.2 -21 15.8
    endloop
  endfacet
  facet normal 0 -1 -0
    outer loop
      vertex 17 -21 15.8
      vertex 13 -21 13
      vertex 31 -21 15.8
    endloop
  endfacet
  facet normal 0 -1 0
    outer loop
      vertex 11.8889 -21 12.6629
      vertex 11.2 -21 15.8
      vertex 10.8084 -21 15.7743
    endloop
  endfacet
  facet normal 0 -1 0
    outer loop
      vertex 35 -21 13
      vertex 31 -21 15.8
      vertex 13 -21 13
    endloop
  endfacet
  facet normal 0 -1 0
    outer loop
      vertex 11.8889 -21 12.6629
      vertex 10.8084 -21 15.7743
      vertex 10.4236 -21 15.6978
    endloop
  endfacet
  facet normal 0 -1 0
    outer loop
      vertex 31 -21 15.8
      vertex 35 -21 13
      vertex 36.8 -21 15.8
    endloop
  endfacet
  facet normal 0 -1 0
    outer loop
      vertex 11.8889 -21 12.6629
      vertex 10.4236 -21 15.6978
      vertex 10.052 -21 15.5716
    endloop
  endfacet
  facet normal 0 -1 0
    outer loop
      vertex 35.3902 -21 12.9616
      vertex 36.8 -21 15.8
      vertex 35 -21 13
    endloop
  endfacet
  facet normal 0 -1 0
    outer loop
      vertex 11.8889 -21 12.6629
      vertex 10.052 -21 15.5716
      vertex 9.70001 -21 15.3981
    endloop
  endfacet
  facet normal 0 -1 0
    outer loop
      vertex 35.7654 -21 12.8478
      vertex 36.8 -21 15.8
      vertex 35.3902 -21 12.9616
    endloop
  endfacet
  facet normal 0 -1 0
    outer loop
      vertex 11.5858 -21 12.4142
      vertex 9.70001 -21 15.3981
      vertex 9.37373 -21 15.1801
    endloop
  endfacet
  facet normal 0 -1 0
    outer loop
      vertex 36.1111 -21 12.6629
      vertex 36.8 -21 15.8
      vertex 35.7654 -21 12.8478
    endloop
  endfacet
  facet normal 0 -1 0
    outer loop
      vertex 11.5858 -21 12.4142
      vertex 9.37373 -21 15.1801
      vertex 9.07869 -21 14.9213
    endloop
  endfacet
  facet normal 0 -1 -0
    outer loop
      vertex 36.8 -21 15.8
      vertex 36.1111 -21 12.6629
      vertex 37.1916 -21 15.7743
    endloop
  endfacet
  facet normal 0 -1 0
    outer loop
      vertex 11.5858 -21 12.4142
      vertex 9.07869 -21 14.9213
      vertex 8.81995 -21 14.6263
    endloop
  endfacet
  facet normal 0 -1 -0
    outer loop
      vertex 37.1916 -21 15.7743
      vertex 36.1111 -21 12.6629
      vertex 37.5764 -21 15.6978
    endloop
  endfacet
  facet normal 0 -1 0
    outer loop
      vertex 11.5858 -21 12.4142
      vertex 8.81995 -21 14.6263
      vertex 8.60193 -21 14.3
    endloop
  endfacet
  facet normal 0 -1 -0
    outer loop
      vertex 37.5764 -21 15.6978
      vertex 36.1111 -21 12.6629
      vertex 37.948 -21 15.5716
    endloop
  endfacet
  facet normal 0 -1 0
    outer loop
      vertex 11.3371 -21 12.1111
      vertex 8.60193 -21 14.3
      vertex 8.42838 -21 13.948
    endloop
  endfacet
  facet normal 0 -1 -0
    outer loop
      vertex 37.948 -21 15.5716
      vertex 36.1111 -21 12.6629
      vertex 38.3 -21 15.3981
    endloop
  endfacet
  facet normal 0 -1 0
    outer loop
      vertex 11.3371 -21 12.1111
      vertex 8.42838 -21 13.948
      vertex 8.30223 -21 13.5764
    endloop
  endfacet
  facet normal 0 -1 0
    outer loop
      vertex 36.4142 -21 12.4142
      vertex 38.3 -21 15.3981
      vertex 36.1111 -21 12.6629
    endloop
  endfacet
  facet normal 0 -1 0
    outer loop
      vertex 11.3371 -21 12.1111
      vertex 8.30223 -21 13.5764
      vertex 8.22568 -21 13.1916
    endloop
  endfacet
  facet normal 0 -1 -0
    outer loop
      vertex 38.3 -21 15.3981
      vertex 36.4142 -21 12.4142
      vertex 38.6263 -21 15.1801
    endloop
  endfacet
  facet normal 0 -1 -0
    outer loop
      vertex 38.6263 -21 15.1801
      vertex 36.4142 -21 12.4142
      vertex 38.9213 -21 14.9213
    endloop
  endfacet
  facet normal 0 -1 0
    outer loop
      vertex 11.2 -21 15.8
      vertex 12.6098 -21 12.9616
      vertex 13 -21 13
    endloop
  endfacet
  facet normal 0 -1 0
    outer loop
      vertex 11.2 -21 15.8
      vertex 12.2346 -21 12.8478
      vertex 12.6098 -21 12.9616
    endloop
  endfacet
  facet normal 0 -1 0
    outer loop
      vertex 11.3371 -21 12.1111
      vertex 8.22568 -21 13.1916
      vertex 8.20001 -21 12.8
    endloop
  endfacet
  facet normal 0 -1 0
    outer loop
      vertex 11.2 -21 15.8
      vertex 11.8889 -21 12.6629
      vertex 12.2346 -21 12.8478
    endloop
  endfacet
  facet normal 0 -1 0
    outer loop
      vertex 9.70001 -21 15.3981
      vertex 11.5858 -21 12.4142
      vertex 11.8889 -21 12.6629
    endloop
  endfacet
  facet normal 0 -1 0
    outer loop
      vertex 8.60193 -21 14.3
      vertex 11.3371 -21 12.1111
      vertex 11.5858 -21 12.4142
    endloop
  endfacet
  facet normal 0 -1 0
    outer loop
      vertex 8.20001 -21 12.8
      vertex 11.1522 -21 11.7654
      vertex 11.3371 -21 12.1111
    endloop
  endfacet
  facet normal 0 -1 0
    outer loop
      vertex 8.20001 -21 12.8
      vertex 11.0384 -21 11.3902
      vertex 11.1522 -21 11.7654
    endloop
  endfacet
  facet normal 0 -1 0
    outer loop
      vertex 8.20001 -21 12.8
      vertex 11 -21 11
      vertex 11.0384 -21 11.3902
    endloop
  endfacet
  facet normal 0 -1 0
    outer loop
      vertex 8.20001 -21 0
      vertex 11 -21 11
      vertex 8.20001 -21 12.8
    endloop
  endfacet
  facet normal 0 -1 -0
    outer loop
      vertex 11 -21 11
      vertex 8.20001 -21 0
      vertex 11 -21 0
    endloop
  endfacet
  facet normal 0 -1 -0
    outer loop
      vertex 38.9213 -21 14.9213
      vertex 36.4142 -21 12.4142
      vertex 39.1801 -21 14.6263
    endloop
  endfacet
  facet normal 0 -1 -0
    outer loop
      vertex 39.1801 -21 14.6263
      vertex 36.4142 -21 12.4142
      vertex 39.3981 -21 14.3
    endloop
  endfacet
  facet normal 0 -1 0
    outer loop
      vertex 36.6629 -21 12.1111
      vertex 39.3981 -21 14.3
      vertex 36.4142 -21 12.4142
    endloop
  endfacet
  facet normal 0 -1 -0
    outer loop
      vertex 39.3981 -21 14.3
      vertex 36.6629 -21 12.1111
      vertex 39.5716 -21 13.948
    endloop
  endfacet
  facet normal 0 -1 -0
    outer loop
      vertex 39.5716 -21 13.948
      vertex 36.6629 -21 12.1111
      vertex 39.6978 -21 13.5764
    endloop
  endfacet
  facet normal 0 -1 -0
    outer loop
      vertex 39.6978 -21 13.5764
      vertex 36.6629 -21 12.1111
      vertex 39.7743 -21 13.1916
    endloop
  endfacet
  facet normal 0 -1 -0
    outer loop
      vertex 39.7743 -21 13.1916
      vertex 36.6629 -21 12.1111
      vertex 39.8 -21 12.8
    endloop
  endfacet
  facet normal 0 -1 0
    outer loop
      vertex 36.8478 -21 11.7654
      vertex 39.8 -21 12.8
      vertex 36.6629 -21 12.1111
    endloop
  endfacet
  facet normal 0 -1 0
    outer loop
      vertex 36.9616 -21 11.3902
      vertex 39.8 -21 12.8
      vertex 36.8478 -21 11.7654
    endloop
  endfacet
  facet normal 0 -1 0
    outer loop
      vertex 37 -21 11
      vertex 39.8 -21 12.8
      vertex 36.9616 -21 11.3902
    endloop
  endfacet
  facet normal 0 -1 0
    outer loop
      vertex 39.8 -21 0
      vertex 37 -21 11
      vertex 37 -21 0
    endloop
  endfacet
  facet normal 0 -1 0
    outer loop
      vertex 37 -21 11
      vertex 39.8 -21 0
      vertex 39.8 -21 12.8
    endloop
  endfacet
  facet normal 0 -1 0
    outer loop
      vertex 17 -21 22.8
      vertex 19 -21 24.8
      vertex 18.6098 -21 24.7616
    endloop
  endfacet
  facet normal 0 -1 0
    outer loop
      vertex 19 -21 24.8
      vertex 24.0953 -21 20.5714
      vertex 29 -21 24.8
    endloop
  endfacet
  facet normal 0 -1 0
    outer loop
      vertex 17 -21 22.8
      vertex 18.6098 -21 24.7616
      vertex 18.2346 -21 24.6478
    endloop
  endfacet
  facet normal 0 -1 0
    outer loop
      vertex 24.4658 -21 20.4869
      vertex 29 -21 24.8
      vertex 24.0953 -21 20.5714
    endloop
  endfacet
  facet normal 0 -1 0
    outer loop
      vertex 17 -21 22.8
      vertex 18.2346 -21 24.6478
      vertex 17.8889 -21 24.4629
    endloop
  endfacet
  facet normal 0 -1 0
    outer loop
      vertex 24.7949 -21 20.2968
      vertex 29 -21 24.8
      vertex 24.4658 -21 20.4869
    endloop
  endfacet
  facet normal 0 -1 0
    outer loop
      vertex 17 -21 22.8
      vertex 17.8889 -21 24.4629
      vertex 17.5858 -21 24.2142
    endloop
  endfacet
  facet normal 0 -1 0
    outer loop
      vertex 25.0535 -21 20.0182
      vertex 29 -21 24.8
      vertex 24.7949 -21 20.2968
    endloop
  endfacet
  facet normal 0 -1 0
    outer loop
      vertex 17 -21 22.8
      vertex 17.5858 -21 24.2142
      vertex 17.3371 -21 23.9111
    endloop
  endfacet
  facet normal -0 -1 0
    outer loop
      vertex 31 -21 22.8
      vertex 29 -21 24.8
      vertex 25.0535 -21 20.0182
    endloop
  endfacet
  facet normal 0 -1 0
    outer loop
      vertex 17 -21 22.8
      vertex 17.3371 -21 23.9111
      vertex 17.1522 -21 23.5654
    endloop
  endfacet
  facet normal 0 -1 0
    outer loop
      vertex 29 -21 24.8
      vertex 31 -21 22.8
      vertex 29.3902 -21 24.7616
    endloop
  endfacet
  facet normal 0 -1 0
    outer loop
      vertex 17 -21 22.8
      vertex 17.1522 -21 23.5654
      vertex 17.0384 -21 23.1902
    endloop
  endfacet
  facet normal 0 -1 0
    outer loop
      vertex 29.3902 -21 24.7616
      vertex 31 -21 22.8
      vertex 29.7654 -21 24.6478
    endloop
  endfacet
  facet normal 0 -1 -0
    outer loop
      vertex 19 -21 24.8
      vertex 17 -21 22.8
      vertex 22.8513 -21 19.8532
    endloop
  endfacet
  facet normal 0 -1 0
    outer loop
      vertex 29.7654 -21 24.6478
      vertex 31 -21 22.8
      vertex 30.1111 -21 24.4629
    endloop
  endfacet
  facet normal 0 -1 0
    outer loop
      vertex 30.1111 -21 24.4629
      vertex 31 -21 22.8
      vertex 30.4142 -21 24.2142
    endloop
  endfacet
  facet normal 0 -1 0
    outer loop
      vertex 19 -21 24.8
      vertex 23.7163 -21 20.543
      vertex 24.0953 -21 20.5714
    endloop
  endfacet
  facet normal 0 -1 0
    outer loop
      vertex 19 -21 24.8
      vertex 23.3625 -21 20.4042
      vertex 23.7163 -21 20.543
    endloop
  endfacet
  facet normal 0 -1 0
    outer loop
      vertex 19 -21 24.8
      vertex 23.0654 -21 20.1672
      vertex 23.3625 -21 20.4042
    endloop
  endfacet
  facet normal 0 -1 0
    outer loop
      vertex 19 -21 24.8
      vertex 22.8513 -21 19.8532
      vertex 23.0654 -21 20.1672
    endloop
  endfacet
  facet normal 0 -1 0
    outer loop
      vertex 17 -21 22.8
      vertex 22.7392 -21 19.49
      vertex 22.8513 -21 19.8532
    endloop
  endfacet
  facet normal 0 -1 0
    outer loop
      vertex 17 -21 22.8
      vertex 22.7392 -21 19.11
      vertex 22.7392 -21 19.49
    endloop
  endfacet
  facet normal 0 -1 0
    outer loop
      vertex 17 -21 15.8
      vertex 22.7392 -21 19.11
      vertex 17 -21 22.8
    endloop
  endfacet
  facet normal 0 -1 -0
    outer loop
      vertex 22.7392 -21 19.11
      vertex 17 -21 15.8
      vertex 22.8513 -21 18.7468
    endloop
  endfacet
  facet normal 0 -1 -0
    outer loop
      vertex 22.8513 -21 18.7468
      vertex 17 -21 15.8
      vertex 23.0654 -21 18.4328
    endloop
  endfacet
  facet normal 0 -1 -0
    outer loop
      vertex 23.3625 -21 18.1958
      vertex 17 -21 15.8
      vertex 23.7163 -21 18.057
    endloop
  endfacet
  facet normal 0 -1 -0
    outer loop
      vertex 23.0654 -21 18.4328
      vertex 17 -21 15.8
      vertex 23.3625 -21 18.1958
    endloop
  endfacet
  facet normal 0 -1 0
    outer loop
      vertex 30.4142 -21 24.2142
      vertex 31 -21 22.8
      vertex 30.6629 -21 23.9111
    endloop
  endfacet
  facet normal 0 -1 0
    outer loop
      vertex 30.8478 -21 23.5654
      vertex 31 -21 22.8
      vertex 30.9616 -21 23.1902
    endloop
  endfacet
  facet normal 0 -1 0
    outer loop
      vertex 30.6629 -21 23.9111
      vertex 31 -21 22.8
      vertex 30.8478 -21 23.5654
    endloop
  endfacet
  facet normal 0 -1 0
    outer loop
      vertex 25.2184 -21 19.6758
      vertex 31 -21 22.8
      vertex 25.0535 -21 20.0182
    endloop
  endfacet
  facet normal 0 -1 0
    outer loop
      vertex 25.275 -21 19.3
      vertex 31 -21 22.8
      vertex 25.2184 -21 19.6758
    endloop
  endfacet
  facet normal 0 -1 0
    outer loop
      vertex 31 -21 15.8
      vertex 25.275 -21 19.3
      vertex 25.2184 -21 18.9242
    endloop
  endfacet
  facet normal 0 -1 0
    outer loop
      vertex 31 -21 15.8
      vertex 25.2184 -21 18.9242
      vertex 25.0535 -21 18.5818
    endloop
  endfacet
  facet normal 0 -1 0
    outer loop
      vertex 31 -21 15.8
      vertex 25.0535 -21 18.5818
      vertex 24.7949 -21 18.3032
    endloop
  endfacet
  facet normal 0 -1 -0
    outer loop
      vertex 23.7163 -21 18.057
      vertex 17 -21 15.8
      vertex 24.0953 -21 18.0286
    endloop
  endfacet
  facet normal 0 -1 0
    outer loop
      vertex 25.275 -21 19.3
      vertex 31 -21 15.8
      vertex 31 -21 22.8
    endloop
  endfacet
  facet normal 0 -1 0
    outer loop
      vertex 31 -21 15.8
      vertex 24.7949 -21 18.3032
      vertex 24.4658 -21 18.1131
    endloop
  endfacet
  facet normal 0 -1 0
    outer loop
      vertex 31 -21 15.8
      vertex 24.0953 -21 18.0286
      vertex 17 -21 15.8
    endloop
  endfacet
  facet normal 0 -1 0
    outer loop
      vertex 24.0953 -21 18.0286
      vertex 31 -21 15.8
      vertex 24.4658 -21 18.1131
    endloop
  endfacet
  facet normal -0.290248 0 0.956951
    outer loop
      vertex 18.2346 -15 24.6478
      vertex 18.6098 -21 24.7616
      vertex 18.6098 -15 24.7616
    endloop
  endfacet
  facet normal -0.290248 0 0.956951
    outer loop
      vertex 18.6098 -21 24.7616
      vertex 18.2346 -15 24.6478
      vertex 18.2346 -21 24.6478
    endloop
  endfacet
  facet normal 0.77307 -0 0.634321
    outer loop
      vertex 30.4142 -21 24.2142
      vertex 30.6629 -15 23.9111
      vertex 30.4142 -15 24.2142
    endloop
  endfacet
  facet normal 0.77307 0 0.634321
    outer loop
      vertex 30.6629 -15 23.9111
      vertex 30.4142 -21 24.2142
      vertex 30.6629 -21 23.9111
    endloop
  endfacet
  facet normal -0.995193 0 0.097938
    outer loop
      vertex 17 -21 22.8
      vertex 17.0384 -15 23.1902
      vertex 17 -15 22.8
    endloop
  endfacet
  facet normal -0.995193 0 0.097938
    outer loop
      vertex 17.0384 -15 23.1902
      vertex 17 -21 22.8
      vertex 17.0384 -21 23.1902
    endloop
  endfacet
  facet normal -1 0 0
    outer loop
      vertex 17 -21 15.8
      vertex 17 -15 22.8
      vertex 17 -15 15.8
    endloop
  endfacet
  facet normal -1 -0 0
    outer loop
      vertex 17 -15 22.8
      vertex 17 -21 15.8
      vertex 17 -21 22.8
    endloop
  endfacet
  facet normal 0.097938 0 0.995193
    outer loop
      vertex 29 -15 24.8
      vertex 29.3902 -21 24.7616
      vertex 29.3902 -15 24.7616
    endloop
  endfacet
  facet normal 0.097938 0 0.995193
    outer loop
      vertex 29.3902 -21 24.7616
      vertex 29 -15 24.8
      vertex 29 -21 24.8
    endloop
  endfacet
  facet normal -0 0 1
    outer loop
      vertex 19 -15 24.8
      vertex 29 -21 24.8
      vertex 29 -15 24.8
    endloop
  endfacet
  facet normal 0 0 1
    outer loop
      vertex 29 -21 24.8
      vertex 19 -15 24.8
      vertex 19 -21 24.8
    endloop
  endfacet
  facet normal 1 -0 0
    outer loop
      vertex 31 -21 22.8
      vertex 31 -15 15.8
      vertex 31 -15 22.8
    endloop
  endfacet
  facet normal 1 0 0
    outer loop
      vertex 31 -15 15.8
      vertex 31 -21 22.8
      vertex 31 -21 15.8
    endloop
  endfacet
  facet normal -0.77307 0 0.634321
    outer loop
      vertex 17.3371 -21 23.9111
      vertex 17.5858 -15 24.2142
      vertex 17.3371 -15 23.9111
    endloop
  endfacet
  facet normal -0.77307 0 0.634321
    outer loop
      vertex 17.5858 -15 24.2142
      vertex 17.3371 -21 23.9111
      vertex 17.5858 -21 24.2142
    endloop
  endfacet
  facet normal -0.881795 0 0.471634
    outer loop
      vertex 17.1522 -21 23.5654
      vertex 17.3371 -15 23.9111
      vertex 17.1522 -15 23.5654
    endloop
  endfacet
  facet normal -0.881795 0 0.471634
    outer loop
      vertex 17.3371 -15 23.9111
      vertex 17.1522 -21 23.5654
      vertex 17.3371 -21 23.9111
    endloop
  endfacet
  facet normal 0 1 0
    outer loop
      vertex 31 -15 22.8
      vertex 29 -15 24.8
      vertex 29.3902 -15 24.7616
    endloop
  endfacet
  facet normal 0 1 0
    outer loop
      vertex 29 -15 24.8
      vertex 31 -15 15.8
      vertex 19 -15 24.8
    endloop
  endfacet
  facet normal 0 1 0
    outer loop
      vertex 31 -15 22.8
      vertex 29.3902 -15 24.7616
      vertex 29.7654 -15 24.6478
    endloop
  endfacet
  facet normal 0 1 0
    outer loop
      vertex 29 -15 24.8
      vertex 31 -15 22.8
      vertex 31 -15 15.8
    endloop
  endfacet
  facet normal 0 1 0
    outer loop
      vertex 31 -15 22.8
      vertex 29.7654 -15 24.6478
      vertex 30.1111 -15 24.4629
    endloop
  endfacet
  facet normal 0 1 0
    outer loop
      vertex 17 -15 15.8
      vertex 19 -15 24.8
      vertex 31 -15 15.8
    endloop
  endfacet
  facet normal 0 1 0
    outer loop
      vertex 31 -15 22.8
      vertex 30.1111 -15 24.4629
      vertex 30.4142 -15 24.2142
    endloop
  endfacet
  facet normal 0 1 0
    outer loop
      vertex 18.6098 -15 24.7616
      vertex 17 -15 22.8
      vertex 18.2346 -15 24.6478
    endloop
  endfacet
  facet normal 0 1 0
    outer loop
      vertex 31 -15 22.8
      vertex 30.4142 -15 24.2142
      vertex 30.6629 -15 23.9111
    endloop
  endfacet
  facet normal 0 1 0
    outer loop
      vertex 18.2346 -15 24.6478
      vertex 17 -15 22.8
      vertex 17.8889 -15 24.4629
    endloop
  endfacet
  facet normal 0 1 0
    outer loop
      vertex 31 -15 22.8
      vertex 30.6629 -15 23.9111
      vertex 30.8478 -15 23.5654
    endloop
  endfacet
  facet normal 0 1 0
    outer loop
      vertex 17.8889 -15 24.4629
      vertex 17 -15 22.8
      vertex 17.5858 -15 24.2142
    endloop
  endfacet
  facet normal 0 1 0
    outer loop
      vertex 31 -15 22.8
      vertex 30.8478 -15 23.5654
      vertex 30.9616 -15 23.1902
    endloop
  endfacet
  facet normal 0 1 0
    outer loop
      vertex 17.5858 -15 24.2142
      vertex 17 -15 22.8
      vertex 17.3371 -15 23.9111
    endloop
  endfacet
  facet normal 0 1 0
    outer loop
      vertex 17.3371 -15 23.9111
      vertex 17 -15 22.8
      vertex 17.1522 -15 23.5654
    endloop
  endfacet
  facet normal 0 1 0
    outer loop
      vertex 17.1522 -15 23.5654
      vertex 17 -15 22.8
      vertex 17.0384 -15 23.1902
    endloop
  endfacet
  facet normal -0 1 0
    outer loop
      vertex 17 -15 22.8
      vertex 19 -15 24.8
      vertex 17 -15 15.8
    endloop
  endfacet
  facet normal 0 1 0
    outer loop
      vertex 19 -15 24.8
      vertex 17 -15 22.8
      vertex 18.6098 -15 24.7616
    endloop
  endfacet
  facet normal 0.471634 0 0.881795
    outer loop
      vertex 29.7654 -15 24.6478
      vertex 30.1111 -21 24.4629
      vertex 30.1111 -15 24.4629
    endloop
  endfacet
  facet normal 0.471634 0 0.881795
    outer loop
      vertex 30.1111 -21 24.4629
      vertex 29.7654 -15 24.6478
      vertex 29.7654 -21 24.6478
    endloop
  endfacet
  facet normal 0.634321 0 0.77307
    outer loop
      vertex 30.1111 -15 24.4629
      vertex 30.4142 -21 24.2142
      vertex 30.4142 -15 24.2142
    endloop
  endfacet
  facet normal 0.634321 0 0.77307
    outer loop
      vertex 30.4142 -21 24.2142
      vertex 30.1111 -15 24.4629
      vertex 30.1111 -21 24.4629
    endloop
  endfacet
  facet normal 0.290248 0 0.956951
    outer loop
      vertex 29.3902 -15 24.7616
      vertex 29.7654 -21 24.6478
      vertex 29.7654 -15 24.6478
    endloop
  endfacet
  facet normal 0.290248 0 0.956951
    outer loop
      vertex 29.7654 -21 24.6478
      vertex 29.3902 -15 24.7616
      vertex 29.3902 -21 24.7616
    endloop
  endfacet
  facet normal -0.097938 0 0.995193
    outer loop
      vertex 18.6098 -15 24.7616
      vertex 19 -21 24.8
      vertex 19 -15 24.8
    endloop
  endfacet
  facet normal -0.097938 0 0.995193
    outer loop
      vertex 19 -21 24.8
      vertex 18.6098 -15 24.7616
      vertex 18.6098 -21 24.7616
    endloop
  endfacet
  facet normal -0.634321 0 0.77307
    outer loop
      vertex 17.5858 -15 24.2142
      vertex 17.8889 -21 24.4629
      vertex 17.8889 -15 24.4629
    endloop
  endfacet
  facet normal -0.634321 0 0.77307
    outer loop
      vertex 17.8889 -21 24.4629
      vertex 17.5858 -15 24.2142
      vertex 17.5858 -21 24.2142
    endloop
  endfacet
  facet normal -0.471634 0 0.881795
    outer loop
      vertex 17.8889 -15 24.4629
      vertex 18.2346 -21 24.6478
      vertex 18.2346 -15 24.6478
    endloop
  endfacet
  facet normal -0.471634 0 0.881795
    outer loop
      vertex 18.2346 -21 24.6478
      vertex 17.8889 -15 24.4629
      vertex 17.8889 -21 24.4629
    endloop
  endfacet
  facet normal -0.956951 0 0.290248
    outer loop
      vertex 17.0384 -21 23.1902
      vertex 17.1522 -15 23.5654
      vertex 17.0384 -15 23.1902
    endloop
  endfacet
  facet normal -0.956951 0 0.290248
    outer loop
      vertex 17.1522 -15 23.5654
      vertex 17.0384 -21 23.1902
      vertex 17.1522 -21 23.5654
    endloop
  endfacet
  facet normal 0.956951 -0 0.290248
    outer loop
      vertex 30.8478 -21 23.5654
      vertex 30.9616 -15 23.1902
      vertex 30.8478 -15 23.5654
    endloop
  endfacet
  facet normal 0.956951 0 0.290248
    outer loop
      vertex 30.9616 -15 23.1902
      vertex 30.8478 -21 23.5654
      vertex 30.9616 -21 23.1902
    endloop
  endfacet
  facet normal 0.995193 -0 0.097938
    outer loop
      vertex 30.9616 -21 23.1902
      vertex 31 -15 22.8
      vertex 30.9616 -15 23.1902
    endloop
  endfacet
  facet normal 0.995193 0 0.097938
    outer loop
      vertex 31 -15 22.8
      vertex 30.9616 -21 23.1902
      vertex 31 -21 22.8
    endloop
  endfacet
  facet normal 0.881795 -0 0.471634
    outer loop
      vertex 30.6629 -21 23.9111
      vertex 30.8478 -15 23.5654
      vertex 30.6629 -15 23.9111
    endloop
  endfacet
  facet normal 0.881795 0 0.471634
    outer loop
      vertex 30.8478 -15 23.5654
      vertex 30.6629 -21 23.9111
      vertex 30.8478 -21 23.5654
    endloop
  endfacet
  facet normal -0.194989 0 0.980806
    outer loop
      vertex 10.4236 -4 15.6978
      vertex 10.8084 -21 15.7743
      vertex 10.8084 -4 15.7743
    endloop
  endfacet
  facet normal -0.194989 0 0.980806
    outer loop
      vertex 10.8084 -21 15.7743
      vertex 10.4236 -4 15.6978
      vertex 10.4236 -21 15.6978
    endloop
  endfacet
  facet normal 0.751724 -0 0.659478
    outer loop
      vertex 38.9213 -21 14.9213
      vertex 39.1801 -4 14.6263
      vertex 38.9213 -4 14.9213
    endloop
  endfacet
  facet normal 0.751724 0 0.659478
    outer loop
      vertex 39.1801 -4 14.6263
      vertex 38.9213 -21 14.9213
      vertex 39.1801 -21 14.6263
    endloop
  endfacet
  facet normal -0.997858 0 0.0654112
    outer loop
      vertex 8.20001 -21 12.8
      vertex 8.22568 -4 13.1916
      vertex 8.20001 -4 12.8
    endloop
  endfacet
  facet normal -0.997858 0 0.0654112
    outer loop
      vertex 8.22568 -4 13.1916
      vertex 8.20001 -21 12.8
      vertex 8.22568 -21 13.1916
    endloop
  endfacet
  facet normal -1 0 0
    outer loop
      vertex 8.20001 -4.55906 9.34746
      vertex 8.20001 -4 12.8
      vertex 8.20001 -4 9.59637
    endloop
  endfacet
  facet normal -1 0 0
    outer loop
      vertex 8.20001 -5.2 9.00666
      vertex 8.20001 -4 12.8
      vertex 8.20001 -4.55906 9.34746
    endloop
  endfacet
  facet normal -1 0 0
    outer loop
      vertex 8.20001 -5.81561 8.62199
      vertex 8.20001 -4 12.8
      vertex 8.20001 -5.2 9.00666
    endloop
  endfacet
  facet normal -1 0 0
    outer loop
      vertex 8.20001 -6.40288 8.19531
      vertex 8.20001 -4 12.8
      vertex 8.20001 -5.81561 8.62199
    endloop
  endfacet
  facet normal -1 0 0
    outer loop
      vertex 8.20001 -6.95896 7.72871
      vertex 8.20001 -4 12.8
      vertex 8.20001 -6.40288 8.19531
    endloop
  endfacet
  facet normal -1 0 0
    outer loop
      vertex 8.20001 -21 12.8
      vertex 8.20001 -6.95896 7.72871
      vertex 8.20001 -7.48113 7.22445
    endloop
  endfacet
  facet normal -1 0 0
    outer loop
      vertex 8.20001 -21 12.8
      vertex 8.20001 -7.48113 7.22445
      vertex 8.20001 -7.96686 6.68499
    endloop
  endfacet
  facet normal -1 0 0
    outer loop
      vertex 8.20001 -21 12.8
      vertex 8.20001 -7.96686 6.68499
      vertex 8.20001 -8.41378 6.11297
    endloop
  endfacet
  facet normal -1 0 0
    outer loop
      vertex 8.20001 -18.7256 5
      vertex 8.20001 -8.41378 6.11297
      vertex 8.20001 -8.8197 5.51116
    endloop
  endfacet
  facet normal -1 0 0
    outer loop
      vertex 8.20001 -18.7256 5
      vertex 8.20001 -8.8197 5.51116
      vertex 8.20001 -9.11482 5
    endloop
  endfacet
  facet normal -1 -0 0
    outer loop
      vertex 8.20001 -8.41378 6.11297
      vertex 8.20001 -18.7256 5
      vertex 8.20001 -21 12.8
    endloop
  endfacet
  facet normal -1 0 0
    outer loop
      vertex 8.20001 -6.95896 7.72871
      vertex 8.20001 -21 12.8
      vertex 8.20001 -4 12.8
    endloop
  endfacet
  facet normal -1 0 0
    outer loop
      vertex 8.20001 -21 12.8
      vertex 8.20001 -18.7256 5
      vertex 8.20001 -21 0
    endloop
  endfacet
  facet normal -1 0 0
    outer loop
      vertex 8.20001 -18.7256 0
      vertex 8.20001 -21 0
      vertex 8.20001 -18.7256 5
    endloop
  endfacet
  facet normal 0.0654873 0 0.997853
    outer loop
      vertex 36.8 -4 15.8
      vertex 37.1916 -21 15.7743
      vertex 37.1916 -4 15.7743
    endloop
  endfacet
  facet normal 0.0654873 0 0.997853
    outer loop
      vertex 37.1916 -21 15.7743
      vertex 36.8 -4 15.8
      vertex 36.8 -21 15.8
    endloop
  endfacet
  facet normal 0.555523 0 0.831501
    outer loop
      vertex 38.3 -4 15.3981
      vertex 38.6263 -21 15.1801
      vertex 38.6263 -4 15.1801
    endloop
  endfacet
  facet normal 0.555523 0 0.831501
    outer loop
      vertex 38.6263 -21 15.1801
      vertex 38.3 -4 15.3981
      vertex 38.3 -21 15.3981
    endloop
  endfacet
  facet normal 0 0 1
    outer loop
      vertex 36.8 -4 15.8
      vertex 31 -15 15.8
      vertex 36.8 -21 15.8
    endloop
  endfacet
  facet normal 0 0 1
    outer loop
      vertex 36.8 -4 15.8
      vertex 17 -15 15.8
      vertex 31 -15 15.8
    endloop
  endfacet
  facet normal -0 0 1
    outer loop
      vertex 11.2 -4 15.8
      vertex 17 -15 15.8
      vertex 36.8 -4 15.8
    endloop
  endfacet
  facet normal 0 0 1
    outer loop
      vertex 11.2 -21 15.8
      vertex 17 -15 15.8
      vertex 11.2 -4 15.8
    endloop
  endfacet
  facet normal 0 0 1
    outer loop
      vertex 17 -15 15.8
      vertex 11.2 -21 15.8
      vertex 17 -21 15.8
    endloop
  endfacet
  facet normal 0 0 1
    outer loop
      vertex 36.8 -21 15.8
      vertex 31 -15 15.8
      vertex 31 -21 15.8
    endloop
  endfacet
  facet normal 1 0 0
    outer loop
      vertex 39.8 -4 12.8
      vertex 39.8 -4.55906 9.34746
      vertex 39.8 -4 9.59637
    endloop
  endfacet
  facet normal 1 0 0
    outer loop
      vertex 39.8 -4 12.8
      vertex 39.8 -5.2 9.00666
      vertex 39.8 -4.55906 9.34746
    endloop
  endfacet
  facet normal 1 0 0
    outer loop
      vertex 39.8 -4 12.8
      vertex 39.8 -5.81561 8.62199
      vertex 39.8 -5.2 9.00666
    endloop
  endfacet
  facet normal 1 0 0
    outer loop
      vertex 39.8 -4 12.8
      vertex 39.8 -6.40288 8.19531
      vertex 39.8 -5.81561 8.62199
    endloop
  endfacet
  facet normal 1 0 0
    outer loop
      vertex 39.8 -4 12.8
      vertex 39.8 -6.95896 7.72871
      vertex 39.8 -6.40288 8.19531
    endloop
  endfacet
  facet normal 1 -0 0
    outer loop
      vertex 39.8 -21 12.8
      vertex 39.8 -6.95896 7.72871
      vertex 39.8 -4 12.8
    endloop
  endfacet
  facet normal 1 0 0
    outer loop
      vertex 39.8 -6.95896 7.72871
      vertex 39.8 -21 12.8
      vertex 39.8 -7.48113 7.22445
    endloop
  endfacet
  facet normal 1 0 0
    outer loop
      vertex 39.8 -7.48113 7.22445
      vertex 39.8 -21 12.8
      vertex 39.8 -7.96686 6.68499
    endloop
  endfacet
  facet normal 1 0 0
    outer loop
      vertex 39.8 -7.96686 6.68499
      vertex 39.8 -21 12.8
      vertex 39.8 -8.41378 6.11297
    endloop
  endfacet
  facet normal 1 0 0
    outer loop
      vertex 39.8 -8.41378 6.11297
      vertex 39.8 -21 12.8
      vertex 39.8 -8.8197 5.51116
    endloop
  endfacet
  facet normal 1 0 0
    outer loop
      vertex 39.8 -21 12.8
      vertex 39.8 -9.18265 4.8825
      vertex 39.8 -8.8197 5.51116
    endloop
  endfacet
  facet normal 1 0 0
    outer loop
      vertex 39.8 -21 12.8
      vertex 39.8 -9.50087 4.23006
      vertex 39.8 -9.18265 4.8825
    endloop
  endfacet
  facet normal 1 0 0
    outer loop
      vertex 39.8 -21 12.8
      vertex 39.8 -9.7728 3.55701
      vertex 39.8 -9.50087 4.23006
    endloop
  endfacet
  facet normal 1 0 0
    outer loop
      vertex 39.8 -21 0
      vertex 39.8 -9.7728 3.55701
      vertex 39.8 -21 12.8
    endloop
  endfacet
  facet normal 1 0 0
    outer loop
      vertex 39.8 -9.7728 3.55701
      vertex 39.8 -21 0
      vertex 39.8 -9.99712 2.86663
    endloop
  endfacet
  facet normal 1 0 0
    outer loop
      vertex 39.8 -9.99712 2.86663
      vertex 39.8 -21 0
      vertex 39.8 -10.1727 2.16228
    endloop
  endfacet
  facet normal 1 0 0
    outer loop
      vertex 39.8 -10.1727 2.16228
      vertex 39.8 -21 0
      vertex 39.8 -10.2988 1.4474
    endloop
  endfacet
  facet normal 1 0 0
    outer loop
      vertex 39.8 -10.2988 1.4474
      vertex 39.8 -21 0
      vertex 39.8 -10.3747 0.725467
    endloop
  endfacet
  facet normal 1 0 0
    outer loop
      vertex 39.8 -10.3747 0.725467
      vertex 39.8 -21 0
      vertex 39.8 -10.4 0
    endloop
  endfacet
  facet normal -0.555547 0 0.831485
    outer loop
      vertex 9.37373 -4 15.1801
      vertex 9.70001 -21 15.3981
      vertex 9.70001 -4 15.3981
    endloop
  endfacet
  facet normal -0.555547 0 0.831485
    outer loop
      vertex 9.70001 -21 15.3981
      vertex 9.37373 -4 15.1801
      vertex 9.37373 -21 15.1801
    endloop
  endfacet
  facet normal 0 1 0
    outer loop
      vertex 39.8 -4 12.8
      vertex 36.8 -4 15.8
      vertex 37.1916 -4 15.7743
    endloop
  endfacet
  facet normal 0 1 0
    outer loop
      vertex 36.8 -4 15.8
      vertex 39.8 -4 9.59637
      vertex 11.2 -4 15.8
    endloop
  endfacet
  facet normal 0 1 0
    outer loop
      vertex 39.8 -4 12.8
      vertex 37.1916 -4 15.7743
      vertex 37.5764 -4 15.6978
    endloop
  endfacet
  facet normal 0 1 0
    outer loop
      vertex 8.20001 -4 9.59637
      vertex 11.2 -4 15.8
      vertex 39.8 -4 9.59637
    endloop
  endfacet
  facet normal 0 1 0
    outer loop
      vertex 39.8 -4 12.8
      vertex 37.5764 -4 15.6978
      vertex 37.948 -4 15.5716
    endloop
  endfacet
  facet normal -0 1 0
    outer loop
      vertex 8.20001 -4 12.8
      vertex 11.2 -4 15.8
      vertex 8.20001 -4 9.59637
    endloop
  endfacet
  facet normal 0 1 0
    outer loop
      vertex 39.8 -4 12.8
      vertex 37.948 -4 15.5716
      vertex 38.3 -4 15.3981
    endloop
  endfacet
  facet normal 0 1 0
    outer loop
      vertex 11.2 -4 15.8
      vertex 8.20001 -4 12.8
      vertex 10.8084 -4 15.7743
    endloop
  endfacet
  facet normal 0 1 0
    outer loop
      vertex 39.8 -4 12.8
      vertex 38.3 -4 15.3981
      vertex 38.6263 -4 15.1801
    endloop
  endfacet
  facet normal 0 1 0
    outer loop
      vertex 10.8084 -4 15.7743
      vertex 8.20001 -4 12.8
      vertex 10.4236 -4 15.6978
    endloop
  endfacet
  facet normal 0 1 0
    outer loop
      vertex 39.8 -4 12.8
      vertex 38.6263 -4 15.1801
      vertex 38.9213 -4 14.9213
    endloop
  endfacet
  facet normal 0 1 0
    outer loop
      vertex 10.4236 -4 15.6978
      vertex 8.20001 -4 12.8
      vertex 10.052 -4 15.5716
    endloop
  endfacet
  facet normal 0 1 0
    outer loop
      vertex 39.8 -4 12.8
      vertex 38.9213 -4 14.9213
      vertex 39.1801 -4 14.6263
    endloop
  endfacet
  facet normal 0 1 0
    outer loop
      vertex 10.052 -4 15.5716
      vertex 8.20001 -4 12.8
      vertex 9.70001 -4 15.3981
    endloop
  endfacet
  facet normal 0 1 0
    outer loop
      vertex 39.8 -4 12.8
      vertex 39.1801 -4 14.6263
      vertex 39.3981 -4 14.3
    endloop
  endfacet
  facet normal 0 1 0
    outer loop
      vertex 9.70001 -4 15.3981
      vertex 8.20001 -4 12.8
      vertex 9.37373 -4 15.1801
    endloop
  endfacet
  facet normal 0 1 0
    outer loop
      vertex 39.8 -4 12.8
      vertex 39.3981 -4 14.3
      vertex 39.5716 -4 13.948
    endloop
  endfacet
  facet normal 0 1 0
    outer loop
      vertex 9.37373 -4 15.1801
      vertex 8.20001 -4 12.8
      vertex 9.07869 -4 14.9213
    endloop
  endfacet
  facet normal 0 1 0
    outer loop
      vertex 39.8 -4 12.8
      vertex 39.5716 -4 13.948
      vertex 39.6978 -4 13.5764
    endloop
  endfacet
  facet normal 0 1 0
    outer loop
      vertex 36.8 -4 15.8
      vertex 39.8 -4 12.8
      vertex 39.8 -4 9.59637
    endloop
  endfacet
  facet normal 0 1 0
    outer loop
      vertex 39.8 -4 12.8
      vertex 39.6978 -4 13.5764
      vertex 39.7743 -4 13.1916
    endloop
  endfacet
  facet normal 0 1 0
    outer loop
      vertex 9.07869 -4 14.9213
      vertex 8.20001 -4 12.8
      vertex 8.81995 -4 14.6263
    endloop
  endfacet
  facet normal 0 1 0
    outer loop
      vertex 8.42838 -4 13.948
      vertex 8.20001 -4 12.8
      vertex 8.30223 -4 13.5764
    endloop
  endfacet
  facet normal 0 1 0
    outer loop
      vertex 8.30223 -4 13.5764
      vertex 8.20001 -4 12.8
      vertex 8.22568 -4 13.1916
    endloop
  endfacet
  facet normal 0 1 0
    outer loop
      vertex 8.81995 -4 14.6263
      vertex 8.20001 -4 12.8
      vertex 8.60193 -4 14.3
    endloop
  endfacet
  facet normal 0 1 0
    outer loop
      vertex 8.60193 -4 14.3
      vertex 8.20001 -4 12.8
      vertex 8.42838 -4 13.948
    endloop
  endfacet
  facet normal 0.44211 0 0.896961
    outer loop
      vertex 37.948 -4 15.5716
      vertex 38.3 -21 15.3981
      vertex 38.3 -4 15.3981
    endloop
  endfacet
  facet normal 0.44211 0 0.896961
    outer loop
      vertex 38.3 -21 15.3981
      vertex 37.948 -4 15.5716
      vertex 37.948 -21 15.5716
    endloop
  endfacet
  facet normal 0.321574 0 0.946885
    outer loop
      vertex 37.5764 -4 15.6978
      vertex 37.948 -21 15.5716
      vertex 37.948 -4 15.5716
    endloop
  endfacet
  facet normal 0.321574 0 0.946885
    outer loop
      vertex 37.948 -21 15.5716
      vertex 37.5764 -4 15.6978
      vertex 37.5764 -21 15.6978
    endloop
  endfacet
  facet normal -0.0654873 0 0.997853
    outer loop
      vertex 10.8084 -4 15.7743
      vertex 11.2 -21 15.8
      vertex 11.2 -4 15.8
    endloop
  endfacet
  facet normal -0.0654873 0 0.997853
    outer loop
      vertex 11.2 -21 15.8
      vertex 10.8084 -4 15.7743
      vertex 10.8084 -21 15.7743
    endloop
  endfacet
  facet normal 0.831501 -0 0.555523
    outer loop
      vertex 39.1801 -21 14.6263
      vertex 39.3981 -4 14.3
      vertex 39.1801 -4 14.6263
    endloop
  endfacet
  facet normal 0.831501 0 0.555523
    outer loop
      vertex 39.3981 -4 14.3
      vertex 39.1801 -21 14.6263
      vertex 39.3981 -21 14.3
    endloop
  endfacet
  facet normal -0.44212 0 0.896956
    outer loop
      vertex 9.70001 -4 15.3981
      vertex 10.052 -21 15.5716
      vertex 10.052 -4 15.5716
    endloop
  endfacet
  facet normal -0.44212 0 0.896956
    outer loop
      vertex 10.052 -21 15.5716
      vertex 9.70001 -4 15.3981
      vertex 9.70001 -21 15.3981
    endloop
  endfacet
  facet normal -0.321574 0 0.946885
    outer loop
      vertex 10.052 -4 15.5716
      vertex 10.4236 -21 15.6978
      vertex 10.4236 -4 15.6978
    endloop
  endfacet
  facet normal -0.321574 0 0.946885
    outer loop
      vertex 10.4236 -21 15.6978
      vertex 10.052 -4 15.5716
      vertex 10.052 -21 15.5716
    endloop
  endfacet
  facet normal -0.751799 0 0.659392
    outer loop
      vertex 8.81995 -21 14.6263
      vertex 9.07869 -4 14.9213
      vertex 8.81995 -4 14.6263
    endloop
  endfacet
  facet normal -0.751799 0 0.659392
    outer loop
      vertex 9.07869 -4 14.9213
      vertex 8.81995 -21 14.6263
      vertex 9.07869 -21 14.9213
    endloop
  endfacet
  facet normal -0.831477 0 0.555558
    outer loop
      vertex 8.60193 -21 14.3
      vertex 8.81995 -4 14.6263
      vertex 8.60193 -4 14.3
    endloop
  endfacet
  facet normal -0.831477 0 0.555558
    outer loop
      vertex 8.81995 -4 14.6263
      vertex 8.60193 -21 14.3
      vertex 8.81995 -21 14.6263
    endloop
  endfacet
  facet normal -0.980781 0 0.195111
    outer loop
      vertex 8.22568 -21 13.1916
      vertex 8.30223 -4 13.5764
      vertex 8.22568 -4 13.1916
    endloop
  endfacet
  facet normal -0.980781 0 0.195111
    outer loop
      vertex 8.30223 -4 13.5764
      vertex 8.22568 -21 13.1916
      vertex 8.30223 -21 13.5764
    endloop
  endfacet
  facet normal 0.980806 -0 0.194989
    outer loop
      vertex 39.6978 -21 13.5764
      vertex 39.7743 -4 13.1916
      vertex 39.6978 -4 13.5764
    endloop
  endfacet
  facet normal 0.980806 0 0.194989
    outer loop
      vertex 39.7743 -4 13.1916
      vertex 39.6978 -21 13.5764
      vertex 39.7743 -21 13.1916
    endloop
  endfacet
  facet normal 0.946885 -0 0.321574
    outer loop
      vertex 39.5716 -21 13.948
      vertex 39.6978 -4 13.5764
      vertex 39.5716 -4 13.948
    endloop
  endfacet
  facet normal 0.946885 0 0.321574
    outer loop
      vertex 39.6978 -4 13.5764
      vertex 39.5716 -21 13.948
      vertex 39.6978 -21 13.5764
    endloop
  endfacet
  facet normal -0.659428 0 0.751768
    outer loop
      vertex 9.07869 -4 14.9213
      vertex 9.37373 -21 15.1801
      vertex 9.37373 -4 15.1801
    endloop
  endfacet
  facet normal -0.659428 0 0.751768
    outer loop
      vertex 9.37373 -21 15.1801
      vertex 9.07869 -4 14.9213
      vertex 9.07869 -21 14.9213
    endloop
  endfacet
  facet normal -0.89691 0 0.442212
    outer loop
      vertex 8.42838 -21 13.948
      vertex 8.60193 -4 14.3
      vertex 8.42838 -4 13.948
    endloop
  endfacet
  facet normal -0.89691 0 0.442212
    outer loop
      vertex 8.60193 -4 14.3
      vertex 8.42838 -21 13.948
      vertex 8.60193 -21 14.3
    endloop
  endfacet
  facet normal -0.946923 0 0.32146
    outer loop
      vertex 8.30223 -21 13.5764
      vertex 8.42838 -4 13.948
      vertex 8.30223 -4 13.5764
    endloop
  endfacet
  facet normal -0.946923 0 0.32146
    outer loop
      vertex 8.42838 -4 13.948
      vertex 8.30223 -21 13.5764
      vertex 8.42838 -21 13.948
    endloop
  endfacet
  facet normal 0.659478 0 0.751724
    outer loop
      vertex 38.6263 -4 15.1801
      vertex 38.9213 -21 14.9213
      vertex 38.9213 -4 14.9213
    endloop
  endfacet
  facet normal 0.659478 0 0.751724
    outer loop
      vertex 38.9213 -21 14.9213
      vertex 38.6263 -4 15.1801
      vertex 38.6263 -21 15.1801
    endloop
  endfacet
  facet normal 0.194989 0 0.980806
    outer loop
      vertex 37.1916 -4 15.7743
      vertex 37.5764 -21 15.6978
      vertex 37.5764 -4 15.6978
    endloop
  endfacet
  facet normal 0.194989 0 0.980806
    outer loop
      vertex 37.5764 -21 15.6978
      vertex 37.1916 -4 15.7743
      vertex 37.1916 -21 15.7743
    endloop
  endfacet
  facet normal 0.896961 -0 0.44211
    outer loop
      vertex 39.3981 -21 14.3
      vertex 39.5716 -4 13.948
      vertex 39.3981 -4 14.3
    endloop
  endfacet
  facet normal 0.896961 0 0.44211
    outer loop
      vertex 39.5716 -4 13.948
      vertex 39.3981 -21 14.3
      vertex 39.5716 -21 13.948
    endloop
  endfacet
  facet normal 0.997853 -0 0.0654873
    outer loop
      vertex 39.7743 -21 13.1916
      vertex 39.8 -4 12.8
      vertex 39.7743 -4 13.1916
    endloop
  endfacet
  facet normal 0.997853 0 0.0654873
    outer loop
      vertex 39.8 -4 12.8
      vertex 39.7743 -21 13.1916
      vertex 39.8 -21 12.8
    endloop
  endfacet
  facet normal 0.558057 0.103785 0.823287
    outer loop
      vertex 61.1653 12.8 10.7719
      vertex 60.8247 13.1742 10.9556
      vertex 60.8431 12.8 10.9903
    endloop
  endfacet
  facet normal -0.348757 -0.666944 0.658449
    outer loop
      vertex 59.5186 11.4623 10.5
      vertex 59.461 11.742 10.7528
      vertex 59.3637 11.5433 10.5
    endloop
  endfacet
  facet normal -0.349431 -0.666848 0.658188
    outer loop
      vertex 59.461 11.742 10.7528
      vertex 59.5186 11.4623 10.5
      vertex 59.5542 11.4623 10.5189
    endloop
  endfacet
  facet normal 0.218267 0.807491 0.548012
    outer loop
      vertex 60.4741 14.1377 10.5
      vertex 60.3054 14.1833 10.5
      vertex 60.3222 14.1377 10.5605
    endloop
  endfacet
  facet normal 0.418199 0.666869 0.616762
    outer loop
      vertex 60.7315 13.9996 10.5
      vertex 60.5832 14.0926 10.5
      vertex 60.6821 13.858 10.6866
    endloop
  endfacet
  facet normal -0.643692 -0.104105 0.758171
    outer loop
      vertex 58.9899 12.8 10.8898
      vertex 58.6932 12.8 10.6379
      vertex 58.7218 12.4258 10.6108
    endloop
  endfacet
  facet normal 0.532882 -0.667978 0.519463
    outer loop
      vertex 60.9427 11.742 10.5099
      vertex 60.9343 11.7276 10.5
      vertex 60.9432 11.7347 10.5
    endloop
  endfacet
  facet normal -0.0514952 -0.307478 0.950161
    outer loop
      vertex 60.0953 12.4258 11.1581
      vertex 59.7152 12.4258 11.1375
      vertex 59.734 12.0679 11.0227
    endloop
  endfacet
  facet normal -0.445654 0.307269 0.84082
    outer loop
      vertex 59.3913 13.5321 10.9276
      vertex 59.0119 13.1742 10.8573
      vertex 59.3483 13.1742 11.0356
    endloop
  endfacet
  facet normal -0.689805 0.497157 0.526312
    outer loop
      vertex 58.8387 13.6098 10.5
      vertex 58.7827 13.5321 10.5
      vertex 58.8062 13.5321 10.5308
    endloop
  endfacet
  facet normal -0.349431 0.666848 0.658188
    outer loop
      vertex 59.5186 14.1377 10.5
      vertex 59.461 13.858 10.7528
      vertex 59.5542 14.1377 10.5189
    endloop
  endfacet
  facet normal -0.349158 0.666887 0.658294
    outer loop
      vertex 59.461 13.858 10.7528
      vertex 59.5186 14.1377 10.5
      vertex 59.3637 14.0566 10.5
    endloop
  endfacet
  facet normal 0.722052 0.102905 0.684143
    outer loop
      vertex 61.1398 13.1742 10.7419
      vertex 61.375 13.1321 10.5
      vertex 61.369 13.1742 10.5
    endloop
  endfacet
  facet normal 0.722064 0.104039 0.683958
    outer loop
      vertex 61.375 13.1321 10.5
      vertex 61.1398 13.1742 10.7419
      vertex 61.1653 12.8 10.7719
    endloop
  endfacet
  facet normal -0.445654 -0.307269 0.84082
    outer loop
      vertex 59.3483 12.4258 11.0356
      vertex 59.0119 12.4258 10.8573
      vertex 59.3913 12.0679 10.9276
    endloop
  endfacet
  facet normal -0.643692 0.104105 0.758171
    outer loop
      vertex 58.7218 13.1742 10.6108
      vertex 58.6932 12.8 10.6379
      vertex 58.9899 12.8 10.8898
    endloop
  endfacet
  facet normal 0.36807 0.104008 0.923963
    outer loop
      vertex 60.8247 13.1742 10.9556
      vertex 60.471 13.1742 11.0965
      vertex 60.4816 12.8 11.1344
    endloop
  endfacet
  facet normal 0.486765 -0.49769 0.717889
    outer loop
      vertex 60.7702 12.0679 10.8528
      vertex 60.6821 11.742 10.6866
      vertex 60.9427 11.742 10.5099
    endloop
  endfacet
  facet normal 0.160922 -0.104024 0.98147
    outer loop
      vertex 60.0975 12.8 11.1974
      vertex 60.0953 12.4258 11.1581
      vertex 60.471 12.4258 11.0965
    endloop
  endfacet
  facet normal 0.533952 -0.307335 0.78768
    outer loop
      vertex 61.1398 12.4258 10.7419
      vertex 60.7702 12.0679 10.8528
      vertex 61.0645 12.0679 10.6533
    endloop
  endfacet
  facet normal -0.0404744 0.666774 0.74416
    outer loop
      vertex 59.8051 14.1377 10.5886
      vertex 59.7644 13.858 10.837
      vertex 60.0788 13.858 10.8541
    endloop
  endfacet
  facet normal 0.14019 0.49758 0.856014
    outer loop
      vertex 60.3896 13.858 10.8032
      vertex 60.0788 13.858 10.8541
      vertex 60.4399 13.5321 10.9844
    endloop
  endfacet
  facet normal -0.561353 -0.497764 0.661146
    outer loop
      vertex 59.0772 12.0679 10.761
      vertex 58.8387 11.9902 10.5
      vertex 58.9796 11.8313 10.5
    endloop
  endfacet
  facet normal -0.561746 -0.497105 0.661308
    outer loop
      vertex 58.8387 11.9902 10.5
      vertex 59.0772 12.0679 10.761
      vertex 58.8062 12.0679 10.5308
    endloop
  endfacet
  facet normal -0.756781 0.306389 0.577414
    outer loop
      vertex 58.7827 13.5321 10.5
      vertex 58.7627 13.4827 10.5
      vertex 58.8062 13.5321 10.5308
    endloop
  endfacet
  facet normal -0.199296 0.666765 0.718127
    outer loop
      vertex 59.8051 14.1377 10.5886
      vertex 59.461 13.858 10.7528
      vertex 59.7644 13.858 10.837
    endloop
  endfacet
  facet normal 0.533952 0.307335 0.78768
    outer loop
      vertex 61.0645 13.5321 10.6533
      vertex 60.7702 13.5321 10.8528
      vertex 61.1398 13.1742 10.7419
    endloop
  endfacet
  facet normal 0.275744 0.667001 0.692152
    outer loop
      vertex 60.4741 14.1377 10.5
      vertex 60.3896 13.858 10.8032
      vertex 60.5457 14.1081 10.5
    endloop
  endfacet
  facet normal 0.275678 0.667025 0.692156
    outer loop
      vertex 60.3896 13.858 10.8032
      vertex 60.4741 14.1377 10.5
      vertex 60.3222 14.1377 10.5605
    endloop
  endfacet
  facet normal -0.644028 -0.103692 0.757942
    outer loop
      vertex 58.9899 12.8 10.8898
      vertex 58.7218 12.4258 10.6108
      vertex 59.0119 12.4258 10.8573
    endloop
  endfacet
  facet normal 0.418691 0.667535 0.615707
    outer loop
      vertex 60.7315 13.9996 10.5
      vertex 60.9427 13.858 10.5099
      vertex 60.9343 13.8724 10.5
    endloop
  endfacet
  facet normal 0.418196 0.666871 0.616762
    outer loop
      vertex 60.9427 13.858 10.5099
      vertex 60.7315 13.9996 10.5
      vertex 60.6821 13.858 10.6866
    endloop
  endfacet
  facet normal 0.532882 0.667978 0.519463
    outer loop
      vertex 60.9432 13.8653 10.5
      vertex 60.9343 13.8724 10.5
      vertex 60.9427 13.858 10.5099
    endloop
  endfacet
  facet normal 0.722139 -0.103939 0.683894
    outer loop
      vertex 61.4228 12.8 10.5
      vertex 61.1653 12.8 10.7719
      vertex 61.375 12.4679 10.5
    endloop
  endfacet
  facet normal 0.690801 0.307357 0.654466
    outer loop
      vertex 61.1398 13.1742 10.7419
      vertex 61.3397 13.24 10.5
      vertex 61.0645 13.5321 10.6533
    endloop
  endfacet
  facet normal 0.690718 0.307569 0.654454
    outer loop
      vertex 61.3397 13.24 10.5
      vertex 61.1398 13.1742 10.7419
      vertex 61.369 13.1742 10.5
    endloop
  endfacet
  facet normal 0.16098 -0.103966 0.981467
    outer loop
      vertex 60.4816 12.8 11.1344
      vertex 60.0975 12.8 11.1974
      vertex 60.471 12.4258 11.0965
    endloop
  endfacet
  facet normal 0.368283 0.103784 0.923903
    outer loop
      vertex 60.8247 13.1742 10.9556
      vertex 60.4816 12.8 11.1344
      vertex 60.8431 12.8 10.9903
    endloop
  endfacet
  facet normal 0.690857 0.307468 0.654354
    outer loop
      vertex 61.2097 13.5321 10.5
      vertex 61.0645 13.5321 10.6533
      vertex 61.3397 13.24 10.5
    endloop
  endfacet
  facet normal 0.154142 0.307329 0.939036
    outer loop
      vertex 60.4399 13.5321 10.9844
      vertex 60.089 13.5321 11.042
      vertex 60.0953 13.1742 11.1581
    endloop
  endfacet
  facet normal -0.616029 -0.307529 0.725213
    outer loop
      vertex 59.0119 12.4258 10.8573
      vertex 58.8062 12.0679 10.5308
      vertex 59.0772 12.0679 10.761
    endloop
  endfacet
  facet normal -0.254444 -0.307473 0.916907
    outer loop
      vertex 59.7152 12.4258 11.1375
      vertex 59.3913 12.0679 10.9276
      vertex 59.734 12.0679 11.0227
    endloop
  endfacet
  facet normal -0.266033 0.104042 0.958333
    outer loop
      vertex 59.3483 13.1742 11.0356
      vertex 59.3338 12.8 11.0722
      vertex 59.7088 12.8 11.1763
    endloop
  endfacet
  facet normal -0.616029 0.307529 0.725213
    outer loop
      vertex 59.0772 13.5321 10.761
      vertex 58.8062 13.5321 10.5308
      vertex 59.0119 13.1742 10.8573
    endloop
  endfacet
  facet normal -0.0471005 0.49784 0.865989
    outer loop
      vertex 59.7644 13.858 10.837
      vertex 59.734 13.5321 11.0227
      vertex 60.0788 13.858 10.8541
    endloop
  endfacet
  facet normal -0.275822 0.808704 0.519538
    outer loop
      vertex 59.5617 14.1524 10.5
      vertex 59.5186 14.1377 10.5
      vertex 59.5542 14.1377 10.5189
    endloop
  endfacet
  facet normal -0.406403 0.497747 0.766214
    outer loop
      vertex 59.1828 13.858 10.6053
      vertex 59.0772 13.5321 10.761
      vertex 59.3913 13.5321 10.9276
    endloop
  endfacet
  facet normal -0.231922 0.497832 0.835689
    outer loop
      vertex 59.461 13.858 10.7528
      vertex 59.3913 13.5321 10.9276
      vertex 59.7644 13.858 10.837
    endloop
  endfacet
  facet normal -0.199455 0.666875 0.71798
    outer loop
      vertex 59.5542 14.1377 10.5189
      vertex 59.461 13.858 10.7528
      vertex 59.8051 14.1377 10.5886
    endloop
  endfacet
  facet normal 0.120413 0.667009 0.735255
    outer loop
      vertex 60.3222 14.1377 10.5605
      vertex 60.0788 13.858 10.8541
      vertex 60.3896 13.858 10.8032
    endloop
  endfacet
  facet normal 0.153961 0.307492 0.939013
    outer loop
      vertex 60.4399 13.5321 10.9844
      vertex 60.0953 13.1742 11.1581
      vertex 60.471 13.1742 11.0965
    endloop
  endfacet
  facet normal 0.486765 0.49769 0.717889
    outer loop
      vertex 60.9427 13.858 10.5099
      vertex 60.6821 13.858 10.6866
      vertex 60.7702 13.5321 10.8528
    endloop
  endfacet
  facet normal 0.629784 -0.497544 0.596508
    outer loop
      vertex 61.2097 12.0679 10.5
      vertex 61.0645 12.0679 10.6533
      vertex 61.1036 11.9336 10.5
    endloop
  endfacet
  facet normal 0.629472 -0.497783 0.596638
    outer loop
      vertex 60.9427 11.742 10.5099
      vertex 61.1036 11.9336 10.5
      vertex 61.0645 12.0679 10.6533
    endloop
  endfacet
  facet normal 0.629097 -0.497433 0.597325
    outer loop
      vertex 61.1036 11.9336 10.5
      vertex 60.9427 11.742 10.5099
      vertex 60.9521 11.742 10.5
    endloop
  endfacet
  facet normal 0.722139 0.103939 0.683894
    outer loop
      vertex 61.375 13.1321 10.5
      vertex 61.1653 12.8 10.7719
      vertex 61.4228 12.8 10.5
    endloop
  endfacet
  facet normal 0.14019 -0.49758 0.856014
    outer loop
      vertex 60.4399 12.0679 10.9844
      vertex 60.0788 11.742 10.8541
      vertex 60.3896 11.742 10.8032
    endloop
  endfacet
  facet normal 0.352148 -0.307481 0.883995
    outer loop
      vertex 60.471 12.4258 11.0965
      vertex 60.4399 12.0679 10.9844
      vertex 60.8247 12.4258 10.9556
    endloop
  endfacet
  facet normal 0.160922 0.104024 0.98147
    outer loop
      vertex 60.471 13.1742 11.0965
      vertex 60.0953 13.1742 11.1581
      vertex 60.0975 12.8 11.1974
    endloop
  endfacet
  facet normal 0.16098 0.103966 0.981467
    outer loop
      vertex 60.471 13.1742 11.0965
      vertex 60.0975 12.8 11.1974
      vertex 60.4816 12.8 11.1344
    endloop
  endfacet
  facet normal 0.558057 -0.103785 0.823287
    outer loop
      vertex 60.8431 12.8 10.9903
      vertex 60.8247 12.4258 10.9556
      vertex 61.1653 12.8 10.7719
    endloop
  endfacet
  facet normal 0.368283 -0.103784 0.923903
    outer loop
      vertex 60.8431 12.8 10.9903
      vertex 60.4816 12.8 11.1344
      vertex 60.8247 12.4258 10.9556
    endloop
  endfacet
  facet normal 0.418196 -0.666871 0.616762
    outer loop
      vertex 60.7315 11.6004 10.5
      vertex 60.9427 11.742 10.5099
      vertex 60.6821 11.742 10.6866
    endloop
  endfacet
  facet normal 0.418691 -0.667535 0.615707
    outer loop
      vertex 60.9427 11.742 10.5099
      vertex 60.7315 11.6004 10.5
      vertex 60.9343 11.7276 10.5
    endloop
  endfacet
  facet normal -0.445864 -0.307533 0.840612
    outer loop
      vertex 59.3913 12.0679 10.9276
      vertex 59.0119 12.4258 10.8573
      vertex 59.0772 12.0679 10.761
    endloop
  endfacet
  facet normal 0.534089 0.307528 0.787512
    outer loop
      vertex 61.1398 13.1742 10.7419
      vertex 60.7702 13.5321 10.8528
      vertex 60.8247 13.1742 10.9556
    endloop
  endfacet
  facet normal 0.558244 0.104033 0.823129
    outer loop
      vertex 61.1398 13.1742 10.7419
      vertex 60.8247 13.1742 10.9556
      vertex 61.1653 12.8 10.7719
    endloop
  endfacet
  facet normal -0.756781 -0.306389 0.577414
    outer loop
      vertex 58.8062 12.0679 10.5308
      vertex 58.7627 12.1173 10.5
      vertex 58.7827 12.0679 10.5
    endloop
  endfacet
  facet normal -0.689805 -0.497157 0.526312
    outer loop
      vertex 58.8062 12.0679 10.5308
      vertex 58.7827 12.0679 10.5
      vertex 58.8387 11.9902 10.5
    endloop
  endfacet
  facet normal -0.0514952 0.307478 0.950161
    outer loop
      vertex 59.734 13.5321 11.0227
      vertex 59.7152 13.1742 11.1375
      vertex 60.0953 13.1742 11.1581
    endloop
  endfacet
  facet normal -0.0470811 0.497824 0.865999
    outer loop
      vertex 60.0788 13.858 10.8541
      vertex 59.734 13.5321 11.0227
      vertex 60.089 13.5321 11.042
    endloop
  endfacet
  facet normal 0.140483 0.497828 0.855823
    outer loop
      vertex 60.4399 13.5321 10.9844
      vertex 60.0788 13.858 10.8541
      vertex 60.089 13.5321 11.042
    endloop
  endfacet
  facet normal -0.0538235 0.103985 0.993121
    outer loop
      vertex 60.0953 13.1742 11.1581
      vertex 59.7152 13.1742 11.1375
      vertex 60.0975 12.8 11.1974
    endloop
  endfacet
  facet normal -0.482296 0.666954 0.567946
    outer loop
      vertex 59.2542 13.9993 10.5
      vertex 59.0588 13.858 10.5
      vertex 59.1828 13.858 10.6053
    endloop
  endfacet
  facet normal -0.445864 0.307533 0.840612
    outer loop
      vertex 59.0772 13.5321 10.761
      vertex 59.0119 13.1742 10.8573
      vertex 59.3913 13.5321 10.9276
    endloop
  endfacet
  facet normal 0.629097 0.497433 0.597325
    outer loop
      vertex 60.9427 13.858 10.5099
      vertex 61.1036 13.6664 10.5
      vertex 60.9521 13.858 10.5
    endloop
  endfacet
  facet normal 0.629472 0.497783 0.596638
    outer loop
      vertex 61.1036 13.6664 10.5
      vertex 60.9427 13.858 10.5099
      vertex 61.0645 13.5321 10.6533
    endloop
  endfacet
  facet normal 0.486656 0.497769 0.717909
    outer loop
      vertex 60.9427 13.858 10.5099
      vertex 60.7702 13.5321 10.8528
      vertex 61.0645 13.5321 10.6533
    endloop
  endfacet
  facet normal 0.543291 -0.662368 0.515852
    outer loop
      vertex 60.9521 11.742 10.5
      vertex 60.9427 11.742 10.5099
      vertex 60.9432 11.7347 10.5
    endloop
  endfacet
  facet normal 0.352192 -0.307532 0.88396
    outer loop
      vertex 60.8247 12.4258 10.9556
      vertex 60.4399 12.0679 10.9844
      vertex 60.7702 12.0679 10.8528
    endloop
  endfacet
  facet normal -0.0403376 0.66685 0.744099
    outer loop
      vertex 60.0652 14.1377 10.6027
      vertex 59.8051 14.1377 10.5886
      vertex 60.0788 13.858 10.8541
    endloop
  endfacet
  facet normal 0.120748 0.66683 0.735362
    outer loop
      vertex 60.3222 14.1377 10.5605
      vertex 60.0652 14.1377 10.6027
      vertex 60.0788 13.858 10.8541
    endloop
  endfacet
  facet normal 0.275703 0.667022 0.692148
    outer loop
      vertex 60.3896 13.858 10.8032
      vertex 60.5832 14.0926 10.5
      vertex 60.5457 14.1081 10.5
    endloop
  endfacet
  facet normal 0.275929 0.666887 0.692188
    outer loop
      vertex 60.5832 14.0926 10.5
      vertex 60.3896 13.858 10.8032
      vertex 60.6821 13.858 10.6866
    endloop
  endfacet
  facet normal 0.629784 0.497544 0.596508
    outer loop
      vertex 61.1036 13.6664 10.5
      vertex 61.0645 13.5321 10.6533
      vertex 61.2097 13.5321 10.5
    endloop
  endfacet
  facet normal 0.36807 -0.104008 0.923963
    outer loop
      vertex 60.4816 12.8 11.1344
      vertex 60.471 12.4258 11.0965
      vertex 60.8247 12.4258 10.9556
    endloop
  endfacet
  facet normal 0.486656 -0.497769 0.717909
    outer loop
      vertex 61.0645 12.0679 10.6533
      vertex 60.7702 12.0679 10.8528
      vertex 60.9427 11.742 10.5099
    endloop
  endfacet
  facet normal 0.690718 -0.307569 0.654454
    outer loop
      vertex 61.1398 12.4258 10.7419
      vertex 61.3397 12.36 10.5
      vertex 61.369 12.4258 10.5
    endloop
  endfacet
  facet normal 0.690801 -0.307357 0.654466
    outer loop
      vertex 61.3397 12.36 10.5
      vertex 61.1398 12.4258 10.7419
      vertex 61.0645 12.0679 10.6533
    endloop
  endfacet
  facet normal 0.722064 -0.104039 0.683958
    outer loop
      vertex 61.1398 12.4258 10.7419
      vertex 61.375 12.4679 10.5
      vertex 61.1653 12.8 10.7719
    endloop
  endfacet
  facet normal 0.722052 -0.102905 0.684143
    outer loop
      vertex 61.375 12.4679 10.5
      vertex 61.1398 12.4258 10.7419
      vertex 61.369 12.4258 10.5
    endloop
  endfacet
  facet normal 0.352148 0.307481 0.883995
    outer loop
      vertex 60.8247 13.1742 10.9556
      vertex 60.4399 13.5321 10.9844
      vertex 60.471 13.1742 11.0965
    endloop
  endfacet
  facet normal 0.352192 0.307532 0.88396
    outer loop
      vertex 60.7702 13.5321 10.8528
      vertex 60.4399 13.5321 10.9844
      vertex 60.8247 13.1742 10.9556
    endloop
  endfacet
  facet normal -0.46602 0.103997 0.878641
    outer loop
      vertex 59.3483 13.1742 11.0356
      vertex 58.9899 12.8 10.8898
      vertex 59.3338 12.8 11.0722
    endloop
  endfacet
  facet normal 0.154142 -0.307329 0.939036
    outer loop
      vertex 60.0953 12.4258 11.1581
      vertex 60.089 12.0679 11.042
      vertex 60.4399 12.0679 10.9844
    endloop
  endfacet
  facet normal 0.534089 -0.307528 0.787512
    outer loop
      vertex 60.8247 12.4258 10.9556
      vertex 60.7702 12.0679 10.8528
      vertex 61.1398 12.4258 10.7419
    endloop
  endfacet
  facet normal 0.558244 -0.104033 0.823129
    outer loop
      vertex 61.1653 12.8 10.7719
      vertex 60.8247 12.4258 10.9556
      vertex 61.1398 12.4258 10.7419
    endloop
  endfacet
  facet normal 0.321032 -0.497696 0.805753
    outer loop
      vertex 60.7702 12.0679 10.8528
      vertex 60.4399 12.0679 10.9844
      vertex 60.6821 11.742 10.6866
    endloop
  endfacet
  facet normal 0.321202 -0.497576 0.805759
    outer loop
      vertex 60.4399 12.0679 10.9844
      vertex 60.3896 11.742 10.8032
      vertex 60.6821 11.742 10.6866
    endloop
  endfacet
  facet normal -0.0516588 0.307328 0.9502
    outer loop
      vertex 60.089 13.5321 11.042
      vertex 59.734 13.5321 11.0227
      vertex 60.0953 13.1742 11.1581
    endloop
  endfacet
  facet normal -0.254656 0.307283 0.916912
    outer loop
      vertex 59.3913 13.5321 10.9276
      vertex 59.3483 13.1742 11.0356
      vertex 59.7152 13.1742 11.1375
    endloop
  endfacet
  facet normal -0.254656 -0.307283 0.916912
    outer loop
      vertex 59.7152 12.4258 11.1375
      vertex 59.3483 12.4258 11.0356
      vertex 59.3913 12.0679 10.9276
    endloop
  endfacet
  facet normal -0.56136 -0.497759 0.661144
    outer loop
      vertex 58.9796 11.8313 10.5
      vertex 59.1828 11.742 10.6053
      vertex 59.0772 12.0679 10.761
    endloop
  endfacet
  facet normal -0.561364 -0.497872 0.661055
    outer loop
      vertex 59.1828 11.742 10.6053
      vertex 58.9796 11.8313 10.5
      vertex 59.0588 11.742 10.5
    endloop
  endfacet
  facet normal -0.616167 -0.307395 0.725153
    outer loop
      vertex 59.0119 12.4258 10.8573
      vertex 58.7218 12.4258 10.6108
      vertex 58.8062 12.0679 10.5308
    endloop
  endfacet
  facet normal -0.465785 -0.10371 0.8788
    outer loop
      vertex 59.3483 12.4258 11.0356
      vertex 58.9899 12.8 10.8898
      vertex 59.0119 12.4258 10.8573
    endloop
  endfacet
  facet normal -0.465785 0.10371 0.8788
    outer loop
      vertex 59.0119 13.1742 10.8573
      vertex 58.9899 12.8 10.8898
      vertex 59.3483 13.1742 11.0356
    endloop
  endfacet
  facet normal -0.644028 0.103692 0.757942
    outer loop
      vertex 59.0119 13.1742 10.8573
      vertex 58.7218 13.1742 10.6108
      vertex 58.9899 12.8 10.8898
    endloop
  endfacet
  facet normal -0.561364 0.497872 0.661055
    outer loop
      vertex 58.9796 13.7687 10.5
      vertex 59.1828 13.858 10.6053
      vertex 59.0588 13.858 10.5
    endloop
  endfacet
  facet normal -0.56136 0.497759 0.661144
    outer loop
      vertex 59.1828 13.858 10.6053
      vertex 58.9796 13.7687 10.5
      vertex 59.0772 13.5321 10.761
    endloop
  endfacet
  facet normal -0.561353 0.497764 0.661146
    outer loop
      vertex 58.8387 13.6098 10.5
      vertex 59.0772 13.5321 10.761
      vertex 58.9796 13.7687 10.5
    endloop
  endfacet
  facet normal -0.561746 0.497105 0.661308
    outer loop
      vertex 59.0772 13.5321 10.761
      vertex 58.8387 13.6098 10.5
      vertex 58.8062 13.5321 10.5308
    endloop
  endfacet
  facet normal 0.0953186 -0.807485 0.582136
    outer loop
      vertex 60.0652 11.4623 10.6027
      vertex 60.0596 11.3876 10.5
      vertex 60.1189 11.3946 10.5
    endloop
  endfacet
  facet normal -0.406248 -0.497857 0.766225
    outer loop
      vertex 59.3913 12.0679 10.9276
      vertex 59.1828 11.742 10.6053
      vertex 59.461 11.742 10.7528
    endloop
  endfacet
  facet normal -0.757323 -0.307348 0.576194
    outer loop
      vertex 58.7627 12.1173 10.5
      vertex 58.7218 12.4258 10.6108
      vertex 58.6375 12.4258 10.5
    endloop
  endfacet
  facet normal -0.757175 -0.30739 0.576366
    outer loop
      vertex 58.7218 12.4258 10.6108
      vertex 58.7627 12.1173 10.5
      vertex 58.8062 12.0679 10.5308
    endloop
  endfacet
  facet normal -0.791537 0.103892 0.602225
    outer loop
      vertex 58.6089 12.9563 10.5
      vertex 58.7218 13.1742 10.6108
      vertex 58.6375 13.1742 10.5
    endloop
  endfacet
  facet normal -0.791701 0.104105 0.601973
    outer loop
      vertex 58.7218 13.1742 10.6108
      vertex 58.6089 12.9563 10.5
      vertex 58.6932 12.8 10.6379
    endloop
  endfacet
  facet normal 0.0956875 0.807499 0.582056
    outer loop
      vertex 60.1189 14.2054 10.5
      vertex 60.3222 14.1377 10.5605
      vertex 60.3054 14.1833 10.5
    endloop
  endfacet
  facet normal 0.0956021 0.80739 0.582221
    outer loop
      vertex 60.3222 14.1377 10.5605
      vertex 60.1189 14.2054 10.5
      vertex 60.0652 14.1377 10.6027
    endloop
  endfacet
  facet normal 0.321202 0.497576 0.805759
    outer loop
      vertex 60.6821 13.858 10.6866
      vertex 60.3896 13.858 10.8032
      vertex 60.4399 13.5321 10.9844
    endloop
  endfacet
  facet normal 0.321032 0.497696 0.805753
    outer loop
      vertex 60.6821 13.858 10.6866
      vertex 60.4399 13.5321 10.9844
      vertex 60.7702 13.5321 10.8528
    endloop
  endfacet
  facet normal 0.543291 0.662368 0.515852
    outer loop
      vertex 60.9432 13.8653 10.5
      vertex 60.9427 13.858 10.5099
      vertex 60.9521 13.858 10.5
    endloop
  endfacet
  facet normal 0.690857 -0.307468 0.654354
    outer loop
      vertex 61.3397 12.36 10.5
      vertex 61.0645 12.0679 10.6533
      vertex 61.2097 12.0679 10.5
    endloop
  endfacet
  facet normal 0.153961 -0.307492 0.939013
    outer loop
      vertex 60.471 12.4258 11.0965
      vertex 60.0953 12.4258 11.1581
      vertex 60.4399 12.0679 10.9844
    endloop
  endfacet
  facet normal -0.266154 -0.103917 0.958313
    outer loop
      vertex 59.7088 12.8 11.1763
      vertex 59.3483 12.4258 11.0356
      vertex 59.7152 12.4258 11.1375
    endloop
  endfacet
  facet normal -0.0539104 0.103897 0.993126
    outer loop
      vertex 59.7152 13.1742 11.1375
      vertex 59.7088 12.8 11.1763
      vertex 60.0975 12.8 11.1974
    endloop
  endfacet
  facet normal -0.266154 0.103917 0.958313
    outer loop
      vertex 59.7152 13.1742 11.1375
      vertex 59.3483 13.1742 11.0356
      vertex 59.7088 12.8 11.1763
    endloop
  endfacet
  facet normal -0.158127 -0.808849 0.566356
    outer loop
      vertex 59.7704 11.4068 10.5
      vertex 59.5542 11.4623 10.5189
      vertex 59.5617 11.4476 10.5
    endloop
  endfacet
  facet normal -0.157747 -0.807878 0.567845
    outer loop
      vertex 59.5542 11.4623 10.5189
      vertex 59.7704 11.4068 10.5
      vertex 59.8051 11.4623 10.5886
    endloop
  endfacet
  facet normal -0.0516588 -0.307328 0.9502
    outer loop
      vertex 60.0953 12.4258 11.1581
      vertex 59.734 12.0679 11.0227
      vertex 60.089 12.0679 11.042
    endloop
  endfacet
  facet normal -0.231908 0.49782 0.8357
    outer loop
      vertex 59.7644 13.858 10.837
      vertex 59.3913 13.5321 10.9276
      vertex 59.734 13.5321 11.0227
    endloop
  endfacet
  facet normal -0.254444 0.307473 0.916907
    outer loop
      vertex 59.734 13.5321 11.0227
      vertex 59.3913 13.5321 10.9276
      vertex 59.7152 13.1742 11.1375
    endloop
  endfacet
  facet normal -0.406403 -0.497747 0.766214
    outer loop
      vertex 59.3913 12.0679 10.9276
      vertex 59.0772 12.0679 10.761
      vertex 59.1828 11.742 10.6053
    endloop
  endfacet
  facet normal -0.791537 -0.103892 0.602225
    outer loop
      vertex 58.7218 12.4258 10.6108
      vertex 58.6089 12.6437 10.5
      vertex 58.6375 12.4258 10.5
    endloop
  endfacet
  facet normal -0.791701 -0.104105 0.601973
    outer loop
      vertex 58.6089 12.6437 10.5
      vertex 58.7218 12.4258 10.6108
      vertex 58.6932 12.8 10.6379
    endloop
  endfacet
  facet normal -0.482296 -0.666954 0.567946
    outer loop
      vertex 59.1828 11.742 10.6053
      vertex 59.0588 11.742 10.5
      vertex 59.2542 11.6007 10.5
    endloop
  endfacet
  facet normal -0.46602 -0.103997 0.878641
    outer loop
      vertex 59.3338 12.8 11.0722
      vertex 58.9899 12.8 10.8898
      vertex 59.3483 12.4258 11.0356
    endloop
  endfacet
  facet normal -0.266033 -0.104042 0.958333
    outer loop
      vertex 59.7088 12.8 11.1763
      vertex 59.3338 12.8 11.0722
      vertex 59.3483 12.4258 11.0356
    endloop
  endfacet
  facet normal -0.406248 0.497857 0.766225
    outer loop
      vertex 59.461 13.858 10.7528
      vertex 59.1828 13.858 10.6053
      vertex 59.3913 13.5321 10.9276
    endloop
  endfacet
  facet normal -0.349025 0.666954 0.658296
    outer loop
      vertex 59.3637 14.0566 10.5
      vertex 59.1828 13.858 10.6053
      vertex 59.461 13.858 10.7528
    endloop
  endfacet
  facet normal -0.349005 0.666946 0.658315
    outer loop
      vertex 59.1828 13.858 10.6053
      vertex 59.3637 14.0566 10.5
      vertex 59.2542 13.9993 10.5
    endloop
  endfacet
  facet normal 0.275744 -0.667001 0.692152
    outer loop
      vertex 60.3896 11.742 10.8032
      vertex 60.4741 11.4623 10.5
      vertex 60.5457 11.4919 10.5
    endloop
  endfacet
  facet normal 0.275678 -0.667025 0.692156
    outer loop
      vertex 60.4741 11.4623 10.5
      vertex 60.3896 11.742 10.8032
      vertex 60.3222 11.4623 10.5605
    endloop
  endfacet
  facet normal 0.218267 -0.807491 0.548012
    outer loop
      vertex 60.3222 11.4623 10.5605
      vertex 60.3054 11.4167 10.5
      vertex 60.4741 11.4623 10.5
    endloop
  endfacet
  facet normal 0.418199 -0.666869 0.616762
    outer loop
      vertex 60.6821 11.742 10.6866
      vertex 60.5832 11.5074 10.5
      vertex 60.7315 11.6004 10.5
    endloop
  endfacet
  facet normal -0.616167 0.307395 0.725153
    outer loop
      vertex 58.8062 13.5321 10.5308
      vertex 58.7218 13.1742 10.6108
      vertex 59.0119 13.1742 10.8573
    endloop
  endfacet
  facet normal -0.757323 0.307348 0.576194
    outer loop
      vertex 58.7218 13.1742 10.6108
      vertex 58.7627 13.4827 10.5
      vertex 58.6375 13.1742 10.5
    endloop
  endfacet
  facet normal -0.757175 0.30739 0.576366
    outer loop
      vertex 58.7627 13.4827 10.5
      vertex 58.7218 13.1742 10.6108
      vertex 58.8062 13.5321 10.5308
    endloop
  endfacet
  facet normal -0.157747 0.807878 0.567845
    outer loop
      vertex 59.7704 14.1932 10.5
      vertex 59.5542 14.1377 10.5189
      vertex 59.8051 14.1377 10.5886
    endloop
  endfacet
  facet normal -0.158127 0.808849 0.566356
    outer loop
      vertex 59.5542 14.1377 10.5189
      vertex 59.7704 14.1932 10.5
      vertex 59.5617 14.1524 10.5
    endloop
  endfacet
  facet normal -0.0470811 -0.497824 0.865999
    outer loop
      vertex 60.089 12.0679 11.042
      vertex 59.734 12.0679 11.0227
      vertex 60.0788 11.742 10.8541
    endloop
  endfacet
  facet normal 0.140483 -0.497828 0.855823
    outer loop
      vertex 60.089 12.0679 11.042
      vertex 60.0788 11.742 10.8541
      vertex 60.4399 12.0679 10.9844
    endloop
  endfacet
  facet normal -0.0538235 -0.103985 0.993121
    outer loop
      vertex 60.0975 12.8 11.1974
      vertex 59.7152 12.4258 11.1375
      vertex 60.0953 12.4258 11.1581
    endloop
  endfacet
  facet normal -0.0539104 -0.103897 0.993126
    outer loop
      vertex 60.0975 12.8 11.1974
      vertex 59.7088 12.8 11.1763
      vertex 59.7152 12.4258 11.1375
    endloop
  endfacet
  facet normal -0.231908 -0.49782 0.8357
    outer loop
      vertex 59.734 12.0679 11.0227
      vertex 59.3913 12.0679 10.9276
      vertex 59.7644 11.742 10.837
    endloop
  endfacet
  facet normal -0.0319076 -0.8078 0.588593
    outer loop
      vertex 59.8796 11.3948 10.5
      vertex 60.0652 11.4623 10.6027
      vertex 59.8051 11.4623 10.5886
    endloop
  endfacet
  facet normal -0.0322977 -0.807442 0.589063
    outer loop
      vertex 60.0652 11.4623 10.6027
      vertex 59.8796 11.3948 10.5
      vertex 60.0596 11.3876 10.5
    endloop
  endfacet
  facet normal -0.791868 -0.10386 0.601796
    outer loop
      vertex 58.6932 12.8 10.6379
      vertex 58.5884 12.8 10.5
      vertex 58.6089 12.6437 10.5
    endloop
  endfacet
  facet normal -0.791868 0.10386 0.601796
    outer loop
      vertex 58.6089 12.9563 10.5
      vertex 58.5884 12.8 10.5
      vertex 58.6932 12.8 10.6379
    endloop
  endfacet
  facet normal -0.0310045 -0.807466 0.589099
    outer loop
      vertex 59.8796 11.3948 10.5
      vertex 59.8051 11.4623 10.5886
      vertex 59.8197 11.3971 10.5
    endloop
  endfacet
  facet normal -0.349634 -0.666986 0.657941
    outer loop
      vertex 59.3637 11.5433 10.5
      vertex 59.1828 11.742 10.6053
      vertex 59.2542 11.6007 10.5
    endloop
  endfacet
  facet normal -0.349103 -0.666768 0.658443
    outer loop
      vertex 59.1828 11.742 10.6053
      vertex 59.3637 11.5433 10.5
      vertex 59.461 11.742 10.7528
    endloop
  endfacet
  facet normal -0.275822 -0.808704 0.519538
    outer loop
      vertex 59.5542 11.4623 10.5189
      vertex 59.5186 11.4623 10.5
      vertex 59.5617 11.4476 10.5
    endloop
  endfacet
  facet normal -0.0403376 -0.66685 0.744099
    outer loop
      vertex 60.0788 11.742 10.8541
      vertex 59.8051 11.4623 10.5886
      vertex 60.0652 11.4623 10.6027
    endloop
  endfacet
  facet normal -0.199455 -0.666875 0.71798
    outer loop
      vertex 59.8051 11.4623 10.5886
      vertex 59.461 11.742 10.7528
      vertex 59.5542 11.4623 10.5189
    endloop
  endfacet
  facet normal 0.120413 -0.667009 0.735255
    outer loop
      vertex 60.3896 11.742 10.8032
      vertex 60.0788 11.742 10.8541
      vertex 60.3222 11.4623 10.5605
    endloop
  endfacet
  facet normal 0.120748 -0.66683 0.735362
    outer loop
      vertex 60.0788 11.742 10.8541
      vertex 60.0652 11.4623 10.6027
      vertex 60.3222 11.4623 10.5605
    endloop
  endfacet
  facet normal -0.158881 0.807508 0.568057
    outer loop
      vertex 59.8197 14.2029 10.5
      vertex 59.7704 14.1932 10.5
      vertex 59.8051 14.1377 10.5886
    endloop
  endfacet
  facet normal -0.199296 -0.666765 0.718127
    outer loop
      vertex 59.7644 11.742 10.837
      vertex 59.461 11.742 10.7528
      vertex 59.8051 11.4623 10.5886
    endloop
  endfacet
  facet normal -0.231922 -0.497832 0.835689
    outer loop
      vertex 59.7644 11.742 10.837
      vertex 59.3913 12.0679 10.9276
      vertex 59.461 11.742 10.7528
    endloop
  endfacet
  facet normal -0.158881 -0.807508 0.568057
    outer loop
      vertex 59.8051 11.4623 10.5886
      vertex 59.7704 11.4068 10.5
      vertex 59.8197 11.3971 10.5
    endloop
  endfacet
  facet normal 0.275929 -0.666887 0.692188
    outer loop
      vertex 60.3896 11.742 10.8032
      vertex 60.5832 11.5074 10.5
      vertex 60.6821 11.742 10.6866
    endloop
  endfacet
  facet normal 0.275703 -0.667022 0.692148
    outer loop
      vertex 60.5832 11.5074 10.5
      vertex 60.3896 11.742 10.8032
      vertex 60.5457 11.4919 10.5
    endloop
  endfacet
  facet normal 0.0956021 -0.80739 0.582221
    outer loop
      vertex 60.1189 11.3946 10.5
      vertex 60.3222 11.4623 10.5605
      vertex 60.0652 11.4623 10.6027
    endloop
  endfacet
  facet normal 0.0956875 -0.807499 0.582056
    outer loop
      vertex 60.3222 11.4623 10.5605
      vertex 60.1189 11.3946 10.5
      vertex 60.3054 11.4167 10.5
    endloop
  endfacet
  facet normal -0.0310045 0.807466 0.589099
    outer loop
      vertex 59.8197 14.2029 10.5
      vertex 59.8051 14.1377 10.5886
      vertex 59.8796 14.2052 10.5
    endloop
  endfacet
  facet normal -0.0404744 -0.666774 0.74416
    outer loop
      vertex 60.0788 11.742 10.8541
      vertex 59.7644 11.742 10.837
      vertex 59.8051 11.4623 10.5886
    endloop
  endfacet
  facet normal -0.0471005 -0.49784 0.865989
    outer loop
      vertex 60.0788 11.742 10.8541
      vertex 59.734 12.0679 11.0227
      vertex 59.7644 11.742 10.837
    endloop
  endfacet
  facet normal -0.0322977 0.807442 0.589063
    outer loop
      vertex 59.8796 14.2052 10.5
      vertex 60.0652 14.1377 10.6027
      vertex 60.0596 14.2124 10.5
    endloop
  endfacet
  facet normal -0.0319076 0.8078 0.588593
    outer loop
      vertex 60.0652 14.1377 10.6027
      vertex 59.8796 14.2052 10.5
      vertex 59.8051 14.1377 10.5886
    endloop
  endfacet
  facet normal 0.0953186 0.807485 0.582136
    outer loop
      vertex 60.1189 14.2054 10.5
      vertex 60.0596 14.2124 10.5
      vertex 60.0652 14.1377 10.6027
    endloop
  endfacet
  facet normal -0.290248 0 0.956951
    outer loop
      vertex 52.2346 15.4 10.3478
      vertex 52.6098 4.4 10.4616
      vertex 52.6098 15.4 10.4616
    endloop
  endfacet
  facet normal -0.290248 0 0.956951
    outer loop
      vertex 52.6098 4.4 10.4616
      vertex 52.2346 15.4 10.3478
      vertex 52.2346 4.4 10.3478
    endloop
  endfacet
  facet normal 0.88184 0 0.471549
    outer loop
      vertex 68.6629 15.4 9.61115
      vertex 68.8478 4.71345 9.26537
      vertex 68.8478 15.4 9.26537
    endloop
  endfacet
  facet normal 0.88184 -0 0.471549
    outer loop
      vertex 68.6629 4.4 9.61115
      vertex 68.8478 4.71345 9.26537
      vertex 68.6629 15.4 9.61115
    endloop
  endfacet
  facet normal 0.881856 -4.14877e-05 0.47152
    outer loop
      vertex 68.8478 4.71345 9.26537
      vertex 68.6629 4.4 9.61115
      vertex 68.8039 4.55906 9.34746
    endloop
  endfacet
  facet normal 0.881904 -0.000236618 0.471428
    outer loop
      vertex 68.8039 4.55906 9.34746
      vertex 68.6629 4.4 9.61115
      vertex 68.766 4.4 9.41828
    endloop
  endfacet
  facet normal -0.63429 0 0.773095
    outer loop
      vertex 51.5858 15.4 9.91422
      vertex 51.8889 4.4 10.1629
      vertex 51.8889 15.4 10.1629
    endloop
  endfacet
  facet normal -0.63429 0 0.773095
    outer loop
      vertex 51.8889 4.4 10.1629
      vertex 51.5858 15.4 9.91422
      vertex 51.5858 4.4 9.91422
    endloop
  endfacet
  facet normal -0.995192 0 0.0979429
    outer loop
      vertex 51 5.98351 8.5
      vertex 51.0384 15.4 8.89018
      vertex 51 15.4 8.5
    endloop
  endfacet
  facet normal -0.995196 1.84904e-06 0.0978987
    outer loop
      vertex 51.012 5.81561 8.62199
      vertex 51.0384 15.4 8.89018
      vertex 51 5.98351 8.5
    endloop
  endfacet
  facet normal -0.99519 0 0.0979642
    outer loop
      vertex 51.0384 15.4 8.89018
      vertex 51.012 5.81561 8.62199
      vertex 51.0384 5.38641 8.89018
    endloop
  endfacet
  facet normal 0 -1 0
    outer loop
      vertex 51.234 4.4 9.41828
      vertex 53 4.4 10.5
      vertex 52.6098 4.4 10.4616
    endloop
  endfacet
  facet normal 0 -1 -0
    outer loop
      vertex 53 4.4 10.5
      vertex 51.234 4.4 9.41828
      vertex 67 4.4 10.5
    endloop
  endfacet
  facet normal 0 -1 0
    outer loop
      vertex 51.234 4.4 9.41828
      vertex 52.6098 4.4 10.4616
      vertex 52.2346 4.4 10.3478
    endloop
  endfacet
  facet normal 0 -1 0
    outer loop
      vertex 68.766 4.4 9.41828
      vertex 67 4.4 10.5
      vertex 51.234 4.4 9.41828
    endloop
  endfacet
  facet normal 0 -1 0
    outer loop
      vertex 51.234 4.4 9.41828
      vertex 52.2346 4.4 10.3478
      vertex 51.8889 4.4 10.1629
    endloop
  endfacet
  facet normal 0 -1 0
    outer loop
      vertex 67 4.4 10.5
      vertex 68.766 4.4 9.41828
      vertex 67.3902 4.4 10.4616
    endloop
  endfacet
  facet normal 0 -1 0
    outer loop
      vertex 51.234 4.4 9.41828
      vertex 51.8889 4.4 10.1629
      vertex 51.5858 4.4 9.91422
    endloop
  endfacet
  facet normal 0 -1 0
    outer loop
      vertex 67.3902 4.4 10.4616
      vertex 68.766 4.4 9.41828
      vertex 67.7654 4.4 10.3478
    endloop
  endfacet
  facet normal 0 -1 0
    outer loop
      vertex 51.234 4.4 9.41828
      vertex 51.5858 4.4 9.91422
      vertex 51.3371 4.4 9.61115
    endloop
  endfacet
  facet normal 0 -1 0
    outer loop
      vertex 67.7654 4.4 10.3478
      vertex 68.766 4.4 9.41828
      vertex 68.1111 4.4 10.1629
    endloop
  endfacet
  facet normal 0 -1 0
    outer loop
      vertex 68.1111 4.4 10.1629
      vertex 68.766 4.4 9.41828
      vertex 68.4142 4.4 9.91422
    endloop
  endfacet
  facet normal 0 -1 0
    outer loop
      vertex 68.4142 4.4 9.91422
      vertex 68.766 4.4 9.41828
      vertex 68.6629 4.4 9.61115
    endloop
  endfacet
  facet normal -1 0 0
    outer loop
      vertex 51 10.3747 0.725467
      vertex 51 15.4 0
      vertex 51 10.4 0
    endloop
  endfacet
  facet normal -1 0 0
    outer loop
      vertex 51 10.2988 1.4474
      vertex 51 15.4 0
      vertex 51 10.3747 0.725467
    endloop
  endfacet
  facet normal -1 0 0
    outer loop
      vertex 51 10.1727 2.16228
      vertex 51 15.4 0
      vertex 51 10.2988 1.4474
    endloop
  endfacet
  facet normal -1 0 0
    outer loop
      vertex 51 9.99712 2.86663
      vertex 51 15.4 0
      vertex 51 10.1727 2.16228
    endloop
  endfacet
  facet normal -1 0 0
    outer loop
      vertex 51 15.4 0
      vertex 51 9.99712 2.86663
      vertex 51 15.4 8.5
    endloop
  endfacet
  facet normal -1 0 0
    outer loop
      vertex 51 9.7728 3.55701
      vertex 51 15.4 8.5
      vertex 51 9.99712 2.86663
    endloop
  endfacet
  facet normal -1 0 0
    outer loop
      vertex 51 9.50087 4.23006
      vertex 51 15.4 8.5
      vertex 51 9.7728 3.55701
    endloop
  endfacet
  facet normal -1 0 0
    outer loop
      vertex 51 9.18265 4.8825
      vertex 51 15.4 8.5
      vertex 51 9.50087 4.23006
    endloop
  endfacet
  facet normal -1 0 0
    outer loop
      vertex 51 8.8197 5.51116
      vertex 51 15.4 8.5
      vertex 51 9.18265 4.8825
    endloop
  endfacet
  facet normal -1 0 0
    outer loop
      vertex 51 8.41378 6.11297
      vertex 51 15.4 8.5
      vertex 51 8.8197 5.51116
    endloop
  endfacet
  facet normal -1 0 0
    outer loop
      vertex 51 7.96686 6.68499
      vertex 51 15.4 8.5
      vertex 51 8.41378 6.11297
    endloop
  endfacet
  facet normal -1 0 0
    outer loop
      vertex 51 7.48113 7.22445
      vertex 51 15.4 8.5
      vertex 51 7.96686 6.68499
    endloop
  endfacet
  facet normal -1 0 0
    outer loop
      vertex 51 6.95896 7.72871
      vertex 51 15.4 8.5
      vertex 51 7.48113 7.22445
    endloop
  endfacet
  facet normal -1 0 0
    outer loop
      vertex 51 6.40288 8.19531
      vertex 51 15.4 8.5
      vertex 51 6.95896 7.72871
    endloop
  endfacet
  facet normal -1 -0 0
    outer loop
      vertex 51 15.4 8.5
      vertex 51 6.40288 8.19531
      vertex 51 5.98351 8.5
    endloop
  endfacet
  facet normal 0.097938 0 0.995193
    outer loop
      vertex 67 15.4 10.5
      vertex 67.3902 4.4 10.4616
      vertex 67.3902 15.4 10.4616
    endloop
  endfacet
  facet normal 0.097938 0 0.995193
    outer loop
      vertex 67.3902 4.4 10.4616
      vertex 67 15.4 10.5
      vertex 67 4.4 10.5
    endloop
  endfacet
  facet normal 0 0 1
    outer loop
      vertex 61.375 12.4679 10.5
      vertex 67 15.4 10.5
      vertex 61.4228 12.8 10.5
    endloop
  endfacet
  facet normal 0 0 1
    outer loop
      vertex 67 15.4 10.5
      vertex 61.375 13.1321 10.5
      vertex 61.4228 12.8 10.5
    endloop
  endfacet
  facet normal 0 0 1
    outer loop
      vertex 67 15.4 10.5
      vertex 61.369 13.1742 10.5
      vertex 61.375 13.1321 10.5
    endloop
  endfacet
  facet normal 0 0 1
    outer loop
      vertex 67 15.4 10.5
      vertex 61.3397 13.24 10.5
      vertex 61.369 13.1742 10.5
    endloop
  endfacet
  facet normal 0 0 1
    outer loop
      vertex 67 15.4 10.5
      vertex 61.2097 13.5321 10.5
      vertex 61.3397 13.24 10.5
    endloop
  endfacet
  facet normal 0 0 1
    outer loop
      vertex 67 15.4 10.5
      vertex 61.1036 13.6664 10.5
      vertex 61.2097 13.5321 10.5
    endloop
  endfacet
  facet normal 0 0 1
    outer loop
      vertex 67 15.4 10.5
      vertex 60.9521 13.858 10.5
      vertex 61.1036 13.6664 10.5
    endloop
  endfacet
  facet normal 0 0 1
    outer loop
      vertex 67 15.4 10.5
      vertex 60.9432 13.8653 10.5
      vertex 60.9521 13.858 10.5
    endloop
  endfacet
  facet normal 0 0 1
    outer loop
      vertex 67 15.4 10.5
      vertex 60.9343 13.8724 10.5
      vertex 60.9432 13.8653 10.5
    endloop
  endfacet
  facet normal 0 0 1
    outer loop
      vertex 67 15.4 10.5
      vertex 60.7315 13.9996 10.5
      vertex 60.9343 13.8724 10.5
    endloop
  endfacet
  facet normal 0 0 1
    outer loop
      vertex 67 15.4 10.5
      vertex 60.5832 14.0926 10.5
      vertex 60.7315 13.9996 10.5
    endloop
  endfacet
  facet normal 0 0 1
    outer loop
      vertex 67 15.4 10.5
      vertex 60.5457 14.1081 10.5
      vertex 60.5832 14.0926 10.5
    endloop
  endfacet
  facet normal 0 0 1
    outer loop
      vertex 67 15.4 10.5
      vertex 60.4741 14.1377 10.5
      vertex 60.5457 14.1081 10.5
    endloop
  endfacet
  facet normal 0 0 1
    outer loop
      vertex 67 15.4 10.5
      vertex 60.3054 14.1833 10.5
      vertex 60.4741 14.1377 10.5
    endloop
  endfacet
  facet normal 0 0 1
    outer loop
      vertex 67 15.4 10.5
      vertex 60.1189 14.2054 10.5
      vertex 60.3054 14.1833 10.5
    endloop
  endfacet
  facet normal 0 0 1
    outer loop
      vertex 67 15.4 10.5
      vertex 60.0596 14.2124 10.5
      vertex 60.1189 14.2054 10.5
    endloop
  endfacet
  facet normal -0 0 1
    outer loop
      vertex 53 15.4 10.5
      vertex 60.0596 14.2124 10.5
      vertex 67 15.4 10.5
    endloop
  endfacet
  facet normal 0 0 1
    outer loop
      vertex 60.0596 14.2124 10.5
      vertex 53 15.4 10.5
      vertex 59.8796 14.2052 10.5
    endloop
  endfacet
  facet normal 0 0 1
    outer loop
      vertex 53 15.4 10.5
      vertex 58.9796 13.7687 10.5
      vertex 59.0588 13.858 10.5
    endloop
  endfacet
  facet normal 0 0 1
    outer loop
      vertex 53 15.4 10.5
      vertex 58.7627 13.4827 10.5
      vertex 58.7827 13.5321 10.5
    endloop
  endfacet
  facet normal 0 0 1
    outer loop
      vertex 58.6089 12.9563 10.5
      vertex 53 15.4 10.5
      vertex 58.5884 12.8 10.5
    endloop
  endfacet
  facet normal 0 0 1
    outer loop
      vertex 58.6375 13.1742 10.5
      vertex 53 15.4 10.5
      vertex 58.6089 12.9563 10.5
    endloop
  endfacet
  facet normal 0 0 1
    outer loop
      vertex 58.7627 13.4827 10.5
      vertex 53 15.4 10.5
      vertex 58.6375 13.1742 10.5
    endloop
  endfacet
  facet normal 0 0 1
    outer loop
      vertex 58.8387 13.6098 10.5
      vertex 53 15.4 10.5
      vertex 58.7827 13.5321 10.5
    endloop
  endfacet
  facet normal 0 0 1
    outer loop
      vertex 58.9796 13.7687 10.5
      vertex 53 15.4 10.5
      vertex 58.8387 13.6098 10.5
    endloop
  endfacet
  facet normal 0 0 1
    outer loop
      vertex 59.2542 13.9993 10.5
      vertex 53 15.4 10.5
      vertex 59.0588 13.858 10.5
    endloop
  endfacet
  facet normal 0 0 1
    outer loop
      vertex 59.3637 14.0566 10.5
      vertex 53 15.4 10.5
      vertex 59.2542 13.9993 10.5
    endloop
  endfacet
  facet normal 0 0 1
    outer loop
      vertex 59.5186 14.1377 10.5
      vertex 53 15.4 10.5
      vertex 59.3637 14.0566 10.5
    endloop
  endfacet
  facet normal 0 0 1
    outer loop
      vertex 59.5617 14.1524 10.5
      vertex 53 15.4 10.5
      vertex 59.5186 14.1377 10.5
    endloop
  endfacet
  facet normal 0 0 1
    outer loop
      vertex 59.7704 14.1932 10.5
      vertex 53 15.4 10.5
      vertex 59.5617 14.1524 10.5
    endloop
  endfacet
  facet normal 0 0 1
    outer loop
      vertex 59.8197 14.2029 10.5
      vertex 53 15.4 10.5
      vertex 59.7704 14.1932 10.5
    endloop
  endfacet
  facet normal 0 0 1
    outer loop
      vertex 59.8796 14.2052 10.5
      vertex 53 15.4 10.5
      vertex 59.8197 14.2029 10.5
    endloop
  endfacet
  facet normal 0 0 1
    outer loop
      vertex 61.369 12.4258 10.5
      vertex 67 15.4 10.5
      vertex 61.375 12.4679 10.5
    endloop
  endfacet
  facet normal 0 0 1
    outer loop
      vertex 61.3397 12.36 10.5
      vertex 67 15.4 10.5
      vertex 61.369 12.4258 10.5
    endloop
  endfacet
  facet normal 0 0 1
    outer loop
      vertex 61.2097 12.0679 10.5
      vertex 67 15.4 10.5
      vertex 61.3397 12.36 10.5
    endloop
  endfacet
  facet normal 0 0 1
    outer loop
      vertex 67 15.4 10.5
      vertex 61.2097 12.0679 10.5
      vertex 67 4.4 10.5
    endloop
  endfacet
  facet normal -0 0 1
    outer loop
      vertex 61.1036 11.9336 10.5
      vertex 67 4.4 10.5
      vertex 61.2097 12.0679 10.5
    endloop
  endfacet
  facet normal -0 0 1
    outer loop
      vertex 60.9521 11.742 10.5
      vertex 67 4.4 10.5
      vertex 61.1036 11.9336 10.5
    endloop
  endfacet
  facet normal -0 0 1
    outer loop
      vertex 60.9432 11.7347 10.5
      vertex 67 4.4 10.5
      vertex 60.9521 11.742 10.5
    endloop
  endfacet
  facet normal -0 0 1
    outer loop
      vertex 60.9343 11.7276 10.5
      vertex 67 4.4 10.5
      vertex 60.9432 11.7347 10.5
    endloop
  endfacet
  facet normal -0 0 1
    outer loop
      vertex 60.7315 11.6004 10.5
      vertex 67 4.4 10.5
      vertex 60.9343 11.7276 10.5
    endloop
  endfacet
  facet normal -0 0 1
    outer loop
      vertex 60.5832 11.5074 10.5
      vertex 67 4.4 10.5
      vertex 60.7315 11.6004 10.5
    endloop
  endfacet
  facet normal -0 0 1
    outer loop
      vertex 60.5457 11.4919 10.5
      vertex 67 4.4 10.5
      vertex 60.5832 11.5074 10.5
    endloop
  endfacet
  facet normal -0 0 1
    outer loop
      vertex 60.4741 11.4623 10.5
      vertex 67 4.4 10.5
      vertex 60.5457 11.4919 10.5
    endloop
  endfacet
  facet normal -0 0 1
    outer loop
      vertex 60.3054 11.4167 10.5
      vertex 67 4.4 10.5
      vertex 60.4741 11.4623 10.5
    endloop
  endfacet
  facet normal -0 0 1
    outer loop
      vertex 60.1189 11.3946 10.5
      vertex 67 4.4 10.5
      vertex 60.3054 11.4167 10.5
    endloop
  endfacet
  facet normal -0 0 1
    outer loop
      vertex 60.0596 11.3876 10.5
      vertex 67 4.4 10.5
      vertex 60.1189 11.3946 10.5
    endloop
  endfacet
  facet normal 0 0 1
    outer loop
      vertex 53 4.4 10.5
      vertex 60.0596 11.3876 10.5
      vertex 59.8796 11.3948 10.5
    endloop
  endfacet
  facet normal 0 0 1
    outer loop
      vertex 53 4.4 10.5
      vertex 59.8796 11.3948 10.5
      vertex 59.8197 11.3971 10.5
    endloop
  endfacet
  facet normal 0 0 1
    outer loop
      vertex 53 4.4 10.5
      vertex 59.8197 11.3971 10.5
      vertex 59.7704 11.4068 10.5
    endloop
  endfacet
  facet normal 0 0 1
    outer loop
      vertex 53 4.4 10.5
      vertex 59.7704 11.4068 10.5
      vertex 59.5617 11.4476 10.5
    endloop
  endfacet
  facet normal 0 0 1
    outer loop
      vertex 53 4.4 10.5
      vertex 59.5617 11.4476 10.5
      vertex 59.5186 11.4623 10.5
    endloop
  endfacet
  facet normal 0 0 1
    outer loop
      vertex 53 4.4 10.5
      vertex 59.5186 11.4623 10.5
      vertex 59.3637 11.5433 10.5
    endloop
  endfacet
  facet normal 0 0 1
    outer loop
      vertex 53 4.4 10.5
      vertex 59.3637 11.5433 10.5
      vertex 59.2542 11.6007 10.5
    endloop
  endfacet
  facet normal 0 0 1
    outer loop
      vertex 53 4.4 10.5
      vertex 59.2542 11.6007 10.5
      vertex 59.0588 11.742 10.5
    endloop
  endfacet
  facet normal 0 0 1
    outer loop
      vertex 53 4.4 10.5
      vertex 58.9796 11.8313 10.5
      vertex 58.8387 11.9902 10.5
    endloop
  endfacet
  facet normal 0 0 1
    outer loop
      vertex 53 15.4 10.5
      vertex 58.7627 12.1173 10.5
      vertex 58.6375 12.4258 10.5
    endloop
  endfacet
  facet normal 0 0 1
    outer loop
      vertex 53 15.4 10.5
      vertex 58.6089 12.6437 10.5
      vertex 58.5884 12.8 10.5
    endloop
  endfacet
  facet normal 0 0 1
    outer loop
      vertex 53 15.4 10.5
      vertex 58.6375 12.4258 10.5
      vertex 58.6089 12.6437 10.5
    endloop
  endfacet
  facet normal 0 0 1
    outer loop
      vertex 58.7627 12.1173 10.5
      vertex 53 15.4 10.5
      vertex 58.7827 12.0679 10.5
    endloop
  endfacet
  facet normal 0 0 1
    outer loop
      vertex 53 4.4 10.5
      vertex 58.7827 12.0679 10.5
      vertex 53 15.4 10.5
    endloop
  endfacet
  facet normal 0 0 1
    outer loop
      vertex 58.7827 12.0679 10.5
      vertex 53 4.4 10.5
      vertex 58.8387 11.9902 10.5
    endloop
  endfacet
  facet normal 0 0 1
    outer loop
      vertex 58.9796 11.8313 10.5
      vertex 53 4.4 10.5
      vertex 59.0588 11.742 10.5
    endloop
  endfacet
  facet normal 0 0 1
    outer loop
      vertex 60.0596 11.3876 10.5
      vertex 53 4.4 10.5
      vertex 67 4.4 10.5
    endloop
  endfacet
  facet normal 1 -0 0
    outer loop
      vertex 69 9.99712 2.86663
      vertex 69 15.4 0
      vertex 69 15.4 8.5
    endloop
  endfacet
  facet normal 1 0 0
    outer loop
      vertex 69 15.4 0
      vertex 69 10.3747 0.725467
      vertex 69 10.4 0
    endloop
  endfacet
  facet normal 1 0 0
    outer loop
      vertex 69 15.4 0
      vertex 69 10.2988 1.4474
      vertex 69 10.3747 0.725467
    endloop
  endfacet
  facet normal 1 0 0
    outer loop
      vertex 69 15.4 0
      vertex 69 10.1727 2.16228
      vertex 69 10.2988 1.4474
    endloop
  endfacet
  facet normal 1 0 0
    outer loop
      vertex 69 15.4 0
      vertex 69 9.99712 2.86663
      vertex 69 10.1727 2.16228
    endloop
  endfacet
  facet normal 1 0 0
    outer loop
      vertex 69 15.4 8.5
      vertex 69 9.7728 3.55701
      vertex 69 9.99712 2.86663
    endloop
  endfacet
  facet normal 1 0 0
    outer loop
      vertex 69 15.4 8.5
      vertex 69 9.50087 4.23006
      vertex 69 9.7728 3.55701
    endloop
  endfacet
  facet normal 1 0 0
    outer loop
      vertex 69 15.4 8.5
      vertex 69 9.18265 4.8825
      vertex 69 9.50087 4.23006
    endloop
  endfacet
  facet normal 1 0 0
    outer loop
      vertex 69 15.4 8.5
      vertex 69 8.8197 5.51116
      vertex 69 9.18265 4.8825
    endloop
  endfacet
  facet normal 1 0 0
    outer loop
      vertex 69 15.4 8.5
      vertex 69 8.41378 6.11297
      vertex 69 8.8197 5.51116
    endloop
  endfacet
  facet normal 1 0 0
    outer loop
      vertex 69 15.4 8.5
      vertex 69 7.96686 6.68499
      vertex 69 8.41378 6.11297
    endloop
  endfacet
  facet normal 1 0 0
    outer loop
      vertex 69 15.4 8.5
      vertex 69 7.48113 7.22445
      vertex 69 7.96686 6.68499
    endloop
  endfacet
  facet normal 1 0 0
    outer loop
      vertex 69 15.4 8.5
      vertex 69 6.95896 7.72871
      vertex 69 7.48113 7.22445
    endloop
  endfacet
  facet normal 1 0 0
    outer loop
      vertex 69 15.4 8.5
      vertex 69 6.40288 8.19531
      vertex 69 6.95896 7.72871
    endloop
  endfacet
  facet normal 1 0 -0
    outer loop
      vertex 69 6.40288 8.19531
      vertex 69 15.4 8.5
      vertex 69 5.98351 8.5
    endloop
  endfacet
  facet normal -0.773039 0 0.634358
    outer loop
      vertex 51.3371 4.4 9.61115
      vertex 51.5858 15.4 9.91422
      vertex 51.3371 15.4 9.61115
    endloop
  endfacet
  facet normal -0.773039 0 0.634358
    outer loop
      vertex 51.5858 15.4 9.91422
      vertex 51.3371 4.4 9.61115
      vertex 51.5858 4.4 9.91422
    endloop
  endfacet
  facet normal -0.88184 0 0.471549
    outer loop
      vertex 51.1522 4.71345 9.26537
      vertex 51.3371 15.4 9.61115
      vertex 51.1522 15.4 9.26537
    endloop
  endfacet
  facet normal -0.881856 -4.14877e-05 0.47152
    outer loop
      vertex 51.3371 4.4 9.61115
      vertex 51.1522 4.71345 9.26537
      vertex 51.1961 4.55906 9.34746
    endloop
  endfacet
  facet normal -0.881904 -0.000236618 0.471428
    outer loop
      vertex 51.3371 4.4 9.61115
      vertex 51.1961 4.55906 9.34746
      vertex 51.234 4.4 9.41828
    endloop
  endfacet
  facet normal -0.88184 0 0.471549
    outer loop
      vertex 51.1522 4.71345 9.26537
      vertex 51.3371 4.4 9.61115
      vertex 51.3371 15.4 9.61115
    endloop
  endfacet
  facet normal 0 1 0
    outer loop
      vertex 67 15.4 6.5
      vertex 67 15.4 10.5
      vertex 67.3902 15.4 10.4616
    endloop
  endfacet
  facet normal 0 1 0
    outer loop
      vertex 67 15.4 10.5
      vertex 67 15.4 6.5
      vertex 53 15.4 10.5
    endloop
  endfacet
  facet normal 0 1 0
    outer loop
      vertex 67 15.4 6.5
      vertex 67.3902 15.4 10.4616
      vertex 67.7654 15.4 10.3478
    endloop
  endfacet
  facet normal 0 1 0
    outer loop
      vertex 53 15.4 6.5
      vertex 53 15.4 10.5
      vertex 67 15.4 6.5
    endloop
  endfacet
  facet normal 0 1 0
    outer loop
      vertex 67 15.4 6.5
      vertex 67.7654 15.4 10.3478
      vertex 68.1111 15.4 10.1629
    endloop
  endfacet
  facet normal 0 1 0
    outer loop
      vertex 53 15.4 10.5
      vertex 53 15.4 6.5
      vertex 52.6098 15.4 10.4616
    endloop
  endfacet
  facet normal 0 1 0
    outer loop
      vertex 67 15.4 6.5
      vertex 68.1111 15.4 10.1629
      vertex 68.4142 15.4 9.91422
    endloop
  endfacet
  facet normal 0 1 0
    outer loop
      vertex 52.6098 15.4 10.4616
      vertex 53 15.4 6.5
      vertex 52.2346 15.4 10.3478
    endloop
  endfacet
  facet normal 0 1 0
    outer loop
      vertex 67 15.4 6.5
      vertex 68.4142 15.4 9.91422
      vertex 68.6629 15.4 9.61115
    endloop
  endfacet
  facet normal 0 1 0
    outer loop
      vertex 52.2346 15.4 10.3478
      vertex 53 15.4 6.5
      vertex 51.8889 15.4 10.1629
    endloop
  endfacet
  facet normal 0 1 0
    outer loop
      vertex 67 15.4 6.5
      vertex 68.6629 15.4 9.61115
      vertex 68.8478 15.4 9.26537
    endloop
  endfacet
  facet normal 0 1 0
    outer loop
      vertex 51.8889 15.4 10.1629
      vertex 53 15.4 6.5
      vertex 51.5858 15.4 9.91422
    endloop
  endfacet
  facet normal 0 1 0
    outer loop
      vertex 67 15.4 6.5
      vertex 68.8478 15.4 9.26537
      vertex 68.9616 15.4 8.89018
    endloop
  endfacet
  facet normal 0 1 0
    outer loop
      vertex 51.5858 15.4 9.91422
      vertex 53 15.4 6.5
      vertex 51.3371 15.4 9.61115
    endloop
  endfacet
  facet normal 0 1 0
    outer loop
      vertex 67 15.4 6.5
      vertex 68.9616 15.4 8.89018
      vertex 69 15.4 8.5
    endloop
  endfacet
  facet normal 0 1 0
    outer loop
      vertex 51.3371 15.4 9.61115
      vertex 53 15.4 6.5
      vertex 51.1522 15.4 9.26537
    endloop
  endfacet
  facet normal 0 1 0
    outer loop
      vertex 51.1522 15.4 9.26537
      vertex 53 15.4 6.5
      vertex 51.0384 15.4 8.89018
    endloop
  endfacet
  facet normal 0 1 -0
    outer loop
      vertex 69 15.4 0
      vertex 67 15.4 6.5
      vertex 69 15.4 8.5
    endloop
  endfacet
  facet normal 0 1 0
    outer loop
      vertex 67 15.4 6.5
      vertex 69 15.4 0
      vertex 67 15.4 0
    endloop
  endfacet
  facet normal 0 1 0
    outer loop
      vertex 51.0384 15.4 8.89018
      vertex 53 15.4 6.5
      vertex 51 15.4 8.5
    endloop
  endfacet
  facet normal 0 1 0
    outer loop
      vertex 51 15.4 0
      vertex 53 15.4 6.5
      vertex 53 15.4 0
    endloop
  endfacet
  facet normal 0 1 0
    outer loop
      vertex 53 15.4 6.5
      vertex 51 15.4 0
      vertex 51 15.4 8.5
    endloop
  endfacet
  facet normal 0.63429 0 0.773095
    outer loop
      vertex 68.1111 15.4 10.1629
      vertex 68.4142 4.4 9.91422
      vertex 68.4142 15.4 9.91422
    endloop
  endfacet
  facet normal 0.63429 0 0.773095
    outer loop
      vertex 68.4142 4.4 9.91422
      vertex 68.1111 15.4 10.1629
      vertex 68.1111 4.4 10.1629
    endloop
  endfacet
  facet normal 0.773039 -0 0.634358
    outer loop
      vertex 68.4142 4.4 9.91422
      vertex 68.6629 15.4 9.61115
      vertex 68.4142 15.4 9.91422
    endloop
  endfacet
  facet normal 0.773039 0 0.634358
    outer loop
      vertex 68.6629 15.4 9.61115
      vertex 68.4142 4.4 9.91422
      vertex 68.6629 4.4 9.61115
    endloop
  endfacet
  facet normal 0.290248 0 0.956951
    outer loop
      vertex 67.3902 15.4 10.4616
      vertex 67.7654 4.4 10.3478
      vertex 67.7654 15.4 10.3478
    endloop
  endfacet
  facet normal 0.290248 0 0.956951
    outer loop
      vertex 67.7654 4.4 10.3478
      vertex 67.3902 15.4 10.4616
      vertex 67.3902 4.4 10.4616
    endloop
  endfacet
  facet normal -0.097938 0 0.995193
    outer loop
      vertex 52.6098 15.4 10.4616
      vertex 53 4.4 10.5
      vertex 53 15.4 10.5
    endloop
  endfacet
  facet normal -0.097938 0 0.995193
    outer loop
      vertex 53 4.4 10.5
      vertex 52.6098 15.4 10.4616
      vertex 52.6098 4.4 10.4616
    endloop
  endfacet
  facet normal 0.956949 0 0.290255
    outer loop
      vertex 68.8478 15.4 9.26537
      vertex 68.9616 5.38641 8.89018
      vertex 68.9616 15.4 8.89018
    endloop
  endfacet
  facet normal 0.956798 -2.03553e-05 0.290753
    outer loop
      vertex 68.8478 15.4 9.26537
      vertex 68.9262 5.2 9.00666
      vertex 68.9616 5.38641 8.89018
    endloop
  endfacet
  facet normal 0.957021 0 0.290018
    outer loop
      vertex 68.9262 5.2 9.00666
      vertex 68.8478 15.4 9.26537
      vertex 68.8478 4.71345 9.26537
    endloop
  endfacet
  facet normal 0.471634 0 0.881795
    outer loop
      vertex 67.7654 15.4 10.3478
      vertex 68.1111 4.4 10.1629
      vertex 68.1111 15.4 10.1629
    endloop
  endfacet
  facet normal 0.471634 0 0.881795
    outer loop
      vertex 68.1111 4.4 10.1629
      vertex 67.7654 15.4 10.3478
      vertex 67.7654 4.4 10.3478
    endloop
  endfacet
  facet normal -0.471634 0 0.881795
    outer loop
      vertex 51.8889 15.4 10.1629
      vertex 52.2346 4.4 10.3478
      vertex 52.2346 15.4 10.3478
    endloop
  endfacet
  facet normal -0.471634 0 0.881795
    outer loop
      vertex 52.2346 4.4 10.3478
      vertex 51.8889 15.4 10.1629
      vertex 51.8889 4.4 10.1629
    endloop
  endfacet
  facet normal -0.956949 0 0.290255
    outer loop
      vertex 51.0384 5.38641 8.89018
      vertex 51.1522 15.4 9.26537
      vertex 51.0384 15.4 8.89018
    endloop
  endfacet
  facet normal -0.956798 -2.03553e-05 0.290753
    outer loop
      vertex 51.0738 5.2 9.00666
      vertex 51.1522 15.4 9.26537
      vertex 51.0384 5.38641 8.89018
    endloop
  endfacet
  facet normal -0.957021 0 0.290018
    outer loop
      vertex 51.1522 15.4 9.26537
      vertex 51.0738 5.2 9.00666
      vertex 51.1522 4.71345 9.26537
    endloop
  endfacet
  facet normal 0.995192 0 0.0979429
    outer loop
      vertex 68.9616 15.4 8.89018
      vertex 69 5.98351 8.5
      vertex 69 15.4 8.5
    endloop
  endfacet
  facet normal 0.995196 1.84904e-06 0.0978987
    outer loop
      vertex 68.9616 15.4 8.89018
      vertex 68.988 5.81561 8.62199
      vertex 69 5.98351 8.5
    endloop
  endfacet
  facet normal 0.99519 0 0.0979642
    outer loop
      vertex 68.988 5.81561 8.62199
      vertex 68.9616 15.4 8.89018
      vertex 68.9616 5.38641 8.89018
    endloop
  endfacet
  facet normal -0.760401 -0.649454 0
    outer loop
      vertex 0.732239 -18.6678 0
      vertex 0.477463 -18.3695 5
      vertex 0.477463 -18.3695 0
    endloop
  endfacet
  facet normal -0.760401 -0.649454 0
    outer loop
      vertex 0.477463 -18.3695 5
      vertex 0.732239 -18.6678 0
      vertex 0.732239 -18.6678 5
    endloop
  endfacet
  facet normal -0.996918 -0.0784509 0
    outer loop
      vertex 0.030777 -17.2911 0
      vertex 0 -16.9 5
      vertex 0 -16.9 0
    endloop
  endfacet
  facet normal -0.996918 -0.0784509 0
    outer loop
      vertex 0 -16.9 5
      vertex 0.030777 -17.2911 0
      vertex 0.030777 -17.2911 5
    endloop
  endfacet
  facet normal 1 -0 0
    outer loop
      vertex 0 6.95896 7.72871
      vertex 0 16.9 5
      vertex 0 25 23
    endloop
  endfacet
  facet normal 1 0 0
    outer loop
      vertex 0 16.9 5
      vertex 0 8.8197 5.51116
      vertex 0 9.11482 5
    endloop
  endfacet
  facet normal 1 0 0
    outer loop
      vertex 0 16.9 5
      vertex 0 8.41378 6.11297
      vertex 0 8.8197 5.51116
    endloop
  endfacet
  facet normal 1 0 0
    outer loop
      vertex 0 16.9 5
      vertex 0 7.96686 6.68499
      vertex 0 8.41378 6.11297
    endloop
  endfacet
  facet normal 1 0 0
    outer loop
      vertex 0 16.9 5
      vertex 0 7.48113 7.22445
      vertex 0 7.96686 6.68499
    endloop
  endfacet
  facet normal 1 0 0
    outer loop
      vertex 0 16.9 5
      vertex 0 6.95896 7.72871
      vertex 0 7.48113 7.22445
    endloop
  endfacet
  facet normal 1 0 0
    outer loop
      vertex 0 25 23
      vertex 0 6.40288 8.19531
      vertex 0 6.95896 7.72871
    endloop
  endfacet
  facet normal 1 -0 0
    outer loop
      vertex 0 1.3 17.5
      vertex 0 6.40288 8.19531
      vertex 0 25 23
    endloop
  endfacet
  facet normal 1 0 0
    outer loop
      vertex 0 6.40288 8.19531
      vertex 0 1.3 17.5
      vertex 0 5.81561 8.62199
    endloop
  endfacet
  facet normal 1 0 0
    outer loop
      vertex 0 5.81561 8.62199
      vertex 0 1.3 17.5
      vertex 0 5.2 9.00666
    endloop
  endfacet
  facet normal 1 -0 0
    outer loop
      vertex 0 1.24224 17.1168
      vertex 0 5.2 9.00666
      vertex 0 1.3 17.5
    endloop
  endfacet
  facet normal 1 0 0
    outer loop
      vertex 0 5.2 9.00666
      vertex 0 1.24224 17.1168
      vertex 0 4.55906 9.34746
    endloop
  endfacet
  facet normal 1 0 0
    outer loop
      vertex 0 4.55906 9.34746
      vertex 0 1.24224 17.1168
      vertex 0 3.89591 9.64271
    endloop
  endfacet
  facet normal 1 -0 0
    outer loop
      vertex 0 1.07411 16.7677
      vertex 0 3.89591 9.64271
      vertex 0 1.24224 17.1168
    endloop
  endfacet
  facet normal 1 0 0
    outer loop
      vertex 0 3.89591 9.64271
      vertex 0 1.07411 16.7677
      vertex 0 3.21378 9.89099
    endloop
  endfacet
  facet normal 1 0 0
    outer loop
      vertex 0 25 23
      vertex 0 1.24224 17.8832
      vertex 0 1.3 17.5
    endloop
  endfacet
  facet normal 1 0 0
    outer loop
      vertex 0 25 23
      vertex 0 1.07411 18.2323
      vertex 0 1.24224 17.8832
    endloop
  endfacet
  facet normal 1 0 0
    outer loop
      vertex 0 25 23
      vertex 0 0.810536 18.5164
      vertex 0 1.07411 18.2323
    endloop
  endfacet
  facet normal 1 0 0
    outer loop
      vertex 0 25 23
      vertex 0 0.474943 18.7101
      vertex 0 0.810536 18.5164
    endloop
  endfacet
  facet normal 1 -0 0
    outer loop
      vertex 0 -9 23
      vertex 0 0.474943 18.7101
      vertex 0 25 23
    endloop
  endfacet
  facet normal 1 0 0
    outer loop
      vertex 0 0.474943 18.7101
      vertex 0 -9 23
      vertex 0 0.0971489 18.7964
    endloop
  endfacet
  facet normal 1 0 0
    outer loop
      vertex 0 -9 23
      vertex 0 -1.28548 17.3062
      vertex 0 -1.28548 17.6938
    endloop
  endfacet
  facet normal 1 0 0
    outer loop
      vertex 0 -1.28548 17.3062
      vertex 0 -2.51599 10.0911
      vertex 0 -1.80594 10.242
    endloop
  endfacet
  facet normal 1 0 0
    outer loop
      vertex 0 -1.28548 17.3062
      vertex 0 -3.21378 9.89099
      vertex 0 -2.51599 10.0911
    endloop
  endfacet
  facet normal 1 0 0
    outer loop
      vertex 0 -1.28548 17.3062
      vertex 0 -3.89591 9.64271
      vertex 0 -3.21378 9.89099
    endloop
  endfacet
  facet normal 1 0 0
    outer loop
      vertex 0 -9 23
      vertex 0 -1.28548 17.6938
      vertex 0 -1.17126 18.064
    endloop
  endfacet
  facet normal 1 0 0
    outer loop
      vertex 0 -1.28548 17.3062
      vertex 0 -4.55906 9.34746
      vertex 0 -3.89591 9.64271
    endloop
  endfacet
  facet normal 1 0 0
    outer loop
      vertex 0 -1.28548 17.3062
      vertex 0 -13 19
      vertex 0 -4.55906 9.34746
    endloop
  endfacet
  facet normal 1 0 0
    outer loop
      vertex 0 -4.55906 9.34746
      vertex 0 -13 19
      vertex 0 -5.2 9.00666
    endloop
  endfacet
  facet normal 1 0 0
    outer loop
      vertex 0 -5.2 9.00666
      vertex 0 -13 19
      vertex 0 -5.81561 8.62199
    endloop
  endfacet
  facet normal 1 0 0
    outer loop
      vertex 0 -5.81561 8.62199
      vertex 0 -13 19
      vertex 0 -6.40288 8.19531
    endloop
  endfacet
  facet normal 1 0 0
    outer loop
      vertex 0 -6.40288 8.19531
      vertex 0 -13 19
      vertex 0 -6.95896 7.72871
    endloop
  endfacet
  facet normal 1 0 0
    outer loop
      vertex 0 -6.95896 7.72871
      vertex 0 -13 19
      vertex 0 -7.48113 7.22445
    endloop
  endfacet
  facet normal 1 0 0
    outer loop
      vertex 0 -13 5
      vertex 0 -7.48113 7.22445
      vertex 0 -13 19
    endloop
  endfacet
  facet normal 1 0 0
    outer loop
      vertex 0 -7.48113 7.22445
      vertex 0 -13 5
      vertex 0 -7.96686 6.68499
    endloop
  endfacet
  facet normal 1 0 0
    outer loop
      vertex 0 0.0971489 18.7964
      vertex 0 -9 23
      vertex 0 -0.289277 18.7674
    endloop
  endfacet
  facet normal 1 0 0
    outer loop
      vertex 0 -9 23
      vertex 0 -0.65 18.6258
      vertex 0 -0.289277 18.7674
    endloop
  endfacet
  facet normal 1 0 0
    outer loop
      vertex 0 -9 23
      vertex 0 -0.952967 18.3842
      vertex 0 -0.65 18.6258
    endloop
  endfacet
  facet normal 1 0 0
    outer loop
      vertex 0 -9 23
      vertex 0 -1.17126 18.064
      vertex 0 -0.952967 18.3842
    endloop
  endfacet
  facet normal 1 0 0
    outer loop
      vertex 0 -1.28548 17.3062
      vertex 0 -9 23
      vertex 0 -13 19
    endloop
  endfacet
  facet normal 1 0 0
    outer loop
      vertex 0 -7.96686 6.68499
      vertex 0 -13 5
      vertex 0 -8.41378 6.11297
    endloop
  endfacet
  facet normal 1 0 0
    outer loop
      vertex 0 -13 19
      vertex 0 -9 23
      vertex 0 -9.39827 22.9801
    endloop
  endfacet
  facet normal 1 0 0
    outer loop
      vertex 0 -13 19
      vertex 0 -9.39827 22.9801
      vertex 0 -9.79259 22.9207
    endloop
  endfacet
  facet normal 1 0 0
    outer loop
      vertex 0 -13 19
      vertex 0 -9.79259 22.9207
      vertex 0 -10.179 22.8223
    endloop
  endfacet
  facet normal 1 0 0
    outer loop
      vertex 0 -13 19
      vertex 0 -10.179 22.8223
      vertex 0 -10.5537 22.6859
    endloop
  endfacet
  facet normal 1 0 0
    outer loop
      vertex 0 -13 19
      vertex 0 -10.5537 22.6859
      vertex 0 -10.913 22.5129
    endloop
  endfacet
  facet normal 1 0 0
    outer loop
      vertex 0 -13 19
      vertex 0 -10.913 22.5129
      vertex 0 -11.2533 22.305
    endloop
  endfacet
  facet normal 1 0 0
    outer loop
      vertex 0 -13 19
      vertex 0 -11.2533 22.305
      vertex 0 -11.5712 22.0642
    endloop
  endfacet
  facet normal 1 0 0
    outer loop
      vertex 0 -13 19
      vertex 0 -11.5712 22.0642
      vertex 0 -11.8635 21.793
    endloop
  endfacet
  facet normal 1 0 0
    outer loop
      vertex 0 -13 19
      vertex 0 -11.8635 21.793
      vertex 0 -12.1273 21.494
    endloop
  endfacet
  facet normal 1 0 0
    outer loop
      vertex 0 -13 19
      vertex 0 -12.1273 21.494
      vertex 0 -12.3601 21.1702
    endloop
  endfacet
  facet normal 1 0 0
    outer loop
      vertex 0 -13 19
      vertex 0 -12.3601 21.1702
      vertex 0 -12.5595 20.8248
    endloop
  endfacet
  facet normal 1 0 0
    outer loop
      vertex 0 -13 19
      vertex 0 -12.5595 20.8248
      vertex 0 -12.7235 20.4614
    endloop
  endfacet
  facet normal 1 0 0
    outer loop
      vertex 0 -13 19
      vertex 0 -12.7235 20.4614
      vertex 0 -12.8505 20.0834
    endloop
  endfacet
  facet normal 1 0 0
    outer loop
      vertex 0 -13 19
      vertex 0 -12.8505 20.0834
      vertex 0 -12.9392 19.6946
    endloop
  endfacet
  facet normal 1 0 0
    outer loop
      vertex 0 -13 19
      vertex 0 -12.9392 19.6946
      vertex 0 -12.9888 19.2989
    endloop
  endfacet
  facet normal 1 0 0
    outer loop
      vertex 0 -8.41378 6.11297
      vertex 0 -13 5
      vertex 0 -8.8197 5.51116
    endloop
  endfacet
  facet normal 1 0 0
    outer loop
      vertex 0 -8.8197 5.51116
      vertex 0 -13 5
      vertex 0 -9.11482 5
    endloop
  endfacet
  facet normal 1 0 0
    outer loop
      vertex 0 25 23
      vertex 0 29 19
      vertex 0 28.9801 19.3983
    endloop
  endfacet
  facet normal 1 0 0
    outer loop
      vertex 0 25 23
      vertex 0 28.9801 19.3983
      vertex 0 28.9207 19.7926
    endloop
  endfacet
  facet normal 1 0 0
    outer loop
      vertex 0 25 23
      vertex 0 28.9207 19.7926
      vertex 0 28.8223 20.179
    endloop
  endfacet
  facet normal 1 0 0
    outer loop
      vertex 0 25 23
      vertex 0 28.8223 20.179
      vertex 0 28.6859 20.5537
    endloop
  endfacet
  facet normal 1 0 0
    outer loop
      vertex 0 25 23
      vertex 0 28.6859 20.5537
      vertex 0 28.5129 20.913
    endloop
  endfacet
  facet normal 1 0 0
    outer loop
      vertex 0 25 23
      vertex 0 28.5129 20.913
      vertex 0 28.305 21.2533
    endloop
  endfacet
  facet normal 1 0 0
    outer loop
      vertex 0 25 23
      vertex 0 28.305 21.2533
      vertex 0 28.0642 21.5712
    endloop
  endfacet
  facet normal 1 0 0
    outer loop
      vertex 0 25 23
      vertex 0 28.0642 21.5712
      vertex 0 27.793 21.8635
    endloop
  endfacet
  facet normal 1 0 0
    outer loop
      vertex 0 25 23
      vertex 0 27.793 21.8635
      vertex 0 27.494 22.1273
    endloop
  endfacet
  facet normal 1 0 0
    outer loop
      vertex 0 25 23
      vertex 0 27.494 22.1273
      vertex 0 27.1702 22.3601
    endloop
  endfacet
  facet normal 1 0 0
    outer loop
      vertex 0 25 23
      vertex 0 27.1702 22.3601
      vertex 0 26.8248 22.5595
    endloop
  endfacet
  facet normal 1 0 0
    outer loop
      vertex 0 25 23
      vertex 0 26.8248 22.5595
      vertex 0 26.4614 22.7235
    endloop
  endfacet
  facet normal 1 0 0
    outer loop
      vertex 0 25 23
      vertex 0 26.4614 22.7235
      vertex 0 26.0834 22.8505
    endloop
  endfacet
  facet normal 1 0 0
    outer loop
      vertex 0 25 23
      vertex 0 26.0834 22.8505
      vertex 0 25.6946 22.9392
    endloop
  endfacet
  facet normal 1 0 0
    outer loop
      vertex 0 25 23
      vertex 0 25.6946 22.9392
      vertex 0 25.2989 22.9888
    endloop
  endfacet
  facet normal 1 0 0
    outer loop
      vertex 0 29 19
      vertex 0 25 23
      vertex 0 16.9 5
    endloop
  endfacet
  facet normal 1 0 0
    outer loop
      vertex 0 29 19
      vertex 0 16.9 5
      vertex 0 29 0
    endloop
  endfacet
  facet normal 1 0 0
    outer loop
      vertex 0 29 0
      vertex 0 16.9 5
      vertex 0 16.9 0
    endloop
  endfacet
  facet normal 1 0 0
    outer loop
      vertex 0 3.21378 9.89099
      vertex 0 1.07411 16.7677
      vertex 0 2.51599 10.0911
    endloop
  endfacet
  facet normal 1 -0 0
    outer loop
      vertex 0 0.810536 16.4836
      vertex 0 2.51599 10.0911
      vertex 0 1.07411 16.7677
    endloop
  endfacet
  facet normal 1 0 0
    outer loop
      vertex 0 2.51599 10.0911
      vertex 0 0.810536 16.4836
      vertex 0 1.80594 10.242
    endloop
  endfacet
  facet normal 1 -0 0
    outer loop
      vertex 0 0.474943 16.2899
      vertex 0 1.80594 10.242
      vertex 0 0.810536 16.4836
    endloop
  endfacet
  facet normal 1 0 0
    outer loop
      vertex 0 1.80594 10.242
      vertex 0 0.474943 16.2899
      vertex 0 1.0871 10.343
    endloop
  endfacet
  facet normal 1 0 0
    outer loop
      vertex 0 0.474943 16.2899
      vertex 0 0.362954 10.3937
      vertex 0 1.0871 10.343
    endloop
  endfacet
  facet normal 1 -0 0
    outer loop
      vertex 0 0.0971489 16.2036
      vertex 0 0.362954 10.3937
      vertex 0 0.474943 16.2899
    endloop
  endfacet
  facet normal 1 0 0
    outer loop
      vertex 0 -0.362954 10.3937
      vertex 0 0.0971489 16.2036
      vertex 0 -0.289277 16.2326
    endloop
  endfacet
  facet normal 1 0 0
    outer loop
      vertex 0 0.0971489 16.2036
      vertex 0 -0.362954 10.3937
      vertex 0 0.362954 10.3937
    endloop
  endfacet
  facet normal 1 0 0
    outer loop
      vertex 0 -1.0871 10.343
      vertex 0 -0.289277 16.2326
      vertex 0 -0.65 16.3742
    endloop
  endfacet
  facet normal 1 0 0
    outer loop
      vertex 0 -1.80594 10.242
      vertex 0 -0.65 16.3742
      vertex 0 -0.952967 16.6158
    endloop
  endfacet
  facet normal 1 0 0
    outer loop
      vertex 0 -0.289277 16.2326
      vertex 0 -1.0871 10.343
      vertex 0 -0.362954 10.3937
    endloop
  endfacet
  facet normal 1 0 0
    outer loop
      vertex 0 -1.80594 10.242
      vertex 0 -0.952967 16.6158
      vertex 0 -1.17126 16.936
    endloop
  endfacet
  facet normal 1 0 0
    outer loop
      vertex 0 -1.80594 10.242
      vertex 0 -1.17126 16.936
      vertex 0 -1.28548 17.3062
    endloop
  endfacet
  facet normal 1 0 0
    outer loop
      vertex 0 -0.65 16.3742
      vertex 0 -1.80594 10.242
      vertex 0 -1.0871 10.343
    endloop
  endfacet
  facet normal -1 0 0
    outer loop
      vertex 0 -16.9 0
      vertex 0 -13 5
      vertex 0 -13 0
    endloop
  endfacet
  facet normal -1 -0 0
    outer loop
      vertex 0 -13 5
      vertex 0 -16.9 0
      vertex 0 -16.9 5
    endloop
  endfacet
  facet normal -0.0785132 -0.996913 0
    outer loop
      vertex 2.10892 -19.3692 0
      vertex 2.5 -19.4 5
      vertex 2.10892 -19.3692 5
    endloop
  endfacet
  facet normal -0.0785132 -0.996913 -0
    outer loop
      vertex 2.5 -19.4 5
      vertex 2.10892 -19.3692 0
      vertex 2.5 -19.4 0
    endloop
  endfacet
  facet normal -0.522544 -0.852613 0
    outer loop
      vertex 1.03053 -18.9225 0
      vertex 1.36502 -19.1275 5
      vertex 1.03053 -18.9225 5
    endloop
  endfacet
  facet normal -0.522544 -0.852613 -0
    outer loop
      vertex 1.36502 -19.1275 5
      vertex 1.03053 -18.9225 0
      vertex 1.36502 -19.1275 0
    endloop
  endfacet
  facet normal 0.233492 -0.972359 0
    outer loop
      vertex 6.89108 -19.3692 0
      vertex 7.27254 -19.2776 5
      vertex 6.89108 -19.3692 5
    endloop
  endfacet
  facet normal 0.233492 -0.972359 0
    outer loop
      vertex 7.27254 -19.2776 5
      vertex 6.89108 -19.3692 0
      vertex 7.27254 -19.2776 0
    endloop
  endfacet
  facet normal 0.0785132 -0.996913 0
    outer loop
      vertex 6.5 -19.4 0
      vertex 6.89108 -19.3692 5
      vertex 6.5 -19.4 5
    endloop
  endfacet
  facet normal 0.0785132 -0.996913 0
    outer loop
      vertex 6.89108 -19.3692 5
      vertex 6.5 -19.4 0
      vertex 6.89108 -19.3692 0
    endloop
  endfacet
  facet normal 0 -1 0
    outer loop
      vertex 2.5 -19.4 0
      vertex 6.5 -19.4 5
      vertex 2.5 -19.4 5
    endloop
  endfacet
  facet normal 0 -1 -0
    outer loop
      vertex 6.5 -19.4 5
      vertex 2.5 -19.4 0
      vertex 6.5 -19.4 0
    endloop
  endfacet
  facet normal -0.852634 -0.522508 0
    outer loop
      vertex 0.477463 -18.3695 0
      vertex 0.272476 -18.035 5
      vertex 0.272476 -18.035 0
    endloop
  endfacet
  facet normal -0.852634 -0.522508 0
    outer loop
      vertex 0.272476 -18.035 5
      vertex 0.477463 -18.3695 0
      vertex 0.477463 -18.3695 5
    endloop
  endfacet
  facet normal -0.923912 -0.382604 0
    outer loop
      vertex 0.272476 -18.035 0
      vertex 0.12236 -17.6725 5
      vertex 0.12236 -17.6725 0
    endloop
  endfacet
  facet normal -0.923912 -0.382604 0
    outer loop
      vertex 0.12236 -17.6725 5
      vertex 0.272476 -18.035 0
      vertex 0.272476 -18.035 5
    endloop
  endfacet
  facet normal -0.97236 -0.233486 0
    outer loop
      vertex 0.12236 -17.6725 0
      vertex 0.030777 -17.2911 5
      vertex 0.030777 -17.2911 0
    endloop
  endfacet
  facet normal -0.97236 -0.233486 0
    outer loop
      vertex 0.030777 -17.2911 5
      vertex 0.12236 -17.6725 0
      vertex 0.12236 -17.6725 5
    endloop
  endfacet
  facet normal -0.382623 -0.923904 0
    outer loop
      vertex 1.36502 -19.1275 0
      vertex 1.72746 -19.2776 5
      vertex 1.36502 -19.1275 5
    endloop
  endfacet
  facet normal -0.382623 -0.923904 -0
    outer loop
      vertex 1.72746 -19.2776 5
      vertex 1.36502 -19.1275 0
      vertex 1.72746 -19.2776 0
    endloop
  endfacet
  facet normal -0 0 1
    outer loop
      vertex 5.71836 -15.1242 5
      vertex 8.20001 -18.7256 5
      vertex 8.20001 -9.11482 5
    endloop
  endfacet
  facet normal -0 -0 1
    outer loop
      vertex 5.775 -15.5 5
      vertex 8.20001 -18.7256 5
      vertex 5.71836 -15.1242 5
    endloop
  endfacet
  facet normal -0 0 1
    outer loop
      vertex 5.55345 -16.2182 5
      vertex 8.20001 -18.7256 5
      vertex 5.71836 -15.8758 5
    endloop
  endfacet
  facet normal 0 0 1
    outer loop
      vertex 8.20001 -18.7256 5
      vertex 5.55345 -16.2182 5
      vertex 7.96947 -18.9225 5
    endloop
  endfacet
  facet normal 0 0 1
    outer loop
      vertex 7.96947 -18.9225 5
      vertex 5.55345 -16.2182 5
      vertex 7.63498 -19.1275 5
    endloop
  endfacet
  facet normal 0 0 1
    outer loop
      vertex 7.63498 -19.1275 5
      vertex 5.55345 -16.2182 5
      vertex 7.27254 -19.2776 5
    endloop
  endfacet
  facet normal -0 0 1
    outer loop
      vertex 5.71836 -15.8758 5
      vertex 8.20001 -18.7256 5
      vertex 5.775 -15.5 5
    endloop
  endfacet
  facet normal 0 0 1
    outer loop
      vertex 8.20001 -9.11482 5
      vertex 5.55345 -14.7818 5
      vertex 5.71836 -15.1242 5
    endloop
  endfacet
  facet normal 0 0 1
    outer loop
      vertex 8.20001 -9.11482 5
      vertex 5.29495 -14.5032 5
      vertex 5.55345 -14.7818 5
    endloop
  endfacet
  facet normal 0 0 1
    outer loop
      vertex 8.20001 -9.11482 5
      vertex 4.96581 -14.3131 5
      vertex 5.29495 -14.5032 5
    endloop
  endfacet
  facet normal 0 0 1
    outer loop
      vertex 8.20001 -9.11482 5
      vertex 4.59528 -14.2286 5
      vertex 4.96581 -14.3131 5
    endloop
  endfacet
  facet normal 0 0 1
    outer loop
      vertex 8.20001 -9.11482 5
      vertex 4.21629 -14.257 5
      vertex 4.59528 -14.2286 5
    endloop
  endfacet
  facet normal -0 0 1
    outer loop
      vertex 0 -9.11482 5
      vertex 4.21629 -14.257 5
      vertex 8.20001 -9.11482 5
    endloop
  endfacet
  facet normal -0 0 1
    outer loop
      vertex 0 -13 5
      vertex 4.21629 -14.257 5
      vertex 0 -9.11482 5
    endloop
  endfacet
  facet normal 0 0 1
    outer loop
      vertex 0 -16.9 5
      vertex 3.23924 -15.69 5
      vertex 3.23924 -15.31 5
    endloop
  endfacet
  facet normal 0 0 1
    outer loop
      vertex 3.23924 -15.69 5
      vertex 2.10892 -19.3692 5
      vertex 2.5 -19.4 5
    endloop
  endfacet
  facet normal 0 0 1
    outer loop
      vertex 3.23924 -15.69 5
      vertex 1.72746 -19.2776 5
      vertex 2.10892 -19.3692 5
    endloop
  endfacet
  facet normal 0 0 1
    outer loop
      vertex 0 -13 5
      vertex 3.23924 -15.31 5
      vertex 3.35126 -14.9468 5
    endloop
  endfacet
  facet normal 0 0 1
    outer loop
      vertex 3.23924 -15.69 5
      vertex 1.36502 -19.1275 5
      vertex 1.72746 -19.2776 5
    endloop
  endfacet
  facet normal 0 0 1
    outer loop
      vertex 3.23924 -15.69 5
      vertex 1.03053 -18.9225 5
      vertex 1.36502 -19.1275 5
    endloop
  endfacet
  facet normal 0 0 1
    outer loop
      vertex 3.23924 -15.69 5
      vertex 0.732239 -18.6678 5
      vertex 1.03053 -18.9225 5
    endloop
  endfacet
  facet normal 0 0 1
    outer loop
      vertex 0 -13 5
      vertex 3.35126 -14.9468 5
      vertex 3.56536 -14.6328 5
    endloop
  endfacet
  facet normal 0 0 1
    outer loop
      vertex 3.23924 -15.69 5
      vertex 0.477463 -18.3695 5
      vertex 0.732239 -18.6678 5
    endloop
  endfacet
  facet normal 0 0 1
    outer loop
      vertex 3.23924 -15.69 5
      vertex 0.272476 -18.035 5
      vertex 0.477463 -18.3695 5
    endloop
  endfacet
  facet normal 0 0 1
    outer loop
      vertex 4.21629 -14.257 5
      vertex 0 -13 5
      vertex 3.8625 -14.3958 5
    endloop
  endfacet
  facet normal 0 0 1
    outer loop
      vertex 3.23924 -15.69 5
      vertex 0 -16.9 5
      vertex 0.030777 -17.2911 5
    endloop
  endfacet
  facet normal 0 0 1
    outer loop
      vertex 3.23924 -15.69 5
      vertex 0.12236 -17.6725 5
      vertex 0.272476 -18.035 5
    endloop
  endfacet
  facet normal 0 0 1
    outer loop
      vertex 3.8625 -14.3958 5
      vertex 0 -13 5
      vertex 3.56536 -14.6328 5
    endloop
  endfacet
  facet normal 0 0 1
    outer loop
      vertex 3.23924 -15.31 5
      vertex 0 -13 5
      vertex 0 -16.9 5
    endloop
  endfacet
  facet normal 0 0 1
    outer loop
      vertex 3.23924 -15.69 5
      vertex 0.030777 -17.2911 5
      vertex 0.12236 -17.6725 5
    endloop
  endfacet
  facet normal -0 0 1
    outer loop
      vertex 5.29495 -16.4968 5
      vertex 7.27254 -19.2776 5
      vertex 5.55345 -16.2182 5
    endloop
  endfacet
  facet normal 0 0 1
    outer loop
      vertex 7.27254 -19.2776 5
      vertex 5.29495 -16.4968 5
      vertex 6.89108 -19.3692 5
    endloop
  endfacet
  facet normal 0 0 1
    outer loop
      vertex 6.89108 -19.3692 5
      vertex 5.29495 -16.4968 5
      vertex 6.5 -19.4 5
    endloop
  endfacet
  facet normal -0 0 1
    outer loop
      vertex 4.96581 -16.6869 5
      vertex 6.5 -19.4 5
      vertex 5.29495 -16.4968 5
    endloop
  endfacet
  facet normal -0 0 1
    outer loop
      vertex 4.59528 -16.7714 5
      vertex 6.5 -19.4 5
      vertex 4.96581 -16.6869 5
    endloop
  endfacet
  facet normal 0 0 1
    outer loop
      vertex 2.5 -19.4 5
      vertex 4.59528 -16.7714 5
      vertex 4.21629 -16.743 5
    endloop
  endfacet
  facet normal 0 0 1
    outer loop
      vertex 2.5 -19.4 5
      vertex 4.21629 -16.743 5
      vertex 3.8625 -16.6042 5
    endloop
  endfacet
  facet normal 0 0 1
    outer loop
      vertex 2.5 -19.4 5
      vertex 3.8625 -16.6042 5
      vertex 3.56536 -16.3672 5
    endloop
  endfacet
  facet normal 0 0 1
    outer loop
      vertex 4.59528 -16.7714 5
      vertex 2.5 -19.4 5
      vertex 6.5 -19.4 5
    endloop
  endfacet
  facet normal 0 0 1
    outer loop
      vertex 3.35126 -16.0532 5
      vertex 2.5 -19.4 5
      vertex 3.56536 -16.3672 5
    endloop
  endfacet
  facet normal 0 0 1
    outer loop
      vertex 2.5 -19.4 5
      vertex 3.35126 -16.0532 5
      vertex 3.23924 -15.69 5
    endloop
  endfacet
  facet normal -0.649353 -0.760487 0
    outer loop
      vertex 0.732239 -18.6678 0
      vertex 1.03053 -18.9225 5
      vertex 0.732239 -18.6678 5
    endloop
  endfacet
  facet normal -0.649353 -0.760487 -0
    outer loop
      vertex 1.03053 -18.9225 5
      vertex 0.732239 -18.6678 0
      vertex 1.03053 -18.9225 0
    endloop
  endfacet
  facet normal -0.233492 -0.972359 0
    outer loop
      vertex 1.72746 -19.2776 0
      vertex 2.10892 -19.3692 5
      vertex 1.72746 -19.2776 5
    endloop
  endfacet
  facet normal -0.233492 -0.972359 -0
    outer loop
      vertex 2.10892 -19.3692 5
      vertex 1.72746 -19.2776 0
      vertex 2.10892 -19.3692 0
    endloop
  endfacet
  facet normal 0.382623 -0.923904 0
    outer loop
      vertex 7.27254 -19.2776 0
      vertex 7.63498 -19.1275 5
      vertex 7.27254 -19.2776 5
    endloop
  endfacet
  facet normal 0.382623 -0.923904 0
    outer loop
      vertex 7.63498 -19.1275 5
      vertex 7.27254 -19.2776 0
      vertex 7.63498 -19.1275 0
    endloop
  endfacet
  facet normal 0.649449 -0.760406 0
    outer loop
      vertex 7.96947 -18.9225 0
      vertex 8.20001 -18.7256 5
      vertex 7.96947 -18.9225 5
    endloop
  endfacet
  facet normal 0.649449 -0.760406 0
    outer loop
      vertex 8.20001 -18.7256 5
      vertex 7.96947 -18.9225 0
      vertex 8.20001 -18.7256 0
    endloop
  endfacet
  facet normal 0.522544 -0.852613 0
    outer loop
      vertex 7.63498 -19.1275 0
      vertex 7.96947 -18.9225 5
      vertex 7.63498 -19.1275 5
    endloop
  endfacet
  facet normal 0.522544 -0.852613 0
    outer loop
      vertex 7.96947 -18.9225 5
      vertex 7.63498 -19.1275 0
      vertex 7.96947 -18.9225 0
    endloop
  endfacet
  facet normal 0.0785132 0.996913 -0
    outer loop
      vertex 6.89108 19.3692 0
      vertex 6.5 19.4 5
      vertex 6.89108 19.3692 5
    endloop
  endfacet
  facet normal 0.0785132 0.996913 0
    outer loop
      vertex 6.5 19.4 5
      vertex 6.89108 19.3692 0
      vertex 6.5 19.4 0
    endloop
  endfacet
  facet normal -0.233492 0.972359 0
    outer loop
      vertex 2.10892 19.3692 0
      vertex 1.72746 19.2776 5
      vertex 2.10892 19.3692 5
    endloop
  endfacet
  facet normal -0.233492 0.972359 0
    outer loop
      vertex 1.72746 19.2776 5
      vertex 2.10892 19.3692 0
      vertex 1.72746 19.2776 0
    endloop
  endfacet
  facet normal -0.649353 0.760487 0
    outer loop
      vertex 1.03053 18.9225 0
      vertex 0.732239 18.6678 5
      vertex 1.03053 18.9225 5
    endloop
  endfacet
  facet normal -0.649353 0.760487 0
    outer loop
      vertex 0.732239 18.6678 5
      vertex 1.03053 18.9225 0
      vertex 0.732239 18.6678 0
    endloop
  endfacet
  facet normal -0.0785132 0.996913 0
    outer loop
      vertex 2.5 19.4 0
      vertex 2.10892 19.3692 5
      vertex 2.5 19.4 5
    endloop
  endfacet
  facet normal -0.0785132 0.996913 0
    outer loop
      vertex 2.10892 19.3692 5
      vertex 2.5 19.4 0
      vertex 2.10892 19.3692 0
    endloop
  endfacet
  facet normal 0 1 -0
    outer loop
      vertex 6.5 19.4 0
      vertex 2.5 19.4 5
      vertex 6.5 19.4 5
    endloop
  endfacet
  facet normal 0 1 0
    outer loop
      vertex 2.5 19.4 5
      vertex 6.5 19.4 0
      vertex 2.5 19.4 0
    endloop
  endfacet
  facet normal 0.996917 0.0784585 0
    outer loop
      vertex 9 16.9 5
      vertex 8.96922 17.2911 0
      vertex 8.96922 17.2911 5
    endloop
  endfacet
  facet normal 0.996917 0.0784585 0
    outer loop
      vertex 8.96922 17.2911 0
      vertex 9 16.9 5
      vertex 9 16.9 0
    endloop
  endfacet
  facet normal -0.852634 0.522508 0
    outer loop
      vertex 0.272476 18.035 0
      vertex 0.477463 18.3695 5
      vertex 0.477463 18.3695 0
    endloop
  endfacet
  facet normal -0.852634 0.522508 0
    outer loop
      vertex 0.477463 18.3695 5
      vertex 0.272476 18.035 0
      vertex 0.272476 18.035 5
    endloop
  endfacet
  facet normal -0.996918 0.0784509 0
    outer loop
      vertex 0 16.9 0
      vertex 0.030777 17.2911 5
      vertex 0.030777 17.2911 0
    endloop
  endfacet
  facet normal -0.996918 0.0784509 0
    outer loop
      vertex 0.030777 17.2911 5
      vertex 0 16.9 0
      vertex 0 16.9 5
    endloop
  endfacet
  facet normal -0.522544 0.852613 0
    outer loop
      vertex 1.36502 19.1275 0
      vertex 1.03053 18.9225 5
      vertex 1.36502 19.1275 5
    endloop
  endfacet
  facet normal -0.522544 0.852613 0
    outer loop
      vertex 1.03053 18.9225 5
      vertex 1.36502 19.1275 0
      vertex 1.03053 18.9225 0
    endloop
  endfacet
  facet normal 1 -0 0
    outer loop
      vertex 9 10.2988 1.4474
      vertex 9 16.9 0
      vertex 9 16.9 5
    endloop
  endfacet
  facet normal 1 0 0
    outer loop
      vertex 9 16.9 0
      vertex 9 10.3747 0.725467
      vertex 9 10.4 0
    endloop
  endfacet
  facet normal 1 0 0
    outer loop
      vertex 9 16.9 0
      vertex 9 10.2988 1.4474
      vertex 9 10.3747 0.725467
    endloop
  endfacet
  facet normal 1 0 0
    outer loop
      vertex 9 16.9 5
      vertex 9 10.1727 2.16228
      vertex 9 10.2988 1.4474
    endloop
  endfacet
  facet normal 1 0 0
    outer loop
      vertex 9 16.9 5
      vertex 9 9.99712 2.86663
      vertex 9 10.1727 2.16228
    endloop
  endfacet
  facet normal 1 0 0
    outer loop
      vertex 9 16.9 5
      vertex 9 9.7728 3.55701
      vertex 9 9.99712 2.86663
    endloop
  endfacet
  facet normal 1 0 0
    outer loop
      vertex 9 16.9 5
      vertex 9 9.50087 4.23006
      vertex 9 9.7728 3.55701
    endloop
  endfacet
  facet normal 1 0 0
    outer loop
      vertex 9 16.9 5
      vertex 9 9.18265 4.8825
      vertex 9 9.50087 4.23006
    endloop
  endfacet
  facet normal 1 0 -0
    outer loop
      vertex 9 9.18265 4.8825
      vertex 9 16.9 5
      vertex 9 9.11482 5
    endloop
  endfacet
  facet normal 0.522544 0.852613 -0
    outer loop
      vertex 7.96947 18.9225 0
      vertex 7.63498 19.1275 5
      vertex 7.96947 18.9225 5
    endloop
  endfacet
  facet normal 0.522544 0.852613 0
    outer loop
      vertex 7.63498 19.1275 5
      vertex 7.96947 18.9225 0
      vertex 7.63498 19.1275 0
    endloop
  endfacet
  facet normal -0.760401 0.649454 0
    outer loop
      vertex 0.477463 18.3695 0
      vertex 0.732239 18.6678 5
      vertex 0.732239 18.6678 0
    endloop
  endfacet
  facet normal -0.760401 0.649454 0
    outer loop
      vertex 0.732239 18.6678 5
      vertex 0.477463 18.3695 0
      vertex 0.477463 18.3695 5
    endloop
  endfacet
  facet normal -0.923912 0.382604 0
    outer loop
      vertex 0.12236 17.6725 0
      vertex 0.272476 18.035 5
      vertex 0.272476 18.035 0
    endloop
  endfacet
  facet normal -0.923912 0.382604 0
    outer loop
      vertex 0.272476 18.035 5
      vertex 0.12236 17.6725 0
      vertex 0.12236 17.6725 5
    endloop
  endfacet
  facet normal 0 0 1
    outer loop
      vertex 9 16.9 5
      vertex 5.71836 15.8758 5
      vertex 5.775 15.5 5
    endloop
  endfacet
  facet normal 0 0 1
    outer loop
      vertex 6.89108 19.3692 5
      vertex 5.55345 16.2182 5
      vertex 5.71836 15.8758 5
    endloop
  endfacet
  facet normal 0 0 1
    outer loop
      vertex 6.89108 19.3692 5
      vertex 5.29495 16.4968 5
      vertex 5.55345 16.2182 5
    endloop
  endfacet
  facet normal 0 0 1
    outer loop
      vertex 6.5 19.4 5
      vertex 4.96581 16.6869 5
      vertex 5.29495 16.4968 5
    endloop
  endfacet
  facet normal 0 0 1
    outer loop
      vertex 6.5 19.4 5
      vertex 4.59528 16.7714 5
      vertex 4.96581 16.6869 5
    endloop
  endfacet
  facet normal -0 0 1
    outer loop
      vertex 2.5 19.4 5
      vertex 4.59528 16.7714 5
      vertex 6.5 19.4 5
    endloop
  endfacet
  facet normal 0 0 1
    outer loop
      vertex 4.59528 16.7714 5
      vertex 2.5 19.4 5
      vertex 4.21629 16.743 5
    endloop
  endfacet
  facet normal 0 0 1
    outer loop
      vertex 4.21629 16.743 5
      vertex 2.5 19.4 5
      vertex 3.8625 16.6042 5
    endloop
  endfacet
  facet normal -0 0 1
    outer loop
      vertex 1.36502 19.1275 5
      vertex 3.56536 16.3672 5
      vertex 1.72746 19.2776 5
    endloop
  endfacet
  facet normal -0 0 1
    outer loop
      vertex 1.72746 19.2776 5
      vertex 3.56536 16.3672 5
      vertex 2.10892 19.3692 5
    endloop
  endfacet
  facet normal -0 0 1
    outer loop
      vertex 2.10892 19.3692 5
      vertex 3.56536 16.3672 5
      vertex 2.5 19.4 5
    endloop
  endfacet
  facet normal 0 0 1
    outer loop
      vertex 3.8625 16.6042 5
      vertex 2.5 19.4 5
      vertex 3.56536 16.3672 5
    endloop
  endfacet
  facet normal 0 0 1
    outer loop
      vertex 5.71836 15.8758 5
      vertex 9 16.9 5
      vertex 8.96922 17.2911 5
    endloop
  endfacet
  facet normal 0 0 1
    outer loop
      vertex 5.71836 15.8758 5
      vertex 8.96922 17.2911 5
      vertex 8.87764 17.6725 5
    endloop
  endfacet
  facet normal 0 0 1
    outer loop
      vertex 5.71836 15.8758 5
      vertex 8.87764 17.6725 5
      vertex 8.72752 18.035 5
    endloop
  endfacet
  facet normal 0 0 1
    outer loop
      vertex 5.71836 15.8758 5
      vertex 8.72752 18.035 5
      vertex 8.52254 18.3695 5
    endloop
  endfacet
  facet normal 0 0 1
    outer loop
      vertex 5.71836 15.8758 5
      vertex 8.52254 18.3695 5
      vertex 8.26776 18.6678 5
    endloop
  endfacet
  facet normal 0 0 1
    outer loop
      vertex 5.71836 15.8758 5
      vertex 8.26776 18.6678 5
      vertex 7.96947 18.9225 5
    endloop
  endfacet
  facet normal 0 0 1
    outer loop
      vertex 5.71836 15.8758 5
      vertex 7.96947 18.9225 5
      vertex 7.63498 19.1275 5
    endloop
  endfacet
  facet normal 0 0 1
    outer loop
      vertex 5.71836 15.8758 5
      vertex 7.63498 19.1275 5
      vertex 7.27254 19.2776 5
    endloop
  endfacet
  facet normal 0 0 1
    outer loop
      vertex 5.71836 15.8758 5
      vertex 7.27254 19.2776 5
      vertex 6.89108 19.3692 5
    endloop
  endfacet
  facet normal 0 0 1
    outer loop
      vertex 5.29495 16.4968 5
      vertex 6.89108 19.3692 5
      vertex 6.5 19.4 5
    endloop
  endfacet
  facet normal 0 0 1
    outer loop
      vertex 9 16.9 5
      vertex 5.775 15.5 5
      vertex 5.71836 15.1242 5
    endloop
  endfacet
  facet normal 0 0 1
    outer loop
      vertex 5.55345 14.7818 5
      vertex 9 16.9 5
      vertex 5.71836 15.1242 5
    endloop
  endfacet
  facet normal 0 0 1
    outer loop
      vertex 9 16.9 5
      vertex 5.55345 14.7818 5
      vertex 9 9.11482 5
    endloop
  endfacet
  facet normal -0 0 1
    outer loop
      vertex 5.29495 14.5032 5
      vertex 9 9.11482 5
      vertex 5.55345 14.7818 5
    endloop
  endfacet
  facet normal -0 0 1
    outer loop
      vertex 4.96581 14.3131 5
      vertex 9 9.11482 5
      vertex 5.29495 14.5032 5
    endloop
  endfacet
  facet normal -0 0 1
    outer loop
      vertex 4.59528 14.2286 5
      vertex 9 9.11482 5
      vertex 4.96581 14.3131 5
    endloop
  endfacet
  facet normal 0 0 1
    outer loop
      vertex 0 9.11482 5
      vertex 4.59528 14.2286 5
      vertex 4.21629 14.257 5
    endloop
  endfacet
  facet normal 0 0 1
    outer loop
      vertex 0 9.11482 5
      vertex 4.21629 14.257 5
      vertex 3.8625 14.3958 5
    endloop
  endfacet
  facet normal 0 0 1
    outer loop
      vertex 0 9.11482 5
      vertex 3.8625 14.3958 5
      vertex 3.56536 14.6328 5
    endloop
  endfacet
  facet normal -0 0 1
    outer loop
      vertex 1.03053 18.9225 5
      vertex 3.56536 16.3672 5
      vertex 1.36502 19.1275 5
    endloop
  endfacet
  facet normal -0 0 1
    outer loop
      vertex 0.732239 18.6678 5
      vertex 3.56536 16.3672 5
      vertex 1.03053 18.9225 5
    endloop
  endfacet
  facet normal -0 0 1
    outer loop
      vertex 0.477463 18.3695 5
      vertex 3.56536 16.3672 5
      vertex 0.732239 18.6678 5
    endloop
  endfacet
  facet normal 0 0 1
    outer loop
      vertex 3.56536 16.3672 5
      vertex 0.477463 18.3695 5
      vertex 3.35126 16.0532 5
    endloop
  endfacet
  facet normal -0 0 1
    outer loop
      vertex 0.272476 18.035 5
      vertex 3.35126 16.0532 5
      vertex 0.477463 18.3695 5
    endloop
  endfacet
  facet normal -0 0 1
    outer loop
      vertex 0.12236 17.6725 5
      vertex 3.35126 16.0532 5
      vertex 0.272476 18.035 5
    endloop
  endfacet
  facet normal -0 0 1
    outer loop
      vertex 0.030777 17.2911 5
      vertex 3.35126 16.0532 5
      vertex 0.12236 17.6725 5
    endloop
  endfacet
  facet normal -0 0 1
    outer loop
      vertex 0 16.9 5
      vertex 3.35126 16.0532 5
      vertex 0.030777 17.2911 5
    endloop
  endfacet
  facet normal 0 0 1
    outer loop
      vertex 3.35126 16.0532 5
      vertex 0 16.9 5
      vertex 3.23924 15.69 5
    endloop
  endfacet
  facet normal 0 0 1
    outer loop
      vertex 3.23924 15.69 5
      vertex 0 16.9 5
      vertex 3.23924 15.31 5
    endloop
  endfacet
  facet normal 0 0 1
    outer loop
      vertex 0 9.11482 5
      vertex 3.35126 14.9468 5
      vertex 0 16.9 5
    endloop
  endfacet
  facet normal 0 0 1
    outer loop
      vertex 3.23924 15.31 5
      vertex 0 16.9 5
      vertex 3.35126 14.9468 5
    endloop
  endfacet
  facet normal 0 0 1
    outer loop
      vertex 3.35126 14.9468 5
      vertex 0 9.11482 5
      vertex 3.56536 14.6328 5
    endloop
  endfacet
  facet normal 0 0 1
    outer loop
      vertex 4.59528 14.2286 5
      vertex 0 9.11482 5
      vertex 9 9.11482 5
    endloop
  endfacet
  facet normal -0.97236 0.233486 0
    outer loop
      vertex 0.030777 17.2911 0
      vertex 0.12236 17.6725 5
      vertex 0.12236 17.6725 0
    endloop
  endfacet
  facet normal -0.97236 0.233486 0
    outer loop
      vertex 0.12236 17.6725 5
      vertex 0.030777 17.2911 0
      vertex 0.030777 17.2911 5
    endloop
  endfacet
  facet normal -0.382623 0.923904 0
    outer loop
      vertex 1.72746 19.2776 0
      vertex 1.36502 19.1275 5
      vertex 1.72746 19.2776 5
    endloop
  endfacet
  facet normal -0.382623 0.923904 0
    outer loop
      vertex 1.36502 19.1275 5
      vertex 1.72746 19.2776 0
      vertex 1.36502 19.1275 0
    endloop
  endfacet
  facet normal 0.923909 0.382613 0
    outer loop
      vertex 8.87764 17.6725 5
      vertex 8.72752 18.035 0
      vertex 8.72752 18.035 5
    endloop
  endfacet
  facet normal 0.923909 0.382613 0
    outer loop
      vertex 8.72752 18.035 0
      vertex 8.87764 17.6725 5
      vertex 8.87764 17.6725 0
    endloop
  endfacet
  facet normal 0.233492 0.972359 -0
    outer loop
      vertex 7.27254 19.2776 0
      vertex 6.89108 19.3692 5
      vertex 7.27254 19.2776 5
    endloop
  endfacet
  facet normal 0.233492 0.972359 0
    outer loop
      vertex 6.89108 19.3692 5
      vertex 7.27254 19.2776 0
      vertex 6.89108 19.3692 0
    endloop
  endfacet
  facet normal 0.382623 0.923904 -0
    outer loop
      vertex 7.63498 19.1275 0
      vertex 7.27254 19.2776 5
      vertex 7.63498 19.1275 5
    endloop
  endfacet
  facet normal 0.382623 0.923904 0
    outer loop
      vertex 7.27254 19.2776 5
      vertex 7.63498 19.1275 0
      vertex 7.27254 19.2776 0
    endloop
  endfacet
  facet normal 0.972362 0.233479 0
    outer loop
      vertex 8.96922 17.2911 5
      vertex 8.87764 17.6725 0
      vertex 8.87764 17.6725 5
    endloop
  endfacet
  facet normal 0.972362 0.233479 0
    outer loop
      vertex 8.87764 17.6725 0
      vertex 8.96922 17.2911 5
      vertex 8.96922 17.2911 0
    endloop
  endfacet
  facet normal 0.852642 0.522495 0
    outer loop
      vertex 8.72752 18.035 5
      vertex 8.52254 18.3695 0
      vertex 8.52254 18.3695 5
    endloop
  endfacet
  facet normal 0.852642 0.522495 0
    outer loop
      vertex 8.52254 18.3695 0
      vertex 8.72752 18.035 5
      vertex 8.72752 18.035 0
    endloop
  endfacet
  facet normal 0.649354 0.760486 -0
    outer loop
      vertex 8.26776 18.6678 0
      vertex 7.96947 18.9225 5
      vertex 8.26776 18.6678 5
    endloop
  endfacet
  facet normal 0.649354 0.760486 0
    outer loop
      vertex 7.96947 18.9225 5
      vertex 8.26776 18.6678 0
      vertex 7.96947 18.9225 0
    endloop
  endfacet
  facet normal 0.760396 0.649459 0
    outer loop
      vertex 8.52254 18.3695 5
      vertex 8.26776 18.6678 0
      vertex 8.26776 18.6678 5
    endloop
  endfacet
  facet normal 0.760396 0.649459 0
    outer loop
      vertex 8.26776 18.6678 0
      vertex 8.52254 18.3695 5
      vertex 8.52254 18.3695 0
    endloop
  endfacet
  facet normal 0.97235 -0.233527 0
    outer loop
      vertex 71.8776 -17.6725 5
      vertex 71.9692 -17.2911 0
      vertex 71.9692 -17.2911 5
    endloop
  endfacet
  facet normal 0.97235 -0.233527 0
    outer loop
      vertex 71.9692 -17.2911 0
      vertex 71.8776 -17.6725 5
      vertex 71.8776 -17.6725 0
    endloop
  endfacet
  facet normal -0.760497 -0.649342 0
    outer loop
      vertex 63.7322 -18.6678 0
      vertex 63.4775 -18.3695 5
      vertex 63.4775 -18.3695 0
    endloop
  endfacet
  facet normal -0.760497 -0.649342 0
    outer loop
      vertex 63.4775 -18.3695 5
      vertex 63.7322 -18.6678 0
      vertex 63.7322 -18.6678 5
    endloop
  endfacet
  facet normal 0.382569 -0.923927 0
    outer loop
      vertex 70.2725 -19.2776 0
      vertex 70.635 -19.1275 5
      vertex 70.2725 -19.2776 5
    endloop
  endfacet
  facet normal 0.382569 -0.923927 0
    outer loop
      vertex 70.635 -19.1275 5
      vertex 70.2725 -19.2776 0
      vertex 70.635 -19.1275 0
    endloop
  endfacet
  facet normal -1 0 0
    outer loop
      vertex 63 -16.9 0
      vertex 63 -10.3747 0.725467
      vertex 63 -10.4 0
    endloop
  endfacet
  facet normal -1 0 0
    outer loop
      vertex 63 -16.9 0
      vertex 63 -10.2988 1.4474
      vertex 63 -10.3747 0.725467
    endloop
  endfacet
  facet normal -1 0 0
    outer loop
      vertex 63 -16.9 0
      vertex 63 -10.1727 2.16228
      vertex 63 -10.2988 1.4474
    endloop
  endfacet
  facet normal -1 0 0
    outer loop
      vertex 63 -16.9 5
      vertex 63 -10.1727 2.16228
      vertex 63 -16.9 0
    endloop
  endfacet
  facet normal -1 0 0
    outer loop
      vertex 63 -10.1727 2.16228
      vertex 63 -16.9 5
      vertex 63 -9.99712 2.86663
    endloop
  endfacet
  facet normal -1 0 0
    outer loop
      vertex 63 -9.99712 2.86663
      vertex 63 -16.9 5
      vertex 63 -9.7728 3.55701
    endloop
  endfacet
  facet normal -1 0 0
    outer loop
      vertex 63 -9.7728 3.55701
      vertex 63 -16.9 5
      vertex 63 -9.50087 4.23006
    endloop
  endfacet
  facet normal -1 0 0
    outer loop
      vertex 63 -9.50087 4.23006
      vertex 63 -16.9 5
      vertex 63 -9.18265 4.8825
    endloop
  endfacet
  facet normal -1 0 0
    outer loop
      vertex 63 -9.18265 4.8825
      vertex 63 -16.9 5
      vertex 63 -9.11482 5
    endloop
  endfacet
  facet normal -0.0785092 -0.996913 0
    outer loop
      vertex 65.1089 -19.3692 0
      vertex 65.5 -19.4 5
      vertex 65.1089 -19.3692 5
    endloop
  endfacet
  facet normal -0.0785092 -0.996913 -0
    outer loop
      vertex 65.5 -19.4 5
      vertex 65.1089 -19.3692 0
      vertex 65.5 -19.4 0
    endloop
  endfacet
  facet normal -0.97235 -0.233527 0
    outer loop
      vertex 63.1224 -17.6725 0
      vertex 63.0308 -17.2911 5
      vertex 63.0308 -17.2911 0
    endloop
  endfacet
  facet normal -0.97235 -0.233527 0
    outer loop
      vertex 63.0308 -17.2911 5
      vertex 63.1224 -17.6725 0
      vertex 63.1224 -17.6725 5
    endloop
  endfacet
  facet normal -0.522532 -0.85262 0
    outer loop
      vertex 64.0305 -18.9225 0
      vertex 64.365 -19.1275 5
      vertex 64.0305 -18.9225 5
    endloop
  endfacet
  facet normal -0.522532 -0.85262 -0
    outer loop
      vertex 64.365 -19.1275 5
      vertex 64.0305 -18.9225 0
      vertex 64.365 -19.1275 0
    endloop
  endfacet
  facet normal -0.996913 -0.0785092 0
    outer loop
      vertex 63.0308 -17.2911 0
      vertex 63 -16.9 5
      vertex 63 -16.9 0
    endloop
  endfacet
  facet normal -0.996913 -0.0785092 0
    outer loop
      vertex 63 -16.9 5
      vertex 63.0308 -17.2911 0
      vertex 63.0308 -17.2911 5
    endloop
  endfacet
  facet normal 1 0 0
    outer loop
      vertex 72 10.2988 1.4474
      vertex 72 10.4 0
      vertex 72 10.3747 0.725467
    endloop
  endfacet
  facet normal 1 0 0
    outer loop
      vertex 72 10.1727 2.16228
      vertex 72 10.4 0
      vertex 72 10.2988 1.4474
    endloop
  endfacet
  facet normal 1 0 0
    outer loop
      vertex 72 9.99712 2.86663
      vertex 72 10.4 0
      vertex 72 10.1727 2.16228
    endloop
  endfacet
  facet normal 1 0 0
    outer loop
      vertex 72 9.7728 3.55701
      vertex 72 10.4 0
      vertex 72 9.99712 2.86663
    endloop
  endfacet
  facet normal 1 0 0
    outer loop
      vertex 72 9.50087 4.23006
      vertex 72 10.4 0
      vertex 72 9.7728 3.55701
    endloop
  endfacet
  facet normal 1 0 0
    outer loop
      vertex 72 9.18265 4.8825
      vertex 72 10.4 0
      vertex 72 9.50087 4.23006
    endloop
  endfacet
  facet normal 1 0 0
    outer loop
      vertex 72 8.8197 5.51116
      vertex 72 10.4 0
      vertex 72 9.18265 4.8825
    endloop
  endfacet
  facet normal 1 0 0
    outer loop
      vertex 72 8.41378 6.11297
      vertex 72 10.4 0
      vertex 72 8.8197 5.51116
    endloop
  endfacet
  facet normal 1 0 0
    outer loop
      vertex 72 7.96686 6.68499
      vertex 72 10.4 0
      vertex 72 8.41378 6.11297
    endloop
  endfacet
  facet normal 1 0 0
    outer loop
      vertex 72 7.48113 7.22445
      vertex 72 10.4 0
      vertex 72 7.96686 6.68499
    endloop
  endfacet
  facet normal 1 0 0
    outer loop
      vertex 72 6.95896 7.72871
      vertex 72 10.4 0
      vertex 72 7.48113 7.22445
    endloop
  endfacet
  facet normal 1 0 0
    outer loop
      vertex 72 6.40288 8.19531
      vertex 72 10.4 0
      vertex 72 6.95896 7.72871
    endloop
  endfacet
  facet normal 1 0 0
    outer loop
      vertex 72 5.81561 8.62199
      vertex 72 10.4 0
      vertex 72 6.40288 8.19531
    endloop
  endfacet
  facet normal 1 0 0
    outer loop
      vertex 72 5.2 9.00666
      vertex 72 10.4 0
      vertex 72 5.81561 8.62199
    endloop
  endfacet
  facet normal 1 0 0
    outer loop
      vertex 72 4.55906 9.34746
      vertex 72 10.4 0
      vertex 72 5.2 9.00666
    endloop
  endfacet
  facet normal 1 0 0
    outer loop
      vertex 72 3.89591 9.64271
      vertex 72 10.4 0
      vertex 72 4.55906 9.34746
    endloop
  endfacet
  facet normal 1 0 0
    outer loop
      vertex 72 3.21378 9.89099
      vertex 72 10.4 0
      vertex 72 3.89591 9.64271
    endloop
  endfacet
  facet normal 1 0 0
    outer loop
      vertex 72 2.51599 10.0911
      vertex 72 10.4 0
      vertex 72 3.21378 9.89099
    endloop
  endfacet
  facet normal 1 0 0
    outer loop
      vertex 72 1.80594 10.242
      vertex 72 10.4 0
      vertex 72 2.51599 10.0911
    endloop
  endfacet
  facet normal 1 0 0
    outer loop
      vertex 72 1.0871 10.343
      vertex 72 10.4 0
      vertex 72 1.80594 10.242
    endloop
  endfacet
  facet normal 1 0 0
    outer loop
      vertex 72 0.362954 10.3937
      vertex 72 10.4 0
      vertex 72 1.0871 10.343
    endloop
  endfacet
  facet normal 1 -0 0
    outer loop
      vertex 72 -0.362954 10.3937
      vertex 72 10.4 0
      vertex 72 0.362954 10.3937
    endloop
  endfacet
  facet normal 1 -0 0
    outer loop
      vertex 72 -1.0871 10.343
      vertex 72 10.4 0
      vertex 72 -0.362954 10.3937
    endloop
  endfacet
  facet normal 1 -0 0
    outer loop
      vertex 72 -1.80594 10.242
      vertex 72 10.4 0
      vertex 72 -1.0871 10.343
    endloop
  endfacet
  facet normal 1 -0 0
    outer loop
      vertex 72 -2.51599 10.0911
      vertex 72 10.4 0
      vertex 72 -1.80594 10.242
    endloop
  endfacet
  facet normal 1 -0 0
    outer loop
      vertex 72 -3.21378 9.89099
      vertex 72 10.4 0
      vertex 72 -2.51599 10.0911
    endloop
  endfacet
  facet normal 1 -0 0
    outer loop
      vertex 72 -3.89591 9.64271
      vertex 72 10.4 0
      vertex 72 -3.21378 9.89099
    endloop
  endfacet
  facet normal 1 -0 0
    outer loop
      vertex 72 -4.55906 9.34746
      vertex 72 10.4 0
      vertex 72 -3.89591 9.64271
    endloop
  endfacet
  facet normal 1 -0 0
    outer loop
      vertex 72 -5.2 9.00666
      vertex 72 10.4 0
      vertex 72 -4.55906 9.34746
    endloop
  endfacet
  facet normal 1 -0 0
    outer loop
      vertex 72 -5.81561 8.62199
      vertex 72 10.4 0
      vertex 72 -5.2 9.00666
    endloop
  endfacet
  facet normal 1 -0 0
    outer loop
      vertex 72 -6.40288 8.19531
      vertex 72 10.4 0
      vertex 72 -5.81561 8.62199
    endloop
  endfacet
  facet normal 1 -0 0
    outer loop
      vertex 72 -6.95896 7.72871
      vertex 72 10.4 0
      vertex 72 -6.40288 8.19531
    endloop
  endfacet
  facet normal 1 -0 0
    outer loop
      vertex 72 -7.48113 7.22445
      vertex 72 10.4 0
      vertex 72 -6.95896 7.72871
    endloop
  endfacet
  facet normal 1 -0 0
    outer loop
      vertex 72 -7.96686 6.68499
      vertex 72 10.4 0
      vertex 72 -7.48113 7.22445
    endloop
  endfacet
  facet normal 1 -0 0
    outer loop
      vertex 72 -8.41378 6.11297
      vertex 72 10.4 0
      vertex 72 -7.96686 6.68499
    endloop
  endfacet
  facet normal 1 -0 0
    outer loop
      vertex 72 -8.8197 5.51116
      vertex 72 10.4 0
      vertex 72 -8.41378 6.11297
    endloop
  endfacet
  facet normal 1 -0 0
    outer loop
      vertex 72 -9.11482 5
      vertex 72 10.4 0
      vertex 72 -8.8197 5.51116
    endloop
  endfacet
  facet normal 1 0 0
    outer loop
      vertex 72 -16.9 0
      vertex 72 -9.11482 5
      vertex 72 -16.9 5
    endloop
  endfacet
  facet normal 1 0 0
    outer loop
      vertex 72 -9.11482 5
      vertex 72 -16.9 0
      vertex 72 10.4 0
    endloop
  endfacet
  facet normal 0.996913 -0.0785092 0
    outer loop
      vertex 71.9692 -17.2911 5
      vertex 72 -16.9 0
      vertex 72 -16.9 5
    endloop
  endfacet
  facet normal 0.996913 -0.0785092 0
    outer loop
      vertex 72 -16.9 0
      vertex 71.9692 -17.2911 5
      vertex 71.9692 -17.2911 0
    endloop
  endfacet
  facet normal 0.522532 -0.85262 0
    outer loop
      vertex 70.635 -19.1275 0
      vertex 70.9695 -18.9225 5
      vertex 70.635 -19.1275 5
    endloop
  endfacet
  facet normal 0.522532 -0.85262 0
    outer loop
      vertex 70.9695 -18.9225 5
      vertex 70.635 -19.1275 0
      vertex 70.9695 -18.9225 0
    endloop
  endfacet
  facet normal 0.923927 -0.382569 0
    outer loop
      vertex 71.7275 -18.035 5
      vertex 71.8776 -17.6725 0
      vertex 71.8776 -17.6725 5
    endloop
  endfacet
  facet normal 0.923927 -0.382569 0
    outer loop
      vertex 71.8776 -17.6725 0
      vertex 71.7275 -18.035 5
      vertex 71.7275 -18.035 0
    endloop
  endfacet
  facet normal 0.760497 -0.649342 0
    outer loop
      vertex 71.2678 -18.6678 5
      vertex 71.5225 -18.3695 0
      vertex 71.5225 -18.3695 5
    endloop
  endfacet
  facet normal 0.760497 -0.649342 0
    outer loop
      vertex 71.5225 -18.3695 0
      vertex 71.2678 -18.6678 5
      vertex 71.2678 -18.6678 0
    endloop
  endfacet
  facet normal 0.85262 -0.522532 0
    outer loop
      vertex 71.5225 -18.3695 5
      vertex 71.7275 -18.035 0
      vertex 71.7275 -18.035 5
    endloop
  endfacet
  facet normal 0.85262 -0.522532 0
    outer loop
      vertex 71.7275 -18.035 0
      vertex 71.5225 -18.3695 5
      vertex 71.5225 -18.3695 0
    endloop
  endfacet
  facet normal 0.233527 -0.97235 0
    outer loop
      vertex 69.8911 -19.3692 0
      vertex 70.2725 -19.2776 5
      vertex 69.8911 -19.3692 5
    endloop
  endfacet
  facet normal 0.233527 -0.97235 0
    outer loop
      vertex 70.2725 -19.2776 5
      vertex 69.8911 -19.3692 0
      vertex 70.2725 -19.2776 0
    endloop
  endfacet
  facet normal 0.0785092 -0.996913 0
    outer loop
      vertex 69.5 -19.4 0
      vertex 69.8911 -19.3692 5
      vertex 69.5 -19.4 5
    endloop
  endfacet
  facet normal 0.0785092 -0.996913 0
    outer loop
      vertex 69.8911 -19.3692 5
      vertex 69.5 -19.4 0
      vertex 69.8911 -19.3692 0
    endloop
  endfacet
  facet normal 0 -1 0
    outer loop
      vertex 65.5 -19.4 0
      vertex 69.5 -19.4 5
      vertex 65.5 -19.4 5
    endloop
  endfacet
  facet normal 0 -1 -0
    outer loop
      vertex 69.5 -19.4 5
      vertex 65.5 -19.4 0
      vertex 69.5 -19.4 0
    endloop
  endfacet
  facet normal -0.85262 -0.522532 0
    outer loop
      vertex 63.4775 -18.3695 0
      vertex 63.2725 -18.035 5
      vertex 63.2725 -18.035 0
    endloop
  endfacet
  facet normal -0.85262 -0.522532 0
    outer loop
      vertex 63.2725 -18.035 5
      vertex 63.4775 -18.3695 0
      vertex 63.4775 -18.3695 5
    endloop
  endfacet
  facet normal -0.923927 -0.382569 0
    outer loop
      vertex 63.2725 -18.035 0
      vertex 63.1224 -17.6725 5
      vertex 63.1224 -17.6725 0
    endloop
  endfacet
  facet normal -0.923927 -0.382569 0
    outer loop
      vertex 63.1224 -17.6725 5
      vertex 63.2725 -18.035 0
      vertex 63.2725 -18.035 5
    endloop
  endfacet
  facet normal -0.382569 -0.923927 0
    outer loop
      vertex 64.365 -19.1275 0
      vertex 64.7275 -19.2776 5
      vertex 64.365 -19.1275 5
    endloop
  endfacet
  facet normal -0.382569 -0.923927 -0
    outer loop
      vertex 64.7275 -19.2776 5
      vertex 64.365 -19.1275 0
      vertex 64.7275 -19.2776 0
    endloop
  endfacet
  facet normal -0 0 1
    outer loop
      vertex 68.5535 -14.7818 5
      vertex 72 -16.9 5
      vertex 72 -9.11482 5
    endloop
  endfacet
  facet normal -0 -0 1
    outer loop
      vertex 68.775 -15.5 5
      vertex 72 -16.9 5
      vertex 68.7184 -15.1242 5
    endloop
  endfacet
  facet normal -0 0 1
    outer loop
      vertex 68.7184 -15.8758 5
      vertex 72 -16.9 5
      vertex 68.775 -15.5 5
    endloop
  endfacet
  facet normal -0 0 1
    outer loop
      vertex 68.5535 -16.2182 5
      vertex 72 -16.9 5
      vertex 68.7184 -15.8758 5
    endloop
  endfacet
  facet normal 0 0 1
    outer loop
      vertex 72 -16.9 5
      vertex 68.5535 -16.2182 5
      vertex 71.9692 -17.2911 5
    endloop
  endfacet
  facet normal 0 0 1
    outer loop
      vertex 71.9692 -17.2911 5
      vertex 68.5535 -16.2182 5
      vertex 71.8776 -17.6725 5
    endloop
  endfacet
  facet normal 0 0 1
    outer loop
      vertex 71.8776 -17.6725 5
      vertex 68.5535 -16.2182 5
      vertex 71.7275 -18.035 5
    endloop
  endfacet
  facet normal 0 0 1
    outer loop
      vertex 71.5225 -18.3695 5
      vertex 68.5535 -16.2182 5
      vertex 71.2678 -18.6678 5
    endloop
  endfacet
  facet normal 0 0 1
    outer loop
      vertex 71.2678 -18.6678 5
      vertex 68.5535 -16.2182 5
      vertex 70.9695 -18.9225 5
    endloop
  endfacet
  facet normal 0 0 1
    outer loop
      vertex 70.9695 -18.9225 5
      vertex 68.5535 -16.2182 5
      vertex 70.635 -19.1275 5
    endloop
  endfacet
  facet normal 0 0 1
    outer loop
      vertex 70.635 -19.1275 5
      vertex 68.5535 -16.2182 5
      vertex 70.2725 -19.2776 5
    endloop
  endfacet
  facet normal 0 0 1
    outer loop
      vertex 71.7275 -18.035 5
      vertex 68.5535 -16.2182 5
      vertex 71.5225 -18.3695 5
    endloop
  endfacet
  facet normal 0 0 1
    outer loop
      vertex 72 -16.9 5
      vertex 68.5535 -14.7818 5
      vertex 68.7184 -15.1242 5
    endloop
  endfacet
  facet normal 0 0 1
    outer loop
      vertex 72 -9.11482 5
      vertex 68.295 -14.5032 5
      vertex 68.5535 -14.7818 5
    endloop
  endfacet
  facet normal 0 0 1
    outer loop
      vertex 72 -9.11482 5
      vertex 67.9658 -14.3131 5
      vertex 68.295 -14.5032 5
    endloop
  endfacet
  facet normal 0 0 1
    outer loop
      vertex 72 -9.11482 5
      vertex 67.5953 -14.2286 5
      vertex 67.9658 -14.3131 5
    endloop
  endfacet
  facet normal -0 0 1
    outer loop
      vertex 63 -9.11482 5
      vertex 67.5953 -14.2286 5
      vertex 72 -9.11482 5
    endloop
  endfacet
  facet normal 0 0 1
    outer loop
      vertex 67.5953 -14.2286 5
      vertex 63 -9.11482 5
      vertex 67.2163 -14.257 5
    endloop
  endfacet
  facet normal 0 0 1
    outer loop
      vertex 67.2163 -14.257 5
      vertex 63 -9.11482 5
      vertex 66.8625 -14.3958 5
    endloop
  endfacet
  facet normal 0 0 1
    outer loop
      vertex 63 -16.9 5
      vertex 66.2392 -15.69 5
      vertex 66.2392 -15.31 5
    endloop
  endfacet
  facet normal 0 0 1
    outer loop
      vertex 66.2392 -15.69 5
      vertex 65.1089 -19.3692 5
      vertex 65.5 -19.4 5
    endloop
  endfacet
  facet normal 0 0 1
    outer loop
      vertex 66.2392 -15.69 5
      vertex 64.7275 -19.2776 5
      vertex 65.1089 -19.3692 5
    endloop
  endfacet
  facet normal 0 0 1
    outer loop
      vertex 63 -16.9 5
      vertex 66.2392 -15.31 5
      vertex 66.3513 -14.9468 5
    endloop
  endfacet
  facet normal 0 0 1
    outer loop
      vertex 66.2392 -15.69 5
      vertex 64.365 -19.1275 5
      vertex 64.7275 -19.2776 5
    endloop
  endfacet
  facet normal 0 0 1
    outer loop
      vertex 66.2392 -15.69 5
      vertex 64.0305 -18.9225 5
      vertex 64.365 -19.1275 5
    endloop
  endfacet
  facet normal 0 0 1
    outer loop
      vertex 66.2392 -15.69 5
      vertex 63.7322 -18.6678 5
      vertex 64.0305 -18.9225 5
    endloop
  endfacet
  facet normal 0 0 1
    outer loop
      vertex 63 -9.11482 5
      vertex 66.3513 -14.9468 5
      vertex 66.5654 -14.6328 5
    endloop
  endfacet
  facet normal 0 0 1
    outer loop
      vertex 66.2392 -15.69 5
      vertex 63.4775 -18.3695 5
      vertex 63.7322 -18.6678 5
    endloop
  endfacet
  facet normal 0 0 1
    outer loop
      vertex 66.2392 -15.69 5
      vertex 63.2725 -18.035 5
      vertex 63.4775 -18.3695 5
    endloop
  endfacet
  facet normal 0 0 1
    outer loop
      vertex 66.2392 -15.69 5
      vertex 63.1224 -17.6725 5
      vertex 63.2725 -18.035 5
    endloop
  endfacet
  facet normal 0 0 1
    outer loop
      vertex 66.8625 -14.3958 5
      vertex 63 -9.11482 5
      vertex 66.5654 -14.6328 5
    endloop
  endfacet
  facet normal 0 0 1
    outer loop
      vertex 66.2392 -15.69 5
      vertex 63 -16.9 5
      vertex 63.0308 -17.2911 5
    endloop
  endfacet
  facet normal 0 0 1
    outer loop
      vertex 66.3513 -14.9468 5
      vertex 63 -9.11482 5
      vertex 63 -16.9 5
    endloop
  endfacet
  facet normal 0 0 1
    outer loop
      vertex 66.2392 -15.69 5
      vertex 63.0308 -17.2911 5
      vertex 63.1224 -17.6725 5
    endloop
  endfacet
  facet normal -0 0 1
    outer loop
      vertex 68.295 -16.4968 5
      vertex 70.2725 -19.2776 5
      vertex 68.5535 -16.2182 5
    endloop
  endfacet
  facet normal 0 0 1
    outer loop
      vertex 70.2725 -19.2776 5
      vertex 68.295 -16.4968 5
      vertex 69.8911 -19.3692 5
    endloop
  endfacet
  facet normal 0 0 1
    outer loop
      vertex 69.8911 -19.3692 5
      vertex 68.295 -16.4968 5
      vertex 69.5 -19.4 5
    endloop
  endfacet
  facet normal -0 0 1
    outer loop
      vertex 67.9658 -16.6869 5
      vertex 69.5 -19.4 5
      vertex 68.295 -16.4968 5
    endloop
  endfacet
  facet normal -0 0 1
    outer loop
      vertex 67.5953 -16.7714 5
      vertex 69.5 -19.4 5
      vertex 67.9658 -16.6869 5
    endloop
  endfacet
  facet normal 0 0 1
    outer loop
      vertex 65.5 -19.4 5
      vertex 67.5953 -16.7714 5
      vertex 67.2163 -16.743 5
    endloop
  endfacet
  facet normal 0 0 1
    outer loop
      vertex 65.5 -19.4 5
      vertex 67.2163 -16.743 5
      vertex 66.8625 -16.6042 5
    endloop
  endfacet
  facet normal 0 0 1
    outer loop
      vertex 65.5 -19.4 5
      vertex 66.8625 -16.6042 5
      vertex 66.5654 -16.3672 5
    endloop
  endfacet
  facet normal 0 0 1
    outer loop
      vertex 67.5953 -16.7714 5
      vertex 65.5 -19.4 5
      vertex 69.5 -19.4 5
    endloop
  endfacet
  facet normal 0 0 1
    outer loop
      vertex 66.3513 -16.0532 5
      vertex 65.5 -19.4 5
      vertex 66.5654 -16.3672 5
    endloop
  endfacet
  facet normal 0 0 1
    outer loop
      vertex 65.5 -19.4 5
      vertex 66.3513 -16.0532 5
      vertex 66.2392 -15.69 5
    endloop
  endfacet
  facet normal -0.649342 -0.760497 0
    outer loop
      vertex 63.7322 -18.6678 0
      vertex 64.0305 -18.9225 5
      vertex 63.7322 -18.6678 5
    endloop
  endfacet
  facet normal -0.649342 -0.760497 -0
    outer loop
      vertex 64.0305 -18.9225 5
      vertex 63.7322 -18.6678 0
      vertex 64.0305 -18.9225 0
    endloop
  endfacet
  facet normal -0.233527 -0.97235 0
    outer loop
      vertex 64.7275 -19.2776 0
      vertex 65.1089 -19.3692 5
      vertex 64.7275 -19.2776 5
    endloop
  endfacet
  facet normal -0.233527 -0.97235 -0
    outer loop
      vertex 65.1089 -19.3692 5
      vertex 64.7275 -19.2776 0
      vertex 65.1089 -19.3692 0
    endloop
  endfacet
  facet normal 0.649342 -0.760497 0
    outer loop
      vertex 70.9695 -18.9225 0
      vertex 71.2678 -18.6678 5
      vertex 70.9695 -18.9225 5
    endloop
  endfacet
  facet normal 0.649342 -0.760497 0
    outer loop
      vertex 71.2678 -18.6678 5
      vertex 70.9695 -18.9225 0
      vertex 71.2678 -18.6678 0
    endloop
  endfacet
  facet normal 0 0.898792 0.438375
    outer loop
      vertex 72 9.50087 4.23006
      vertex 69 9.18265 4.8825
      vertex 72 9.18265 4.8825
    endloop
  endfacet
  facet normal 0 0.898792 0.438375
    outer loop
      vertex 69 9.18265 4.8825
      vertex 72 9.50087 4.23006
      vertex 69 9.50087 4.23006
    endloop
  endfacet
  facet normal 0 0.898792 0.438375
    outer loop
      vertex 51 9.50087 4.23006
      vertex 9 9.18265 4.8825
      vertex 51 9.18265 4.8825
    endloop
  endfacet
  facet normal 0 0.898792 0.438375
    outer loop
      vertex 9 9.18265 4.8825
      vertex 51 9.50087 4.23006
      vertex 9 9.50087 4.23006
    endloop
  endfacet
  facet normal -0 0.342026 0.93969
    outer loop
      vertex 0 3.89591 9.64271
      vertex 72 3.21378 9.89099
      vertex 72 3.89591 9.64271
    endloop
  endfacet
  facet normal 0 0.342026 0.93969
    outer loop
      vertex 72 3.21378 9.89099
      vertex 0 3.89591 9.64271
      vertex 0 3.21378 9.89099
    endloop
  endfacet
  facet normal 9.41851e-08 -0.406733 0.913547
    outer loop
      vertex 72 -3.89591 9.64271
      vertex 39.8 -4 9.59637
      vertex 72 -4.55906 9.34746
    endloop
  endfacet
  facet normal 0 -0.406708 0.913558
    outer loop
      vertex 72 -3.89591 9.64271
      vertex 8.20001 -4 9.59637
      vertex 39.8 -4 9.59637
    endloop
  endfacet
  facet normal 0 -0.406708 0.913558
    outer loop
      vertex 0 -3.89591 9.64271
      vertex 8.20001 -4 9.59637
      vertex 72 -3.89591 9.64271
    endloop
  endfacet
  facet normal -3.69848e-07 -0.406733 0.913547
    outer loop
      vertex 0 -4.55906 9.34746
      vertex 8.20001 -4 9.59637
      vertex 0 -3.89591 9.64271
    endloop
  endfacet
  facet normal 0 -0.406737 0.913545
    outer loop
      vertex 8.20001 -4 9.59637
      vertex 0 -4.55906 9.34746
      vertex 8.20001 -4.55906 9.34746
    endloop
  endfacet
  facet normal 0 -0.406737 0.913545
    outer loop
      vertex 72 -4.55906 9.34746
      vertex 39.8 -4 9.59637
      vertex 39.8 -4.55906 9.34746
    endloop
  endfacet
  facet normal 0 -0.898792 0.438375
    outer loop
      vertex 39.8 -9.50087 4.23006
      vertex 63 -9.18265 4.8825
      vertex 39.8 -9.18265 4.8825
    endloop
  endfacet
  facet normal 0 -0.898792 0.438375
    outer loop
      vertex 63 -9.18265 4.8825
      vertex 39.8 -9.50087 4.23006
      vertex 63 -9.50087 4.23006
    endloop
  endfacet
  facet normal 0 -0.743146 0.669129
    outer loop
      vertex 39.8 -7.96686 6.68499
      vertex 72 -7.48113 7.22445
      vertex 39.8 -7.48113 7.22445
    endloop
  endfacet
  facet normal 0 -0.743146 0.669129
    outer loop
      vertex 72 -7.48113 7.22445
      vertex 39.8 -7.96686 6.68499
      vertex 72 -7.96686 6.68499
    endloop
  endfacet
  facet normal 0 -0.743146 0.669129
    outer loop
      vertex 0 -7.96686 6.68499
      vertex 8.20001 -7.48113 7.22445
      vertex 0 -7.48113 7.22445
    endloop
  endfacet
  facet normal 0 -0.743146 0.669129
    outer loop
      vertex 8.20001 -7.48113 7.22445
      vertex 0 -7.96686 6.68499
      vertex 8.20001 -7.96686 6.68499
    endloop
  endfacet
  facet normal 0 -0.207878 0.978155
    outer loop
      vertex 0 -1.80594 10.242
      vertex 72 -2.51599 10.0911
      vertex 72 -1.80594 10.242
    endloop
  endfacet
  facet normal 0 -0.207878 0.978155
    outer loop
      vertex 72 -2.51599 10.0911
      vertex 0 -1.80594 10.242
      vertex 0 -2.51599 10.0911
    endloop
  endfacet
  facet normal 0 0.994519 0.104558
    outer loop
      vertex 72 10.3747 0.725467
      vertex 69 10.2988 1.4474
      vertex 72 10.2988 1.4474
    endloop
  endfacet
  facet normal 0 0.994519 0.104558
    outer loop
      vertex 69 10.2988 1.4474
      vertex 72 10.3747 0.725467
      vertex 69 10.3747 0.725467
    endloop
  endfacet
  facet normal 0 0.994519 0.104558
    outer loop
      vertex 51 10.3747 0.725467
      vertex 9 10.2988 1.4474
      vertex 51 10.2988 1.4474
    endloop
  endfacet
  facet normal 0 0.994519 0.104558
    outer loop
      vertex 9 10.2988 1.4474
      vertex 51 10.3747 0.725467
      vertex 9 10.3747 0.725467
    endloop
  endfacet
  facet normal 0 0.970307 0.241878
    outer loop
      vertex 72 10.1727 2.16228
      vertex 69 9.99712 2.86663
      vertex 72 9.99712 2.86663
    endloop
  endfacet
  facet normal 0 0.970307 0.241878
    outer loop
      vertex 69 9.99712 2.86663
      vertex 72 10.1727 2.16228
      vertex 69 10.1727 2.16228
    endloop
  endfacet
  facet normal 0 0.970307 0.241878
    outer loop
      vertex 51 10.1727 2.16228
      vertex 9 9.99712 2.86663
      vertex 51 9.99712 2.86663
    endloop
  endfacet
  facet normal 0 0.970307 0.241878
    outer loop
      vertex 9 9.99712 2.86663
      vertex 51 10.1727 2.16228
      vertex 9 10.1727 2.16228
    endloop
  endfacet
  facet normal 0 0.829041 0.559187
    outer loop
      vertex 51 8.8197 5.51116
      vertex 0 8.41378 6.11297
      vertex 51 8.41378 6.11297
    endloop
  endfacet
  facet normal 0 0.829041 0.559187
    outer loop
      vertex 0 8.41378 6.11297
      vertex 51 8.8197 5.51116
      vertex 0 8.8197 5.51116
    endloop
  endfacet
  facet normal 0 0.829041 0.559187
    outer loop
      vertex 72 8.8197 5.51116
      vertex 69 8.41378 6.11297
      vertex 72 8.41378 6.11297
    endloop
  endfacet
  facet normal 0 0.829041 0.559187
    outer loop
      vertex 69 8.41378 6.11297
      vertex 72 8.8197 5.51116
      vertex 69 8.8197 5.51116
    endloop
  endfacet
  facet normal 0 0.788005 0.615669
    outer loop
      vertex 51 8.41378 6.11297
      vertex 0 7.96686 6.68499
      vertex 51 7.96686 6.68499
    endloop
  endfacet
  facet normal 0 0.788005 0.615669
    outer loop
      vertex 0 7.96686 6.68499
      vertex 51 8.41378 6.11297
      vertex 0 8.41378 6.11297
    endloop
  endfacet
  facet normal 0 0.788005 0.615669
    outer loop
      vertex 72 8.41378 6.11297
      vertex 69 7.96686 6.68499
      vertex 72 7.96686 6.68499
    endloop
  endfacet
  facet normal 0 0.788005 0.615669
    outer loop
      vertex 69 7.96686 6.68499
      vertex 72 8.41378 6.11297
      vertex 69 8.41378 6.11297
    endloop
  endfacet
  facet normal 0 0.743146 0.669129
    outer loop
      vertex 51 7.96686 6.68499
      vertex 0 7.48113 7.22445
      vertex 51 7.48113 7.22445
    endloop
  endfacet
  facet normal 0 0.743146 0.669129
    outer loop
      vertex 0 7.48113 7.22445
      vertex 51 7.96686 6.68499
      vertex 0 7.96686 6.68499
    endloop
  endfacet
  facet normal 0 0.743146 0.669129
    outer loop
      vertex 72 7.96686 6.68499
      vertex 69 7.48113 7.22445
      vertex 72 7.48113 7.22445
    endloop
  endfacet
  facet normal 0 0.743146 0.669129
    outer loop
      vertex 69 7.48113 7.22445
      vertex 72 7.96686 6.68499
      vertex 69 7.96686 6.68499
    endloop
  endfacet
  facet normal -0 0 1
    outer loop
      vertex 0 0.362954 10.3937
      vertex 72 -0.362954 10.3937
      vertex 72 0.362954 10.3937
    endloop
  endfacet
  facet normal 0 0 1
    outer loop
      vertex 72 -0.362954 10.3937
      vertex 0 0.362954 10.3937
      vertex 0 -0.362954 10.3937
    endloop
  endfacet
  facet normal -0 0.275665 0.961254
    outer loop
      vertex 0 3.21378 9.89099
      vertex 72 2.51599 10.0911
      vertex 72 3.21378 9.89099
    endloop
  endfacet
  facet normal 0 0.275665 0.961254
    outer loop
      vertex 72 2.51599 10.0911
      vertex 0 3.21378 9.89099
      vertex 0 2.51599 10.0911
    endloop
  endfacet
  facet normal -0 0.469478 0.882944
    outer loop
      vertex 68.9262 5.2 9.00666
      vertex 72 4.55906 9.34746
      vertex 72 5.2 9.00666
    endloop
  endfacet
  facet normal 7.69615e-07 0.469481 0.882943
    outer loop
      vertex 68.8478 4.71345 9.26537
      vertex 72 4.55906 9.34746
      vertex 68.9262 5.2 9.00666
    endloop
  endfacet
  facet normal 0 0.469469 0.882949
    outer loop
      vertex 72 4.55906 9.34746
      vertex 68.8478 4.71345 9.26537
      vertex 68.8039 4.55906 9.34746
    endloop
  endfacet
  facet normal 0 0.469478 0.882944
    outer loop
      vertex 0 4.55906 9.34746
      vertex 51.0738 5.2 9.00666
      vertex 0 5.2 9.00666
    endloop
  endfacet
  facet normal -4.77778e-08 0.469481 0.882942
    outer loop
      vertex 51.0738 5.2 9.00666
      vertex 0 4.55906 9.34746
      vertex 51.1522 4.71345 9.26537
    endloop
  endfacet
  facet normal 0 0.469469 0.882949
    outer loop
      vertex 51.1522 4.71345 9.26537
      vertex 0 4.55906 9.34746
      vertex 51.1961 4.55906 9.34746
    endloop
  endfacet
  facet normal 0 0.587785 0.809017
    outer loop
      vertex 69 5.98351 8.5
      vertex 72 6.40288 8.19531
      vertex 69 6.40288 8.19531
    endloop
  endfacet
  facet normal -6.86635e-07 0.587788 0.809015
    outer loop
      vertex 72 6.40288 8.19531
      vertex 69 5.98351 8.5
      vertex 72 5.81561 8.62199
    endloop
  endfacet
  facet normal 0 0.587796 0.809009
    outer loop
      vertex 72 5.81561 8.62199
      vertex 69 5.98351 8.5
      vertex 68.988 5.81561 8.62199
    endloop
  endfacet
  facet normal 0 0.587785 0.809017
    outer loop
      vertex 51 6.40288 8.19531
      vertex 0 6.40288 8.19531
      vertex 51 5.98351 8.5
    endloop
  endfacet
  facet normal 4.03903e-08 0.587788 0.809015
    outer loop
      vertex 0 5.81561 8.62199
      vertex 51 5.98351 8.5
      vertex 0 6.40288 8.19531
    endloop
  endfacet
  facet normal 0 0.587796 0.809009
    outer loop
      vertex 51 5.98351 8.5
      vertex 0 5.81561 8.62199
      vertex 51.012 5.81561 8.62199
    endloop
  endfacet
  facet normal 0 -0.970307 0.241878
    outer loop
      vertex 39.8 -10.1727 2.16228
      vertex 63 -9.99712 2.86663
      vertex 39.8 -9.99712 2.86663
    endloop
  endfacet
  facet normal 0 -0.970307 0.241878
    outer loop
      vertex 63 -9.99712 2.86663
      vertex 39.8 -10.1727 2.16228
      vertex 63 -10.1727 2.16228
    endloop
  endfacet
  facet normal 0 -0.788005 0.615669
    outer loop
      vertex 0 -8.41378 6.11297
      vertex 8.20001 -7.96686 6.68499
      vertex 0 -7.96686 6.68499
    endloop
  endfacet
  facet normal 0 -0.788005 0.615669
    outer loop
      vertex 8.20001 -7.96686 6.68499
      vertex 0 -8.41378 6.11297
      vertex 8.20001 -8.41378 6.11297
    endloop
  endfacet
  facet normal 0 -0.788005 0.615669
    outer loop
      vertex 39.8 -8.41378 6.11297
      vertex 72 -7.96686 6.68499
      vertex 39.8 -7.96686 6.68499
    endloop
  endfacet
  facet normal 0 -0.788005 0.615669
    outer loop
      vertex 72 -7.96686 6.68499
      vertex 39.8 -8.41378 6.11297
      vertex 72 -8.41378 6.11297
    endloop
  endfacet
  facet normal 0 -0.275665 0.961254
    outer loop
      vertex 0 -2.51599 10.0911
      vertex 72 -3.21378 9.89099
      vertex 72 -2.51599 10.0911
    endloop
  endfacet
  facet normal 0 -0.275665 0.961254
    outer loop
      vertex 72 -3.21378 9.89099
      vertex 0 -2.51599 10.0911
      vertex 0 -3.21378 9.89099
    endloop
  endfacet
  facet normal 0 -0.139137 0.990273
    outer loop
      vertex 0 -1.0871 10.343
      vertex 72 -1.80594 10.242
      vertex 72 -1.0871 10.343
    endloop
  endfacet
  facet normal 0 -0.139137 0.990273
    outer loop
      vertex 72 -1.80594 10.242
      vertex 0 -1.0871 10.343
      vertex 0 -1.80594 10.242
    endloop
  endfacet
  facet normal 0 -0.529913 0.848052
    outer loop
      vertex 0 -5.2 9.00666
      vertex 8.20001 -5.81561 8.62199
      vertex 8.20001 -5.2 9.00666
    endloop
  endfacet
  facet normal 0 -0.529913 0.848052
    outer loop
      vertex 8.20001 -5.81561 8.62199
      vertex 0 -5.2 9.00666
      vertex 0 -5.81561 8.62199
    endloop
  endfacet
  facet normal 0 -0.529913 0.848052
    outer loop
      vertex 39.8 -5.2 9.00666
      vertex 72 -5.81561 8.62199
      vertex 72 -5.2 9.00666
    endloop
  endfacet
  facet normal 0 -0.529913 0.848052
    outer loop
      vertex 72 -5.81561 8.62199
      vertex 39.8 -5.2 9.00666
      vertex 39.8 -5.81561 8.62199
    endloop
  endfacet
  facet normal 0 -0.587788 0.809015
    outer loop
      vertex 0 -5.81561 8.62199
      vertex 8.20001 -6.40288 8.19531
      vertex 8.20001 -5.81561 8.62199
    endloop
  endfacet
  facet normal 0 -0.587788 0.809015
    outer loop
      vertex 8.20001 -6.40288 8.19531
      vertex 0 -5.81561 8.62199
      vertex 0 -6.40288 8.19531
    endloop
  endfacet
  facet normal 0 -0.587788 0.809015
    outer loop
      vertex 39.8 -5.81561 8.62199
      vertex 72 -6.40288 8.19531
      vertex 72 -5.81561 8.62199
    endloop
  endfacet
  facet normal 0 -0.587788 0.809015
    outer loop
      vertex 72 -6.40288 8.19531
      vertex 39.8 -5.81561 8.62199
      vertex 39.8 -6.40288 8.19531
    endloop
  endfacet
  facet normal 0 -0.469478 0.882944
    outer loop
      vertex 0 -4.55906 9.34746
      vertex 8.20001 -5.2 9.00666
      vertex 8.20001 -4.55906 9.34746
    endloop
  endfacet
  facet normal 0 -0.469478 0.882944
    outer loop
      vertex 8.20001 -5.2 9.00666
      vertex 0 -4.55906 9.34746
      vertex 0 -5.2 9.00666
    endloop
  endfacet
  facet normal 0 -0.469478 0.882944
    outer loop
      vertex 39.8 -4.55906 9.34746
      vertex 72 -5.2 9.00666
      vertex 72 -4.55906 9.34746
    endloop
  endfacet
  facet normal 0 -0.469478 0.882944
    outer loop
      vertex 72 -5.2 9.00666
      vertex 39.8 -4.55906 9.34746
      vertex 39.8 -5.2 9.00666
    endloop
  endfacet
  facet normal 0 0.999392 0.0348529
    outer loop
      vertex 72 10.4 0
      vertex 69 10.3747 0.725467
      vertex 72 10.3747 0.725467
    endloop
  endfacet
  facet normal 0 0.999392 0.0348529
    outer loop
      vertex 69 10.3747 0.725467
      vertex 72 10.4 0
      vertex 69 10.4 0
    endloop
  endfacet
  facet normal 0 0.999392 0.0348529
    outer loop
      vertex 51 10.4 0
      vertex 9 10.3747 0.725467
      vertex 51 10.3747 0.725467
    endloop
  endfacet
  facet normal 0 0.999392 0.0348529
    outer loop
      vertex 9 10.3747 0.725467
      vertex 51 10.4 0
      vertex 9 10.4 0
    endloop
  endfacet
  facet normal 0 0.984797 0.173711
    outer loop
      vertex 72 10.2988 1.4474
      vertex 69 10.1727 2.16228
      vertex 72 10.1727 2.16228
    endloop
  endfacet
  facet normal 0 0.984797 0.173711
    outer loop
      vertex 69 10.1727 2.16228
      vertex 72 10.2988 1.4474
      vertex 69 10.2988 1.4474
    endloop
  endfacet
  facet normal 0 0.984797 0.173711
    outer loop
      vertex 51 10.2988 1.4474
      vertex 9 10.1727 2.16228
      vertex 51 10.1727 2.16228
    endloop
  endfacet
  facet normal 0 0.984797 0.173711
    outer loop
      vertex 9 10.1727 2.16228
      vertex 51 10.2988 1.4474
      vertex 9 10.2988 1.4474
    endloop
  endfacet
  facet normal -0 0.694663 0.719335
    outer loop
      vertex 0 7.48113 7.22445
      vertex 51 6.95896 7.72871
      vertex 51 7.48113 7.22445
    endloop
  endfacet
  facet normal 0 0.694663 0.719335
    outer loop
      vertex 51 6.95896 7.72871
      vertex 0 7.48113 7.22445
      vertex 0 6.95896 7.72871
    endloop
  endfacet
  facet normal -0 0.694663 0.719335
    outer loop
      vertex 69 7.48113 7.22445
      vertex 72 6.95896 7.72871
      vertex 72 7.48113 7.22445
    endloop
  endfacet
  facet normal 0 0.694663 0.719335
    outer loop
      vertex 72 6.95896 7.72871
      vertex 69 7.48113 7.22445
      vertex 69 6.95896 7.72871
    endloop
  endfacet
  facet normal 0 0.86603 0.499993
    outer loop
      vertex 72 9.18265 4.8825
      vertex 69 8.8197 5.51116
      vertex 72 8.8197 5.51116
    endloop
  endfacet
  facet normal 0 0.86603 0.499993
    outer loop
      vertex 69 8.8197 5.51116
      vertex 72 9.18265 4.8825
      vertex 69 9.18265 4.8825
    endloop
  endfacet
  facet normal 0 0.866024 0.500002
    outer loop
      vertex 51 8.8197 5.51116
      vertex 9 9.11482 5
      vertex 0 8.8197 5.51116
    endloop
  endfacet
  facet normal 1.51442e-07 0.86603 0.499993
    outer loop
      vertex 51 9.18265 4.8825
      vertex 9 9.11482 5
      vertex 51 8.8197 5.51116
    endloop
  endfacet
  facet normal 0 0.866053 0.499952
    outer loop
      vertex 9 9.11482 5
      vertex 51 9.18265 4.8825
      vertex 9 9.18265 4.8825
    endloop
  endfacet
  facet normal 0 0.866024 0.500002
    outer loop
      vertex 0 8.8197 5.51116
      vertex 9 9.11482 5
      vertex 0 9.11482 5
    endloop
  endfacet
  facet normal -0 0.139137 0.990273
    outer loop
      vertex 0 1.80594 10.242
      vertex 72 1.0871 10.343
      vertex 72 1.80594 10.242
    endloop
  endfacet
  facet normal 0 0.139137 0.990273
    outer loop
      vertex 72 1.0871 10.343
      vertex 0 1.80594 10.242
      vertex 0 1.0871 10.343
    endloop
  endfacet
  facet normal -0 0.207878 0.978155
    outer loop
      vertex 0 2.51599 10.0911
      vertex 72 1.80594 10.242
      vertex 72 2.51599 10.0911
    endloop
  endfacet
  facet normal 0 0.207878 0.978155
    outer loop
      vertex 72 1.80594 10.242
      vertex 0 2.51599 10.0911
      vertex 0 1.80594 10.242
    endloop
  endfacet
  facet normal -0 0.406733 0.913547
    outer loop
      vertex 68.8039 4.55906 9.34746
      vertex 72 3.89591 9.64271
      vertex 72 4.55906 9.34746
    endloop
  endfacet
  facet normal 3.11303e-06 0.406745 0.913542
    outer loop
      vertex 68.766 4.4 9.41828
      vertex 72 3.89591 9.64271
      vertex 68.8039 4.55906 9.34746
    endloop
  endfacet
  facet normal -0 0.406729 0.913549
    outer loop
      vertex 51.234 4.4 9.41828
      vertex 72 3.89591 9.64271
      vertex 68.766 4.4 9.41828
    endloop
  endfacet
  facet normal 0 0.406733 0.913547
    outer loop
      vertex 0 3.89591 9.64271
      vertex 51.1961 4.55906 9.34746
      vertex 0 4.55906 9.34746
    endloop
  endfacet
  facet normal -2.03323e-07 0.406746 0.913541
    outer loop
      vertex 51.1961 4.55906 9.34746
      vertex 0 3.89591 9.64271
      vertex 51.234 4.4 9.41828
    endloop
  endfacet
  facet normal 0 0.406729 0.913549
    outer loop
      vertex 51.234 4.4 9.41828
      vertex 0 3.89591 9.64271
      vertex 72 3.89591 9.64271
    endloop
  endfacet
  facet normal -0 0.529913 0.848052
    outer loop
      vertex 68.988 5.81561 8.62199
      vertex 72 5.2 9.00666
      vertex 72 5.81561 8.62199
    endloop
  endfacet
  facet normal 5.30598e-08 0.529914 0.848052
    outer loop
      vertex 68.9616 5.38641 8.89018
      vertex 72 5.2 9.00666
      vertex 68.988 5.81561 8.62199
    endloop
  endfacet
  facet normal 0 0.529913 0.848052
    outer loop
      vertex 72 5.2 9.00666
      vertex 68.9616 5.38641 8.89018
      vertex 68.9262 5.2 9.00666
    endloop
  endfacet
  facet normal 0 0.529913 0.848052
    outer loop
      vertex 0 5.2 9.00666
      vertex 51.012 5.81561 8.62199
      vertex 0 5.81561 8.62199
    endloop
  endfacet
  facet normal -3.16995e-09 0.529914 0.848052
    outer loop
      vertex 51.012 5.81561 8.62199
      vertex 0 5.2 9.00666
      vertex 51.0384 5.38641 8.89018
    endloop
  endfacet
  facet normal 0 0.529913 0.848052
    outer loop
      vertex 51.0384 5.38641 8.89018
      vertex 0 5.2 9.00666
      vertex 51.0738 5.2 9.00666
    endloop
  endfacet
  facet normal -0 0.642782 0.766049
    outer loop
      vertex 0 6.95896 7.72871
      vertex 51 6.40288 8.19531
      vertex 51 6.95896 7.72871
    endloop
  endfacet
  facet normal 0 0.642782 0.766049
    outer loop
      vertex 51 6.40288 8.19531
      vertex 0 6.95896 7.72871
      vertex 0 6.40288 8.19531
    endloop
  endfacet
  facet normal -0 0.642782 0.766049
    outer loop
      vertex 69 6.95896 7.72871
      vertex 72 6.40288 8.19531
      vertex 72 6.95896 7.72871
    endloop
  endfacet
  facet normal 0 0.642782 0.766049
    outer loop
      vertex 72 6.40288 8.19531
      vertex 69 6.95896 7.72871
      vertex 69 6.40288 8.19531
    endloop
  endfacet
  facet normal 0 -0.999392 0.0348529
    outer loop
      vertex 39.8 -10.4 0
      vertex 63 -10.3747 0.725467
      vertex 39.8 -10.3747 0.725467
    endloop
  endfacet
  facet normal 0 -0.999392 0.0348529
    outer loop
      vertex 63 -10.3747 0.725467
      vertex 39.8 -10.4 0
      vertex 63 -10.4 0
    endloop
  endfacet
  facet normal 0 -0.951056 0.309019
    outer loop
      vertex 39.8 -9.99712 2.86663
      vertex 63 -9.7728 3.55701
      vertex 39.8 -9.7728 3.55701
    endloop
  endfacet
  facet normal 0 -0.951056 0.309019
    outer loop
      vertex 63 -9.7728 3.55701
      vertex 39.8 -9.99712 2.86663
      vertex 63 -9.99712 2.86663
    endloop
  endfacet
  facet normal 0 -0.927184 0.374607
    outer loop
      vertex 39.8 -9.7728 3.55701
      vertex 63 -9.50087 4.23006
      vertex 39.8 -9.50087 4.23006
    endloop
  endfacet
  facet normal 0 -0.927184 0.374607
    outer loop
      vertex 63 -9.50087 4.23006
      vertex 39.8 -9.7728 3.55701
      vertex 63 -9.7728 3.55701
    endloop
  endfacet
  facet normal 0 -0.984797 0.173711
    outer loop
      vertex 39.8 -10.2988 1.4474
      vertex 63 -10.1727 2.16228
      vertex 39.8 -10.1727 2.16228
    endloop
  endfacet
  facet normal 0 -0.984797 0.173711
    outer loop
      vertex 63 -10.1727 2.16228
      vertex 39.8 -10.2988 1.4474
      vertex 63 -10.2988 1.4474
    endloop
  endfacet
  facet normal 0 -0.829041 0.559187
    outer loop
      vertex 0 -8.8197 5.51116
      vertex 8.20001 -8.41378 6.11297
      vertex 0 -8.41378 6.11297
    endloop
  endfacet
  facet normal 0 -0.829041 0.559187
    outer loop
      vertex 8.20001 -8.41378 6.11297
      vertex 0 -8.8197 5.51116
      vertex 8.20001 -8.8197 5.51116
    endloop
  endfacet
  facet normal 0 -0.829041 0.559187
    outer loop
      vertex 39.8 -8.8197 5.51116
      vertex 72 -8.41378 6.11297
      vertex 39.8 -8.41378 6.11297
    endloop
  endfacet
  facet normal 0 -0.829041 0.559187
    outer loop
      vertex 72 -8.41378 6.11297
      vertex 39.8 -8.8197 5.51116
      vertex 72 -8.8197 5.51116
    endloop
  endfacet
  facet normal 0 -0.866024 0.500002
    outer loop
      vertex 39.8 -8.8197 5.51116
      vertex 63 -9.11482 5
      vertex 72 -8.8197 5.51116
    endloop
  endfacet
  facet normal -2.74162e-07 -0.86603 0.499993
    outer loop
      vertex 39.8 -9.18265 4.8825
      vertex 63 -9.11482 5
      vertex 39.8 -8.8197 5.51116
    endloop
  endfacet
  facet normal 0 -0.866053 0.499952
    outer loop
      vertex 63 -9.11482 5
      vertex 39.8 -9.18265 4.8825
      vertex 63 -9.18265 4.8825
    endloop
  endfacet
  facet normal 0 -0.866024 0.500002
    outer loop
      vertex 72 -8.8197 5.51116
      vertex 63 -9.11482 5
      vertex 72 -9.11482 5
    endloop
  endfacet
  facet normal 0 -0.866024 0.500002
    outer loop
      vertex 0 -9.11482 5
      vertex 8.20001 -8.8197 5.51116
      vertex 0 -8.8197 5.51116
    endloop
  endfacet
  facet normal 0 -0.866024 0.500002
    outer loop
      vertex 8.20001 -8.8197 5.51116
      vertex 0 -9.11482 5
      vertex 8.20001 -9.11482 5
    endloop
  endfacet
  facet normal 0 -0.342026 0.93969
    outer loop
      vertex 0 -3.21378 9.89099
      vertex 72 -3.89591 9.64271
      vertex 72 -3.21378 9.89099
    endloop
  endfacet
  facet normal 0 -0.342026 0.93969
    outer loop
      vertex 72 -3.89591 9.64271
      vertex 0 -3.21378 9.89099
      vertex 0 -3.89591 9.64271
    endloop
  endfacet
  facet normal 0 -0.0698425 0.997558
    outer loop
      vertex 0 -0.362954 10.3937
      vertex 72 -1.0871 10.343
      vertex 72 -0.362954 10.3937
    endloop
  endfacet
  facet normal 0 -0.0698425 0.997558
    outer loop
      vertex 72 -1.0871 10.343
      vertex 0 -0.362954 10.3937
      vertex 0 -1.0871 10.343
    endloop
  endfacet
  facet normal 0 -0.642782 0.766049
    outer loop
      vertex 0 -6.40288 8.19531
      vertex 8.20001 -6.95896 7.72871
      vertex 8.20001 -6.40288 8.19531
    endloop
  endfacet
  facet normal 0 -0.642782 0.766049
    outer loop
      vertex 8.20001 -6.95896 7.72871
      vertex 0 -6.40288 8.19531
      vertex 0 -6.95896 7.72871
    endloop
  endfacet
  facet normal 0 -0.642782 0.766049
    outer loop
      vertex 39.8 -6.40288 8.19531
      vertex 72 -6.95896 7.72871
      vertex 72 -6.40288 8.19531
    endloop
  endfacet
  facet normal 0 -0.642782 0.766049
    outer loop
      vertex 72 -6.95896 7.72871
      vertex 39.8 -6.40288 8.19531
      vertex 39.8 -6.95896 7.72871
    endloop
  endfacet
  facet normal 0 -0.694663 0.719335
    outer loop
      vertex 39.8 -6.95896 7.72871
      vertex 72 -7.48113 7.22445
      vertex 72 -6.95896 7.72871
    endloop
  endfacet
  facet normal 0 -0.694663 0.719335
    outer loop
      vertex 72 -7.48113 7.22445
      vertex 39.8 -6.95896 7.72871
      vertex 39.8 -7.48113 7.22445
    endloop
  endfacet
  facet normal 0 -0.694663 0.719335
    outer loop
      vertex 0 -6.95896 7.72871
      vertex 8.20001 -7.48113 7.22445
      vertex 8.20001 -6.95896 7.72871
    endloop
  endfacet
  facet normal 0 -0.694663 0.719335
    outer loop
      vertex 8.20001 -7.48113 7.22445
      vertex 0 -6.95896 7.72871
      vertex 0 -7.48113 7.22445
    endloop
  endfacet
  facet normal 0 0.927184 0.374607
    outer loop
      vertex 72 9.7728 3.55701
      vertex 69 9.50087 4.23006
      vertex 72 9.50087 4.23006
    endloop
  endfacet
  facet normal 0 0.927184 0.374607
    outer loop
      vertex 69 9.50087 4.23006
      vertex 72 9.7728 3.55701
      vertex 69 9.7728 3.55701
    endloop
  endfacet
  facet normal 0 0.927184 0.374607
    outer loop
      vertex 51 9.7728 3.55701
      vertex 9 9.50087 4.23006
      vertex 51 9.50087 4.23006
    endloop
  endfacet
  facet normal 0 0.927184 0.374607
    outer loop
      vertex 9 9.50087 4.23006
      vertex 51 9.7728 3.55701
      vertex 9 9.7728 3.55701
    endloop
  endfacet
  facet normal 0 0.951056 0.309019
    outer loop
      vertex 72 9.99712 2.86663
      vertex 69 9.7728 3.55701
      vertex 72 9.7728 3.55701
    endloop
  endfacet
  facet normal 0 0.951056 0.309019
    outer loop
      vertex 69 9.7728 3.55701
      vertex 72 9.99712 2.86663
      vertex 69 9.99712 2.86663
    endloop
  endfacet
  facet normal 0 0.951056 0.309019
    outer loop
      vertex 51 9.99712 2.86663
      vertex 9 9.7728 3.55701
      vertex 51 9.7728 3.55701
    endloop
  endfacet
  facet normal 0 0.951056 0.309019
    outer loop
      vertex 9 9.7728 3.55701
      vertex 51 9.99712 2.86663
      vertex 9 9.99712 2.86663
    endloop
  endfacet
  facet normal -0 0.0698425 0.997558
    outer loop
      vertex 0 1.0871 10.343
      vertex 72 0.362954 10.3937
      vertex 72 1.0871 10.343
    endloop
  endfacet
  facet normal 0 0.0698425 0.997558
    outer loop
      vertex 72 0.362954 10.3937
      vertex 0 1.0871 10.343
      vertex 0 0.362954 10.3937
    endloop
  endfacet
  facet normal 0 -0.994519 0.104558
    outer loop
      vertex 39.8 -10.3747 0.725467
      vertex 63 -10.2988 1.4474
      vertex 39.8 -10.2988 1.4474
    endloop
  endfacet
  facet normal 0 -0.994519 0.104558
    outer loop
      vertex 63 -10.2988 1.4474
      vertex 39.8 -10.3747 0.725467
      vertex 63 -10.3747 0.725467
    endloop
  endfacet
  facet normal -0 0 1
    outer loop
      vertex -3.2 25 23
      vertex 0 -9 23
      vertex 0 25 23
    endloop
  endfacet
  facet normal 0 0 1
    outer loop
      vertex 0 -9 23
      vertex -3.2 25 23
      vertex -3.2 -9 23
    endloop
  endfacet
  facet normal 0 -0.999299 0.0374444
    outer loop
      vertex -3.2 -13 19
      vertex 0 -12.9888 19.2989
      vertex -3.2 -12.9888 19.2989
    endloop
  endfacet
  facet normal 0 -0.999299 0.0374444
    outer loop
      vertex 0 -12.9888 19.2989
      vertex -3.2 -13 19
      vertex 0 -13 19
    endloop
  endfacet
  facet normal 0 0.73307 0.680153
    outer loop
      vertex 0 28.0642 21.5712
      vertex -3.2 27.793 21.8635
      vertex 0 27.793 21.8635
    endloop
  endfacet
  facet normal 0 0.73307 0.680153
    outer loop
      vertex -3.2 27.793 21.8635
      vertex 0 28.0642 21.5712
      vertex -3.2 28.0642 21.5712
    endloop
  endfacet
  facet normal 0 1 -0
    outer loop
      vertex 0 29 0
      vertex -3.2 29 19
      vertex 0 29 19
    endloop
  endfacet
  facet normal 0 1 0
    outer loop
      vertex -3.2 29 19
      vertex 0 29 0
      vertex -3.2 29 0
    endloop
  endfacet
  facet normal 0 -0.91148 0.411345
    outer loop
      vertex -3.2 -12.7235 20.4614
      vertex 0 -12.5595 20.8248
      vertex -3.2 -12.5595 20.8248
    endloop
  endfacet
  facet normal 0 -0.91148 0.411345
    outer loop
      vertex 0 -12.5595 20.8248
      vertex -3.2 -12.7235 20.4614
      vertex 0 -12.7235 20.4614
    endloop
  endfacet
  facet normal 0 -1 0
    outer loop
      vertex -3.2 -13 19
      vertex 0 -13 5
      vertex 0 -13 19
    endloop
  endfacet
  facet normal 0 -1 0
    outer loop
      vertex -3.2 -13 0
      vertex 0 -13 5
      vertex -3.2 -13 19
    endloop
  endfacet
  facet normal 0 -1 -0
    outer loop
      vertex 0 -13 5
      vertex -3.2 -13 0
      vertex 0 -13 0
    endloop
  endfacet
  facet normal -1 0 0
    outer loop
      vertex -3.2 -13 0
      vertex -3.2 -5.09616 0.197754
      vertex -3.2 -5.09616 0
    endloop
  endfacet
  facet normal -1 0 0
    outer loop
      vertex -3.2 -5.09616 0.197754
      vertex -3.2 -13 19
      vertex -3.2 -9 23
    endloop
  endfacet
  facet normal -1 0 0
    outer loop
      vertex -3.2 -9 23
      vertex -3.2 -13 19
      vertex -3.2 -9.39827 22.9801
    endloop
  endfacet
  facet normal -1 0 0
    outer loop
      vertex -3.2 -9.39827 22.9801
      vertex -3.2 -13 19
      vertex -3.2 -9.79259 22.9207
    endloop
  endfacet
  facet normal -1 0 0
    outer loop
      vertex -3.2 -9.79259 22.9207
      vertex -3.2 -13 19
      vertex -3.2 -10.179 22.8223
    endloop
  endfacet
  facet normal -1 0 0
    outer loop
      vertex -3.2 -10.179 22.8223
      vertex -3.2 -13 19
      vertex -3.2 -10.5537 22.6859
    endloop
  endfacet
  facet normal -1 0 0
    outer loop
      vertex -3.2 -10.5537 22.6859
      vertex -3.2 -13 19
      vertex -3.2 -10.913 22.5129
    endloop
  endfacet
  facet normal -1 0 0
    outer loop
      vertex -3.2 -10.913 22.5129
      vertex -3.2 -13 19
      vertex -3.2 -11.2533 22.305
    endloop
  endfacet
  facet normal -1 0 0
    outer loop
      vertex -3.2 -11.2533 22.305
      vertex -3.2 -13 19
      vertex -3.2 -11.5712 22.0642
    endloop
  endfacet
  facet normal -1 0 0
    outer loop
      vertex -3.2 -11.5712 22.0642
      vertex -3.2 -13 19
      vertex -3.2 -11.8635 21.793
    endloop
  endfacet
  facet normal -1 0 0
    outer loop
      vertex -3.2 -11.8635 21.793
      vertex -3.2 -13 19
      vertex -3.2 -12.1273 21.494
    endloop
  endfacet
  facet normal -1 0 0
    outer loop
      vertex -3.2 -12.1273 21.494
      vertex -3.2 -13 19
      vertex -3.2 -12.3601 21.1702
    endloop
  endfacet
  facet normal -1 0 0
    outer loop
      vertex -3.2 -12.3601 21.1702
      vertex -3.2 -13 19
      vertex -3.2 -12.5595 20.8248
    endloop
  endfacet
  facet normal -1 0 0
    outer loop
      vertex -3.2 -12.5595 20.8248
      vertex -3.2 -13 19
      vertex -3.2 -12.7235 20.4614
    endloop
  endfacet
  facet normal -1 0 0
    outer loop
      vertex -3.2 -12.7235 20.4614
      vertex -3.2 -13 19
      vertex -3.2 -12.8505 20.0834
    endloop
  endfacet
  facet normal -1 0 0
    outer loop
      vertex -3.2 -12.8505 20.0834
      vertex -3.2 -13 19
      vertex -3.2 -12.9392 19.6946
    endloop
  endfacet
  facet normal -1 -0 0
    outer loop
      vertex -3.2 -5.09616 0.197754
      vertex -3.2 -13 0
      vertex -3.2 -13 19
    endloop
  endfacet
  facet normal -1 0 0
    outer loop
      vertex -3.2 -12.9392 19.6946
      vertex -3.2 -13 19
      vertex -3.2 -12.9888 19.2989
    endloop
  endfacet
  facet normal -1 0 0
    outer loop
      vertex -3.2 0.474943 16.2899
      vertex -3.2 1.65104 4.82536
      vertex -3.2 1.27215 4.93879
    endloop
  endfacet
  facet normal -1 0 0
    outer loop
      vertex -3.2 1.65104 4.82536
      vertex -3.2 1.24224 17.1168
      vertex -3.2 1.3 17.5
    endloop
  endfacet
  facet normal -1 0 0
    outer loop
      vertex -3.2 1.65104 4.82536
      vertex -3.2 1.07411 16.7677
      vertex -3.2 1.24224 17.1168
    endloop
  endfacet
  facet normal -1 0 0
    outer loop
      vertex -3.2 0.474943 16.2899
      vertex -3.2 1.27215 4.93879
      vertex -3.2 0.885605 5.02252
    endloop
  endfacet
  facet normal -1 0 0
    outer loop
      vertex -3.2 1.65104 4.82536
      vertex -3.2 0.810536 16.4836
      vertex -3.2 1.07411 16.7677
    endloop
  endfacet
  facet normal -1 0 0
    outer loop
      vertex -3.2 0.0971489 16.2036
      vertex -3.2 0.885605 5.02252
      vertex -3.2 0.493735 5.07604
    endloop
  endfacet
  facet normal -1 0 0
    outer loop
      vertex -3.2 1.65104 4.82536
      vertex -3.2 0.474943 16.2899
      vertex -3.2 0.810536 16.4836
    endloop
  endfacet
  facet normal -1 0 0
    outer loop
      vertex -3.2 0.0971489 16.2036
      vertex -3.2 0.493735 5.07604
      vertex -3.2 0.0988951 5.09904
    endloop
  endfacet
  facet normal -1 0 0
    outer loop
      vertex -3.2 0.885605 5.02252
      vertex -3.2 0.0971489 16.2036
      vertex -3.2 0.474943 16.2899
    endloop
  endfacet
  facet normal -1 0 0
    outer loop
      vertex -3.2 -0.296538 5.09137
      vertex -3.2 0.0971489 16.2036
      vertex -3.2 0.0988951 5.09904
    endloop
  endfacet
  facet normal -1 -0 0
    outer loop
      vertex -3.2 0.0971489 16.2036
      vertex -3.2 -0.296538 5.09137
      vertex -3.2 -0.289277 16.2326
    endloop
  endfacet
  facet normal -1 0 0
    outer loop
      vertex -3.2 -0.690189 5.05308
      vertex -3.2 -0.289277 16.2326
      vertex -3.2 -0.296538 5.09137
    endloop
  endfacet
  facet normal -1 0 0
    outer loop
      vertex -3.2 -1.07969 4.9844
      vertex -3.2 -0.289277 16.2326
      vertex -3.2 -0.690189 5.05308
    endloop
  endfacet
  facet normal -1 -0 0
    outer loop
      vertex -3.2 -0.289277 16.2326
      vertex -3.2 -1.07969 4.9844
      vertex -3.2 -0.65 16.3742
    endloop
  endfacet
  facet normal -1 0 0
    outer loop
      vertex -3.2 -1.4627 4.88575
      vertex -3.2 -0.65 16.3742
      vertex -3.2 -1.07969 4.9844
    endloop
  endfacet
  facet normal -1 0 0
    outer loop
      vertex -3.2 -1.83691 4.75771
      vertex -3.2 -0.65 16.3742
      vertex -3.2 -1.4627 4.88575
    endloop
  endfacet
  facet normal -1 0 0
    outer loop
      vertex -3.2 -2.20007 4.60105
      vertex -3.2 -0.65 16.3742
      vertex -3.2 -1.83691 4.75771
    endloop
  endfacet
  facet normal -1 0 0
    outer loop
      vertex -3.2 -2.55 4.41673
      vertex -3.2 -0.952967 16.6158
      vertex -3.2 -2.20007 4.60105
    endloop
  endfacet
  facet normal -1 -0 0
    outer loop
      vertex -3.2 -0.65 16.3742
      vertex -3.2 -2.20007 4.60105
      vertex -3.2 -0.952967 16.6158
    endloop
  endfacet
  facet normal -1 0 0
    outer loop
      vertex -3.2 4.55753 2.28888
      vertex -3.2 29 19
      vertex -3.2 29 0
    endloop
  endfacet
  facet normal -1 0 0
    outer loop
      vertex -3.2 4.36645 2.63517
      vertex -3.2 29 19
      vertex -3.2 4.55753 2.28888
    endloop
  endfacet
  facet normal -1 0 0
    outer loop
      vertex -3.2 28.9801 19.3983
      vertex -3.2 25 23
      vertex -3.2 28.9207 19.7926
    endloop
  endfacet
  facet normal -1 0 0
    outer loop
      vertex -3.2 28.9207 19.7926
      vertex -3.2 25 23
      vertex -3.2 28.8223 20.179
    endloop
  endfacet
  facet normal -1 0 0
    outer loop
      vertex -3.2 28.8223 20.179
      vertex -3.2 25 23
      vertex -3.2 28.6859 20.5537
    endloop
  endfacet
  facet normal -1 0 0
    outer loop
      vertex -3.2 28.6859 20.5537
      vertex -3.2 25 23
      vertex -3.2 28.5129 20.913
    endloop
  endfacet
  facet normal -1 0 0
    outer loop
      vertex -3.2 28.5129 20.913
      vertex -3.2 25 23
      vertex -3.2 28.305 21.2533
    endloop
  endfacet
  facet normal -1 0 0
    outer loop
      vertex -3.2 28.305 21.2533
      vertex -3.2 25 23
      vertex -3.2 28.0642 21.5712
    endloop
  endfacet
  facet normal -1 0 0
    outer loop
      vertex -3.2 28.0642 21.5712
      vertex -3.2 25 23
      vertex -3.2 27.793 21.8635
    endloop
  endfacet
  facet normal -1 0 0
    outer loop
      vertex -3.2 27.793 21.8635
      vertex -3.2 25 23
      vertex -3.2 27.494 22.1273
    endloop
  endfacet
  facet normal -1 0 0
    outer loop
      vertex -3.2 27.494 22.1273
      vertex -3.2 25 23
      vertex -3.2 27.1702 22.3601
    endloop
  endfacet
  facet normal -1 0 0
    outer loop
      vertex -3.2 27.1702 22.3601
      vertex -3.2 25 23
      vertex -3.2 26.8248 22.5595
    endloop
  endfacet
  facet normal -1 0 0
    outer loop
      vertex -3.2 26.8248 22.5595
      vertex -3.2 25 23
      vertex -3.2 26.4614 22.7235
    endloop
  endfacet
  facet normal -1 0 0
    outer loop
      vertex -3.2 26.4614 22.7235
      vertex -3.2 25 23
      vertex -3.2 26.0834 22.8505
    endloop
  endfacet
  facet normal -1 0 0
    outer loop
      vertex -3.2 26.0834 22.8505
      vertex -3.2 25 23
      vertex -3.2 25.6946 22.9392
    endloop
  endfacet
  facet normal -1 0 0
    outer loop
      vertex -3.2 25.6946 22.9392
      vertex -3.2 25 23
      vertex -3.2 25.2989 22.9888
    endloop
  endfacet
  facet normal -1 0 0
    outer loop
      vertex -3.2 5.08466 0.395211
      vertex -3.2 29 0
      vertex -3.2 5.1 0
    endloop
  endfacet
  facet normal -1 0 0
    outer loop
      vertex -3.2 5.03875 0.788045
      vertex -3.2 29 0
      vertex -3.2 5.08466 0.395211
    endloop
  endfacet
  facet normal -1 0 0
    outer loop
      vertex -3.2 4.96253 1.17614
      vertex -3.2 29 0
      vertex -3.2 5.03875 0.788045
    endloop
  endfacet
  facet normal -1 0 0
    outer loop
      vertex -3.2 4.85646 1.55716
      vertex -3.2 29 0
      vertex -3.2 4.96253 1.17614
    endloop
  endfacet
  facet normal -1 0 0
    outer loop
      vertex -3.2 4.72119 1.92882
      vertex -3.2 29 0
      vertex -3.2 4.85646 1.55716
    endloop
  endfacet
  facet normal -1 0 0
    outer loop
      vertex -3.2 4.55753 2.28888
      vertex -3.2 29 0
      vertex -3.2 4.72119 1.92882
    endloop
  endfacet
  facet normal -1 0 -0
    outer loop
      vertex -3.2 25 23
      vertex -3.2 29 19
      vertex -3.2 4.36645 2.63517
    endloop
  endfacet
  facet normal -1 0 0
    outer loop
      vertex -3.2 29 19
      vertex -3.2 25 23
      vertex -3.2 28.9801 19.3983
    endloop
  endfacet
  facet normal -1 0 0
    outer loop
      vertex -3.2 4.14911 2.96561
      vertex -3.2 25 23
      vertex -3.2 4.36645 2.63517
    endloop
  endfacet
  facet normal -1 0 0
    outer loop
      vertex -3.2 3.90683 3.27822
      vertex -3.2 25 23
      vertex -3.2 4.14911 2.96561
    endloop
  endfacet
  facet normal -1 0 0
    outer loop
      vertex -3.2 1.3 17.5
      vertex -3.2 3.90683 3.27822
      vertex -3.2 3.64104 3.57111
    endloop
  endfacet
  facet normal -1 0 0
    outer loop
      vertex -3.2 1.3 17.5
      vertex -3.2 3.64104 3.57111
      vertex -3.2 3.35336 3.84252
    endloop
  endfacet
  facet normal -1 0 0
    outer loop
      vertex -3.2 1.3 17.5
      vertex -3.2 3.35336 3.84252
      vertex -3.2 3.04551 4.09083
    endloop
  endfacet
  facet normal -1 0 0
    outer loop
      vertex -3.2 1.3 17.5
      vertex -3.2 3.04551 4.09083
      vertex -3.2 2.71934 4.31453
    endloop
  endfacet
  facet normal -1 0 0
    outer loop
      vertex -3.2 1.3 17.5
      vertex -3.2 2.71934 4.31453
      vertex -3.2 2.37682 4.51228
    endloop
  endfacet
  facet normal -1 0 0
    outer loop
      vertex -3.2 1.3 17.5
      vertex -3.2 2.37682 4.51228
      vertex -3.2 2.02001 4.6829
    endloop
  endfacet
  facet normal -1 0 0
    outer loop
      vertex -3.2 1.3 17.5
      vertex -3.2 2.02001 4.6829
      vertex -3.2 1.65104 4.82536
    endloop
  endfacet
  facet normal -1 0 0
    outer loop
      vertex -3.2 3.90683 3.27822
      vertex -3.2 1.3 17.5
      vertex -3.2 25 23
    endloop
  endfacet
  facet normal -1 0 0
    outer loop
      vertex -3.2 1.24224 17.8832
      vertex -3.2 25 23
      vertex -3.2 1.3 17.5
    endloop
  endfacet
  facet normal -1 0 0
    outer loop
      vertex -3.2 1.07411 18.2323
      vertex -3.2 25 23
      vertex -3.2 1.24224 17.8832
    endloop
  endfacet
  facet normal -1 0 0
    outer loop
      vertex -3.2 0.810536 18.5164
      vertex -3.2 25 23
      vertex -3.2 1.07411 18.2323
    endloop
  endfacet
  facet normal -1 0 0
    outer loop
      vertex -3.2 0.474943 18.7101
      vertex -3.2 25 23
      vertex -3.2 0.810536 18.5164
    endloop
  endfacet
  facet normal -1 0 0
    outer loop
      vertex -3.2 -9 23
      vertex -3.2 0.474943 18.7101
      vertex -3.2 0.0971489 18.7964
    endloop
  endfacet
  facet normal -1 0 0
    outer loop
      vertex -3.2 -9 23
      vertex -3.2 0.0971489 18.7964
      vertex -3.2 -0.289277 18.7674
    endloop
  endfacet
  facet normal -1 0 0
    outer loop
      vertex -3.2 -2.88459 4.20584
      vertex -3.2 -0.952967 16.6158
      vertex -3.2 -2.55 4.41673
    endloop
  endfacet
  facet normal -1 0 0
    outer loop
      vertex -3.2 -3.20184 3.96966
      vertex -3.2 -0.952967 16.6158
      vertex -3.2 -2.88459 4.20584
    endloop
  endfacet
  facet normal -1 -0 0
    outer loop
      vertex -3.2 -0.952967 16.6158
      vertex -3.2 -3.20184 3.96966
      vertex -3.2 -1.17126 16.936
    endloop
  endfacet
  facet normal -1 0 0
    outer loop
      vertex -3.2 -3.49983 3.70961
      vertex -3.2 -1.17126 16.936
      vertex -3.2 -3.20184 3.96966
    endloop
  endfacet
  facet normal -1 0 0
    outer loop
      vertex -3.2 -9 23
      vertex -3.2 -1.17126 16.936
      vertex -3.2 -3.49983 3.70961
    endloop
  endfacet
  facet normal -1 0 0
    outer loop
      vertex -3.2 -1.17126 16.936
      vertex -3.2 -9 23
      vertex -3.2 -1.28548 17.3062
    endloop
  endfacet
  facet normal -1 0 0
    outer loop
      vertex -3.2 -9 23
      vertex -3.2 -3.49983 3.70961
      vertex -3.2 -3.77677 3.42724
    endloop
  endfacet
  facet normal -1 0 0
    outer loop
      vertex -3.2 -9 23
      vertex -3.2 -3.77677 3.42724
      vertex -3.2 -4.031 3.12426
    endloop
  endfacet
  facet normal -1 0 0
    outer loop
      vertex -3.2 -9 23
      vertex -3.2 -4.031 3.12426
      vertex -3.2 -4.26099 2.8025
    endloop
  endfacet
  facet normal -1 0 0
    outer loop
      vertex -3.2 -9 23
      vertex -3.2 -4.26099 2.8025
      vertex -3.2 -4.46535 2.46387
    endloop
  endfacet
  facet normal -1 0 0
    outer loop
      vertex -3.2 -9 23
      vertex -3.2 -4.46535 2.46387
      vertex -3.2 -4.64285 2.11043
    endloop
  endfacet
  facet normal -1 0 0
    outer loop
      vertex -3.2 -9 23
      vertex -3.2 -4.64285 2.11043
      vertex -3.2 -4.79243 1.7443
    endloop
  endfacet
  facet normal -1 0 0
    outer loop
      vertex -3.2 -9 23
      vertex -3.2 -4.79243 1.7443
      vertex -3.2 -4.91319 1.36768
    endloop
  endfacet
  facet normal -1 0 0
    outer loop
      vertex -3.2 -9 23
      vertex -3.2 -4.91319 1.36768
      vertex -3.2 -5.0044 0.982832
    endloop
  endfacet
  facet normal -1 0 0
    outer loop
      vertex -3.2 0.474943 18.7101
      vertex -3.2 -9 23
      vertex -3.2 25 23
    endloop
  endfacet
  facet normal -1 0 0
    outer loop
      vertex -3.2 -0.65 18.6258
      vertex -3.2 -9 23
      vertex -3.2 -0.289277 18.7674
    endloop
  endfacet
  facet normal -1 0 0
    outer loop
      vertex -3.2 -0.952967 18.3842
      vertex -3.2 -9 23
      vertex -3.2 -0.65 18.6258
    endloop
  endfacet
  facet normal -1 0 0
    outer loop
      vertex -3.2 -1.17126 18.064
      vertex -3.2 -9 23
      vertex -3.2 -0.952967 18.3842
    endloop
  endfacet
  facet normal -1 0 0
    outer loop
      vertex -3.2 -1.28548 17.6938
      vertex -3.2 -9 23
      vertex -3.2 -1.17126 18.064
    endloop
  endfacet
  facet normal -1 0 0
    outer loop
      vertex -3.2 -1.28548 17.3062
      vertex -3.2 -9 23
      vertex -3.2 -1.28548 17.6938
    endloop
  endfacet
  facet normal -1 0 0
    outer loop
      vertex -3.2 -5.06552 0.592073
      vertex -3.2 -9 23
      vertex -3.2 -5.0044 0.982832
    endloop
  endfacet
  facet normal -1 0 0
    outer loop
      vertex -3.2 -9 23
      vertex -3.2 -5.06552 0.592073
      vertex -3.2 -5.09616 0.197754
    endloop
  endfacet
  facet normal 0 -0.148958 0.988843
    outer loop
      vertex -3.2 -9.39827 22.9801
      vertex 0 -9.79259 22.9207
      vertex 0 -9.39827 22.9801
    endloop
  endfacet
  facet normal 0 -0.148958 0.988843
    outer loop
      vertex 0 -9.79259 22.9207
      vertex -3.2 -9.39827 22.9801
      vertex -3.2 -9.79259 22.9207
    endloop
  endfacet
  facet normal 0 -0.603805 0.797132
    outer loop
      vertex -3.2 -11.2533 22.305
      vertex 0 -11.5712 22.0642
      vertex 0 -11.2533 22.305
    endloop
  endfacet
  facet normal 0 -0.603805 0.797132
    outer loop
      vertex 0 -11.5712 22.0642
      vertex -3.2 -11.2533 22.305
      vertex -3.2 -11.5712 22.0642
    endloop
  endfacet
  facet normal 0 -0.749867 0.661588
    outer loop
      vertex -3.2 -12.1273 21.494
      vertex 0 -11.8635 21.793
      vertex -3.2 -11.8635 21.793
    endloop
  endfacet
  facet normal 0 -0.749867 0.661588
    outer loop
      vertex 0 -11.8635 21.793
      vertex -3.2 -12.1273 21.494
      vertex 0 -12.1273 21.494
    endloop
  endfacet
  facet normal 0 -0.246776 0.969073
    outer loop
      vertex -3.2 -9.79259 22.9207
      vertex 0 -10.179 22.8223
      vertex 0 -9.79259 22.9207
    endloop
  endfacet
  facet normal 0 -0.246776 0.969073
    outer loop
      vertex 0 -10.179 22.8223
      vertex -3.2 -9.79259 22.9207
      vertex -3.2 -10.179 22.8223
    endloop
  endfacet
  facet normal 0 -0.0499038 0.998754
    outer loop
      vertex -3.2 -9 23
      vertex 0 -9.39827 22.9801
      vertex 0 -9 23
    endloop
  endfacet
  facet normal 0 -0.0499038 0.998754
    outer loop
      vertex 0 -9.39827 22.9801
      vertex -3.2 -9 23
      vertex -3.2 -9.39827 22.9801
    endloop
  endfacet
  facet normal -0 0.411345 0.91148
    outer loop
      vertex -3.2 26.8248 22.5595
      vertex 0 26.4614 22.7235
      vertex 0 26.8248 22.5595
    endloop
  endfacet
  facet normal 0 0.411345 0.91148
    outer loop
      vertex 0 26.4614 22.7235
      vertex -3.2 26.8248 22.5595
      vertex -3.2 26.4614 22.7235
    endloop
  endfacet
  facet normal -0 0.222423 0.97495
    outer loop
      vertex -3.2 26.0834 22.8505
      vertex 0 25.6946 22.9392
      vertex 0 26.0834 22.8505
    endloop
  endfacet
  facet normal 0 0.222423 0.97495
    outer loop
      vertex 0 25.6946 22.9392
      vertex -3.2 26.0834 22.8505
      vertex -3.2 25.6946 22.9392
    endloop
  endfacet
  facet normal -0 0.0374444 0.999299
    outer loop
      vertex -3.2 25.2989 22.9888
      vertex 0 25 23
      vertex 0 25.2989 22.9888
    endloop
  endfacet
  facet normal 0 0.0374444 0.999299
    outer loop
      vertex 0 25 23
      vertex -3.2 25.2989 22.9888
      vertex -3.2 25 23
    endloop
  endfacet
  facet normal -0 0.58375 0.811934
    outer loop
      vertex -3.2 27.494 22.1273
      vertex 0 27.1702 22.3601
      vertex 0 27.494 22.1273
    endloop
  endfacet
  facet normal 0 0.58375 0.811934
    outer loop
      vertex 0 27.1702 22.3601
      vertex -3.2 27.494 22.1273
      vertex -3.2 27.1702 22.3601
    endloop
  endfacet
  facet normal 0 0.969071 0.246782
    outer loop
      vertex 0 28.9207 19.7926
      vertex -3.2 28.8223 20.179
      vertex 0 28.8223 20.179
    endloop
  endfacet
  facet normal 0 0.969071 0.246782
    outer loop
      vertex -3.2 28.8223 20.179
      vertex 0 28.9207 19.7926
      vertex -3.2 28.9207 19.7926
    endloop
  endfacet
  facet normal 0 0.998754 0.0499001
    outer loop
      vertex 0 29 19
      vertex -3.2 28.9801 19.3983
      vertex 0 28.9801 19.3983
    endloop
  endfacet
  facet normal 0 0.998754 0.0499001
    outer loop
      vertex -3.2 28.9801 19.3983
      vertex 0 29 19
      vertex -3.2 29 19
    endloop
  endfacet
  facet normal 0 0.85335 0.521338
    outer loop
      vertex 0 28.5129 20.913
      vertex -3.2 28.305 21.2533
      vertex 0 28.305 21.2533
    endloop
  endfacet
  facet normal 0 0.85335 0.521338
    outer loop
      vertex -3.2 28.305 21.2533
      vertex 0 28.5129 20.913
      vertex -3.2 28.5129 20.913
    endloop
  endfacet
  facet normal 0 -0.433823 0.900998
    outer loop
      vertex -3.2 -10.5537 22.6859
      vertex 0 -10.913 22.5129
      vertex 0 -10.5537 22.6859
    endloop
  endfacet
  facet normal 0 -0.433823 0.900998
    outer loop
      vertex 0 -10.913 22.5129
      vertex -3.2 -10.5537 22.6859
      vertex -3.2 -10.913 22.5129
    endloop
  endfacet
  facet normal 0 -0.342065 0.939676
    outer loop
      vertex -3.2 -10.179 22.8223
      vertex 0 -10.5537 22.6859
      vertex 0 -10.179 22.8223
    endloop
  endfacet
  facet normal 0 -0.342065 0.939676
    outer loop
      vertex 0 -10.5537 22.6859
      vertex -3.2 -10.179 22.8223
      vertex -3.2 -10.5537 22.6859
    endloop
  endfacet
  facet normal 0 -0.811934 0.58375
    outer loop
      vertex -3.2 -12.3601 21.1702
      vertex 0 -12.1273 21.494
      vertex -3.2 -12.1273 21.494
    endloop
  endfacet
  facet normal 0 -0.811934 0.58375
    outer loop
      vertex 0 -12.1273 21.494
      vertex -3.2 -12.3601 21.1702
      vertex 0 -12.3601 21.1702
    endloop
  endfacet
  facet normal 0 -0.947928 0.318484
    outer loop
      vertex -3.2 -12.8505 20.0834
      vertex 0 -12.7235 20.4614
      vertex -3.2 -12.7235 20.4614
    endloop
  endfacet
  facet normal 0 -0.947928 0.318484
    outer loop
      vertex 0 -12.7235 20.4614
      vertex -3.2 -12.8505 20.0834
      vertex 0 -12.8505 20.0834
    endloop
  endfacet
  facet normal 0 -0.992235 0.124374
    outer loop
      vertex -3.2 -12.9888 19.2989
      vertex 0 -12.9392 19.6946
      vertex -3.2 -12.9392 19.6946
    endloop
  endfacet
  facet normal 0 -0.992235 0.124374
    outer loop
      vertex 0 -12.9392 19.6946
      vertex -3.2 -12.9888 19.2989
      vertex 0 -12.9888 19.2989
    endloop
  endfacet
  facet normal 0 -0.521338 0.85335
    outer loop
      vertex -3.2 -10.913 22.5129
      vertex 0 -11.2533 22.305
      vertex 0 -10.913 22.5129
    endloop
  endfacet
  facet normal 0 -0.521338 0.85335
    outer loop
      vertex 0 -11.2533 22.305
      vertex -3.2 -10.913 22.5129
      vertex -3.2 -11.2533 22.305
    endloop
  endfacet
  facet normal -0 0.318484 0.947928
    outer loop
      vertex -3.2 26.4614 22.7235
      vertex 0 26.0834 22.8505
      vertex 0 26.4614 22.7235
    endloop
  endfacet
  facet normal 0 0.318484 0.947928
    outer loop
      vertex 0 26.0834 22.8505
      vertex -3.2 26.4614 22.7235
      vertex -3.2 26.0834 22.8505
    endloop
  endfacet
  facet normal -0 0.124374 0.992235
    outer loop
      vertex -3.2 25.6946 22.9392
      vertex 0 25.2989 22.9888
      vertex 0 25.6946 22.9392
    endloop
  endfacet
  facet normal 0 0.124374 0.992235
    outer loop
      vertex 0 25.2989 22.9888
      vertex -3.2 25.6946 22.9392
      vertex -3.2 25.2989 22.9888
    endloop
  endfacet
  facet normal -0 0.661588 0.749867
    outer loop
      vertex -3.2 27.793 21.8635
      vertex 0 27.494 22.1273
      vertex 0 27.793 21.8635
    endloop
  endfacet
  facet normal 0 0.661588 0.749867
    outer loop
      vertex 0 27.494 22.1273
      vertex -3.2 27.793 21.8635
      vertex -3.2 27.494 22.1273
    endloop
  endfacet
  facet normal -0 0.499968 0.866044
    outer loop
      vertex -3.2 27.1702 22.3601
      vertex 0 26.8248 22.5595
      vertex 0 27.1702 22.3601
    endloop
  endfacet
  facet normal 0 0.499968 0.866044
    outer loop
      vertex 0 26.8248 22.5595
      vertex -3.2 27.1702 22.3601
      vertex -3.2 26.8248 22.5595
    endloop
  endfacet
  facet normal 0 0.988842 0.148966
    outer loop
      vertex 0 28.9801 19.3983
      vertex -3.2 28.9207 19.7926
      vertex 0 28.9207 19.7926
    endloop
  endfacet
  facet normal 0 0.988842 0.148966
    outer loop
      vertex -3.2 28.9207 19.7926
      vertex 0 28.9801 19.3983
      vertex -3.2 28.9801 19.3983
    endloop
  endfacet
  facet normal 0 0.939676 0.342065
    outer loop
      vertex 0 28.8223 20.179
      vertex -3.2 28.6859 20.5537
      vertex 0 28.6859 20.5537
    endloop
  endfacet
  facet normal 0 0.939676 0.342065
    outer loop
      vertex -3.2 28.6859 20.5537
      vertex 0 28.8223 20.179
      vertex -3.2 28.8223 20.179
    endloop
  endfacet
  facet normal 0 -0.97495 0.222423
    outer loop
      vertex -3.2 -12.9392 19.6946
      vertex 0 -12.8505 20.0834
      vertex -3.2 -12.8505 20.0834
    endloop
  endfacet
  facet normal 0 -0.97495 0.222423
    outer loop
      vertex 0 -12.8505 20.0834
      vertex -3.2 -12.9392 19.6946
      vertex 0 -12.9392 19.6946
    endloop
  endfacet
  facet normal 0 0.900998 0.433823
    outer loop
      vertex 0 28.6859 20.5537
      vertex -3.2 28.5129 20.913
      vertex 0 28.5129 20.913
    endloop
  endfacet
  facet normal 0 0.900998 0.433823
    outer loop
      vertex -3.2 28.5129 20.913
      vertex 0 28.6859 20.5537
      vertex -3.2 28.6859 20.5537
    endloop
  endfacet
  facet normal 0 0.797132 0.603805
    outer loop
      vertex 0 28.305 21.2533
      vertex -3.2 28.0642 21.5712
      vertex 0 28.0642 21.5712
    endloop
  endfacet
  facet normal 0 0.797132 0.603805
    outer loop
      vertex -3.2 28.0642 21.5712
      vertex 0 28.305 21.2533
      vertex -3.2 28.305 21.2533
    endloop
  endfacet
  facet normal 0 -0.866044 0.499968
    outer loop
      vertex -3.2 -12.5595 20.8248
      vertex 0 -12.3601 21.1702
      vertex -3.2 -12.3601 21.1702
    endloop
  endfacet
  facet normal 0 -0.866044 0.499968
    outer loop
      vertex 0 -12.3601 21.1702
      vertex -3.2 -12.5595 20.8248
      vertex 0 -12.5595 20.8248
    endloop
  endfacet
  facet normal 0 -0.680153 0.73307
    outer loop
      vertex -3.2 -11.5712 22.0642
      vertex 0 -11.8635 21.793
      vertex 0 -11.5712 22.0642
    endloop
  endfacet
  facet normal 0 -0.680153 0.73307
    outer loop
      vertex 0 -11.8635 21.793
      vertex -3.2 -11.5712 22.0642
      vertex -3.2 -11.8635 21.793
    endloop
  endfacet
  facet normal 0 0 -1
    outer loop
      vertex 39.8 -21 0
      vertex 37 -21 0
      vertex 39.8 -10.4 0
    endloop
  endfacet
  facet normal 0 0 -1
    outer loop
      vertex 67.9658 -14.3131 0
      vertex 68 -7.4 0
      vertex 68.295 -14.5032 0
    endloop
  endfacet
  facet normal 0 0 -1
    outer loop
      vertex 67.5953 -14.2286 0
      vertex 68 -7.4 0
      vertex 67.9658 -14.3131 0
    endloop
  endfacet
  facet normal 0 0 -1
    outer loop
      vertex 67.2163 -14.257 0
      vertex 68 -7.4 0
      vertex 67.5953 -14.2286 0
    endloop
  endfacet
  facet normal 0 0 -1
    outer loop
      vertex 63 -10.4 0
      vertex 67.2163 -14.257 0
      vertex 66.8625 -14.3958 0
    endloop
  endfacet
  facet normal 0 0 -1
    outer loop
      vertex 63 -10.4 0
      vertex 66.8625 -14.3958 0
      vertex 66.5654 -14.6328 0
    endloop
  endfacet
  facet normal 0 0 -1
    outer loop
      vertex 63 -10.4 0
      vertex 66.5654 -14.6328 0
      vertex 66.3513 -14.9468 0
    endloop
  endfacet
  facet normal 0 0 -1
    outer loop
      vertex 63 -16.9 0
      vertex 66.3513 -14.9468 0
      vertex 66.2392 -15.31 0
    endloop
  endfacet
  facet normal 0 0 -1
    outer loop
      vertex 64.0305 -18.9225 0
      vertex 66.5654 -16.3672 0
      vertex 64.365 -19.1275 0
    endloop
  endfacet
  facet normal 0 0 -1
    outer loop
      vertex 63.7322 -18.6678 0
      vertex 66.5654 -16.3672 0
      vertex 64.0305 -18.9225 0
    endloop
  endfacet
  facet normal 0 0 -1
    outer loop
      vertex 63.4775 -18.3695 0
      vertex 66.5654 -16.3672 0
      vertex 63.7322 -18.6678 0
    endloop
  endfacet
  facet normal -0 0 -1
    outer loop
      vertex 66.5654 -16.3672 0
      vertex 63.4775 -18.3695 0
      vertex 66.3513 -16.0532 0
    endloop
  endfacet
  facet normal 0 0 -1
    outer loop
      vertex 63.2725 -18.035 0
      vertex 66.3513 -16.0532 0
      vertex 63.4775 -18.3695 0
    endloop
  endfacet
  facet normal 0 0 -1
    outer loop
      vertex 63.1224 -17.6725 0
      vertex 66.3513 -16.0532 0
      vertex 63.2725 -18.035 0
    endloop
  endfacet
  facet normal 0 0 -1
    outer loop
      vertex 63.0308 -17.2911 0
      vertex 66.3513 -16.0532 0
      vertex 63.1224 -17.6725 0
    endloop
  endfacet
  facet normal 0 0 -1
    outer loop
      vertex 63 -16.9 0
      vertex 66.3513 -16.0532 0
      vertex 63.0308 -17.2911 0
    endloop
  endfacet
  facet normal -0 0 -1
    outer loop
      vertex 66.3513 -16.0532 0
      vertex 63 -16.9 0
      vertex 66.2392 -15.69 0
    endloop
  endfacet
  facet normal -0 0 -1
    outer loop
      vertex 66.2392 -15.69 0
      vertex 63 -16.9 0
      vertex 66.2392 -15.31 0
    endloop
  endfacet
  facet normal -0 0 -1
    outer loop
      vertex 66.3513 -14.9468 0
      vertex 63 -16.9 0
      vertex 63 -10.4 0
    endloop
  endfacet
  facet normal 0 0 -1
    outer loop
      vertex 67.2163 -14.257 0
      vertex 63 -10.4 0
      vertex 68 -7.4 0
    endloop
  endfacet
  facet normal 0 0 -1
    outer loop
      vertex 36.8438 -7.4 0
      vertex 63 -10.4 0
      vertex 39.8 -10.4 0
    endloop
  endfacet
  facet normal 0 0 -1
    outer loop
      vertex 37 -7.9 0
      vertex 39.8 -10.4 0
      vertex 37 -21 0
    endloop
  endfacet
  facet normal 0 0 -1
    outer loop
      vertex 36.8438 -7.4 0
      vertex 39.8 -10.4 0
      vertex 37 -7.9 0
    endloop
  endfacet
  facet normal 0 0 -1
    outer loop
      vertex 63 -10.4 0
      vertex 36.8438 -7.4 0
      vertex 68 -7.4 0
    endloop
  endfacet
  facet normal 0 0 -1
    outer loop
      vertex 72 -16.9 0
      vertex 68.7184 -15.8758 0
      vertex 68.775 -15.5 0
    endloop
  endfacet
  facet normal 0 0 -1
    outer loop
      vertex 69.8911 -19.3692 0
      vertex 68.5535 -16.2182 0
      vertex 68.7184 -15.8758 0
    endloop
  endfacet
  facet normal 0 0 -1
    outer loop
      vertex 69.8911 -19.3692 0
      vertex 68.295 -16.4968 0
      vertex 68.5535 -16.2182 0
    endloop
  endfacet
  facet normal 0 0 -1
    outer loop
      vertex 69.5 -19.4 0
      vertex 67.9658 -16.6869 0
      vertex 68.295 -16.4968 0
    endloop
  endfacet
  facet normal 0 0 -1
    outer loop
      vertex 69.5 -19.4 0
      vertex 67.5953 -16.7714 0
      vertex 67.9658 -16.6869 0
    endloop
  endfacet
  facet normal 0 0 -1
    outer loop
      vertex 65.5 -19.4 0
      vertex 67.5953 -16.7714 0
      vertex 69.5 -19.4 0
    endloop
  endfacet
  facet normal -0 0 -1
    outer loop
      vertex 67.5953 -16.7714 0
      vertex 65.5 -19.4 0
      vertex 67.2163 -16.743 0
    endloop
  endfacet
  facet normal -0 0 -1
    outer loop
      vertex 67.2163 -16.743 0
      vertex 65.5 -19.4 0
      vertex 66.8625 -16.6042 0
    endloop
  endfacet
  facet normal 0 0 -1
    outer loop
      vertex 64.365 -19.1275 0
      vertex 66.5654 -16.3672 0
      vertex 64.7275 -19.2776 0
    endloop
  endfacet
  facet normal 0 0 -1
    outer loop
      vertex 64.7275 -19.2776 0
      vertex 66.5654 -16.3672 0
      vertex 65.1089 -19.3692 0
    endloop
  endfacet
  facet normal 0 0 -1
    outer loop
      vertex 65.1089 -19.3692 0
      vertex 66.5654 -16.3672 0
      vertex 65.5 -19.4 0
    endloop
  endfacet
  facet normal -0 0 -1
    outer loop
      vertex 66.8625 -16.6042 0
      vertex 65.5 -19.4 0
      vertex 66.5654 -16.3672 0
    endloop
  endfacet
  facet normal 0 0 -1
    outer loop
      vertex 68.7184 -15.8758 0
      vertex 72 -16.9 0
      vertex 71.9692 -17.2911 0
    endloop
  endfacet
  facet normal 0 0 -1
    outer loop
      vertex 68.7184 -15.8758 0
      vertex 71.5225 -18.3695 0
      vertex 71.2678 -18.6678 0
    endloop
  endfacet
  facet normal 0 0 -1
    outer loop
      vertex 68.7184 -15.8758 0
      vertex 71.2678 -18.6678 0
      vertex 70.9695 -18.9225 0
    endloop
  endfacet
  facet normal 0 0 -1
    outer loop
      vertex 68.7184 -15.8758 0
      vertex 70.9695 -18.9225 0
      vertex 70.635 -19.1275 0
    endloop
  endfacet
  facet normal 0 0 -1
    outer loop
      vertex 68.7184 -15.8758 0
      vertex 70.635 -19.1275 0
      vertex 70.2725 -19.2776 0
    endloop
  endfacet
  facet normal 0 0 -1
    outer loop
      vertex 68.7184 -15.8758 0
      vertex 70.2725 -19.2776 0
      vertex 69.8911 -19.3692 0
    endloop
  endfacet
  facet normal 0 0 -1
    outer loop
      vertex 68.295 -16.4968 0
      vertex 69.8911 -19.3692 0
      vertex 69.5 -19.4 0
    endloop
  endfacet
  facet normal 0 0 -1
    outer loop
      vertex 72 -16.9 0
      vertex 68.775 -15.5 0
      vertex 68.7184 -15.1242 0
    endloop
  endfacet
  facet normal 0 0 -1
    outer loop
      vertex 68.5535 -14.7818 0
      vertex 72 -16.9 0
      vertex 68.7184 -15.1242 0
    endloop
  endfacet
  facet normal 0 0 -1
    outer loop
      vertex 68 -7.4 0
      vertex 72 -16.9 0
      vertex 68.5535 -14.7818 0
    endloop
  endfacet
  facet normal 0 0 -1
    outer loop
      vertex 68 -7.4 0
      vertex 68.5535 -14.7818 0
      vertex 68.295 -14.5032 0
    endloop
  endfacet
  facet normal 0 0 -1
    outer loop
      vertex 72 -16.9 0
      vertex 68 -7.4 0
      vertex 71.6 -3.3 0
    endloop
  endfacet
  facet normal -0 0 -1
    outer loop
      vertex 71.6 -3.3 0
      vertex 68 -7.4 0
      vertex 68 -3.3 0
    endloop
  endfacet
  facet normal 0 0 -1
    outer loop
      vertex 68.7184 -15.8758 0
      vertex 71.9692 -17.2911 0
      vertex 71.8776 -17.6725 0
    endloop
  endfacet
  facet normal 0 0 -1
    outer loop
      vertex 68.7184 -15.8758 0
      vertex 71.8776 -17.6725 0
      vertex 71.7275 -18.035 0
    endloop
  endfacet
  facet normal 0 0 -1
    outer loop
      vertex 68.7184 -15.8758 0
      vertex 71.7275 -18.035 0
      vertex 71.5225 -18.3695 0
    endloop
  endfacet
  facet normal 0 0 -1
    outer loop
      vertex 72 -16.9 0
      vertex 71.6 -3.3 0
      vertex 72 10.4 0
    endloop
  endfacet
  facet normal 0 0 -1
    outer loop
      vertex 71.6 3.3 0
      vertex 72 10.4 0
      vertex 71.6 -3.3 0
    endloop
  endfacet
  facet normal 0 0 -1
    outer loop
      vertex 68 7.4 0
      vertex 72 10.4 0
      vertex 71.6 3.3 0
    endloop
  endfacet
  facet normal 0 0 -1
    outer loop
      vertex 68 7.4 0
      vertex 71.6 3.3 0
      vertex 68 3.3 0
    endloop
  endfacet
  facet normal -0 0 -1
    outer loop
      vertex 72 10.4 0
      vertex 68 7.4 0
      vertex 69 10.4 0
    endloop
  endfacet
  facet normal 0 0 -1
    outer loop
      vertex 67 7.4 0
      vertex 69 10.4 0
      vertex 68 7.4 0
    endloop
  endfacet
  facet normal -0 0 -1
    outer loop
      vertex 69 10.4 0
      vertex 67 7.4 0
      vertex 67 15.4 0
    endloop
  endfacet
  facet normal 0 0 -1
    outer loop
      vertex 69 10.4 0
      vertex 67 15.4 0
      vertex 69 15.4 0
    endloop
  endfacet
  facet normal 0 0 -1
    outer loop
      vertex -1.4 5.1 0
      vertex 0 7.4 0
      vertex 0 3 0
    endloop
  endfacet
  facet normal 0 0 -1
    outer loop
      vertex -3.2 5.1 0
      vertex 0 7.4 0
      vertex -1.4 5.1 0
    endloop
  endfacet
  facet normal 0 0 -1
    outer loop
      vertex -1.4 5.1 0
      vertex 0 3 0
      vertex -1.4 3 0
    endloop
  endfacet
  facet normal -0 0 -1
    outer loop
      vertex 0 7.4 0
      vertex -3.2 5.1 0
      vertex 0 16.9 0
    endloop
  endfacet
  facet normal -0 0 -1
    outer loop
      vertex 0 16.9 0
      vertex -3.2 5.1 0
      vertex -3.2 29 0
    endloop
  endfacet
  facet normal 0 0 -1
    outer loop
      vertex 0 16.9 0
      vertex -3.2 29 0
      vertex 0 29 0
    endloop
  endfacet
  facet normal 0 0 -1
    outer loop
      vertex 53 7.4 0
      vertex 51 10.4 0
      vertex 53 15.4 0
    endloop
  endfacet
  facet normal 0 0 -1
    outer loop
      vertex 53 7.4 0
      vertex 9 10.4 0
      vertex 51 10.4 0
    endloop
  endfacet
  facet normal 0 0 -1
    outer loop
      vertex 5.71836 15.1242 0
      vertex 9 16.9 0
      vertex 9 10.4 0
    endloop
  endfacet
  facet normal 0 -0 -1
    outer loop
      vertex 5.775 15.5 0
      vertex 9 16.9 0
      vertex 5.71836 15.1242 0
    endloop
  endfacet
  facet normal 0 0 -1
    outer loop
      vertex 5.71836 15.8758 0
      vertex 9 16.9 0
      vertex 5.775 15.5 0
    endloop
  endfacet
  facet normal 0 0 -1
    outer loop
      vertex 5.55345 16.2182 0
      vertex 9 16.9 0
      vertex 5.71836 15.8758 0
    endloop
  endfacet
  facet normal -0 0 -1
    outer loop
      vertex 9 16.9 0
      vertex 5.55345 16.2182 0
      vertex 8.96922 17.2911 0
    endloop
  endfacet
  facet normal -0 0 -1
    outer loop
      vertex 8.87764 17.6725 0
      vertex 5.55345 16.2182 0
      vertex 8.72752 18.035 0
    endloop
  endfacet
  facet normal -0 0 -1
    outer loop
      vertex 8.72752 18.035 0
      vertex 5.55345 16.2182 0
      vertex 8.52254 18.3695 0
    endloop
  endfacet
  facet normal -0 0 -1
    outer loop
      vertex 8.52254 18.3695 0
      vertex 5.55345 16.2182 0
      vertex 8.26776 18.6678 0
    endloop
  endfacet
  facet normal -0 0 -1
    outer loop
      vertex 8.26776 18.6678 0
      vertex 5.55345 16.2182 0
      vertex 7.96947 18.9225 0
    endloop
  endfacet
  facet normal -0 0 -1
    outer loop
      vertex 7.96947 18.9225 0
      vertex 5.55345 16.2182 0
      vertex 7.63498 19.1275 0
    endloop
  endfacet
  facet normal -0 0 -1
    outer loop
      vertex 7.63498 19.1275 0
      vertex 5.55345 16.2182 0
      vertex 7.27254 19.2776 0
    endloop
  endfacet
  facet normal -0 0 -1
    outer loop
      vertex 8.96922 17.2911 0
      vertex 5.55345 16.2182 0
      vertex 8.87764 17.6725 0
    endloop
  endfacet
  facet normal 0 0 -1
    outer loop
      vertex 9 10.4 0
      vertex 5.55345 14.7818 0
      vertex 5.71836 15.1242 0
    endloop
  endfacet
  facet normal 0 0 -1
    outer loop
      vertex 9 10.4 0
      vertex 5.29495 14.5032 0
      vertex 5.55345 14.7818 0
    endloop
  endfacet
  facet normal 0 0 -1
    outer loop
      vertex 9 10.4 0
      vertex 4.96581 14.3131 0
      vertex 5.29495 14.5032 0
    endloop
  endfacet
  facet normal 0 0 -1
    outer loop
      vertex 9 10.4 0
      vertex 4.59528 14.2286 0
      vertex 4.96581 14.3131 0
    endloop
  endfacet
  facet normal 0 0 -1
    outer loop
      vertex 0 7.4 0
      vertex 4.59528 14.2286 0
      vertex 9 10.4 0
    endloop
  endfacet
  facet normal -0 0 -1
    outer loop
      vertex 4.59528 14.2286 0
      vertex 0 7.4 0
      vertex 4.21629 14.257 0
    endloop
  endfacet
  facet normal 0 0 -1
    outer loop
      vertex 0 16.9 0
      vertex 3.23924 15.69 0
      vertex 3.23924 15.31 0
    endloop
  endfacet
  facet normal 0 0 -1
    outer loop
      vertex 3.23924 15.69 0
      vertex 2.10892 19.3692 0
      vertex 2.5 19.4 0
    endloop
  endfacet
  facet normal 0 0 -1
    outer loop
      vertex 3.23924 15.69 0
      vertex 1.72746 19.2776 0
      vertex 2.10892 19.3692 0
    endloop
  endfacet
  facet normal 0 0 -1
    outer loop
      vertex 0 16.9 0
      vertex 3.23924 15.31 0
      vertex 3.35126 14.9468 0
    endloop
  endfacet
  facet normal 0 0 -1
    outer loop
      vertex 3.23924 15.69 0
      vertex 1.36502 19.1275 0
      vertex 1.72746 19.2776 0
    endloop
  endfacet
  facet normal 0 0 -1
    outer loop
      vertex 3.23924 15.69 0
      vertex 1.03053 18.9225 0
      vertex 1.36502 19.1275 0
    endloop
  endfacet
  facet normal 0 0 -1
    outer loop
      vertex 3.23924 15.69 0
      vertex 0.732239 18.6678 0
      vertex 1.03053 18.9225 0
    endloop
  endfacet
  facet normal 0 0 -1
    outer loop
      vertex 0 7.4 0
      vertex 3.35126 14.9468 0
      vertex 3.56536 14.6328 0
    endloop
  endfacet
  facet normal 0 0 -1
    outer loop
      vertex 3.23924 15.69 0
      vertex 0.477463 18.3695 0
      vertex 0.732239 18.6678 0
    endloop
  endfacet
  facet normal 0 0 -1
    outer loop
      vertex 3.23924 15.69 0
      vertex 0.272476 18.035 0
      vertex 0.477463 18.3695 0
    endloop
  endfacet
  facet normal 0 0 -1
    outer loop
      vertex 3.23924 15.69 0
      vertex 0.12236 17.6725 0
      vertex 0.272476 18.035 0
    endloop
  endfacet
  facet normal 0 0 -1
    outer loop
      vertex 3.23924 15.69 0
      vertex 0.030777 17.2911 0
      vertex 0.12236 17.6725 0
    endloop
  endfacet
  facet normal 0 0 -1
    outer loop
      vertex 0 7.4 0
      vertex 3.56536 14.6328 0
      vertex 3.8625 14.3958 0
    endloop
  endfacet
  facet normal -0 0 -1
    outer loop
      vertex 4.21629 14.257 0
      vertex 0 7.4 0
      vertex 3.8625 14.3958 0
    endloop
  endfacet
  facet normal 0 0 -1
    outer loop
      vertex 0 7.4 0
      vertex 9 10.4 0
      vertex 53 7.4 0
    endloop
  endfacet
  facet normal -0 0 -1
    outer loop
      vertex 3.35126 14.9468 0
      vertex 0 7.4 0
      vertex 0 16.9 0
    endloop
  endfacet
  facet normal 0 0 -1
    outer loop
      vertex 3.23924 15.69 0
      vertex 0 16.9 0
      vertex 0.030777 17.2911 0
    endloop
  endfacet
  facet normal -0 0 -1
    outer loop
      vertex 53 15.4 0
      vertex 51 10.4 0
      vertex 51 15.4 0
    endloop
  endfacet
  facet normal 0 0 -1
    outer loop
      vertex 5.29495 16.4968 0
      vertex 7.27254 19.2776 0
      vertex 5.55345 16.2182 0
    endloop
  endfacet
  facet normal -0 0 -1
    outer loop
      vertex 7.27254 19.2776 0
      vertex 5.29495 16.4968 0
      vertex 6.89108 19.3692 0
    endloop
  endfacet
  facet normal -0 0 -1
    outer loop
      vertex 6.89108 19.3692 0
      vertex 5.29495 16.4968 0
      vertex 6.5 19.4 0
    endloop
  endfacet
  facet normal 0 0 -1
    outer loop
      vertex 4.96581 16.6869 0
      vertex 6.5 19.4 0
      vertex 5.29495 16.4968 0
    endloop
  endfacet
  facet normal 0 0 -1
    outer loop
      vertex 4.59528 16.7714 0
      vertex 6.5 19.4 0
      vertex 4.96581 16.6869 0
    endloop
  endfacet
  facet normal 0 0 -1
    outer loop
      vertex 2.5 19.4 0
      vertex 4.59528 16.7714 0
      vertex 4.21629 16.743 0
    endloop
  endfacet
  facet normal 0 0 -1
    outer loop
      vertex 2.5 19.4 0
      vertex 4.21629 16.743 0
      vertex 3.8625 16.6042 0
    endloop
  endfacet
  facet normal 0 0 -1
    outer loop
      vertex 2.5 19.4 0
      vertex 3.8625 16.6042 0
      vertex 3.56536 16.3672 0
    endloop
  endfacet
  facet normal 0 0 -1
    outer loop
      vertex 4.59528 16.7714 0
      vertex 2.5 19.4 0
      vertex 6.5 19.4 0
    endloop
  endfacet
  facet normal 0 0 -1
    outer loop
      vertex 3.35126 16.0532 0
      vertex 2.5 19.4 0
      vertex 3.56536 16.3672 0
    endloop
  endfacet
  facet normal 0 0 -1
    outer loop
      vertex 2.5 19.4 0
      vertex 3.35126 16.0532 0
      vertex 3.23924 15.69 0
    endloop
  endfacet
  facet normal 0 0 -1
    outer loop
      vertex 8.20001 -18.7256 0
      vertex 11 -21 0
      vertex 8.20001 -21 0
    endloop
  endfacet
  facet normal 0 0 -1
    outer loop
      vertex 11 -21 0
      vertex 8.20001 -18.7256 0
      vertex 11 -7.9 0
    endloop
  endfacet
  facet normal 0 0 -1
    outer loop
      vertex 5.55345 -16.2182 0
      vertex 8.20001 -18.7256 0
      vertex 7.96947 -18.9225 0
    endloop
  endfacet
  facet normal 0 0 -1
    outer loop
      vertex 5.55345 -16.2182 0
      vertex 7.96947 -18.9225 0
      vertex 7.63498 -19.1275 0
    endloop
  endfacet
  facet normal 0 0 -1
    outer loop
      vertex 5.55345 -16.2182 0
      vertex 7.63498 -19.1275 0
      vertex 7.27254 -19.2776 0
    endloop
  endfacet
  facet normal 0 0 -1
    outer loop
      vertex 8.20001 -18.7256 0
      vertex 5.775 -15.5 0
      vertex 5.71836 -15.1242 0
    endloop
  endfacet
  facet normal 0 0 -1
    outer loop
      vertex 5.29495 -16.4968 0
      vertex 7.27254 -19.2776 0
      vertex 6.89108 -19.3692 0
    endloop
  endfacet
  facet normal 0 0 -1
    outer loop
      vertex 5.29495 -16.4968 0
      vertex 6.89108 -19.3692 0
      vertex 6.5 -19.4 0
    endloop
  endfacet
  facet normal 0 0 -1
    outer loop
      vertex 8.20001 -18.7256 0
      vertex 5.71836 -15.1242 0
      vertex 11 -7.9 0
    endloop
  endfacet
  facet normal 0 0 -1
    outer loop
      vertex 5.55345 -14.7818 0
      vertex 11 -7.9 0
      vertex 5.71836 -15.1242 0
    endloop
  endfacet
  facet normal 0 0 -1
    outer loop
      vertex 5.29495 -14.5032 0
      vertex 11 -7.9 0
      vertex 5.55345 -14.7818 0
    endloop
  endfacet
  facet normal 0 0 -1
    outer loop
      vertex 4.96581 -14.3131 0
      vertex 11 -7.9 0
      vertex 5.29495 -14.5032 0
    endloop
  endfacet
  facet normal 0 0 -1
    outer loop
      vertex 4.59528 -14.2286 0
      vertex 11 -7.9 0
      vertex 4.96581 -14.3131 0
    endloop
  endfacet
  facet normal 0 0 -1
    outer loop
      vertex 0 -7.4 0
      vertex 11 -7.9 0
      vertex 4.59528 -14.2286 0
    endloop
  endfacet
  facet normal 0 0 -1
    outer loop
      vertex 0 -7.4 0
      vertex 4.59528 -14.2286 0
      vertex 4.21629 -14.257 0
    endloop
  endfacet
  facet normal 0 0 -1
    outer loop
      vertex 0 -13 0
      vertex 4.21629 -14.257 0
      vertex 3.8625 -14.3958 0
    endloop
  endfacet
  facet normal 0 0 -1
    outer loop
      vertex 0 -13 0
      vertex 3.8625 -14.3958 0
      vertex 3.56536 -14.6328 0
    endloop
  endfacet
  facet normal 0 0 -1
    outer loop
      vertex 1.03053 -18.9225 0
      vertex 3.56536 -16.3672 0
      vertex 1.36502 -19.1275 0
    endloop
  endfacet
  facet normal 0 0 -1
    outer loop
      vertex 0.732239 -18.6678 0
      vertex 3.56536 -16.3672 0
      vertex 1.03053 -18.9225 0
    endloop
  endfacet
  facet normal 0 0 -1
    outer loop
      vertex 0.477463 -18.3695 0
      vertex 3.56536 -16.3672 0
      vertex 0.732239 -18.6678 0
    endloop
  endfacet
  facet normal -0 0 -1
    outer loop
      vertex 3.56536 -16.3672 0
      vertex 0.477463 -18.3695 0
      vertex 3.35126 -16.0532 0
    endloop
  endfacet
  facet normal 0 0 -1
    outer loop
      vertex 0.272476 -18.035 0
      vertex 3.35126 -16.0532 0
      vertex 0.477463 -18.3695 0
    endloop
  endfacet
  facet normal 0 0 -1
    outer loop
      vertex 0.12236 -17.6725 0
      vertex 3.35126 -16.0532 0
      vertex 0.272476 -18.035 0
    endloop
  endfacet
  facet normal 0 0 -1
    outer loop
      vertex 0.030777 -17.2911 0
      vertex 3.35126 -16.0532 0
      vertex 0.12236 -17.6725 0
    endloop
  endfacet
  facet normal 0 0 -1
    outer loop
      vertex 0 -16.9 0
      vertex 3.35126 -16.0532 0
      vertex 0.030777 -17.2911 0
    endloop
  endfacet
  facet normal -0 0 -1
    outer loop
      vertex 3.35126 -16.0532 0
      vertex 0 -16.9 0
      vertex 3.23924 -15.69 0
    endloop
  endfacet
  facet normal -0 0 -1
    outer loop
      vertex 3.23924 -15.69 0
      vertex 0 -16.9 0
      vertex 3.23924 -15.31 0
    endloop
  endfacet
  facet normal 0 0 -1
    outer loop
      vertex 3.23924 -15.31 0
      vertex 0 -13 0
      vertex 3.35126 -14.9468 0
    endloop
  endfacet
  facet normal 0 0 -1
    outer loop
      vertex 0 -13 0
      vertex 3.23924 -15.31 0
      vertex 0 -16.9 0
    endloop
  endfacet
  facet normal 0 0 -1
    outer loop
      vertex 3.35126 -14.9468 0
      vertex 0 -13 0
      vertex 3.56536 -14.6328 0
    endloop
  endfacet
  facet normal 0 0 -1
    outer loop
      vertex 4.21629 -14.257 0
      vertex 0 -13 0
      vertex 0 -7.4 0
    endloop
  endfacet
  facet normal 0 0 -1
    outer loop
      vertex 11 -7.9 0
      vertex 0 -7.4 0
      vertex 11.1562 -7.4 0
    endloop
  endfacet
  facet normal 0 0 -1
    outer loop
      vertex -3.2 -13 0
      vertex 0 -7.4 0
      vertex 0 -13 0
    endloop
  endfacet
  facet normal 0 0 -1
    outer loop
      vertex 0 -7.4 0
      vertex -1.4 -5.09616 0
      vertex 0 -3 0
    endloop
  endfacet
  facet normal 0 0 -1
    outer loop
      vertex -3.2 -5.09616 0
      vertex 0 -7.4 0
      vertex -3.2 -13 0
    endloop
  endfacet
  facet normal 0 0 -1
    outer loop
      vertex 0 -7.4 0
      vertex -3.2 -5.09616 0
      vertex -1.4 -5.09616 0
    endloop
  endfacet
  facet normal -0 0 -1
    outer loop
      vertex 0 -3 0
      vertex -1.4 -5.09616 0
      vertex -1.4 -3 0
    endloop
  endfacet
  facet normal 0 0 -1
    outer loop
      vertex 8.20001 -18.7256 0
      vertex 5.71836 -15.8758 0
      vertex 5.775 -15.5 0
    endloop
  endfacet
  facet normal 0 0 -1
    outer loop
      vertex 8.20001 -18.7256 0
      vertex 5.55345 -16.2182 0
      vertex 5.71836 -15.8758 0
    endloop
  endfacet
  facet normal 0 0 -1
    outer loop
      vertex 7.27254 -19.2776 0
      vertex 5.29495 -16.4968 0
      vertex 5.55345 -16.2182 0
    endloop
  endfacet
  facet normal 0 0 -1
    outer loop
      vertex 6.5 -19.4 0
      vertex 4.96581 -16.6869 0
      vertex 5.29495 -16.4968 0
    endloop
  endfacet
  facet normal 0 0 -1
    outer loop
      vertex 6.5 -19.4 0
      vertex 4.59528 -16.7714 0
      vertex 4.96581 -16.6869 0
    endloop
  endfacet
  facet normal 0 0 -1
    outer loop
      vertex 2.5 -19.4 0
      vertex 4.59528 -16.7714 0
      vertex 6.5 -19.4 0
    endloop
  endfacet
  facet normal -0 0 -1
    outer loop
      vertex 4.59528 -16.7714 0
      vertex 2.5 -19.4 0
      vertex 4.21629 -16.743 0
    endloop
  endfacet
  facet normal -0 0 -1
    outer loop
      vertex 4.21629 -16.743 0
      vertex 2.5 -19.4 0
      vertex 3.8625 -16.6042 0
    endloop
  endfacet
  facet normal 0 0 -1
    outer loop
      vertex 1.36502 -19.1275 0
      vertex 3.56536 -16.3672 0
      vertex 1.72746 -19.2776 0
    endloop
  endfacet
  facet normal 0 0 -1
    outer loop
      vertex 1.72746 -19.2776 0
      vertex 3.56536 -16.3672 0
      vertex 2.10892 -19.3692 0
    endloop
  endfacet
  facet normal 0 0 -1
    outer loop
      vertex 2.10892 -19.3692 0
      vertex 3.56536 -16.3672 0
      vertex 2.5 -19.4 0
    endloop
  endfacet
  facet normal -0 0 -1
    outer loop
      vertex 3.8625 -16.6042 0
      vertex 2.5 -19.4 0
      vertex 3.56536 -16.3672 0
    endloop
  endfacet
  facet normal 0 -0.98883 -0.149047
    outer loop
      vertex -3.2 1.3 17.5
      vertex 0 1.24224 17.8832
      vertex -3.2 1.24224 17.8832
    endloop
  endfacet
  facet normal 0 -0.98883 -0.149047
    outer loop
      vertex 0 1.24224 17.8832
      vertex -3.2 1.3 17.5
      vertex 0 1.3 17.5
    endloop
  endfacet
  facet normal 0 1 -0
    outer loop
      vertex 0 -1.28548 17.3062
      vertex -3.2 -1.28548 17.6938
      vertex 0 -1.28548 17.6938
    endloop
  endfacet
  facet normal 0 1 0
    outer loop
      vertex -3.2 -1.28548 17.6938
      vertex 0 -1.28548 17.3062
      vertex -3.2 -1.28548 17.3062
    endloop
  endfacet
  facet normal 0 -0.222695 -0.974888
    outer loop
      vertex -3.2 0.0971489 18.7964
      vertex 0 0.474943 18.7101
      vertex 0 0.0971489 18.7964
    endloop
  endfacet
  facet normal -0 -0.222695 -0.974888
    outer loop
      vertex 0 0.474943 18.7101
      vertex -3.2 0.0971489 18.7964
      vertex -3.2 0.474943 18.7101
    endloop
  endfacet
  facet normal -0 0.0748363 0.997196
    outer loop
      vertex -3.2 0.0971489 16.2036
      vertex 0 -0.289277 16.2326
      vertex 0 0.0971489 16.2036
    endloop
  endfacet
  facet normal 0 0.0748363 0.997196
    outer loop
      vertex 0 -0.289277 16.2326
      vertex -3.2 0.0971489 16.2036
      vertex -3.2 -0.289277 16.2326
    endloop
  endfacet
  facet normal 0 -0.900956 -0.43391
    outer loop
      vertex -3.2 1.24224 17.8832
      vertex 0 1.07411 18.2323
      vertex -3.2 1.07411 18.2323
    endloop
  endfacet
  facet normal 0 -0.900956 -0.43391
    outer loop
      vertex 0 1.07411 18.2323
      vertex -3.2 1.24224 17.8832
      vertex 0 1.24224 17.8832
    endloop
  endfacet
  facet normal 0 0.0748363 -0.997196
    outer loop
      vertex -3.2 -0.289277 18.7674
      vertex 0 0.0971489 18.7964
      vertex 0 -0.289277 18.7674
    endloop
  endfacet
  facet normal 0 0.0748363 -0.997196
    outer loop
      vertex 0 0.0971489 18.7964
      vertex -3.2 -0.289277 18.7674
      vertex -3.2 0.0971489 18.7964
    endloop
  endfacet
  facet normal 0 0.365401 -0.93085
    outer loop
      vertex -3.2 -0.65 18.6258
      vertex 0 -0.289277 18.7674
      vertex 0 -0.65 18.6258
    endloop
  endfacet
  facet normal 0 0.365401 -0.93085
    outer loop
      vertex 0 -0.289277 18.7674
      vertex -3.2 -0.65 18.6258
      vertex -3.2 -0.289277 18.7674
    endloop
  endfacet
  facet normal 0 -0.222695 0.974888
    outer loop
      vertex -3.2 0.474943 16.2899
      vertex 0 0.0971489 16.2036
      vertex 0 0.474943 16.2899
    endloop
  endfacet
  facet normal 0 -0.222695 0.974888
    outer loop
      vertex 0 0.0971489 16.2036
      vertex -3.2 0.474943 16.2899
      vertex -3.2 0.0971489 16.2036
    endloop
  endfacet
  facet normal 0 -0.499894 0.866087
    outer loop
      vertex -3.2 0.810536 16.4836
      vertex 0 0.474943 16.2899
      vertex 0 0.810536 16.4836
    endloop
  endfacet
  facet normal 0 -0.499894 0.866087
    outer loop
      vertex 0 0.474943 16.2899
      vertex -3.2 0.810536 16.4836
      vertex -3.2 0.474943 16.2899
    endloop
  endfacet
  facet normal 0 0.955552 0.294822
    outer loop
      vertex 0 -1.17126 16.936
      vertex -3.2 -1.28548 17.3062
      vertex 0 -1.28548 17.3062
    endloop
  endfacet
  facet normal 0 0.955552 0.294822
    outer loop
      vertex -3.2 -1.28548 17.3062
      vertex 0 -1.17126 16.936
      vertex -3.2 -1.17126 16.936
    endloop
  endfacet
  facet normal 0 -0.733093 -0.680128
    outer loop
      vertex -3.2 1.07411 18.2323
      vertex 0 0.810536 18.5164
      vertex -3.2 0.810536 18.5164
    endloop
  endfacet
  facet normal 0 -0.733093 -0.680128
    outer loop
      vertex 0 0.810536 18.5164
      vertex -3.2 1.07411 18.2323
      vertex 0 1.07411 18.2323
    endloop
  endfacet
  facet normal 0 -0.499894 -0.866087
    outer loop
      vertex -3.2 0.474943 18.7101
      vertex 0 0.810536 18.5164
      vertex 0 0.474943 18.7101
    endloop
  endfacet
  facet normal -0 -0.499894 -0.866087
    outer loop
      vertex 0 0.810536 18.5164
      vertex -3.2 0.474943 18.7101
      vertex -3.2 0.810536 18.5164
    endloop
  endfacet
  facet normal 0 0.955552 -0.294822
    outer loop
      vertex 0 -1.28548 17.6938
      vertex -3.2 -1.17126 18.064
      vertex 0 -1.17126 18.064
    endloop
  endfacet
  facet normal 0 0.955552 -0.294822
    outer loop
      vertex -3.2 -1.17126 18.064
      vertex 0 -1.28548 17.6938
      vertex -3.2 -1.28548 17.6938
    endloop
  endfacet
  facet normal 0 0.623477 -0.781842
    outer loop
      vertex -3.2 -0.952967 18.3842
      vertex 0 -0.65 18.6258
      vertex 0 -0.952967 18.3842
    endloop
  endfacet
  facet normal 0 0.623477 -0.781842
    outer loop
      vertex 0 -0.65 18.6258
      vertex -3.2 -0.952967 18.3842
      vertex -3.2 -0.65 18.6258
    endloop
  endfacet
  facet normal 0 0.826258 -0.563292
    outer loop
      vertex 0 -1.17126 18.064
      vertex -3.2 -0.952967 18.3842
      vertex 0 -0.952967 18.3842
    endloop
  endfacet
  facet normal 0 0.826258 -0.563292
    outer loop
      vertex -3.2 -0.952967 18.3842
      vertex 0 -1.17126 18.064
      vertex -3.2 -1.17126 18.064
    endloop
  endfacet
  facet normal 0 -0.900956 0.43391
    outer loop
      vertex -3.2 1.07411 16.7677
      vertex 0 1.24224 17.1168
      vertex -3.2 1.24224 17.1168
    endloop
  endfacet
  facet normal 0 -0.900956 0.43391
    outer loop
      vertex 0 1.24224 17.1168
      vertex -3.2 1.07411 16.7677
      vertex 0 1.07411 16.7677
    endloop
  endfacet
  facet normal 0 -0.733093 0.680128
    outer loop
      vertex -3.2 0.810536 16.4836
      vertex 0 1.07411 16.7677
      vertex -3.2 1.07411 16.7677
    endloop
  endfacet
  facet normal 0 -0.733093 0.680128
    outer loop
      vertex 0 1.07411 16.7677
      vertex -3.2 0.810536 16.4836
      vertex 0 0.810536 16.4836
    endloop
  endfacet
  facet normal -0 0.365401 0.93085
    outer loop
      vertex -3.2 -0.289277 16.2326
      vertex 0 -0.65 16.3742
      vertex 0 -0.289277 16.2326
    endloop
  endfacet
  facet normal 0 0.365401 0.93085
    outer loop
      vertex 0 -0.65 16.3742
      vertex -3.2 -0.289277 16.2326
      vertex -3.2 -0.65 16.3742
    endloop
  endfacet
  facet normal 0 0.826258 0.563292
    outer loop
      vertex 0 -0.952967 16.6158
      vertex -3.2 -1.17126 16.936
      vertex 0 -1.17126 16.936
    endloop
  endfacet
  facet normal 0 0.826258 0.563292
    outer loop
      vertex -3.2 -1.17126 16.936
      vertex 0 -0.952967 16.6158
      vertex -3.2 -0.952967 16.6158
    endloop
  endfacet
  facet normal -0 0.623477 0.781842
    outer loop
      vertex -3.2 -0.65 16.3742
      vertex 0 -0.952967 16.6158
      vertex 0 -0.65 16.3742
    endloop
  endfacet
  facet normal 0 0.623477 0.781842
    outer loop
      vertex 0 -0.952967 16.6158
      vertex -3.2 -0.65 16.3742
      vertex -3.2 -0.952967 16.6158
    endloop
  endfacet
  facet normal 0 -0.98883 0.149047
    outer loop
      vertex -3.2 1.24224 17.1168
      vertex 0 1.3 17.5
      vertex -3.2 1.3 17.5
    endloop
  endfacet
  facet normal 0 -0.98883 0.149047
    outer loop
      vertex 0 1.3 17.5
      vertex -3.2 1.24224 17.1168
      vertex 0 1.24224 17.1168
    endloop
  endfacet
  facet normal 0 -0.997858 -0.0654149
    outer loop
      vertex -1.4 3 0
      vertex 0 2.97433 0.391578
      vertex -1.4 2.97433 0.391578
    endloop
  endfacet
  facet normal 0 -0.997858 -0.0654149
    outer loop
      vertex 0 2.97433 0.391578
      vertex -1.4 3 0
      vertex 0 3 0
    endloop
  endfacet
  facet normal 0 0.997858 -0.0654149
    outer loop
      vertex 0 -3 0
      vertex -1.4 -2.97433 0.391578
      vertex 0 -2.97433 0.391578
    endloop
  endfacet
  facet normal 0 0.997858 -0.0654149
    outer loop
      vertex -1.4 -2.97433 0.391578
      vertex 0 -3 0
      vertex -1.4 -3 0
    endloop
  endfacet
  facet normal 0 0.659341 -0.751844
    outer loop
      vertex -1.4 -2.12132 2.12132
      vertex 0 -1.82628 2.38006
      vertex 0 -2.12132 2.12132
    endloop
  endfacet
  facet normal 0 0.659341 -0.751844
    outer loop
      vertex 0 -1.82628 2.38006
      vertex -1.4 -2.12132 2.12132
      vertex -1.4 -1.82628 2.38006
    endloop
  endfacet
  facet normal 0 0.321442 -0.946929
    outer loop
      vertex -1.4 -1.14805 2.77164
      vertex 0 -0.776457 2.89778
      vertex 0 -1.14805 2.77164
    endloop
  endfacet
  facet normal 0 0.321442 -0.946929
    outer loop
      vertex 0 -0.776457 2.89778
      vertex -1.4 -1.14805 2.77164
      vertex -1.4 -0.776457 2.89778
    endloop
  endfacet
  facet normal 0 -0.980789 -0.195073
    outer loop
      vertex -1.4 2.97433 0.391578
      vertex 0 2.89778 0.776457
      vertex -1.4 2.89778 0.776457
    endloop
  endfacet
  facet normal 0 -0.980789 -0.195073
    outer loop
      vertex 0 2.89778 0.776457
      vertex -1.4 2.97433 0.391578
      vertex 0 2.97433 0.391578
    endloop
  endfacet
  facet normal 0 -0.831462 -0.555582
    outer loop
      vertex -1.4 2.59808 1.5
      vertex 0 2.38006 1.82628
      vertex -1.4 2.38006 1.82628
    endloop
  endfacet
  facet normal 0 -0.831462 -0.555582
    outer loop
      vertex 0 2.38006 1.82628
      vertex -1.4 2.59808 1.5
      vertex 0 2.59808 1.5
    endloop
  endfacet
  facet normal 0 -0.321442 -0.946929
    outer loop
      vertex -1.4 0.776457 2.89778
      vertex 0 1.14805 2.77164
      vertex 0 0.776457 2.89778
    endloop
  endfacet
  facet normal -0 -0.321442 -0.946929
    outer loop
      vertex 0 1.14805 2.77164
      vertex -1.4 0.776457 2.89778
      vertex -1.4 1.14805 2.77164
    endloop
  endfacet
  facet normal 0 0.896875 -0.442283
    outer loop
      vertex 0 -2.77164 1.14805
      vertex -1.4 -2.59808 1.5
      vertex 0 -2.59808 1.5
    endloop
  endfacet
  facet normal 0 0.896875 -0.442283
    outer loop
      vertex -1.4 -2.59808 1.5
      vertex 0 -2.77164 1.14805
      vertex -1.4 -2.77164 1.14805
    endloop
  endfacet
  facet normal 0 0.946929 -0.321442
    outer loop
      vertex 0 -2.89778 0.776457
      vertex -1.4 -2.77164 1.14805
      vertex 0 -2.77164 1.14805
    endloop
  endfacet
  facet normal 0 0.946929 -0.321442
    outer loop
      vertex -1.4 -2.77164 1.14805
      vertex 0 -2.89778 0.776457
      vertex -1.4 -2.89778 0.776457
    endloop
  endfacet
  facet normal 0 0.442283 -0.896875
    outer loop
      vertex -1.4 -1.5 2.59808
      vertex 0 -1.14805 2.77164
      vertex 0 -1.5 2.59808
    endloop
  endfacet
  facet normal 0 0.442283 -0.896875
    outer loop
      vertex 0 -1.14805 2.77164
      vertex -1.4 -1.5 2.59808
      vertex -1.4 -1.14805 2.77164
    endloop
  endfacet
  facet normal 0 0.195073 -0.980789
    outer loop
      vertex -1.4 -0.776457 2.89778
      vertex 0 -0.391578 2.97433
      vertex 0 -0.776457 2.89778
    endloop
  endfacet
  facet normal 0 0.195073 -0.980789
    outer loop
      vertex 0 -0.391578 2.97433
      vertex -1.4 -0.776457 2.89778
      vertex -1.4 -0.391578 2.97433
    endloop
  endfacet
  facet normal 0 -0.946929 -0.321442
    outer loop
      vertex -1.4 2.89778 0.776457
      vertex 0 2.77164 1.14805
      vertex -1.4 2.77164 1.14805
    endloop
  endfacet
  facet normal 0 -0.946929 -0.321442
    outer loop
      vertex 0 2.77164 1.14805
      vertex -1.4 2.89778 0.776457
      vertex 0 2.89778 0.776457
    endloop
  endfacet
  facet normal 0 -0.751844 -0.659341
    outer loop
      vertex -1.4 2.38006 1.82628
      vertex 0 2.12132 2.12132
      vertex -1.4 2.12132 2.12132
    endloop
  endfacet
  facet normal 0 -0.751844 -0.659341
    outer loop
      vertex 0 2.12132 2.12132
      vertex -1.4 2.38006 1.82628
      vertex 0 2.38006 1.82628
    endloop
  endfacet
  facet normal 0 -0.195073 -0.980789
    outer loop
      vertex -1.4 0.391578 2.97433
      vertex 0 0.776457 2.89778
      vertex 0 0.391578 2.97433
    endloop
  endfacet
  facet normal -0 -0.195073 -0.980789
    outer loop
      vertex 0 0.776457 2.89778
      vertex -1.4 0.391578 2.97433
      vertex -1.4 0.776457 2.89778
    endloop
  endfacet
  facet normal 0 -0.442283 -0.896875
    outer loop
      vertex -1.4 1.14805 2.77164
      vertex 0 1.5 2.59808
      vertex 0 1.14805 2.77164
    endloop
  endfacet
  facet normal -0 -0.442283 -0.896875
    outer loop
      vertex 0 1.5 2.59808
      vertex -1.4 1.14805 2.77164
      vertex -1.4 1.5 2.59808
    endloop
  endfacet
  facet normal 0 -0.659341 -0.751844
    outer loop
      vertex -1.4 1.82628 2.38006
      vertex 0 2.12132 2.12132
      vertex 0 1.82628 2.38006
    endloop
  endfacet
  facet normal -0 -0.659341 -0.751844
    outer loop
      vertex 0 2.12132 2.12132
      vertex -1.4 1.82628 2.38006
      vertex -1.4 2.12132 2.12132
    endloop
  endfacet
  facet normal 0 0.831462 -0.555582
    outer loop
      vertex 0 -2.59808 1.5
      vertex -1.4 -2.38006 1.82628
      vertex 0 -2.38006 1.82628
    endloop
  endfacet
  facet normal 0 0.831462 -0.555582
    outer loop
      vertex -1.4 -2.38006 1.82628
      vertex 0 -2.59808 1.5
      vertex -1.4 -2.59808 1.5
    endloop
  endfacet
  facet normal 0 0.751844 -0.659341
    outer loop
      vertex 0 -2.38006 1.82628
      vertex -1.4 -2.12132 2.12132
      vertex 0 -2.12132 2.12132
    endloop
  endfacet
  facet normal 0 0.751844 -0.659341
    outer loop
      vertex -1.4 -2.12132 2.12132
      vertex 0 -2.38006 1.82628
      vertex -1.4 -2.38006 1.82628
    endloop
  endfacet
  facet normal 0 0.980789 -0.195073
    outer loop
      vertex 0 -2.97433 0.391578
      vertex -1.4 -2.89778 0.776457
      vertex 0 -2.89778 0.776457
    endloop
  endfacet
  facet normal 0 0.980789 -0.195073
    outer loop
      vertex -1.4 -2.89778 0.776457
      vertex 0 -2.97433 0.391578
      vertex -1.4 -2.97433 0.391578
    endloop
  endfacet
  facet normal 0 0.555582 -0.831462
    outer loop
      vertex -1.4 -1.82628 2.38006
      vertex 0 -1.5 2.59808
      vertex 0 -1.82628 2.38006
    endloop
  endfacet
  facet normal 0 0.555582 -0.831462
    outer loop
      vertex 0 -1.5 2.59808
      vertex -1.4 -1.82628 2.38006
      vertex -1.4 -1.5 2.59808
    endloop
  endfacet
  facet normal 0 0.0654149 -0.997858
    outer loop
      vertex -1.4 -0.391578 2.97433
      vertex 0 0 3
      vertex 0 -0.391578 2.97433
    endloop
  endfacet
  facet normal 0 0.0654149 -0.997858
    outer loop
      vertex 0 0 3
      vertex -1.4 -0.391578 2.97433
      vertex -1.4 0 3
    endloop
  endfacet
  facet normal 0 -0.896875 -0.442283
    outer loop
      vertex -1.4 2.77164 1.14805
      vertex 0 2.59808 1.5
      vertex -1.4 2.59808 1.5
    endloop
  endfacet
  facet normal 0 -0.896875 -0.442283
    outer loop
      vertex 0 2.59808 1.5
      vertex -1.4 2.77164 1.14805
      vertex 0 2.77164 1.14805
    endloop
  endfacet
  facet normal 0 -0.0654149 -0.997858
    outer loop
      vertex -1.4 0 3
      vertex 0 0.391578 2.97433
      vertex 0 0 3
    endloop
  endfacet
  facet normal -0 -0.0654149 -0.997858
    outer loop
      vertex 0 0.391578 2.97433
      vertex -1.4 0 3
      vertex -1.4 0.391578 2.97433
    endloop
  endfacet
  facet normal 0 -0.555582 -0.831462
    outer loop
      vertex -1.4 1.5 2.59808
      vertex 0 1.82628 2.38006
      vertex 0 1.5 2.59808
    endloop
  endfacet
  facet normal -0 -0.555582 -0.831462
    outer loop
      vertex 0 1.82628 2.38006
      vertex -1.4 1.5 2.59808
      vertex -1.4 1.82628 2.38006
    endloop
  endfacet
  facet normal 0 -0.999248 -0.0387855
    outer loop
      vertex -3.2 5.1 0
      vertex -1.4 5.08466 0.395211
      vertex -3.2 5.08466 0.395211
    endloop
  endfacet
  facet normal 0 -0.999248 -0.0387855
    outer loop
      vertex -1.4 5.08466 0.395211
      vertex -3.2 5.1 0
      vertex -1.4 5.1 0
    endloop
  endfacet
  facet normal 0 1 -0
    outer loop
      vertex -1.4 -5.09616 0
      vertex -3.2 -5.09616 0.197754
      vertex -1.4 -5.09616 0.197754
    endloop
  endfacet
  facet normal 0 1 0
    outer loop
      vertex -3.2 -5.09616 0.197754
      vertex -1.4 -5.09616 0
      vertex -3.2 -5.09616 0
    endloop
  endfacet
  facet normal 0 0.0193928 -0.999812
    outer loop
      vertex -3.2 -0.296538 5.09137
      vertex -1.4 0.0988951 5.09904
      vertex -1.4 -0.296538 5.09137
    endloop
  endfacet
  facet normal 0 0.0193928 -0.999812
    outer loop
      vertex -1.4 0.0988951 5.09904
      vertex -3.2 -0.296538 5.09137
      vertex -3.2 0.0988951 5.09904
    endloop
  endfacet
  facet normal 0 -0.686239 -0.727376
    outer loop
      vertex -3.2 3.35336 3.84252
      vertex -1.4 3.64104 3.57111
      vertex -1.4 3.35336 3.84252
    endloop
  endfacet
  facet normal -0 -0.686239 -0.727376
    outer loop
      vertex -1.4 3.64104 3.57111
      vertex -3.2 3.35336 3.84252
      vertex -3.2 3.64104 3.57111
    endloop
  endfacet
  facet normal 0 0.713938 -0.700209
    outer loop
      vertex -1.4 -3.77677 3.42724
      vertex -3.2 -3.49983 3.70961
      vertex -1.4 -3.49983 3.70961
    endloop
  endfacet
  facet normal 0 0.713938 -0.700209
    outer loop
      vertex -3.2 -3.49983 3.70961
      vertex -1.4 -3.77677 3.42724
      vertex -3.2 -3.77677 3.42724
    endloop
  endfacet
  facet normal 0 0.396097 -0.918209
    outer loop
      vertex -3.2 -2.20007 4.60105
      vertex -1.4 -1.83691 4.75771
      vertex -1.4 -2.20007 4.60105
    endloop
  endfacet
  facet normal 0 0.396097 -0.918209
    outer loop
      vertex -1.4 -1.83691 4.75771
      vertex -3.2 -2.20007 4.60105
      vertex -3.2 -1.83691 4.75771
    endloop
  endfacet
  facet normal 0 -0.91037 -0.413795
    outer loop
      vertex -3.2 4.72119 1.92882
      vertex -1.4 4.55753 2.28888
      vertex -3.2 4.55753 2.28888
    endloop
  endfacet
  facet normal 0 -0.91037 -0.413795
    outer loop
      vertex -1.4 4.55753 2.28888
      vertex -3.2 4.72119 1.92882
      vertex -1.4 4.72119 1.92882
    endloop
  endfacet
  facet normal 0 -0.360187 -0.93288
    outer loop
      vertex -3.2 1.65104 4.82536
      vertex -1.4 2.02001 4.6829
      vertex -1.4 1.65104 4.82536
    endloop
  endfacet
  facet normal -0 -0.360187 -0.93288
    outer loop
      vertex -1.4 2.02001 4.6829
      vertex -3.2 1.65104 4.82536
      vertex -3.2 2.02001 4.6829
    endloop
  endfacet
  facet normal 0 0.925724 -0.378199
    outer loop
      vertex -1.4 -4.79243 1.7443
      vertex -3.2 -4.64285 2.11043
      vertex -1.4 -4.64285 2.11043
    endloop
  endfacet
  facet normal 0 0.925724 -0.378199
    outer loop
      vertex -3.2 -4.64285 2.11043
      vertex -1.4 -4.79243 1.7443
      vertex -3.2 -4.79243 1.7443
    endloop
  endfacet
  facet normal 0 0.173649 -0.984808
    outer loop
      vertex -3.2 -1.07969 4.9844
      vertex -1.4 -0.690189 5.05308
      vertex -1.4 -1.07969 4.9844
    endloop
  endfacet
  facet normal 0 0.173649 -0.984808
    outer loop
      vertex -1.4 -0.690189 5.05308
      vertex -3.2 -1.07969 4.9844
      vertex -3.2 -0.690189 5.05308
    endloop
  endfacet
  facet normal 0 -0.99324 -0.116079
    outer loop
      vertex -3.2 5.08466 0.395211
      vertex -1.4 5.03875 0.788045
      vertex -3.2 5.03875 0.788045
    endloop
  endfacet
  facet normal 0 -0.99324 -0.116079
    outer loop
      vertex -1.4 5.03875 0.788045
      vertex -3.2 5.08466 0.395211
      vertex -1.4 5.08466 0.395211
    endloop
  endfacet
  facet normal 0 -0.963367 -0.268186
    outer loop
      vertex -3.2 4.96253 1.17614
      vertex -1.4 4.85646 1.55716
      vertex -3.2 4.85646 1.55716
    endloop
  endfacet
  facet normal 0 -0.963367 -0.268186
    outer loop
      vertex -1.4 4.85646 1.55716
      vertex -3.2 4.96253 1.17614
      vertex -1.4 4.96253 1.17614
    endloop
  endfacet
  facet normal 0 -0.790406 -0.612583
    outer loop
      vertex -3.2 4.14911 2.96561
      vertex -1.4 3.90683 3.27822
      vertex -3.2 3.90683 3.27822
    endloop
  endfacet
  facet normal 0 -0.790406 -0.612583
    outer loop
      vertex -1.4 3.90683 3.27822
      vertex -3.2 4.14911 2.96561
      vertex -1.4 4.14911 2.96561
    endloop
  endfacet
  facet normal 0 -0.875553 -0.483123
    outer loop
      vertex -3.2 4.55753 2.28888
      vertex -1.4 4.36645 2.63517
      vertex -3.2 4.36645 2.63517
    endloop
  endfacet
  facet normal 0 -0.875553 -0.483123
    outer loop
      vertex -1.4 4.36645 2.63517
      vertex -3.2 4.55753 2.28888
      vertex -1.4 4.55753 2.28888
    endloop
  endfacet
  facet normal 0 -0.286798 -0.957991
    outer loop
      vertex -3.2 1.27215 4.93879
      vertex -1.4 1.65104 4.82536
      vertex -1.4 1.27215 4.93879
    endloop
  endfacet
  facet normal -0 -0.286798 -0.957991
    outer loop
      vertex -1.4 1.65104 4.82536
      vertex -3.2 1.27215 4.93879
      vertex -3.2 1.65104 4.82536
    endloop
  endfacet
  facet normal 0 -0.0581529 -0.998308
    outer loop
      vertex -3.2 0.0988951 5.09904
      vertex -1.4 0.493735 5.07604
      vertex -1.4 0.0988951 5.09904
    endloop
  endfacet
  facet normal -0 -0.0581529 -0.998308
    outer loop
      vertex -1.4 0.493735 5.07604
      vertex -3.2 0.0988951 5.09904
      vertex -3.2 0.493735 5.07604
    endloop
  endfacet
  facet normal 0 -0.499992 -0.86603
    outer loop
      vertex -3.2 2.37682 4.51228
      vertex -1.4 2.71934 4.31453
      vertex -1.4 2.37682 4.51228
    endloop
  endfacet
  facet normal -0 -0.499992 -0.86603
    outer loop
      vertex -1.4 2.71934 4.31453
      vertex -3.2 2.37682 4.51228
      vertex -3.2 2.71934 4.31453
    endloop
  endfacet
  facet normal 0 -0.62782 -0.778359
    outer loop
      vertex -3.2 3.04551 4.09083
      vertex -1.4 3.35336 3.84252
      vertex -1.4 3.04551 4.09083
    endloop
  endfacet
  facet normal -0 -0.62782 -0.778359
    outer loop
      vertex -1.4 3.35336 3.84252
      vertex -3.2 3.04551 4.09083
      vertex -3.2 3.35336 3.84252
    endloop
  endfacet
  facet normal 0 0.987987 -0.154535
    outer loop
      vertex -1.4 -5.06552 0.592073
      vertex -3.2 -5.0044 0.982832
      vertex -1.4 -5.0044 0.982832
    endloop
  endfacet
  facet normal 0 0.987987 -0.154535
    outer loop
      vertex -3.2 -5.0044 0.982832
      vertex -1.4 -5.06552 0.592073
      vertex -3.2 -5.06552 0.592073
    endloop
  endfacet
  facet normal 0 0.856172 -0.516691
    outer loop
      vertex -1.4 -4.46535 2.46387
      vertex -3.2 -4.26099 2.8025
      vertex -1.4 -4.26099 2.8025
    endloop
  endfacet
  facet normal 0 0.856172 -0.516691
    outer loop
      vertex -3.2 -4.26099 2.8025
      vertex -1.4 -4.46535 2.46387
      vertex -3.2 -4.46535 2.46387
    endloop
  endfacet
  facet normal 0 0.893637 -0.448791
    outer loop
      vertex -1.4 -4.64285 2.11043
      vertex -3.2 -4.46535 2.46387
      vertex -1.4 -4.46535 2.46387
    endloop
  endfacet
  facet normal 0 0.893637 -0.448791
    outer loop
      vertex -3.2 -4.46535 2.46387
      vertex -1.4 -4.64285 2.11043
      vertex -3.2 -4.64285 2.11043
    endloop
  endfacet
  facet normal 0 0.952247 -0.30533
    outer loop
      vertex -1.4 -4.91319 1.36768
      vertex -3.2 -4.79243 1.7443
      vertex -1.4 -4.79243 1.7443
    endloop
  endfacet
  facet normal 0 0.952247 -0.30533
    outer loop
      vertex -3.2 -4.79243 1.7443
      vertex -1.4 -4.91319 1.36768
      vertex -3.2 -4.91319 1.36768
    endloop
  endfacet
  facet normal 0 0.996995 -0.0774701
    outer loop
      vertex -1.4 -5.09616 0.197754
      vertex -3.2 -5.06552 0.592073
      vertex -1.4 -5.06552 0.592073
    endloop
  endfacet
  facet normal 0 0.996995 -0.0774701
    outer loop
      vertex -3.2 -5.06552 0.592073
      vertex -1.4 -5.09616 0.197754
      vertex -3.2 -5.09616 0.197754
    endloop
  endfacet
  facet normal 0 0.533216 -0.845979
    outer loop
      vertex -3.2 -2.88459 4.20584
      vertex -1.4 -2.55 4.41673
      vertex -1.4 -2.88459 4.20584
    endloop
  endfacet
  facet normal 0 0.533216 -0.845979
    outer loop
      vertex -1.4 -2.55 4.41673
      vertex -3.2 -2.88459 4.20584
      vertex -3.2 -2.55 4.41673
    endloop
  endfacet
  facet normal 0 0.466036 -0.884766
    outer loop
      vertex -3.2 -2.55 4.41673
      vertex -1.4 -2.20007 4.60105
      vertex -1.4 -2.55 4.41673
    endloop
  endfacet
  facet normal 0 0.466036 -0.884766
    outer loop
      vertex -1.4 -2.20007 4.60105
      vertex -3.2 -2.55 4.41673
      vertex -3.2 -2.20007 4.60105
    endloop
  endfacet
  facet normal 0 0.096812 -0.995303
    outer loop
      vertex -3.2 -0.690189 5.05308
      vertex -1.4 -0.296538 5.09137
      vertex -1.4 -0.690189 5.05308
    endloop
  endfacet
  facet normal 0 0.096812 -0.995303
    outer loop
      vertex -1.4 -0.296538 5.09137
      vertex -3.2 -0.690189 5.05308
      vertex -3.2 -0.296538 5.09137
    endloop
  endfacet
  facet normal -1 0 0
    outer loop
      vertex -1.4 3 0
      vertex -1.4 5.08466 0.395211
      vertex -1.4 5.1 0
    endloop
  endfacet
  facet normal -1 -0 0
    outer loop
      vertex -1.4 5.08466 0.395211
      vertex -1.4 2.97433 0.391578
      vertex -1.4 5.03875 0.788045
    endloop
  endfacet
  facet normal -1 -0 0
    outer loop
      vertex -1.4 5.03875 0.788045
      vertex -1.4 2.97433 0.391578
      vertex -1.4 4.96253 1.17614
    endloop
  endfacet
  facet normal -1 0 0
    outer loop
      vertex -1.4 2.89778 0.776457
      vertex -1.4 4.96253 1.17614
      vertex -1.4 2.97433 0.391578
    endloop
  endfacet
  facet normal -1 0 0
    outer loop
      vertex -1.4 2.77164 1.14805
      vertex -1.4 4.85646 1.55716
      vertex -1.4 2.89778 0.776457
    endloop
  endfacet
  facet normal -1 -0 0
    outer loop
      vertex -1.4 4.85646 1.55716
      vertex -1.4 2.77164 1.14805
      vertex -1.4 4.72119 1.92882
    endloop
  endfacet
  facet normal -1 -0 0
    outer loop
      vertex -1.4 4.72119 1.92882
      vertex -1.4 2.77164 1.14805
      vertex -1.4 4.55753 2.28888
    endloop
  endfacet
  facet normal -1 0 0
    outer loop
      vertex -1.4 2.59808 1.5
      vertex -1.4 4.55753 2.28888
      vertex -1.4 2.77164 1.14805
    endloop
  endfacet
  facet normal -1 -0 0
    outer loop
      vertex -1.4 4.36645 2.63517
      vertex -1.4 2.59808 1.5
      vertex -1.4 4.14911 2.96561
    endloop
  endfacet
  facet normal -1 0 0
    outer loop
      vertex -1.4 2.38006 1.82628
      vertex -1.4 4.14911 2.96561
      vertex -1.4 2.59808 1.5
    endloop
  endfacet
  facet normal -1 -0 0
    outer loop
      vertex -1.4 4.14911 2.96561
      vertex -1.4 2.38006 1.82628
      vertex -1.4 3.90683 3.27822
    endloop
  endfacet
  facet normal -1 0 0
    outer loop
      vertex -1.4 5.08466 0.395211
      vertex -1.4 3 0
      vertex -1.4 2.97433 0.391578
    endloop
  endfacet
  facet normal -1 -0 0
    outer loop
      vertex -1.4 4.96253 1.17614
      vertex -1.4 2.89778 0.776457
      vertex -1.4 4.85646 1.55716
    endloop
  endfacet
  facet normal -1 -0 0
    outer loop
      vertex -1.4 4.55753 2.28888
      vertex -1.4 2.59808 1.5
      vertex -1.4 4.36645 2.63517
    endloop
  endfacet
  facet normal -1 0 0
    outer loop
      vertex -1.4 2.12132 2.12132
      vertex -1.4 3.90683 3.27822
      vertex -1.4 2.38006 1.82628
    endloop
  endfacet
  facet normal -1 -0 0
    outer loop
      vertex -1.4 3.90683 3.27822
      vertex -1.4 2.12132 2.12132
      vertex -1.4 3.64104 3.57111
    endloop
  endfacet
  facet normal -1 -0 0
    outer loop
      vertex -1.4 3.64104 3.57111
      vertex -1.4 2.12132 2.12132
      vertex -1.4 3.35336 3.84252
    endloop
  endfacet
  facet normal -1 0 0
    outer loop
      vertex -1.4 1.82628 2.38006
      vertex -1.4 3.35336 3.84252
      vertex -1.4 2.12132 2.12132
    endloop
  endfacet
  facet normal -1 -0 0
    outer loop
      vertex -1.4 3.35336 3.84252
      vertex -1.4 1.82628 2.38006
      vertex -1.4 3.04551 4.09083
    endloop
  endfacet
  facet normal -1 -0 0
    outer loop
      vertex -1.4 3.04551 4.09083
      vertex -1.4 1.82628 2.38006
      vertex -1.4 2.71934 4.31453
    endloop
  endfacet
  facet normal -1 0 0
    outer loop
      vertex -1.4 1.5 2.59808
      vertex -1.4 2.71934 4.31453
      vertex -1.4 1.82628 2.38006
    endloop
  endfacet
  facet normal -1 -0 0
    outer loop
      vertex -1.4 2.71934 4.31453
      vertex -1.4 1.5 2.59808
      vertex -1.4 2.37682 4.51228
    endloop
  endfacet
  facet normal -1 0 0
    outer loop
      vertex -1.4 1.14805 2.77164
      vertex -1.4 2.37682 4.51228
      vertex -1.4 1.5 2.59808
    endloop
  endfacet
  facet normal -1 -0 0
    outer loop
      vertex -1.4 2.37682 4.51228
      vertex -1.4 1.14805 2.77164
      vertex -1.4 2.02001 4.6829
    endloop
  endfacet
  facet normal -1 -0 0
    outer loop
      vertex -1.4 2.02001 4.6829
      vertex -1.4 1.14805 2.77164
      vertex -1.4 1.65104 4.82536
    endloop
  endfacet
  facet normal -1 0 0
    outer loop
      vertex -1.4 0.776457 2.89778
      vertex -1.4 1.65104 4.82536
      vertex -1.4 1.14805 2.77164
    endloop
  endfacet
  facet normal -1 -0 0
    outer loop
      vertex -1.4 1.65104 4.82536
      vertex -1.4 0.776457 2.89778
      vertex -1.4 1.27215 4.93879
    endloop
  endfacet
  facet normal -1 -0 0
    outer loop
      vertex -1.4 1.27215 4.93879
      vertex -1.4 0.776457 2.89778
      vertex -1.4 0.885605 5.02252
    endloop
  endfacet
  facet normal -1 0 0
    outer loop
      vertex -1.4 0.391578 2.97433
      vertex -1.4 0.885605 5.02252
      vertex -1.4 0.776457 2.89778
    endloop
  endfacet
  facet normal -1 -0 0
    outer loop
      vertex -1.4 0.885605 5.02252
      vertex -1.4 0.391578 2.97433
      vertex -1.4 0.493735 5.07604
    endloop
  endfacet
  facet normal -1 0 0
    outer loop
      vertex -1.4 0 3
      vertex -1.4 0.493735 5.07604
      vertex -1.4 0.391578 2.97433
    endloop
  endfacet
  facet normal -1 -0 0
    outer loop
      vertex -1.4 0.493735 5.07604
      vertex -1.4 0 3
      vertex -1.4 0.0988951 5.09904
    endloop
  endfacet
  facet normal -1 0 0
    outer loop
      vertex -1.4 0 3
      vertex -1.4 -0.296538 5.09137
      vertex -1.4 0.0988951 5.09904
    endloop
  endfacet
  facet normal -1 0 0
    outer loop
      vertex -1.4 -0.391578 2.97433
      vertex -1.4 -0.296538 5.09137
      vertex -1.4 0 3
    endloop
  endfacet
  facet normal -1 0 0
    outer loop
      vertex -1.4 -0.391578 2.97433
      vertex -1.4 -0.690189 5.05308
      vertex -1.4 -0.296538 5.09137
    endloop
  endfacet
  facet normal -1 0 0
    outer loop
      vertex -1.4 -1.07969 4.9844
      vertex -1.4 -0.391578 2.97433
      vertex -1.4 -0.776457 2.89778
    endloop
  endfacet
  facet normal -1 0 0
    outer loop
      vertex -1.4 -0.391578 2.97433
      vertex -1.4 -1.07969 4.9844
      vertex -1.4 -0.690189 5.05308
    endloop
  endfacet
  facet normal -1 0 0
    outer loop
      vertex -1.4 -1.4627 4.88575
      vertex -1.4 -0.776457 2.89778
      vertex -1.4 -1.14805 2.77164
    endloop
  endfacet
  facet normal -1 0 0
    outer loop
      vertex -1.4 -0.776457 2.89778
      vertex -1.4 -1.4627 4.88575
      vertex -1.4 -1.07969 4.9844
    endloop
  endfacet
  facet normal -1 0 0
    outer loop
      vertex -1.4 -2.20007 4.60105
      vertex -1.4 -1.14805 2.77164
      vertex -1.4 -1.5 2.59808
    endloop
  endfacet
  facet normal -1 0 0
    outer loop
      vertex -1.4 -2.88459 4.20584
      vertex -1.4 -1.5 2.59808
      vertex -1.4 -1.82628 2.38006
    endloop
  endfacet
  facet normal -1 0 0
    outer loop
      vertex -1.4 -1.14805 2.77164
      vertex -1.4 -1.83691 4.75771
      vertex -1.4 -1.4627 4.88575
    endloop
  endfacet
  facet normal -1 0 0
    outer loop
      vertex -1.4 -3.20184 3.96966
      vertex -1.4 -1.82628 2.38006
      vertex -1.4 -2.12132 2.12132
    endloop
  endfacet
  facet normal -1 0 0
    outer loop
      vertex -1.4 -1.14805 2.77164
      vertex -1.4 -2.20007 4.60105
      vertex -1.4 -1.83691 4.75771
    endloop
  endfacet
  facet normal -1 0 0
    outer loop
      vertex -1.4 -3.77677 3.42724
      vertex -1.4 -2.12132 2.12132
      vertex -1.4 -2.38006 1.82628
    endloop
  endfacet
  facet normal -1 0 0
    outer loop
      vertex -1.4 -1.5 2.59808
      vertex -1.4 -2.55 4.41673
      vertex -1.4 -2.20007 4.60105
    endloop
  endfacet
  facet normal -1 0 0
    outer loop
      vertex -1.4 -4.26099 2.8025
      vertex -1.4 -2.38006 1.82628
      vertex -1.4 -2.59808 1.5
    endloop
  endfacet
  facet normal -1 0 0
    outer loop
      vertex -1.4 -4.64285 2.11043
      vertex -1.4 -2.59808 1.5
      vertex -1.4 -2.77164 1.14805
    endloop
  endfacet
  facet normal -1 0 0
    outer loop
      vertex -1.4 -1.5 2.59808
      vertex -1.4 -2.88459 4.20584
      vertex -1.4 -2.55 4.41673
    endloop
  endfacet
  facet normal -1 0 0
    outer loop
      vertex -1.4 -4.79243 1.7443
      vertex -1.4 -2.77164 1.14805
      vertex -1.4 -2.89778 0.776457
    endloop
  endfacet
  facet normal -1 0 0
    outer loop
      vertex -1.4 -5.0044 0.982832
      vertex -1.4 -2.89778 0.776457
      vertex -1.4 -2.97433 0.391578
    endloop
  endfacet
  facet normal -1 0 0
    outer loop
      vertex -1.4 -5.09616 0.197754
      vertex -1.4 -2.97433 0.391578
      vertex -1.4 -3 0
    endloop
  endfacet
  facet normal -1 0 0
    outer loop
      vertex -1.4 -1.82628 2.38006
      vertex -1.4 -3.20184 3.96966
      vertex -1.4 -2.88459 4.20584
    endloop
  endfacet
  facet normal -1 0 0
    outer loop
      vertex -1.4 -2.12132 2.12132
      vertex -1.4 -3.49983 3.70961
      vertex -1.4 -3.20184 3.96966
    endloop
  endfacet
  facet normal -1 0 0
    outer loop
      vertex -1.4 -2.12132 2.12132
      vertex -1.4 -3.77677 3.42724
      vertex -1.4 -3.49983 3.70961
    endloop
  endfacet
  facet normal -1 0 0
    outer loop
      vertex -1.4 -2.38006 1.82628
      vertex -1.4 -4.031 3.12426
      vertex -1.4 -3.77677 3.42724
    endloop
  endfacet
  facet normal -1 0 0
    outer loop
      vertex -1.4 -2.38006 1.82628
      vertex -1.4 -4.26099 2.8025
      vertex -1.4 -4.031 3.12426
    endloop
  endfacet
  facet normal -1 0 0
    outer loop
      vertex -1.4 -2.59808 1.5
      vertex -1.4 -4.46535 2.46387
      vertex -1.4 -4.26099 2.8025
    endloop
  endfacet
  facet normal -1 0 0
    outer loop
      vertex -1.4 -2.59808 1.5
      vertex -1.4 -4.64285 2.11043
      vertex -1.4 -4.46535 2.46387
    endloop
  endfacet
  facet normal -1 0 0
    outer loop
      vertex -1.4 -2.77164 1.14805
      vertex -1.4 -4.79243 1.7443
      vertex -1.4 -4.64285 2.11043
    endloop
  endfacet
  facet normal -1 0 0
    outer loop
      vertex -1.4 -2.89778 0.776457
      vertex -1.4 -4.91319 1.36768
      vertex -1.4 -4.79243 1.7443
    endloop
  endfacet
  facet normal -1 0 0
    outer loop
      vertex -1.4 -2.89778 0.776457
      vertex -1.4 -5.0044 0.982832
      vertex -1.4 -4.91319 1.36768
    endloop
  endfacet
  facet normal -1 0 0
    outer loop
      vertex -1.4 -2.97433 0.391578
      vertex -1.4 -5.06552 0.592073
      vertex -1.4 -5.0044 0.982832
    endloop
  endfacet
  facet normal -1 0 0
    outer loop
      vertex -1.4 -5.09616 0.197754
      vertex -1.4 -3 0
      vertex -1.4 -5.09616 0
    endloop
  endfacet
  facet normal -1 -0 0
    outer loop
      vertex -1.4 -2.97433 0.391578
      vertex -1.4 -5.09616 0.197754
      vertex -1.4 -5.06552 0.592073
    endloop
  endfacet
  facet normal 0 -0.981255 -0.192714
    outer loop
      vertex -3.2 5.03875 0.788045
      vertex -1.4 4.96253 1.17614
      vertex -3.2 4.96253 1.17614
    endloop
  endfacet
  facet normal 0 -0.981255 -0.192714
    outer loop
      vertex -1.4 4.96253 1.17614
      vertex -3.2 5.03875 0.788045
      vertex -1.4 5.03875 0.788045
    endloop
  endfacet
  facet normal 0 -0.939695 -0.342013
    outer loop
      vertex -3.2 4.85646 1.55716
      vertex -1.4 4.72119 1.92882
      vertex -3.2 4.72119 1.92882
    endloop
  endfacet
  facet normal 0 -0.939695 -0.342013
    outer loop
      vertex -1.4 4.72119 1.92882
      vertex -3.2 4.85646 1.55716
      vertex -1.4 4.85646 1.55716
    endloop
  endfacet
  facet normal 0 -0.740536 -0.672017
    outer loop
      vertex -3.2 3.90683 3.27822
      vertex -1.4 3.64104 3.57111
      vertex -3.2 3.64104 3.57111
    endloop
  endfacet
  facet normal 0 -0.740536 -0.672017
    outer loop
      vertex -1.4 3.64104 3.57111
      vertex -3.2 3.90683 3.27822
      vertex -1.4 3.90683 3.27822
    endloop
  endfacet
  facet normal 0 -0.835481 -0.54952
    outer loop
      vertex -3.2 4.36645 2.63517
      vertex -1.4 4.14911 2.96561
      vertex -3.2 4.14911 2.96561
    endloop
  endfacet
  facet normal 0 -0.835481 -0.54952
    outer loop
      vertex -1.4 4.14911 2.96561
      vertex -3.2 4.36645 2.63517
      vertex -1.4 4.36645 2.63517
    endloop
  endfacet
  facet normal 0 -0.211702 -0.977334
    outer loop
      vertex -3.2 0.885605 5.02252
      vertex -1.4 1.27215 4.93879
      vertex -1.4 0.885605 5.02252
    endloop
  endfacet
  facet normal -0 -0.211702 -0.977334
    outer loop
      vertex -1.4 1.27215 4.93879
      vertex -3.2 0.885605 5.02252
      vertex -3.2 1.27215 4.93879
    endloop
  endfacet
  facet normal 0 -0.431397 -0.902162
    outer loop
      vertex -3.2 2.02001 4.6829
      vertex -1.4 2.37682 4.51228
      vertex -1.4 2.02001 4.6829
    endloop
  endfacet
  facet normal -0 -0.431397 -0.902162
    outer loop
      vertex -1.4 2.37682 4.51228
      vertex -3.2 2.02001 4.6829
      vertex -3.2 2.37682 4.51228
    endloop
  endfacet
  facet normal 0 -0.565598 -0.824681
    outer loop
      vertex -3.2 2.71934 4.31453
      vertex -1.4 3.04551 4.09083
      vertex -1.4 2.71934 4.31453
    endloop
  endfacet
  facet normal -0 -0.565598 -0.824681
    outer loop
      vertex -1.4 3.04551 4.09083
      vertex -3.2 2.71934 4.31453
      vertex -3.2 3.04551 4.09083
    endloop
  endfacet
  facet normal 0 0.81354 -0.581508
    outer loop
      vertex -1.4 -4.26099 2.8025
      vertex -3.2 -4.031 3.12426
      vertex -1.4 -4.031 3.12426
    endloop
  endfacet
  facet normal 0 0.81354 -0.581508
    outer loop
      vertex -3.2 -4.031 3.12426
      vertex -1.4 -4.26099 2.8025
      vertex -3.2 -4.26099 2.8025
    endloop
  endfacet
  facet normal 0 0.766045 -0.642787
    outer loop
      vertex -1.4 -4.031 3.12426
      vertex -3.2 -3.77677 3.42724
      vertex -1.4 -3.77677 3.42724
    endloop
  endfacet
  facet normal 0 0.766045 -0.642787
    outer loop
      vertex -3.2 -3.77677 3.42724
      vertex -1.4 -4.031 3.12426
      vertex -3.2 -4.031 3.12426
    endloop
  endfacet
  facet normal 0 0.973045 -0.230614
    outer loop
      vertex -1.4 -5.0044 0.982832
      vertex -3.2 -4.91319 1.36768
      vertex -1.4 -4.91319 1.36768
    endloop
  endfacet
  facet normal 0 0.973045 -0.230614
    outer loop
      vertex -3.2 -4.91319 1.36768
      vertex -1.4 -5.0044 0.982832
      vertex -3.2 -5.0044 0.982832
    endloop
  endfacet
  facet normal 0 0.597152 -0.802128
    outer loop
      vertex -3.2 -3.20184 3.96966
      vertex -1.4 -2.88459 4.20584
      vertex -1.4 -3.20184 3.96966
    endloop
  endfacet
  facet normal 0 0.597152 -0.802128
    outer loop
      vertex -1.4 -2.88459 4.20584
      vertex -3.2 -3.20184 3.96966
      vertex -3.2 -2.88459 4.20584
    endloop
  endfacet
  facet normal 0 0.657514 -0.753442
    outer loop
      vertex -3.2 -3.49983 3.70961
      vertex -1.4 -3.20184 3.96966
      vertex -1.4 -3.49983 3.70961
    endloop
  endfacet
  facet normal 0 0.657514 -0.753442
    outer loop
      vertex -1.4 -3.20184 3.96966
      vertex -3.2 -3.49983 3.70961
      vertex -3.2 -3.20184 3.96966
    endloop
  endfacet
  facet normal 0 0.249425 -0.968394
    outer loop
      vertex -3.2 -1.4627 4.88575
      vertex -1.4 -1.07969 4.9844
      vertex -1.4 -1.4627 4.88575
    endloop
  endfacet
  facet normal 0 0.249425 -0.968394
    outer loop
      vertex -1.4 -1.07969 4.9844
      vertex -3.2 -1.4627 4.88575
      vertex -3.2 -1.07969 4.9844
    endloop
  endfacet
  facet normal 0 0.323735 -0.946148
    outer loop
      vertex -3.2 -1.83691 4.75771
      vertex -1.4 -1.4627 4.88575
      vertex -1.4 -1.83691 4.75771
    endloop
  endfacet
  facet normal 0 0.323735 -0.946148
    outer loop
      vertex -1.4 -1.4627 4.88575
      vertex -3.2 -1.83691 4.75771
      vertex -3.2 -1.4627 4.88575
    endloop
  endfacet
  facet normal 0 -0.13532 -0.990802
    outer loop
      vertex -3.2 0.493735 5.07604
      vertex -1.4 0.885605 5.02252
      vertex -1.4 0.493735 5.07604
    endloop
  endfacet
  facet normal -0 -0.13532 -0.990802
    outer loop
      vertex -1.4 0.885605 5.02252
      vertex -3.2 0.493735 5.07604
      vertex -3.2 0.885605 5.02252
    endloop
  endfacet
  facet normal -0.988847 0 0.148932
    outer loop
      vertex 25.2184 -21 18.9242
      vertex 25.275 -15.8 19.3
      vertex 25.2184 -15.8 18.9242
    endloop
  endfacet
  facet normal -0.988847 0 0.148932
    outer loop
      vertex 25.275 -15.8 19.3
      vertex 25.2184 -21 18.9242
      vertex 25.275 -21 19.3
    endloop
  endfacet
  facet normal 1 -0 0
    outer loop
      vertex 22.7392 -21 19.49
      vertex 22.7392 -15.8 19.11
      vertex 22.7392 -15.8 19.49
    endloop
  endfacet
  facet normal 1 0 0
    outer loop
      vertex 22.7392 -15.8 19.11
      vertex 22.7392 -21 19.49
      vertex 22.7392 -21 19.11
    endloop
  endfacet
  facet normal -0.988847 0 -0.148932
    outer loop
      vertex 25.275 -21 19.3
      vertex 25.2184 -15.8 19.6758
      vertex 25.275 -15.8 19.3
    endloop
  endfacet
  facet normal -0.988847 -0 -0.148932
    outer loop
      vertex 25.2184 -15.8 19.6758
      vertex 25.275 -21 19.3
      vertex 25.2184 -21 19.6758
    endloop
  endfacet
  facet normal 0.0747245 0 -0.997204
    outer loop
      vertex 23.7163 -21 20.543
      vertex 24.0953 -15.8 20.5714
      vertex 24.0953 -21 20.5714
    endloop
  endfacet
  facet normal 0.0747245 0 -0.997204
    outer loop
      vertex 24.0953 -15.8 20.5714
      vertex 23.7163 -21 20.543
      vertex 23.7163 -15.8 20.543
    endloop
  endfacet
  facet normal 0.0747245 0 0.997204
    outer loop
      vertex 23.7163 -15.8 18.057
      vertex 24.0953 -21 18.0286
      vertex 24.0953 -15.8 18.0286
    endloop
  endfacet
  facet normal 0.0747245 0 0.997204
    outer loop
      vertex 24.0953 -21 18.0286
      vertex 23.7163 -15.8 18.057
      vertex 23.7163 -21 18.057
    endloop
  endfacet
  facet normal -0.22236 0 0.974965
    outer loop
      vertex 24.0953 -15.8 18.0286
      vertex 24.4658 -21 18.1131
      vertex 24.4658 -15.8 18.1131
    endloop
  endfacet
  facet normal -0.22236 0 0.974965
    outer loop
      vertex 24.4658 -21 18.1131
      vertex 24.0953 -15.8 18.0286
      vertex 24.0953 -21 18.0286
    endloop
  endfacet
  facet normal -0.732925 0 -0.68031
    outer loop
      vertex 25.0535 -21 20.0182
      vertex 24.7949 -15.8 20.2968
      vertex 25.0535 -15.8 20.0182
    endloop
  endfacet
  facet normal -0.732925 -0 -0.68031
    outer loop
      vertex 24.7949 -15.8 20.2968
      vertex 25.0535 -21 20.0182
      vertex 24.7949 -21 20.2968
    endloop
  endfacet
  facet normal -0.90096 0 0.433903
    outer loop
      vertex 25.0535 -21 18.5818
      vertex 25.2184 -15.8 18.9242
      vertex 25.0535 -15.8 18.5818
    endloop
  endfacet
  facet normal -0.90096 0 0.433903
    outer loop
      vertex 25.2184 -15.8 18.9242
      vertex 25.0535 -21 18.5818
      vertex 25.2184 -21 18.9242
    endloop
  endfacet
  facet normal 0 -1 0
    outer loop
      vertex 23.7163 -15.8 20.543
      vertex 24.4658 -15.8 20.4869
      vertex 24.0953 -15.8 20.5714
    endloop
  endfacet
  facet normal 0 -1 0
    outer loop
      vertex 23.3625 -15.8 20.4042
      vertex 24.4658 -15.8 20.4869
      vertex 23.7163 -15.8 20.543
    endloop
  endfacet
  facet normal 0 -1 0
    outer loop
      vertex 23.3625 -15.8 20.4042
      vertex 24.7949 -15.8 20.2968
      vertex 24.4658 -15.8 20.4869
    endloop
  endfacet
  facet normal 0 -1 0
    outer loop
      vertex 23.0654 -15.8 20.1672
      vertex 24.7949 -15.8 20.2968
      vertex 23.3625 -15.8 20.4042
    endloop
  endfacet
  facet normal 0 -1 0
    outer loop
      vertex 23.0654 -15.8 20.1672
      vertex 25.0535 -15.8 20.0182
      vertex 24.7949 -15.8 20.2968
    endloop
  endfacet
  facet normal 0 -1 0
    outer loop
      vertex 22.8513 -15.8 19.8532
      vertex 25.0535 -15.8 20.0182
      vertex 23.0654 -15.8 20.1672
    endloop
  endfacet
  facet normal 0 -1 0
    outer loop
      vertex 22.8513 -15.8 19.8532
      vertex 25.2184 -15.8 19.6758
      vertex 25.0535 -15.8 20.0182
    endloop
  endfacet
  facet normal 0 -1 0
    outer loop
      vertex 22.7392 -15.8 19.49
      vertex 25.2184 -15.8 19.6758
      vertex 22.8513 -15.8 19.8532
    endloop
  endfacet
  facet normal 0 -1 0
    outer loop
      vertex 22.7392 -15.8 19.49
      vertex 25.275 -15.8 19.3
      vertex 25.2184 -15.8 19.6758
    endloop
  endfacet
  facet normal 0 -1 0
    outer loop
      vertex 22.7392 -15.8 19.11
      vertex 25.275 -15.8 19.3
      vertex 22.7392 -15.8 19.49
    endloop
  endfacet
  facet normal 0 -1 0
    outer loop
      vertex 22.7392 -15.8 19.11
      vertex 25.2184 -15.8 18.9242
      vertex 25.275 -15.8 19.3
    endloop
  endfacet
  facet normal 0 -1 0
    outer loop
      vertex 22.8513 -15.8 18.7468
      vertex 25.2184 -15.8 18.9242
      vertex 22.7392 -15.8 19.11
    endloop
  endfacet
  facet normal 0 -1 0
    outer loop
      vertex 22.8513 -15.8 18.7468
      vertex 25.0535 -15.8 18.5818
      vertex 25.2184 -15.8 18.9242
    endloop
  endfacet
  facet normal 0 -1 0
    outer loop
      vertex 23.0654 -15.8 18.4328
      vertex 25.0535 -15.8 18.5818
      vertex 22.8513 -15.8 18.7468
    endloop
  endfacet
  facet normal 0 -1 0
    outer loop
      vertex 23.0654 -15.8 18.4328
      vertex 24.7949 -15.8 18.3032
      vertex 25.0535 -15.8 18.5818
    endloop
  endfacet
  facet normal 0 -1 0
    outer loop
      vertex 23.3625 -15.8 18.1958
      vertex 24.7949 -15.8 18.3032
      vertex 23.0654 -15.8 18.4328
    endloop
  endfacet
  facet normal 0 -1 0
    outer loop
      vertex 23.3625 -15.8 18.1958
      vertex 24.4658 -15.8 18.1131
      vertex 24.7949 -15.8 18.3032
    endloop
  endfacet
  facet normal 0 -1 0
    outer loop
      vertex 23.7163 -15.8 18.057
      vertex 24.4658 -15.8 18.1131
      vertex 23.3625 -15.8 18.1958
    endloop
  endfacet
  facet normal 0 -1 0
    outer loop
      vertex 24.4658 -15.8 18.1131
      vertex 23.7163 -15.8 18.057
      vertex 24.0953 -15.8 18.0286
    endloop
  endfacet
  facet normal 0.955523 -0 0.294918
    outer loop
      vertex 22.7392 -21 19.11
      vertex 22.8513 -15.8 18.7468
      vertex 22.7392 -15.8 19.11
    endloop
  endfacet
  facet normal 0.955523 0 0.294918
    outer loop
      vertex 22.8513 -15.8 18.7468
      vertex 22.7392 -21 19.11
      vertex 22.8513 -21 18.7468
    endloop
  endfacet
  facet normal 0.365213 0 0.930924
    outer loop
      vertex 23.3625 -15.8 18.1958
      vertex 23.7163 -21 18.057
      vertex 23.7163 -15.8 18.057
    endloop
  endfacet
  facet normal 0.365213 0 0.930924
    outer loop
      vertex 23.7163 -21 18.057
      vertex 23.3625 -15.8 18.1958
      vertex 23.3625 -21 18.1958
    endloop
  endfacet
  facet normal -0.90096 0 -0.433903
    outer loop
      vertex 25.2184 -21 19.6758
      vertex 25.0535 -15.8 20.0182
      vertex 25.2184 -15.8 19.6758
    endloop
  endfacet
  facet normal -0.90096 -0 -0.433903
    outer loop
      vertex 25.0535 -15.8 20.0182
      vertex 25.2184 -21 19.6758
      vertex 25.0535 -21 20.0182
    endloop
  endfacet
  facet normal -0.500186 0 -0.865918
    outer loop
      vertex 24.4658 -21 20.4869
      vertex 24.7949 -15.8 20.2968
      vertex 24.7949 -21 20.2968
    endloop
  endfacet
  facet normal -0.500186 0 -0.865918
    outer loop
      vertex 24.7949 -15.8 20.2968
      vertex 24.4658 -21 20.4869
      vertex 24.4658 -15.8 20.4869
    endloop
  endfacet
  facet normal 0.623603 0 -0.781741
    outer loop
      vertex 23.0654 -21 20.1672
      vertex 23.3625 -15.8 20.4042
      vertex 23.3625 -21 20.4042
    endloop
  endfacet
  facet normal 0.623603 0 -0.781741
    outer loop
      vertex 23.3625 -15.8 20.4042
      vertex 23.0654 -21 20.1672
      vertex 23.0654 -15.8 20.1672
    endloop
  endfacet
  facet normal 0.955523 0 -0.294918
    outer loop
      vertex 22.8513 -21 19.8532
      vertex 22.7392 -15.8 19.49
      vertex 22.8513 -15.8 19.8532
    endloop
  endfacet
  facet normal 0.955523 0 -0.294918
    outer loop
      vertex 22.7392 -15.8 19.49
      vertex 22.8513 -21 19.8532
      vertex 22.7392 -21 19.49
    endloop
  endfacet
  facet normal 0.826216 0 -0.563353
    outer loop
      vertex 23.0654 -21 20.1672
      vertex 22.8513 -15.8 19.8532
      vertex 23.0654 -15.8 20.1672
    endloop
  endfacet
  facet normal 0.826216 0 -0.563353
    outer loop
      vertex 22.8513 -15.8 19.8532
      vertex 23.0654 -21 20.1672
      vertex 22.8513 -21 19.8532
    endloop
  endfacet
  facet normal -0.732925 0 0.68031
    outer loop
      vertex 24.7949 -21 18.3032
      vertex 25.0535 -15.8 18.5818
      vertex 24.7949 -15.8 18.3032
    endloop
  endfacet
  facet normal -0.732925 0 0.68031
    outer loop
      vertex 25.0535 -15.8 18.5818
      vertex 24.7949 -21 18.3032
      vertex 25.0535 -21 18.5818
    endloop
  endfacet
  facet normal -0.500186 0 0.865918
    outer loop
      vertex 24.4658 -15.8 18.1131
      vertex 24.7949 -21 18.3032
      vertex 24.7949 -15.8 18.3032
    endloop
  endfacet
  facet normal -0.500186 0 0.865918
    outer loop
      vertex 24.7949 -21 18.3032
      vertex 24.4658 -15.8 18.1131
      vertex 24.4658 -21 18.1131
    endloop
  endfacet
  facet normal 0.623603 0 0.781741
    outer loop
      vertex 23.0654 -15.8 18.4328
      vertex 23.3625 -21 18.1958
      vertex 23.3625 -15.8 18.1958
    endloop
  endfacet
  facet normal 0.623603 0 0.781741
    outer loop
      vertex 23.3625 -21 18.1958
      vertex 23.0654 -15.8 18.4328
      vertex 23.0654 -21 18.4328
    endloop
  endfacet
  facet normal 0.826216 -0 0.563353
    outer loop
      vertex 22.8513 -21 18.7468
      vertex 23.0654 -15.8 18.4328
      vertex 22.8513 -15.8 18.7468
    endloop
  endfacet
  facet normal 0.826216 0 0.563353
    outer loop
      vertex 23.0654 -15.8 18.4328
      vertex 22.8513 -21 18.7468
      vertex 23.0654 -21 18.4328
    endloop
  endfacet
  facet normal -0.22236 0 -0.974965
    outer loop
      vertex 24.0953 -21 20.5714
      vertex 24.4658 -15.8 20.4869
      vertex 24.4658 -21 20.4869
    endloop
  endfacet
  facet normal -0.22236 0 -0.974965
    outer loop
      vertex 24.4658 -15.8 20.4869
      vertex 24.0953 -21 20.5714
      vertex 24.0953 -15.8 20.5714
    endloop
  endfacet
  facet normal 0.365213 0 -0.930924
    outer loop
      vertex 23.3625 -21 20.4042
      vertex 23.7163 -15.8 20.543
      vertex 23.7163 -21 20.543
    endloop
  endfacet
  facet normal 0.365213 0 -0.930924
    outer loop
      vertex 23.7163 -15.8 20.543
      vertex 23.3625 -21 20.4042
      vertex 23.3625 -15.8 20.4042
    endloop
  endfacet
  facet normal -0.222343 -0.974968 0
    outer loop
      vertex 4.59528 -14.2286 0
      vertex 4.96581 -14.3131 5
      vertex 4.59528 -14.2286 5
    endloop
  endfacet
  facet normal -0.222343 -0.974968 -0
    outer loop
      vertex 4.96581 -14.3131 5
      vertex 4.59528 -14.2286 0
      vertex 4.96581 -14.3131 0
    endloop
  endfacet
  facet normal 1 -0 0
    outer loop
      vertex 3.23924 -15.69 5
      vertex 3.23924 -15.31 0
      vertex 3.23924 -15.31 5
    endloop
  endfacet
  facet normal 1 0 0
    outer loop
      vertex 3.23924 -15.31 0
      vertex 3.23924 -15.69 5
      vertex 3.23924 -15.69 0
    endloop
  endfacet
  facet normal -0.988832 0.149035 0
    outer loop
      vertex 5.71836 -15.8758 0
      vertex 5.775 -15.5 5
      vertex 5.775 -15.5 0
    endloop
  endfacet
  facet normal -0.988832 0.149035 0
    outer loop
      vertex 5.775 -15.5 5
      vertex 5.71836 -15.8758 0
      vertex 5.71836 -15.8758 5
    endloop
  endfacet
  facet normal 0.0747265 0.997204 -0
    outer loop
      vertex 4.59528 -16.7714 0
      vertex 4.21629 -16.743 5
      vertex 4.59528 -16.7714 5
    endloop
  endfacet
  facet normal 0.0747265 0.997204 0
    outer loop
      vertex 4.21629 -16.743 5
      vertex 4.59528 -16.7714 0
      vertex 4.21629 -16.743 0
    endloop
  endfacet
  facet normal -0.900949 -0.433924 0
    outer loop
      vertex 5.71836 -15.1242 0
      vertex 5.55345 -14.7818 5
      vertex 5.55345 -14.7818 0
    endloop
  endfacet
  facet normal -0.900949 -0.433924 0
    outer loop
      vertex 5.55345 -14.7818 5
      vertex 5.71836 -15.1242 0
      vertex 5.71836 -15.1242 5
    endloop
  endfacet
  facet normal 0.0747265 -0.997204 0
    outer loop
      vertex 4.21629 -14.257 0
      vertex 4.59528 -14.2286 5
      vertex 4.21629 -14.257 5
    endloop
  endfacet
  facet normal 0.0747265 -0.997204 0
    outer loop
      vertex 4.59528 -14.2286 5
      vertex 4.21629 -14.257 0
      vertex 4.59528 -14.2286 0
    endloop
  endfacet
  facet normal 0.365222 -0.930921 0
    outer loop
      vertex 3.8625 -14.3958 0
      vertex 4.21629 -14.257 5
      vertex 3.8625 -14.3958 5
    endloop
  endfacet
  facet normal 0.365222 -0.930921 0
    outer loop
      vertex 4.21629 -14.257 5
      vertex 3.8625 -14.3958 0
      vertex 4.21629 -14.257 0
    endloop
  endfacet
  facet normal -0.733056 0.680168 0
    outer loop
      vertex 5.29495 -16.4968 0
      vertex 5.55345 -16.2182 5
      vertex 5.55345 -16.2182 0
    endloop
  endfacet
  facet normal -0.733056 0.680168 0
    outer loop
      vertex 5.55345 -16.2182 5
      vertex 5.29495 -16.4968 0
      vertex 5.29495 -16.4968 5
    endloop
  endfacet
  facet normal -0.900949 0.433924 0
    outer loop
      vertex 5.55345 -16.2182 0
      vertex 5.71836 -15.8758 5
      vertex 5.71836 -15.8758 0
    endloop
  endfacet
  facet normal -0.900949 0.433924 0
    outer loop
      vertex 5.71836 -15.8758 5
      vertex 5.55345 -16.2182 0
      vertex 5.55345 -16.2182 5
    endloop
  endfacet
  facet normal 0.955582 0.294725 0
    outer loop
      vertex 3.35126 -16.0532 5
      vertex 3.23924 -15.69 0
      vertex 3.23924 -15.69 5
    endloop
  endfacet
  facet normal 0.955582 0.294725 0
    outer loop
      vertex 3.23924 -15.69 0
      vertex 3.35126 -16.0532 5
      vertex 3.35126 -16.0532 0
    endloop
  endfacet
  facet normal 0.365222 0.930921 -0
    outer loop
      vertex 4.21629 -16.743 0
      vertex 3.8625 -16.6042 5
      vertex 4.21629 -16.743 5
    endloop
  endfacet
  facet normal 0.365222 0.930921 0
    outer loop
      vertex 3.8625 -16.6042 5
      vertex 4.21629 -16.743 0
      vertex 3.8625 -16.6042 0
    endloop
  endfacet
  facet normal -0.733056 -0.680168 0
    outer loop
      vertex 5.55345 -14.7818 0
      vertex 5.29495 -14.5032 5
      vertex 5.29495 -14.5032 0
    endloop
  endfacet
  facet normal -0.733056 -0.680168 0
    outer loop
      vertex 5.29495 -14.5032 5
      vertex 5.55345 -14.7818 0
      vertex 5.55345 -14.7818 5
    endloop
  endfacet
  facet normal -0.50014 -0.865945 0
    outer loop
      vertex 4.96581 -14.3131 0
      vertex 5.29495 -14.5032 5
      vertex 4.96581 -14.3131 5
    endloop
  endfacet
  facet normal -0.50014 -0.865945 -0
    outer loop
      vertex 5.29495 -14.5032 5
      vertex 4.96581 -14.3131 0
      vertex 5.29495 -14.5032 0
    endloop
  endfacet
  facet normal 0.955582 -0.294725 0
    outer loop
      vertex 3.23924 -15.31 5
      vertex 3.35126 -14.9468 0
      vertex 3.35126 -14.9468 5
    endloop
  endfacet
  facet normal 0.955582 -0.294725 0
    outer loop
      vertex 3.35126 -14.9468 0
      vertex 3.23924 -15.31 5
      vertex 3.23924 -15.31 0
    endloop
  endfacet
  facet normal 0.623552 -0.781782 0
    outer loop
      vertex 3.56536 -14.6328 0
      vertex 3.8625 -14.3958 5
      vertex 3.56536 -14.6328 5
    endloop
  endfacet
  facet normal 0.623552 -0.781782 0
    outer loop
      vertex 3.8625 -14.3958 5
      vertex 3.56536 -14.6328 0
      vertex 3.8625 -14.3958 0
    endloop
  endfacet
  facet normal 0.826216 -0.563353 0
    outer loop
      vertex 3.35126 -14.9468 5
      vertex 3.56536 -14.6328 0
      vertex 3.56536 -14.6328 5
    endloop
  endfacet
  facet normal 0.826216 -0.563353 0
    outer loop
      vertex 3.56536 -14.6328 0
      vertex 3.35126 -14.9468 5
      vertex 3.35126 -14.9468 0
    endloop
  endfacet
  facet normal -0.988832 -0.149035 0
    outer loop
      vertex 5.775 -15.5 0
      vertex 5.71836 -15.1242 5
      vertex 5.71836 -15.1242 0
    endloop
  endfacet
  facet normal -0.988832 -0.149035 0
    outer loop
      vertex 5.71836 -15.1242 5
      vertex 5.775 -15.5 0
      vertex 5.775 -15.5 5
    endloop
  endfacet
  facet normal -0.222343 0.974968 0
    outer loop
      vertex 4.96581 -16.6869 0
      vertex 4.59528 -16.7714 5
      vertex 4.96581 -16.6869 5
    endloop
  endfacet
  facet normal -0.222343 0.974968 0
    outer loop
      vertex 4.59528 -16.7714 5
      vertex 4.96581 -16.6869 0
      vertex 4.59528 -16.7714 0
    endloop
  endfacet
  facet normal -0.50014 0.865945 0
    outer loop
      vertex 5.29495 -16.4968 0
      vertex 4.96581 -16.6869 5
      vertex 5.29495 -16.4968 5
    endloop
  endfacet
  facet normal -0.50014 0.865945 0
    outer loop
      vertex 4.96581 -16.6869 5
      vertex 5.29495 -16.4968 0
      vertex 4.96581 -16.6869 0
    endloop
  endfacet
  facet normal 0.826216 0.563353 0
    outer loop
      vertex 3.56536 -16.3672 5
      vertex 3.35126 -16.0532 0
      vertex 3.35126 -16.0532 5
    endloop
  endfacet
  facet normal 0.826216 0.563353 0
    outer loop
      vertex 3.35126 -16.0532 0
      vertex 3.56536 -16.3672 5
      vertex 3.56536 -16.3672 0
    endloop
  endfacet
  facet normal 0.623552 0.781782 -0
    outer loop
      vertex 3.8625 -16.6042 0
      vertex 3.56536 -16.3672 5
      vertex 3.8625 -16.6042 5
    endloop
  endfacet
  facet normal 0.623552 0.781782 0
    outer loop
      vertex 3.56536 -16.3672 5
      vertex 3.8625 -16.6042 0
      vertex 3.56536 -16.3672 0
    endloop
  endfacet
  facet normal -0.222343 -0.974968 0
    outer loop
      vertex 4.59528 16.7714 0
      vertex 4.96581 16.6869 5
      vertex 4.59528 16.7714 5
    endloop
  endfacet
  facet normal -0.222343 -0.974968 -0
    outer loop
      vertex 4.96581 16.6869 5
      vertex 4.59528 16.7714 0
      vertex 4.96581 16.6869 0
    endloop
  endfacet
  facet normal 1 -0 0
    outer loop
      vertex 3.23924 15.31 5
      vertex 3.23924 15.69 0
      vertex 3.23924 15.69 5
    endloop
  endfacet
  facet normal 1 0 0
    outer loop
      vertex 3.23924 15.69 0
      vertex 3.23924 15.31 5
      vertex 3.23924 15.31 0
    endloop
  endfacet
  facet normal -0.988832 0.149035 0
    outer loop
      vertex 5.71836 15.1242 0
      vertex 5.775 15.5 5
      vertex 5.775 15.5 0
    endloop
  endfacet
  facet normal -0.988832 0.149035 0
    outer loop
      vertex 5.775 15.5 5
      vertex 5.71836 15.1242 0
      vertex 5.71836 15.1242 5
    endloop
  endfacet
  facet normal 0.0747265 0.997204 -0
    outer loop
      vertex 4.59528 14.2286 0
      vertex 4.21629 14.257 5
      vertex 4.59528 14.2286 5
    endloop
  endfacet
  facet normal 0.0747265 0.997204 0
    outer loop
      vertex 4.21629 14.257 5
      vertex 4.59528 14.2286 0
      vertex 4.21629 14.257 0
    endloop
  endfacet
  facet normal -0.900949 -0.433924 0
    outer loop
      vertex 5.71836 15.8758 0
      vertex 5.55345 16.2182 5
      vertex 5.55345 16.2182 0
    endloop
  endfacet
  facet normal -0.900949 -0.433924 0
    outer loop
      vertex 5.55345 16.2182 5
      vertex 5.71836 15.8758 0
      vertex 5.71836 15.8758 5
    endloop
  endfacet
  facet normal 0.0747265 -0.997204 0
    outer loop
      vertex 4.21629 16.743 0
      vertex 4.59528 16.7714 5
      vertex 4.21629 16.743 5
    endloop
  endfacet
  facet normal 0.0747265 -0.997204 0
    outer loop
      vertex 4.59528 16.7714 5
      vertex 4.21629 16.743 0
      vertex 4.59528 16.7714 0
    endloop
  endfacet
  facet normal 0.365222 -0.930921 0
    outer loop
      vertex 3.8625 16.6042 0
      vertex 4.21629 16.743 5
      vertex 3.8625 16.6042 5
    endloop
  endfacet
  facet normal 0.365222 -0.930921 0
    outer loop
      vertex 4.21629 16.743 5
      vertex 3.8625 16.6042 0
      vertex 4.21629 16.743 0
    endloop
  endfacet
  facet normal -0.733056 0.680168 0
    outer loop
      vertex 5.29495 14.5032 0
      vertex 5.55345 14.7818 5
      vertex 5.55345 14.7818 0
    endloop
  endfacet
  facet normal -0.733056 0.680168 0
    outer loop
      vertex 5.55345 14.7818 5
      vertex 5.29495 14.5032 0
      vertex 5.29495 14.5032 5
    endloop
  endfacet
  facet normal -0.900949 0.433924 0
    outer loop
      vertex 5.55345 14.7818 0
      vertex 5.71836 15.1242 5
      vertex 5.71836 15.1242 0
    endloop
  endfacet
  facet normal -0.900949 0.433924 0
    outer loop
      vertex 5.71836 15.1242 5
      vertex 5.55345 14.7818 0
      vertex 5.55345 14.7818 5
    endloop
  endfacet
  facet normal 0.955582 0.294725 0
    outer loop
      vertex 3.35126 14.9468 5
      vertex 3.23924 15.31 0
      vertex 3.23924 15.31 5
    endloop
  endfacet
  facet normal 0.955582 0.294725 0
    outer loop
      vertex 3.23924 15.31 0
      vertex 3.35126 14.9468 5
      vertex 3.35126 14.9468 0
    endloop
  endfacet
  facet normal 0.365222 0.930921 -0
    outer loop
      vertex 4.21629 14.257 0
      vertex 3.8625 14.3958 5
      vertex 4.21629 14.257 5
    endloop
  endfacet
  facet normal 0.365222 0.930921 0
    outer loop
      vertex 3.8625 14.3958 5
      vertex 4.21629 14.257 0
      vertex 3.8625 14.3958 0
    endloop
  endfacet
  facet normal -0.733056 -0.680168 0
    outer loop
      vertex 5.55345 16.2182 0
      vertex 5.29495 16.4968 5
      vertex 5.29495 16.4968 0
    endloop
  endfacet
  facet normal -0.733056 -0.680168 0
    outer loop
      vertex 5.29495 16.4968 5
      vertex 5.55345 16.2182 0
      vertex 5.55345 16.2182 5
    endloop
  endfacet
  facet normal -0.50014 -0.865945 0
    outer loop
      vertex 4.96581 16.6869 0
      vertex 5.29495 16.4968 5
      vertex 4.96581 16.6869 5
    endloop
  endfacet
  facet normal -0.50014 -0.865945 -0
    outer loop
      vertex 5.29495 16.4968 5
      vertex 4.96581 16.6869 0
      vertex 5.29495 16.4968 0
    endloop
  endfacet
  facet normal 0.955582 -0.294725 0
    outer loop
      vertex 3.23924 15.69 5
      vertex 3.35126 16.0532 0
      vertex 3.35126 16.0532 5
    endloop
  endfacet
  facet normal 0.955582 -0.294725 0
    outer loop
      vertex 3.35126 16.0532 0
      vertex 3.23924 15.69 5
      vertex 3.23924 15.69 0
    endloop
  endfacet
  facet normal 0.623552 -0.781782 0
    outer loop
      vertex 3.56536 16.3672 0
      vertex 3.8625 16.6042 5
      vertex 3.56536 16.3672 5
    endloop
  endfacet
  facet normal 0.623552 -0.781782 0
    outer loop
      vertex 3.8625 16.6042 5
      vertex 3.56536 16.3672 0
      vertex 3.8625 16.6042 0
    endloop
  endfacet
  facet normal 0.826216 -0.563353 0
    outer loop
      vertex 3.35126 16.0532 5
      vertex 3.56536 16.3672 0
      vertex 3.56536 16.3672 5
    endloop
  endfacet
  facet normal 0.826216 -0.563353 0
    outer loop
      vertex 3.56536 16.3672 0
      vertex 3.35126 16.0532 5
      vertex 3.35126 16.0532 0
    endloop
  endfacet
  facet normal -0.988832 -0.149035 0
    outer loop
      vertex 5.775 15.5 0
      vertex 5.71836 15.8758 5
      vertex 5.71836 15.8758 0
    endloop
  endfacet
  facet normal -0.988832 -0.149035 0
    outer loop
      vertex 5.71836 15.8758 5
      vertex 5.775 15.5 0
      vertex 5.775 15.5 5
    endloop
  endfacet
  facet normal -0.222343 0.974968 0
    outer loop
      vertex 4.96581 14.3131 0
      vertex 4.59528 14.2286 5
      vertex 4.96581 14.3131 5
    endloop
  endfacet
  facet normal -0.222343 0.974968 0
    outer loop
      vertex 4.59528 14.2286 5
      vertex 4.96581 14.3131 0
      vertex 4.59528 14.2286 0
    endloop
  endfacet
  facet normal -0.50014 0.865945 0
    outer loop
      vertex 5.29495 14.5032 0
      vertex 4.96581 14.3131 5
      vertex 5.29495 14.5032 5
    endloop
  endfacet
  facet normal -0.50014 0.865945 0
    outer loop
      vertex 4.96581 14.3131 5
      vertex 5.29495 14.5032 0
      vertex 4.96581 14.3131 0
    endloop
  endfacet
  facet normal 0.826216 0.563353 0
    outer loop
      vertex 3.56536 14.6328 5
      vertex 3.35126 14.9468 0
      vertex 3.35126 14.9468 5
    endloop
  endfacet
  facet normal 0.826216 0.563353 0
    outer loop
      vertex 3.35126 14.9468 0
      vertex 3.56536 14.6328 5
      vertex 3.56536 14.6328 0
    endloop
  endfacet
  facet normal 0.623552 0.781782 -0
    outer loop
      vertex 3.8625 14.3958 0
      vertex 3.56536 14.6328 5
      vertex 3.8625 14.3958 5
    endloop
  endfacet
  facet normal 0.623552 0.781782 0
    outer loop
      vertex 3.56536 14.6328 5
      vertex 3.8625 14.3958 0
      vertex 3.56536 14.6328 0
    endloop
  endfacet
  facet normal -0.22236 -0.974965 0
    outer loop
      vertex 67.5953 -14.2286 0
      vertex 67.9658 -14.3131 5
      vertex 67.5953 -14.2286 5
    endloop
  endfacet
  facet normal -0.22236 -0.974965 -0
    outer loop
      vertex 67.9658 -14.3131 5
      vertex 67.5953 -14.2286 0
      vertex 67.9658 -14.3131 0
    endloop
  endfacet
  facet normal 1 -0 0
    outer loop
      vertex 66.2392 -15.69 5
      vertex 66.2392 -15.31 0
      vertex 66.2392 -15.31 5
    endloop
  endfacet
  facet normal 1 0 0
    outer loop
      vertex 66.2392 -15.31 0
      vertex 66.2392 -15.69 5
      vertex 66.2392 -15.69 0
    endloop
  endfacet
  facet normal -0.988847 0.148932 0
    outer loop
      vertex 68.7184 -15.8758 0
      vertex 68.775 -15.5 5
      vertex 68.775 -15.5 0
    endloop
  endfacet
  facet normal -0.988847 0.148932 0
    outer loop
      vertex 68.775 -15.5 5
      vertex 68.7184 -15.8758 0
      vertex 68.7184 -15.8758 5
    endloop
  endfacet
  facet normal 0.0747245 0.997204 -0
    outer loop
      vertex 67.5953 -16.7714 0
      vertex 67.2163 -16.743 5
      vertex 67.5953 -16.7714 5
    endloop
  endfacet
  facet normal 0.0747245 0.997204 0
    outer loop
      vertex 67.2163 -16.743 5
      vertex 67.5953 -16.7714 0
      vertex 67.2163 -16.743 0
    endloop
  endfacet
  facet normal -0.90096 -0.433903 0
    outer loop
      vertex 68.7184 -15.1242 0
      vertex 68.5535 -14.7818 5
      vertex 68.5535 -14.7818 0
    endloop
  endfacet
  facet normal -0.90096 -0.433903 0
    outer loop
      vertex 68.5535 -14.7818 5
      vertex 68.7184 -15.1242 0
      vertex 68.7184 -15.1242 5
    endloop
  endfacet
  facet normal 0.0747245 -0.997204 0
    outer loop
      vertex 67.2163 -14.257 0
      vertex 67.5953 -14.2286 5
      vertex 67.2163 -14.257 5
    endloop
  endfacet
  facet normal 0.0747245 -0.997204 0
    outer loop
      vertex 67.5953 -14.2286 5
      vertex 67.2163 -14.257 0
      vertex 67.5953 -14.2286 0
    endloop
  endfacet
  facet normal 0.365213 -0.930924 0
    outer loop
      vertex 66.8625 -14.3958 0
      vertex 67.2163 -14.257 5
      vertex 66.8625 -14.3958 5
    endloop
  endfacet
  facet normal 0.365213 -0.930924 0
    outer loop
      vertex 67.2163 -14.257 5
      vertex 66.8625 -14.3958 0
      vertex 67.2163 -14.257 0
    endloop
  endfacet
  facet normal -0.733056 0.680168 0
    outer loop
      vertex 68.295 -16.4968 0
      vertex 68.5535 -16.2182 5
      vertex 68.5535 -16.2182 0
    endloop
  endfacet
  facet normal -0.733056 0.680168 0
    outer loop
      vertex 68.5535 -16.2182 5
      vertex 68.295 -16.4968 0
      vertex 68.295 -16.4968 5
    endloop
  endfacet
  facet normal -0.90096 0.433903 0
    outer loop
      vertex 68.5535 -16.2182 0
      vertex 68.7184 -15.8758 5
      vertex 68.7184 -15.8758 0
    endloop
  endfacet
  facet normal -0.90096 0.433903 0
    outer loop
      vertex 68.7184 -15.8758 5
      vertex 68.5535 -16.2182 0
      vertex 68.5535 -16.2182 5
    endloop
  endfacet
  facet normal 0.955523 0.294918 0
    outer loop
      vertex 66.3513 -16.0532 5
      vertex 66.2392 -15.69 0
      vertex 66.2392 -15.69 5
    endloop
  endfacet
  facet normal 0.955523 0.294918 0
    outer loop
      vertex 66.2392 -15.69 0
      vertex 66.3513 -16.0532 5
      vertex 66.3513 -16.0532 0
    endloop
  endfacet
  facet normal 0.365213 0.930924 -0
    outer loop
      vertex 67.2163 -16.743 0
      vertex 66.8625 -16.6042 5
      vertex 67.2163 -16.743 5
    endloop
  endfacet
  facet normal 0.365213 0.930924 0
    outer loop
      vertex 66.8625 -16.6042 5
      vertex 67.2163 -16.743 0
      vertex 66.8625 -16.6042 0
    endloop
  endfacet
  facet normal -0.733056 -0.680168 0
    outer loop
      vertex 68.5535 -14.7818 0
      vertex 68.295 -14.5032 5
      vertex 68.295 -14.5032 0
    endloop
  endfacet
  facet normal -0.733056 -0.680168 0
    outer loop
      vertex 68.295 -14.5032 5
      vertex 68.5535 -14.7818 0
      vertex 68.5535 -14.7818 5
    endloop
  endfacet
  facet normal -0.500072 -0.865984 0
    outer loop
      vertex 67.9658 -14.3131 0
      vertex 68.295 -14.5032 5
      vertex 67.9658 -14.3131 5
    endloop
  endfacet
  facet normal -0.500072 -0.865984 -0
    outer loop
      vertex 68.295 -14.5032 5
      vertex 67.9658 -14.3131 0
      vertex 68.295 -14.5032 0
    endloop
  endfacet
  facet normal 0.955523 -0.294918 0
    outer loop
      vertex 66.2392 -15.31 5
      vertex 66.3513 -14.9468 0
      vertex 66.3513 -14.9468 5
    endloop
  endfacet
  facet normal 0.955523 -0.294918 0
    outer loop
      vertex 66.3513 -14.9468 0
      vertex 66.2392 -15.31 5
      vertex 66.2392 -15.31 0
    endloop
  endfacet
  facet normal 0.623603 -0.781741 0
    outer loop
      vertex 66.5654 -14.6328 0
      vertex 66.8625 -14.3958 5
      vertex 66.5654 -14.6328 5
    endloop
  endfacet
  facet normal 0.623603 -0.781741 0
    outer loop
      vertex 66.8625 -14.3958 5
      vertex 66.5654 -14.6328 0
      vertex 66.8625 -14.3958 0
    endloop
  endfacet
  facet normal 0.826216 -0.563353 0
    outer loop
      vertex 66.3513 -14.9468 5
      vertex 66.5654 -14.6328 0
      vertex 66.5654 -14.6328 5
    endloop
  endfacet
  facet normal 0.826216 -0.563353 0
    outer loop
      vertex 66.5654 -14.6328 0
      vertex 66.3513 -14.9468 5
      vertex 66.3513 -14.9468 0
    endloop
  endfacet
  facet normal -0.988847 -0.148932 0
    outer loop
      vertex 68.775 -15.5 0
      vertex 68.7184 -15.1242 5
      vertex 68.7184 -15.1242 0
    endloop
  endfacet
  facet normal -0.988847 -0.148932 0
    outer loop
      vertex 68.7184 -15.1242 5
      vertex 68.775 -15.5 0
      vertex 68.775 -15.5 5
    endloop
  endfacet
  facet normal -0.22236 0.974965 0
    outer loop
      vertex 67.9658 -16.6869 0
      vertex 67.5953 -16.7714 5
      vertex 67.9658 -16.6869 5
    endloop
  endfacet
  facet normal -0.22236 0.974965 0
    outer loop
      vertex 67.5953 -16.7714 5
      vertex 67.9658 -16.6869 0
      vertex 67.5953 -16.7714 0
    endloop
  endfacet
  facet normal -0.500072 0.865984 0
    outer loop
      vertex 68.295 -16.4968 0
      vertex 67.9658 -16.6869 5
      vertex 68.295 -16.4968 5
    endloop
  endfacet
  facet normal -0.500072 0.865984 0
    outer loop
      vertex 67.9658 -16.6869 5
      vertex 68.295 -16.4968 0
      vertex 67.9658 -16.6869 0
    endloop
  endfacet
  facet normal 0.826216 0.563353 0
    outer loop
      vertex 66.5654 -16.3672 5
      vertex 66.3513 -16.0532 0
      vertex 66.3513 -16.0532 5
    endloop
  endfacet
  facet normal 0.826216 0.563353 0
    outer loop
      vertex 66.3513 -16.0532 0
      vertex 66.5654 -16.3672 5
      vertex 66.5654 -16.3672 0
    endloop
  endfacet
  facet normal 0.623603 0.781741 -0
    outer loop
      vertex 66.8625 -16.6042 0
      vertex 66.5654 -16.3672 5
      vertex 66.8625 -16.6042 5
    endloop
  endfacet
  facet normal 0.623603 0.781741 0
    outer loop
      vertex 66.5654 -16.3672 5
      vertex 66.8625 -16.6042 0
      vertex 66.5654 -16.3672 0
    endloop
  endfacet
  facet normal 0 -0.89879 -0.438379
    outer loop
      vertex 67 6.76024 3.00985
      vertex 68 6.53381 3.47409
      vertex 67 6.53381 3.47409
    endloop
  endfacet
  facet normal 0 -0.89879 -0.438379
    outer loop
      vertex 68 6.53381 3.47409
      vertex 67 6.76024 3.00985
      vertex 68 6.76024 3.00985
    endloop
  endfacet
  facet normal 0 -0.89879 -0.438379
    outer loop
      vertex 0 6.76024 3.00985
      vertex 53 6.53381 3.47409
      vertex 0 6.53381 3.47409
    endloop
  endfacet
  facet normal 0 -0.89879 -0.438379
    outer loop
      vertex 53 6.53381 3.47409
      vertex 0 6.76024 3.00985
      vertex 53 6.76024 3.00985
    endloop
  endfacet
  facet normal 0 0.342026 -0.939691
    outer loop
      vertex 0 -2.28673 7.03782
      vertex 12.9171 -2.77209 6.86116
      vertex 0 -2.77209 6.86116
    endloop
  endfacet
  facet normal 1.62162e-06 0.342064 -0.939677
    outer loop
      vertex 12.9171 -2.77209 6.86116
      vertex 0 -2.28673 7.03782
      vertex 12.949 -2.74168 6.87223
    endloop
  endfacet
  facet normal -1.11879e-06 0.341995 -0.939702
    outer loop
      vertex 12.949 -2.74168 6.87223
      vertex 0 -2.28673 7.03782
      vertex 13.2664 -2.522 6.95218
    endloop
  endfacet
  facet normal -2.89091e-07 0.342037 -0.939687
    outer loop
      vertex 13.2664 -2.522 6.95218
      vertex 0 -2.28673 7.03782
      vertex 13.6258 -2.34172 7.0178
    endloop
  endfacet
  facet normal 0 0.3421 -0.939664
    outer loop
      vertex 13.6258 -2.34172 7.0178
      vertex 0 -2.28673 7.03782
      vertex 13.7849 -2.28673 7.03782
    endloop
  endfacet
  facet normal 0 0.342026 -0.939691
    outer loop
      vertex 35.0829 -2.77209 6.86116
      vertex 68 -2.28673 7.03782
      vertex 68 -2.77209 6.86116
    endloop
  endfacet
  facet normal -6.51354e-07 0.342065 -0.939676
    outer loop
      vertex 35.051 -2.74168 6.87223
      vertex 68 -2.28673 7.03782
      vertex 35.0829 -2.77209 6.86116
    endloop
  endfacet
  facet normal 4.52971e-07 0.341994 -0.939702
    outer loop
      vertex 34.7336 -2.522 6.95218
      vertex 68 -2.28673 7.03782
      vertex 35.051 -2.74168 6.87223
    endloop
  endfacet
  facet normal 1.17704e-07 0.342036 -0.939687
    outer loop
      vertex 34.3742 -2.34172 7.0178
      vertex 68 -2.28673 7.03782
      vertex 34.7336 -2.522 6.95218
    endloop
  endfacet
  facet normal 0 0.3421 -0.939664
    outer loop
      vertex 68 -2.28673 7.03782
      vertex 34.3742 -2.34172 7.0178
      vertex 34.2151 -2.28673 7.03782
    endloop
  endfacet
  facet normal 0 0.927189 -0.374593
    outer loop
      vertex 11.2957 -6.95372 2.53095
      vertex 0 -6.76024 3.00985
      vertex 11.3562 -6.76024 3.00985
    endloop
  endfacet
  facet normal 0 0.927189 -0.374593
    outer loop
      vertex 0 -6.76024 3.00985
      vertex 11.2957 -6.95372 2.53095
      vertex 0 -6.95372 2.53095
    endloop
  endfacet
  facet normal 0 0.927189 -0.374593
    outer loop
      vertex 36.7043 -6.95372 2.53095
      vertex 68 -6.76024 3.00985
      vertex 68 -6.95372 2.53095
    endloop
  endfacet
  facet normal 0 0.927189 -0.374593
    outer loop
      vertex 68 -6.76024 3.00985
      vertex 36.7043 -6.95372 2.53095
      vertex 36.6438 -6.76024 3.00985
    endloop
  endfacet
  facet normal 0 -0.139163 -0.990269
    outer loop
      vertex 0 0.77351 7.35946
      vertex 68 1.285 7.28758
      vertex 68 0.77351 7.35946
    endloop
  endfacet
  facet normal -0 -0.139163 -0.990269
    outer loop
      vertex 68 1.285 7.28758
      vertex 0 0.77351 7.35946
      vertex 0 1.285 7.28758
    endloop
  endfacet
  facet normal 0 0.984808 -0.173644
    outer loop
      vertex 11.1788 -7.32798 1.02988
      vertex 0 -7.23829 1.53855
      vertex 11.2068 -7.23829 1.53855
    endloop
  endfacet
  facet normal 0 0.984808 -0.173644
    outer loop
      vertex 0 -7.23829 1.53855
      vertex 11.1788 -7.32798 1.02988
      vertex 0 -7.32798 1.02988
    endloop
  endfacet
  facet normal 0 0.984808 -0.173644
    outer loop
      vertex 36.8212 -7.32798 1.02988
      vertex 68 -7.23829 1.53855
      vertex 68 -7.32798 1.02988
    endloop
  endfacet
  facet normal 0 0.984808 -0.173644
    outer loop
      vertex 68 -7.23829 1.53855
      vertex 36.8212 -7.32798 1.02988
      vertex 36.7932 -7.23829 1.53855
    endloop
  endfacet
  facet normal 0 0.743136 -0.66914
    outer loop
      vertex 11.6973 -5.66873 4.75663
      vertex 0 -5.32311 5.14047
      vertex 11.8053 -5.32311 5.14047
    endloop
  endfacet
  facet normal 0 0.743136 -0.66914
    outer loop
      vertex 0 -5.32311 5.14047
      vertex 11.6973 -5.66873 4.75663
      vertex 0 -5.66873 4.75663
    endloop
  endfacet
  facet normal 0 0.743136 -0.66914
    outer loop
      vertex 36.3027 -5.66873 4.75663
      vertex 68 -5.32311 5.14047
      vertex 68 -5.66873 4.75663
    endloop
  endfacet
  facet normal 0 0.743136 -0.66914
    outer loop
      vertex 68 -5.32311 5.14047
      vertex 36.3027 -5.66873 4.75663
      vertex 36.1947 -5.32311 5.14047
    endloop
  endfacet
  facet normal 0 0.207916 -0.978147
    outer loop
      vertex 0 -1.79022 7.18019
      vertex 68 -1.285 7.28758
      vertex 68 -1.79022 7.18019
    endloop
  endfacet
  facet normal 0 0.207916 -0.978147
    outer loop
      vertex 68 -1.285 7.28758
      vertex 0 -1.79022 7.18019
      vertex 0 -1.285 7.28758
    endloop
  endfacet
  facet normal 0 -0.994522 -0.104528
    outer loop
      vertex 0 7.38197 0.516197
      vertex 53 7.32798 1.02988
      vertex 0 7.32798 1.02988
    endloop
  endfacet
  facet normal 0 -0.994522 -0.104528
    outer loop
      vertex 53 7.32798 1.02988
      vertex 0 7.38197 0.516197
      vertex 53 7.38197 0.516197
    endloop
  endfacet
  facet normal 0 -0.994522 -0.104528
    outer loop
      vertex 67 7.38197 0.516197
      vertex 68 7.32798 1.02988
      vertex 67 7.32798 1.02988
    endloop
  endfacet
  facet normal 0 -0.994522 -0.104528
    outer loop
      vertex 68 7.32798 1.02988
      vertex 67 7.38197 0.516197
      vertex 68 7.38197 0.516197
    endloop
  endfacet
  facet normal 0 -0.951051 -0.309034
    outer loop
      vertex 0 7.11334 2.03972
      vertex 53 6.95372 2.53095
      vertex 0 6.95372 2.53095
    endloop
  endfacet
  facet normal 0 -0.951051 -0.309034
    outer loop
      vertex 53 6.95372 2.53095
      vertex 0 7.11334 2.03972
      vertex 53 7.11334 2.03972
    endloop
  endfacet
  facet normal 0 -0.951051 -0.309034
    outer loop
      vertex 67 7.11334 2.03972
      vertex 68 6.95372 2.53095
      vertex 67 6.95372 2.53095
    endloop
  endfacet
  facet normal 0 -0.951051 -0.309034
    outer loop
      vertex 68 6.95372 2.53095
      vertex 67 7.11334 2.03972
      vertex 68 7.11334 2.03972
    endloop
  endfacet
  facet normal 0 -0.788019 -0.615651
    outer loop
      vertex 0 5.98672 4.34961
      vertex 53 5.66873 4.75663
      vertex 0 5.66873 4.75663
    endloop
  endfacet
  facet normal 0 -0.788019 -0.615651
    outer loop
      vertex 53 5.66873 4.75663
      vertex 0 5.98672 4.34961
      vertex 53 5.98672 4.34961
    endloop
  endfacet
  facet normal 0 -0.788019 -0.615651
    outer loop
      vertex 67 5.98672 4.34961
      vertex 68 5.66873 4.75663
      vertex 67 5.66873 4.75663
    endloop
  endfacet
  facet normal 0 -0.788019 -0.615651
    outer loop
      vertex 68 5.66873 4.75663
      vertex 67 5.98672 4.34961
      vertex 68 5.98672 4.34961
    endloop
  endfacet
  facet normal 0 -0.743136 -0.66914
    outer loop
      vertex 0 5.66873 4.75663
      vertex 53 5.32311 5.14047
      vertex 0 5.32311 5.14047
    endloop
  endfacet
  facet normal 0 -0.743136 -0.66914
    outer loop
      vertex 53 5.32311 5.14047
      vertex 0 5.66873 4.75663
      vertex 53 5.66873 4.75663
    endloop
  endfacet
  facet normal 0 -0.743136 -0.66914
    outer loop
      vertex 67 5.66873 4.75663
      vertex 68 5.32311 5.14047
      vertex 67 5.32311 5.14047
    endloop
  endfacet
  facet normal 0 -0.743136 -0.66914
    outer loop
      vertex 68 5.32311 5.14047
      vertex 67 5.66873 4.75663
      vertex 68 5.66873 4.75663
    endloop
  endfacet
  facet normal 0 -0.0697563 -0.997564
    outer loop
      vertex 0 0.258256 7.39549
      vertex 68 0.77351 7.35946
      vertex 68 0.258256 7.39549
    endloop
  endfacet
  facet normal -0 -0.0697563 -0.997564
    outer loop
      vertex 68 0.77351 7.35946
      vertex 0 0.258256 7.39549
      vertex 0 0.77351 7.35946
    endloop
  endfacet
  facet normal 0 -0.469477 -0.882944
    outer loop
      vertex 0 3.24395 6.65108
      vertex 68 3.7 6.40859
      vertex 68 3.24395 6.65108
    endloop
  endfacet
  facet normal -0 -0.469477 -0.882944
    outer loop
      vertex 68 3.7 6.40859
      vertex 0 3.24395 6.65108
      vertex 0 3.7 6.40859
    endloop
  endfacet
  facet normal 0 -0.642782 -0.766049
    outer loop
      vertex 0 4.55589 5.83128
      vertex 68 4.95157 5.49927
      vertex 68 4.55589 5.83128
    endloop
  endfacet
  facet normal -0 -0.642782 -0.766049
    outer loop
      vertex 68 4.95157 5.49927
      vertex 0 4.55589 5.83128
      vertex 0 4.95157 5.49927
    endloop
  endfacet
  facet normal 0 0.951051 -0.309034
    outer loop
      vertex 11.2458 -7.11334 2.03972
      vertex 0 -6.95372 2.53095
      vertex 11.2957 -6.95372 2.53095
    endloop
  endfacet
  facet normal 0 0.951051 -0.309034
    outer loop
      vertex 0 -6.95372 2.53095
      vertex 11.2458 -7.11334 2.03972
      vertex 0 -7.11334 2.03972
    endloop
  endfacet
  facet normal 0 0.951051 -0.309034
    outer loop
      vertex 36.7542 -7.11334 2.03972
      vertex 68 -6.95372 2.53095
      vertex 68 -7.11334 2.03972
    endloop
  endfacet
  facet normal 0 0.951051 -0.309034
    outer loop
      vertex 68 -6.95372 2.53095
      vertex 36.7542 -7.11334 2.03972
      vertex 36.7043 -6.95372 2.53095
    endloop
  endfacet
  facet normal 0 0.970298 -0.241911
    outer loop
      vertex 11.2068 -7.23829 1.53855
      vertex 0 -7.11334 2.03972
      vertex 11.2458 -7.11334 2.03972
    endloop
  endfacet
  facet normal 0 0.970298 -0.241911
    outer loop
      vertex 0 -7.11334 2.03972
      vertex 11.2068 -7.23829 1.53855
      vertex 0 -7.23829 1.53855
    endloop
  endfacet
  facet normal 0 0.970298 -0.241911
    outer loop
      vertex 36.7932 -7.23829 1.53855
      vertex 68 -7.11334 2.03972
      vertex 68 -7.23829 1.53855
    endloop
  endfacet
  facet normal 0 0.970298 -0.241911
    outer loop
      vertex 68 -7.11334 2.03972
      vertex 36.7932 -7.23829 1.53855
      vertex 36.7542 -7.11334 2.03972
    endloop
  endfacet
  facet normal 0 0.82903 -0.559204
    outer loop
      vertex 11.5076 -6.27556 3.9214
      vertex 0 -5.98672 4.34961
      vertex 11.5979 -5.98672 4.34961
    endloop
  endfacet
  facet normal 0 0.82903 -0.559204
    outer loop
      vertex 0 -5.98672 4.34961
      vertex 11.5076 -6.27556 3.9214
      vertex 0 -6.27556 3.9214
    endloop
  endfacet
  facet normal 0 0.82903 -0.559204
    outer loop
      vertex 36.4924 -6.27556 3.9214
      vertex 68 -5.98672 4.34961
      vertex 68 -6.27556 3.9214
    endloop
  endfacet
  facet normal 0 0.82903 -0.559204
    outer loop
      vertex 68 -5.98672 4.34961
      vertex 36.4924 -6.27556 3.9214
      vertex 36.4021 -5.98672 4.34961
    endloop
  endfacet
  facet normal 0 0.275634 -0.961263
    outer loop
      vertex 34.2151 -2.28673 7.03782
      vertex 68 -1.79022 7.18019
      vertex 68 -2.28673 7.03782
    endloop
  endfacet
  facet normal 2.69e-07 0.275617 -0.961268
    outer loop
      vertex 33.9851 -2.20306 7.06181
      vertex 68 -1.79022 7.18019
      vertex 34.2151 -2.28673 7.03782
    endloop
  endfacet
  facet normal 7.35847e-07 0.275581 -0.961278
    outer loop
      vertex 33.5826 -2.11568 7.08686
      vertex 68 -1.79022 7.18019
      vertex 33.9851 -2.20306 7.06181
    endloop
  endfacet
  facet normal -2.07896e-06 0.275856 -0.961199
    outer loop
      vertex 33.1832 -2.08617 7.09533
      vertex 68 -1.79022 7.18019
      vertex 33.5826 -2.11568 7.08686
    endloop
  endfacet
  facet normal 0 0.27563 -0.961264
    outer loop
      vertex 0 -1.79022 7.18019
      vertex 33.1832 -2.08617 7.09533
      vertex 14.8168 -2.08617 7.09533
    endloop
  endfacet
  facet normal 0 0.275634 -0.961263
    outer loop
      vertex 0 -1.79022 7.18019
      vertex 13.7849 -2.28673 7.03782
      vertex 0 -2.28673 7.03782
    endloop
  endfacet
  facet normal -6.24121e-07 0.275618 -0.961267
    outer loop
      vertex 13.7849 -2.28673 7.03782
      vertex 0 -1.79022 7.18019
      vertex 14.0149 -2.20306 7.06181
    endloop
  endfacet
  facet normal -1.66047e-06 0.275585 -0.961277
    outer loop
      vertex 14.0149 -2.20306 7.06181
      vertex 0 -1.79022 7.18019
      vertex 14.4174 -2.11568 7.08686
    endloop
  endfacet
  facet normal 0 0.27563 -0.961264
    outer loop
      vertex 33.1832 -2.08617 7.09533
      vertex 0 -1.79022 7.18019
      vertex 68 -1.79022 7.18019
    endloop
  endfacet
  facet normal 4.28804e-06 0.275829 -0.961207
    outer loop
      vertex 14.4174 -2.11568 7.08686
      vertex 0 -1.79022 7.18019
      vertex 14.8168 -2.08617 7.09533
    endloop
  endfacet
  facet normal 0 0.0697563 -0.997564
    outer loop
      vertex 0 -0.77351 7.35946
      vertex 68 -0.258256 7.39549
      vertex 68 -0.77351 7.35946
    endloop
  endfacet
  facet normal 0 0.0697563 -0.997564
    outer loop
      vertex 68 -0.258256 7.39549
      vertex 0 -0.77351 7.35946
      vertex 0 -0.258256 7.39549
    endloop
  endfacet
  facet normal 0 0.529917 -0.848049
    outer loop
      vertex 35.8244 -4.13803 6.13488
      vertex 68 -3.7 6.40859
      vertex 68 -4.13803 6.13488
    endloop
  endfacet
  facet normal 0 0.529917 -0.848049
    outer loop
      vertex 68 -3.7 6.40859
      vertex 35.8244 -4.13803 6.13488
      vertex 35.6875 -3.7 6.40859
    endloop
  endfacet
  facet normal 0 0.529917 -0.848049
    outer loop
      vertex 0 -3.7 6.40859
      vertex 12.1756 -4.13803 6.13488
      vertex 0 -4.13803 6.13488
    endloop
  endfacet
  facet normal 0 0.529917 -0.848049
    outer loop
      vertex 12.1756 -4.13803 6.13488
      vertex 0 -3.7 6.40859
      vertex 12.3125 -3.7 6.40859
    endloop
  endfacet
  facet normal 0 0.587794 -0.809011
    outer loop
      vertex 35.955 -4.55589 5.83128
      vertex 68 -4.13803 6.13488
      vertex 68 -4.55589 5.83128
    endloop
  endfacet
  facet normal 0 0.587794 -0.809011
    outer loop
      vertex 68 -4.13803 6.13488
      vertex 35.955 -4.55589 5.83128
      vertex 35.8244 -4.13803 6.13488
    endloop
  endfacet
  facet normal 0 0.587794 -0.809011
    outer loop
      vertex 0 -4.13803 6.13488
      vertex 12.045 -4.55589 5.83128
      vertex 0 -4.55589 5.83128
    endloop
  endfacet
  facet normal 0 0.587794 -0.809011
    outer loop
      vertex 12.045 -4.55589 5.83128
      vertex 0 -4.13803 6.13488
      vertex 12.1756 -4.13803 6.13488
    endloop
  endfacet
  facet normal 0 0.469477 -0.882944
    outer loop
      vertex 0 -3.24395 6.65108
      vertex 12.3125 -3.7 6.40859
      vertex 0 -3.7 6.40859
    endloop
  endfacet
  facet normal -4.95615e-07 0.469467 -0.88295
    outer loop
      vertex 12.3125 -3.7 6.40859
      vertex 0 -3.24395 6.65108
      vertex 12.3783 -3.48945 6.52054
    endloop
  endfacet
  facet normal 0 0.469487 -0.88294
    outer loop
      vertex 12.3783 -3.48945 6.52054
      vertex 0 -3.24395 6.65108
      vertex 12.4924 -3.24395 6.65108
    endloop
  endfacet
  facet normal 0 0.469477 -0.882944
    outer loop
      vertex 35.6875 -3.7 6.40859
      vertex 68 -3.24395 6.65108
      vertex 68 -3.7 6.40859
    endloop
  endfacet
  facet normal 1.90198e-07 0.469467 -0.88295
    outer loop
      vertex 35.6217 -3.48945 6.52054
      vertex 68 -3.24395 6.65108
      vertex 35.6875 -3.7 6.40859
    endloop
  endfacet
  facet normal 0 0.469487 -0.88294
    outer loop
      vertex 68 -3.24395 6.65108
      vertex 35.6217 -3.48945 6.52054
      vertex 35.5076 -3.24395 6.65108
    endloop
  endfacet
  facet normal 0 -0.999391 -0.0349072
    outer loop
      vertex 0 7.4 0
      vertex 53 7.38197 0.516197
      vertex 0 7.38197 0.516197
    endloop
  endfacet
  facet normal 0 -0.999391 -0.0349072
    outer loop
      vertex 53 7.38197 0.516197
      vertex 0 7.4 0
      vertex 53 7.4 0
    endloop
  endfacet
  facet normal 0 -0.999391 -0.0349072
    outer loop
      vertex 67 7.4 0
      vertex 68 7.38197 0.516197
      vertex 67 7.38197 0.516197
    endloop
  endfacet
  facet normal 0 -0.999391 -0.0349072
    outer loop
      vertex 68 7.38197 0.516197
      vertex 67 7.4 0
      vertex 68 7.4 0
    endloop
  endfacet
  facet normal -1 0 0
    outer loop
      vertex 68 3.3 0
      vertex 68 7.38197 0.516197
      vertex 68 7.4 0
    endloop
  endfacet
  facet normal -1 -0 0
    outer loop
      vertex 68 7.38197 0.516197
      vertex 68 3.27594 0.397771
      vertex 68 7.32798 1.02988
    endloop
  endfacet
  facet normal -1 -0 0
    outer loop
      vertex 68 7.32798 1.02988
      vertex 68 3.27594 0.397771
      vertex 68 7.23829 1.53855
    endloop
  endfacet
  facet normal -1 0 0
    outer loop
      vertex 68 3.20411 0.789742
      vertex 68 7.23829 1.53855
      vertex 68 3.27594 0.397771
    endloop
  endfacet
  facet normal -1 -0 0
    outer loop
      vertex 68 7.23829 1.53855
      vertex 68 3.20411 0.789742
      vertex 68 7.11334 2.03972
    endloop
  endfacet
  facet normal -1 -0 0
    outer loop
      vertex 68 7.11334 2.03972
      vertex 68 3.08555 1.1702
      vertex 68 6.95372 2.53095
    endloop
  endfacet
  facet normal -1 -0 0
    outer loop
      vertex 68 6.95372 2.53095
      vertex 68 3.08555 1.1702
      vertex 68 6.76024 3.00985
    endloop
  endfacet
  facet normal -1 0 0
    outer loop
      vertex 68 2.922 1.53359
      vertex 68 6.76024 3.00985
      vertex 68 3.08555 1.1702
    endloop
  endfacet
  facet normal -1 -0 0
    outer loop
      vertex 68 6.53381 3.47409
      vertex 68 2.922 1.53359
      vertex 68 6.27556 3.9214
    endloop
  endfacet
  facet normal -1 0 0
    outer loop
      vertex 68 2.71585 1.87461
      vertex 68 6.27556 3.9214
      vertex 68 2.922 1.53359
    endloop
  endfacet
  facet normal -1 -0 0
    outer loop
      vertex 68 6.27556 3.9214
      vertex 68 2.71585 1.87461
      vertex 68 5.98672 4.34961
    endloop
  endfacet
  facet normal -1 0 0
    outer loop
      vertex 68 2.47009 2.1883
      vertex 68 5.66873 4.75663
      vertex 68 2.71585 1.87461
    endloop
  endfacet
  facet normal -1 -0 0
    outer loop
      vertex 68 5.66873 4.75663
      vertex 68 2.47009 2.1883
      vertex 68 5.32311 5.14047
    endloop
  endfacet
  facet normal -1 0 0
    outer loop
      vertex 68 2.1883 2.47009
      vertex 68 5.32311 5.14047
      vertex 68 2.47009 2.1883
    endloop
  endfacet
  facet normal -1 0 0
    outer loop
      vertex 68 7.38197 0.516197
      vertex 68 3.3 0
      vertex 68 3.27594 0.397771
    endloop
  endfacet
  facet normal -1 0 0
    outer loop
      vertex 68 3.08555 1.1702
      vertex 68 7.11334 2.03972
      vertex 68 3.20411 0.789742
    endloop
  endfacet
  facet normal -1 -0 0
    outer loop
      vertex 68 6.76024 3.00985
      vertex 68 2.922 1.53359
      vertex 68 6.53381 3.47409
    endloop
  endfacet
  facet normal -1 -0 0
    outer loop
      vertex 68 5.98672 4.34961
      vertex 68 2.71585 1.87461
      vertex 68 5.66873 4.75663
    endloop
  endfacet
  facet normal -1 -0 0
    outer loop
      vertex 68 5.32311 5.14047
      vertex 68 2.1883 2.47009
      vertex 68 4.95157 5.49927
    endloop
  endfacet
  facet normal -1 -0 0
    outer loop
      vertex 68 4.95157 5.49927
      vertex 68 2.1883 2.47009
      vertex 68 4.55589 5.83128
    endloop
  endfacet
  facet normal -1 0 0
    outer loop
      vertex 68 1.87461 2.71585
      vertex 68 4.55589 5.83128
      vertex 68 2.1883 2.47009
    endloop
  endfacet
  facet normal -1 -0 0
    outer loop
      vertex 68 4.55589 5.83128
      vertex 68 1.87461 2.71585
      vertex 68 4.13803 6.13488
    endloop
  endfacet
  facet normal -1 -0 0
    outer loop
      vertex 68 4.13803 6.13488
      vertex 68 1.87461 2.71585
      vertex 68 3.7 6.40859
    endloop
  endfacet
  facet normal -1 0 0
    outer loop
      vertex 68 1.53359 2.922
      vertex 68 3.7 6.40859
      vertex 68 1.87461 2.71585
    endloop
  endfacet
  facet normal -1 -0 0
    outer loop
      vertex 68 3.7 6.40859
      vertex 68 1.53359 2.922
      vertex 68 3.24395 6.65108
    endloop
  endfacet
  facet normal -1 0 0
    outer loop
      vertex 68 1.1702 3.08555
      vertex 68 3.24395 6.65108
      vertex 68 1.53359 2.922
    endloop
  endfacet
  facet normal -1 -0 0
    outer loop
      vertex 68 3.24395 6.65108
      vertex 68 1.1702 3.08555
      vertex 68 2.77209 6.86116
    endloop
  endfacet
  facet normal -1 -0 0
    outer loop
      vertex 68 2.77209 6.86116
      vertex 68 1.1702 3.08555
      vertex 68 2.28673 7.03782
    endloop
  endfacet
  facet normal -1 0 0
    outer loop
      vertex 68 0.789742 3.20411
      vertex 68 2.28673 7.03782
      vertex 68 1.1702 3.08555
    endloop
  endfacet
  facet normal -1 -0 0
    outer loop
      vertex 68 2.28673 7.03782
      vertex 68 0.789742 3.20411
      vertex 68 1.79022 7.18019
    endloop
  endfacet
  facet normal -1 -0 0
    outer loop
      vertex 68 1.79022 7.18019
      vertex 68 0.789742 3.20411
      vertex 68 1.285 7.28758
    endloop
  endfacet
  facet normal -1 0 0
    outer loop
      vertex 68 0.397771 3.27594
      vertex 68 1.285 7.28758
      vertex 68 0.789742 3.20411
    endloop
  endfacet
  facet normal -1 -0 0
    outer loop
      vertex 68 1.285 7.28758
      vertex 68 0.397771 3.27594
      vertex 68 0.77351 7.35946
    endloop
  endfacet
  facet normal -1 0 0
    outer loop
      vertex 68 0.397771 3.27594
      vertex 68 0.258256 7.39549
      vertex 68 0.77351 7.35946
    endloop
  endfacet
  facet normal -1 0 0
    outer loop
      vertex 68 0 3.3
      vertex 68 0.258256 7.39549
      vertex 68 0.397771 3.27594
    endloop
  endfacet
  facet normal -1 0 0
    outer loop
      vertex 68 0 3.3
      vertex 68 -0.258256 7.39549
      vertex 68 0.258256 7.39549
    endloop
  endfacet
  facet normal -1 0 0
    outer loop
      vertex 68 -0.397771 3.27594
      vertex 68 -0.258256 7.39549
      vertex 68 0 3.3
    endloop
  endfacet
  facet normal -1 0 0
    outer loop
      vertex 68 -0.397771 3.27594
      vertex 68 -0.77351 7.35946
      vertex 68 -0.258256 7.39549
    endloop
  endfacet
  facet normal -1 0 0
    outer loop
      vertex 68 -1.285 7.28758
      vertex 68 -0.397771 3.27594
      vertex 68 -0.789742 3.20411
    endloop
  endfacet
  facet normal -1 0 0
    outer loop
      vertex 68 -2.28673 7.03782
      vertex 68 -0.789742 3.20411
      vertex 68 -1.1702 3.08555
    endloop
  endfacet
  facet normal -1 0 0
    outer loop
      vertex 68 -0.397771 3.27594
      vertex 68 -1.285 7.28758
      vertex 68 -0.77351 7.35946
    endloop
  endfacet
  facet normal -1 0 0
    outer loop
      vertex 68 -3.24395 6.65108
      vertex 68 -1.1702 3.08555
      vertex 68 -1.53359 2.922
    endloop
  endfacet
  facet normal -1 0 0
    outer loop
      vertex 68 -0.789742 3.20411
      vertex 68 -1.79022 7.18019
      vertex 68 -1.285 7.28758
    endloop
  endfacet
  facet normal -1 0 0
    outer loop
      vertex 68 -3.7 6.40859
      vertex 68 -1.53359 2.922
      vertex 68 -1.87461 2.71585
    endloop
  endfacet
  facet normal -1 0 0
    outer loop
      vertex 68 -4.55589 5.83128
      vertex 68 -1.87461 2.71585
      vertex 68 -2.1883 2.47009
    endloop
  endfacet
  facet normal -1 0 0
    outer loop
      vertex 68 -0.789742 3.20411
      vertex 68 -2.28673 7.03782
      vertex 68 -1.79022 7.18019
    endloop
  endfacet
  facet normal -1 0 0
    outer loop
      vertex 68 -5.32311 5.14047
      vertex 68 -2.1883 2.47009
      vertex 68 -2.47009 2.1883
    endloop
  endfacet
  facet normal -1 0 0
    outer loop
      vertex 68 -5.66873 4.75663
      vertex 68 -2.47009 2.1883
      vertex 68 -2.71585 1.87461
    endloop
  endfacet
  facet normal -1 0 0
    outer loop
      vertex 68 -1.1702 3.08555
      vertex 68 -2.77209 6.86116
      vertex 68 -2.28673 7.03782
    endloop
  endfacet
  facet normal -1 0 0
    outer loop
      vertex 68 -6.27556 3.9214
      vertex 68 -2.71585 1.87461
      vertex 68 -2.922 1.53359
    endloop
  endfacet
  facet normal -1 0 0
    outer loop
      vertex 68 -6.76024 3.00985
      vertex 68 -2.922 1.53359
      vertex 68 -3.08555 1.1702
    endloop
  endfacet
  facet normal -1 0 0
    outer loop
      vertex 68 -7.11334 2.03972
      vertex 68 -3.08555 1.1702
      vertex 68 -3.20411 0.789742
    endloop
  endfacet
  facet normal -1 0 0
    outer loop
      vertex 68 -1.1702 3.08555
      vertex 68 -3.24395 6.65108
      vertex 68 -2.77209 6.86116
    endloop
  endfacet
  facet normal -1 0 0
    outer loop
      vertex 68 -7.23829 1.53855
      vertex 68 -3.20411 0.789742
      vertex 68 -3.27594 0.397771
    endloop
  endfacet
  facet normal -1 0 0
    outer loop
      vertex 68 -7.38197 0.516197
      vertex 68 -3.27594 0.397771
      vertex 68 -3.3 0
    endloop
  endfacet
  facet normal -1 0 0
    outer loop
      vertex 68 -1.53359 2.922
      vertex 68 -3.7 6.40859
      vertex 68 -3.24395 6.65108
    endloop
  endfacet
  facet normal -1 0 0
    outer loop
      vertex 68 -1.87461 2.71585
      vertex 68 -4.13803 6.13488
      vertex 68 -3.7 6.40859
    endloop
  endfacet
  facet normal -1 0 0
    outer loop
      vertex 68 -1.87461 2.71585
      vertex 68 -4.55589 5.83128
      vertex 68 -4.13803 6.13488
    endloop
  endfacet
  facet normal -1 0 0
    outer loop
      vertex 68 -2.1883 2.47009
      vertex 68 -4.95157 5.49927
      vertex 68 -4.55589 5.83128
    endloop
  endfacet
  facet normal -1 0 0
    outer loop
      vertex 68 -2.1883 2.47009
      vertex 68 -5.32311 5.14047
      vertex 68 -4.95157 5.49927
    endloop
  endfacet
  facet normal -1 0 0
    outer loop
      vertex 68 -2.47009 2.1883
      vertex 68 -5.66873 4.75663
      vertex 68 -5.32311 5.14047
    endloop
  endfacet
  facet normal -1 0 0
    outer loop
      vertex 68 -2.71585 1.87461
      vertex 68 -5.98672 4.34961
      vertex 68 -5.66873 4.75663
    endloop
  endfacet
  facet normal -1 0 0
    outer loop
      vertex 68 -2.71585 1.87461
      vertex 68 -6.27556 3.9214
      vertex 68 -5.98672 4.34961
    endloop
  endfacet
  facet normal -1 0 0
    outer loop
      vertex 68 -2.922 1.53359
      vertex 68 -6.53381 3.47409
      vertex 68 -6.27556 3.9214
    endloop
  endfacet
  facet normal -1 0 0
    outer loop
      vertex 68 -2.922 1.53359
      vertex 68 -6.76024 3.00985
      vertex 68 -6.53381 3.47409
    endloop
  endfacet
  facet normal -1 0 0
    outer loop
      vertex 68 -3.08555 1.1702
      vertex 68 -6.95372 2.53095
      vertex 68 -6.76024 3.00985
    endloop
  endfacet
  facet normal -1 0 0
    outer loop
      vertex 68 -3.08555 1.1702
      vertex 68 -7.11334 2.03972
      vertex 68 -6.95372 2.53095
    endloop
  endfacet
  facet normal -1 0 0
    outer loop
      vertex 68 -3.20411 0.789742
      vertex 68 -7.23829 1.53855
      vertex 68 -7.11334 2.03972
    endloop
  endfacet
  facet normal -1 0 0
    outer loop
      vertex 68 -3.27594 0.397771
      vertex 68 -7.32798 1.02988
      vertex 68 -7.23829 1.53855
    endloop
  endfacet
  facet normal -1 0 0
    outer loop
      vertex 68 -3.27594 0.397771
      vertex 68 -7.38197 0.516197
      vertex 68 -7.32798 1.02988
    endloop
  endfacet
  facet normal -1 0 -0
    outer loop
      vertex 68 -7.38197 0.516197
      vertex 68 -3.3 0
      vertex 68 -7.4 0
    endloop
  endfacet
  facet normal 0 -0.927189 -0.374593
    outer loop
      vertex 67 6.95372 2.53095
      vertex 68 6.76024 3.00985
      vertex 67 6.76024 3.00985
    endloop
  endfacet
  facet normal 0 -0.927189 -0.374593
    outer loop
      vertex 68 6.76024 3.00985
      vertex 67 6.95372 2.53095
      vertex 68 6.95372 2.53095
    endloop
  endfacet
  facet normal 0 -0.927189 -0.374593
    outer loop
      vertex 0 6.95372 2.53095
      vertex 53 6.76024 3.00985
      vertex 0 6.76024 3.00985
    endloop
  endfacet
  facet normal 0 -0.927189 -0.374593
    outer loop
      vertex 53 6.76024 3.00985
      vertex 0 6.95372 2.53095
      vertex 53 6.95372 2.53095
    endloop
  endfacet
  facet normal 0 -0.984808 -0.173644
    outer loop
      vertex 0 7.32798 1.02988
      vertex 53 7.23829 1.53855
      vertex 0 7.23829 1.53855
    endloop
  endfacet
  facet normal 0 -0.984808 -0.173644
    outer loop
      vertex 53 7.23829 1.53855
      vertex 0 7.32798 1.02988
      vertex 53 7.32798 1.02988
    endloop
  endfacet
  facet normal 0 -0.984808 -0.173644
    outer loop
      vertex 67 7.32798 1.02988
      vertex 68 7.23829 1.53855
      vertex 67 7.23829 1.53855
    endloop
  endfacet
  facet normal 0 -0.984808 -0.173644
    outer loop
      vertex 68 7.23829 1.53855
      vertex 67 7.32798 1.02988
      vertex 68 7.32798 1.02988
    endloop
  endfacet
  facet normal 4.68145e-07 -0.694666 -0.719332
    outer loop
      vertex 68 4.95157 5.49927
      vertex 67 5 5.4525
      vertex 68 5.32311 5.14047
    endloop
  endfacet
  facet normal 0 -0.694671 -0.719327
    outer loop
      vertex 68 4.95157 5.49927
      vertex 53 5 5.4525
      vertex 67 5 5.4525
    endloop
  endfacet
  facet normal 0 -0.694671 -0.719327
    outer loop
      vertex 0 4.95157 5.49927
      vertex 53 5 5.4525
      vertex 68 4.95157 5.49927
    endloop
  endfacet
  facet normal -1.01569e-08 -0.694666 -0.719333
    outer loop
      vertex 0 4.95157 5.49927
      vertex 53 5.32311 5.14047
      vertex 53 5 5.4525
    endloop
  endfacet
  facet normal -0 -0.694666 -0.719332
    outer loop
      vertex 53 5.32311 5.14047
      vertex 0 4.95157 5.49927
      vertex 0 5.32311 5.14047
    endloop
  endfacet
  facet normal -0 -0.694666 -0.719333
    outer loop
      vertex 68 5.32311 5.14047
      vertex 67 5 5.4525
      vertex 67 5.32311 5.14047
    endloop
  endfacet
  facet normal 0 -0.82903 -0.559204
    outer loop
      vertex 0 6.27556 3.9214
      vertex 53 5.98672 4.34961
      vertex 0 5.98672 4.34961
    endloop
  endfacet
  facet normal 0 -0.82903 -0.559204
    outer loop
      vertex 53 5.98672 4.34961
      vertex 0 6.27556 3.9214
      vertex 53 6.27556 3.9214
    endloop
  endfacet
  facet normal 0 -0.82903 -0.559204
    outer loop
      vertex 67 6.27556 3.9214
      vertex 68 5.98672 4.34961
      vertex 67 5.98672 4.34961
    endloop
  endfacet
  facet normal 0 -0.82903 -0.559204
    outer loop
      vertex 68 5.98672 4.34961
      vertex 67 6.27556 3.9214
      vertex 68 6.27556 3.9214
    endloop
  endfacet
  facet normal 0 0 -1
    outer loop
      vertex 0 -0.258256 7.39549
      vertex 68 0.258256 7.39549
      vertex 68 -0.258256 7.39549
    endloop
  endfacet
  facet normal -0 0 -1
    outer loop
      vertex 68 0.258256 7.39549
      vertex 0 -0.258256 7.39549
      vertex 0 0.258256 7.39549
    endloop
  endfacet
  facet normal 0 -0.342026 -0.939691
    outer loop
      vertex 0 2.28673 7.03782
      vertex 68 2.77209 6.86116
      vertex 68 2.28673 7.03782
    endloop
  endfacet
  facet normal -0 -0.342026 -0.939691
    outer loop
      vertex 68 2.77209 6.86116
      vertex 0 2.28673 7.03782
      vertex 0 2.77209 6.86116
    endloop
  endfacet
  facet normal 0 -0.207916 -0.978147
    outer loop
      vertex 0 1.285 7.28758
      vertex 68 1.79022 7.18019
      vertex 68 1.285 7.28758
    endloop
  endfacet
  facet normal -0 -0.207916 -0.978147
    outer loop
      vertex 68 1.79022 7.18019
      vertex 0 1.285 7.28758
      vertex 0 1.79022 7.18019
    endloop
  endfacet
  facet normal 0 -0.406728 -0.913549
    outer loop
      vertex 0 2.77209 6.86116
      vertex 68 3.24395 6.65108
      vertex 68 2.77209 6.86116
    endloop
  endfacet
  facet normal -0 -0.406728 -0.913549
    outer loop
      vertex 68 3.24395 6.65108
      vertex 0 2.77209 6.86116
      vertex 0 3.24395 6.65108
    endloop
  endfacet
  facet normal 0 -0.587794 -0.809011
    outer loop
      vertex 0 4.13803 6.13488
      vertex 68 4.55589 5.83128
      vertex 68 4.13803 6.13488
    endloop
  endfacet
  facet normal -0 -0.587794 -0.809011
    outer loop
      vertex 68 4.55589 5.83128
      vertex 0 4.13803 6.13488
      vertex 0 4.55589 5.83128
    endloop
  endfacet
  facet normal 0 0.999391 -0.0349072
    outer loop
      vertex 11.1562 -7.4 0
      vertex 0 -7.38197 0.516197
      vertex 11.1619 -7.38197 0.516197
    endloop
  endfacet
  facet normal 0 0.999391 -0.0349072
    outer loop
      vertex 0 -7.38197 0.516197
      vertex 11.1562 -7.4 0
      vertex 0 -7.4 0
    endloop
  endfacet
  facet normal 0 0.999391 -0.0349072
    outer loop
      vertex 36.8438 -7.4 0
      vertex 68 -7.38197 0.516197
      vertex 68 -7.4 0
    endloop
  endfacet
  facet normal 0 0.999391 -0.0349072
    outer loop
      vertex 68 -7.38197 0.516197
      vertex 36.8438 -7.4 0
      vertex 36.8381 -7.38197 0.516197
    endloop
  endfacet
  facet normal 0 0.866029 -0.499993
    outer loop
      vertex 11.4269 -6.53381 3.47409
      vertex 0 -6.27556 3.9214
      vertex 11.5076 -6.27556 3.9214
    endloop
  endfacet
  facet normal 0 0.866029 -0.499993
    outer loop
      vertex 0 -6.27556 3.9214
      vertex 11.4269 -6.53381 3.47409
      vertex 0 -6.53381 3.47409
    endloop
  endfacet
  facet normal 0 0.866029 -0.499993
    outer loop
      vertex 36.5731 -6.53381 3.47409
      vertex 68 -6.27556 3.9214
      vertex 68 -6.53381 3.47409
    endloop
  endfacet
  facet normal 0 0.866029 -0.499993
    outer loop
      vertex 68 -6.27556 3.9214
      vertex 36.5731 -6.53381 3.47409
      vertex 36.4924 -6.27556 3.9214
    endloop
  endfacet
  facet normal 0 0.89879 -0.438379
    outer loop
      vertex 11.3562 -6.76024 3.00985
      vertex 0 -6.53381 3.47409
      vertex 11.4269 -6.53381 3.47409
    endloop
  endfacet
  facet normal 0 0.89879 -0.438379
    outer loop
      vertex 0 -6.53381 3.47409
      vertex 11.3562 -6.76024 3.00985
      vertex 0 -6.76024 3.00985
    endloop
  endfacet
  facet normal 0 0.89879 -0.438379
    outer loop
      vertex 36.6438 -6.76024 3.00985
      vertex 68 -6.53381 3.47409
      vertex 68 -6.76024 3.00985
    endloop
  endfacet
  facet normal 0 0.89879 -0.438379
    outer loop
      vertex 68 -6.53381 3.47409
      vertex 36.6438 -6.76024 3.00985
      vertex 36.5731 -6.53381 3.47409
    endloop
  endfacet
  facet normal 0 0.788019 -0.615651
    outer loop
      vertex 11.5979 -5.98672 4.34961
      vertex 0 -5.66873 4.75663
      vertex 11.6973 -5.66873 4.75663
    endloop
  endfacet
  facet normal 0 0.788019 -0.615651
    outer loop
      vertex 0 -5.66873 4.75663
      vertex 11.5979 -5.98672 4.34961
      vertex 0 -5.98672 4.34961
    endloop
  endfacet
  facet normal 0 0.788019 -0.615651
    outer loop
      vertex 36.4021 -5.98672 4.34961
      vertex 68 -5.66873 4.75663
      vertex 68 -5.98672 4.34961
    endloop
  endfacet
  facet normal 0 0.788019 -0.615651
    outer loop
      vertex 68 -5.66873 4.75663
      vertex 36.4021 -5.98672 4.34961
      vertex 36.3027 -5.66873 4.75663
    endloop
  endfacet
  facet normal 0 0.139163 -0.990269
    outer loop
      vertex 0 -1.285 7.28758
      vertex 68 -0.77351 7.35946
      vertex 68 -1.285 7.28758
    endloop
  endfacet
  facet normal 0 0.139163 -0.990269
    outer loop
      vertex 68 -0.77351 7.35946
      vertex 0 -1.285 7.28758
      vertex 0 -0.77351 7.35946
    endloop
  endfacet
  facet normal 0 0.406728 -0.913549
    outer loop
      vertex 0 -2.77209 6.86116
      vertex 12.4924 -3.24395 6.65108
      vertex 0 -3.24395 6.65108
    endloop
  endfacet
  facet normal -1.55186e-05 0.406385 -0.913702
    outer loop
      vertex 12.4924 -3.24395 6.65108
      vertex 0 -2.77209 6.86116
      vertex 12.4957 -3.23689 6.65422
    endloop
  endfacet
  facet normal -3.04248e-07 0.406726 -0.91355
    outer loop
      vertex 12.4957 -3.23689 6.65422
      vertex 0 -2.77209 6.86116
      vertex 12.6897 -2.98007 6.76856
    endloop
  endfacet
  facet normal 0 0.406742 -0.913543
    outer loop
      vertex 12.6897 -2.98007 6.76856
      vertex 0 -2.77209 6.86116
      vertex 12.9171 -2.77209 6.86116
    endloop
  endfacet
  facet normal 0 0.406728 -0.913549
    outer loop
      vertex 35.5076 -3.24395 6.65108
      vertex 68 -2.77209 6.86116
      vertex 68 -3.24395 6.65108
    endloop
  endfacet
  facet normal 6.03087e-06 0.406381 -0.913704
    outer loop
      vertex 35.5043 -3.23689 6.65422
      vertex 68 -2.77209 6.86116
      vertex 35.5076 -3.24395 6.65108
    endloop
  endfacet
  facet normal 1.18995e-07 0.406726 -0.91355
    outer loop
      vertex 35.3103 -2.98007 6.76856
      vertex 68 -2.77209 6.86116
      vertex 35.5043 -3.23689 6.65422
    endloop
  endfacet
  facet normal 0 0.406742 -0.913543
    outer loop
      vertex 68 -2.77209 6.86116
      vertex 35.3103 -2.98007 6.76856
      vertex 35.0829 -2.77209 6.86116
    endloop
  endfacet
  facet normal 0 0.642782 -0.766049
    outer loop
      vertex 0 -4.55589 5.83128
      vertex 11.9214 -4.95157 5.49927
      vertex 0 -4.95157 5.49927
    endloop
  endfacet
  facet normal 0 0.642782 -0.766049
    outer loop
      vertex 11.9214 -4.95157 5.49927
      vertex 0 -4.55589 5.83128
      vertex 12.045 -4.55589 5.83128
    endloop
  endfacet
  facet normal 0 0.642782 -0.766049
    outer loop
      vertex 36.0786 -4.95157 5.49927
      vertex 68 -4.55589 5.83128
      vertex 68 -4.95157 5.49927
    endloop
  endfacet
  facet normal 0 0.642782 -0.766049
    outer loop
      vertex 68 -4.55589 5.83128
      vertex 36.0786 -4.95157 5.49927
      vertex 35.955 -4.55589 5.83128
    endloop
  endfacet
  facet normal 0 0.694666 -0.719332
    outer loop
      vertex 0 -4.95157 5.49927
      vertex 11.8053 -5.32311 5.14047
      vertex 0 -5.32311 5.14047
    endloop
  endfacet
  facet normal 0 0.694666 -0.719332
    outer loop
      vertex 11.8053 -5.32311 5.14047
      vertex 0 -4.95157 5.49927
      vertex 11.9214 -4.95157 5.49927
    endloop
  endfacet
  facet normal 0 0.694666 -0.719332
    outer loop
      vertex 36.1947 -5.32311 5.14047
      vertex 68 -4.95157 5.49927
      vertex 68 -5.32311 5.14047
    endloop
  endfacet
  facet normal 0 0.694666 -0.719332
    outer loop
      vertex 68 -4.95157 5.49927
      vertex 36.1947 -5.32311 5.14047
      vertex 36.0786 -4.95157 5.49927
    endloop
  endfacet
  facet normal 1 0 0
    outer loop
      vertex 0 2.97433 0.391578
      vertex 0 7.38197 0.516197
      vertex 0 7.32798 1.02988
    endloop
  endfacet
  facet normal 1 0 0
    outer loop
      vertex 0 2.97433 0.391578
      vertex 0 7.32798 1.02988
      vertex 0 7.23829 1.53855
    endloop
  endfacet
  facet normal 1 0 0
    outer loop
      vertex 0 2.89778 0.776457
      vertex 0 7.23829 1.53855
      vertex 0 7.11334 2.03972
    endloop
  endfacet
  facet normal 1 0 0
    outer loop
      vertex 0 2.89778 0.776457
      vertex 0 7.11334 2.03972
      vertex 0 6.95372 2.53095
    endloop
  endfacet
  facet normal 1 0 0
    outer loop
      vertex 0 2.77164 1.14805
      vertex 0 6.95372 2.53095
      vertex 0 6.76024 3.00985
    endloop
  endfacet
  facet normal 1 0 0
    outer loop
      vertex 0 2.77164 1.14805
      vertex 0 6.76024 3.00985
      vertex 0 6.53381 3.47409
    endloop
  endfacet
  facet normal 1 0 0
    outer loop
      vertex 0 2.59808 1.5
      vertex 0 6.53381 3.47409
      vertex 0 6.27556 3.9214
    endloop
  endfacet
  facet normal 1 0 0
    outer loop
      vertex 0 2.38006 1.82628
      vertex 0 6.27556 3.9214
      vertex 0 5.98672 4.34961
    endloop
  endfacet
  facet normal 1 0 0
    outer loop
      vertex 0 2.38006 1.82628
      vertex 0 5.98672 4.34961
      vertex 0 5.66873 4.75663
    endloop
  endfacet
  facet normal 1 0 0
    outer loop
      vertex 0 2.12132 2.12132
      vertex 0 5.66873 4.75663
      vertex 0 5.32311 5.14047
    endloop
  endfacet
  facet normal 1 0 0
    outer loop
      vertex 0 2.12132 2.12132
      vertex 0 5.32311 5.14047
      vertex 0 4.95157 5.49927
    endloop
  endfacet
  facet normal 1 0 0
    outer loop
      vertex 0 1.82628 2.38006
      vertex 0 4.95157 5.49927
      vertex 0 4.55589 5.83128
    endloop
  endfacet
  facet normal 1 0 0
    outer loop
      vertex 0 1.82628 2.38006
      vertex 0 4.55589 5.83128
      vertex 0 4.13803 6.13488
    endloop
  endfacet
  facet normal 1 0 0
    outer loop
      vertex 0 1.5 2.59808
      vertex 0 4.13803 6.13488
      vertex 0 3.7 6.40859
    endloop
  endfacet
  facet normal 1 0 0
    outer loop
      vertex 0 1.5 2.59808
      vertex 0 3.7 6.40859
      vertex 0 3.24395 6.65108
    endloop
  endfacet
  facet normal 1 0 0
    outer loop
      vertex 0 6.53381 3.47409
      vertex 0 2.59808 1.5
      vertex 0 2.77164 1.14805
    endloop
  endfacet
  facet normal 1 0 0
    outer loop
      vertex 0 7.38197 0.516197
      vertex 0 3 0
      vertex 0 7.4 0
    endloop
  endfacet
  facet normal 1 0 -0
    outer loop
      vertex 0 3 0
      vertex 0 7.38197 0.516197
      vertex 0 2.97433 0.391578
    endloop
  endfacet
  facet normal 1 0 0
    outer loop
      vertex 0 1.14805 2.77164
      vertex 0 3.24395 6.65108
      vertex 0 2.77209 6.86116
    endloop
  endfacet
  facet normal 1 0 0
    outer loop
      vertex 0 7.23829 1.53855
      vertex 0 2.89778 0.776457
      vertex 0 2.97433 0.391578
    endloop
  endfacet
  facet normal 1 0 0
    outer loop
      vertex 0 6.95372 2.53095
      vertex 0 2.77164 1.14805
      vertex 0 2.89778 0.776457
    endloop
  endfacet
  facet normal 1 0 0
    outer loop
      vertex 0 6.27556 3.9214
      vertex 0 2.38006 1.82628
      vertex 0 2.59808 1.5
    endloop
  endfacet
  facet normal 1 0 0
    outer loop
      vertex 0 1.14805 2.77164
      vertex 0 2.77209 6.86116
      vertex 0 2.28673 7.03782
    endloop
  endfacet
  facet normal 1 0 0
    outer loop
      vertex 0 5.66873 4.75663
      vertex 0 2.12132 2.12132
      vertex 0 2.38006 1.82628
    endloop
  endfacet
  facet normal 1 0 0
    outer loop
      vertex 0 4.95157 5.49927
      vertex 0 1.82628 2.38006
      vertex 0 2.12132 2.12132
    endloop
  endfacet
  facet normal 1 0 0
    outer loop
      vertex 0 0.776457 2.89778
      vertex 0 2.28673 7.03782
      vertex 0 1.79022 7.18019
    endloop
  endfacet
  facet normal 1 0 0
    outer loop
      vertex 0 4.13803 6.13488
      vertex 0 1.5 2.59808
      vertex 0 1.82628 2.38006
    endloop
  endfacet
  facet normal 1 0 0
    outer loop
      vertex 0 0.776457 2.89778
      vertex 0 1.79022 7.18019
      vertex 0 1.285 7.28758
    endloop
  endfacet
  facet normal 1 0 0
    outer loop
      vertex 0 3.24395 6.65108
      vertex 0 1.14805 2.77164
      vertex 0 1.5 2.59808
    endloop
  endfacet
  facet normal 1 0 0
    outer loop
      vertex 0 2.28673 7.03782
      vertex 0 0.776457 2.89778
      vertex 0 1.14805 2.77164
    endloop
  endfacet
  facet normal 1 0 0
    outer loop
      vertex 0 0.391578 2.97433
      vertex 0 1.285 7.28758
      vertex 0 0.77351 7.35946
    endloop
  endfacet
  facet normal 1 0 0
    outer loop
      vertex 0 1.285 7.28758
      vertex 0 0.391578 2.97433
      vertex 0 0.776457 2.89778
    endloop
  endfacet
  facet normal 1 0 0
    outer loop
      vertex 0 0.258256 7.39549
      vertex 0 0.391578 2.97433
      vertex 0 0.77351 7.35946
    endloop
  endfacet
  facet normal 1 0 0
    outer loop
      vertex 0 0.258256 7.39549
      vertex 0 0 3
      vertex 0 0.391578 2.97433
    endloop
  endfacet
  facet normal 1 -0 0
    outer loop
      vertex 0 -0.258256 7.39549
      vertex 0 0 3
      vertex 0 0.258256 7.39549
    endloop
  endfacet
  facet normal 1 0 0
    outer loop
      vertex 0 -0.258256 7.39549
      vertex 0 -0.391578 2.97433
      vertex 0 0 3
    endloop
  endfacet
  facet normal 1 -0 0
    outer loop
      vertex 0 -0.77351 7.35946
      vertex 0 -0.391578 2.97433
      vertex 0 -0.258256 7.39549
    endloop
  endfacet
  facet normal 1 -0 0
    outer loop
      vertex 0 -1.285 7.28758
      vertex 0 -0.391578 2.97433
      vertex 0 -0.77351 7.35946
    endloop
  endfacet
  facet normal 1 0 0
    outer loop
      vertex 0 -0.391578 2.97433
      vertex 0 -1.285 7.28758
      vertex 0 -0.776457 2.89778
    endloop
  endfacet
  facet normal 1 -0 0
    outer loop
      vertex 0 -1.79022 7.18019
      vertex 0 -0.776457 2.89778
      vertex 0 -1.285 7.28758
    endloop
  endfacet
  facet normal 1 -0 0
    outer loop
      vertex 0 -2.28673 7.03782
      vertex 0 -0.776457 2.89778
      vertex 0 -1.79022 7.18019
    endloop
  endfacet
  facet normal 1 0 0
    outer loop
      vertex 0 -0.776457 2.89778
      vertex 0 -2.28673 7.03782
      vertex 0 -1.14805 2.77164
    endloop
  endfacet
  facet normal 1 -0 0
    outer loop
      vertex 0 -2.77209 6.86116
      vertex 0 -1.14805 2.77164
      vertex 0 -2.28673 7.03782
    endloop
  endfacet
  facet normal 1 -0 0
    outer loop
      vertex 0 -3.24395 6.65108
      vertex 0 -1.14805 2.77164
      vertex 0 -2.77209 6.86116
    endloop
  endfacet
  facet normal 1 0 0
    outer loop
      vertex 0 -1.14805 2.77164
      vertex 0 -3.24395 6.65108
      vertex 0 -1.5 2.59808
    endloop
  endfacet
  facet normal 1 -0 0
    outer loop
      vertex 0 -3.7 6.40859
      vertex 0 -1.5 2.59808
      vertex 0 -3.24395 6.65108
    endloop
  endfacet
  facet normal 1 -0 0
    outer loop
      vertex 0 -4.13803 6.13488
      vertex 0 -1.5 2.59808
      vertex 0 -3.7 6.40859
    endloop
  endfacet
  facet normal 1 0 0
    outer loop
      vertex 0 -1.5 2.59808
      vertex 0 -4.13803 6.13488
      vertex 0 -1.82628 2.38006
    endloop
  endfacet
  facet normal 1 -0 0
    outer loop
      vertex 0 -4.55589 5.83128
      vertex 0 -1.82628 2.38006
      vertex 0 -4.13803 6.13488
    endloop
  endfacet
  facet normal 1 -0 0
    outer loop
      vertex 0 -4.95157 5.49927
      vertex 0 -1.82628 2.38006
      vertex 0 -4.55589 5.83128
    endloop
  endfacet
  facet normal 1 0 0
    outer loop
      vertex 0 -1.82628 2.38006
      vertex 0 -4.95157 5.49927
      vertex 0 -2.12132 2.12132
    endloop
  endfacet
  facet normal 1 -0 0
    outer loop
      vertex 0 -5.32311 5.14047
      vertex 0 -2.12132 2.12132
      vertex 0 -4.95157 5.49927
    endloop
  endfacet
  facet normal 1 -0 0
    outer loop
      vertex 0 -5.66873 4.75663
      vertex 0 -2.12132 2.12132
      vertex 0 -5.32311 5.14047
    endloop
  endfacet
  facet normal 1 0 0
    outer loop
      vertex 0 -2.12132 2.12132
      vertex 0 -5.66873 4.75663
      vertex 0 -2.38006 1.82628
    endloop
  endfacet
  facet normal 1 -0 0
    outer loop
      vertex 0 -5.98672 4.34961
      vertex 0 -2.38006 1.82628
      vertex 0 -5.66873 4.75663
    endloop
  endfacet
  facet normal 1 -0 0
    outer loop
      vertex 0 -6.27556 3.9214
      vertex 0 -2.38006 1.82628
      vertex 0 -5.98672 4.34961
    endloop
  endfacet
  facet normal 1 0 0
    outer loop
      vertex 0 -2.38006 1.82628
      vertex 0 -6.27556 3.9214
      vertex 0 -2.59808 1.5
    endloop
  endfacet
  facet normal 1 -0 0
    outer loop
      vertex 0 -6.53381 3.47409
      vertex 0 -2.59808 1.5
      vertex 0 -6.27556 3.9214
    endloop
  endfacet
  facet normal 1 0 0
    outer loop
      vertex 0 -2.59808 1.5
      vertex 0 -6.53381 3.47409
      vertex 0 -2.77164 1.14805
    endloop
  endfacet
  facet normal 1 -0 0
    outer loop
      vertex 0 -6.76024 3.00985
      vertex 0 -2.77164 1.14805
      vertex 0 -6.53381 3.47409
    endloop
  endfacet
  facet normal 1 -0 0
    outer loop
      vertex 0 -6.95372 2.53095
      vertex 0 -2.77164 1.14805
      vertex 0 -6.76024 3.00985
    endloop
  endfacet
  facet normal 1 0 0
    outer loop
      vertex 0 -2.77164 1.14805
      vertex 0 -6.95372 2.53095
      vertex 0 -2.89778 0.776457
    endloop
  endfacet
  facet normal 1 -0 0
    outer loop
      vertex 0 -7.11334 2.03972
      vertex 0 -2.89778 0.776457
      vertex 0 -6.95372 2.53095
    endloop
  endfacet
  facet normal 1 -0 0
    outer loop
      vertex 0 -7.23829 1.53855
      vertex 0 -2.89778 0.776457
      vertex 0 -7.11334 2.03972
    endloop
  endfacet
  facet normal 1 0 0
    outer loop
      vertex 0 -2.89778 0.776457
      vertex 0 -7.23829 1.53855
      vertex 0 -2.97433 0.391578
    endloop
  endfacet
  facet normal 1 -0 0
    outer loop
      vertex 0 -7.32798 1.02988
      vertex 0 -2.97433 0.391578
      vertex 0 -7.23829 1.53855
    endloop
  endfacet
  facet normal 1 -0 0
    outer loop
      vertex 0 -7.38197 0.516197
      vertex 0 -2.97433 0.391578
      vertex 0 -7.32798 1.02988
    endloop
  endfacet
  facet normal 1 0 0
    outer loop
      vertex 0 -2.97433 0.391578
      vertex 0 -7.38197 0.516197
      vertex 0 -3 0
    endloop
  endfacet
  facet normal 1 0 0
    outer loop
      vertex 0 -3 0
      vertex 0 -7.38197 0.516197
      vertex 0 -7.4 0
    endloop
  endfacet
  facet normal 0 -0.970298 -0.241911
    outer loop
      vertex 0 7.23829 1.53855
      vertex 53 7.11334 2.03972
      vertex 0 7.11334 2.03972
    endloop
  endfacet
  facet normal 0 -0.970298 -0.241911
    outer loop
      vertex 53 7.11334 2.03972
      vertex 0 7.23829 1.53855
      vertex 53 7.23829 1.53855
    endloop
  endfacet
  facet normal 0 -0.970298 -0.241911
    outer loop
      vertex 67 7.23829 1.53855
      vertex 68 7.11334 2.03972
      vertex 67 7.11334 2.03972
    endloop
  endfacet
  facet normal 0 -0.970298 -0.241911
    outer loop
      vertex 68 7.11334 2.03972
      vertex 67 7.23829 1.53855
      vertex 68 7.23829 1.53855
    endloop
  endfacet
  facet normal 0 -0.866029 -0.499993
    outer loop
      vertex 0 6.53381 3.47409
      vertex 53 6.27556 3.9214
      vertex 0 6.27556 3.9214
    endloop
  endfacet
  facet normal 0 -0.866029 -0.499993
    outer loop
      vertex 53 6.27556 3.9214
      vertex 0 6.53381 3.47409
      vertex 53 6.53381 3.47409
    endloop
  endfacet
  facet normal 0 -0.866029 -0.499993
    outer loop
      vertex 67 6.53381 3.47409
      vertex 68 6.27556 3.9214
      vertex 67 6.27556 3.9214
    endloop
  endfacet
  facet normal 0 -0.866029 -0.499993
    outer loop
      vertex 68 6.27556 3.9214
      vertex 67 6.53381 3.47409
      vertex 68 6.53381 3.47409
    endloop
  endfacet
  facet normal 0 -0.275634 -0.961263
    outer loop
      vertex 0 1.79022 7.18019
      vertex 68 2.28673 7.03782
      vertex 68 1.79022 7.18019
    endloop
  endfacet
  facet normal -0 -0.275634 -0.961263
    outer loop
      vertex 68 2.28673 7.03782
      vertex 0 1.79022 7.18019
      vertex 0 2.28673 7.03782
    endloop
  endfacet
  facet normal 0 -0.529917 -0.848049
    outer loop
      vertex 0 3.7 6.40859
      vertex 68 4.13803 6.13488
      vertex 68 3.7 6.40859
    endloop
  endfacet
  facet normal -0 -0.529917 -0.848049
    outer loop
      vertex 68 4.13803 6.13488
      vertex 0 3.7 6.40859
      vertex 0 4.13803 6.13488
    endloop
  endfacet
  facet normal 0 0.994522 -0.104528
    outer loop
      vertex 11.1619 -7.38197 0.516197
      vertex 0 -7.32798 1.02988
      vertex 11.1788 -7.32798 1.02988
    endloop
  endfacet
  facet normal 0 0.994522 -0.104528
    outer loop
      vertex 0 -7.32798 1.02988
      vertex 11.1619 -7.38197 0.516197
      vertex 0 -7.38197 0.516197
    endloop
  endfacet
  facet normal 0 0.994522 -0.104528
    outer loop
      vertex 36.8381 -7.38197 0.516197
      vertex 68 -7.32798 1.02988
      vertex 68 -7.38197 0.516197
    endloop
  endfacet
  facet normal 0 0.994522 -0.104528
    outer loop
      vertex 68 -7.32798 1.02988
      vertex 36.8381 -7.38197 0.516197
      vertex 36.8212 -7.32798 1.02988
    endloop
  endfacet
  facet normal 0 -0.998176 -0.0603767
    outer loop
      vertex 68 3.3 0
      vertex 71.6 3.27594 0.397771
      vertex 68 3.27594 0.397771
    endloop
  endfacet
  facet normal 0 -0.998176 -0.0603767
    outer loop
      vertex 71.6 3.27594 0.397771
      vertex 68 3.3 0
      vertex 71.6 3.3 0
    endloop
  endfacet
  facet normal 0 0.998176 -0.0603767
    outer loop
      vertex 71.6 -3.3 0
      vertex 68 -3.27594 0.397771
      vertex 71.6 -3.27594 0.397771
    endloop
  endfacet
  facet normal 0 0.998176 -0.0603767
    outer loop
      vertex 68 -3.27594 0.397771
      vertex 71.6 -3.3 0
      vertex 68 -3.3 0
    endloop
  endfacet
  facet normal 0 0.0603767 -0.998176
    outer loop
      vertex 68 -0.397771 3.27594
      vertex 71.6 0 3.3
      vertex 71.6 -0.397771 3.27594
    endloop
  endfacet
  facet normal 0 0.0603767 -0.998176
    outer loop
      vertex 71.6 0 3.3
      vertex 68 -0.397771 3.27594
      vertex 68 0 3.3
    endloop
  endfacet
  facet normal 0 0.707107 -0.707107
    outer loop
      vertex 71.6 -2.47009 2.1883
      vertex 68 -2.1883 2.47009
      vertex 71.6 -2.1883 2.47009
    endloop
  endfacet
  facet normal 0 0.707107 -0.707107
    outer loop
      vertex 68 -2.1883 2.47009
      vertex 71.6 -2.47009 2.1883
      vertex 68 -2.47009 2.1883
    endloop
  endfacet
  facet normal 0 0.410416 -0.911898
    outer loop
      vertex 68 -1.53359 2.922
      vertex 71.6 -1.1702 3.08555
      vertex 71.6 -1.53359 2.922
    endloop
  endfacet
  facet normal 0 0.410416 -0.911898
    outer loop
      vertex 71.6 -1.1702 3.08555
      vertex 68 -1.53359 2.922
      vertex 68 -1.1702 3.08555
    endloop
  endfacet
  facet normal 0 -0.616718 -0.787184
    outer loop
      vertex 68 1.87461 2.71585
      vertex 71.6 2.1883 2.47009
      vertex 71.6 1.87461 2.71585
    endloop
  endfacet
  facet normal -0 -0.616718 -0.787184
    outer loop
      vertex 71.6 2.1883 2.47009
      vertex 68 1.87461 2.71585
      vertex 68 2.1883 2.47009
    endloop
  endfacet
  facet normal 0 0.911898 -0.410416
    outer loop
      vertex 71.6 -3.08555 1.1702
      vertex 68 -2.922 1.53359
      vertex 71.6 -2.922 1.53359
    endloop
  endfacet
  facet normal 0 0.911898 -0.410416
    outer loop
      vertex 68 -2.922 1.53359
      vertex 71.6 -3.08555 1.1702
      vertex 68 -3.08555 1.1702
    endloop
  endfacet
  facet normal 0 0.855785 -0.517331
    outer loop
      vertex 71.6 -2.922 1.53359
      vertex 68 -2.71585 1.87461
      vertex 71.6 -2.71585 1.87461
    endloop
  endfacet
  facet normal 0 0.855785 -0.517331
    outer loop
      vertex 68 -2.71585 1.87461
      vertex 71.6 -2.922 1.53359
      vertex 68 -2.922 1.53359
    endloop
  endfacet
  facet normal 0 0.983621 -0.180252
    outer loop
      vertex 71.6 -3.27594 0.397771
      vertex 68 -3.20411 0.789742
      vertex 71.6 -3.20411 0.789742
    endloop
  endfacet
  facet normal 0 0.983621 -0.180252
    outer loop
      vertex 68 -3.20411 0.789742
      vertex 71.6 -3.27594 0.397771
      vertex 68 -3.27594 0.397771
    endloop
  endfacet
  facet normal 0 0.616718 -0.787184
    outer loop
      vertex 68 -2.1883 2.47009
      vertex 71.6 -1.87461 2.71585
      vertex 71.6 -2.1883 2.47009
    endloop
  endfacet
  facet normal 0 0.616718 -0.787184
    outer loop
      vertex 71.6 -1.87461 2.71585
      vertex 68 -2.1883 2.47009
      vertex 68 -1.87461 2.71585
    endloop
  endfacet
  facet normal 0 0.180252 -0.983621
    outer loop
      vertex 68 -0.789742 3.20411
      vertex 71.6 -0.397771 3.27594
      vertex 71.6 -0.789742 3.20411
    endloop
  endfacet
  facet normal 0 0.180252 -0.983621
    outer loop
      vertex 71.6 -0.397771 3.27594
      vertex 68 -0.789742 3.20411
      vertex 68 -0.397771 3.27594
    endloop
  endfacet
  facet normal 0 -0.983621 -0.180252
    outer loop
      vertex 68 3.27594 0.397771
      vertex 71.6 3.20411 0.789742
      vertex 68 3.20411 0.789742
    endloop
  endfacet
  facet normal 0 -0.983621 -0.180252
    outer loop
      vertex 71.6 3.20411 0.789742
      vertex 68 3.27594 0.397771
      vertex 71.6 3.27594 0.397771
    endloop
  endfacet
  facet normal 0 -0.911898 -0.410416
    outer loop
      vertex 68 3.08555 1.1702
      vertex 71.6 2.922 1.53359
      vertex 68 2.922 1.53359
    endloop
  endfacet
  facet normal 0 -0.911898 -0.410416
    outer loop
      vertex 71.6 2.922 1.53359
      vertex 68 3.08555 1.1702
      vertex 71.6 3.08555 1.1702
    endloop
  endfacet
  facet normal 0 -0.707107 -0.707107
    outer loop
      vertex 68 2.47009 2.1883
      vertex 71.6 2.1883 2.47009
      vertex 68 2.1883 2.47009
    endloop
  endfacet
  facet normal 0 -0.707107 -0.707107
    outer loop
      vertex 71.6 2.1883 2.47009
      vertex 68 2.47009 2.1883
      vertex 71.6 2.47009 2.1883
    endloop
  endfacet
  facet normal 0 -0.855785 -0.517331
    outer loop
      vertex 68 2.922 1.53359
      vertex 71.6 2.71585 1.87461
      vertex 68 2.71585 1.87461
    endloop
  endfacet
  facet normal 0 -0.855785 -0.517331
    outer loop
      vertex 71.6 2.71585 1.87461
      vertex 68 2.922 1.53359
      vertex 71.6 2.922 1.53359
    endloop
  endfacet
  facet normal 0 -0.0603767 -0.998176
    outer loop
      vertex 68 0 3.3
      vertex 71.6 0.397771 3.27594
      vertex 71.6 0 3.3
    endloop
  endfacet
  facet normal -0 -0.0603767 -0.998176
    outer loop
      vertex 71.6 0.397771 3.27594
      vertex 68 0 3.3
      vertex 68 0.397771 3.27594
    endloop
  endfacet
  facet normal 0 -0.297513 -0.954718
    outer loop
      vertex 68 0.789742 3.20411
      vertex 71.6 1.1702 3.08555
      vertex 71.6 0.789742 3.20411
    endloop
  endfacet
  facet normal -0 -0.297513 -0.954718
    outer loop
      vertex 71.6 1.1702 3.08555
      vertex 68 0.789742 3.20411
      vertex 68 1.1702 3.08555
    endloop
  endfacet
  facet normal 0 -0.180252 -0.983621
    outer loop
      vertex 68 0.397771 3.27594
      vertex 71.6 0.789742 3.20411
      vertex 71.6 0.397771 3.27594
    endloop
  endfacet
  facet normal -0 -0.180252 -0.983621
    outer loop
      vertex 71.6 0.789742 3.20411
      vertex 68 0.397771 3.27594
      vertex 68 0.789742 3.20411
    endloop
  endfacet
  facet normal 0 -0.410416 -0.911898
    outer loop
      vertex 68 1.1702 3.08555
      vertex 71.6 1.53359 2.922
      vertex 71.6 1.1702 3.08555
    endloop
  endfacet
  facet normal -0 -0.410416 -0.911898
    outer loop
      vertex 71.6 1.53359 2.922
      vertex 68 1.1702 3.08555
      vertex 68 1.53359 2.922
    endloop
  endfacet
  facet normal 0 -0.517331 -0.855785
    outer loop
      vertex 68 1.53359 2.922
      vertex 71.6 1.87461 2.71585
      vertex 71.6 1.53359 2.922
    endloop
  endfacet
  facet normal -0 -0.517331 -0.855785
    outer loop
      vertex 71.6 1.87461 2.71585
      vertex 68 1.53359 2.922
      vertex 68 1.87461 2.71585
    endloop
  endfacet
  facet normal 0 0.787184 -0.616718
    outer loop
      vertex 71.6 -2.71585 1.87461
      vertex 68 -2.47009 2.1883
      vertex 71.6 -2.47009 2.1883
    endloop
  endfacet
  facet normal 0 0.787184 -0.616718
    outer loop
      vertex 68 -2.47009 2.1883
      vertex 71.6 -2.71585 1.87461
      vertex 68 -2.71585 1.87461
    endloop
  endfacet
  facet normal 0 0.954718 -0.297513
    outer loop
      vertex 71.6 -3.20411 0.789742
      vertex 68 -3.08555 1.1702
      vertex 71.6 -3.08555 1.1702
    endloop
  endfacet
  facet normal 0 0.954718 -0.297513
    outer loop
      vertex 68 -3.08555 1.1702
      vertex 71.6 -3.20411 0.789742
      vertex 68 -3.20411 0.789742
    endloop
  endfacet
  facet normal 0 0.297513 -0.954718
    outer loop
      vertex 68 -1.1702 3.08555
      vertex 71.6 -0.789742 3.20411
      vertex 71.6 -1.1702 3.08555
    endloop
  endfacet
  facet normal 0 0.297513 -0.954718
    outer loop
      vertex 71.6 -0.789742 3.20411
      vertex 68 -1.1702 3.08555
      vertex 68 -0.789742 3.20411
    endloop
  endfacet
  facet normal 0 -0.954718 -0.297513
    outer loop
      vertex 68 3.20411 0.789742
      vertex 71.6 3.08555 1.1702
      vertex 68 3.08555 1.1702
    endloop
  endfacet
  facet normal 0 -0.954718 -0.297513
    outer loop
      vertex 71.6 3.08555 1.1702
      vertex 68 3.20411 0.789742
      vertex 71.6 3.20411 0.789742
    endloop
  endfacet
  facet normal 0 -0.787184 -0.616718
    outer loop
      vertex 68 2.71585 1.87461
      vertex 71.6 2.47009 2.1883
      vertex 68 2.47009 2.1883
    endloop
  endfacet
  facet normal 0 -0.787184 -0.616718
    outer loop
      vertex 71.6 2.47009 2.1883
      vertex 68 2.71585 1.87461
      vertex 71.6 2.71585 1.87461
    endloop
  endfacet
  facet normal 0 0.517331 -0.855785
    outer loop
      vertex 68 -1.87461 2.71585
      vertex 71.6 -1.53359 2.922
      vertex 71.6 -1.87461 2.71585
    endloop
  endfacet
  facet normal 0 0.517331 -0.855785
    outer loop
      vertex 71.6 -1.53359 2.922
      vertex 68 -1.87461 2.71585
      vertex 68 -1.53359 2.922
    endloop
  endfacet
  facet normal -1 0 0
    outer loop
      vertex 71.6 3.3 0
      vertex 71.6 3.20411 0.789742
      vertex 71.6 3.27594 0.397771
    endloop
  endfacet
  facet normal -1 0 0
    outer loop
      vertex 71.6 3.3 0
      vertex 71.6 3.08555 1.1702
      vertex 71.6 3.20411 0.789742
    endloop
  endfacet
  facet normal -1 0 0
    outer loop
      vertex 71.6 3.3 0
      vertex 71.6 2.922 1.53359
      vertex 71.6 3.08555 1.1702
    endloop
  endfacet
  facet normal -1 0 0
    outer loop
      vertex 71.6 3.3 0
      vertex 71.6 2.71585 1.87461
      vertex 71.6 2.922 1.53359
    endloop
  endfacet
  facet normal -1 0 0
    outer loop
      vertex 71.6 3.3 0
      vertex 71.6 2.47009 2.1883
      vertex 71.6 2.71585 1.87461
    endloop
  endfacet
  facet normal -1 0 0
    outer loop
      vertex 71.6 3.3 0
      vertex 71.6 2.1883 2.47009
      vertex 71.6 2.47009 2.1883
    endloop
  endfacet
  facet normal -1 0 0
    outer loop
      vertex 71.6 3.3 0
      vertex 71.6 1.87461 2.71585
      vertex 71.6 2.1883 2.47009
    endloop
  endfacet
  facet normal -1 0 0
    outer loop
      vertex 71.6 3.3 0
      vertex 71.6 1.53359 2.922
      vertex 71.6 1.87461 2.71585
    endloop
  endfacet
  facet normal -1 0 0
    outer loop
      vertex 71.6 3.3 0
      vertex 71.6 1.1702 3.08555
      vertex 71.6 1.53359 2.922
    endloop
  endfacet
  facet normal -1 0 0
    outer loop
      vertex 71.6 3.3 0
      vertex 71.6 0.789742 3.20411
      vertex 71.6 1.1702 3.08555
    endloop
  endfacet
  facet normal -1 0 0
    outer loop
      vertex 71.6 3.3 0
      vertex 71.6 0.397771 3.27594
      vertex 71.6 0.789742 3.20411
    endloop
  endfacet
  facet normal -1 0 0
    outer loop
      vertex 71.6 3.3 0
      vertex 71.6 0 3.3
      vertex 71.6 0.397771 3.27594
    endloop
  endfacet
  facet normal -1 0 0
    outer loop
      vertex 71.6 3.3 0
      vertex 71.6 -0.397771 3.27594
      vertex 71.6 0 3.3
    endloop
  endfacet
  facet normal -1 0 0
    outer loop
      vertex 71.6 3.3 0
      vertex 71.6 -0.789742 3.20411
      vertex 71.6 -0.397771 3.27594
    endloop
  endfacet
  facet normal -1 0 0
    outer loop
      vertex 71.6 3.3 0
      vertex 71.6 -1.1702 3.08555
      vertex 71.6 -0.789742 3.20411
    endloop
  endfacet
  facet normal -1 0 0
    outer loop
      vertex 71.6 3.3 0
      vertex 71.6 -1.53359 2.922
      vertex 71.6 -1.1702 3.08555
    endloop
  endfacet
  facet normal -1 0 0
    outer loop
      vertex 71.6 3.3 0
      vertex 71.6 -1.87461 2.71585
      vertex 71.6 -1.53359 2.922
    endloop
  endfacet
  facet normal -1 0 0
    outer loop
      vertex 71.6 3.3 0
      vertex 71.6 -2.1883 2.47009
      vertex 71.6 -1.87461 2.71585
    endloop
  endfacet
  facet normal -1 0 0
    outer loop
      vertex 71.6 3.3 0
      vertex 71.6 -2.47009 2.1883
      vertex 71.6 -2.1883 2.47009
    endloop
  endfacet
  facet normal -1 0 0
    outer loop
      vertex 71.6 3.3 0
      vertex 71.6 -2.71585 1.87461
      vertex 71.6 -2.47009 2.1883
    endloop
  endfacet
  facet normal -1 0 0
    outer loop
      vertex 71.6 3.3 0
      vertex 71.6 -2.922 1.53359
      vertex 71.6 -2.71585 1.87461
    endloop
  endfacet
  facet normal -1 0 0
    outer loop
      vertex 71.6 3.3 0
      vertex 71.6 -3.08555 1.1702
      vertex 71.6 -2.922 1.53359
    endloop
  endfacet
  facet normal -1 0 0
    outer loop
      vertex 71.6 3.3 0
      vertex 71.6 -3.20411 0.789742
      vertex 71.6 -3.08555 1.1702
    endloop
  endfacet
  facet normal -1 0 0
    outer loop
      vertex 71.6 3.3 0
      vertex 71.6 -3.27594 0.397771
      vertex 71.6 -3.20411 0.789742
    endloop
  endfacet
  facet normal -1 0 -0
    outer loop
      vertex 71.6 -3.27594 0.397771
      vertex 71.6 3.3 0
      vertex 71.6 -3.3 0
    endloop
  endfacet
  facet normal 1 -0 0
    outer loop
      vertex 11 -21 11
      vertex 11 -7.9 0
      vertex 11 -7.9 11
    endloop
  endfacet
  facet normal 1 0 0
    outer loop
      vertex 11 -7.9 0
      vertex 11 -21 11
      vertex 11 -21 0
    endloop
  endfacet
  facet normal -0.634321 0 -0.77307
    outer loop
      vertex 36.1111 -21 12.6629
      vertex 36.4142 -7.9 12.4142
      vertex 36.4142 -21 12.4142
    endloop
  endfacet
  facet normal -0.634321 0 -0.77307
    outer loop
      vertex 36.4142 -7.9 12.4142
      vertex 36.1111 -21 12.6629
      vertex 36.1111 -7.9 12.6629
    endloop
  endfacet
  facet normal 0 0 -1
    outer loop
      vertex 13 -21 13
      vertex 35 -7.9 13
      vertex 35 -21 13
    endloop
  endfacet
  facet normal -0 0 -1
    outer loop
      vertex 35 -7.9 13
      vertex 13 -21 13
      vertex 13 -7.9 13
    endloop
  endfacet
  facet normal 0.097938 0 -0.995193
    outer loop
      vertex 12.6098 -21 12.9616
      vertex 13 -7.9 13
      vertex 13 -21 13
    endloop
  endfacet
  facet normal 0.097938 0 -0.995193
    outer loop
      vertex 13 -7.9 13
      vertex 12.6098 -21 12.9616
      vertex 12.6098 -7.9 12.9616
    endloop
  endfacet
  facet normal -1 0 0
    outer loop
      vertex 37 -21 0
      vertex 37 -7.9 11
      vertex 37 -7.9 0
    endloop
  endfacet
  facet normal -1 -0 0
    outer loop
      vertex 37 -7.9 11
      vertex 37 -21 0
      vertex 37 -21 11
    endloop
  endfacet
  facet normal -0.995193 0 -0.097938
    outer loop
      vertex 37 -21 11
      vertex 36.9616 -7.9 11.3902
      vertex 37 -7.9 11
    endloop
  endfacet
  facet normal -0.995193 -0 -0.097938
    outer loop
      vertex 36.9616 -7.9 11.3902
      vertex 37 -21 11
      vertex 36.9616 -21 11.3902
    endloop
  endfacet
  facet normal 0.634321 0 -0.77307
    outer loop
      vertex 11.5858 -21 12.4142
      vertex 11.8889 -7.9 12.6629
      vertex 11.8889 -21 12.6629
    endloop
  endfacet
  facet normal 0.634321 0 -0.77307
    outer loop
      vertex 11.8889 -7.9 12.6629
      vertex 11.5858 -21 12.4142
      vertex 11.5858 -7.9 12.4142
    endloop
  endfacet
  facet normal 0.77307 0 -0.634321
    outer loop
      vertex 11.5858 -21 12.4142
      vertex 11.3371 -7.9 12.1111
      vertex 11.5858 -7.9 12.4142
    endloop
  endfacet
  facet normal 0.77307 0 -0.634321
    outer loop
      vertex 11.3371 -7.9 12.1111
      vertex 11.5858 -21 12.4142
      vertex 11.3371 -21 12.1111
    endloop
  endfacet
  facet normal 0.290248 0 -0.956951
    outer loop
      vertex 12.2346 -21 12.8478
      vertex 12.6098 -7.9 12.9616
      vertex 12.6098 -21 12.9616
    endloop
  endfacet
  facet normal 0.290248 0 -0.956951
    outer loop
      vertex 12.6098 -7.9 12.9616
      vertex 12.2346 -21 12.8478
      vertex 12.2346 -7.9 12.8478
    endloop
  endfacet
  facet normal -0.471634 0 -0.881795
    outer loop
      vertex 35.7654 -21 12.8478
      vertex 36.1111 -7.9 12.6629
      vertex 36.1111 -21 12.6629
    endloop
  endfacet
  facet normal -0.471634 0 -0.881795
    outer loop
      vertex 36.1111 -7.9 12.6629
      vertex 35.7654 -21 12.8478
      vertex 35.7654 -7.9 12.8478
    endloop
  endfacet
  facet normal -0.097938 0 -0.995193
    outer loop
      vertex 35 -21 13
      vertex 35.3902 -7.9 12.9616
      vertex 35.3902 -21 12.9616
    endloop
  endfacet
  facet normal -0.097938 0 -0.995193
    outer loop
      vertex 35.3902 -7.9 12.9616
      vertex 35 -21 13
      vertex 35 -7.9 13
    endloop
  endfacet
  facet normal -0.290248 0 -0.956951
    outer loop
      vertex 35.3902 -21 12.9616
      vertex 35.7654 -7.9 12.8478
      vertex 35.7654 -21 12.8478
    endloop
  endfacet
  facet normal -0.290248 0 -0.956951
    outer loop
      vertex 35.7654 -7.9 12.8478
      vertex 35.3902 -21 12.9616
      vertex 35.3902 -7.9 12.9616
    endloop
  endfacet
  facet normal 0.471634 0 -0.881795
    outer loop
      vertex 11.8889 -21 12.6629
      vertex 12.2346 -7.9 12.8478
      vertex 12.2346 -21 12.8478
    endloop
  endfacet
  facet normal 0.471634 0 -0.881795
    outer loop
      vertex 12.2346 -7.9 12.8478
      vertex 11.8889 -21 12.6629
      vertex 11.8889 -7.9 12.6629
    endloop
  endfacet
  facet normal 0.881795 0 -0.471634
    outer loop
      vertex 11.3371 -21 12.1111
      vertex 11.1522 -7.9 11.7654
      vertex 11.3371 -7.9 12.1111
    endloop
  endfacet
  facet normal 0.881795 0 -0.471634
    outer loop
      vertex 11.1522 -7.9 11.7654
      vertex 11.3371 -21 12.1111
      vertex 11.1522 -21 11.7654
    endloop
  endfacet
  facet normal -0.956951 0 -0.290248
    outer loop
      vertex 36.9616 -21 11.3902
      vertex 36.8478 -7.9 11.7654
      vertex 36.9616 -7.9 11.3902
    endloop
  endfacet
  facet normal -0.956951 -0 -0.290248
    outer loop
      vertex 36.8478 -7.9 11.7654
      vertex 36.9616 -21 11.3902
      vertex 36.8478 -21 11.7654
    endloop
  endfacet
  facet normal -0.77307 0 -0.634321
    outer loop
      vertex 36.6629 -21 12.1111
      vertex 36.4142 -7.9 12.4142
      vertex 36.6629 -7.9 12.1111
    endloop
  endfacet
  facet normal -0.77307 -0 -0.634321
    outer loop
      vertex 36.4142 -7.9 12.4142
      vertex 36.6629 -21 12.1111
      vertex 36.4142 -21 12.4142
    endloop
  endfacet
  facet normal 0.995193 0 -0.097938
    outer loop
      vertex 11.0384 -21 11.3902
      vertex 11 -7.9 11
      vertex 11.0384 -7.9 11.3902
    endloop
  endfacet
  facet normal 0.995193 0 -0.097938
    outer loop
      vertex 11 -7.9 11
      vertex 11.0384 -21 11.3902
      vertex 11 -21 11
    endloop
  endfacet
  facet normal 0.956951 0 -0.290248
    outer loop
      vertex 11.1522 -21 11.7654
      vertex 11.0384 -7.9 11.3902
      vertex 11.1522 -7.9 11.7654
    endloop
  endfacet
  facet normal 0.956951 0 -0.290248
    outer loop
      vertex 11.0384 -7.9 11.3902
      vertex 11.1522 -21 11.7654
      vertex 11.0384 -21 11.3902
    endloop
  endfacet
  facet normal -0.881795 0 -0.471634
    outer loop
      vertex 36.8478 -21 11.7654
      vertex 36.6629 -7.9 12.1111
      vertex 36.8478 -7.9 11.7654
    endloop
  endfacet
  facet normal -0.881795 -0 -0.471634
    outer loop
      vertex 36.6629 -7.9 12.1111
      vertex 36.8478 -21 11.7654
      vertex 36.6629 -21 12.1111
    endloop
  endfacet
  facet normal 0.954477 -0.298284 -8.71836e-06
    outer loop
      vertex 11 -7.9 11
      vertex 12.3125 -3.7 6.40859
      vertex 12.3783 -3.48945 6.52054
    endloop
  endfacet
  facet normal 0.954474 -0.298295 -1.98172e-05
    outer loop
      vertex 11 -7.9 11
      vertex 12.1756 -4.13803 6.13488
      vertex 12.3125 -3.7 6.40859
    endloop
  endfacet
  facet normal 0.954473 -0.298299 -2.31671e-05
    outer loop
      vertex 11 -7.9 11
      vertex 12.045 -4.55589 5.83128
      vertex 12.1756 -4.13803 6.13488
    endloop
  endfacet
  facet normal 0.954503 -0.298201 4.64644e-05
    outer loop
      vertex 11 -7.9 11
      vertex 11.9214 -4.95157 5.49927
      vertex 12.045 -4.55589 5.83128
    endloop
  endfacet
  facet normal 0.954482 -0.298267 7.45734e-06
    outer loop
      vertex 11 -7.9 11
      vertex 11.8053 -5.32311 5.14047
      vertex 11.9214 -4.95157 5.49927
    endloop
  endfacet
  facet normal 0.954483 -0.298267 7.49391e-06
    outer loop
      vertex 11 -7.9 11
      vertex 11.6973 -5.66873 4.75663
      vertex 11.8053 -5.32311 5.14047
    endloop
  endfacet
  facet normal 0.954462 -0.298331 -1.77503e-05
    outer loop
      vertex 11 -7.9 11
      vertex 11.5979 -5.98672 4.34961
      vertex 11.6973 -5.66873 4.75663
    endloop
  endfacet
  facet normal 0.954455 -0.298354 -2.49911e-05
    outer loop
      vertex 11 -7.9 11
      vertex 11.5076 -6.27556 3.9214
      vertex 11.5979 -5.98672 4.34961
    endloop
  endfacet
  facet normal 0.954484 -0.298262 -1.72165e-06
    outer loop
      vertex 11 -7.9 11
      vertex 11.4269 -6.53381 3.47409
      vertex 11.5076 -6.27556 3.9214
    endloop
  endfacet
  facet normal 0.954534 -0.298103 2.99358e-05
    outer loop
      vertex 11 -7.9 11
      vertex 11.3562 -6.76024 3.00985
      vertex 11.4269 -6.53381 3.47409
    endloop
  endfacet
  facet normal 0.954439 -0.298405 -1.7295e-05
    outer loop
      vertex 11 -7.9 11
      vertex 11.2957 -6.95372 2.53095
      vertex 11.3562 -6.76024 3.00985
    endloop
  endfacet
  facet normal 0.954457 -0.298348 -1.03701e-05
    outer loop
      vertex 11 -7.9 11
      vertex 11.2458 -7.11334 2.03972
      vertex 11.2957 -6.95372 2.53095
    endloop
  endfacet
  facet normal 0.954491 -0.29824 0
    outer loop
      vertex 11 -7.9 0
      vertex 11.2458 -7.11334 2.03972
      vertex 11 -7.9 11
    endloop
  endfacet
  facet normal 0.954324 -0.298774 0.000225731
    outer loop
      vertex 11.2458 -7.11334 2.03972
      vertex 11 -7.9 0
      vertex 11.2068 -7.23829 1.53855
    endloop
  endfacet
  facet normal 0.95441 -0.298499 9.61717e-05
    outer loop
      vertex 11.2068 -7.23829 1.53855
      vertex 11 -7.9 0
      vertex 11.1788 -7.32798 1.02988
    endloop
  endfacet
  facet normal 0.954487 -0.298251 -5.49934e-05
    outer loop
      vertex 11.1788 -7.32798 1.02988
      vertex 11 -7.9 0
      vertex 11.1619 -7.38197 0.516197
    endloop
  endfacet
  facet normal 0.954507 -0.298188 -0.000124682
    outer loop
      vertex 11.1619 -7.38197 0.516197
      vertex 11 -7.9 0
      vertex 11.1562 -7.4 0
    endloop
  endfacet
  facet normal 0.452279 -0.701151 -0.551209
    outer loop
      vertex 11.5858 -7.9 12.4142
      vertex 13.6258 -2.34172 7.0178
      vertex 11.8889 -7.9 12.6629
    endloop
  endfacet
  facet normal 0.452336 -0.70114 -0.551176
    outer loop
      vertex 13.6258 -2.34172 7.0178
      vertex 11.5858 -7.9 12.4142
      vertex 13.2664 -2.522 6.95218
    endloop
  endfacet
  facet normal -0.578683 -0.663076 -0.474822
    outer loop
      vertex 34.7336 -2.522 6.95218
      vertex 36.6629 -7.9 12.1111
      vertex 36.4142 -7.9 12.4142
    endloop
  endfacet
  facet normal -0.578578 -0.663112 -0.474899
    outer loop
      vertex 36.6629 -7.9 12.1111
      vertex 34.7336 -2.522 6.95218
      vertex 35.051 -2.74168 6.87223
    endloop
  endfacet
  facet normal -0.954507 -0.298188 -0.000124682
    outer loop
      vertex 37 -7.9 0
      vertex 36.8381 -7.38197 0.516197
      vertex 36.8438 -7.4 0
    endloop
  endfacet
  facet normal -0.954487 -0.298251 -5.49934e-05
    outer loop
      vertex 37 -7.9 0
      vertex 36.8212 -7.32798 1.02988
      vertex 36.8381 -7.38197 0.516197
    endloop
  endfacet
  facet normal -0.95441 -0.298499 9.61717e-05
    outer loop
      vertex 37 -7.9 0
      vertex 36.7932 -7.23829 1.53855
      vertex 36.8212 -7.32798 1.02988
    endloop
  endfacet
  facet normal -0.954324 -0.298774 0.000225731
    outer loop
      vertex 37 -7.9 0
      vertex 36.7542 -7.11334 2.03972
      vertex 36.7932 -7.23829 1.53855
    endloop
  endfacet
  facet normal -0.954491 -0.29824 -0
    outer loop
      vertex 37 -7.9 11
      vertex 36.7542 -7.11334 2.03972
      vertex 37 -7.9 0
    endloop
  endfacet
  facet normal -0.954477 -0.298284 -8.71836e-06
    outer loop
      vertex 35.6875 -3.7 6.40859
      vertex 37 -7.9 11
      vertex 35.6217 -3.48945 6.52054
    endloop
  endfacet
  facet normal -0.954474 -0.298295 -1.98172e-05
    outer loop
      vertex 35.8244 -4.13803 6.13488
      vertex 37 -7.9 11
      vertex 35.6875 -3.7 6.40859
    endloop
  endfacet
  facet normal -0.954473 -0.298299 -2.31671e-05
    outer loop
      vertex 35.955 -4.55589 5.83128
      vertex 37 -7.9 11
      vertex 35.8244 -4.13803 6.13488
    endloop
  endfacet
  facet normal -0.954503 -0.298201 4.64644e-05
    outer loop
      vertex 36.0786 -4.95157 5.49927
      vertex 37 -7.9 11
      vertex 35.955 -4.55589 5.83128
    endloop
  endfacet
  facet normal -0.954482 -0.298267 7.45734e-06
    outer loop
      vertex 36.1947 -5.32311 5.14047
      vertex 37 -7.9 11
      vertex 36.0786 -4.95157 5.49927
    endloop
  endfacet
  facet normal -0.954483 -0.298267 7.49391e-06
    outer loop
      vertex 36.3027 -5.66873 4.75663
      vertex 37 -7.9 11
      vertex 36.1947 -5.32311 5.14047
    endloop
  endfacet
  facet normal -0.954462 -0.298331 -1.77503e-05
    outer loop
      vertex 36.4021 -5.98672 4.34961
      vertex 37 -7.9 11
      vertex 36.3027 -5.66873 4.75663
    endloop
  endfacet
  facet normal -0.954455 -0.298354 -2.49911e-05
    outer loop
      vertex 36.4924 -6.27556 3.9214
      vertex 37 -7.9 11
      vertex 36.4021 -5.98672 4.34961
    endloop
  endfacet
  facet normal -0.954484 -0.298262 -1.72165e-06
    outer loop
      vertex 36.5731 -6.53381 3.47409
      vertex 37 -7.9 11
      vertex 36.4924 -6.27556 3.9214
    endloop
  endfacet
  facet normal -0.954534 -0.298103 2.99358e-05
    outer loop
      vertex 36.6438 -6.76024 3.00985
      vertex 37 -7.9 11
      vertex 36.5731 -6.53381 3.47409
    endloop
  endfacet
  facet normal -0.954439 -0.298405 -1.7295e-05
    outer loop
      vertex 36.7043 -6.95372 2.53095
      vertex 37 -7.9 11
      vertex 36.6438 -6.76024 3.00985
    endloop
  endfacet
  facet normal -0.954457 -0.298348 -1.03701e-05
    outer loop
      vertex 36.7542 -7.11334 2.03972
      vertex 37 -7.9 11
      vertex 36.7043 -6.95372 2.53095
    endloop
  endfacet
  facet normal 0.0678357 -0.721284 -0.68931
    outer loop
      vertex 14.4174 -2.11568 7.08686
      vertex 13 -7.9 13
      vertex 12.6098 -7.9 12.9616
    endloop
  endfacet
  facet normal 0.0679108 -0.721289 -0.689297
    outer loop
      vertex 13 -7.9 13
      vertex 14.4174 -2.11568 7.08686
      vertex 14.8168 -2.08617 7.09533
    endloop
  endfacet
  facet normal 0 -0.712567 -0.701604
    outer loop
      vertex 14.8168 -2.08617 7.09533
      vertex 35 -7.9 13
      vertex 13 -7.9 13
    endloop
  endfacet
  facet normal 0 -0.712567 -0.701604
    outer loop
      vertex 35 -7.9 13
      vertex 14.8168 -2.08617 7.09533
      vertex 33.1832 -2.08617 7.09533
    endloop
  endfacet
  facet normal -0.0679108 -0.721289 -0.689297
    outer loop
      vertex 33.5826 -2.11568 7.08686
      vertex 35 -7.9 13
      vertex 33.1832 -2.08617 7.09533
    endloop
  endfacet
  facet normal -0.0678357 -0.721284 -0.68931
    outer loop
      vertex 35 -7.9 13
      vertex 33.5826 -2.11568 7.08686
      vertex 35.3902 -7.9 12.9616
    endloop
  endfacet
  facet normal -0.920656 -0.379717 -0.0905957
    outer loop
      vertex 37 -7.9 11
      vertex 35.5076 -3.24395 6.65108
      vertex 35.6217 -3.48945 6.52054
    endloop
  endfacet
  facet normal -0.917554 -0.385408 -0.0977535
    outer loop
      vertex 37 -7.9 11
      vertex 35.5043 -3.23689 6.65422
      vertex 35.5076 -3.24395 6.65108
    endloop
  endfacet
  facet normal -0.920648 -0.379736 -0.0906019
    outer loop
      vertex 35.5043 -3.23689 6.65422
      vertex 37 -7.9 11
      vertex 36.9616 -7.9 11.3902
    endloop
  endfacet
  facet normal 0.326411 -0.721814 -0.610278
    outer loop
      vertex 13.7849 -2.28673 7.03782
      vertex 12.2346 -7.9 12.8478
      vertex 11.8889 -7.9 12.6629
    endloop
  endfacet
  facet normal 0.326252 -0.721834 -0.61034
    outer loop
      vertex 12.2346 -7.9 12.8478
      vertex 13.7849 -2.28673 7.03782
      vertex 14.0149 -2.20306 7.06181
    endloop
  endfacet
  facet normal 0.326286 -0.721826 -0.610332
    outer loop
      vertex 13.7849 -2.28673 7.03782
      vertex 11.8889 -7.9 12.6629
      vertex 13.6258 -2.34172 7.0178
    endloop
  endfacet
  facet normal 0.822808 -0.510594 -0.249562
    outer loop
      vertex 11.0384 -7.9 11.3902
      vertex 12.6897 -2.98007 6.76856
      vertex 11.1522 -7.9 11.7654
    endloop
  endfacet
  facet normal 0.822877 -0.510529 -0.249468
    outer loop
      vertex 12.6897 -2.98007 6.76856
      vertex 11.0384 -7.9 11.3902
      vertex 12.4957 -3.23689 6.65422
    endloop
  endfacet
  facet normal 0.920648 -0.379736 -0.0906019
    outer loop
      vertex 11 -7.9 11
      vertex 12.4957 -3.23689 6.65422
      vertex 11.0384 -7.9 11.3902
    endloop
  endfacet
  facet normal 0.917554 -0.385408 -0.0977535
    outer loop
      vertex 12.4957 -3.23689 6.65422
      vertex 11 -7.9 11
      vertex 12.4924 -3.24395 6.65108
    endloop
  endfacet
  facet normal 0.920656 -0.379717 -0.0905957
    outer loop
      vertex 12.4924 -3.24395 6.65108
      vertex 11 -7.9 11
      vertex 12.3783 -3.48945 6.52054
    endloop
  endfacet
  facet normal 0.198915 -0.728236 -0.655824
    outer loop
      vertex 14.0149 -2.20306 7.06181
      vertex 12.6098 -7.9 12.9616
      vertex 12.2346 -7.9 12.8478
    endloop
  endfacet
  facet normal 0.198911 -0.728236 -0.655825
    outer loop
      vertex 12.6098 -7.9 12.9616
      vertex 14.0149 -2.20306 7.06181
      vertex 14.4174 -2.11568 7.08686
    endloop
  endfacet
  facet normal -0.198911 -0.728236 -0.655825
    outer loop
      vertex 33.9851 -2.20306 7.06181
      vertex 35.3902 -7.9 12.9616
      vertex 33.5826 -2.11568 7.08686
    endloop
  endfacet
  facet normal -0.198915 -0.728236 -0.655824
    outer loop
      vertex 35.3902 -7.9 12.9616
      vertex 33.9851 -2.20306 7.06181
      vertex 35.7654 -7.9 12.8478
    endloop
  endfacet
  facet normal -0.822877 -0.510529 -0.249468
    outer loop
      vertex 36.9616 -7.9 11.3902
      vertex 35.3103 -2.98007 6.76856
      vertex 35.5043 -3.23689 6.65422
    endloop
  endfacet
  facet normal -0.822808 -0.510594 -0.249562
    outer loop
      vertex 35.3103 -2.98007 6.76856
      vertex 36.9616 -7.9 11.3902
      vertex 36.8478 -7.9 11.7654
    endloop
  endfacet
  facet normal 0.578683 -0.663076 -0.474822
    outer loop
      vertex 11.3371 -7.9 12.1111
      vertex 13.2664 -2.522 6.95218
      vertex 11.5858 -7.9 12.4142
    endloop
  endfacet
  facet normal 0.578578 -0.663112 -0.474899
    outer loop
      vertex 13.2664 -2.522 6.95218
      vertex 11.3371 -7.9 12.1111
      vertex 12.949 -2.74168 6.87223
    endloop
  endfacet
  facet normal 0.703896 -0.60232 -0.376484
    outer loop
      vertex 11.1522 -7.9 11.7654
      vertex 12.949 -2.74168 6.87223
      vertex 11.3371 -7.9 12.1111
    endloop
  endfacet
  facet normal 0.704397 -0.602037 -0.376001
    outer loop
      vertex 12.949 -2.74168 6.87223
      vertex 11.1522 -7.9 11.7654
      vertex 12.9171 -2.77209 6.86116
    endloop
  endfacet
  facet normal 0.704051 -0.602235 -0.376333
    outer loop
      vertex 12.9171 -2.77209 6.86116
      vertex 11.1522 -7.9 11.7654
      vertex 12.6897 -2.98007 6.76856
    endloop
  endfacet
  facet normal -0.326252 -0.721834 -0.61034
    outer loop
      vertex 34.2151 -2.28673 7.03782
      vertex 35.7654 -7.9 12.8478
      vertex 33.9851 -2.20306 7.06181
    endloop
  endfacet
  facet normal -0.326411 -0.721814 -0.610278
    outer loop
      vertex 35.7654 -7.9 12.8478
      vertex 34.2151 -2.28673 7.03782
      vertex 36.1111 -7.9 12.6629
    endloop
  endfacet
  facet normal -0.326286 -0.721826 -0.610332
    outer loop
      vertex 36.1111 -7.9 12.6629
      vertex 34.2151 -2.28673 7.03782
      vertex 34.3742 -2.34172 7.0178
    endloop
  endfacet
  facet normal -0.452279 -0.701151 -0.551209
    outer loop
      vertex 34.3742 -2.34172 7.0178
      vertex 36.4142 -7.9 12.4142
      vertex 36.1111 -7.9 12.6629
    endloop
  endfacet
  facet normal -0.452336 -0.70114 -0.551176
    outer loop
      vertex 36.4142 -7.9 12.4142
      vertex 34.3742 -2.34172 7.0178
      vertex 34.7336 -2.522 6.95218
    endloop
  endfacet
  facet normal -0.704051 -0.602235 -0.376333
    outer loop
      vertex 36.8478 -7.9 11.7654
      vertex 35.0829 -2.77209 6.86116
      vertex 35.3103 -2.98007 6.76856
    endloop
  endfacet
  facet normal -0.704397 -0.602037 -0.376001
    outer loop
      vertex 36.8478 -7.9 11.7654
      vertex 35.051 -2.74168 6.87223
      vertex 35.0829 -2.77209 6.86116
    endloop
  endfacet
  facet normal -0.703896 -0.60232 -0.376484
    outer loop
      vertex 35.051 -2.74168 6.87223
      vertex 36.8478 -7.9 11.7654
      vertex 36.6629 -7.9 12.1111
    endloop
  endfacet
  facet normal 1 -0 0
    outer loop
      vertex 53 7.11334 2.03972
      vertex 53 15.4 0
      vertex 53 15.4 6.5
    endloop
  endfacet
  facet normal 1 0 0
    outer loop
      vertex 53 15.4 0
      vertex 53 7.38197 0.516197
      vertex 53 7.4 0
    endloop
  endfacet
  facet normal 1 0 0
    outer loop
      vertex 53 15.4 0
      vertex 53 7.32798 1.02988
      vertex 53 7.38197 0.516197
    endloop
  endfacet
  facet normal 1 0 0
    outer loop
      vertex 53 15.4 0
      vertex 53 7.23829 1.53855
      vertex 53 7.32798 1.02988
    endloop
  endfacet
  facet normal 1 0 0
    outer loop
      vertex 53 15.4 0
      vertex 53 7.11334 2.03972
      vertex 53 7.23829 1.53855
    endloop
  endfacet
  facet normal 1 0 0
    outer loop
      vertex 53 15.4 6.5
      vertex 53 6.95372 2.53095
      vertex 53 7.11334 2.03972
    endloop
  endfacet
  facet normal 1 0 0
    outer loop
      vertex 53 15.4 6.5
      vertex 53 6.76024 3.00985
      vertex 53 6.95372 2.53095
    endloop
  endfacet
  facet normal 1 0 0
    outer loop
      vertex 53 15.4 6.5
      vertex 53 6.53381 3.47409
      vertex 53 6.76024 3.00985
    endloop
  endfacet
  facet normal 1 0 0
    outer loop
      vertex 53 15.4 6.5
      vertex 53 6.27556 3.9214
      vertex 53 6.53381 3.47409
    endloop
  endfacet
  facet normal 1 0 0
    outer loop
      vertex 53 15.4 6.5
      vertex 53 5.98672 4.34961
      vertex 53 6.27556 3.9214
    endloop
  endfacet
  facet normal 1 -0 0
    outer loop
      vertex 53 5 6.5
      vertex 53 5.98672 4.34961
      vertex 53 15.4 6.5
    endloop
  endfacet
  facet normal 1 0 0
    outer loop
      vertex 53 5.98672 4.34961
      vertex 53 5 6.5
      vertex 53 5.66873 4.75663
    endloop
  endfacet
  facet normal 1 0 0
    outer loop
      vertex 53 5.66873 4.75663
      vertex 53 5 6.5
      vertex 53 5.32311 5.14047
    endloop
  endfacet
  facet normal 1 0 0
    outer loop
      vertex 53 5.32311 5.14047
      vertex 53 5 6.5
      vertex 53 5 5.4525
    endloop
  endfacet
  facet normal 0 1 -0
    outer loop
      vertex 67 5 5.4525
      vertex 53 5 6.5
      vertex 67 5 6.5
    endloop
  endfacet
  facet normal 0 1 0
    outer loop
      vertex 53 5 6.5
      vertex 67 5 5.4525
      vertex 53 5 5.4525
    endloop
  endfacet
  facet normal -1 0 0
    outer loop
      vertex 67 7.38197 0.516197
      vertex 67 15.4 0
      vertex 67 7.4 0
    endloop
  endfacet
  facet normal -1 0 0
    outer loop
      vertex 67 7.32798 1.02988
      vertex 67 15.4 0
      vertex 67 7.38197 0.516197
    endloop
  endfacet
  facet normal -1 0 0
    outer loop
      vertex 67 7.23829 1.53855
      vertex 67 15.4 0
      vertex 67 7.32798 1.02988
    endloop
  endfacet
  facet normal -1 0 0
    outer loop
      vertex 67 7.11334 2.03972
      vertex 67 15.4 0
      vertex 67 7.23829 1.53855
    endloop
  endfacet
  facet normal -1 0 0
    outer loop
      vertex 67 15.4 0
      vertex 67 7.11334 2.03972
      vertex 67 15.4 6.5
    endloop
  endfacet
  facet normal -1 0 0
    outer loop
      vertex 67 6.95372 2.53095
      vertex 67 15.4 6.5
      vertex 67 7.11334 2.03972
    endloop
  endfacet
  facet normal -1 0 0
    outer loop
      vertex 67 6.76024 3.00985
      vertex 67 15.4 6.5
      vertex 67 6.95372 2.53095
    endloop
  endfacet
  facet normal -1 0 0
    outer loop
      vertex 67 6.53381 3.47409
      vertex 67 15.4 6.5
      vertex 67 6.76024 3.00985
    endloop
  endfacet
  facet normal -1 0 0
    outer loop
      vertex 67 6.27556 3.9214
      vertex 67 15.4 6.5
      vertex 67 6.53381 3.47409
    endloop
  endfacet
  facet normal -1 0 0
    outer loop
      vertex 67 5.98672 4.34961
      vertex 67 15.4 6.5
      vertex 67 6.27556 3.9214
    endloop
  endfacet
  facet normal -1 0 0
    outer loop
      vertex 67 5 6.5
      vertex 67 5.98672 4.34961
      vertex 67 5.66873 4.75663
    endloop
  endfacet
  facet normal -1 0 0
    outer loop
      vertex 67 5 6.5
      vertex 67 5.66873 4.75663
      vertex 67 5.32311 5.14047
    endloop
  endfacet
  facet normal -1 0 0
    outer loop
      vertex 67 5 6.5
      vertex 67 5.32311 5.14047
      vertex 67 5 5.4525
    endloop
  endfacet
  facet normal -1 0 0
    outer loop
      vertex 67 5.98672 4.34961
      vertex 67 5 6.5
      vertex 67 15.4 6.5
    endloop
  endfacet
  facet normal 0 0 -1
    outer loop
      vertex 53 5 6.5
      vertex 67 15.4 6.5
      vertex 67 5 6.5
    endloop
  endfacet
  facet normal -0 0 -1
    outer loop
      vertex 67 15.4 6.5
      vertex 53 5 6.5
      vertex 53 15.4 6.5
    endloop
  endfacet
endsolid OpenSCAD_Model
