solid OpenSCAD_Model
  facet normal 0.471634 0 0.881795
    outer loop
      vertex 29.7654 21 24.6478
      vertex 30.1111 15 24.4629
      vertex 30.1111 21 24.4629
    endloop
  endfacet
  facet normal 0.471634 0 0.881795
    outer loop
      vertex 30.1111 15 24.4629
      vertex 29.7654 21 24.6478
      vertex 29.7654 15 24.6478
    endloop
  endfacet
  facet normal 0.290248 0 0.956951
    outer loop
      vertex 29.3902 21 24.7616
      vertex 29.7654 15 24.6478
      vertex 29.7654 21 24.6478
    endloop
  endfacet
  facet normal 0.290248 0 0.956951
    outer loop
      vertex 29.7654 15 24.6478
      vertex 29.3902 21 24.7616
      vertex 29.3902 15 24.7616
    endloop
  endfacet
  facet normal 0.995193 -0 0.097938
    outer loop
      vertex 30.9616 15 23.1902
      vertex 31 21 22.8
      vertex 30.9616 21 23.1902
    endloop
  endfacet
  facet normal 0.995193 0 0.097938
    outer loop
      vertex 31 21 22.8
      vertex 30.9616 15 23.1902
      vertex 31 15 22.8
    endloop
  endfacet
  facet normal -1 0 0
    outer loop
      vertex 17 15 15.8
      vertex 17 21 22.8
      vertex 17 21 15.8
    endloop
  endfacet
  facet normal -1 -0 0
    outer loop
      vertex 17 21 22.8
      vertex 17 15 15.8
      vertex 17 15 22.8
    endloop
  endfacet
  facet normal 0.097938 0 0.995193
    outer loop
      vertex 29 21 24.8
      vertex 29.3902 15 24.7616
      vertex 29.3902 21 24.7616
    endloop
  endfacet
  facet normal 0.097938 0 0.995193
    outer loop
      vertex 29.3902 15 24.7616
      vertex 29 21 24.8
      vertex 29 15 24.8
    endloop
  endfacet
  facet normal -0.097938 0 0.995193
    outer loop
      vertex 18.6098 21 24.7616
      vertex 19 15 24.8
      vertex 19 21 24.8
    endloop
  endfacet
  facet normal -0.097938 0 0.995193
    outer loop
      vertex 19 15 24.8
      vertex 18.6098 21 24.7616
      vertex 18.6098 15 24.7616
    endloop
  endfacet
  facet normal -0 0 1
    outer loop
      vertex 19 21 24.8
      vertex 29 15 24.8
      vertex 29 21 24.8
    endloop
  endfacet
  facet normal 0 0 1
    outer loop
      vertex 29 15 24.8
      vertex 19 21 24.8
      vertex 19 15 24.8
    endloop
  endfacet
  facet normal 1 -0 0
    outer loop
      vertex 31 15 22.8
      vertex 31 21 15.8
      vertex 31 21 22.8
    endloop
  endfacet
  facet normal 1 0 0
    outer loop
      vertex 31 21 15.8
      vertex 31 15 22.8
      vertex 31 15 15.8
    endloop
  endfacet
  facet normal 0.881795 -0 0.471634
    outer loop
      vertex 30.6629 15 23.9111
      vertex 30.8478 21 23.5654
      vertex 30.6629 21 23.9111
    endloop
  endfacet
  facet normal 0.881795 0 0.471634
    outer loop
      vertex 30.8478 21 23.5654
      vertex 30.6629 15 23.9111
      vertex 30.8478 15 23.5654
    endloop
  endfacet
  facet normal 0 -1 0
    outer loop
      vertex 17 15 22.8
      vertex 19 15 24.8
      vertex 18.6098 15 24.7616
    endloop
  endfacet
  facet normal 0 -1 -0
    outer loop
      vertex 19 15 24.8
      vertex 17 15 15.8
      vertex 29 15 24.8
    endloop
  endfacet
  facet normal 0 -1 0
    outer loop
      vertex 17 15 22.8
      vertex 18.6098 15 24.7616
      vertex 18.2346 15 24.6478
    endloop
  endfacet
  facet normal 0 -1 0
    outer loop
      vertex 19 15 24.8
      vertex 17 15 22.8
      vertex 17 15 15.8
    endloop
  endfacet
  facet normal 0 -1 0
    outer loop
      vertex 17 15 22.8
      vertex 18.2346 15 24.6478
      vertex 17.8889 15 24.4629
    endloop
  endfacet
  facet normal 0 -1 0
    outer loop
      vertex 31 15 15.8
      vertex 29 15 24.8
      vertex 17 15 15.8
    endloop
  endfacet
  facet normal 0 -1 0
    outer loop
      vertex 17 15 22.8
      vertex 17.8889 15 24.4629
      vertex 17.5858 15 24.2142
    endloop
  endfacet
  facet normal 0 -1 0
    outer loop
      vertex 29.3902 15 24.7616
      vertex 31 15 22.8
      vertex 29.7654 15 24.6478
    endloop
  endfacet
  facet normal 0 -1 0
    outer loop
      vertex 17 15 22.8
      vertex 17.5858 15 24.2142
      vertex 17.3371 15 23.9111
    endloop
  endfacet
  facet normal 0 -1 0
    outer loop
      vertex 29.7654 15 24.6478
      vertex 31 15 22.8
      vertex 30.1111 15 24.4629
    endloop
  endfacet
  facet normal 0 -1 0
    outer loop
      vertex 17 15 22.8
      vertex 17.3371 15 23.9111
      vertex 17.1522 15 23.5654
    endloop
  endfacet
  facet normal 0 -1 0
    outer loop
      vertex 30.1111 15 24.4629
      vertex 31 15 22.8
      vertex 30.4142 15 24.2142
    endloop
  endfacet
  facet normal 0 -1 0
    outer loop
      vertex 17 15 22.8
      vertex 17.1522 15 23.5654
      vertex 17.0384 15 23.1902
    endloop
  endfacet
  facet normal 0 -1 0
    outer loop
      vertex 30.4142 15 24.2142
      vertex 31 15 22.8
      vertex 30.6629 15 23.9111
    endloop
  endfacet
  facet normal 0 -1 0
    outer loop
      vertex 30.6629 15 23.9111
      vertex 31 15 22.8
      vertex 30.8478 15 23.5654
    endloop
  endfacet
  facet normal 0 -1 0
    outer loop
      vertex 30.8478 15 23.5654
      vertex 31 15 22.8
      vertex 30.9616 15 23.1902
    endloop
  endfacet
  facet normal -0 -1 -0
    outer loop
      vertex 31 15 22.8
      vertex 29 15 24.8
      vertex 31 15 15.8
    endloop
  endfacet
  facet normal 0 -1 0
    outer loop
      vertex 29 15 24.8
      vertex 31 15 22.8
      vertex 29.3902 15 24.7616
    endloop
  endfacet
  facet normal -0.881795 0 0.471634
    outer loop
      vertex 17.1522 15 23.5654
      vertex 17.3371 21 23.9111
      vertex 17.1522 21 23.5654
    endloop
  endfacet
  facet normal -0.881795 0 0.471634
    outer loop
      vertex 17.3371 21 23.9111
      vertex 17.1522 15 23.5654
      vertex 17.3371 15 23.9111
    endloop
  endfacet
  facet normal 0 1 -0
    outer loop
      vertex 35 21 13
      vertex 31 21 15.8
      vertex 36.8 21 15.8
    endloop
  endfacet
  facet normal 0 1 0
    outer loop
      vertex 31 21 15.8
      vertex 35 21 13
      vertex 17 21 15.8
    endloop
  endfacet
  facet normal 0 1 0
    outer loop
      vertex 36.1111 21 12.6629
      vertex 36.8 21 15.8
      vertex 37.1916 21 15.7743
    endloop
  endfacet
  facet normal 0 1 0
    outer loop
      vertex 13 21 13
      vertex 17 21 15.8
      vertex 35 21 13
    endloop
  endfacet
  facet normal 0 1 0
    outer loop
      vertex 36.1111 21 12.6629
      vertex 37.1916 21 15.7743
      vertex 37.5764 21 15.6978
    endloop
  endfacet
  facet normal 0 1 0
    outer loop
      vertex 17 21 15.8
      vertex 13 21 13
      vertex 11.2 21 15.8
    endloop
  endfacet
  facet normal 0 1 0
    outer loop
      vertex 36.1111 21 12.6629
      vertex 37.5764 21 15.6978
      vertex 37.948 21 15.5716
    endloop
  endfacet
  facet normal 0 1 -0
    outer loop
      vertex 12.6098 21 12.9616
      vertex 11.2 21 15.8
      vertex 13 21 13
    endloop
  endfacet
  facet normal 0 1 0
    outer loop
      vertex 36.1111 21 12.6629
      vertex 37.948 21 15.5716
      vertex 38.3 21 15.3981
    endloop
  endfacet
  facet normal 0 1 -0
    outer loop
      vertex 12.2346 21 12.8478
      vertex 11.2 21 15.8
      vertex 12.6098 21 12.9616
    endloop
  endfacet
  facet normal 0 1 0
    outer loop
      vertex 36.4142 21 12.4142
      vertex 38.3 21 15.3981
      vertex 38.6263 21 15.1801
    endloop
  endfacet
  facet normal 0 1 -0
    outer loop
      vertex 11.8889 21 12.6629
      vertex 11.2 21 15.8
      vertex 12.2346 21 12.8478
    endloop
  endfacet
  facet normal 0 1 0
    outer loop
      vertex 36.4142 21 12.4142
      vertex 38.6263 21 15.1801
      vertex 38.9213 21 14.9213
    endloop
  endfacet
  facet normal 0 1 0
    outer loop
      vertex 11.2 21 15.8
      vertex 11.8889 21 12.6629
      vertex 10.8084 21 15.7743
    endloop
  endfacet
  facet normal 0 1 0
    outer loop
      vertex 36.4142 21 12.4142
      vertex 38.9213 21 14.9213
      vertex 39.1801 21 14.6263
    endloop
  endfacet
  facet normal 0 1 0
    outer loop
      vertex 10.8084 21 15.7743
      vertex 11.8889 21 12.6629
      vertex 10.4236 21 15.6978
    endloop
  endfacet
  facet normal 0 1 0
    outer loop
      vertex 36.4142 21 12.4142
      vertex 39.1801 21 14.6263
      vertex 39.3981 21 14.3
    endloop
  endfacet
  facet normal 0 1 0
    outer loop
      vertex 10.4236 21 15.6978
      vertex 11.8889 21 12.6629
      vertex 10.052 21 15.5716
    endloop
  endfacet
  facet normal 0 1 0
    outer loop
      vertex 36.6629 21 12.1111
      vertex 39.3981 21 14.3
      vertex 39.5716 21 13.948
    endloop
  endfacet
  facet normal 0 1 0
    outer loop
      vertex 10.052 21 15.5716
      vertex 11.8889 21 12.6629
      vertex 9.70001 21 15.3981
    endloop
  endfacet
  facet normal 0 1 0
    outer loop
      vertex 36.6629 21 12.1111
      vertex 39.5716 21 13.948
      vertex 39.6978 21 13.5764
    endloop
  endfacet
  facet normal 0 1 -0
    outer loop
      vertex 11.5858 21 12.4142
      vertex 9.70001 21 15.3981
      vertex 11.8889 21 12.6629
    endloop
  endfacet
  facet normal 0 1 0
    outer loop
      vertex 36.6629 21 12.1111
      vertex 39.6978 21 13.5764
      vertex 39.7743 21 13.1916
    endloop
  endfacet
  facet normal 0 1 0
    outer loop
      vertex 9.70001 21 15.3981
      vertex 11.5858 21 12.4142
      vertex 9.37373 21 15.1801
    endloop
  endfacet
  facet normal 0 1 0
    outer loop
      vertex 9.37373 21 15.1801
      vertex 11.5858 21 12.4142
      vertex 9.07869 21 14.9213
    endloop
  endfacet
  facet normal 0 1 0
    outer loop
      vertex 36.8 21 15.8
      vertex 35.3902 21 12.9616
      vertex 35 21 13
    endloop
  endfacet
  facet normal 0 1 0
    outer loop
      vertex 36.8 21 15.8
      vertex 35.7654 21 12.8478
      vertex 35.3902 21 12.9616
    endloop
  endfacet
  facet normal 0 1 0
    outer loop
      vertex 36.6629 21 12.1111
      vertex 39.7743 21 13.1916
      vertex 39.8 21 12.8
    endloop
  endfacet
  facet normal 0 1 0
    outer loop
      vertex 36.8 21 15.8
      vertex 36.1111 21 12.6629
      vertex 35.7654 21 12.8478
    endloop
  endfacet
  facet normal 0 1 0
    outer loop
      vertex 38.3 21 15.3981
      vertex 36.4142 21 12.4142
      vertex 36.1111 21 12.6629
    endloop
  endfacet
  facet normal 0 1 0
    outer loop
      vertex 39.3981 21 14.3
      vertex 36.6629 21 12.1111
      vertex 36.4142 21 12.4142
    endloop
  endfacet
  facet normal 0 1 0
    outer loop
      vertex 39.8 21 12.8
      vertex 36.8478 21 11.7654
      vertex 36.6629 21 12.1111
    endloop
  endfacet
  facet normal 0 1 0
    outer loop
      vertex 39.8 21 12.8
      vertex 36.9616 21 11.3902
      vertex 36.8478 21 11.7654
    endloop
  endfacet
  facet normal 0 1 0
    outer loop
      vertex 39.8 21 12.8
      vertex 37 21 11
      vertex 36.9616 21 11.3902
    endloop
  endfacet
  facet normal 0 1 -0
    outer loop
      vertex 39.8 21 0
      vertex 37 21 11
      vertex 39.8 21 12.8
    endloop
  endfacet
  facet normal 0 1 0
    outer loop
      vertex 37 21 11
      vertex 39.8 21 0
      vertex 37 21 0
    endloop
  endfacet
  facet normal 0 1 0
    outer loop
      vertex 9.07869 21 14.9213
      vertex 11.5858 21 12.4142
      vertex 8.81995 21 14.6263
    endloop
  endfacet
  facet normal 0 1 0
    outer loop
      vertex 8.81995 21 14.6263
      vertex 11.5858 21 12.4142
      vertex 8.60193 21 14.3
    endloop
  endfacet
  facet normal 0 1 -0
    outer loop
      vertex 11.3371 21 12.1111
      vertex 8.60193 21 14.3
      vertex 11.5858 21 12.4142
    endloop
  endfacet
  facet normal 0 1 0
    outer loop
      vertex 8.60193 21 14.3
      vertex 11.3371 21 12.1111
      vertex 8.42838 21 13.948
    endloop
  endfacet
  facet normal 0 1 0
    outer loop
      vertex 8.42838 21 13.948
      vertex 11.3371 21 12.1111
      vertex 8.30223 21 13.5764
    endloop
  endfacet
  facet normal 0 1 0
    outer loop
      vertex 8.30223 21 13.5764
      vertex 11.3371 21 12.1111
      vertex 8.22568 21 13.1916
    endloop
  endfacet
  facet normal 0 1 0
    outer loop
      vertex 8.22568 21 13.1916
      vertex 11.3371 21 12.1111
      vertex 8.20001 21 12.8
    endloop
  endfacet
  facet normal 0 1 -0
    outer loop
      vertex 11.1522 21 11.7654
      vertex 8.20001 21 12.8
      vertex 11.3371 21 12.1111
    endloop
  endfacet
  facet normal 0 1 -0
    outer loop
      vertex 11.0384 21 11.3902
      vertex 8.20001 21 12.8
      vertex 11.1522 21 11.7654
    endloop
  endfacet
  facet normal 0 1 -0
    outer loop
      vertex 11 21 11
      vertex 8.20001 21 12.8
      vertex 11.0384 21 11.3902
    endloop
  endfacet
  facet normal 0 1 0
    outer loop
      vertex 8.20001 21 0
      vertex 11 21 11
      vertex 11 21 0
    endloop
  endfacet
  facet normal 0 1 0
    outer loop
      vertex 11 21 11
      vertex 8.20001 21 0
      vertex 8.20001 21 12.8
    endloop
  endfacet
  facet normal 0 1 0
    outer loop
      vertex 31 21 22.8
      vertex 29 21 24.8
      vertex 29.3902 21 24.7616
    endloop
  endfacet
  facet normal 0 1 0
    outer loop
      vertex 29 21 24.8
      vertex 24.0953 21 20.5714
      vertex 19 21 24.8
    endloop
  endfacet
  facet normal 0 1 0
    outer loop
      vertex 31 21 22.8
      vertex 29.3902 21 24.7616
      vertex 29.7654 21 24.6478
    endloop
  endfacet
  facet normal 0 1 -0
    outer loop
      vertex 23.7163 21 20.543
      vertex 19 21 24.8
      vertex 24.0953 21 20.5714
    endloop
  endfacet
  facet normal 0 1 0
    outer loop
      vertex 31 21 22.8
      vertex 29.7654 21 24.6478
      vertex 30.1111 21 24.4629
    endloop
  endfacet
  facet normal 0 1 -0
    outer loop
      vertex 23.3625 21 20.4042
      vertex 19 21 24.8
      vertex 23.7163 21 20.543
    endloop
  endfacet
  facet normal 0 1 0
    outer loop
      vertex 31 21 22.8
      vertex 30.1111 21 24.4629
      vertex 30.4142 21 24.2142
    endloop
  endfacet
  facet normal 0 1 -0
    outer loop
      vertex 23.0654 21 20.1672
      vertex 19 21 24.8
      vertex 23.3625 21 20.4042
    endloop
  endfacet
  facet normal 0 1 0
    outer loop
      vertex 31 21 22.8
      vertex 30.4142 21 24.2142
      vertex 30.6629 21 23.9111
    endloop
  endfacet
  facet normal 0 1 -0
    outer loop
      vertex 22.8513 21 19.8532
      vertex 19 21 24.8
      vertex 23.0654 21 20.1672
    endloop
  endfacet
  facet normal 0 1 0
    outer loop
      vertex 31 21 22.8
      vertex 30.6629 21 23.9111
      vertex 30.8478 21 23.5654
    endloop
  endfacet
  facet normal -0 1 0
    outer loop
      vertex 17 21 22.8
      vertex 19 21 24.8
      vertex 22.8513 21 19.8532
    endloop
  endfacet
  facet normal 0 1 0
    outer loop
      vertex 31 21 22.8
      vertex 30.8478 21 23.5654
      vertex 30.9616 21 23.1902
    endloop
  endfacet
  facet normal 0 1 0
    outer loop
      vertex 18.6098 21 24.7616
      vertex 17 21 22.8
      vertex 18.2346 21 24.6478
    endloop
  endfacet
  facet normal 0 1 0
    outer loop
      vertex 29 21 24.8
      vertex 31 21 22.8
      vertex 25.0535 21 20.0182
    endloop
  endfacet
  facet normal 0 1 0
    outer loop
      vertex 18.2346 21 24.6478
      vertex 17 21 22.8
      vertex 17.8889 21 24.4629
    endloop
  endfacet
  facet normal 0 1 0
    outer loop
      vertex 17.8889 21 24.4629
      vertex 17 21 22.8
      vertex 17.5858 21 24.2142
    endloop
  endfacet
  facet normal 0 1 0
    outer loop
      vertex 29 21 24.8
      vertex 24.4658 21 20.4869
      vertex 24.0953 21 20.5714
    endloop
  endfacet
  facet normal 0 1 0
    outer loop
      vertex 29 21 24.8
      vertex 24.7949 21 20.2968
      vertex 24.4658 21 20.4869
    endloop
  endfacet
  facet normal 0 1 0
    outer loop
      vertex 29 21 24.8
      vertex 25.0535 21 20.0182
      vertex 24.7949 21 20.2968
    endloop
  endfacet
  facet normal 0 1 0
    outer loop
      vertex 31 21 22.8
      vertex 25.2184 21 19.6758
      vertex 25.0535 21 20.0182
    endloop
  endfacet
  facet normal 0 1 0
    outer loop
      vertex 31 21 22.8
      vertex 25.275 21 19.3
      vertex 25.2184 21 19.6758
    endloop
  endfacet
  facet normal 0 1 -0
    outer loop
      vertex 31 21 15.8
      vertex 25.275 21 19.3
      vertex 31 21 22.8
    endloop
  endfacet
  facet normal 0 1 0
    outer loop
      vertex 25.275 21 19.3
      vertex 31 21 15.8
      vertex 25.2184 21 18.9242
    endloop
  endfacet
  facet normal 0 1 0
    outer loop
      vertex 25.2184 21 18.9242
      vertex 31 21 15.8
      vertex 25.0535 21 18.5818
    endloop
  endfacet
  facet normal 0 1 0
    outer loop
      vertex 24.7949 21 18.3032
      vertex 31 21 15.8
      vertex 24.4658 21 18.1131
    endloop
  endfacet
  facet normal 0 1 0
    outer loop
      vertex 25.0535 21 18.5818
      vertex 31 21 15.8
      vertex 24.7949 21 18.3032
    endloop
  endfacet
  facet normal 0 1 0
    outer loop
      vertex 17.5858 21 24.2142
      vertex 17 21 22.8
      vertex 17.3371 21 23.9111
    endloop
  endfacet
  facet normal 0 1 0
    outer loop
      vertex 17.3371 21 23.9111
      vertex 17 21 22.8
      vertex 17.1522 21 23.5654
    endloop
  endfacet
  facet normal 0 1 0
    outer loop
      vertex 17.1522 21 23.5654
      vertex 17 21 22.8
      vertex 17.0384 21 23.1902
    endloop
  endfacet
  facet normal 0 1 0
    outer loop
      vertex 19 21 24.8
      vertex 17 21 22.8
      vertex 18.6098 21 24.7616
    endloop
  endfacet
  facet normal 0 1 -0
    outer loop
      vertex 22.7392 21 19.49
      vertex 17 21 22.8
      vertex 22.8513 21 19.8532
    endloop
  endfacet
  facet normal 0 1 -0
    outer loop
      vertex 22.7392 21 19.11
      vertex 17 21 22.8
      vertex 22.7392 21 19.49
    endloop
  endfacet
  facet normal 0 1 0
    outer loop
      vertex 17 21 15.8
      vertex 22.7392 21 19.11
      vertex 22.8513 21 18.7468
    endloop
  endfacet
  facet normal 0 1 0
    outer loop
      vertex 17 21 15.8
      vertex 22.8513 21 18.7468
      vertex 23.0654 21 18.4328
    endloop
  endfacet
  facet normal 0 1 0
    outer loop
      vertex 17 21 15.8
      vertex 23.0654 21 18.4328
      vertex 23.3625 21 18.1958
    endloop
  endfacet
  facet normal 0 1 0
    outer loop
      vertex 24.4658 21 18.1131
      vertex 31 21 15.8
      vertex 24.0953 21 18.0286
    endloop
  endfacet
  facet normal 0 1 0
    outer loop
      vertex 22.7392 21 19.11
      vertex 17 21 15.8
      vertex 17 21 22.8
    endloop
  endfacet
  facet normal 0 1 0
    outer loop
      vertex 17 21 15.8
      vertex 23.3625 21 18.1958
      vertex 23.7163 21 18.057
    endloop
  endfacet
  facet normal 0 1 0
    outer loop
      vertex 17 21 15.8
      vertex 24.0953 21 18.0286
      vertex 31 21 15.8
    endloop
  endfacet
  facet normal 0 1 0
    outer loop
      vertex 24.0953 21 18.0286
      vertex 17 21 15.8
      vertex 23.7163 21 18.057
    endloop
  endfacet
  facet normal -0.634321 0 0.77307
    outer loop
      vertex 17.5858 21 24.2142
      vertex 17.8889 15 24.4629
      vertex 17.8889 21 24.4629
    endloop
  endfacet
  facet normal -0.634321 0 0.77307
    outer loop
      vertex 17.8889 15 24.4629
      vertex 17.5858 21 24.2142
      vertex 17.5858 15 24.2142
    endloop
  endfacet
  facet normal -0.471634 0 0.881795
    outer loop
      vertex 17.8889 21 24.4629
      vertex 18.2346 15 24.6478
      vertex 18.2346 21 24.6478
    endloop
  endfacet
  facet normal -0.471634 0 0.881795
    outer loop
      vertex 18.2346 15 24.6478
      vertex 17.8889 21 24.4629
      vertex 17.8889 15 24.4629
    endloop
  endfacet
  facet normal -0.290248 0 0.956951
    outer loop
      vertex 18.2346 21 24.6478
      vertex 18.6098 15 24.7616
      vertex 18.6098 21 24.7616
    endloop
  endfacet
  facet normal -0.290248 0 0.956951
    outer loop
      vertex 18.6098 15 24.7616
      vertex 18.2346 21 24.6478
      vertex 18.2346 15 24.6478
    endloop
  endfacet
  facet normal 0.956951 -0 0.290248
    outer loop
      vertex 30.8478 15 23.5654
      vertex 30.9616 21 23.1902
      vertex 30.8478 21 23.5654
    endloop
  endfacet
  facet normal 0.956951 0 0.290248
    outer loop
      vertex 30.9616 21 23.1902
      vertex 30.8478 15 23.5654
      vertex 30.9616 15 23.1902
    endloop
  endfacet
  facet normal 0.634321 0 0.77307
    outer loop
      vertex 30.1111 21 24.4629
      vertex 30.4142 15 24.2142
      vertex 30.4142 21 24.2142
    endloop
  endfacet
  facet normal 0.634321 0 0.77307
    outer loop
      vertex 30.4142 15 24.2142
      vertex 30.1111 21 24.4629
      vertex 30.1111 15 24.4629
    endloop
  endfacet
  facet normal -0.77307 0 0.634321
    outer loop
      vertex 17.3371 15 23.9111
      vertex 17.5858 21 24.2142
      vertex 17.3371 21 23.9111
    endloop
  endfacet
  facet normal -0.77307 0 0.634321
    outer loop
      vertex 17.5858 21 24.2142
      vertex 17.3371 15 23.9111
      vertex 17.5858 15 24.2142
    endloop
  endfacet
  facet normal -0.995193 0 0.097938
    outer loop
      vertex 17 15 22.8
      vertex 17.0384 21 23.1902
      vertex 17 21 22.8
    endloop
  endfacet
  facet normal -0.995193 0 0.097938
    outer loop
      vertex 17.0384 21 23.1902
      vertex 17 15 22.8
      vertex 17.0384 15 23.1902
    endloop
  endfacet
  facet normal 0.77307 -0 0.634321
    outer loop
      vertex 30.4142 15 24.2142
      vertex 30.6629 21 23.9111
      vertex 30.4142 21 24.2142
    endloop
  endfacet
  facet normal 0.77307 0 0.634321
    outer loop
      vertex 30.6629 21 23.9111
      vertex 30.4142 15 24.2142
      vertex 30.6629 15 23.9111
    endloop
  endfacet
  facet normal -0.956951 0 0.290248
    outer loop
      vertex 17.0384 15 23.1902
      vertex 17.1522 21 23.5654
      vertex 17.0384 21 23.1902
    endloop
  endfacet
  facet normal -0.956951 0 0.290248
    outer loop
      vertex 17.1522 21 23.5654
      vertex 17.0384 15 23.1902
      vertex 17.1522 15 23.5654
    endloop
  endfacet
  facet normal 0.321574 0 0.946885
    outer loop
      vertex 37.5764 21 15.6978
      vertex 37.948 4 15.5716
      vertex 37.948 21 15.5716
    endloop
  endfacet
  facet normal 0.321574 0 0.946885
    outer loop
      vertex 37.948 4 15.5716
      vertex 37.5764 21 15.6978
      vertex 37.5764 4 15.6978
    endloop
  endfacet
  facet normal 0.194989 0 0.980806
    outer loop
      vertex 37.1916 21 15.7743
      vertex 37.5764 4 15.6978
      vertex 37.5764 21 15.6978
    endloop
  endfacet
  facet normal 0.194989 0 0.980806
    outer loop
      vertex 37.5764 4 15.6978
      vertex 37.1916 21 15.7743
      vertex 37.1916 4 15.7743
    endloop
  endfacet
  facet normal -1 0 0
    outer loop
      vertex 8.20001 18.9256 5
      vertex 8.20001 21 0
      vertex 8.20001 18.9256 0
    endloop
  endfacet
  facet normal -1 0 0
    outer loop
      vertex 8.20001 21 0
      vertex 8.20001 18.9256 5
      vertex 8.20001 21 12.8
    endloop
  endfacet
  facet normal -1 0 0
    outer loop
      vertex 8.20001 8.98931 5.61714
      vertex 8.20001 18.9256 5
      vertex 8.20001 9.34562 5
    endloop
  endfacet
  facet normal -1 0 0
    outer loop
      vertex 8.20001 8.57558 6.23052
      vertex 8.20001 18.9256 5
      vertex 8.20001 8.98931 5.61714
    endloop
  endfacet
  facet normal -1 0 0
    outer loop
      vertex 8.20001 18.9256 5
      vertex 8.20001 8.57558 6.23052
      vertex 8.20001 21 12.8
    endloop
  endfacet
  facet normal -1 0 0
    outer loop
      vertex 8.20001 8.12007 6.81355
      vertex 8.20001 21 12.8
      vertex 8.20001 8.57558 6.23052
    endloop
  endfacet
  facet normal -1 0 0
    outer loop
      vertex 8.20001 7.625 7.36338
      vertex 8.20001 21 12.8
      vertex 8.20001 8.12007 6.81355
    endloop
  endfacet
  facet normal -1 0 0
    outer loop
      vertex 8.20001 7.09278 7.87733
      vertex 8.20001 21 12.8
      vertex 8.20001 7.625 7.36338
    endloop
  endfacet
  facet normal -1 0 0
    outer loop
      vertex 8.20001 4 12.8
      vertex 8.20001 7.09278 7.87733
      vertex 8.20001 6.52601 8.35291
    endloop
  endfacet
  facet normal -1 0 0
    outer loop
      vertex 8.20001 4 12.8
      vertex 8.20001 6.52601 8.35291
      vertex 8.20001 5.92744 8.7878
    endloop
  endfacet
  facet normal -1 0 0
    outer loop
      vertex 8.20001 4 12.8
      vertex 8.20001 5.92744 8.7878
      vertex 8.20001 5.3 9.17987
    endloop
  endfacet
  facet normal -1 0 0
    outer loop
      vertex 8.20001 4 12.8
      vertex 8.20001 5.3 9.17987
      vertex 8.20001 4.64673 9.52722
    endloop
  endfacet
  facet normal -1 0 0
    outer loop
      vertex 8.20001 4 12.8
      vertex 8.20001 4.64673 9.52722
      vertex 8.20001 4 9.81516
    endloop
  endfacet
  facet normal -1 0 0
    outer loop
      vertex 8.20001 7.09278 7.87733
      vertex 8.20001 4 12.8
      vertex 8.20001 21 12.8
    endloop
  endfacet
  facet normal 0.0654873 0 0.997853
    outer loop
      vertex 36.8 21 15.8
      vertex 37.1916 4 15.7743
      vertex 37.1916 21 15.7743
    endloop
  endfacet
  facet normal 0.0654873 0 0.997853
    outer loop
      vertex 37.1916 4 15.7743
      vertex 36.8 21 15.8
      vertex 36.8 4 15.8
    endloop
  endfacet
  facet normal 0 0 1
    outer loop
      vertex 17 21 15.8
      vertex 11.2 21 15.8
      vertex 17 15 15.8
    endloop
  endfacet
  facet normal 0 0 1
    outer loop
      vertex 31 15 15.8
      vertex 36.8 21 15.8
      vertex 31 21 15.8
    endloop
  endfacet
  facet normal 0 0 1
    outer loop
      vertex 36.8 21 15.8
      vertex 31 15 15.8
      vertex 36.8 4 15.8
    endloop
  endfacet
  facet normal -0 0 1
    outer loop
      vertex 17 15 15.8
      vertex 36.8 4 15.8
      vertex 31 15 15.8
    endloop
  endfacet
  facet normal 0 0 1
    outer loop
      vertex 17 15 15.8
      vertex 11.2 4 15.8
      vertex 36.8 4 15.8
    endloop
  endfacet
  facet normal 0 0 1
    outer loop
      vertex 11.2 4 15.8
      vertex 17 15 15.8
      vertex 11.2 21 15.8
    endloop
  endfacet
  facet normal 1 -0 0
    outer loop
      vertex 39.8 9.96074 3.62541
      vertex 39.8 21 0
      vertex 39.8 21 12.8
    endloop
  endfacet
  facet normal 1 0 0
    outer loop
      vertex 39.8 21 0
      vertex 39.8 10.5742 0.739418
      vertex 39.8 10.6 0
    endloop
  endfacet
  facet normal 1 0 0
    outer loop
      vertex 39.8 21 0
      vertex 39.8 10.4968 1.47523
      vertex 39.8 10.5742 0.739418
    endloop
  endfacet
  facet normal 1 0 0
    outer loop
      vertex 39.8 21 0
      vertex 39.8 10.3684 2.20386
      vertex 39.8 10.4968 1.47523
    endloop
  endfacet
  facet normal 1 0 0
    outer loop
      vertex 39.8 21 0
      vertex 39.8 10.1894 2.92176
      vertex 39.8 10.3684 2.20386
    endloop
  endfacet
  facet normal 1 0 0
    outer loop
      vertex 39.8 21 0
      vertex 39.8 9.96074 3.62541
      vertex 39.8 10.1894 2.92176
    endloop
  endfacet
  facet normal 1 0 0
    outer loop
      vertex 39.8 21 12.8
      vertex 39.8 9.68358 4.31141
      vertex 39.8 9.96074 3.62541
    endloop
  endfacet
  facet normal 1 0 0
    outer loop
      vertex 39.8 21 12.8
      vertex 39.8 9.35924 4.9764
      vertex 39.8 9.68358 4.31141
    endloop
  endfacet
  facet normal 1 0 0
    outer loop
      vertex 39.8 21 12.8
      vertex 39.8 8.98931 5.61714
      vertex 39.8 9.35924 4.9764
    endloop
  endfacet
  facet normal 1 0 0
    outer loop
      vertex 39.8 21 12.8
      vertex 39.8 8.57558 6.23052
      vertex 39.8 8.98931 5.61714
    endloop
  endfacet
  facet normal 1 0 0
    outer loop
      vertex 39.8 21 12.8
      vertex 39.8 8.12007 6.81355
      vertex 39.8 8.57558 6.23052
    endloop
  endfacet
  facet normal 1 0 0
    outer loop
      vertex 39.8 21 12.8
      vertex 39.8 7.625 7.36338
      vertex 39.8 8.12007 6.81355
    endloop
  endfacet
  facet normal 1 0 0
    outer loop
      vertex 39.8 21 12.8
      vertex 39.8 7.09278 7.87733
      vertex 39.8 7.625 7.36338
    endloop
  endfacet
  facet normal 1 -0 0
    outer loop
      vertex 39.8 4 12.8
      vertex 39.8 7.09278 7.87733
      vertex 39.8 21 12.8
    endloop
  endfacet
  facet normal 1 0 0
    outer loop
      vertex 39.8 7.09278 7.87733
      vertex 39.8 4 12.8
      vertex 39.8 6.52601 8.35291
    endloop
  endfacet
  facet normal 1 0 0
    outer loop
      vertex 39.8 6.52601 8.35291
      vertex 39.8 4 12.8
      vertex 39.8 5.92744 8.7878
    endloop
  endfacet
  facet normal 1 0 0
    outer loop
      vertex 39.8 5.92744 8.7878
      vertex 39.8 4 12.8
      vertex 39.8 5.3 9.17987
    endloop
  endfacet
  facet normal 1 0 0
    outer loop
      vertex 39.8 5.3 9.17987
      vertex 39.8 4 12.8
      vertex 39.8 4.64673 9.52722
    endloop
  endfacet
  facet normal 1 0 0
    outer loop
      vertex 39.8 4.64673 9.52722
      vertex 39.8 4 12.8
      vertex 39.8 4 9.81516
    endloop
  endfacet
  facet normal 0 -1 0
    outer loop
      vertex 8.20001 4 12.8
      vertex 11.2 4 15.8
      vertex 10.8084 4 15.7743
    endloop
  endfacet
  facet normal 0 -1 -0
    outer loop
      vertex 11.2 4 15.8
      vertex 8.20001 4 9.81516
      vertex 36.8 4 15.8
    endloop
  endfacet
  facet normal 0 -1 0
    outer loop
      vertex 8.20001 4 12.8
      vertex 10.8084 4 15.7743
      vertex 10.4236 4 15.6978
    endloop
  endfacet
  facet normal 0 -1 0
    outer loop
      vertex 39.8 4 9.81516
      vertex 36.8 4 15.8
      vertex 8.20001 4 9.81516
    endloop
  endfacet
  facet normal 0 -1 0
    outer loop
      vertex 8.20001 4 12.8
      vertex 10.4236 4 15.6978
      vertex 10.052 4 15.5716
    endloop
  endfacet
  facet normal -0 -1 -0
    outer loop
      vertex 39.8 4 12.8
      vertex 36.8 4 15.8
      vertex 39.8 4 9.81516
    endloop
  endfacet
  facet normal 0 -1 0
    outer loop
      vertex 8.20001 4 12.8
      vertex 10.052 4 15.5716
      vertex 9.70001 4 15.3981
    endloop
  endfacet
  facet normal 0 -1 0
    outer loop
      vertex 36.8 4 15.8
      vertex 39.8 4 12.8
      vertex 37.1916 4 15.7743
    endloop
  endfacet
  facet normal 0 -1 0
    outer loop
      vertex 8.20001 4 12.8
      vertex 9.70001 4 15.3981
      vertex 9.37373 4 15.1801
    endloop
  endfacet
  facet normal 0 -1 0
    outer loop
      vertex 37.1916 4 15.7743
      vertex 39.8 4 12.8
      vertex 37.5764 4 15.6978
    endloop
  endfacet
  facet normal 0 -1 0
    outer loop
      vertex 8.20001 4 12.8
      vertex 9.37373 4 15.1801
      vertex 9.07869 4 14.9213
    endloop
  endfacet
  facet normal 0 -1 0
    outer loop
      vertex 37.5764 4 15.6978
      vertex 39.8 4 12.8
      vertex 37.948 4 15.5716
    endloop
  endfacet
  facet normal 0 -1 0
    outer loop
      vertex 8.20001 4 12.8
      vertex 9.07869 4 14.9213
      vertex 8.81995 4 14.6263
    endloop
  endfacet
  facet normal 0 -1 0
    outer loop
      vertex 37.948 4 15.5716
      vertex 39.8 4 12.8
      vertex 38.3 4 15.3981
    endloop
  endfacet
  facet normal 0 -1 0
    outer loop
      vertex 8.20001 4 12.8
      vertex 8.81995 4 14.6263
      vertex 8.60193 4 14.3
    endloop
  endfacet
  facet normal 0 -1 0
    outer loop
      vertex 38.3 4 15.3981
      vertex 39.8 4 12.8
      vertex 38.6263 4 15.1801
    endloop
  endfacet
  facet normal 0 -1 0
    outer loop
      vertex 8.20001 4 12.8
      vertex 8.60193 4 14.3
      vertex 8.42838 4 13.948
    endloop
  endfacet
  facet normal 0 -1 0
    outer loop
      vertex 38.6263 4 15.1801
      vertex 39.8 4 12.8
      vertex 38.9213 4 14.9213
    endloop
  endfacet
  facet normal 0 -1 0
    outer loop
      vertex 8.20001 4 12.8
      vertex 8.42838 4 13.948
      vertex 8.30223 4 13.5764
    endloop
  endfacet
  facet normal 0 -1 0
    outer loop
      vertex 38.9213 4 14.9213
      vertex 39.8 4 12.8
      vertex 39.1801 4 14.6263
    endloop
  endfacet
  facet normal 0 -1 0
    outer loop
      vertex 8.20001 4 12.8
      vertex 8.30223 4 13.5764
      vertex 8.22568 4 13.1916
    endloop
  endfacet
  facet normal 0 -1 0
    outer loop
      vertex 11.2 4 15.8
      vertex 8.20001 4 12.8
      vertex 8.20001 4 9.81516
    endloop
  endfacet
  facet normal 0 -1 0
    outer loop
      vertex 39.1801 4 14.6263
      vertex 39.8 4 12.8
      vertex 39.3981 4 14.3
    endloop
  endfacet
  facet normal 0 -1 0
    outer loop
      vertex 39.6978 4 13.5764
      vertex 39.8 4 12.8
      vertex 39.7743 4 13.1916
    endloop
  endfacet
  facet normal 0 -1 0
    outer loop
      vertex 39.3981 4 14.3
      vertex 39.8 4 12.8
      vertex 39.5716 4 13.948
    endloop
  endfacet
  facet normal 0 -1 0
    outer loop
      vertex 39.5716 4 13.948
      vertex 39.8 4 12.8
      vertex 39.6978 4 13.5764
    endloop
  endfacet
  facet normal -0.751799 0 0.659392
    outer loop
      vertex 8.81995 4 14.6263
      vertex 9.07869 21 14.9213
      vertex 8.81995 21 14.6263
    endloop
  endfacet
  facet normal -0.751799 0 0.659392
    outer loop
      vertex 9.07869 21 14.9213
      vertex 8.81995 4 14.6263
      vertex 9.07869 4 14.9213
    endloop
  endfacet
  facet normal 0.659478 0 0.751724
    outer loop
      vertex 38.6263 21 15.1801
      vertex 38.9213 4 14.9213
      vertex 38.9213 21 14.9213
    endloop
  endfacet
  facet normal 0.659478 0 0.751724
    outer loop
      vertex 38.9213 4 14.9213
      vertex 38.6263 21 15.1801
      vertex 38.6263 4 15.1801
    endloop
  endfacet
  facet normal -0.831477 0 0.555558
    outer loop
      vertex 8.60193 4 14.3
      vertex 8.81995 21 14.6263
      vertex 8.60193 21 14.3
    endloop
  endfacet
  facet normal -0.831477 0 0.555558
    outer loop
      vertex 8.81995 21 14.6263
      vertex 8.60193 4 14.3
      vertex 8.81995 4 14.6263
    endloop
  endfacet
  facet normal -0.997858 0 0.0654112
    outer loop
      vertex 8.20001 4 12.8
      vertex 8.22568 21 13.1916
      vertex 8.20001 21 12.8
    endloop
  endfacet
  facet normal -0.997858 0 0.0654112
    outer loop
      vertex 8.22568 21 13.1916
      vertex 8.20001 4 12.8
      vertex 8.22568 4 13.1916
    endloop
  endfacet
  facet normal -0.659428 0 0.751768
    outer loop
      vertex 9.07869 21 14.9213
      vertex 9.37373 4 15.1801
      vertex 9.37373 21 15.1801
    endloop
  endfacet
  facet normal -0.659428 0 0.751768
    outer loop
      vertex 9.37373 4 15.1801
      vertex 9.07869 21 14.9213
      vertex 9.07869 4 14.9213
    endloop
  endfacet
  facet normal -0.194989 0 0.980806
    outer loop
      vertex 10.4236 21 15.6978
      vertex 10.8084 4 15.7743
      vertex 10.8084 21 15.7743
    endloop
  endfacet
  facet normal -0.194989 0 0.980806
    outer loop
      vertex 10.8084 4 15.7743
      vertex 10.4236 21 15.6978
      vertex 10.4236 4 15.6978
    endloop
  endfacet
  facet normal -0.44212 0 0.896956
    outer loop
      vertex 9.70001 21 15.3981
      vertex 10.052 4 15.5716
      vertex 10.052 21 15.5716
    endloop
  endfacet
  facet normal -0.44212 0 0.896956
    outer loop
      vertex 10.052 4 15.5716
      vertex 9.70001 21 15.3981
      vertex 9.70001 4 15.3981
    endloop
  endfacet
  facet normal 0.896961 -0 0.44211
    outer loop
      vertex 39.3981 4 14.3
      vertex 39.5716 21 13.948
      vertex 39.3981 21 14.3
    endloop
  endfacet
  facet normal 0.896961 0 0.44211
    outer loop
      vertex 39.5716 21 13.948
      vertex 39.3981 4 14.3
      vertex 39.5716 4 13.948
    endloop
  endfacet
  facet normal 0.980806 -0 0.194989
    outer loop
      vertex 39.6978 4 13.5764
      vertex 39.7743 21 13.1916
      vertex 39.6978 21 13.5764
    endloop
  endfacet
  facet normal 0.980806 0 0.194989
    outer loop
      vertex 39.7743 21 13.1916
      vertex 39.6978 4 13.5764
      vertex 39.7743 4 13.1916
    endloop
  endfacet
  facet normal 0.751724 -0 0.659478
    outer loop
      vertex 38.9213 4 14.9213
      vertex 39.1801 21 14.6263
      vertex 38.9213 21 14.9213
    endloop
  endfacet
  facet normal 0.751724 0 0.659478
    outer loop
      vertex 39.1801 21 14.6263
      vertex 38.9213 4 14.9213
      vertex 39.1801 4 14.6263
    endloop
  endfacet
  facet normal 0.44211 0 0.896961
    outer loop
      vertex 37.948 21 15.5716
      vertex 38.3 4 15.3981
      vertex 38.3 21 15.3981
    endloop
  endfacet
  facet normal 0.44211 0 0.896961
    outer loop
      vertex 38.3 4 15.3981
      vertex 37.948 21 15.5716
      vertex 37.948 4 15.5716
    endloop
  endfacet
  facet normal -0.946923 0 0.32146
    outer loop
      vertex 8.30223 4 13.5764
      vertex 8.42838 21 13.948
      vertex 8.30223 21 13.5764
    endloop
  endfacet
  facet normal -0.946923 0 0.32146
    outer loop
      vertex 8.42838 21 13.948
      vertex 8.30223 4 13.5764
      vertex 8.42838 4 13.948
    endloop
  endfacet
  facet normal -0.980781 0 0.195111
    outer loop
      vertex 8.22568 4 13.1916
      vertex 8.30223 21 13.5764
      vertex 8.22568 21 13.1916
    endloop
  endfacet
  facet normal -0.980781 0 0.195111
    outer loop
      vertex 8.30223 21 13.5764
      vertex 8.22568 4 13.1916
      vertex 8.30223 4 13.5764
    endloop
  endfacet
  facet normal -0.555547 0 0.831485
    outer loop
      vertex 9.37373 21 15.1801
      vertex 9.70001 4 15.3981
      vertex 9.70001 21 15.3981
    endloop
  endfacet
  facet normal -0.555547 0 0.831485
    outer loop
      vertex 9.70001 4 15.3981
      vertex 9.37373 21 15.1801
      vertex 9.37373 4 15.1801
    endloop
  endfacet
  facet normal -0.0654873 0 0.997853
    outer loop
      vertex 10.8084 21 15.7743
      vertex 11.2 4 15.8
      vertex 11.2 21 15.8
    endloop
  endfacet
  facet normal -0.0654873 0 0.997853
    outer loop
      vertex 11.2 4 15.8
      vertex 10.8084 21 15.7743
      vertex 10.8084 4 15.7743
    endloop
  endfacet
  facet normal -0.321574 0 0.946885
    outer loop
      vertex 10.052 21 15.5716
      vertex 10.4236 4 15.6978
      vertex 10.4236 21 15.6978
    endloop
  endfacet
  facet normal -0.321574 0 0.946885
    outer loop
      vertex 10.4236 4 15.6978
      vertex 10.052 21 15.5716
      vertex 10.052 4 15.5716
    endloop
  endfacet
  facet normal 0.946885 -0 0.321574
    outer loop
      vertex 39.5716 4 13.948
      vertex 39.6978 21 13.5764
      vertex 39.5716 21 13.948
    endloop
  endfacet
  facet normal 0.946885 0 0.321574
    outer loop
      vertex 39.6978 21 13.5764
      vertex 39.5716 4 13.948
      vertex 39.6978 4 13.5764
    endloop
  endfacet
  facet normal 0.997853 -0 0.0654873
    outer loop
      vertex 39.7743 4 13.1916
      vertex 39.8 21 12.8
      vertex 39.7743 21 13.1916
    endloop
  endfacet
  facet normal 0.997853 0 0.0654873
    outer loop
      vertex 39.8 21 12.8
      vertex 39.7743 4 13.1916
      vertex 39.8 4 12.8
    endloop
  endfacet
  facet normal 0.831501 -0 0.555523
    outer loop
      vertex 39.1801 4 14.6263
      vertex 39.3981 21 14.3
      vertex 39.1801 21 14.6263
    endloop
  endfacet
  facet normal 0.831501 0 0.555523
    outer loop
      vertex 39.3981 21 14.3
      vertex 39.1801 4 14.6263
      vertex 39.3981 4 14.3
    endloop
  endfacet
  facet normal 0.555523 0 0.831501
    outer loop
      vertex 38.3 21 15.3981
      vertex 38.6263 4 15.1801
      vertex 38.6263 21 15.1801
    endloop
  endfacet
  facet normal 0.555523 0 0.831501
    outer loop
      vertex 38.6263 4 15.1801
      vertex 38.3 21 15.3981
      vertex 38.3 4 15.3981
    endloop
  endfacet
  facet normal -0.89691 0 0.442212
    outer loop
      vertex 8.42838 4 13.948
      vertex 8.60193 21 14.3
      vertex 8.42838 21 13.948
    endloop
  endfacet
  facet normal -0.89691 0 0.442212
    outer loop
      vertex 8.60193 21 14.3
      vertex 8.42838 4 13.948
      vertex 8.60193 4 14.3
    endloop
  endfacet
  facet normal 0.14019 0.49758 0.856014
    outer loop
      vertex 60.3896 -11.942 10.8032
      vertex 60.0788 -11.942 10.8541
      vertex 60.4399 -12.2679 10.9844
    endloop
  endfacet
  facet normal 0.120748 0.66683 0.735362
    outer loop
      vertex 60.3222 -11.6623 10.5605
      vertex 60.0652 -11.6623 10.6027
      vertex 60.0788 -11.942 10.8541
    endloop
  endfacet
  facet normal 0.16098 -0.103966 0.981467
    outer loop
      vertex 60.4816 -13 11.1344
      vertex 60.0975 -13 11.1974
      vertex 60.471 -13.3742 11.0965
    endloop
  endfacet
  facet normal -0.266033 0.104042 0.958333
    outer loop
      vertex 59.3483 -12.6258 11.0356
      vertex 59.3338 -13 11.0722
      vertex 59.7088 -13 11.1763
    endloop
  endfacet
  facet normal 0.558057 0.103785 0.823287
    outer loop
      vertex 61.1653 -13 10.7719
      vertex 60.8247 -12.6258 10.9556
      vertex 60.8431 -13 10.9903
    endloop
  endfacet
  facet normal -0.757323 -0.307348 0.576194
    outer loop
      vertex 58.7627 -13.6827 10.5
      vertex 58.7218 -13.3742 10.6108
      vertex 58.6375 -13.3742 10.5
    endloop
  endfacet
  facet normal -0.757175 -0.30739 0.576366
    outer loop
      vertex 58.7218 -13.3742 10.6108
      vertex 58.7627 -13.6827 10.5
      vertex 58.8062 -13.7321 10.5308
    endloop
  endfacet
  facet normal -0.199455 0.666875 0.71798
    outer loop
      vertex 59.5542 -11.6623 10.5189
      vertex 59.461 -11.942 10.7528
      vertex 59.8051 -11.6623 10.5886
    endloop
  endfacet
  facet normal -0.231922 0.497832 0.835689
    outer loop
      vertex 59.461 -11.942 10.7528
      vertex 59.3913 -12.2679 10.9276
      vertex 59.7644 -11.942 10.837
    endloop
  endfacet
  facet normal -0.643692 0.104105 0.758171
    outer loop
      vertex 58.7218 -12.6258 10.6108
      vertex 58.6932 -13 10.6379
      vertex 58.9899 -13 10.8898
    endloop
  endfacet
  facet normal 0.629784 0.497544 0.596508
    outer loop
      vertex 61.1036 -12.1336 10.5
      vertex 61.0645 -12.2679 10.6533
      vertex 61.2097 -12.2679 10.5
    endloop
  endfacet
  facet normal -0.199455 -0.666875 0.71798
    outer loop
      vertex 59.8051 -14.3377 10.5886
      vertex 59.461 -14.058 10.7528
      vertex 59.5542 -14.3377 10.5189
    endloop
  endfacet
  facet normal -0.0539104 0.103897 0.993126
    outer loop
      vertex 59.7152 -12.6258 11.1375
      vertex 59.7088 -13 11.1763
      vertex 60.0975 -13 11.1974
    endloop
  endfacet
  facet normal 0.153961 0.307492 0.939013
    outer loop
      vertex 60.4399 -12.2679 10.9844
      vertex 60.0953 -12.6258 11.1581
      vertex 60.471 -12.6258 11.0965
    endloop
  endfacet
  facet normal 0.36807 0.104008 0.923963
    outer loop
      vertex 60.8247 -12.6258 10.9556
      vertex 60.471 -12.6258 11.0965
      vertex 60.4816 -13 11.1344
    endloop
  endfacet
  facet normal 0.533952 -0.307335 0.78768
    outer loop
      vertex 61.1398 -13.3742 10.7419
      vertex 60.7702 -13.7321 10.8528
      vertex 61.0645 -13.7321 10.6533
    endloop
  endfacet
  facet normal 0.153961 -0.307492 0.939013
    outer loop
      vertex 60.471 -13.3742 11.0965
      vertex 60.0953 -13.3742 11.1581
      vertex 60.4399 -13.7321 10.9844
    endloop
  endfacet
  facet normal -0.0470811 0.497824 0.865999
    outer loop
      vertex 60.0788 -11.942 10.8541
      vertex 59.734 -12.2679 11.0227
      vertex 60.089 -12.2679 11.042
    endloop
  endfacet
  facet normal 0.154142 0.307329 0.939036
    outer loop
      vertex 60.4399 -12.2679 10.9844
      vertex 60.089 -12.2679 11.042
      vertex 60.0953 -12.6258 11.1581
    endloop
  endfacet
  facet normal 0.352192 -0.307532 0.88396
    outer loop
      vertex 60.8247 -13.3742 10.9556
      vertex 60.4399 -13.7321 10.9844
      vertex 60.7702 -13.7321 10.8528
    endloop
  endfacet
  facet normal 0.368283 -0.103784 0.923903
    outer loop
      vertex 60.8431 -13 10.9903
      vertex 60.4816 -13 11.1344
      vertex 60.8247 -13.3742 10.9556
    endloop
  endfacet
  facet normal -0.616167 -0.307395 0.725153
    outer loop
      vertex 59.0119 -13.3742 10.8573
      vertex 58.7218 -13.3742 10.6108
      vertex 58.8062 -13.7321 10.5308
    endloop
  endfacet
  facet normal -0.616029 0.307529 0.725213
    outer loop
      vertex 59.0772 -12.2679 10.761
      vertex 58.8062 -12.2679 10.5308
      vertex 59.0119 -12.6258 10.8573
    endloop
  endfacet
  facet normal -0.158127 -0.808849 0.566356
    outer loop
      vertex 59.7704 -14.3932 10.5
      vertex 59.5542 -14.3377 10.5189
      vertex 59.5617 -14.3524 10.5
    endloop
  endfacet
  facet normal -0.157747 -0.807878 0.567845
    outer loop
      vertex 59.5542 -14.3377 10.5189
      vertex 59.7704 -14.3932 10.5
      vertex 59.8051 -14.3377 10.5886
    endloop
  endfacet
  facet normal 0.533952 0.307335 0.78768
    outer loop
      vertex 61.0645 -12.2679 10.6533
      vertex 60.7702 -12.2679 10.8528
      vertex 61.1398 -12.6258 10.7419
    endloop
  endfacet
  facet normal -0.275822 0.808704 0.519538
    outer loop
      vertex 59.5617 -11.6476 10.5
      vertex 59.5186 -11.6623 10.5
      vertex 59.5542 -11.6623 10.5189
    endloop
  endfacet
  facet normal -0.689805 0.497157 0.526312
    outer loop
      vertex 58.8387 -12.1902 10.5
      vertex 58.7827 -12.2679 10.5
      vertex 58.8062 -12.2679 10.5308
    endloop
  endfacet
  facet normal -0.561353 0.497764 0.661146
    outer loop
      vertex 58.8387 -12.1902 10.5
      vertex 59.0772 -12.2679 10.761
      vertex 58.9796 -12.0313 10.5
    endloop
  endfacet
  facet normal -0.561746 0.497105 0.661308
    outer loop
      vertex 59.0772 -12.2679 10.761
      vertex 58.8387 -12.1902 10.5
      vertex 58.8062 -12.2679 10.5308
    endloop
  endfacet
  facet normal 0.534089 -0.307528 0.787512
    outer loop
      vertex 60.8247 -13.3742 10.9556
      vertex 60.7702 -13.7321 10.8528
      vertex 61.1398 -13.3742 10.7419
    endloop
  endfacet
  facet normal 0.120413 -0.667009 0.735255
    outer loop
      vertex 60.3896 -14.058 10.8032
      vertex 60.0788 -14.058 10.8541
      vertex 60.3222 -14.3377 10.5605
    endloop
  endfacet
  facet normal 0.14019 -0.49758 0.856014
    outer loop
      vertex 60.4399 -13.7321 10.9844
      vertex 60.0788 -14.058 10.8541
      vertex 60.3896 -14.058 10.8032
    endloop
  endfacet
  facet normal 0.558057 -0.103785 0.823287
    outer loop
      vertex 60.8431 -13 10.9903
      vertex 60.8247 -13.3742 10.9556
      vertex 61.1653 -13 10.7719
    endloop
  endfacet
  facet normal 0.629472 -0.497783 0.596638
    outer loop
      vertex 60.9427 -14.058 10.5099
      vertex 61.1036 -13.8664 10.5
      vertex 61.0645 -13.7321 10.6533
    endloop
  endfacet
  facet normal 0.629097 -0.497433 0.597325
    outer loop
      vertex 61.1036 -13.8664 10.5
      vertex 60.9427 -14.058 10.5099
      vertex 60.9521 -14.058 10.5
    endloop
  endfacet
  facet normal -0.275822 -0.808704 0.519538
    outer loop
      vertex 59.5542 -14.3377 10.5189
      vertex 59.5186 -14.3377 10.5
      vertex 59.5617 -14.3524 10.5
    endloop
  endfacet
  facet normal 0.321032 -0.497696 0.805753
    outer loop
      vertex 60.7702 -13.7321 10.8528
      vertex 60.4399 -13.7321 10.9844
      vertex 60.6821 -14.058 10.6866
    endloop
  endfacet
  facet normal 0.368283 0.103784 0.923903
    outer loop
      vertex 60.8247 -12.6258 10.9556
      vertex 60.4816 -13 11.1344
      vertex 60.8431 -13 10.9903
    endloop
  endfacet
  facet normal 0.418199 0.666869 0.616762
    outer loop
      vertex 60.7315 -11.8004 10.5
      vertex 60.5832 -11.7074 10.5
      vertex 60.6821 -11.942 10.6866
    endloop
  endfacet
  facet normal -0.254444 0.307473 0.916907
    outer loop
      vertex 59.734 -12.2679 11.0227
      vertex 59.3913 -12.2679 10.9276
      vertex 59.7152 -12.6258 11.1375
    endloop
  endfacet
  facet normal 0.690801 0.307357 0.654466
    outer loop
      vertex 61.1398 -12.6258 10.7419
      vertex 61.3397 -12.56 10.5
      vertex 61.0645 -12.2679 10.6533
    endloop
  endfacet
  facet normal 0.690718 0.307569 0.654454
    outer loop
      vertex 61.3397 -12.56 10.5
      vertex 61.1398 -12.6258 10.7419
      vertex 61.369 -12.6258 10.5
    endloop
  endfacet
  facet normal -0.199296 -0.666765 0.718127
    outer loop
      vertex 59.7644 -14.058 10.837
      vertex 59.461 -14.058 10.7528
      vertex 59.8051 -14.3377 10.5886
    endloop
  endfacet
  facet normal 0.543291 0.662368 0.515852
    outer loop
      vertex 60.9432 -11.9347 10.5
      vertex 60.9427 -11.942 10.5099
      vertex 60.9521 -11.942 10.5
    endloop
  endfacet
  facet normal -0.616167 0.307395 0.725153
    outer loop
      vertex 58.8062 -12.2679 10.5308
      vertex 58.7218 -12.6258 10.6108
      vertex 59.0119 -12.6258 10.8573
    endloop
  endfacet
  facet normal -0.561364 0.497872 0.661055
    outer loop
      vertex 58.9796 -12.0313 10.5
      vertex 59.1828 -11.942 10.6053
      vertex 59.0588 -11.942 10.5
    endloop
  endfacet
  facet normal -0.56136 0.497759 0.661144
    outer loop
      vertex 59.1828 -11.942 10.6053
      vertex 58.9796 -12.0313 10.5
      vertex 59.0772 -12.2679 10.761
    endloop
  endfacet
  facet normal -0.0539104 -0.103897 0.993126
    outer loop
      vertex 60.0975 -13 11.1974
      vertex 59.7088 -13 11.1763
      vertex 59.7152 -13.3742 11.1375
    endloop
  endfacet
  facet normal -0.254444 -0.307473 0.916907
    outer loop
      vertex 59.7152 -13.3742 11.1375
      vertex 59.3913 -13.7321 10.9276
      vertex 59.734 -13.7321 11.0227
    endloop
  endfacet
  facet normal -0.254656 0.307283 0.916912
    outer loop
      vertex 59.3913 -12.2679 10.9276
      vertex 59.3483 -12.6258 11.0356
      vertex 59.7152 -12.6258 11.1375
    endloop
  endfacet
  facet normal -0.791868 0.10386 0.601796
    outer loop
      vertex 58.6089 -12.8437 10.5
      vertex 58.5884 -13 10.5
      vertex 58.6932 -13 10.6379
    endloop
  endfacet
  facet normal -0.349158 -0.666887 0.658294
    outer loop
      vertex 59.5186 -14.3377 10.5
      vertex 59.461 -14.058 10.7528
      vertex 59.3637 -14.2566 10.5
    endloop
  endfacet
  facet normal -0.349431 -0.666848 0.658188
    outer loop
      vertex 59.461 -14.058 10.7528
      vertex 59.5186 -14.3377 10.5
      vertex 59.5542 -14.3377 10.5189
    endloop
  endfacet
  facet normal 0.558244 -0.104033 0.823129
    outer loop
      vertex 61.1653 -13 10.7719
      vertex 60.8247 -13.3742 10.9556
      vertex 61.1398 -13.3742 10.7419
    endloop
  endfacet
  facet normal 0.36807 -0.104008 0.923963
    outer loop
      vertex 60.4816 -13 11.1344
      vertex 60.471 -13.3742 11.0965
      vertex 60.8247 -13.3742 10.9556
    endloop
  endfacet
  facet normal 0.543291 -0.662368 0.515852
    outer loop
      vertex 60.9521 -14.058 10.5
      vertex 60.9427 -14.058 10.5099
      vertex 60.9432 -14.0653 10.5
    endloop
  endfacet
  facet normal 0.690857 -0.307468 0.654354
    outer loop
      vertex 61.3397 -13.44 10.5
      vertex 61.0645 -13.7321 10.6533
      vertex 61.2097 -13.7321 10.5
    endloop
  endfacet
  facet normal 0.532882 -0.667978 0.519463
    outer loop
      vertex 60.9427 -14.058 10.5099
      vertex 60.9343 -14.0724 10.5
      vertex 60.9432 -14.0653 10.5
    endloop
  endfacet
  facet normal -0.0319076 -0.8078 0.588593
    outer loop
      vertex 59.8796 -14.4052 10.5
      vertex 60.0652 -14.3377 10.6027
      vertex 59.8051 -14.3377 10.5886
    endloop
  endfacet
  facet normal -0.0322977 -0.807442 0.589063
    outer loop
      vertex 60.0652 -14.3377 10.6027
      vertex 59.8796 -14.4052 10.5
      vertex 60.0596 -14.4124 10.5
    endloop
  endfacet
  facet normal -0.0471005 -0.49784 0.865989
    outer loop
      vertex 60.0788 -14.058 10.8541
      vertex 59.734 -13.7321 11.0227
      vertex 59.7644 -14.058 10.837
    endloop
  endfacet
  facet normal -0.199296 0.666765 0.718127
    outer loop
      vertex 59.8051 -11.6623 10.5886
      vertex 59.461 -11.942 10.7528
      vertex 59.7644 -11.942 10.837
    endloop
  endfacet
  facet normal -0.0404744 0.666774 0.74416
    outer loop
      vertex 59.8051 -11.6623 10.5886
      vertex 59.7644 -11.942 10.837
      vertex 60.0788 -11.942 10.8541
    endloop
  endfacet
  facet normal 0.120413 0.667009 0.735255
    outer loop
      vertex 60.3222 -11.6623 10.5605
      vertex 60.0788 -11.942 10.8541
      vertex 60.3896 -11.942 10.8032
    endloop
  endfacet
  facet normal 0.275929 -0.666887 0.692188
    outer loop
      vertex 60.3896 -14.058 10.8032
      vertex 60.5832 -14.2926 10.5
      vertex 60.6821 -14.058 10.6866
    endloop
  endfacet
  facet normal 0.275703 -0.667022 0.692148
    outer loop
      vertex 60.5832 -14.2926 10.5
      vertex 60.3896 -14.058 10.8032
      vertex 60.5457 -14.3081 10.5
    endloop
  endfacet
  facet normal 0.0953186 0.807485 0.582136
    outer loop
      vertex 60.1189 -11.5946 10.5
      vertex 60.0596 -11.5876 10.5
      vertex 60.0652 -11.6623 10.6027
    endloop
  endfacet
  facet normal 0.690857 0.307468 0.654354
    outer loop
      vertex 61.2097 -12.2679 10.5
      vertex 61.0645 -12.2679 10.6533
      vertex 61.3397 -12.56 10.5
    endloop
  endfacet
  facet normal -0.445654 0.307269 0.84082
    outer loop
      vertex 59.3913 -12.2679 10.9276
      vertex 59.0119 -12.6258 10.8573
      vertex 59.3483 -12.6258 11.0356
    endloop
  endfacet
  facet normal -0.445864 0.307533 0.840612
    outer loop
      vertex 59.0772 -12.2679 10.761
      vertex 59.0119 -12.6258 10.8573
      vertex 59.3913 -12.2679 10.9276
    endloop
  endfacet
  facet normal -0.266154 0.103917 0.958313
    outer loop
      vertex 59.7152 -12.6258 11.1375
      vertex 59.3483 -12.6258 11.0356
      vertex 59.7088 -13 11.1763
    endloop
  endfacet
  facet normal -0.266154 -0.103917 0.958313
    outer loop
      vertex 59.7088 -13 11.1763
      vertex 59.3483 -13.3742 11.0356
      vertex 59.7152 -13.3742 11.1375
    endloop
  endfacet
  facet normal -0.791537 -0.103892 0.602225
    outer loop
      vertex 58.7218 -13.3742 10.6108
      vertex 58.6089 -13.1563 10.5
      vertex 58.6375 -13.3742 10.5
    endloop
  endfacet
  facet normal -0.791701 -0.104105 0.601973
    outer loop
      vertex 58.6089 -13.1563 10.5
      vertex 58.7218 -13.3742 10.6108
      vertex 58.6932 -13 10.6379
    endloop
  endfacet
  facet normal -0.231908 -0.49782 0.8357
    outer loop
      vertex 59.734 -13.7321 11.0227
      vertex 59.3913 -13.7321 10.9276
      vertex 59.7644 -14.058 10.837
    endloop
  endfacet
  facet normal -0.349005 -0.666946 0.658315
    outer loop
      vertex 59.3637 -14.2566 10.5
      vertex 59.1828 -14.058 10.6053
      vertex 59.2542 -14.1993 10.5
    endloop
  endfacet
  facet normal -0.349025 -0.666954 0.658296
    outer loop
      vertex 59.1828 -14.058 10.6053
      vertex 59.3637 -14.2566 10.5
      vertex 59.461 -14.058 10.7528
    endloop
  endfacet
  facet normal 0.690718 -0.307569 0.654454
    outer loop
      vertex 61.1398 -13.3742 10.7419
      vertex 61.3397 -13.44 10.5
      vertex 61.369 -13.3742 10.5
    endloop
  endfacet
  facet normal 0.690801 -0.307357 0.654466
    outer loop
      vertex 61.3397 -13.44 10.5
      vertex 61.1398 -13.3742 10.7419
      vertex 61.0645 -13.7321 10.6533
    endloop
  endfacet
  facet normal 0.629784 -0.497544 0.596508
    outer loop
      vertex 61.2097 -13.7321 10.5
      vertex 61.0645 -13.7321 10.6533
      vertex 61.1036 -13.8664 10.5
    endloop
  endfacet
  facet normal 0.486765 -0.49769 0.717889
    outer loop
      vertex 60.7702 -13.7321 10.8528
      vertex 60.6821 -14.058 10.6866
      vertex 60.9427 -14.058 10.5099
    endloop
  endfacet
  facet normal 0.486656 -0.497769 0.717909
    outer loop
      vertex 61.0645 -13.7321 10.6533
      vertex 60.7702 -13.7321 10.8528
      vertex 60.9427 -14.058 10.5099
    endloop
  endfacet
  facet normal 0.321202 -0.497576 0.805759
    outer loop
      vertex 60.4399 -13.7321 10.9844
      vertex 60.3896 -14.058 10.8032
      vertex 60.6821 -14.058 10.6866
    endloop
  endfacet
  facet normal 0.275744 -0.667001 0.692152
    outer loop
      vertex 60.3896 -14.058 10.8032
      vertex 60.4741 -14.3377 10.5
      vertex 60.5457 -14.3081 10.5
    endloop
  endfacet
  facet normal 0.275678 -0.667025 0.692156
    outer loop
      vertex 60.4741 -14.3377 10.5
      vertex 60.3896 -14.058 10.8032
      vertex 60.3222 -14.3377 10.5605
    endloop
  endfacet
  facet normal -0.0514952 0.307478 0.950161
    outer loop
      vertex 59.734 -12.2679 11.0227
      vertex 59.7152 -12.6258 11.1375
      vertex 60.0953 -12.6258 11.1581
    endloop
  endfacet
  facet normal 0.275703 0.667022 0.692148
    outer loop
      vertex 60.3896 -11.942 10.8032
      vertex 60.5832 -11.7074 10.5
      vertex 60.5457 -11.6919 10.5
    endloop
  endfacet
  facet normal 0.275929 0.666887 0.692188
    outer loop
      vertex 60.5832 -11.7074 10.5
      vertex 60.3896 -11.942 10.8032
      vertex 60.6821 -11.942 10.6866
    endloop
  endfacet
  facet normal -0.0538235 0.103985 0.993121
    outer loop
      vertex 60.0953 -12.6258 11.1581
      vertex 59.7152 -12.6258 11.1375
      vertex 60.0975 -13 11.1974
    endloop
  endfacet
  facet normal -0.0516588 0.307328 0.9502
    outer loop
      vertex 60.089 -12.2679 11.042
      vertex 59.734 -12.2679 11.0227
      vertex 60.0953 -12.6258 11.1581
    endloop
  endfacet
  facet normal -0.0403376 0.66685 0.744099
    outer loop
      vertex 60.0652 -11.6623 10.6027
      vertex 59.8051 -11.6623 10.5886
      vertex 60.0788 -11.942 10.8541
    endloop
  endfacet
  facet normal 0.321032 0.497696 0.805753
    outer loop
      vertex 60.6821 -11.942 10.6866
      vertex 60.4399 -12.2679 10.9844
      vertex 60.7702 -12.2679 10.8528
    endloop
  endfacet
  facet normal 0.629097 0.497433 0.597325
    outer loop
      vertex 60.9427 -11.942 10.5099
      vertex 61.1036 -12.1336 10.5
      vertex 60.9521 -11.942 10.5
    endloop
  endfacet
  facet normal 0.629472 0.497783 0.596638
    outer loop
      vertex 61.1036 -12.1336 10.5
      vertex 60.9427 -11.942 10.5099
      vertex 61.0645 -12.2679 10.6533
    endloop
  endfacet
  facet normal 0.418691 0.667535 0.615707
    outer loop
      vertex 60.7315 -11.8004 10.5
      vertex 60.9427 -11.942 10.5099
      vertex 60.9343 -11.9276 10.5
    endloop
  endfacet
  facet normal 0.418196 0.666871 0.616762
    outer loop
      vertex 60.9427 -11.942 10.5099
      vertex 60.7315 -11.8004 10.5
      vertex 60.6821 -11.942 10.6866
    endloop
  endfacet
  facet normal -0.0310045 0.807466 0.589099
    outer loop
      vertex 59.8197 -11.5971 10.5
      vertex 59.8051 -11.6623 10.5886
      vertex 59.8796 -11.5948 10.5
    endloop
  endfacet
  facet normal 0.722052 0.102905 0.684143
    outer loop
      vertex 61.1398 -12.6258 10.7419
      vertex 61.375 -12.6679 10.5
      vertex 61.369 -12.6258 10.5
    endloop
  endfacet
  facet normal 0.722064 0.104039 0.683958
    outer loop
      vertex 61.375 -12.6679 10.5
      vertex 61.1398 -12.6258 10.7419
      vertex 61.1653 -13 10.7719
    endloop
  endfacet
  facet normal 0.722064 -0.104039 0.683958
    outer loop
      vertex 61.1398 -13.3742 10.7419
      vertex 61.375 -13.3321 10.5
      vertex 61.1653 -13 10.7719
    endloop
  endfacet
  facet normal 0.722052 -0.102905 0.684143
    outer loop
      vertex 61.375 -13.3321 10.5
      vertex 61.1398 -13.3742 10.7419
      vertex 61.369 -13.3742 10.5
    endloop
  endfacet
  facet normal -0.756781 0.306389 0.577414
    outer loop
      vertex 58.7827 -12.2679 10.5
      vertex 58.7627 -12.3173 10.5
      vertex 58.8062 -12.2679 10.5308
    endloop
  endfacet
  facet normal -0.644028 0.103692 0.757942
    outer loop
      vertex 59.0119 -12.6258 10.8573
      vertex 58.7218 -12.6258 10.6108
      vertex 58.9899 -13 10.8898
    endloop
  endfacet
  facet normal -0.465785 0.10371 0.8788
    outer loop
      vertex 59.0119 -12.6258 10.8573
      vertex 58.9899 -13 10.8898
      vertex 59.3483 -12.6258 11.0356
    endloop
  endfacet
  facet normal -0.266033 -0.104042 0.958333
    outer loop
      vertex 59.7088 -13 11.1763
      vertex 59.3338 -13 11.0722
      vertex 59.3483 -13.3742 11.0356
    endloop
  endfacet
  facet normal -0.46602 0.103997 0.878641
    outer loop
      vertex 59.3483 -12.6258 11.0356
      vertex 58.9899 -13 10.8898
      vertex 59.3338 -13 11.0722
    endloop
  endfacet
  facet normal -0.791868 -0.10386 0.601796
    outer loop
      vertex 58.6932 -13 10.6379
      vertex 58.5884 -13 10.5
      vertex 58.6089 -13.1563 10.5
    endloop
  endfacet
  facet normal -0.756781 -0.306389 0.577414
    outer loop
      vertex 58.8062 -13.7321 10.5308
      vertex 58.7627 -13.6827 10.5
      vertex 58.7827 -13.7321 10.5
    endloop
  endfacet
  facet normal -0.561353 -0.497764 0.661146
    outer loop
      vertex 59.0772 -13.7321 10.761
      vertex 58.8387 -13.8098 10.5
      vertex 58.9796 -13.9687 10.5
    endloop
  endfacet
  facet normal -0.561746 -0.497105 0.661308
    outer loop
      vertex 58.8387 -13.8098 10.5
      vertex 59.0772 -13.7321 10.761
      vertex 58.8062 -13.7321 10.5308
    endloop
  endfacet
  facet normal -0.445654 -0.307269 0.84082
    outer loop
      vertex 59.3483 -13.3742 11.0356
      vertex 59.0119 -13.3742 10.8573
      vertex 59.3913 -13.7321 10.9276
    endloop
  endfacet
  facet normal -0.254656 -0.307283 0.916912
    outer loop
      vertex 59.7152 -13.3742 11.1375
      vertex 59.3483 -13.3742 11.0356
      vertex 59.3913 -13.7321 10.9276
    endloop
  endfacet
  facet normal -0.0310045 -0.807466 0.589099
    outer loop
      vertex 59.8796 -14.4052 10.5
      vertex 59.8051 -14.3377 10.5886
      vertex 59.8197 -14.4029 10.5
    endloop
  endfacet
  facet normal -0.0403376 -0.66685 0.744099
    outer loop
      vertex 60.0788 -14.058 10.8541
      vertex 59.8051 -14.3377 10.5886
      vertex 60.0652 -14.3377 10.6027
    endloop
  endfacet
  facet normal -0.0404744 -0.666774 0.74416
    outer loop
      vertex 60.0788 -14.058 10.8541
      vertex 59.7644 -14.058 10.837
      vertex 59.8051 -14.3377 10.5886
    endloop
  endfacet
  facet normal 0.120748 -0.66683 0.735362
    outer loop
      vertex 60.0788 -14.058 10.8541
      vertex 60.0652 -14.3377 10.6027
      vertex 60.3222 -14.3377 10.5605
    endloop
  endfacet
  facet normal 0.722139 0.103939 0.683894
    outer loop
      vertex 61.375 -12.6679 10.5
      vertex 61.1653 -13 10.7719
      vertex 61.4228 -13 10.5
    endloop
  endfacet
  facet normal 0.352148 -0.307481 0.883995
    outer loop
      vertex 60.471 -13.3742 11.0965
      vertex 60.4399 -13.7321 10.9844
      vertex 60.8247 -13.3742 10.9556
    endloop
  endfacet
  facet normal -0.0514952 -0.307478 0.950161
    outer loop
      vertex 60.0953 -13.3742 11.1581
      vertex 59.7152 -13.3742 11.1375
      vertex 59.734 -13.7321 11.0227
    endloop
  endfacet
  facet normal 0.418199 -0.666869 0.616762
    outer loop
      vertex 60.6821 -14.058 10.6866
      vertex 60.5832 -14.2926 10.5
      vertex 60.7315 -14.1996 10.5
    endloop
  endfacet
  facet normal 0.418196 -0.666871 0.616762
    outer loop
      vertex 60.7315 -14.1996 10.5
      vertex 60.9427 -14.058 10.5099
      vertex 60.6821 -14.058 10.6866
    endloop
  endfacet
  facet normal 0.418691 -0.667535 0.615707
    outer loop
      vertex 60.9427 -14.058 10.5099
      vertex 60.7315 -14.1996 10.5
      vertex 60.9343 -14.0724 10.5
    endloop
  endfacet
  facet normal -0.158881 0.807508 0.568057
    outer loop
      vertex 59.8197 -11.5971 10.5
      vertex 59.7704 -11.6068 10.5
      vertex 59.8051 -11.6623 10.5886
    endloop
  endfacet
  facet normal -0.157747 0.807878 0.567845
    outer loop
      vertex 59.7704 -11.6068 10.5
      vertex 59.5542 -11.6623 10.5189
      vertex 59.8051 -11.6623 10.5886
    endloop
  endfacet
  facet normal -0.158127 0.808849 0.566356
    outer loop
      vertex 59.5542 -11.6623 10.5189
      vertex 59.7704 -11.6068 10.5
      vertex 59.5617 -11.6476 10.5
    endloop
  endfacet
  facet normal -0.0471005 0.49784 0.865989
    outer loop
      vertex 59.7644 -11.942 10.837
      vertex 59.734 -12.2679 11.0227
      vertex 60.0788 -11.942 10.8541
    endloop
  endfacet
  facet normal -0.231908 0.49782 0.8357
    outer loop
      vertex 59.7644 -11.942 10.837
      vertex 59.3913 -12.2679 10.9276
      vertex 59.734 -12.2679 11.0227
    endloop
  endfacet
  facet normal 0.160922 0.104024 0.98147
    outer loop
      vertex 60.471 -12.6258 11.0965
      vertex 60.0953 -12.6258 11.1581
      vertex 60.0975 -13 11.1974
    endloop
  endfacet
  facet normal 0.16098 0.103966 0.981467
    outer loop
      vertex 60.471 -12.6258 11.0965
      vertex 60.0975 -13 11.1974
      vertex 60.4816 -13 11.1344
    endloop
  endfacet
  facet normal 0.0956875 0.807499 0.582056
    outer loop
      vertex 60.1189 -11.5946 10.5
      vertex 60.3222 -11.6623 10.5605
      vertex 60.3054 -11.6167 10.5
    endloop
  endfacet
  facet normal 0.0956021 0.80739 0.582221
    outer loop
      vertex 60.3222 -11.6623 10.5605
      vertex 60.1189 -11.5946 10.5
      vertex 60.0652 -11.6623 10.6027
    endloop
  endfacet
  facet normal 0.275744 0.667001 0.692152
    outer loop
      vertex 60.4741 -11.6623 10.5
      vertex 60.3896 -11.942 10.8032
      vertex 60.5457 -11.6919 10.5
    endloop
  endfacet
  facet normal 0.275678 0.667025 0.692156
    outer loop
      vertex 60.3896 -11.942 10.8032
      vertex 60.4741 -11.6623 10.5
      vertex 60.3222 -11.6623 10.5605
    endloop
  endfacet
  facet normal -0.158881 -0.807508 0.568057
    outer loop
      vertex 59.8051 -14.3377 10.5886
      vertex 59.7704 -14.3932 10.5
      vertex 59.8197 -14.4029 10.5
    endloop
  endfacet
  facet normal 0.218267 -0.807491 0.548012
    outer loop
      vertex 60.3222 -14.3377 10.5605
      vertex 60.3054 -14.3833 10.5
      vertex 60.4741 -14.3377 10.5
    endloop
  endfacet
  facet normal -0.56136 -0.497759 0.661144
    outer loop
      vertex 58.9796 -13.9687 10.5
      vertex 59.1828 -14.058 10.6053
      vertex 59.0772 -13.7321 10.761
    endloop
  endfacet
  facet normal -0.561364 -0.497872 0.661055
    outer loop
      vertex 59.1828 -14.058 10.6053
      vertex 58.9796 -13.9687 10.5
      vertex 59.0588 -14.058 10.5
    endloop
  endfacet
  facet normal 0.486765 0.49769 0.717889
    outer loop
      vertex 60.9427 -11.942 10.5099
      vertex 60.6821 -11.942 10.6866
      vertex 60.7702 -12.2679 10.8528
    endloop
  endfacet
  facet normal 0.558244 0.104033 0.823129
    outer loop
      vertex 61.1398 -12.6258 10.7419
      vertex 60.8247 -12.6258 10.9556
      vertex 61.1653 -13 10.7719
    endloop
  endfacet
  facet normal -0.406403 0.497747 0.766214
    outer loop
      vertex 59.1828 -11.942 10.6053
      vertex 59.0772 -12.2679 10.761
      vertex 59.3913 -12.2679 10.9276
    endloop
  endfacet
  facet normal -0.406248 0.497857 0.766225
    outer loop
      vertex 59.461 -11.942 10.7528
      vertex 59.1828 -11.942 10.6053
      vertex 59.3913 -12.2679 10.9276
    endloop
  endfacet
  facet normal -0.482296 0.666954 0.567946
    outer loop
      vertex 59.2542 -11.8007 10.5
      vertex 59.0588 -11.942 10.5
      vertex 59.1828 -11.942 10.6053
    endloop
  endfacet
  facet normal -0.757323 0.307348 0.576194
    outer loop
      vertex 58.7218 -12.6258 10.6108
      vertex 58.7627 -12.3173 10.5
      vertex 58.6375 -12.6258 10.5
    endloop
  endfacet
  facet normal -0.757175 0.30739 0.576366
    outer loop
      vertex 58.7627 -12.3173 10.5
      vertex 58.7218 -12.6258 10.6108
      vertex 58.8062 -12.2679 10.5308
    endloop
  endfacet
  facet normal -0.791537 0.103892 0.602225
    outer loop
      vertex 58.6089 -12.8437 10.5
      vertex 58.7218 -12.6258 10.6108
      vertex 58.6375 -12.6258 10.5
    endloop
  endfacet
  facet normal -0.791701 0.104105 0.601973
    outer loop
      vertex 58.7218 -12.6258 10.6108
      vertex 58.6089 -12.8437 10.5
      vertex 58.6932 -13 10.6379
    endloop
  endfacet
  facet normal -0.643692 -0.104105 0.758171
    outer loop
      vertex 58.9899 -13 10.8898
      vertex 58.6932 -13 10.6379
      vertex 58.7218 -13.3742 10.6108
    endloop
  endfacet
  facet normal -0.644028 -0.103692 0.757942
    outer loop
      vertex 58.9899 -13 10.8898
      vertex 58.7218 -13.3742 10.6108
      vertex 59.0119 -13.3742 10.8573
    endloop
  endfacet
  facet normal -0.616029 -0.307529 0.725213
    outer loop
      vertex 59.0119 -13.3742 10.8573
      vertex 58.8062 -13.7321 10.5308
      vertex 59.0772 -13.7321 10.761
    endloop
  endfacet
  facet normal -0.231922 -0.497832 0.835689
    outer loop
      vertex 59.7644 -14.058 10.837
      vertex 59.3913 -13.7321 10.9276
      vertex 59.461 -14.058 10.7528
    endloop
  endfacet
  facet normal -0.406248 -0.497857 0.766225
    outer loop
      vertex 59.3913 -13.7321 10.9276
      vertex 59.1828 -14.058 10.6053
      vertex 59.461 -14.058 10.7528
    endloop
  endfacet
  facet normal -0.0470811 -0.497824 0.865999
    outer loop
      vertex 60.089 -13.7321 11.042
      vertex 59.734 -13.7321 11.0227
      vertex 60.0788 -14.058 10.8541
    endloop
  endfacet
  facet normal 0.140483 -0.497828 0.855823
    outer loop
      vertex 60.089 -13.7321 11.042
      vertex 60.0788 -14.058 10.8541
      vertex 60.4399 -13.7321 10.9844
    endloop
  endfacet
  facet normal -0.46602 -0.103997 0.878641
    outer loop
      vertex 59.3338 -13 11.0722
      vertex 58.9899 -13 10.8898
      vertex 59.3483 -13.3742 11.0356
    endloop
  endfacet
  facet normal -0.465785 -0.10371 0.8788
    outer loop
      vertex 59.3483 -13.3742 11.0356
      vertex 58.9899 -13 10.8898
      vertex 59.0119 -13.3742 10.8573
    endloop
  endfacet
  facet normal 0.0953186 -0.807485 0.582136
    outer loop
      vertex 60.0652 -14.3377 10.6027
      vertex 60.0596 -14.4124 10.5
      vertex 60.1189 -14.4054 10.5
    endloop
  endfacet
  facet normal 0.0956021 -0.80739 0.582221
    outer loop
      vertex 60.1189 -14.4054 10.5
      vertex 60.3222 -14.3377 10.5605
      vertex 60.0652 -14.3377 10.6027
    endloop
  endfacet
  facet normal 0.0956875 -0.807499 0.582056
    outer loop
      vertex 60.3222 -14.3377 10.5605
      vertex 60.1189 -14.4054 10.5
      vertex 60.3054 -14.3833 10.5
    endloop
  endfacet
  facet normal 0.722139 -0.103939 0.683894
    outer loop
      vertex 61.4228 -13 10.5
      vertex 61.1653 -13 10.7719
      vertex 61.375 -13.3321 10.5
    endloop
  endfacet
  facet normal 0.218267 0.807491 0.548012
    outer loop
      vertex 60.4741 -11.6623 10.5
      vertex 60.3054 -11.6167 10.5
      vertex 60.3222 -11.6623 10.5605
    endloop
  endfacet
  facet normal -0.0322977 0.807442 0.589063
    outer loop
      vertex 59.8796 -11.5948 10.5
      vertex 60.0652 -11.6623 10.6027
      vertex 60.0596 -11.5876 10.5
    endloop
  endfacet
  facet normal -0.0319076 0.8078 0.588593
    outer loop
      vertex 60.0652 -11.6623 10.6027
      vertex 59.8796 -11.5948 10.5
      vertex 59.8051 -11.6623 10.5886
    endloop
  endfacet
  facet normal 0.352148 0.307481 0.883995
    outer loop
      vertex 60.8247 -12.6258 10.9556
      vertex 60.4399 -12.2679 10.9844
      vertex 60.471 -12.6258 11.0965
    endloop
  endfacet
  facet normal 0.140483 0.497828 0.855823
    outer loop
      vertex 60.4399 -12.2679 10.9844
      vertex 60.0788 -11.942 10.8541
      vertex 60.089 -12.2679 11.042
    endloop
  endfacet
  facet normal 0.486656 0.497769 0.717909
    outer loop
      vertex 60.9427 -11.942 10.5099
      vertex 60.7702 -12.2679 10.8528
      vertex 61.0645 -12.2679 10.6533
    endloop
  endfacet
  facet normal 0.321202 0.497576 0.805759
    outer loop
      vertex 60.6821 -11.942 10.6866
      vertex 60.3896 -11.942 10.8032
      vertex 60.4399 -12.2679 10.9844
    endloop
  endfacet
  facet normal 0.532882 0.667978 0.519463
    outer loop
      vertex 60.9432 -11.9347 10.5
      vertex 60.9343 -11.9276 10.5
      vertex 60.9427 -11.942 10.5099
    endloop
  endfacet
  facet normal -0.406403 -0.497747 0.766214
    outer loop
      vertex 59.3913 -13.7321 10.9276
      vertex 59.0772 -13.7321 10.761
      vertex 59.1828 -14.058 10.6053
    endloop
  endfacet
  facet normal -0.445864 -0.307533 0.840612
    outer loop
      vertex 59.3913 -13.7321 10.9276
      vertex 59.0119 -13.3742 10.8573
      vertex 59.0772 -13.7321 10.761
    endloop
  endfacet
  facet normal 0.154142 -0.307329 0.939036
    outer loop
      vertex 60.0953 -13.3742 11.1581
      vertex 60.089 -13.7321 11.042
      vertex 60.4399 -13.7321 10.9844
    endloop
  endfacet
  facet normal -0.0516588 -0.307328 0.9502
    outer loop
      vertex 60.0953 -13.3742 11.1581
      vertex 59.734 -13.7321 11.0227
      vertex 60.089 -13.7321 11.042
    endloop
  endfacet
  facet normal 0.352192 0.307532 0.88396
    outer loop
      vertex 60.7702 -12.2679 10.8528
      vertex 60.4399 -12.2679 10.9844
      vertex 60.8247 -12.6258 10.9556
    endloop
  endfacet
  facet normal 0.534089 0.307528 0.787512
    outer loop
      vertex 61.1398 -12.6258 10.7419
      vertex 60.7702 -12.2679 10.8528
      vertex 60.8247 -12.6258 10.9556
    endloop
  endfacet
  facet normal -0.349025 0.666954 0.658296
    outer loop
      vertex 59.3637 -11.7434 10.5
      vertex 59.1828 -11.942 10.6053
      vertex 59.461 -11.942 10.7528
    endloop
  endfacet
  facet normal -0.349005 0.666946 0.658315
    outer loop
      vertex 59.1828 -11.942 10.6053
      vertex 59.3637 -11.7434 10.5
      vertex 59.2542 -11.8007 10.5
    endloop
  endfacet
  facet normal -0.349431 0.666848 0.658188
    outer loop
      vertex 59.5186 -11.6623 10.5
      vertex 59.461 -11.942 10.7528
      vertex 59.5542 -11.6623 10.5189
    endloop
  endfacet
  facet normal -0.349158 0.666887 0.658294
    outer loop
      vertex 59.461 -11.942 10.7528
      vertex 59.5186 -11.6623 10.5
      vertex 59.3637 -11.7434 10.5
    endloop
  endfacet
  facet normal -0.689805 -0.497157 0.526312
    outer loop
      vertex 58.8062 -13.7321 10.5308
      vertex 58.7827 -13.7321 10.5
      vertex 58.8387 -13.8098 10.5
    endloop
  endfacet
  facet normal 0.160922 -0.104024 0.98147
    outer loop
      vertex 60.0975 -13 11.1974
      vertex 60.0953 -13.3742 11.1581
      vertex 60.471 -13.3742 11.0965
    endloop
  endfacet
  facet normal -0.0538235 -0.103985 0.993121
    outer loop
      vertex 60.0975 -13 11.1974
      vertex 59.7152 -13.3742 11.1375
      vertex 60.0953 -13.3742 11.1581
    endloop
  endfacet
  facet normal -0.482296 -0.666954 0.567946
    outer loop
      vertex 59.1828 -14.058 10.6053
      vertex 59.0588 -14.058 10.5
      vertex 59.2542 -14.1993 10.5
    endloop
  endfacet
  facet normal 0.471634 0 0.881795
    outer loop
      vertex 67.7654 -4.6 10.3478
      vertex 68.1111 -15.6 10.1629
      vertex 68.1111 -4.6 10.1629
    endloop
  endfacet
  facet normal 0.471634 0 0.881795
    outer loop
      vertex 68.1111 -15.6 10.1629
      vertex 67.7654 -4.6 10.3478
      vertex 67.7654 -15.6 10.3478
    endloop
  endfacet
  facet normal 0.290248 0 0.956951
    outer loop
      vertex 67.3902 -4.6 10.4616
      vertex 67.7654 -15.6 10.3478
      vertex 67.7654 -4.6 10.3478
    endloop
  endfacet
  facet normal 0.290248 0 0.956951
    outer loop
      vertex 67.7654 -15.6 10.3478
      vertex 67.3902 -4.6 10.4616
      vertex 67.3902 -15.6 10.4616
    endloop
  endfacet
  facet normal 0 1 0
    outer loop
      vertex 68.6967 -4.6 9.54802
      vertex 67 -4.6 10.5
      vertex 67.3902 -4.6 10.4616
    endloop
  endfacet
  facet normal 0 1 0
    outer loop
      vertex 67 -4.6 10.5
      vertex 68.6967 -4.6 9.54802
      vertex 53 -4.6 10.5
    endloop
  endfacet
  facet normal 0 1 0
    outer loop
      vertex 68.6967 -4.6 9.54802
      vertex 67.3902 -4.6 10.4616
      vertex 67.7654 -4.6 10.3478
    endloop
  endfacet
  facet normal 0 1 0
    outer loop
      vertex 51.3033 -4.6 9.54802
      vertex 53 -4.6 10.5
      vertex 68.6967 -4.6 9.54802
    endloop
  endfacet
  facet normal 0 1 0
    outer loop
      vertex 68.6967 -4.6 9.54802
      vertex 67.7654 -4.6 10.3478
      vertex 68.1111 -4.6 10.1629
    endloop
  endfacet
  facet normal 0 1 0
    outer loop
      vertex 53 -4.6 10.5
      vertex 51.3033 -4.6 9.54802
      vertex 52.6098 -4.6 10.4616
    endloop
  endfacet
  facet normal 0 1 0
    outer loop
      vertex 68.6967 -4.6 9.54802
      vertex 68.1111 -4.6 10.1629
      vertex 68.4142 -4.6 9.91422
    endloop
  endfacet
  facet normal 0 1 0
    outer loop
      vertex 52.6098 -4.6 10.4616
      vertex 51.3033 -4.6 9.54802
      vertex 52.2346 -4.6 10.3478
    endloop
  endfacet
  facet normal 0 1 0
    outer loop
      vertex 68.6967 -4.6 9.54802
      vertex 68.4142 -4.6 9.91422
      vertex 68.6629 -4.6 9.61115
    endloop
  endfacet
  facet normal 0 1 0
    outer loop
      vertex 52.2346 -4.6 10.3478
      vertex 51.3033 -4.6 9.54802
      vertex 51.8889 -4.6 10.1629
    endloop
  endfacet
  facet normal 0 1 0
    outer loop
      vertex 51.8889 -4.6 10.1629
      vertex 51.3033 -4.6 9.54802
      vertex 51.5858 -4.6 9.91422
    endloop
  endfacet
  facet normal 0 1 0
    outer loop
      vertex 51.5858 -4.6 9.91422
      vertex 51.3033 -4.6 9.54802
      vertex 51.3371 -4.6 9.61115
    endloop
  endfacet
  facet normal -1 0 0
    outer loop
      vertex 51 -15.6 0
      vertex 51 -10.5742 0.739418
      vertex 51 -10.6 0
    endloop
  endfacet
  facet normal -1 0 0
    outer loop
      vertex 51 -15.6 0
      vertex 51 -10.4968 1.47523
      vertex 51 -10.5742 0.739418
    endloop
  endfacet
  facet normal -1 0 0
    outer loop
      vertex 51 -15.6 0
      vertex 51 -10.3684 2.20386
      vertex 51 -10.4968 1.47523
    endloop
  endfacet
  facet normal -1 0 0
    outer loop
      vertex 51 -15.6 0
      vertex 51 -10.1894 2.92176
      vertex 51 -10.3684 2.20386
    endloop
  endfacet
  facet normal -1 0 0
    outer loop
      vertex 51 -15.6 8.5
      vertex 51 -10.1894 2.92176
      vertex 51 -15.6 0
    endloop
  endfacet
  facet normal -1 0 0
    outer loop
      vertex 51 -10.1894 2.92176
      vertex 51 -15.6 8.5
      vertex 51 -9.96074 3.62541
    endloop
  endfacet
  facet normal -1 0 0
    outer loop
      vertex 51 -9.96074 3.62541
      vertex 51 -15.6 8.5
      vertex 51 -9.68358 4.31141
    endloop
  endfacet
  facet normal -1 0 0
    outer loop
      vertex 51 -9.68358 4.31141
      vertex 51 -15.6 8.5
      vertex 51 -9.35924 4.9764
    endloop
  endfacet
  facet normal -1 0 0
    outer loop
      vertex 51 -9.35924 4.9764
      vertex 51 -15.6 8.5
      vertex 51 -8.98931 5.61714
    endloop
  endfacet
  facet normal -1 0 0
    outer loop
      vertex 51 -8.98931 5.61714
      vertex 51 -15.6 8.5
      vertex 51 -8.57558 6.23052
    endloop
  endfacet
  facet normal -1 0 0
    outer loop
      vertex 51 -8.57558 6.23052
      vertex 51 -15.6 8.5
      vertex 51 -8.12007 6.81355
    endloop
  endfacet
  facet normal -1 0 0
    outer loop
      vertex 51 -8.12007 6.81355
      vertex 51 -15.6 8.5
      vertex 51 -7.625 7.36338
    endloop
  endfacet
  facet normal -1 0 0
    outer loop
      vertex 51 -6.52601 8.35291
      vertex 51 -15.6 8.5
      vertex 51 -6.32356 8.5
    endloop
  endfacet
  facet normal -1 0 0
    outer loop
      vertex 51 -7.09278 7.87733
      vertex 51 -15.6 8.5
      vertex 51 -6.52601 8.35291
    endloop
  endfacet
  facet normal -1 0 0
    outer loop
      vertex 51 -7.625 7.36338
      vertex 51 -15.6 8.5
      vertex 51 -7.09278 7.87733
    endloop
  endfacet
  facet normal -0 0 1
    outer loop
      vertex 61.2097 -12.2679 10.5
      vertex 67 -15.6 10.5
      vertex 67 -4.6 10.5
    endloop
  endfacet
  facet normal 0 0 1
    outer loop
      vertex 67 -15.6 10.5
      vertex 61.375 -12.6679 10.5
      vertex 61.4228 -13 10.5
    endloop
  endfacet
  facet normal 0 0 1
    outer loop
      vertex 67 -15.6 10.5
      vertex 61.369 -12.6258 10.5
      vertex 61.375 -12.6679 10.5
    endloop
  endfacet
  facet normal 0 0 1
    outer loop
      vertex 67 -15.6 10.5
      vertex 61.3397 -12.56 10.5
      vertex 61.369 -12.6258 10.5
    endloop
  endfacet
  facet normal 0 0 1
    outer loop
      vertex 67 -15.6 10.5
      vertex 61.2097 -12.2679 10.5
      vertex 61.3397 -12.56 10.5
    endloop
  endfacet
  facet normal 0 0 1
    outer loop
      vertex 67 -4.6 10.5
      vertex 61.1036 -12.1336 10.5
      vertex 61.2097 -12.2679 10.5
    endloop
  endfacet
  facet normal 0 0 1
    outer loop
      vertex 67 -4.6 10.5
      vertex 60.9521 -11.942 10.5
      vertex 61.1036 -12.1336 10.5
    endloop
  endfacet
  facet normal 0 0 1
    outer loop
      vertex 67 -4.6 10.5
      vertex 60.9432 -11.9347 10.5
      vertex 60.9521 -11.942 10.5
    endloop
  endfacet
  facet normal 0 0 1
    outer loop
      vertex 67 -4.6 10.5
      vertex 60.9343 -11.9276 10.5
      vertex 60.9432 -11.9347 10.5
    endloop
  endfacet
  facet normal 0 0 1
    outer loop
      vertex 67 -4.6 10.5
      vertex 60.7315 -11.8004 10.5
      vertex 60.9343 -11.9276 10.5
    endloop
  endfacet
  facet normal 0 0 1
    outer loop
      vertex 67 -4.6 10.5
      vertex 60.5832 -11.7074 10.5
      vertex 60.7315 -11.8004 10.5
    endloop
  endfacet
  facet normal 0 0 1
    outer loop
      vertex 67 -4.6 10.5
      vertex 60.5457 -11.6919 10.5
      vertex 60.5832 -11.7074 10.5
    endloop
  endfacet
  facet normal 0 0 1
    outer loop
      vertex 67 -4.6 10.5
      vertex 60.4741 -11.6623 10.5
      vertex 60.5457 -11.6919 10.5
    endloop
  endfacet
  facet normal 0 0 1
    outer loop
      vertex 67 -4.6 10.5
      vertex 60.3054 -11.6167 10.5
      vertex 60.4741 -11.6623 10.5
    endloop
  endfacet
  facet normal 0 0 1
    outer loop
      vertex 67 -4.6 10.5
      vertex 60.1189 -11.5946 10.5
      vertex 60.3054 -11.6167 10.5
    endloop
  endfacet
  facet normal 0 0 1
    outer loop
      vertex 67 -4.6 10.5
      vertex 60.0596 -11.5876 10.5
      vertex 60.1189 -11.5946 10.5
    endloop
  endfacet
  facet normal -0 0 1
    outer loop
      vertex 53 -4.6 10.5
      vertex 60.0596 -11.5876 10.5
      vertex 67 -4.6 10.5
    endloop
  endfacet
  facet normal 0 0 1
    outer loop
      vertex 60.0596 -11.5876 10.5
      vertex 53 -4.6 10.5
      vertex 59.8796 -11.5948 10.5
    endloop
  endfacet
  facet normal 0 0 1
    outer loop
      vertex 59.8796 -11.5948 10.5
      vertex 53 -4.6 10.5
      vertex 59.8197 -11.5971 10.5
    endloop
  endfacet
  facet normal 0 0 1
    outer loop
      vertex 59.8197 -11.5971 10.5
      vertex 53 -4.6 10.5
      vertex 59.7704 -11.6068 10.5
    endloop
  endfacet
  facet normal 0 0 1
    outer loop
      vertex 59.7704 -11.6068 10.5
      vertex 53 -4.6 10.5
      vertex 59.5617 -11.6476 10.5
    endloop
  endfacet
  facet normal 0 0 1
    outer loop
      vertex 59.5617 -11.6476 10.5
      vertex 53 -4.6 10.5
      vertex 59.5186 -11.6623 10.5
    endloop
  endfacet
  facet normal 0 0 1
    outer loop
      vertex 59.5186 -11.6623 10.5
      vertex 53 -4.6 10.5
      vertex 59.3637 -11.7434 10.5
    endloop
  endfacet
  facet normal 0 0 1
    outer loop
      vertex 59.3637 -11.7434 10.5
      vertex 53 -4.6 10.5
      vertex 59.2542 -11.8007 10.5
    endloop
  endfacet
  facet normal 0 0 1
    outer loop
      vertex 53 -4.6 10.5
      vertex 58.9796 -12.0313 10.5
      vertex 59.0588 -11.942 10.5
    endloop
  endfacet
  facet normal 0 0 1
    outer loop
      vertex 53 -15.6 10.5
      vertex 58.7627 -12.3173 10.5
      vertex 58.7827 -12.2679 10.5
    endloop
  endfacet
  facet normal 0 0 1
    outer loop
      vertex 58.6375 -12.6258 10.5
      vertex 53 -15.6 10.5
      vertex 58.6089 -12.8437 10.5
    endloop
  endfacet
  facet normal 0 0 1
    outer loop
      vertex 58.7627 -12.3173 10.5
      vertex 53 -15.6 10.5
      vertex 58.6375 -12.6258 10.5
    endloop
  endfacet
  facet normal 0 0 1
    outer loop
      vertex 53 -15.6 10.5
      vertex 58.7827 -12.2679 10.5
      vertex 53 -4.6 10.5
    endloop
  endfacet
  facet normal 0 0 1
    outer loop
      vertex 58.8387 -12.1902 10.5
      vertex 53 -4.6 10.5
      vertex 58.7827 -12.2679 10.5
    endloop
  endfacet
  facet normal 0 0 1
    outer loop
      vertex 58.9796 -12.0313 10.5
      vertex 53 -4.6 10.5
      vertex 58.8387 -12.1902 10.5
    endloop
  endfacet
  facet normal 0 0 1
    outer loop
      vertex 59.2542 -11.8007 10.5
      vertex 53 -4.6 10.5
      vertex 59.0588 -11.942 10.5
    endloop
  endfacet
  facet normal -0 0 1
    outer loop
      vertex 61.375 -13.3321 10.5
      vertex 67 -15.6 10.5
      vertex 61.4228 -13 10.5
    endloop
  endfacet
  facet normal -0 0 1
    outer loop
      vertex 61.369 -13.3742 10.5
      vertex 67 -15.6 10.5
      vertex 61.375 -13.3321 10.5
    endloop
  endfacet
  facet normal -0 0 1
    outer loop
      vertex 61.3397 -13.44 10.5
      vertex 67 -15.6 10.5
      vertex 61.369 -13.3742 10.5
    endloop
  endfacet
  facet normal -0 0 1
    outer loop
      vertex 61.2097 -13.7321 10.5
      vertex 67 -15.6 10.5
      vertex 61.3397 -13.44 10.5
    endloop
  endfacet
  facet normal -0 0 1
    outer loop
      vertex 61.1036 -13.8664 10.5
      vertex 67 -15.6 10.5
      vertex 61.2097 -13.7321 10.5
    endloop
  endfacet
  facet normal -0 0 1
    outer loop
      vertex 60.9521 -14.058 10.5
      vertex 67 -15.6 10.5
      vertex 61.1036 -13.8664 10.5
    endloop
  endfacet
  facet normal -0 0 1
    outer loop
      vertex 60.9432 -14.0653 10.5
      vertex 67 -15.6 10.5
      vertex 60.9521 -14.058 10.5
    endloop
  endfacet
  facet normal -0 0 1
    outer loop
      vertex 60.9343 -14.0724 10.5
      vertex 67 -15.6 10.5
      vertex 60.9432 -14.0653 10.5
    endloop
  endfacet
  facet normal -0 0 1
    outer loop
      vertex 60.7315 -14.1996 10.5
      vertex 67 -15.6 10.5
      vertex 60.9343 -14.0724 10.5
    endloop
  endfacet
  facet normal -0 0 1
    outer loop
      vertex 60.5832 -14.2926 10.5
      vertex 67 -15.6 10.5
      vertex 60.7315 -14.1996 10.5
    endloop
  endfacet
  facet normal -0 0 1
    outer loop
      vertex 60.5457 -14.3081 10.5
      vertex 67 -15.6 10.5
      vertex 60.5832 -14.2926 10.5
    endloop
  endfacet
  facet normal -0 0 1
    outer loop
      vertex 60.4741 -14.3377 10.5
      vertex 67 -15.6 10.5
      vertex 60.5457 -14.3081 10.5
    endloop
  endfacet
  facet normal -0 0 1
    outer loop
      vertex 60.3054 -14.3833 10.5
      vertex 67 -15.6 10.5
      vertex 60.4741 -14.3377 10.5
    endloop
  endfacet
  facet normal -0 0 1
    outer loop
      vertex 60.1189 -14.4054 10.5
      vertex 67 -15.6 10.5
      vertex 60.3054 -14.3833 10.5
    endloop
  endfacet
  facet normal -0 0 1
    outer loop
      vertex 60.0596 -14.4124 10.5
      vertex 67 -15.6 10.5
      vertex 60.1189 -14.4054 10.5
    endloop
  endfacet
  facet normal 0 0 1
    outer loop
      vertex 53 -15.6 10.5
      vertex 60.0596 -14.4124 10.5
      vertex 59.8796 -14.4052 10.5
    endloop
  endfacet
  facet normal 0 0 1
    outer loop
      vertex 53 -15.6 10.5
      vertex 59.8796 -14.4052 10.5
      vertex 59.8197 -14.4029 10.5
    endloop
  endfacet
  facet normal 0 0 1
    outer loop
      vertex 53 -15.6 10.5
      vertex 58.9796 -13.9687 10.5
      vertex 58.8387 -13.8098 10.5
    endloop
  endfacet
  facet normal 0 0 1
    outer loop
      vertex 53 -15.6 10.5
      vertex 58.7627 -13.6827 10.5
      vertex 58.6375 -13.3742 10.5
    endloop
  endfacet
  facet normal 0 0 1
    outer loop
      vertex 58.6089 -12.8437 10.5
      vertex 53 -15.6 10.5
      vertex 58.5884 -13 10.5
    endloop
  endfacet
  facet normal 0 0 1
    outer loop
      vertex 58.5884 -13 10.5
      vertex 53 -15.6 10.5
      vertex 58.6089 -13.1563 10.5
    endloop
  endfacet
  facet normal 0 0 1
    outer loop
      vertex 58.6089 -13.1563 10.5
      vertex 53 -15.6 10.5
      vertex 58.6375 -13.3742 10.5
    endloop
  endfacet
  facet normal 0 0 1
    outer loop
      vertex 60.0596 -14.4124 10.5
      vertex 53 -15.6 10.5
      vertex 67 -15.6 10.5
    endloop
  endfacet
  facet normal 0 0 1
    outer loop
      vertex 59.7704 -14.3932 10.5
      vertex 53 -15.6 10.5
      vertex 59.8197 -14.4029 10.5
    endloop
  endfacet
  facet normal 0 0 1
    outer loop
      vertex 59.5617 -14.3524 10.5
      vertex 53 -15.6 10.5
      vertex 59.7704 -14.3932 10.5
    endloop
  endfacet
  facet normal 0 0 1
    outer loop
      vertex 59.5186 -14.3377 10.5
      vertex 53 -15.6 10.5
      vertex 59.5617 -14.3524 10.5
    endloop
  endfacet
  facet normal 0 0 1
    outer loop
      vertex 59.3637 -14.2566 10.5
      vertex 53 -15.6 10.5
      vertex 59.5186 -14.3377 10.5
    endloop
  endfacet
  facet normal 0 0 1
    outer loop
      vertex 59.2542 -14.1993 10.5
      vertex 53 -15.6 10.5
      vertex 59.3637 -14.2566 10.5
    endloop
  endfacet
  facet normal 0 0 1
    outer loop
      vertex 59.0588 -14.058 10.5
      vertex 53 -15.6 10.5
      vertex 59.2542 -14.1993 10.5
    endloop
  endfacet
  facet normal 0 0 1
    outer loop
      vertex 58.9796 -13.9687 10.5
      vertex 53 -15.6 10.5
      vertex 59.0588 -14.058 10.5
    endloop
  endfacet
  facet normal 0 0 1
    outer loop
      vertex 58.7827 -13.7321 10.5
      vertex 53 -15.6 10.5
      vertex 58.8387 -13.8098 10.5
    endloop
  endfacet
  facet normal 0 0 1
    outer loop
      vertex 58.7627 -13.6827 10.5
      vertex 53 -15.6 10.5
      vertex 58.7827 -13.7321 10.5
    endloop
  endfacet
  facet normal 1 -0 0
    outer loop
      vertex 69 -15.6 8.5
      vertex 69 -6.52601 8.35291
      vertex 69 -6.32356 8.5
    endloop
  endfacet
  facet normal 1 0 0
    outer loop
      vertex 69 -15.6 8.5
      vertex 69 -7.09278 7.87733
      vertex 69 -6.52601 8.35291
    endloop
  endfacet
  facet normal 1 0 0
    outer loop
      vertex 69 -15.6 8.5
      vertex 69 -7.625 7.36338
      vertex 69 -7.09278 7.87733
    endloop
  endfacet
  facet normal 1 0 0
    outer loop
      vertex 69 -15.6 8.5
      vertex 69 -8.12007 6.81355
      vertex 69 -7.625 7.36338
    endloop
  endfacet
  facet normal 1 0 0
    outer loop
      vertex 69 -15.6 8.5
      vertex 69 -8.57558 6.23052
      vertex 69 -8.12007 6.81355
    endloop
  endfacet
  facet normal 1 0 0
    outer loop
      vertex 69 -15.6 8.5
      vertex 69 -8.98931 5.61714
      vertex 69 -8.57558 6.23052
    endloop
  endfacet
  facet normal 1 0 0
    outer loop
      vertex 69 -15.6 8.5
      vertex 69 -9.35924 4.9764
      vertex 69 -8.98931 5.61714
    endloop
  endfacet
  facet normal 1 0 0
    outer loop
      vertex 69 -15.6 8.5
      vertex 69 -9.68358 4.31141
      vertex 69 -9.35924 4.9764
    endloop
  endfacet
  facet normal 1 0 0
    outer loop
      vertex 69 -15.6 8.5
      vertex 69 -9.96074 3.62541
      vertex 69 -9.68358 4.31141
    endloop
  endfacet
  facet normal 1 0 0
    outer loop
      vertex 69 -15.6 8.5
      vertex 69 -10.1894 2.92176
      vertex 69 -9.96074 3.62541
    endloop
  endfacet
  facet normal 1 0 0
    outer loop
      vertex 69 -15.6 0
      vertex 69 -10.1894 2.92176
      vertex 69 -15.6 8.5
    endloop
  endfacet
  facet normal 1 0 0
    outer loop
      vertex 69 -10.1894 2.92176
      vertex 69 -15.6 0
      vertex 69 -10.3684 2.20386
    endloop
  endfacet
  facet normal 1 0 0
    outer loop
      vertex 69 -10.3684 2.20386
      vertex 69 -15.6 0
      vertex 69 -10.4968 1.47523
    endloop
  endfacet
  facet normal 1 0 0
    outer loop
      vertex 69 -10.4968 1.47523
      vertex 69 -15.6 0
      vertex 69 -10.5742 0.739418
    endloop
  endfacet
  facet normal 1 0 0
    outer loop
      vertex 69 -10.5742 0.739418
      vertex 69 -15.6 0
      vertex 69 -10.6 0
    endloop
  endfacet
  facet normal 0.881594 -0.000686433 0.472008
    outer loop
      vertex 68.6629 -4.6 9.61115
      vertex 68.7078 -4.64673 9.52722
      vertex 68.6967 -4.6 9.54802
    endloop
  endfacet
  facet normal 0.881705 -0.000208027 0.471801
    outer loop
      vertex 68.6629 -4.6 9.61115
      vertex 68.8478 -5.1392 9.26537
      vertex 68.7078 -4.64673 9.52722
    endloop
  endfacet
  facet normal 0.88184 -0 0.471549
    outer loop
      vertex 68.6629 -15.6 9.61115
      vertex 68.8478 -5.1392 9.26537
      vertex 68.6629 -4.6 9.61115
    endloop
  endfacet
  facet normal 0.88184 0 0.471549
    outer loop
      vertex 68.8478 -5.1392 9.26537
      vertex 68.6629 -15.6 9.61115
      vertex 68.8478 -15.6 9.26537
    endloop
  endfacet
  facet normal 0 -1 0
    outer loop
      vertex 53 -15.6 6.5
      vertex 53 -15.6 10.5
      vertex 52.6098 -15.6 10.4616
    endloop
  endfacet
  facet normal 0 -1 0
    outer loop
      vertex 53 -15.6 10.5
      vertex 53 -15.6 6.5
      vertex 67 -15.6 10.5
    endloop
  endfacet
  facet normal 0 -1 0
    outer loop
      vertex 53 -15.6 6.5
      vertex 52.6098 -15.6 10.4616
      vertex 52.2346 -15.6 10.3478
    endloop
  endfacet
  facet normal 0 -1 0
    outer loop
      vertex 67 -15.6 6.5
      vertex 67 -15.6 10.5
      vertex 53 -15.6 6.5
    endloop
  endfacet
  facet normal 0 -1 0
    outer loop
      vertex 53 -15.6 6.5
      vertex 52.2346 -15.6 10.3478
      vertex 51.8889 -15.6 10.1629
    endloop
  endfacet
  facet normal 0 -1 0
    outer loop
      vertex 67 -15.6 10.5
      vertex 67 -15.6 6.5
      vertex 67.3902 -15.6 10.4616
    endloop
  endfacet
  facet normal 0 -1 0
    outer loop
      vertex 53 -15.6 6.5
      vertex 51.8889 -15.6 10.1629
      vertex 51.5858 -15.6 9.91422
    endloop
  endfacet
  facet normal 0 -1 -0
    outer loop
      vertex 67.3902 -15.6 10.4616
      vertex 67 -15.6 6.5
      vertex 67.7654 -15.6 10.3478
    endloop
  endfacet
  facet normal 0 -1 0
    outer loop
      vertex 53 -15.6 6.5
      vertex 51.5858 -15.6 9.91422
      vertex 51.3371 -15.6 9.61115
    endloop
  endfacet
  facet normal 0 -1 -0
    outer loop
      vertex 67.7654 -15.6 10.3478
      vertex 67 -15.6 6.5
      vertex 68.1111 -15.6 10.1629
    endloop
  endfacet
  facet normal 0 -1 0
    outer loop
      vertex 53 -15.6 6.5
      vertex 51.3371 -15.6 9.61115
      vertex 51.1522 -15.6 9.26537
    endloop
  endfacet
  facet normal 0 -1 -0
    outer loop
      vertex 68.1111 -15.6 10.1629
      vertex 67 -15.6 6.5
      vertex 68.4142 -15.6 9.91422
    endloop
  endfacet
  facet normal 0 -1 0
    outer loop
      vertex 53 -15.6 6.5
      vertex 51.1522 -15.6 9.26537
      vertex 51.0384 -15.6 8.89018
    endloop
  endfacet
  facet normal 0 -1 -0
    outer loop
      vertex 68.4142 -15.6 9.91422
      vertex 67 -15.6 6.5
      vertex 68.6629 -15.6 9.61115
    endloop
  endfacet
  facet normal 0 -1 0
    outer loop
      vertex 53 -15.6 6.5
      vertex 51.0384 -15.6 8.89018
      vertex 51 -15.6 8.5
    endloop
  endfacet
  facet normal 0 -1 -0
    outer loop
      vertex 68.6629 -15.6 9.61115
      vertex 67 -15.6 6.5
      vertex 68.8478 -15.6 9.26537
    endloop
  endfacet
  facet normal 0 -1 -0
    outer loop
      vertex 68.8478 -15.6 9.26537
      vertex 67 -15.6 6.5
      vertex 68.9616 -15.6 8.89018
    endloop
  endfacet
  facet normal 0 -1 0
    outer loop
      vertex 51 -15.6 0
      vertex 53 -15.6 6.5
      vertex 51 -15.6 8.5
    endloop
  endfacet
  facet normal 0 -1 -0
    outer loop
      vertex 53 -15.6 6.5
      vertex 51 -15.6 0
      vertex 53 -15.6 0
    endloop
  endfacet
  facet normal 0 -1 -0
    outer loop
      vertex 68.9616 -15.6 8.89018
      vertex 67 -15.6 6.5
      vertex 69 -15.6 8.5
    endloop
  endfacet
  facet normal 0 -1 0
    outer loop
      vertex 69 -15.6 0
      vertex 67 -15.6 6.5
      vertex 67 -15.6 0
    endloop
  endfacet
  facet normal 0 -1 0
    outer loop
      vertex 67 -15.6 6.5
      vertex 69 -15.6 0
      vertex 69 -15.6 8.5
    endloop
  endfacet
  facet normal -0.773039 0 0.634358
    outer loop
      vertex 51.3371 -15.6 9.61115
      vertex 51.5858 -4.6 9.91422
      vertex 51.3371 -4.6 9.61115
    endloop
  endfacet
  facet normal -0.773039 0 0.634358
    outer loop
      vertex 51.5858 -4.6 9.91422
      vertex 51.3371 -15.6 9.61115
      vertex 51.5858 -15.6 9.91422
    endloop
  endfacet
  facet normal -0.290248 0 0.956951
    outer loop
      vertex 52.2346 -4.6 10.3478
      vertex 52.6098 -15.6 10.4616
      vertex 52.6098 -4.6 10.4616
    endloop
  endfacet
  facet normal -0.290248 0 0.956951
    outer loop
      vertex 52.6098 -15.6 10.4616
      vertex 52.2346 -4.6 10.3478
      vertex 52.2346 -15.6 10.3478
    endloop
  endfacet
  facet normal 0.097938 0 0.995193
    outer loop
      vertex 67 -4.6 10.5
      vertex 67.3902 -15.6 10.4616
      vertex 67.3902 -4.6 10.4616
    endloop
  endfacet
  facet normal 0.097938 0 0.995193
    outer loop
      vertex 67.3902 -15.6 10.4616
      vertex 67 -4.6 10.5
      vertex 67 -15.6 10.5
    endloop
  endfacet
  facet normal 0.957053 -0 0.289914
    outer loop
      vertex 68.8478 -15.6 9.26537
      vertex 68.8737 -5.3 9.17987
      vertex 68.8478 -5.1392 9.26537
    endloop
  endfacet
  facet normal 0.956921 3.94961e-06 0.29035
    outer loop
      vertex 68.8478 -15.6 9.26537
      vertex 68.9616 -5.76359 8.89018
      vertex 68.8737 -5.3 9.17987
    endloop
  endfacet
  facet normal 0.956949 0 0.290255
    outer loop
      vertex 68.9616 -5.76359 8.89018
      vertex 68.8478 -15.6 9.26537
      vertex 68.9616 -15.6 8.89018
    endloop
  endfacet
  facet normal 0.63429 0 0.773095
    outer loop
      vertex 68.1111 -4.6 10.1629
      vertex 68.4142 -15.6 9.91422
      vertex 68.4142 -4.6 9.91422
    endloop
  endfacet
  facet normal 0.63429 0 0.773095
    outer loop
      vertex 68.4142 -15.6 9.91422
      vertex 68.1111 -4.6 10.1629
      vertex 68.1111 -15.6 10.1629
    endloop
  endfacet
  facet normal -0.995192 0 0.0979429
    outer loop
      vertex 51.0384 -15.6 8.89018
      vertex 51 -6.32356 8.5
      vertex 51 -15.6 8.5
    endloop
  endfacet
  facet normal -0.995168 1.04269e-05 0.0981885
    outer loop
      vertex 51 -6.32356 8.5
      vertex 51.0384 -15.6 8.89018
      vertex 51.0284 -5.92744 8.7878
    endloop
  endfacet
  facet normal -0.995264 0 0.0972127
    outer loop
      vertex 51.0284 -5.92744 8.7878
      vertex 51.0384 -15.6 8.89018
      vertex 51.0384 -5.76359 8.89018
    endloop
  endfacet
  facet normal -0.881594 -0.000686433 0.472008
    outer loop
      vertex 51.2922 -4.64673 9.52722
      vertex 51.3371 -4.6 9.61115
      vertex 51.3033 -4.6 9.54802
    endloop
  endfacet
  facet normal -0.881705 -0.000208027 0.471801
    outer loop
      vertex 51.1522 -5.1392 9.26537
      vertex 51.3371 -4.6 9.61115
      vertex 51.2922 -4.64673 9.52722
    endloop
  endfacet
  facet normal -0.88184 0 0.471549
    outer loop
      vertex 51.3371 -15.6 9.61115
      vertex 51.1522 -5.1392 9.26537
      vertex 51.1522 -15.6 9.26537
    endloop
  endfacet
  facet normal -0.88184 0 0.471549
    outer loop
      vertex 51.1522 -5.1392 9.26537
      vertex 51.3371 -15.6 9.61115
      vertex 51.3371 -4.6 9.61115
    endloop
  endfacet
  facet normal -0.63429 0 0.773095
    outer loop
      vertex 51.5858 -4.6 9.91422
      vertex 51.8889 -15.6 10.1629
      vertex 51.8889 -4.6 10.1629
    endloop
  endfacet
  facet normal -0.63429 0 0.773095
    outer loop
      vertex 51.8889 -15.6 10.1629
      vertex 51.5858 -4.6 9.91422
      vertex 51.5858 -15.6 9.91422
    endloop
  endfacet
  facet normal -0.097938 0 0.995193
    outer loop
      vertex 52.6098 -4.6 10.4616
      vertex 53 -15.6 10.5
      vertex 53 -4.6 10.5
    endloop
  endfacet
  facet normal -0.097938 0 0.995193
    outer loop
      vertex 53 -15.6 10.5
      vertex 52.6098 -4.6 10.4616
      vertex 52.6098 -15.6 10.4616
    endloop
  endfacet
  facet normal 0.995264 -0 0.0972127
    outer loop
      vertex 68.9616 -15.6 8.89018
      vertex 68.9716 -5.92744 8.7878
      vertex 68.9616 -5.76359 8.89018
    endloop
  endfacet
  facet normal 0.995168 1.04269e-05 0.0981885
    outer loop
      vertex 68.9616 -15.6 8.89018
      vertex 69 -6.32356 8.5
      vertex 68.9716 -5.92744 8.7878
    endloop
  endfacet
  facet normal 0.995192 0 0.0979429
    outer loop
      vertex 69 -6.32356 8.5
      vertex 68.9616 -15.6 8.89018
      vertex 69 -15.6 8.5
    endloop
  endfacet
  facet normal 0.773039 -0 0.634358
    outer loop
      vertex 68.4142 -15.6 9.91422
      vertex 68.6629 -4.6 9.61115
      vertex 68.4142 -4.6 9.91422
    endloop
  endfacet
  facet normal 0.773039 0 0.634358
    outer loop
      vertex 68.6629 -4.6 9.61115
      vertex 68.4142 -15.6 9.91422
      vertex 68.6629 -15.6 9.61115
    endloop
  endfacet
  facet normal -0.956949 0 0.290255
    outer loop
      vertex 51.1522 -15.6 9.26537
      vertex 51.0384 -5.76359 8.89018
      vertex 51.0384 -15.6 8.89018
    endloop
  endfacet
  facet normal -0.956921 3.94961e-06 0.29035
    outer loop
      vertex 51.0384 -5.76359 8.89018
      vertex 51.1522 -15.6 9.26537
      vertex 51.1263 -5.3 9.17987
    endloop
  endfacet
  facet normal -0.957053 0 0.289914
    outer loop
      vertex 51.1263 -5.3 9.17987
      vertex 51.1522 -15.6 9.26537
      vertex 51.1522 -5.1392 9.26537
    endloop
  endfacet
  facet normal -0.471634 0 0.881795
    outer loop
      vertex 51.8889 -4.6 10.1629
      vertex 52.2346 -15.6 10.3478
      vertex 52.2346 -4.6 10.3478
    endloop
  endfacet
  facet normal -0.471634 0 0.881795
    outer loop
      vertex 52.2346 -15.6 10.3478
      vertex 51.8889 -4.6 10.1629
      vertex 51.8889 -15.6 10.1629
    endloop
  endfacet
  facet normal -0.760294 0.649579 0
    outer loop
      vertex 0.477463 18.5695 0
      vertex 0.732239 18.8677 5
      vertex 0.732239 18.8677 0
    endloop
  endfacet
  facet normal -0.760294 0.649579 0
    outer loop
      vertex 0.732239 18.8677 5
      vertex 0.477463 18.5695 0
      vertex 0.477463 18.5695 5
    endloop
  endfacet
  facet normal 0.382623 0.923904 -0
    outer loop
      vertex 7.63498 19.3275 0
      vertex 7.27254 19.4776 5
      vertex 7.63498 19.3275 5
    endloop
  endfacet
  facet normal 0.382623 0.923904 0
    outer loop
      vertex 7.27254 19.4776 5
      vertex 7.63498 19.3275 0
      vertex 7.27254 19.4776 0
    endloop
  endfacet
  facet normal 1 0 0
    outer loop
      vertex 0 9 23
      vertex 0 13 19
      vertex 0 12.9801 19.3983
    endloop
  endfacet
  facet normal 1 0 0
    outer loop
      vertex 0 9 23
      vertex 0 12.9801 19.3983
      vertex 0 12.9207 19.7926
    endloop
  endfacet
  facet normal 1 0 0
    outer loop
      vertex 0 9 23
      vertex 0 12.9207 19.7926
      vertex 0 12.8223 20.179
    endloop
  endfacet
  facet normal 1 0 0
    outer loop
      vertex 0 9 23
      vertex 0 12.8223 20.179
      vertex 0 12.6859 20.5537
    endloop
  endfacet
  facet normal 1 0 0
    outer loop
      vertex 0 9 23
      vertex 0 12.6859 20.5537
      vertex 0 12.5129 20.913
    endloop
  endfacet
  facet normal 1 0 0
    outer loop
      vertex 0 9 23
      vertex 0 12.5129 20.913
      vertex 0 12.305 21.2533
    endloop
  endfacet
  facet normal 1 0 0
    outer loop
      vertex 0 9 23
      vertex 0 12.305 21.2533
      vertex 0 12.0642 21.5712
    endloop
  endfacet
  facet normal 1 0 0
    outer loop
      vertex 0 9 23
      vertex 0 12.0642 21.5712
      vertex 0 11.793 21.8635
    endloop
  endfacet
  facet normal 1 0 0
    outer loop
      vertex 0 9 23
      vertex 0 11.793 21.8635
      vertex 0 11.494 22.1273
    endloop
  endfacet
  facet normal 1 0 0
    outer loop
      vertex 0 9 23
      vertex 0 11.494 22.1273
      vertex 0 11.1702 22.3601
    endloop
  endfacet
  facet normal 1 0 0
    outer loop
      vertex 0 9 23
      vertex 0 11.1702 22.3601
      vertex 0 10.8248 22.5595
    endloop
  endfacet
  facet normal 1 0 0
    outer loop
      vertex 0 9 23
      vertex 0 10.8248 22.5595
      vertex 0 10.4614 22.7235
    endloop
  endfacet
  facet normal 1 0 0
    outer loop
      vertex 0 9 23
      vertex 0 10.4614 22.7235
      vertex 0 10.0834 22.8505
    endloop
  endfacet
  facet normal 1 0 0
    outer loop
      vertex 0 9 23
      vertex 0 10.0834 22.8505
      vertex 0 9.6946 22.9392
    endloop
  endfacet
  facet normal 1 0 0
    outer loop
      vertex 0 13 19
      vertex 0 7.625 7.36338
      vertex 0 13 5
    endloop
  endfacet
  facet normal 1 0 0
    outer loop
      vertex 0 9 23
      vertex 0 9.6946 22.9392
      vertex 0 9.29892 22.9888
    endloop
  endfacet
  facet normal 1 0 0
    outer loop
      vertex 0 13 19
      vertex 0 9 23
      vertex 0 1.28548 17.3062
    endloop
  endfacet
  facet normal 1 0 0
    outer loop
      vertex 0 13 5
      vertex 0 8.98931 5.61714
      vertex 0 9.34562 5
    endloop
  endfacet
  facet normal 1 0 0
    outer loop
      vertex 0 13 5
      vertex 0 8.57558 6.23052
      vertex 0 8.98931 5.61714
    endloop
  endfacet
  facet normal 1 0 0
    outer loop
      vertex 0 13 5
      vertex 0 8.12007 6.81355
      vertex 0 8.57558 6.23052
    endloop
  endfacet
  facet normal 1 0 0
    outer loop
      vertex 0 13 5
      vertex 0 7.625 7.36338
      vertex 0 8.12007 6.81355
    endloop
  endfacet
  facet normal 1 0 0
    outer loop
      vertex 0 13 19
      vertex 0 7.09278 7.87733
      vertex 0 7.625 7.36338
    endloop
  endfacet
  facet normal 1 0 0
    outer loop
      vertex 0 13 19
      vertex 0 6.52601 8.35291
      vertex 0 7.09278 7.87733
    endloop
  endfacet
  facet normal 1 0 0
    outer loop
      vertex 0 13 19
      vertex 0 5.92744 8.7878
      vertex 0 6.52601 8.35291
    endloop
  endfacet
  facet normal 1 0 0
    outer loop
      vertex 0 13 19
      vertex 0 5.3 9.17987
      vertex 0 5.92744 8.7878
    endloop
  endfacet
  facet normal 1 0 0
    outer loop
      vertex 0 13 19
      vertex 0 4.64673 9.52722
      vertex 0 5.3 9.17987
    endloop
  endfacet
  facet normal 1 0 0
    outer loop
      vertex 0 13 19
      vertex 0 1.28548 17.3062
      vertex 0 4.64673 9.52722
    endloop
  endfacet
  facet normal 1 -0 0
    outer loop
      vertex 0 1.17126 16.936
      vertex 0 4.64673 9.52722
      vertex 0 1.28548 17.3062
    endloop
  endfacet
  facet normal 1 0 0
    outer loop
      vertex 0 4.64673 9.52722
      vertex 0 1.17126 16.936
      vertex 0 3.97083 9.82815
    endloop
  endfacet
  facet normal 1 0 0
    outer loop
      vertex 0 3.97083 9.82815
      vertex 0 1.17126 16.936
      vertex 0 3.27558 10.0812
    endloop
  endfacet
  facet normal 1 0 0
    outer loop
      vertex 0 1.28548 17.3062
      vertex 0 9 23
      vertex 0 1.28548 17.6938
    endloop
  endfacet
  facet normal 1 0 0
    outer loop
      vertex 0 9 23
      vertex 0 1.17126 18.064
      vertex 0 1.28548 17.6938
    endloop
  endfacet
  facet normal 1 0 0
    outer loop
      vertex 0 9 23
      vertex 0 0.952967 18.3842
      vertex 0 1.17126 18.064
    endloop
  endfacet
  facet normal 1 0 0
    outer loop
      vertex 0 9 23
      vertex 0 0.65 18.6258
      vertex 0 0.952967 18.3842
    endloop
  endfacet
  facet normal 1 0 0
    outer loop
      vertex 0 9 23
      vertex 0 0.289277 18.7674
      vertex 0 0.65 18.6258
    endloop
  endfacet
  facet normal 1 0 0
    outer loop
      vertex 0 9 23
      vertex 0 -0.0971489 18.7964
      vertex 0 0.289277 18.7674
    endloop
  endfacet
  facet normal 1 0 0
    outer loop
      vertex 0 9 23
      vertex 0 -0.474943 18.7101
      vertex 0 -0.0971489 18.7964
    endloop
  endfacet
  facet normal 1 0 0
    outer loop
      vertex 0 -0.810536 16.4836
      vertex 0 -2.56437 10.2851
      vertex 0 -1.84067 10.439
    endloop
  endfacet
  facet normal 1 0 0
    outer loop
      vertex 0 -25 23
      vertex 0 -1.3 17.5
      vertex 0 -1.24224 17.8832
    endloop
  endfacet
  facet normal 1 0 0
    outer loop
      vertex 0 -1.24224 17.1168
      vertex 0 -3.27558 10.0812
      vertex 0 -2.56437 10.2851
    endloop
  endfacet
  facet normal 1 0 0
    outer loop
      vertex 0 -1.24224 17.1168
      vertex 0 -3.97083 9.82815
      vertex 0 -3.27558 10.0812
    endloop
  endfacet
  facet normal 1 0 0
    outer loop
      vertex 0 -1.24224 17.1168
      vertex 0 -4.64673 9.52722
      vertex 0 -3.97083 9.82815
    endloop
  endfacet
  facet normal 1 0 0
    outer loop
      vertex 0 -1.24224 17.1168
      vertex 0 -5.3 9.17987
      vertex 0 -4.64673 9.52722
    endloop
  endfacet
  facet normal 1 0 0
    outer loop
      vertex 0 -1.3 17.5
      vertex 0 -5.92744 8.7878
      vertex 0 -5.3 9.17987
    endloop
  endfacet
  facet normal 1 0 0
    outer loop
      vertex 0 -25 23
      vertex 0 -1.24224 17.8832
      vertex 0 -1.07411 18.2323
    endloop
  endfacet
  facet normal 1 0 0
    outer loop
      vertex 0 -1.3 17.5
      vertex 0 -6.52601 8.35291
      vertex 0 -5.92744 8.7878
    endloop
  endfacet
  facet normal 1 0 0
    outer loop
      vertex 0 -1.3 17.5
      vertex 0 -25 23
      vertex 0 -6.52601 8.35291
    endloop
  endfacet
  facet normal 1 0 0
    outer loop
      vertex 0 -6.52601 8.35291
      vertex 0 -25 23
      vertex 0 -7.09278 7.87733
    endloop
  endfacet
  facet normal 1 0 -0
    outer loop
      vertex 0 -17.1 5
      vertex 0 -7.09278 7.87733
      vertex 0 -25 23
    endloop
  endfacet
  facet normal 1 0 0
    outer loop
      vertex 0 -7.09278 7.87733
      vertex 0 -17.1 5
      vertex 0 -7.625 7.36338
    endloop
  endfacet
  facet normal 1 0 0
    outer loop
      vertex 0 -7.625 7.36338
      vertex 0 -17.1 5
      vertex 0 -8.12007 6.81355
    endloop
  endfacet
  facet normal 1 0 0
    outer loop
      vertex 0 -8.98931 5.61714
      vertex 0 -17.1 5
      vertex 0 -9.34562 5
    endloop
  endfacet
  facet normal 1 0 0
    outer loop
      vertex 0 -8.12007 6.81355
      vertex 0 -17.1 5
      vertex 0 -8.57558 6.23052
    endloop
  endfacet
  facet normal 1 0 0
    outer loop
      vertex 0 -25 23
      vertex 0 -1.07411 18.2323
      vertex 0 -0.810536 18.5164
    endloop
  endfacet
  facet normal 1 -0 0
    outer loop
      vertex 0 -25 23
      vertex 0 -0.474943 18.7101
      vertex 0 9 23
    endloop
  endfacet
  facet normal 1 0 0
    outer loop
      vertex 0 -25 23
      vertex 0 -0.810536 18.5164
      vertex 0 -0.474943 18.7101
    endloop
  endfacet
  facet normal 1 0 0
    outer loop
      vertex 0 -8.57558 6.23052
      vertex 0 -17.1 5
      vertex 0 -8.98931 5.61714
    endloop
  endfacet
  facet normal 1 -0 0
    outer loop
      vertex 0 -29 19
      vertex 0 -17.1 5
      vertex 0 -25 23
    endloop
  endfacet
  facet normal 1 0 0
    outer loop
      vertex 0 -29 19
      vertex 0 -25 23
      vertex 0 -25.3983 22.9801
    endloop
  endfacet
  facet normal 1 0 0
    outer loop
      vertex 0 -29 19
      vertex 0 -25.3983 22.9801
      vertex 0 -25.7926 22.9207
    endloop
  endfacet
  facet normal 1 0 0
    outer loop
      vertex 0 -29 19
      vertex 0 -25.7926 22.9207
      vertex 0 -26.179 22.8223
    endloop
  endfacet
  facet normal 1 0 0
    outer loop
      vertex 0 -29 19
      vertex 0 -26.179 22.8223
      vertex 0 -26.5537 22.6859
    endloop
  endfacet
  facet normal 1 0 0
    outer loop
      vertex 0 -29 19
      vertex 0 -26.5537 22.6859
      vertex 0 -26.913 22.5129
    endloop
  endfacet
  facet normal 1 0 0
    outer loop
      vertex 0 -29 19
      vertex 0 -26.913 22.5129
      vertex 0 -27.2533 22.305
    endloop
  endfacet
  facet normal 1 0 0
    outer loop
      vertex 0 -29 19
      vertex 0 -27.2533 22.305
      vertex 0 -27.5712 22.0642
    endloop
  endfacet
  facet normal 1 0 0
    outer loop
      vertex 0 -29 19
      vertex 0 -27.5712 22.0642
      vertex 0 -27.8635 21.793
    endloop
  endfacet
  facet normal 1 0 0
    outer loop
      vertex 0 -29 19
      vertex 0 -27.8635 21.793
      vertex 0 -28.1273 21.494
    endloop
  endfacet
  facet normal 1 0 0
    outer loop
      vertex 0 -29 19
      vertex 0 -28.1273 21.494
      vertex 0 -28.3601 21.1702
    endloop
  endfacet
  facet normal 1 0 0
    outer loop
      vertex 0 -29 19
      vertex 0 -28.3601 21.1702
      vertex 0 -28.5595 20.8248
    endloop
  endfacet
  facet normal 1 0 0
    outer loop
      vertex 0 -29 19
      vertex 0 -28.5595 20.8248
      vertex 0 -28.7235 20.4614
    endloop
  endfacet
  facet normal 1 0 0
    outer loop
      vertex 0 -29 19
      vertex 0 -28.7235 20.4614
      vertex 0 -28.8505 20.0834
    endloop
  endfacet
  facet normal 1 0 0
    outer loop
      vertex 0 -29 19
      vertex 0 -28.8505 20.0834
      vertex 0 -28.9392 19.6946
    endloop
  endfacet
  facet normal 1 0 0
    outer loop
      vertex 0 -29 19
      vertex 0 -28.9392 19.6946
      vertex 0 -28.9888 19.2989
    endloop
  endfacet
  facet normal 1 0 0
    outer loop
      vertex 0 -29 0
      vertex 0 -17.1 5
      vertex 0 -29 19
    endloop
  endfacet
  facet normal 1 0 0
    outer loop
      vertex 0 -17.1 5
      vertex 0 -29 0
      vertex 0 -17.1 0
    endloop
  endfacet
  facet normal 1 -0 0
    outer loop
      vertex 0 0.952967 16.6158
      vertex 0 3.27558 10.0812
      vertex 0 1.17126 16.936
    endloop
  endfacet
  facet normal 1 0 0
    outer loop
      vertex 0 3.27558 10.0812
      vertex 0 0.952967 16.6158
      vertex 0 2.56437 10.2851
    endloop
  endfacet
  facet normal 1 -0 0
    outer loop
      vertex 0 0.65 16.3742
      vertex 0 2.56437 10.2851
      vertex 0 0.952967 16.6158
    endloop
  endfacet
  facet normal 1 0 0
    outer loop
      vertex 0 2.56437 10.2851
      vertex 0 0.65 16.3742
      vertex 0 1.84067 10.439
    endloop
  endfacet
  facet normal 1 0 0
    outer loop
      vertex 0 1.84067 10.439
      vertex 0 0.65 16.3742
      vertex 0 1.108 10.5419
    endloop
  endfacet
  facet normal 1 -0 0
    outer loop
      vertex 0 0.289277 16.2326
      vertex 0 1.108 10.5419
      vertex 0 0.65 16.3742
    endloop
  endfacet
  facet normal 1 0 0
    outer loop
      vertex 0 1.108 10.5419
      vertex 0 0.289277 16.2326
      vertex 0 0.369934 10.5935
    endloop
  endfacet
  facet normal 1 -0 0
    outer loop
      vertex 0 -0.0971489 16.2036
      vertex 0 0.369934 10.5935
      vertex 0 0.289277 16.2326
    endloop
  endfacet
  facet normal 1 0 0
    outer loop
      vertex 0 -0.0971489 16.2036
      vertex 0 -0.369934 10.5935
      vertex 0 0.369934 10.5935
    endloop
  endfacet
  facet normal 1 0 0
    outer loop
      vertex 0 -0.474943 16.2899
      vertex 0 -0.369934 10.5935
      vertex 0 -0.0971489 16.2036
    endloop
  endfacet
  facet normal 1 0 0
    outer loop
      vertex 0 -1.84067 10.439
      vertex 0 -0.474943 16.2899
      vertex 0 -0.810536 16.4836
    endloop
  endfacet
  facet normal 1 0 0
    outer loop
      vertex 0 -2.56437 10.2851
      vertex 0 -0.810536 16.4836
      vertex 0 -1.07411 16.7677
    endloop
  endfacet
  facet normal 1 0 0
    outer loop
      vertex 0 -0.474943 16.2899
      vertex 0 -1.108 10.5419
      vertex 0 -0.369934 10.5935
    endloop
  endfacet
  facet normal 1 0 0
    outer loop
      vertex 0 -2.56437 10.2851
      vertex 0 -1.07411 16.7677
      vertex 0 -1.24224 17.1168
    endloop
  endfacet
  facet normal 1 0 0
    outer loop
      vertex 0 -5.3 9.17987
      vertex 0 -1.24224 17.1168
      vertex 0 -1.3 17.5
    endloop
  endfacet
  facet normal 1 0 0
    outer loop
      vertex 0 -0.474943 16.2899
      vertex 0 -1.84067 10.439
      vertex 0 -1.108 10.5419
    endloop
  endfacet
  facet normal -1 0 0
    outer loop
      vertex 0 13 0
      vertex 0 17.1 5
      vertex 0 17.1 0
    endloop
  endfacet
  facet normal -1 -0 0
    outer loop
      vertex 0 17.1 5
      vertex 0 13 0
      vertex 0 13 5
    endloop
  endfacet
  facet normal 0 0 1
    outer loop
      vertex 8.20001 18.9256 5
      vertex 7.57455 15.8964 5
      vertex 7.6 15.5 5
    endloop
  endfacet
  facet normal 0 0 1
    outer loop
      vertex 7.96947 19.1225 5
      vertex 7.49861 16.2863 5
      vertex 7.57455 15.8964 5
    endloop
  endfacet
  facet normal 0 0 1
    outer loop
      vertex 7.96947 19.1225 5
      vertex 7.37344 16.6633 5
      vertex 7.49861 16.2863 5
    endloop
  endfacet
  facet normal 0 0 1
    outer loop
      vertex 6.43282 17.9237 5
      vertex 7.63498 19.3275 5
      vertex 7.27254 19.4776 5
    endloop
  endfacet
  facet normal 0 0 1
    outer loop
      vertex 7.96947 19.1225 5
      vertex 7.20109 17.0212 5
      vertex 7.37344 16.6633 5
    endloop
  endfacet
  facet normal 0 0 1
    outer loop
      vertex 7.96947 19.1225 5
      vertex 6.98438 17.3541 5
      vertex 7.20109 17.0212 5
    endloop
  endfacet
  facet normal 0 0 1
    outer loop
      vertex 6.43282 17.9237 5
      vertex 7.27254 19.4776 5
      vertex 6.89108 19.5692 5
    endloop
  endfacet
  facet normal 0 0 1
    outer loop
      vertex 7.96947 19.1225 5
      vertex 6.72688 17.6566 5
      vertex 6.98438 17.3541 5
    endloop
  endfacet
  facet normal 0 0 1
    outer loop
      vertex 6.10702 18.1509 5
      vertex 6.89108 19.5692 5
      vertex 6.5 19.6 5
    endloop
  endfacet
  facet normal 0 0 1
    outer loop
      vertex 7.63498 19.3275 5
      vertex 6.43282 17.9237 5
      vertex 6.72688 17.6566 5
    endloop
  endfacet
  facet normal 0 0 1
    outer loop
      vertex 6.89108 19.5692 5
      vertex 6.10702 18.1509 5
      vertex 6.43282 17.9237 5
    endloop
  endfacet
  facet normal 0 0 1
    outer loop
      vertex 6.5 19.6 5
      vertex 5.75483 18.3347 5
      vertex 6.10702 18.1509 5
    endloop
  endfacet
  facet normal 0 0 1
    outer loop
      vertex 6.5 19.6 5
      vertex 5.38204 18.4719 5
      vertex 5.75483 18.3347 5
    endloop
  endfacet
  facet normal 0 0 1
    outer loop
      vertex 6.5 19.6 5
      vertex 4.99476 18.5603 5
      vertex 5.38204 18.4719 5
    endloop
  endfacet
  facet normal 0 0 1
    outer loop
      vertex 6.5 19.6 5
      vertex 4.59936 18.5984 5
      vertex 4.99476 18.5603 5
    endloop
  endfacet
  facet normal -0 0 1
    outer loop
      vertex 2.5 19.6 5
      vertex 4.59936 18.5984 5
      vertex 6.5 19.6 5
    endloop
  endfacet
  facet normal 0 0 1
    outer loop
      vertex 4.59936 18.5984 5
      vertex 2.5 19.6 5
      vertex 4.20233 18.5857 5
    endloop
  endfacet
  facet normal 0 0 1
    outer loop
      vertex 4.20233 18.5857 5
      vertex 2.5 19.6 5
      vertex 3.81019 18.5223 5
    endloop
  endfacet
  facet normal 0 0 1
    outer loop
      vertex 3.81019 18.5223 5
      vertex 2.5 19.6 5
      vertex 3.42937 18.4093 5
    endloop
  endfacet
  facet normal 0 0 1
    outer loop
      vertex 2.5 19.6 5
      vertex 3.06613 18.2485 5
      vertex 3.42937 18.4093 5
    endloop
  endfacet
  facet normal 0 0 1
    outer loop
      vertex 2.5 19.6 5
      vertex 2.72644 18.0425 5
      vertex 3.06613 18.2485 5
    endloop
  endfacet
  facet normal -0 0 1
    outer loop
      vertex 2.10892 19.5692 5
      vertex 2.72644 18.0425 5
      vertex 2.5 19.6 5
    endloop
  endfacet
  facet normal -0 0 1
    outer loop
      vertex 1.72746 19.4776 5
      vertex 2.72644 18.0425 5
      vertex 2.10892 19.5692 5
    endloop
  endfacet
  facet normal 0 0 1
    outer loop
      vertex 2.72644 18.0425 5
      vertex 1.72746 19.4776 5
      vertex 2.41587 17.7949 5
    endloop
  endfacet
  facet normal -0 0 1
    outer loop
      vertex 1.36502 19.3275 5
      vertex 2.41587 17.7949 5
      vertex 1.72746 19.4776 5
    endloop
  endfacet
  facet normal -0 0 1
    outer loop
      vertex 1.03053 19.1225 5
      vertex 2.41587 17.7949 5
      vertex 1.36502 19.3275 5
    endloop
  endfacet
  facet normal 0 0 1
    outer loop
      vertex 2.41587 17.7949 5
      vertex 1.03053 19.1225 5
      vertex 2.13952 17.5095 5
    endloop
  endfacet
  facet normal -0 0 1
    outer loop
      vertex 0.732239 18.8677 5
      vertex 2.13952 17.5095 5
      vertex 1.03053 19.1225 5
    endloop
  endfacet
  facet normal -0 0 1
    outer loop
      vertex 0.477463 18.5695 5
      vertex 2.13952 17.5095 5
      vertex 0.732239 18.8677 5
    endloop
  endfacet
  facet normal 0 0 1
    outer loop
      vertex 2.13952 17.5095 5
      vertex 0.477463 18.5695 5
      vertex 1.90193 17.1912 5
    endloop
  endfacet
  facet normal -0 0 1
    outer loop
      vertex 0.12236 17.8725 5
      vertex 1.90193 17.1912 5
      vertex 0.272476 18.235 5
    endloop
  endfacet
  facet normal -0 0 1
    outer loop
      vertex 0.272476 18.235 5
      vertex 1.90193 17.1912 5
      vertex 0.477463 18.5695 5
    endloop
  endfacet
  facet normal 0 0 1
    outer loop
      vertex 7.57455 15.8964 5
      vertex 8.20001 18.9256 5
      vertex 7.96947 19.1225 5
    endloop
  endfacet
  facet normal 0 0 1
    outer loop
      vertex 6.72688 17.6566 5
      vertex 7.96947 19.1225 5
      vertex 7.63498 19.3275 5
    endloop
  endfacet
  facet normal 0 0 1
    outer loop
      vertex 8.20001 18.9256 5
      vertex 7.6 15.5 5
      vertex 8.20001 9.34562 5
    endloop
  endfacet
  facet normal -0 0 1
    outer loop
      vertex 7.57455 15.1036 5
      vertex 8.20001 9.34562 5
      vertex 7.6 15.5 5
    endloop
  endfacet
  facet normal -0 0 1
    outer loop
      vertex 7.49861 14.7137 5
      vertex 8.20001 9.34562 5
      vertex 7.57455 15.1036 5
    endloop
  endfacet
  facet normal -0 0 1
    outer loop
      vertex 7.37344 14.3367 5
      vertex 8.20001 9.34562 5
      vertex 7.49861 14.7137 5
    endloop
  endfacet
  facet normal -0 0 1
    outer loop
      vertex 7.20109 13.9788 5
      vertex 8.20001 9.34562 5
      vertex 7.37344 14.3367 5
    endloop
  endfacet
  facet normal -0 0 1
    outer loop
      vertex 6.98438 13.6459 5
      vertex 8.20001 9.34562 5
      vertex 7.20109 13.9788 5
    endloop
  endfacet
  facet normal -0 0 1
    outer loop
      vertex 6.72688 13.3434 5
      vertex 8.20001 9.34562 5
      vertex 6.98438 13.6459 5
    endloop
  endfacet
  facet normal -0 0 1
    outer loop
      vertex 6.43282 13.0763 5
      vertex 8.20001 9.34562 5
      vertex 6.72688 13.3434 5
    endloop
  endfacet
  facet normal -0 0 1
    outer loop
      vertex 6.10702 12.8491 5
      vertex 8.20001 9.34562 5
      vertex 6.43282 13.0763 5
    endloop
  endfacet
  facet normal -0 0 1
    outer loop
      vertex 5.75483 12.6653 5
      vertex 8.20001 9.34562 5
      vertex 6.10702 12.8491 5
    endloop
  endfacet
  facet normal -0 0 1
    outer loop
      vertex 5.38204 12.5281 5
      vertex 8.20001 9.34562 5
      vertex 5.75483 12.6653 5
    endloop
  endfacet
  facet normal -0 0 1
    outer loop
      vertex 4.99476 12.4397 5
      vertex 8.20001 9.34562 5
      vertex 5.38204 12.5281 5
    endloop
  endfacet
  facet normal -0 0 1
    outer loop
      vertex 4.59936 12.4016 5
      vertex 8.20001 9.34562 5
      vertex 4.99476 12.4397 5
    endloop
  endfacet
  facet normal 0 0 1
    outer loop
      vertex 4.20233 12.4143 5
      vertex 8.20001 9.34562 5
      vertex 4.59936 12.4016 5
    endloop
  endfacet
  facet normal 0 0 1
    outer loop
      vertex 0 9.34562 5
      vertex 4.20233 12.4143 5
      vertex 3.81019 12.4777 5
    endloop
  endfacet
  facet normal 0 0 1
    outer loop
      vertex 0 9.34562 5
      vertex 3.81019 12.4777 5
      vertex 3.42937 12.5907 5
    endloop
  endfacet
  facet normal 0 0 1
    outer loop
      vertex 0 9.34562 5
      vertex 3.42937 12.5907 5
      vertex 3.06613 12.7515 5
    endloop
  endfacet
  facet normal 0 0 1
    outer loop
      vertex 0 9.34562 5
      vertex 3.06613 12.7515 5
      vertex 2.72644 12.9575 5
    endloop
  endfacet
  facet normal 0 0 1
    outer loop
      vertex 1.90193 17.1912 5
      vertex 0.12236 17.8725 5
      vertex 1.707 16.845 5
    endloop
  endfacet
  facet normal -0 0 1
    outer loop
      vertex 0.030777 17.4911 5
      vertex 1.707 16.845 5
      vertex 0.12236 17.8725 5
    endloop
  endfacet
  facet normal -0 0 1
    outer loop
      vertex 0 17.1 5
      vertex 1.707 16.845 5
      vertex 0.030777 17.4911 5
    endloop
  endfacet
  facet normal 0 0 1
    outer loop
      vertex 1.707 16.845 5
      vertex 0 17.1 5
      vertex 1.55793 16.4768 5
    endloop
  endfacet
  facet normal 0 0 1
    outer loop
      vertex 1.55793 16.4768 5
      vertex 0 17.1 5
      vertex 1.45717 16.0926 5
    endloop
  endfacet
  facet normal 0 0 1
    outer loop
      vertex 0 13 5
      vertex 1.40637 15.3014 5
      vertex 0 17.1 5
    endloop
  endfacet
  facet normal 0 0 1
    outer loop
      vertex 1.45717 16.0926 5
      vertex 0 17.1 5
      vertex 1.40637 15.6986 5
    endloop
  endfacet
  facet normal 0 0 1
    outer loop
      vertex 1.40637 15.3014 5
      vertex 0 13 5
      vertex 1.45717 14.9074 5
    endloop
  endfacet
  facet normal 0 0 1
    outer loop
      vertex 1.40637 15.6986 5
      vertex 0 17.1 5
      vertex 1.40637 15.3014 5
    endloop
  endfacet
  facet normal 0 0 1
    outer loop
      vertex 1.45717 14.9074 5
      vertex 0 13 5
      vertex 1.55793 14.5232 5
    endloop
  endfacet
  facet normal 0 0 1
    outer loop
      vertex 1.55793 14.5232 5
      vertex 0 13 5
      vertex 1.707 14.155 5
    endloop
  endfacet
  facet normal 0 0 1
    outer loop
      vertex 1.707 14.155 5
      vertex 0 13 5
      vertex 1.90193 13.8088 5
    endloop
  endfacet
  facet normal 0 0 1
    outer loop
      vertex 0 13 5
      vertex 2.13952 13.4905 5
      vertex 1.90193 13.8088 5
    endloop
  endfacet
  facet normal 0 0 1
    outer loop
      vertex 0 13 5
      vertex 2.41587 13.2051 5
      vertex 2.13952 13.4905 5
    endloop
  endfacet
  facet normal -0 0 1
    outer loop
      vertex 0 13 5
      vertex 2.72644 12.9575 5
      vertex 2.41587 13.2051 5
    endloop
  endfacet
  facet normal 0 0 1
    outer loop
      vertex 0 9.34562 5
      vertex 2.72644 12.9575 5
      vertex 0 13 5
    endloop
  endfacet
  facet normal 0 0 1
    outer loop
      vertex 4.20233 12.4143 5
      vertex 0 9.34562 5
      vertex 8.20001 9.34562 5
    endloop
  endfacet
  facet normal -0.0785132 0.996913 0
    outer loop
      vertex 2.5 19.6 0
      vertex 2.10892 19.5692 5
      vertex 2.5 19.6 5
    endloop
  endfacet
  facet normal -0.0785132 0.996913 0
    outer loop
      vertex 2.10892 19.5692 5
      vertex 2.5 19.6 0
      vertex 2.10892 19.5692 0
    endloop
  endfacet
  facet normal -0.522544 0.852613 0
    outer loop
      vertex 1.36502 19.3275 0
      vertex 1.03053 19.1225 5
      vertex 1.36502 19.3275 5
    endloop
  endfacet
  facet normal -0.522544 0.852613 0
    outer loop
      vertex 1.03053 19.1225 5
      vertex 1.36502 19.3275 0
      vertex 1.03053 19.1225 0
    endloop
  endfacet
  facet normal -0.996918 0.0784509 0
    outer loop
      vertex 0 17.1 0
      vertex 0.030777 17.4911 5
      vertex 0.030777 17.4911 0
    endloop
  endfacet
  facet normal -0.996918 0.0784509 0
    outer loop
      vertex 0.030777 17.4911 5
      vertex 0 17.1 0
      vertex 0 17.1 5
    endloop
  endfacet
  facet normal 0.233492 0.972359 -0
    outer loop
      vertex 7.27254 19.4776 0
      vertex 6.89108 19.5692 5
      vertex 7.27254 19.4776 5
    endloop
  endfacet
  facet normal 0.233492 0.972359 0
    outer loop
      vertex 6.89108 19.5692 5
      vertex 7.27254 19.4776 0
      vertex 6.89108 19.5692 0
    endloop
  endfacet
  facet normal 0.0785132 0.996913 -0
    outer loop
      vertex 6.89108 19.5692 0
      vertex 6.5 19.6 5
      vertex 6.89108 19.5692 5
    endloop
  endfacet
  facet normal 0.0785132 0.996913 0
    outer loop
      vertex 6.5 19.6 5
      vertex 6.89108 19.5692 0
      vertex 6.5 19.6 0
    endloop
  endfacet
  facet normal 0 1 -0
    outer loop
      vertex 6.5 19.6 0
      vertex 2.5 19.6 5
      vertex 6.5 19.6 5
    endloop
  endfacet
  facet normal 0 1 0
    outer loop
      vertex 2.5 19.6 5
      vertex 6.5 19.6 0
      vertex 2.5 19.6 0
    endloop
  endfacet
  facet normal -0.852634 0.522508 0
    outer loop
      vertex 0.272476 18.235 0
      vertex 0.477463 18.5695 5
      vertex 0.477463 18.5695 0
    endloop
  endfacet
  facet normal -0.852634 0.522508 0
    outer loop
      vertex 0.477463 18.5695 5
      vertex 0.272476 18.235 0
      vertex 0.272476 18.235 5
    endloop
  endfacet
  facet normal -0.923912 0.382604 0
    outer loop
      vertex 0.12236 17.8725 0
      vertex 0.272476 18.235 5
      vertex 0.272476 18.235 0
    endloop
  endfacet
  facet normal -0.923912 0.382604 0
    outer loop
      vertex 0.272476 18.235 5
      vertex 0.12236 17.8725 0
      vertex 0.12236 17.8725 5
    endloop
  endfacet
  facet normal -0.97236 0.233486 0
    outer loop
      vertex 0.030777 17.4911 0
      vertex 0.12236 17.8725 5
      vertex 0.12236 17.8725 0
    endloop
  endfacet
  facet normal -0.97236 0.233486 0
    outer loop
      vertex 0.12236 17.8725 5
      vertex 0.030777 17.4911 0
      vertex 0.030777 17.4911 5
    endloop
  endfacet
  facet normal -0.382623 0.923904 0
    outer loop
      vertex 1.72746 19.4776 0
      vertex 1.36502 19.3275 5
      vertex 1.72746 19.4776 5
    endloop
  endfacet
  facet normal -0.382623 0.923904 0
    outer loop
      vertex 1.36502 19.3275 5
      vertex 1.72746 19.4776 0
      vertex 1.36502 19.3275 0
    endloop
  endfacet
  facet normal -0.6495 0.760361 0
    outer loop
      vertex 1.03053 19.1225 0
      vertex 0.732239 18.8677 5
      vertex 1.03053 19.1225 5
    endloop
  endfacet
  facet normal -0.6495 0.760361 0
    outer loop
      vertex 0.732239 18.8677 5
      vertex 1.03053 19.1225 0
      vertex 0.732239 18.8677 0
    endloop
  endfacet
  facet normal -0.233492 0.972359 0
    outer loop
      vertex 2.10892 19.5692 0
      vertex 1.72746 19.4776 5
      vertex 2.10892 19.5692 5
    endloop
  endfacet
  facet normal -0.233492 0.972359 0
    outer loop
      vertex 1.72746 19.4776 5
      vertex 2.10892 19.5692 0
      vertex 1.72746 19.4776 0
    endloop
  endfacet
  facet normal 0.649449 0.760406 -0
    outer loop
      vertex 8.20001 18.9256 0
      vertex 7.96947 19.1225 5
      vertex 8.20001 18.9256 5
    endloop
  endfacet
  facet normal 0.649449 0.760406 0
    outer loop
      vertex 7.96947 19.1225 5
      vertex 8.20001 18.9256 0
      vertex 7.96947 19.1225 0
    endloop
  endfacet
  facet normal 0.522544 0.852613 -0
    outer loop
      vertex 7.96947 19.1225 0
      vertex 7.63498 19.3275 5
      vertex 7.96947 19.1225 5
    endloop
  endfacet
  facet normal 0.522544 0.852613 0
    outer loop
      vertex 7.63498 19.3275 5
      vertex 7.96947 19.1225 0
      vertex 7.63498 19.3275 0
    endloop
  endfacet
  facet normal 0.0785132 -0.996913 0
    outer loop
      vertex 6.5 -19.6 0
      vertex 6.89108 -19.5692 5
      vertex 6.5 -19.6 5
    endloop
  endfacet
  facet normal 0.0785132 -0.996913 0
    outer loop
      vertex 6.89108 -19.5692 5
      vertex 6.5 -19.6 0
      vertex 6.89108 -19.5692 0
    endloop
  endfacet
  facet normal -0.0785132 -0.996913 0
    outer loop
      vertex 2.10892 -19.5692 0
      vertex 2.5 -19.6 5
      vertex 2.10892 -19.5692 5
    endloop
  endfacet
  facet normal -0.0785132 -0.996913 -0
    outer loop
      vertex 2.5 -19.6 5
      vertex 2.10892 -19.5692 0
      vertex 2.5 -19.6 0
    endloop
  endfacet
  facet normal -0.760294 -0.649579 0
    outer loop
      vertex 0.732239 -18.8677 0
      vertex 0.477463 -18.5695 5
      vertex 0.477463 -18.5695 0
    endloop
  endfacet
  facet normal -0.760294 -0.649579 0
    outer loop
      vertex 0.477463 -18.5695 5
      vertex 0.732239 -18.8677 0
      vertex 0.732239 -18.8677 5
    endloop
  endfacet
  facet normal -0 0 1
    outer loop
      vertex 7.49861 -14.7137 5
      vertex 9 -17.1 5
      vertex 9 -9.34562 5
    endloop
  endfacet
  facet normal -0 -0 1
    outer loop
      vertex 7.57455 -15.1036 5
      vertex 9 -17.1 5
      vertex 7.49861 -14.7137 5
    endloop
  endfacet
  facet normal -0 0 1
    outer loop
      vertex 7.57455 -15.8964 5
      vertex 9 -17.1 5
      vertex 7.6 -15.5 5
    endloop
  endfacet
  facet normal -0 0 1
    outer loop
      vertex 7.49861 -16.2863 5
      vertex 9 -17.1 5
      vertex 7.57455 -15.8964 5
    endloop
  endfacet
  facet normal -0 0 1
    outer loop
      vertex 7.37344 -16.6633 5
      vertex 9 -17.1 5
      vertex 7.49861 -16.2863 5
    endloop
  endfacet
  facet normal -0 0 1
    outer loop
      vertex 7.20109 -17.0212 5
      vertex 8.96922 -17.4911 5
      vertex 7.37344 -16.6633 5
    endloop
  endfacet
  facet normal 0 0 1
    outer loop
      vertex 8.96922 -17.4911 5
      vertex 7.20109 -17.0212 5
      vertex 8.87764 -17.8725 5
    endloop
  endfacet
  facet normal 0 0 1
    outer loop
      vertex 8.87764 -17.8725 5
      vertex 7.20109 -17.0212 5
      vertex 8.72752 -18.235 5
    endloop
  endfacet
  facet normal 0 0 1
    outer loop
      vertex 9 -17.1 5
      vertex 7.37344 -16.6633 5
      vertex 8.96922 -17.4911 5
    endloop
  endfacet
  facet normal -0 -0 1
    outer loop
      vertex 7.6 -15.5 5
      vertex 9 -17.1 5
      vertex 7.57455 -15.1036 5
    endloop
  endfacet
  facet normal 0 0 1
    outer loop
      vertex 9 -9.34562 5
      vertex 7.37344 -14.3367 5
      vertex 7.49861 -14.7137 5
    endloop
  endfacet
  facet normal 0 0 1
    outer loop
      vertex 9 -9.34562 5
      vertex 7.20109 -13.9788 5
      vertex 7.37344 -14.3367 5
    endloop
  endfacet
  facet normal 0 0 1
    outer loop
      vertex 9 -9.34562 5
      vertex 6.98438 -13.6459 5
      vertex 7.20109 -13.9788 5
    endloop
  endfacet
  facet normal 0 0 1
    outer loop
      vertex 9 -9.34562 5
      vertex 6.72688 -13.3434 5
      vertex 6.98438 -13.6459 5
    endloop
  endfacet
  facet normal 0 0 1
    outer loop
      vertex 9 -9.34562 5
      vertex 6.43282 -13.0763 5
      vertex 6.72688 -13.3434 5
    endloop
  endfacet
  facet normal 0 0 1
    outer loop
      vertex 9 -9.34562 5
      vertex 6.10702 -12.8491 5
      vertex 6.43282 -13.0763 5
    endloop
  endfacet
  facet normal 0 0 1
    outer loop
      vertex 9 -9.34562 5
      vertex 5.75483 -12.6653 5
      vertex 6.10702 -12.8491 5
    endloop
  endfacet
  facet normal 0 0 1
    outer loop
      vertex 9 -9.34562 5
      vertex 5.38204 -12.5281 5
      vertex 5.75483 -12.6653 5
    endloop
  endfacet
  facet normal 0 0 1
    outer loop
      vertex 9 -9.34562 5
      vertex 4.99476 -12.4397 5
      vertex 5.38204 -12.5281 5
    endloop
  endfacet
  facet normal 0 0 1
    outer loop
      vertex 9 -9.34562 5
      vertex 4.59936 -12.4016 5
      vertex 4.99476 -12.4397 5
    endloop
  endfacet
  facet normal -0 0 1
    outer loop
      vertex 0 -9.34562 5
      vertex 4.59936 -12.4016 5
      vertex 9 -9.34562 5
    endloop
  endfacet
  facet normal 0 0 1
    outer loop
      vertex 4.59936 -12.4016 5
      vertex 0 -9.34562 5
      vertex 4.20233 -12.4143 5
    endloop
  endfacet
  facet normal 0 0 1
    outer loop
      vertex 4.20233 -12.4143 5
      vertex 0 -9.34562 5
      vertex 3.81019 -12.4777 5
    endloop
  endfacet
  facet normal 0 0 1
    outer loop
      vertex 3.81019 -12.4777 5
      vertex 0 -9.34562 5
      vertex 3.42937 -12.5907 5
    endloop
  endfacet
  facet normal 0 0 1
    outer loop
      vertex 0 -17.1 5
      vertex 1.40637 -15.6986 5
      vertex 1.40637 -15.3014 5
    endloop
  endfacet
  facet normal 0 0 1
    outer loop
      vertex 1.40637 -15.6986 5
      vertex 1.03053 -19.1225 5
      vertex 1.36502 -19.3275 5
    endloop
  endfacet
  facet normal 0 0 1
    outer loop
      vertex 1.40637 -15.6986 5
      vertex 0.732239 -18.8677 5
      vertex 1.03053 -19.1225 5
    endloop
  endfacet
  facet normal 0 0 1
    outer loop
      vertex 0 -17.1 5
      vertex 1.40637 -15.3014 5
      vertex 1.45717 -14.9074 5
    endloop
  endfacet
  facet normal 0 0 1
    outer loop
      vertex 1.40637 -15.6986 5
      vertex 0.477463 -18.5695 5
      vertex 0.732239 -18.8677 5
    endloop
  endfacet
  facet normal 0 0 1
    outer loop
      vertex 0 -17.1 5
      vertex 1.45717 -14.9074 5
      vertex 1.55793 -14.5232 5
    endloop
  endfacet
  facet normal 0 0 1
    outer loop
      vertex 1.40637 -15.6986 5
      vertex 0 -17.1 5
      vertex 0.030777 -17.4911 5
    endloop
  endfacet
  facet normal 0 0 1
    outer loop
      vertex 1.40637 -15.6986 5
      vertex 0.272476 -18.235 5
      vertex 0.477463 -18.5695 5
    endloop
  endfacet
  facet normal 0 0 1
    outer loop
      vertex 0 -9.34562 5
      vertex 1.55793 -14.5232 5
      vertex 1.707 -14.155 5
    endloop
  endfacet
  facet normal 0 0 1
    outer loop
      vertex 1.40637 -15.6986 5
      vertex 0.12236 -17.8725 5
      vertex 0.272476 -18.235 5
    endloop
  endfacet
  facet normal 0 0 1
    outer loop
      vertex 3.42937 -12.5907 5
      vertex 0 -9.34562 5
      vertex 3.06613 -12.7515 5
    endloop
  endfacet
  facet normal 0 0 1
    outer loop
      vertex 0 -9.34562 5
      vertex 2.72644 -12.9575 5
      vertex 3.06613 -12.7515 5
    endloop
  endfacet
  facet normal 0 0 1
    outer loop
      vertex 0 -9.34562 5
      vertex 2.41587 -13.2051 5
      vertex 2.72644 -12.9575 5
    endloop
  endfacet
  facet normal 0 0 1
    outer loop
      vertex 0 -9.34562 5
      vertex 2.13952 -13.4905 5
      vertex 2.41587 -13.2051 5
    endloop
  endfacet
  facet normal 0 0 1
    outer loop
      vertex 0 -9.34562 5
      vertex 1.90193 -13.8088 5
      vertex 2.13952 -13.4905 5
    endloop
  endfacet
  facet normal 0 0 1
    outer loop
      vertex 0 -9.34562 5
      vertex 1.707 -14.155 5
      vertex 1.90193 -13.8088 5
    endloop
  endfacet
  facet normal 0 0 1
    outer loop
      vertex 1.55793 -14.5232 5
      vertex 0 -9.34562 5
      vertex 0 -17.1 5
    endloop
  endfacet
  facet normal 0 0 1
    outer loop
      vertex 1.40637 -15.6986 5
      vertex 0.030777 -17.4911 5
      vertex 0.12236 -17.8725 5
    endloop
  endfacet
  facet normal -0 0 1
    outer loop
      vertex 6.98438 -17.3541 5
      vertex 8.72752 -18.235 5
      vertex 7.20109 -17.0212 5
    endloop
  endfacet
  facet normal 0 0 1
    outer loop
      vertex 8.72752 -18.235 5
      vertex 6.98438 -17.3541 5
      vertex 8.52254 -18.5695 5
    endloop
  endfacet
  facet normal 0 0 1
    outer loop
      vertex 8.52254 -18.5695 5
      vertex 6.98438 -17.3541 5
      vertex 8.26776 -18.8677 5
    endloop
  endfacet
  facet normal -0 0 1
    outer loop
      vertex 6.72688 -17.6566 5
      vertex 8.26776 -18.8677 5
      vertex 6.98438 -17.3541 5
    endloop
  endfacet
  facet normal 0 0 1
    outer loop
      vertex 8.26776 -18.8677 5
      vertex 6.72688 -17.6566 5
      vertex 7.96947 -19.1225 5
    endloop
  endfacet
  facet normal 0 0 1
    outer loop
      vertex 7.96947 -19.1225 5
      vertex 6.72688 -17.6566 5
      vertex 7.63498 -19.3275 5
    endloop
  endfacet
  facet normal -0 0 1
    outer loop
      vertex 6.43282 -17.9237 5
      vertex 7.63498 -19.3275 5
      vertex 6.72688 -17.6566 5
    endloop
  endfacet
  facet normal 0 0 1
    outer loop
      vertex 7.63498 -19.3275 5
      vertex 6.43282 -17.9237 5
      vertex 7.27254 -19.4776 5
    endloop
  endfacet
  facet normal 0 0 1
    outer loop
      vertex 7.27254 -19.4776 5
      vertex 6.43282 -17.9237 5
      vertex 6.89108 -19.5692 5
    endloop
  endfacet
  facet normal -0 0 1
    outer loop
      vertex 6.10702 -18.1509 5
      vertex 6.89108 -19.5692 5
      vertex 6.43282 -17.9237 5
    endloop
  endfacet
  facet normal 0 0 1
    outer loop
      vertex 6.89108 -19.5692 5
      vertex 6.10702 -18.1509 5
      vertex 6.5 -19.6 5
    endloop
  endfacet
  facet normal -0 0 1
    outer loop
      vertex 5.75483 -18.3347 5
      vertex 6.5 -19.6 5
      vertex 6.10702 -18.1509 5
    endloop
  endfacet
  facet normal -0 0 1
    outer loop
      vertex 5.38204 -18.4719 5
      vertex 6.5 -19.6 5
      vertex 5.75483 -18.3347 5
    endloop
  endfacet
  facet normal -0 0 1
    outer loop
      vertex 4.99476 -18.5603 5
      vertex 6.5 -19.6 5
      vertex 5.38204 -18.4719 5
    endloop
  endfacet
  facet normal -0 0 1
    outer loop
      vertex 4.59936 -18.5984 5
      vertex 6.5 -19.6 5
      vertex 4.99476 -18.5603 5
    endloop
  endfacet
  facet normal 0 0 1
    outer loop
      vertex 2.5 -19.6 5
      vertex 4.59936 -18.5984 5
      vertex 4.20233 -18.5857 5
    endloop
  endfacet
  facet normal 0 0 1
    outer loop
      vertex 2.5 -19.6 5
      vertex 4.20233 -18.5857 5
      vertex 3.81019 -18.5223 5
    endloop
  endfacet
  facet normal 0 0 1
    outer loop
      vertex 2.5 -19.6 5
      vertex 3.81019 -18.5223 5
      vertex 3.42937 -18.4093 5
    endloop
  endfacet
  facet normal 0 0 1
    outer loop
      vertex 4.59936 -18.5984 5
      vertex 2.5 -19.6 5
      vertex 6.5 -19.6 5
    endloop
  endfacet
  facet normal 0 0 1
    outer loop
      vertex 3.06613 -18.2485 5
      vertex 2.5 -19.6 5
      vertex 3.42937 -18.4093 5
    endloop
  endfacet
  facet normal 0 0 1
    outer loop
      vertex 2.72644 -18.0425 5
      vertex 2.5 -19.6 5
      vertex 3.06613 -18.2485 5
    endloop
  endfacet
  facet normal 0 0 1
    outer loop
      vertex 1.72746 -19.4776 5
      vertex 2.72644 -18.0425 5
      vertex 2.41587 -17.7949 5
    endloop
  endfacet
  facet normal 0 0 1
    outer loop
      vertex 1.36502 -19.3275 5
      vertex 2.41587 -17.7949 5
      vertex 2.13952 -17.5095 5
    endloop
  endfacet
  facet normal 0 0 1
    outer loop
      vertex 2.72644 -18.0425 5
      vertex 2.10892 -19.5692 5
      vertex 2.5 -19.6 5
    endloop
  endfacet
  facet normal 0 0 1
    outer loop
      vertex 1.36502 -19.3275 5
      vertex 2.13952 -17.5095 5
      vertex 1.90193 -17.1912 5
    endloop
  endfacet
  facet normal 0 0 1
    outer loop
      vertex 2.72644 -18.0425 5
      vertex 1.72746 -19.4776 5
      vertex 2.10892 -19.5692 5
    endloop
  endfacet
  facet normal 0 0 1
    outer loop
      vertex 1.36502 -19.3275 5
      vertex 1.90193 -17.1912 5
      vertex 1.707 -16.845 5
    endloop
  endfacet
  facet normal 0 0 1
    outer loop
      vertex 1.36502 -19.3275 5
      vertex 1.707 -16.845 5
      vertex 1.55793 -16.4768 5
    endloop
  endfacet
  facet normal 0 0 1
    outer loop
      vertex 1.36502 -19.3275 5
      vertex 1.55793 -16.4768 5
      vertex 1.45717 -16.0926 5
    endloop
  endfacet
  facet normal 0 0 1
    outer loop
      vertex 1.36502 -19.3275 5
      vertex 1.45717 -16.0926 5
      vertex 1.40637 -15.6986 5
    endloop
  endfacet
  facet normal 0 0 1
    outer loop
      vertex 2.41587 -17.7949 5
      vertex 1.36502 -19.3275 5
      vertex 1.72746 -19.4776 5
    endloop
  endfacet
  facet normal 0 -1 0
    outer loop
      vertex 2.5 -19.6 0
      vertex 6.5 -19.6 5
      vertex 2.5 -19.6 5
    endloop
  endfacet
  facet normal 0 -1 -0
    outer loop
      vertex 6.5 -19.6 5
      vertex 2.5 -19.6 0
      vertex 6.5 -19.6 0
    endloop
  endfacet
  facet normal 0.996917 -0.0784585 0
    outer loop
      vertex 8.96922 -17.4911 5
      vertex 9 -17.1 0
      vertex 9 -17.1 5
    endloop
  endfacet
  facet normal 0.996917 -0.0784585 0
    outer loop
      vertex 9 -17.1 0
      vertex 8.96922 -17.4911 5
      vertex 8.96922 -17.4911 0
    endloop
  endfacet
  facet normal -0.996918 -0.0784509 0
    outer loop
      vertex 0.030777 -17.4911 0
      vertex 0 -17.1 5
      vertex 0 -17.1 0
    endloop
  endfacet
  facet normal -0.996918 -0.0784509 0
    outer loop
      vertex 0 -17.1 5
      vertex 0.030777 -17.4911 0
      vertex 0.030777 -17.4911 5
    endloop
  endfacet
  facet normal -0.852634 -0.522508 0
    outer loop
      vertex 0.477463 -18.5695 0
      vertex 0.272476 -18.235 5
      vertex 0.272476 -18.235 0
    endloop
  endfacet
  facet normal -0.852634 -0.522508 0
    outer loop
      vertex 0.272476 -18.235 5
      vertex 0.477463 -18.5695 0
      vertex 0.477463 -18.5695 5
    endloop
  endfacet
  facet normal -0.233492 -0.972359 0
    outer loop
      vertex 1.72746 -19.4776 0
      vertex 2.10892 -19.5692 5
      vertex 1.72746 -19.4776 5
    endloop
  endfacet
  facet normal -0.233492 -0.972359 -0
    outer loop
      vertex 2.10892 -19.5692 5
      vertex 1.72746 -19.4776 0
      vertex 2.10892 -19.5692 0
    endloop
  endfacet
  facet normal -0.522544 -0.852613 0
    outer loop
      vertex 1.03053 -19.1225 0
      vertex 1.36502 -19.3275 5
      vertex 1.03053 -19.1225 5
    endloop
  endfacet
  facet normal -0.522544 -0.852613 -0
    outer loop
      vertex 1.36502 -19.3275 5
      vertex 1.03053 -19.1225 0
      vertex 1.36502 -19.3275 0
    endloop
  endfacet
  facet normal -0.6495 -0.760361 0
    outer loop
      vertex 0.732239 -18.8677 0
      vertex 1.03053 -19.1225 5
      vertex 0.732239 -18.8677 5
    endloop
  endfacet
  facet normal -0.6495 -0.760361 -0
    outer loop
      vertex 1.03053 -19.1225 5
      vertex 0.732239 -18.8677 0
      vertex 1.03053 -19.1225 0
    endloop
  endfacet
  facet normal 0.760289 -0.649585 0
    outer loop
      vertex 8.26776 -18.8677 5
      vertex 8.52254 -18.5695 0
      vertex 8.52254 -18.5695 5
    endloop
  endfacet
  facet normal 0.760289 -0.649585 0
    outer loop
      vertex 8.52254 -18.5695 0
      vertex 8.26776 -18.8677 5
      vertex 8.26776 -18.8677 0
    endloop
  endfacet
  facet normal 0.522544 -0.852613 0
    outer loop
      vertex 7.63498 -19.3275 0
      vertex 7.96947 -19.1225 5
      vertex 7.63498 -19.3275 5
    endloop
  endfacet
  facet normal 0.522544 -0.852613 0
    outer loop
      vertex 7.96947 -19.1225 5
      vertex 7.63498 -19.3275 0
      vertex 7.96947 -19.1225 0
    endloop
  endfacet
  facet normal 1 -0 0
    outer loop
      vertex 9 -17.1 5
      vertex 9 -9.35924 4.9764
      vertex 9 -9.34562 5
    endloop
  endfacet
  facet normal 1 0 0
    outer loop
      vertex 9 -17.1 5
      vertex 9 -9.68358 4.31141
      vertex 9 -9.35924 4.9764
    endloop
  endfacet
  facet normal 1 0 0
    outer loop
      vertex 9 -17.1 5
      vertex 9 -9.96074 3.62541
      vertex 9 -9.68358 4.31141
    endloop
  endfacet
  facet normal 1 0 0
    outer loop
      vertex 9 -17.1 5
      vertex 9 -10.1894 2.92176
      vertex 9 -9.96074 3.62541
    endloop
  endfacet
  facet normal 1 0 0
    outer loop
      vertex 9 -17.1 5
      vertex 9 -10.3684 2.20386
      vertex 9 -10.1894 2.92176
    endloop
  endfacet
  facet normal 1 0 0
    outer loop
      vertex 9 -17.1 5
      vertex 9 -10.4968 1.47523
      vertex 9 -10.3684 2.20386
    endloop
  endfacet
  facet normal 1 0 0
    outer loop
      vertex 9 -17.1 0
      vertex 9 -10.4968 1.47523
      vertex 9 -17.1 5
    endloop
  endfacet
  facet normal 1 0 0
    outer loop
      vertex 9 -10.4968 1.47523
      vertex 9 -17.1 0
      vertex 9 -10.5742 0.739418
    endloop
  endfacet
  facet normal 1 0 0
    outer loop
      vertex 9 -10.5742 0.739418
      vertex 9 -17.1 0
      vertex 9 -10.6 0
    endloop
  endfacet
  facet normal -0.97236 -0.233486 0
    outer loop
      vertex 0.12236 -17.8725 0
      vertex 0.030777 -17.4911 5
      vertex 0.030777 -17.4911 0
    endloop
  endfacet
  facet normal -0.97236 -0.233486 0
    outer loop
      vertex 0.030777 -17.4911 5
      vertex 0.12236 -17.8725 0
      vertex 0.12236 -17.8725 5
    endloop
  endfacet
  facet normal -0.382623 -0.923904 0
    outer loop
      vertex 1.36502 -19.3275 0
      vertex 1.72746 -19.4776 5
      vertex 1.36502 -19.3275 5
    endloop
  endfacet
  facet normal -0.382623 -0.923904 -0
    outer loop
      vertex 1.72746 -19.4776 5
      vertex 1.36502 -19.3275 0
      vertex 1.72746 -19.4776 0
    endloop
  endfacet
  facet normal 0.233492 -0.972359 0
    outer loop
      vertex 6.89108 -19.5692 0
      vertex 7.27254 -19.4776 5
      vertex 6.89108 -19.5692 5
    endloop
  endfacet
  facet normal 0.233492 -0.972359 0
    outer loop
      vertex 7.27254 -19.4776 5
      vertex 6.89108 -19.5692 0
      vertex 7.27254 -19.4776 0
    endloop
  endfacet
  facet normal 0.382623 -0.923904 0
    outer loop
      vertex 7.27254 -19.4776 0
      vertex 7.63498 -19.3275 5
      vertex 7.27254 -19.4776 5
    endloop
  endfacet
  facet normal 0.382623 -0.923904 0
    outer loop
      vertex 7.63498 -19.3275 5
      vertex 7.27254 -19.4776 0
      vertex 7.63498 -19.3275 0
    endloop
  endfacet
  facet normal 0.923909 -0.382613 0
    outer loop
      vertex 8.72752 -18.235 5
      vertex 8.87764 -17.8725 0
      vertex 8.87764 -17.8725 5
    endloop
  endfacet
  facet normal 0.923909 -0.382613 0
    outer loop
      vertex 8.87764 -17.8725 0
      vertex 8.72752 -18.235 5
      vertex 8.72752 -18.235 0
    endloop
  endfacet
  facet normal 0.852642 -0.522495 0
    outer loop
      vertex 8.52254 -18.5695 5
      vertex 8.72752 -18.235 0
      vertex 8.72752 -18.235 5
    endloop
  endfacet
  facet normal 0.852642 -0.522495 0
    outer loop
      vertex 8.72752 -18.235 0
      vertex 8.52254 -18.5695 5
      vertex 8.52254 -18.5695 0
    endloop
  endfacet
  facet normal 0.649502 -0.76036 0
    outer loop
      vertex 7.96947 -19.1225 0
      vertex 8.26776 -18.8677 5
      vertex 7.96947 -19.1225 5
    endloop
  endfacet
  facet normal 0.649502 -0.76036 0
    outer loop
      vertex 8.26776 -18.8677 5
      vertex 7.96947 -19.1225 0
      vertex 8.26776 -18.8677 0
    endloop
  endfacet
  facet normal -0.923912 -0.382604 0
    outer loop
      vertex 0.272476 -18.235 0
      vertex 0.12236 -17.8725 5
      vertex 0.12236 -17.8725 0
    endloop
  endfacet
  facet normal -0.923912 -0.382604 0
    outer loop
      vertex 0.12236 -17.8725 5
      vertex 0.272476 -18.235 0
      vertex 0.272476 -18.235 5
    endloop
  endfacet
  facet normal 0.972362 -0.233479 0
    outer loop
      vertex 8.87764 -17.8725 5
      vertex 8.96922 -17.4911 0
      vertex 8.96922 -17.4911 5
    endloop
  endfacet
  facet normal 0.972362 -0.233479 0
    outer loop
      vertex 8.96922 -17.4911 0
      vertex 8.87764 -17.8725 5
      vertex 8.87764 -17.8725 0
    endloop
  endfacet
  facet normal -0.233527 0.97235 0
    outer loop
      vertex 65.1089 19.5692 0
      vertex 64.7275 19.4776 5
      vertex 65.1089 19.5692 5
    endloop
  endfacet
  facet normal -0.233527 0.97235 0
    outer loop
      vertex 64.7275 19.4776 5
      vertex 65.1089 19.5692 0
      vertex 64.7275 19.4776 0
    endloop
  endfacet
  facet normal -0.649489 0.760371 0
    outer loop
      vertex 64.0305 19.1225 0
      vertex 63.7322 18.8677 5
      vertex 64.0305 19.1225 5
    endloop
  endfacet
  facet normal -0.649489 0.760371 0
    outer loop
      vertex 63.7322 18.8677 5
      vertex 64.0305 19.1225 0
      vertex 63.7322 18.8677 0
    endloop
  endfacet
  facet normal -1 0 0
    outer loop
      vertex 63 10.5742 0.739418
      vertex 63 17.1 0
      vertex 63 10.6 0
    endloop
  endfacet
  facet normal -1 0 0
    outer loop
      vertex 63 10.4968 1.47523
      vertex 63 17.1 0
      vertex 63 10.5742 0.739418
    endloop
  endfacet
  facet normal -1 0 0
    outer loop
      vertex 63 17.1 0
      vertex 63 10.4968 1.47523
      vertex 63 17.1 5
    endloop
  endfacet
  facet normal -1 0 0
    outer loop
      vertex 63 10.3684 2.20386
      vertex 63 17.1 5
      vertex 63 10.4968 1.47523
    endloop
  endfacet
  facet normal -1 0 0
    outer loop
      vertex 63 10.1894 2.92176
      vertex 63 17.1 5
      vertex 63 10.3684 2.20386
    endloop
  endfacet
  facet normal -1 0 0
    outer loop
      vertex 63 9.96074 3.62541
      vertex 63 17.1 5
      vertex 63 10.1894 2.92176
    endloop
  endfacet
  facet normal -1 0 0
    outer loop
      vertex 63 9.68358 4.31141
      vertex 63 17.1 5
      vertex 63 9.96074 3.62541
    endloop
  endfacet
  facet normal -1 0 0
    outer loop
      vertex 63 9.35924 4.9764
      vertex 63 17.1 5
      vertex 63 9.68358 4.31141
    endloop
  endfacet
  facet normal -1 -0 0
    outer loop
      vertex 63 17.1 5
      vertex 63 9.35924 4.9764
      vertex 63 9.34562 5
    endloop
  endfacet
  facet normal 0 0 1
    outer loop
      vertex 72 17.1 5
      vertex 70.5745 15.8964 5
      vertex 70.6 15.5 5
    endloop
  endfacet
  facet normal 0 0 1
    outer loop
      vertex 70.9695 19.1225 5
      vertex 70.4986 16.2863 5
      vertex 70.5745 15.8964 5
    endloop
  endfacet
  facet normal 0 0 1
    outer loop
      vertex 70.9695 19.1225 5
      vertex 70.3734 16.6633 5
      vertex 70.4986 16.2863 5
    endloop
  endfacet
  facet normal 0 0 1
    outer loop
      vertex 69.4328 17.9237 5
      vertex 70.635 19.3275 5
      vertex 70.2725 19.4776 5
    endloop
  endfacet
  facet normal 0 0 1
    outer loop
      vertex 70.9695 19.1225 5
      vertex 70.2011 17.0212 5
      vertex 70.3734 16.6633 5
    endloop
  endfacet
  facet normal 0 0 1
    outer loop
      vertex 70.9695 19.1225 5
      vertex 69.9844 17.3541 5
      vertex 70.2011 17.0212 5
    endloop
  endfacet
  facet normal 0 0 1
    outer loop
      vertex 69.4328 17.9237 5
      vertex 70.2725 19.4776 5
      vertex 69.8911 19.5692 5
    endloop
  endfacet
  facet normal 0 0 1
    outer loop
      vertex 70.9695 19.1225 5
      vertex 69.7269 17.6566 5
      vertex 69.9844 17.3541 5
    endloop
  endfacet
  facet normal 0 0 1
    outer loop
      vertex 69.107 18.1509 5
      vertex 69.8911 19.5692 5
      vertex 69.5 19.6 5
    endloop
  endfacet
  facet normal 0 0 1
    outer loop
      vertex 70.635 19.3275 5
      vertex 69.4328 17.9237 5
      vertex 69.7269 17.6566 5
    endloop
  endfacet
  facet normal 0 0 1
    outer loop
      vertex 69.8911 19.5692 5
      vertex 69.107 18.1509 5
      vertex 69.4328 17.9237 5
    endloop
  endfacet
  facet normal 0 0 1
    outer loop
      vertex 69.5 19.6 5
      vertex 68.7548 18.3347 5
      vertex 69.107 18.1509 5
    endloop
  endfacet
  facet normal 0 0 1
    outer loop
      vertex 69.5 19.6 5
      vertex 68.382 18.4719 5
      vertex 68.7548 18.3347 5
    endloop
  endfacet
  facet normal 0 0 1
    outer loop
      vertex 69.5 19.6 5
      vertex 67.9948 18.5603 5
      vertex 68.382 18.4719 5
    endloop
  endfacet
  facet normal 0 0 1
    outer loop
      vertex 69.5 19.6 5
      vertex 67.5994 18.5984 5
      vertex 67.9948 18.5603 5
    endloop
  endfacet
  facet normal -0 0 1
    outer loop
      vertex 65.5 19.6 5
      vertex 67.5994 18.5984 5
      vertex 69.5 19.6 5
    endloop
  endfacet
  facet normal 0 0 1
    outer loop
      vertex 67.5994 18.5984 5
      vertex 65.5 19.6 5
      vertex 67.2023 18.5857 5
    endloop
  endfacet
  facet normal 0 0 1
    outer loop
      vertex 67.2023 18.5857 5
      vertex 65.5 19.6 5
      vertex 66.8102 18.5223 5
    endloop
  endfacet
  facet normal 0 0 1
    outer loop
      vertex 66.8102 18.5223 5
      vertex 65.5 19.6 5
      vertex 66.4294 18.4093 5
    endloop
  endfacet
  facet normal 0 0 1
    outer loop
      vertex 65.5 19.6 5
      vertex 66.0661 18.2485 5
      vertex 66.4294 18.4093 5
    endloop
  endfacet
  facet normal 0 0 1
    outer loop
      vertex 65.5 19.6 5
      vertex 65.7264 18.0425 5
      vertex 66.0661 18.2485 5
    endloop
  endfacet
  facet normal -0 0 1
    outer loop
      vertex 65.1089 19.5692 5
      vertex 65.7264 18.0425 5
      vertex 65.5 19.6 5
    endloop
  endfacet
  facet normal -0 0 1
    outer loop
      vertex 64.7275 19.4776 5
      vertex 65.7264 18.0425 5
      vertex 65.1089 19.5692 5
    endloop
  endfacet
  facet normal 0 0 1
    outer loop
      vertex 65.7264 18.0425 5
      vertex 64.7275 19.4776 5
      vertex 65.4159 17.7949 5
    endloop
  endfacet
  facet normal -0 0 1
    outer loop
      vertex 64.365 19.3275 5
      vertex 65.4159 17.7949 5
      vertex 64.7275 19.4776 5
    endloop
  endfacet
  facet normal -0 0 1
    outer loop
      vertex 64.0305 19.1225 5
      vertex 65.4159 17.7949 5
      vertex 64.365 19.3275 5
    endloop
  endfacet
  facet normal 0 0 1
    outer loop
      vertex 65.4159 17.7949 5
      vertex 64.0305 19.1225 5
      vertex 65.1395 17.5095 5
    endloop
  endfacet
  facet normal -0 0 1
    outer loop
      vertex 63.7322 18.8677 5
      vertex 65.1395 17.5095 5
      vertex 64.0305 19.1225 5
    endloop
  endfacet
  facet normal -0 0 1
    outer loop
      vertex 63.4775 18.5695 5
      vertex 65.1395 17.5095 5
      vertex 63.7322 18.8677 5
    endloop
  endfacet
  facet normal 0 0 1
    outer loop
      vertex 65.1395 17.5095 5
      vertex 63.4775 18.5695 5
      vertex 64.9019 17.1912 5
    endloop
  endfacet
  facet normal -0 0 1
    outer loop
      vertex 63.1224 17.8725 5
      vertex 64.9019 17.1912 5
      vertex 63.2725 18.235 5
    endloop
  endfacet
  facet normal -0 0 1
    outer loop
      vertex 63.2725 18.235 5
      vertex 64.9019 17.1912 5
      vertex 63.4775 18.5695 5
    endloop
  endfacet
  facet normal 0 0 1
    outer loop
      vertex 70.5745 15.8964 5
      vertex 72 17.1 5
      vertex 71.9692 17.4911 5
    endloop
  endfacet
  facet normal 0 0 1
    outer loop
      vertex 70.5745 15.8964 5
      vertex 71.9692 17.4911 5
      vertex 71.8776 17.8725 5
    endloop
  endfacet
  facet normal 0 0 1
    outer loop
      vertex 70.5745 15.8964 5
      vertex 71.8776 17.8725 5
      vertex 71.7275 18.235 5
    endloop
  endfacet
  facet normal 0 0 1
    outer loop
      vertex 70.5745 15.8964 5
      vertex 71.7275 18.235 5
      vertex 71.5225 18.5695 5
    endloop
  endfacet
  facet normal 0 0 1
    outer loop
      vertex 70.5745 15.8964 5
      vertex 71.5225 18.5695 5
      vertex 71.2678 18.8677 5
    endloop
  endfacet
  facet normal 0 0 1
    outer loop
      vertex 70.5745 15.8964 5
      vertex 71.2678 18.8677 5
      vertex 70.9695 19.1225 5
    endloop
  endfacet
  facet normal 0 0 1
    outer loop
      vertex 69.7269 17.6566 5
      vertex 70.9695 19.1225 5
      vertex 70.635 19.3275 5
    endloop
  endfacet
  facet normal 0 0 1
    outer loop
      vertex 72 17.1 5
      vertex 70.6 15.5 5
      vertex 70.5745 15.1036 5
    endloop
  endfacet
  facet normal 0 0 1
    outer loop
      vertex 72 17.1 5
      vertex 70.5745 15.1036 5
      vertex 70.4986 14.7137 5
    endloop
  endfacet
  facet normal 0 0 1
    outer loop
      vertex 72 17.1 5
      vertex 70.4986 14.7137 5
      vertex 72 9.34562 5
    endloop
  endfacet
  facet normal -0 0 1
    outer loop
      vertex 70.3734 14.3367 5
      vertex 72 9.34562 5
      vertex 70.4986 14.7137 5
    endloop
  endfacet
  facet normal -0 0 1
    outer loop
      vertex 70.2011 13.9788 5
      vertex 72 9.34562 5
      vertex 70.3734 14.3367 5
    endloop
  endfacet
  facet normal -0 0 1
    outer loop
      vertex 69.9844 13.6459 5
      vertex 72 9.34562 5
      vertex 70.2011 13.9788 5
    endloop
  endfacet
  facet normal -0 0 1
    outer loop
      vertex 69.7269 13.3434 5
      vertex 72 9.34562 5
      vertex 69.9844 13.6459 5
    endloop
  endfacet
  facet normal -0 0 1
    outer loop
      vertex 69.4328 13.0763 5
      vertex 72 9.34562 5
      vertex 69.7269 13.3434 5
    endloop
  endfacet
  facet normal -0 0 1
    outer loop
      vertex 69.107 12.8491 5
      vertex 72 9.34562 5
      vertex 69.4328 13.0763 5
    endloop
  endfacet
  facet normal -0 0 1
    outer loop
      vertex 68.7548 12.6653 5
      vertex 72 9.34562 5
      vertex 69.107 12.8491 5
    endloop
  endfacet
  facet normal -0 0 1
    outer loop
      vertex 68.382 12.5281 5
      vertex 72 9.34562 5
      vertex 68.7548 12.6653 5
    endloop
  endfacet
  facet normal -0 0 1
    outer loop
      vertex 67.9948 12.4397 5
      vertex 72 9.34562 5
      vertex 68.382 12.5281 5
    endloop
  endfacet
  facet normal -0 0 1
    outer loop
      vertex 67.5994 12.4016 5
      vertex 72 9.34562 5
      vertex 67.9948 12.4397 5
    endloop
  endfacet
  facet normal 0 0 1
    outer loop
      vertex 63 9.34562 5
      vertex 67.5994 12.4016 5
      vertex 67.2023 12.4143 5
    endloop
  endfacet
  facet normal 0 0 1
    outer loop
      vertex 63 9.34562 5
      vertex 67.2023 12.4143 5
      vertex 66.8102 12.4777 5
    endloop
  endfacet
  facet normal 0 0 1
    outer loop
      vertex 63 9.34562 5
      vertex 66.8102 12.4777 5
      vertex 66.4294 12.5907 5
    endloop
  endfacet
  facet normal 0 0 1
    outer loop
      vertex 63 9.34562 5
      vertex 66.4294 12.5907 5
      vertex 66.0661 12.7515 5
    endloop
  endfacet
  facet normal 0 0 1
    outer loop
      vertex 64.9019 17.1912 5
      vertex 63.1224 17.8725 5
      vertex 64.707 16.845 5
    endloop
  endfacet
  facet normal -0 0 1
    outer loop
      vertex 63.0308 17.4911 5
      vertex 64.707 16.845 5
      vertex 63.1224 17.8725 5
    endloop
  endfacet
  facet normal -0 0 1
    outer loop
      vertex 63 17.1 5
      vertex 64.707 16.845 5
      vertex 63.0308 17.4911 5
    endloop
  endfacet
  facet normal 0 0 1
    outer loop
      vertex 64.707 16.845 5
      vertex 63 17.1 5
      vertex 64.5579 16.4768 5
    endloop
  endfacet
  facet normal 0 0 1
    outer loop
      vertex 64.5579 16.4768 5
      vertex 63 17.1 5
      vertex 64.4572 16.0926 5
    endloop
  endfacet
  facet normal 0 0 1
    outer loop
      vertex 64.4064 15.3014 5
      vertex 63 17.1 5
      vertex 64.4572 14.9074 5
    endloop
  endfacet
  facet normal 0 0 1
    outer loop
      vertex 64.4572 16.0926 5
      vertex 63 17.1 5
      vertex 64.4064 15.6986 5
    endloop
  endfacet
  facet normal 0 0 1
    outer loop
      vertex 64.4572 14.9074 5
      vertex 63 17.1 5
      vertex 64.5579 14.5232 5
    endloop
  endfacet
  facet normal 0 0 1
    outer loop
      vertex 64.4064 15.6986 5
      vertex 63 17.1 5
      vertex 64.4064 15.3014 5
    endloop
  endfacet
  facet normal 0 0 1
    outer loop
      vertex 63 9.34562 5
      vertex 64.5579 14.5232 5
      vertex 63 17.1 5
    endloop
  endfacet
  facet normal 0 0 1
    outer loop
      vertex 64.5579 14.5232 5
      vertex 63 9.34562 5
      vertex 64.707 14.155 5
    endloop
  endfacet
  facet normal 0 0 1
    outer loop
      vertex 67.5994 12.4016 5
      vertex 63 9.34562 5
      vertex 72 9.34562 5
    endloop
  endfacet
  facet normal 0 0 1
    outer loop
      vertex 65.7264 12.9575 5
      vertex 63 9.34562 5
      vertex 66.0661 12.7515 5
    endloop
  endfacet
  facet normal 0 0 1
    outer loop
      vertex 65.4159 13.2051 5
      vertex 63 9.34562 5
      vertex 65.7264 12.9575 5
    endloop
  endfacet
  facet normal 0 0 1
    outer loop
      vertex 65.1395 13.4905 5
      vertex 63 9.34562 5
      vertex 65.4159 13.2051 5
    endloop
  endfacet
  facet normal 0 0 1
    outer loop
      vertex 64.9019 13.8088 5
      vertex 63 9.34562 5
      vertex 65.1395 13.4905 5
    endloop
  endfacet
  facet normal 0 0 1
    outer loop
      vertex 64.707 14.155 5
      vertex 63 9.34562 5
      vertex 64.9019 13.8088 5
    endloop
  endfacet
  facet normal 0 1 -0
    outer loop
      vertex 69.5 19.6 0
      vertex 65.5 19.6 5
      vertex 69.5 19.6 5
    endloop
  endfacet
  facet normal 0 1 0
    outer loop
      vertex 65.5 19.6 5
      vertex 69.5 19.6 0
      vertex 65.5 19.6 0
    endloop
  endfacet
  facet normal 0.923927 0.382569 0
    outer loop
      vertex 71.8776 17.8725 5
      vertex 71.7275 18.235 0
      vertex 71.7275 18.235 5
    endloop
  endfacet
  facet normal 0.923927 0.382569 0
    outer loop
      vertex 71.7275 18.235 0
      vertex 71.8776 17.8725 5
      vertex 71.8776 17.8725 0
    endloop
  endfacet
  facet normal -0.0785092 0.996913 0
    outer loop
      vertex 65.5 19.6 0
      vertex 65.1089 19.5692 5
      vertex 65.5 19.6 5
    endloop
  endfacet
  facet normal -0.0785092 0.996913 0
    outer loop
      vertex 65.1089 19.5692 5
      vertex 65.5 19.6 0
      vertex 65.1089 19.5692 0
    endloop
  endfacet
  facet normal -0.97235 0.233527 0
    outer loop
      vertex 63.0308 17.4911 0
      vertex 63.1224 17.8725 5
      vertex 63.1224 17.8725 0
    endloop
  endfacet
  facet normal -0.97235 0.233527 0
    outer loop
      vertex 63.1224 17.8725 5
      vertex 63.0308 17.4911 0
      vertex 63.0308 17.4911 5
    endloop
  endfacet
  facet normal -0.996913 0.0785092 0
    outer loop
      vertex 63 17.1 0
      vertex 63.0308 17.4911 5
      vertex 63.0308 17.4911 0
    endloop
  endfacet
  facet normal -0.996913 0.0785092 0
    outer loop
      vertex 63.0308 17.4911 5
      vertex 63 17.1 0
      vertex 63 17.1 5
    endloop
  endfacet
  facet normal 1 -0 0
    outer loop
      vertex 72 9.34562 5
      vertex 72 17.1 0
      vertex 72 17.1 5
    endloop
  endfacet
  facet normal 1 0 0
    outer loop
      vertex 72 8.57558 6.23052
      vertex 72 9.34562 5
      vertex 72 8.98931 5.61714
    endloop
  endfacet
  facet normal 1 0 0
    outer loop
      vertex 72 8.12007 6.81355
      vertex 72 9.34562 5
      vertex 72 8.57558 6.23052
    endloop
  endfacet
  facet normal 1 0 0
    outer loop
      vertex 72 7.625 7.36338
      vertex 72 9.34562 5
      vertex 72 8.12007 6.81355
    endloop
  endfacet
  facet normal 1 0 0
    outer loop
      vertex 72 7.09278 7.87733
      vertex 72 9.34562 5
      vertex 72 7.625 7.36338
    endloop
  endfacet
  facet normal 1 0 0
    outer loop
      vertex 72 6.52601 8.35291
      vertex 72 9.34562 5
      vertex 72 7.09278 7.87733
    endloop
  endfacet
  facet normal 1 0 0
    outer loop
      vertex 72 5.92744 8.7878
      vertex 72 9.34562 5
      vertex 72 6.52601 8.35291
    endloop
  endfacet
  facet normal 1 0 0
    outer loop
      vertex 72 5.3 9.17987
      vertex 72 9.34562 5
      vertex 72 5.92744 8.7878
    endloop
  endfacet
  facet normal 1 0 0
    outer loop
      vertex 72 4.64673 9.52722
      vertex 72 9.34562 5
      vertex 72 5.3 9.17987
    endloop
  endfacet
  facet normal 1 0 0
    outer loop
      vertex 72 3.97083 9.82815
      vertex 72 9.34562 5
      vertex 72 4.64673 9.52722
    endloop
  endfacet
  facet normal 1 0 0
    outer loop
      vertex 72 3.27558 10.0812
      vertex 72 9.34562 5
      vertex 72 3.97083 9.82815
    endloop
  endfacet
  facet normal 1 0 0
    outer loop
      vertex 72 2.56437 10.2851
      vertex 72 9.34562 5
      vertex 72 3.27558 10.0812
    endloop
  endfacet
  facet normal 1 0 0
    outer loop
      vertex 72 1.84067 10.439
      vertex 72 9.34562 5
      vertex 72 2.56437 10.2851
    endloop
  endfacet
  facet normal 1 0 0
    outer loop
      vertex 72 1.108 10.5419
      vertex 72 9.34562 5
      vertex 72 1.84067 10.439
    endloop
  endfacet
  facet normal 1 0 0
    outer loop
      vertex 72 0.369934 10.5935
      vertex 72 9.34562 5
      vertex 72 1.108 10.5419
    endloop
  endfacet
  facet normal 1 0 0
    outer loop
      vertex 72 -10.6 0
      vertex 72 9.34562 5
      vertex 72 0.369934 10.5935
    endloop
  endfacet
  facet normal 1 0 0
    outer loop
      vertex 72 -10.6 0
      vertex 72 0.369934 10.5935
      vertex 72 -0.369934 10.5935
    endloop
  endfacet
  facet normal 1 0 0
    outer loop
      vertex 72 -10.6 0
      vertex 72 -0.369934 10.5935
      vertex 72 -1.108 10.5419
    endloop
  endfacet
  facet normal 1 0 0
    outer loop
      vertex 72 -10.6 0
      vertex 72 -1.108 10.5419
      vertex 72 -1.84067 10.439
    endloop
  endfacet
  facet normal 1 0 0
    outer loop
      vertex 72 -10.6 0
      vertex 72 -1.84067 10.439
      vertex 72 -2.56437 10.2851
    endloop
  endfacet
  facet normal 1 0 0
    outer loop
      vertex 72 -10.6 0
      vertex 72 -2.56437 10.2851
      vertex 72 -3.27558 10.0812
    endloop
  endfacet
  facet normal 1 0 0
    outer loop
      vertex 72 -10.6 0
      vertex 72 -3.27558 10.0812
      vertex 72 -3.97083 9.82815
    endloop
  endfacet
  facet normal 1 0 0
    outer loop
      vertex 72 -10.6 0
      vertex 72 -3.97083 9.82815
      vertex 72 -4.64673 9.52722
    endloop
  endfacet
  facet normal 1 0 0
    outer loop
      vertex 72 -10.6 0
      vertex 72 -4.64673 9.52722
      vertex 72 -5.3 9.17987
    endloop
  endfacet
  facet normal 1 0 0
    outer loop
      vertex 72 -10.6 0
      vertex 72 -5.3 9.17987
      vertex 72 -5.92744 8.7878
    endloop
  endfacet
  facet normal 1 0 0
    outer loop
      vertex 72 -10.6 0
      vertex 72 -5.92744 8.7878
      vertex 72 -6.52601 8.35291
    endloop
  endfacet
  facet normal 1 0 0
    outer loop
      vertex 72 -10.6 0
      vertex 72 -6.52601 8.35291
      vertex 72 -7.09278 7.87733
    endloop
  endfacet
  facet normal 1 0 0
    outer loop
      vertex 72 -10.6 0
      vertex 72 -7.09278 7.87733
      vertex 72 -7.625 7.36338
    endloop
  endfacet
  facet normal 1 0 0
    outer loop
      vertex 72 -10.6 0
      vertex 72 -7.625 7.36338
      vertex 72 -8.12007 6.81355
    endloop
  endfacet
  facet normal 1 0 0
    outer loop
      vertex 72 -10.6 0
      vertex 72 -8.12007 6.81355
      vertex 72 -8.57558 6.23052
    endloop
  endfacet
  facet normal 1 0 0
    outer loop
      vertex 72 -10.6 0
      vertex 72 -8.57558 6.23052
      vertex 72 -8.98931 5.61714
    endloop
  endfacet
  facet normal 1 0 0
    outer loop
      vertex 72 -10.6 0
      vertex 72 -8.98931 5.61714
      vertex 72 -9.35924 4.9764
    endloop
  endfacet
  facet normal 1 0 0
    outer loop
      vertex 72 -10.6 0
      vertex 72 -9.35924 4.9764
      vertex 72 -9.68358 4.31141
    endloop
  endfacet
  facet normal 1 0 0
    outer loop
      vertex 72 -10.6 0
      vertex 72 -9.68358 4.31141
      vertex 72 -9.96074 3.62541
    endloop
  endfacet
  facet normal 1 0 0
    outer loop
      vertex 72 -10.6 0
      vertex 72 -9.96074 3.62541
      vertex 72 -10.1894 2.92176
    endloop
  endfacet
  facet normal 1 0 0
    outer loop
      vertex 72 -10.6 0
      vertex 72 -10.1894 2.92176
      vertex 72 -10.3684 2.20386
    endloop
  endfacet
  facet normal 1 0 0
    outer loop
      vertex 72 -10.6 0
      vertex 72 -10.3684 2.20386
      vertex 72 -10.4968 1.47523
    endloop
  endfacet
  facet normal 1 0 0
    outer loop
      vertex 72 -10.6 0
      vertex 72 -10.4968 1.47523
      vertex 72 -10.5742 0.739418
    endloop
  endfacet
  facet normal 1 0 0
    outer loop
      vertex 72 9.34562 5
      vertex 72 -10.6 0
      vertex 72 17.1 0
    endloop
  endfacet
  facet normal 0.97235 0.233527 0
    outer loop
      vertex 71.9692 17.4911 5
      vertex 71.8776 17.8725 0
      vertex 71.8776 17.8725 5
    endloop
  endfacet
  facet normal 0.97235 0.233527 0
    outer loop
      vertex 71.8776 17.8725 0
      vertex 71.9692 17.4911 5
      vertex 71.9692 17.4911 0
    endloop
  endfacet
  facet normal 0.760389 0.649467 0
    outer loop
      vertex 71.5225 18.5695 5
      vertex 71.2678 18.8677 0
      vertex 71.2678 18.8677 5
    endloop
  endfacet
  facet normal 0.760389 0.649467 0
    outer loop
      vertex 71.2678 18.8677 0
      vertex 71.5225 18.5695 5
      vertex 71.5225 18.5695 0
    endloop
  endfacet
  facet normal 0.649489 0.760371 -0
    outer loop
      vertex 71.2678 18.8677 0
      vertex 70.9695 19.1225 5
      vertex 71.2678 18.8677 5
    endloop
  endfacet
  facet normal 0.649489 0.760371 0
    outer loop
      vertex 70.9695 19.1225 5
      vertex 71.2678 18.8677 0
      vertex 70.9695 19.1225 0
    endloop
  endfacet
  facet normal 0.522532 0.85262 -0
    outer loop
      vertex 70.9695 19.1225 0
      vertex 70.635 19.3275 5
      vertex 70.9695 19.1225 5
    endloop
  endfacet
  facet normal 0.522532 0.85262 0
    outer loop
      vertex 70.635 19.3275 5
      vertex 70.9695 19.1225 0
      vertex 70.635 19.3275 0
    endloop
  endfacet
  facet normal 0.0785092 0.996913 -0
    outer loop
      vertex 69.8911 19.5692 0
      vertex 69.5 19.6 5
      vertex 69.8911 19.5692 5
    endloop
  endfacet
  facet normal 0.0785092 0.996913 0
    outer loop
      vertex 69.5 19.6 5
      vertex 69.8911 19.5692 0
      vertex 69.5 19.6 0
    endloop
  endfacet
  facet normal 0.233527 0.97235 -0
    outer loop
      vertex 70.2725 19.4776 0
      vertex 69.8911 19.5692 5
      vertex 70.2725 19.4776 5
    endloop
  endfacet
  facet normal 0.233527 0.97235 0
    outer loop
      vertex 69.8911 19.5692 5
      vertex 70.2725 19.4776 0
      vertex 69.8911 19.5692 0
    endloop
  endfacet
  facet normal -0.382569 0.923927 0
    outer loop
      vertex 64.7275 19.4776 0
      vertex 64.365 19.3275 5
      vertex 64.7275 19.4776 5
    endloop
  endfacet
  facet normal -0.382569 0.923927 0
    outer loop
      vertex 64.365 19.3275 5
      vertex 64.7275 19.4776 0
      vertex 64.365 19.3275 0
    endloop
  endfacet
  facet normal 0.996913 0.0785092 0
    outer loop
      vertex 72 17.1 5
      vertex 71.9692 17.4911 0
      vertex 71.9692 17.4911 5
    endloop
  endfacet
  facet normal 0.996913 0.0785092 0
    outer loop
      vertex 71.9692 17.4911 0
      vertex 72 17.1 5
      vertex 72 17.1 0
    endloop
  endfacet
  facet normal 0.85262 0.522532 0
    outer loop
      vertex 71.7275 18.235 5
      vertex 71.5225 18.5695 0
      vertex 71.5225 18.5695 5
    endloop
  endfacet
  facet normal 0.85262 0.522532 0
    outer loop
      vertex 71.5225 18.5695 0
      vertex 71.7275 18.235 5
      vertex 71.7275 18.235 0
    endloop
  endfacet
  facet normal -0.522532 0.85262 0
    outer loop
      vertex 64.365 19.3275 0
      vertex 64.0305 19.1225 5
      vertex 64.365 19.3275 5
    endloop
  endfacet
  facet normal -0.522532 0.85262 0
    outer loop
      vertex 64.0305 19.1225 5
      vertex 64.365 19.3275 0
      vertex 64.0305 19.1225 0
    endloop
  endfacet
  facet normal -0.760389 0.649467 0
    outer loop
      vertex 63.4775 18.5695 0
      vertex 63.7322 18.8677 5
      vertex 63.7322 18.8677 0
    endloop
  endfacet
  facet normal -0.760389 0.649467 0
    outer loop
      vertex 63.7322 18.8677 5
      vertex 63.4775 18.5695 0
      vertex 63.4775 18.5695 5
    endloop
  endfacet
  facet normal -0.85262 0.522532 0
    outer loop
      vertex 63.2725 18.235 0
      vertex 63.4775 18.5695 5
      vertex 63.4775 18.5695 0
    endloop
  endfacet
  facet normal -0.85262 0.522532 0
    outer loop
      vertex 63.4775 18.5695 5
      vertex 63.2725 18.235 0
      vertex 63.2725 18.235 5
    endloop
  endfacet
  facet normal 0.382569 0.923927 -0
    outer loop
      vertex 70.635 19.3275 0
      vertex 70.2725 19.4776 5
      vertex 70.635 19.3275 5
    endloop
  endfacet
  facet normal 0.382569 0.923927 0
    outer loop
      vertex 70.2725 19.4776 5
      vertex 70.635 19.3275 0
      vertex 70.2725 19.4776 0
    endloop
  endfacet
  facet normal -0.923927 0.382569 0
    outer loop
      vertex 63.1224 17.8725 0
      vertex 63.2725 18.235 5
      vertex 63.2725 18.235 0
    endloop
  endfacet
  facet normal -0.923927 0.382569 0
    outer loop
      vertex 63.2725 18.235 5
      vertex 63.1224 17.8725 0
      vertex 63.1224 17.8725 5
    endloop
  endfacet
  facet normal 0 -0.406737 0.913545
    outer loop
      vertex 72 -3.97083 9.82815
      vertex 68.7078 -4.64673 9.52722
      vertex 72 -4.64673 9.52722
    endloop
  endfacet
  facet normal -2.11705e-05 -0.406651 0.913584
    outer loop
      vertex 72 -3.97083 9.82815
      vertex 68.6967 -4.6 9.54802
      vertex 68.7078 -4.64673 9.52722
    endloop
  endfacet
  facet normal 0 -0.406743 0.913543
    outer loop
      vertex 72 -3.97083 9.82815
      vertex 51.3033 -4.6 9.54802
      vertex 68.6967 -4.6 9.54802
    endloop
  endfacet
  facet normal 0 -0.406743 0.913543
    outer loop
      vertex 0 -3.97083 9.82815
      vertex 51.3033 -4.6 9.54802
      vertex 72 -3.97083 9.82815
    endloop
  endfacet
  facet normal 1.42066e-06 -0.406647 0.913586
    outer loop
      vertex 0 -3.97083 9.82815
      vertex 51.2922 -4.64673 9.52722
      vertex 51.3033 -4.6 9.54802
    endloop
  endfacet
  facet normal 0 -0.406737 0.913545
    outer loop
      vertex 51.2922 -4.64673 9.52722
      vertex 0 -3.97083 9.82815
      vertex 0 -4.64673 9.52722
    endloop
  endfacet
  facet normal 0 -0.951044 0.309054
    outer loop
      vertex 69 -10.1894 2.92176
      vertex 72 -9.96074 3.62541
      vertex 69 -9.96074 3.62541
    endloop
  endfacet
  facet normal 0 -0.951044 0.309054
    outer loop
      vertex 72 -9.96074 3.62541
      vertex 69 -10.1894 2.92176
      vertex 72 -10.1894 2.92176
    endloop
  endfacet
  facet normal 0 -0.951044 0.309054
    outer loop
      vertex 9 -10.1894 2.92176
      vertex 51 -9.96074 3.62541
      vertex 9 -9.96074 3.62541
    endloop
  endfacet
  facet normal 0 -0.951044 0.309054
    outer loop
      vertex 51 -9.96074 3.62541
      vertex 9 -10.1894 2.92176
      vertex 51 -10.1894 2.92176
    endloop
  endfacet
  facet normal 0 0.898793 0.438374
    outer loop
      vertex 63 9.68358 4.31141
      vertex 39.8 9.35924 4.9764
      vertex 63 9.35924 4.9764
    endloop
  endfacet
  facet normal 0 0.898793 0.438374
    outer loop
      vertex 39.8 9.35924 4.9764
      vertex 63 9.68358 4.31141
      vertex 39.8 9.68358 4.31141
    endloop
  endfacet
  facet normal 0 -0.999392 0.0348711
    outer loop
      vertex 69 -10.6 0
      vertex 72 -10.5742 0.739418
      vertex 69 -10.5742 0.739418
    endloop
  endfacet
  facet normal 0 -0.999392 0.0348711
    outer loop
      vertex 72 -10.5742 0.739418
      vertex 69 -10.6 0
      vertex 72 -10.6 0
    endloop
  endfacet
  facet normal 0 -0.999392 0.0348711
    outer loop
      vertex 9 -10.6 0
      vertex 51 -10.5742 0.739418
      vertex 9 -10.5742 0.739418
    endloop
  endfacet
  facet normal 0 -0.999392 0.0348711
    outer loop
      vertex 51 -10.5742 0.739418
      vertex 9 -10.6 0
      vertex 51 -10.6 0
    endloop
  endfacet
  facet normal 0 -0.994513 0.104613
    outer loop
      vertex 69 -10.5742 0.739418
      vertex 72 -10.4968 1.47523
      vertex 69 -10.4968 1.47523
    endloop
  endfacet
  facet normal 0 -0.994513 0.104613
    outer loop
      vertex 72 -10.4968 1.47523
      vertex 69 -10.5742 0.739418
      vertex 72 -10.5742 0.739418
    endloop
  endfacet
  facet normal 0 -0.994513 0.104613
    outer loop
      vertex 9 -10.5742 0.739418
      vertex 51 -10.4968 1.47523
      vertex 9 -10.4968 1.47523
    endloop
  endfacet
  facet normal 0 -0.994513 0.104613
    outer loop
      vertex 51 -10.4968 1.47523
      vertex 9 -10.5742 0.739418
      vertex 51 -10.5742 0.739418
    endloop
  endfacet
  facet normal 0 -0.927185 0.374604
    outer loop
      vertex 69 -9.96074 3.62541
      vertex 72 -9.68358 4.31141
      vertex 69 -9.68358 4.31141
    endloop
  endfacet
  facet normal 0 -0.927185 0.374604
    outer loop
      vertex 72 -9.68358 4.31141
      vertex 69 -9.96074 3.62541
      vertex 72 -9.96074 3.62541
    endloop
  endfacet
  facet normal 0 -0.927185 0.374604
    outer loop
      vertex 9 -9.96074 3.62541
      vertex 51 -9.68358 4.31141
      vertex 9 -9.68358 4.31141
    endloop
  endfacet
  facet normal 0 -0.927185 0.374604
    outer loop
      vertex 51 -9.68358 4.31141
      vertex 9 -9.96074 3.62541
      vertex 51 -9.96074 3.62541
    endloop
  endfacet
  facet normal 0 -0.64279 0.766042
    outer loop
      vertex 69 -6.52601 8.35291
      vertex 72 -7.09278 7.87733
      vertex 72 -6.52601 8.35291
    endloop
  endfacet
  facet normal 0 -0.64279 0.766042
    outer loop
      vertex 72 -7.09278 7.87733
      vertex 69 -6.52601 8.35291
      vertex 69 -7.09278 7.87733
    endloop
  endfacet
  facet normal 0 -0.64279 0.766042
    outer loop
      vertex 0 -6.52601 8.35291
      vertex 51 -7.09278 7.87733
      vertex 51 -6.52601 8.35291
    endloop
  endfacet
  facet normal 0 -0.64279 0.766042
    outer loop
      vertex 51 -7.09278 7.87733
      vertex 0 -6.52601 8.35291
      vertex 0 -7.09278 7.87733
    endloop
  endfacet
  facet normal -0 0 1
    outer loop
      vertex 0 0.369934 10.5935
      vertex 72 -0.369934 10.5935
      vertex 72 0.369934 10.5935
    endloop
  endfacet
  facet normal 0 0 1
    outer loop
      vertex 72 -0.369934 10.5935
      vertex 0 0.369934 10.5935
      vertex 0 -0.369934 10.5935
    endloop
  endfacet
  facet normal 0 0.984826 0.173547
    outer loop
      vertex 63 10.4968 1.47523
      vertex 39.8 10.3684 2.20386
      vertex 63 10.3684 2.20386
    endloop
  endfacet
  facet normal 0 0.984826 0.173547
    outer loop
      vertex 39.8 10.3684 2.20386
      vertex 63 10.4968 1.47523
      vertex 39.8 10.4968 1.47523
    endloop
  endfacet
  facet normal 0 0.927185 0.374604
    outer loop
      vertex 63 9.96074 3.62541
      vertex 39.8 9.68358 4.31141
      vertex 63 9.68358 4.31141
    endloop
  endfacet
  facet normal 0 0.927185 0.374604
    outer loop
      vertex 39.8 9.68358 4.31141
      vertex 63 9.96074 3.62541
      vertex 39.8 9.96074 3.62541
    endloop
  endfacet
  facet normal 0 -0.0697422 0.997565
    outer loop
      vertex 0 -0.369934 10.5935
      vertex 72 -1.108 10.5419
      vertex 72 -0.369934 10.5935
    endloop
  endfacet
  facet normal 0 -0.0697422 0.997565
    outer loop
      vertex 72 -1.108 10.5419
      vertex 0 -0.369934 10.5935
      vertex 0 -1.108 10.5419
    endloop
  endfacet
  facet normal 0 -0.275592 0.961275
    outer loop
      vertex 0 -2.56437 10.2851
      vertex 72 -3.27558 10.0812
      vertex 72 -2.56437 10.2851
    endloop
  endfacet
  facet normal 0 -0.275592 0.961275
    outer loop
      vertex 72 -3.27558 10.0812
      vertex 0 -2.56437 10.2851
      vertex 0 -3.27558 10.0812
    endloop
  endfacet
  facet normal 0 -0.208006 0.978128
    outer loop
      vertex 0 -1.84067 10.439
      vertex 72 -2.56437 10.2851
      vertex 72 -1.84067 10.439
    endloop
  endfacet
  facet normal 0 -0.208006 0.978128
    outer loop
      vertex 72 -2.56437 10.2851
      vertex 0 -1.84067 10.439
      vertex 0 -2.56437 10.2851
    endloop
  endfacet
  facet normal 0 -0.34202 0.939693
    outer loop
      vertex 0 -3.27558 10.0812
      vertex 72 -3.97083 9.82815
      vertex 72 -3.27558 10.0812
    endloop
  endfacet
  facet normal 0 -0.34202 0.939693
    outer loop
      vertex 72 -3.97083 9.82815
      vertex 0 -3.27558 10.0812
      vertex 0 -3.97083 9.82815
    endloop
  endfacet
  facet normal 0 -0.970293 0.241931
    outer loop
      vertex 69 -10.3684 2.20386
      vertex 72 -10.1894 2.92176
      vertex 69 -10.1894 2.92176
    endloop
  endfacet
  facet normal 0 -0.970293 0.241931
    outer loop
      vertex 72 -10.1894 2.92176
      vertex 69 -10.3684 2.20386
      vertex 72 -10.3684 2.20386
    endloop
  endfacet
  facet normal 0 -0.970293 0.241931
    outer loop
      vertex 9 -10.3684 2.20386
      vertex 51 -10.1894 2.92176
      vertex 9 -10.1894 2.92176
    endloop
  endfacet
  facet normal 0 -0.970293 0.241931
    outer loop
      vertex 51 -10.1894 2.92176
      vertex 9 -10.3684 2.20386
      vertex 51 -10.3684 2.20386
    endloop
  endfacet
  facet normal 0 -0.866026 0.499999
    outer loop
      vertex 69 -9.35924 4.9764
      vertex 72 -8.98931 5.61714
      vertex 69 -8.98931 5.61714
    endloop
  endfacet
  facet normal 0 -0.866026 0.499999
    outer loop
      vertex 72 -8.98931 5.61714
      vertex 69 -9.35924 4.9764
      vertex 72 -9.35924 4.9764
    endloop
  endfacet
  facet normal 0 -0.866023 0.500004
    outer loop
      vertex 9 -9.34562 5
      vertex 0 -8.98931 5.61714
      vertex 0 -9.34562 5
    endloop
  endfacet
  facet normal 0 -0.866023 0.500004
    outer loop
      vertex 0 -8.98931 5.61714
      vertex 9 -9.34562 5
      vertex 51 -8.98931 5.61714
    endloop
  endfacet
  facet normal 0 -0.866112 0.49985
    outer loop
      vertex 51 -9.35924 4.9764
      vertex 9 -9.34562 5
      vertex 9 -9.35924 4.9764
    endloop
  endfacet
  facet normal 1.11642e-07 -0.866026 0.499999
    outer loop
      vertex 9 -9.34562 5
      vertex 51 -9.35924 4.9764
      vertex 51 -8.98931 5.61714
    endloop
  endfacet
  facet normal 0 -0.898793 0.438374
    outer loop
      vertex 69 -9.68358 4.31141
      vertex 72 -9.35924 4.9764
      vertex 69 -9.35924 4.9764
    endloop
  endfacet
  facet normal 0 -0.898793 0.438374
    outer loop
      vertex 72 -9.35924 4.9764
      vertex 69 -9.68358 4.31141
      vertex 72 -9.68358 4.31141
    endloop
  endfacet
  facet normal 0 -0.898793 0.438374
    outer loop
      vertex 9 -9.68358 4.31141
      vertex 51 -9.35924 4.9764
      vertex 9 -9.35924 4.9764
    endloop
  endfacet
  facet normal 0 -0.898793 0.438374
    outer loop
      vertex 51 -9.35924 4.9764
      vertex 9 -9.68358 4.31141
      vertex 51 -9.68358 4.31141
    endloop
  endfacet
  facet normal -1.49568e-06 -0.529921 0.848047
    outer loop
      vertex 68.9616 -5.76359 8.89018
      vertex 72 -5.92744 8.7878
      vertex 72 -5.3 9.17987
    endloop
  endfacet
  facet normal 0 -0.529901 0.848059
    outer loop
      vertex 72 -5.92744 8.7878
      vertex 68.9616 -5.76359 8.89018
      vertex 68.9716 -5.92744 8.7878
    endloop
  endfacet
  facet normal 0 -0.529928 0.848042
    outer loop
      vertex 68.9616 -5.76359 8.89018
      vertex 72 -5.3 9.17987
      vertex 68.8737 -5.3 9.17987
    endloop
  endfacet
  facet normal 0 -0.529928 0.848042
    outer loop
      vertex 0 -5.3 9.17987
      vertex 51.0384 -5.76359 8.89018
      vertex 51.1263 -5.3 9.17987
    endloop
  endfacet
  facet normal 3.40783e-07 -0.529901 0.848059
    outer loop
      vertex 0 -5.3 9.17987
      vertex 51.0284 -5.92744 8.7878
      vertex 51.0384 -5.76359 8.89018
    endloop
  endfacet
  facet normal 0 -0.529921 0.848047
    outer loop
      vertex 51.0284 -5.92744 8.7878
      vertex 0 -5.3 9.17987
      vertex 0 -5.92744 8.7878
    endloop
  endfacet
  facet normal 8.14552e-08 -0.587788 0.809015
    outer loop
      vertex 72 -5.92744 8.7878
      vertex 69 -6.32356 8.5
      vertex 72 -6.52601 8.35291
    endloop
  endfacet
  facet normal 0 -0.587788 0.809015
    outer loop
      vertex 69 -6.32356 8.5
      vertex 72 -5.92744 8.7878
      vertex 68.9716 -5.92744 8.7878
    endloop
  endfacet
  facet normal 0 -0.587789 0.809014
    outer loop
      vertex 72 -6.52601 8.35291
      vertex 69 -6.32356 8.5
      vertex 69 -6.52601 8.35291
    endloop
  endfacet
  facet normal 0 -0.587788 0.809015
    outer loop
      vertex 0 -5.92744 8.7878
      vertex 51 -6.32356 8.5
      vertex 51.0284 -5.92744 8.7878
    endloop
  endfacet
  facet normal -1.41666e-08 -0.587789 0.809014
    outer loop
      vertex 0 -5.92744 8.7878
      vertex 51 -6.52601 8.35291
      vertex 51 -6.32356 8.5
    endloop
  endfacet
  facet normal 0 -0.587788 0.809015
    outer loop
      vertex 51 -6.52601 8.35291
      vertex 0 -5.92744 8.7878
      vertex 0 -6.52601 8.35291
    endloop
  endfacet
  facet normal 0 -0.743144 0.669131
    outer loop
      vertex 0 -8.12007 6.81355
      vertex 51 -7.625 7.36338
      vertex 0 -7.625 7.36338
    endloop
  endfacet
  facet normal 0 -0.743144 0.669131
    outer loop
      vertex 51 -7.625 7.36338
      vertex 0 -8.12007 6.81355
      vertex 51 -8.12007 6.81355
    endloop
  endfacet
  facet normal 0 -0.743144 0.669131
    outer loop
      vertex 69 -8.12007 6.81355
      vertex 72 -7.625 7.36338
      vertex 69 -7.625 7.36338
    endloop
  endfacet
  facet normal 0 -0.743144 0.669131
    outer loop
      vertex 72 -7.625 7.36338
      vertex 69 -8.12007 6.81355
      vertex 72 -8.12007 6.81355
    endloop
  endfacet
  facet normal 0 0.406733 0.913547
    outer loop
      vertex 8.20001 4.64673 9.52722
      vertex 0 4.64673 9.52722
      vertex 8.20001 4 9.81516
    endloop
  endfacet
  facet normal -0 0.406737 0.913545
    outer loop
      vertex 39.8 4.64673 9.52722
      vertex 72 3.97083 9.82815
      vertex 72 4.64673 9.52722
    endloop
  endfacet
  facet normal -7.95291e-08 0.406733 0.913547
    outer loop
      vertex 39.8 4 9.81516
      vertex 72 3.97083 9.82815
      vertex 39.8 4.64673 9.52722
    endloop
  endfacet
  facet normal -0 0.406807 0.913514
    outer loop
      vertex 8.20001 4 9.81516
      vertex 72 3.97083 9.82815
      vertex 39.8 4 9.81516
    endloop
  endfacet
  facet normal 0 0.406807 0.913514
    outer loop
      vertex 8.20001 4 9.81516
      vertex 0 3.97083 9.82815
      vertex 72 3.97083 9.82815
    endloop
  endfacet
  facet normal 2.98818e-07 0.406737 0.913545
    outer loop
      vertex 0 3.97083 9.82815
      vertex 8.20001 4 9.81516
      vertex 0 4.64673 9.52722
    endloop
  endfacet
  facet normal 0 0.829038 0.559193
    outer loop
      vertex 8.20001 8.98931 5.61714
      vertex 0 8.57558 6.23052
      vertex 8.20001 8.57558 6.23052
    endloop
  endfacet
  facet normal 0 0.829038 0.559193
    outer loop
      vertex 0 8.57558 6.23052
      vertex 8.20001 8.98931 5.61714
      vertex 0 8.98931 5.61714
    endloop
  endfacet
  facet normal 0 0.829038 0.559193
    outer loop
      vertex 72 8.98931 5.61714
      vertex 39.8 8.57558 6.23052
      vertex 72 8.57558 6.23052
    endloop
  endfacet
  facet normal 0 0.829038 0.559193
    outer loop
      vertex 39.8 8.57558 6.23052
      vertex 72 8.98931 5.61714
      vertex 39.8 8.98931 5.61714
    endloop
  endfacet
  facet normal -0 0.694652 0.719346
    outer loop
      vertex 39.8 7.625 7.36338
      vertex 72 7.09278 7.87733
      vertex 72 7.625 7.36338
    endloop
  endfacet
  facet normal 0 0.694652 0.719346
    outer loop
      vertex 72 7.09278 7.87733
      vertex 39.8 7.625 7.36338
      vertex 39.8 7.09278 7.87733
    endloop
  endfacet
  facet normal -0 0.694652 0.719346
    outer loop
      vertex 0 7.625 7.36338
      vertex 8.20001 7.09278 7.87733
      vertex 8.20001 7.625 7.36338
    endloop
  endfacet
  facet normal 0 0.694652 0.719346
    outer loop
      vertex 8.20001 7.09278 7.87733
      vertex 0 7.625 7.36338
      vertex 0 7.09278 7.87733
    endloop
  endfacet
  facet normal 0 0.970293 0.241931
    outer loop
      vertex 63 10.3684 2.20386
      vertex 39.8 10.1894 2.92176
      vertex 63 10.1894 2.92176
    endloop
  endfacet
  facet normal 0 0.970293 0.241931
    outer loop
      vertex 39.8 10.1894 2.92176
      vertex 63 10.3684 2.20386
      vertex 39.8 10.3684 2.20386
    endloop
  endfacet
  facet normal 0 -0.13908 0.990281
    outer loop
      vertex 0 -1.108 10.5419
      vertex 72 -1.84067 10.439
      vertex 72 -1.108 10.5419
    endloop
  endfacet
  facet normal 0 -0.13908 0.990281
    outer loop
      vertex 72 -1.84067 10.439
      vertex 0 -1.108 10.5419
      vertex 0 -1.84067 10.439
    endloop
  endfacet
  facet normal 0 -0.984826 0.173547
    outer loop
      vertex 69 -10.4968 1.47523
      vertex 72 -10.3684 2.20386
      vertex 69 -10.3684 2.20386
    endloop
  endfacet
  facet normal 0 -0.984826 0.173547
    outer loop
      vertex 72 -10.3684 2.20386
      vertex 69 -10.4968 1.47523
      vertex 72 -10.4968 1.47523
    endloop
  endfacet
  facet normal 0 -0.984826 0.173547
    outer loop
      vertex 9 -10.4968 1.47523
      vertex 51 -10.3684 2.20386
      vertex 9 -10.3684 2.20386
    endloop
  endfacet
  facet normal 0 -0.984826 0.173547
    outer loop
      vertex 51 -10.3684 2.20386
      vertex 9 -10.4968 1.47523
      vertex 51 -10.4968 1.47523
    endloop
  endfacet
  facet normal 0 -0.469472 0.882947
    outer loop
      vertex 72 -4.64673 9.52722
      vertex 68.8737 -5.3 9.17987
      vertex 72 -5.3 9.17987
    endloop
  endfacet
  facet normal 1.19793e-06 -0.469476 0.882945
    outer loop
      vertex 72 -4.64673 9.52722
      vertex 68.8478 -5.1392 9.26537
      vertex 68.8737 -5.3 9.17987
    endloop
  endfacet
  facet normal 0 -0.46947 0.882948
    outer loop
      vertex 68.8478 -5.1392 9.26537
      vertex 72 -4.64673 9.52722
      vertex 68.7078 -4.64673 9.52722
    endloop
  endfacet
  facet normal 0 -0.46947 0.882948
    outer loop
      vertex 0 -4.64673 9.52722
      vertex 51.1522 -5.1392 9.26537
      vertex 51.2922 -4.64673 9.52722
    endloop
  endfacet
  facet normal -7.55613e-08 -0.469476 0.882945
    outer loop
      vertex 0 -4.64673 9.52722
      vertex 51.1263 -5.3 9.17987
      vertex 51.1522 -5.1392 9.26537
    endloop
  endfacet
  facet normal 0 -0.469472 0.882947
    outer loop
      vertex 51.1263 -5.3 9.17987
      vertex 0 -4.64673 9.52722
      vertex 0 -5.3 9.17987
    endloop
  endfacet
  facet normal 0 -0.694652 0.719346
    outer loop
      vertex 0 -7.09278 7.87733
      vertex 51 -7.625 7.36338
      vertex 51 -7.09278 7.87733
    endloop
  endfacet
  facet normal 0 -0.694652 0.719346
    outer loop
      vertex 51 -7.625 7.36338
      vertex 0 -7.09278 7.87733
      vertex 0 -7.625 7.36338
    endloop
  endfacet
  facet normal 0 -0.694652 0.719346
    outer loop
      vertex 69 -7.09278 7.87733
      vertex 72 -7.625 7.36338
      vertex 72 -7.09278 7.87733
    endloop
  endfacet
  facet normal 0 -0.694652 0.719346
    outer loop
      vertex 72 -7.625 7.36338
      vertex 69 -7.09278 7.87733
      vertex 69 -7.625 7.36338
    endloop
  endfacet
  facet normal 0 -0.829038 0.559193
    outer loop
      vertex 69 -8.98931 5.61714
      vertex 72 -8.57558 6.23052
      vertex 69 -8.57558 6.23052
    endloop
  endfacet
  facet normal 0 -0.829038 0.559193
    outer loop
      vertex 72 -8.57558 6.23052
      vertex 69 -8.98931 5.61714
      vertex 72 -8.98931 5.61714
    endloop
  endfacet
  facet normal 0 -0.829038 0.559193
    outer loop
      vertex 0 -8.98931 5.61714
      vertex 51 -8.57558 6.23052
      vertex 0 -8.57558 6.23052
    endloop
  endfacet
  facet normal 0 -0.829038 0.559193
    outer loop
      vertex 51 -8.57558 6.23052
      vertex 0 -8.98931 5.61714
      vertex 51 -8.98931 5.61714
    endloop
  endfacet
  facet normal 0 -0.788013 0.615659
    outer loop
      vertex 69 -8.57558 6.23052
      vertex 72 -8.12007 6.81355
      vertex 69 -8.12007 6.81355
    endloop
  endfacet
  facet normal 0 -0.788013 0.615659
    outer loop
      vertex 72 -8.12007 6.81355
      vertex 69 -8.57558 6.23052
      vertex 72 -8.57558 6.23052
    endloop
  endfacet
  facet normal 0 -0.788013 0.615659
    outer loop
      vertex 0 -8.57558 6.23052
      vertex 51 -8.12007 6.81355
      vertex 0 -8.12007 6.81355
    endloop
  endfacet
  facet normal 0 -0.788013 0.615659
    outer loop
      vertex 51 -8.12007 6.81355
      vertex 0 -8.57558 6.23052
      vertex 51 -8.57558 6.23052
    endloop
  endfacet
  facet normal -0 0.529921 0.848047
    outer loop
      vertex 0 5.92744 8.7878
      vertex 8.20001 5.3 9.17987
      vertex 8.20001 5.92744 8.7878
    endloop
  endfacet
  facet normal 0 0.529921 0.848047
    outer loop
      vertex 8.20001 5.3 9.17987
      vertex 0 5.92744 8.7878
      vertex 0 5.3 9.17987
    endloop
  endfacet
  facet normal -0 0.529921 0.848047
    outer loop
      vertex 39.8 5.92744 8.7878
      vertex 72 5.3 9.17987
      vertex 72 5.92744 8.7878
    endloop
  endfacet
  facet normal 0 0.529921 0.848047
    outer loop
      vertex 72 5.3 9.17987
      vertex 39.8 5.92744 8.7878
      vertex 39.8 5.3 9.17987
    endloop
  endfacet
  facet normal -0 0.587788 0.809015
    outer loop
      vertex 0 6.52601 8.35291
      vertex 8.20001 5.92744 8.7878
      vertex 8.20001 6.52601 8.35291
    endloop
  endfacet
  facet normal 0 0.587788 0.809015
    outer loop
      vertex 8.20001 5.92744 8.7878
      vertex 0 6.52601 8.35291
      vertex 0 5.92744 8.7878
    endloop
  endfacet
  facet normal -0 0.587788 0.809015
    outer loop
      vertex 39.8 6.52601 8.35291
      vertex 72 5.92744 8.7878
      vertex 72 6.52601 8.35291
    endloop
  endfacet
  facet normal 0 0.587788 0.809015
    outer loop
      vertex 72 5.92744 8.7878
      vertex 39.8 6.52601 8.35291
      vertex 39.8 5.92744 8.7878
    endloop
  endfacet
  facet normal -0 0.64279 0.766042
    outer loop
      vertex 39.8 7.09278 7.87733
      vertex 72 6.52601 8.35291
      vertex 72 7.09278 7.87733
    endloop
  endfacet
  facet normal 0 0.64279 0.766042
    outer loop
      vertex 72 6.52601 8.35291
      vertex 39.8 7.09278 7.87733
      vertex 39.8 6.52601 8.35291
    endloop
  endfacet
  facet normal -0 0.64279 0.766042
    outer loop
      vertex 0 7.09278 7.87733
      vertex 8.20001 6.52601 8.35291
      vertex 8.20001 7.09278 7.87733
    endloop
  endfacet
  facet normal 0 0.64279 0.766042
    outer loop
      vertex 8.20001 6.52601 8.35291
      vertex 0 7.09278 7.87733
      vertex 0 6.52601 8.35291
    endloop
  endfacet
  facet normal -0 0.208006 0.978128
    outer loop
      vertex 0 2.56437 10.2851
      vertex 72 1.84067 10.439
      vertex 72 2.56437 10.2851
    endloop
  endfacet
  facet normal 0 0.208006 0.978128
    outer loop
      vertex 72 1.84067 10.439
      vertex 0 2.56437 10.2851
      vertex 0 1.84067 10.439
    endloop
  endfacet
  facet normal -0 0.13908 0.990281
    outer loop
      vertex 0 1.84067 10.439
      vertex 72 1.108 10.5419
      vertex 72 1.84067 10.439
    endloop
  endfacet
  facet normal 0 0.13908 0.990281
    outer loop
      vertex 72 1.108 10.5419
      vertex 0 1.84067 10.439
      vertex 0 1.108 10.5419
    endloop
  endfacet
  facet normal -0 0.0697422 0.997565
    outer loop
      vertex 0 1.108 10.5419
      vertex 72 0.369934 10.5935
      vertex 72 1.108 10.5419
    endloop
  endfacet
  facet normal 0 0.0697422 0.997565
    outer loop
      vertex 72 0.369934 10.5935
      vertex 0 1.108 10.5419
      vertex 0 0.369934 10.5935
    endloop
  endfacet
  facet normal -0 0.866023 0.500004
    outer loop
      vertex 63 9.34562 5
      vertex 72 8.98931 5.61714
      vertex 72 9.34562 5
    endloop
  endfacet
  facet normal 0 0.866023 0.500004
    outer loop
      vertex 72 8.98931 5.61714
      vertex 63 9.34562 5
      vertex 39.8 8.98931 5.61714
    endloop
  endfacet
  facet normal -0 0.866112 0.49985
    outer loop
      vertex 39.8 9.35924 4.9764
      vertex 63 9.34562 5
      vertex 63 9.35924 4.9764
    endloop
  endfacet
  facet normal -2.02111e-07 0.866026 0.499999
    outer loop
      vertex 63 9.34562 5
      vertex 39.8 9.35924 4.9764
      vertex 39.8 8.98931 5.61714
    endloop
  endfacet
  facet normal 0 0.866023 0.500004
    outer loop
      vertex 8.20001 9.34562 5
      vertex 0 8.98931 5.61714
      vertex 8.20001 8.98931 5.61714
    endloop
  endfacet
  facet normal 0 0.866023 0.500004
    outer loop
      vertex 0 8.98931 5.61714
      vertex 8.20001 9.34562 5
      vertex 0 9.34562 5
    endloop
  endfacet
  facet normal 0 0.994513 0.104613
    outer loop
      vertex 63 10.5742 0.739418
      vertex 39.8 10.4968 1.47523
      vertex 63 10.4968 1.47523
    endloop
  endfacet
  facet normal 0 0.994513 0.104613
    outer loop
      vertex 39.8 10.4968 1.47523
      vertex 63 10.5742 0.739418
      vertex 39.8 10.5742 0.739418
    endloop
  endfacet
  facet normal 0 0.999392 0.0348711
    outer loop
      vertex 63 10.6 0
      vertex 39.8 10.5742 0.739418
      vertex 63 10.5742 0.739418
    endloop
  endfacet
  facet normal 0 0.999392 0.0348711
    outer loop
      vertex 39.8 10.5742 0.739418
      vertex 63 10.6 0
      vertex 39.8 10.6 0
    endloop
  endfacet
  facet normal 0 0.951044 0.309054
    outer loop
      vertex 63 10.1894 2.92176
      vertex 39.8 9.96074 3.62541
      vertex 63 9.96074 3.62541
    endloop
  endfacet
  facet normal 0 0.951044 0.309054
    outer loop
      vertex 39.8 9.96074 3.62541
      vertex 63 10.1894 2.92176
      vertex 39.8 10.1894 2.92176
    endloop
  endfacet
  facet normal -0 0.469472 0.882947
    outer loop
      vertex 39.8 5.3 9.17987
      vertex 72 4.64673 9.52722
      vertex 72 5.3 9.17987
    endloop
  endfacet
  facet normal 0 0.469472 0.882947
    outer loop
      vertex 72 4.64673 9.52722
      vertex 39.8 5.3 9.17987
      vertex 39.8 4.64673 9.52722
    endloop
  endfacet
  facet normal -0 0.469472 0.882947
    outer loop
      vertex 0 5.3 9.17987
      vertex 8.20001 4.64673 9.52722
      vertex 8.20001 5.3 9.17987
    endloop
  endfacet
  facet normal 0 0.469472 0.882947
    outer loop
      vertex 8.20001 4.64673 9.52722
      vertex 0 5.3 9.17987
      vertex 0 4.64673 9.52722
    endloop
  endfacet
  facet normal -0 0.275592 0.961275
    outer loop
      vertex 0 3.27558 10.0812
      vertex 72 2.56437 10.2851
      vertex 72 3.27558 10.0812
    endloop
  endfacet
  facet normal 0 0.275592 0.961275
    outer loop
      vertex 72 2.56437 10.2851
      vertex 0 3.27558 10.0812
      vertex 0 2.56437 10.2851
    endloop
  endfacet
  facet normal -0 0.34202 0.939693
    outer loop
      vertex 0 3.97083 9.82815
      vertex 72 3.27558 10.0812
      vertex 72 3.97083 9.82815
    endloop
  endfacet
  facet normal 0 0.34202 0.939693
    outer loop
      vertex 72 3.27558 10.0812
      vertex 0 3.97083 9.82815
      vertex 0 3.27558 10.0812
    endloop
  endfacet
  facet normal 0 0.743144 0.669131
    outer loop
      vertex 72 8.12007 6.81355
      vertex 39.8 7.625 7.36338
      vertex 72 7.625 7.36338
    endloop
  endfacet
  facet normal 0 0.743144 0.669131
    outer loop
      vertex 39.8 7.625 7.36338
      vertex 72 8.12007 6.81355
      vertex 39.8 8.12007 6.81355
    endloop
  endfacet
  facet normal 0 0.743144 0.669131
    outer loop
      vertex 8.20001 8.12007 6.81355
      vertex 0 7.625 7.36338
      vertex 8.20001 7.625 7.36338
    endloop
  endfacet
  facet normal 0 0.743144 0.669131
    outer loop
      vertex 0 7.625 7.36338
      vertex 8.20001 8.12007 6.81355
      vertex 0 8.12007 6.81355
    endloop
  endfacet
  facet normal 0 0.788013 0.615659
    outer loop
      vertex 8.20001 8.57558 6.23052
      vertex 0 8.12007 6.81355
      vertex 8.20001 8.12007 6.81355
    endloop
  endfacet
  facet normal 0 0.788013 0.615659
    outer loop
      vertex 0 8.12007 6.81355
      vertex 8.20001 8.57558 6.23052
      vertex 0 8.57558 6.23052
    endloop
  endfacet
  facet normal 0 0.788013 0.615659
    outer loop
      vertex 72 8.57558 6.23052
      vertex 39.8 8.12007 6.81355
      vertex 72 8.12007 6.81355
    endloop
  endfacet
  facet normal 0 0.788013 0.615659
    outer loop
      vertex 39.8 8.12007 6.81355
      vertex 72 8.57558 6.23052
      vertex 39.8 8.57558 6.23052
    endloop
  endfacet
  facet normal 0 -0.148966 0.988842
    outer loop
      vertex -3.2 -25.3983 22.9801
      vertex 0 -25.7926 22.9207
      vertex 0 -25.3983 22.9801
    endloop
  endfacet
  facet normal 0 -0.148966 0.988842
    outer loop
      vertex 0 -25.7926 22.9207
      vertex -3.2 -25.3983 22.9801
      vertex -3.2 -25.7926 22.9207
    endloop
  endfacet
  facet normal 0 -0.342065 0.939676
    outer loop
      vertex -3.2 -26.179 22.8223
      vertex 0 -26.5537 22.6859
      vertex 0 -26.179 22.8223
    endloop
  endfacet
  facet normal 0 -0.342065 0.939676
    outer loop
      vertex 0 -26.5537 22.6859
      vertex -3.2 -26.179 22.8223
      vertex -3.2 -26.5537 22.6859
    endloop
  endfacet
  facet normal 0 -0.246782 0.969071
    outer loop
      vertex -3.2 -25.7926 22.9207
      vertex 0 -26.179 22.8223
      vertex 0 -25.7926 22.9207
    endloop
  endfacet
  facet normal 0 -0.246782 0.969071
    outer loop
      vertex 0 -26.179 22.8223
      vertex -3.2 -25.7926 22.9207
      vertex -3.2 -26.179 22.8223
    endloop
  endfacet
  facet normal 0 0.797132 0.603805
    outer loop
      vertex 0 12.305 21.2533
      vertex -3.2 12.0642 21.5712
      vertex 0 12.0642 21.5712
    endloop
  endfacet
  facet normal 0 0.797132 0.603805
    outer loop
      vertex -3.2 12.0642 21.5712
      vertex 0 12.305 21.2533
      vertex -3.2 12.305 21.2533
    endloop
  endfacet
  facet normal -0 0.12438 0.992235
    outer loop
      vertex -3.2 9.6946 22.9392
      vertex 0 9.29892 22.9888
      vertex 0 9.6946 22.9392
    endloop
  endfacet
  facet normal 0 0.12438 0.992235
    outer loop
      vertex 0 9.29892 22.9888
      vertex -3.2 9.6946 22.9392
      vertex -3.2 9.29892 22.9888
    endloop
  endfacet
  facet normal -1 0 0
    outer loop
      vertex -3.2 13 19
      vertex -3.2 1.17126 16.936
      vertex -3.2 1.28548 17.3062
    endloop
  endfacet
  facet normal -1 0 0
    outer loop
      vertex -3.2 0.65 16.3742
      vertex -3.2 1.4627 4.88575
      vertex -3.2 1.07969 4.9844
    endloop
  endfacet
  facet normal -1 0 0
    outer loop
      vertex -3.2 1.83691 4.75771
      vertex -3.2 0.952967 16.6158
      vertex -3.2 1.17126 16.936
    endloop
  endfacet
  facet normal -1 0 0
    outer loop
      vertex -3.2 0.289277 16.2326
      vertex -3.2 1.07969 4.9844
      vertex -3.2 0.690189 5.05308
    endloop
  endfacet
  facet normal -1 0 0
    outer loop
      vertex -3.2 1.83691 4.75771
      vertex -3.2 0.65 16.3742
      vertex -3.2 0.952967 16.6158
    endloop
  endfacet
  facet normal -1 0 0
    outer loop
      vertex -3.2 0.289277 16.2326
      vertex -3.2 0.690189 5.05308
      vertex -3.2 0.296538 5.09137
    endloop
  endfacet
  facet normal -1 0 0
    outer loop
      vertex -3.2 1.07969 4.9844
      vertex -3.2 0.289277 16.2326
      vertex -3.2 0.65 16.3742
    endloop
  endfacet
  facet normal -1 0 0
    outer loop
      vertex -3.2 0.296538 5.09137
      vertex -3.2 -0.0971489 16.2036
      vertex -3.2 0.289277 16.2326
    endloop
  endfacet
  facet normal -1 0 0
    outer loop
      vertex -3.2 -0.0988951 5.09904
      vertex -3.2 -0.0971489 16.2036
      vertex -3.2 0.296538 5.09137
    endloop
  endfacet
  facet normal -1 0 0
    outer loop
      vertex -3.2 -0.493735 5.07604
      vertex -3.2 -0.0971489 16.2036
      vertex -3.2 -0.0988951 5.09904
    endloop
  endfacet
  facet normal -1 0 0
    outer loop
      vertex -3.2 -0.885605 5.02252
      vertex -3.2 -0.0971489 16.2036
      vertex -3.2 -0.493735 5.07604
    endloop
  endfacet
  facet normal -1 -0 0
    outer loop
      vertex -3.2 -0.0971489 16.2036
      vertex -3.2 -0.885605 5.02252
      vertex -3.2 -0.474943 16.2899
    endloop
  endfacet
  facet normal -1 0 0
    outer loop
      vertex -3.2 -1.27215 4.93879
      vertex -3.2 -0.474943 16.2899
      vertex -3.2 -0.885605 5.02252
    endloop
  endfacet
  facet normal -1 0 0
    outer loop
      vertex -3.2 -1.65104 4.82536
      vertex -3.2 -0.474943 16.2899
      vertex -3.2 -1.27215 4.93879
    endloop
  endfacet
  facet normal -1 -0 0
    outer loop
      vertex -3.2 -0.474943 16.2899
      vertex -3.2 -1.65104 4.82536
      vertex -3.2 -0.810536 16.4836
    endloop
  endfacet
  facet normal -1 0 0
    outer loop
      vertex -3.2 -2.02001 4.6829
      vertex -3.2 -0.810536 16.4836
      vertex -3.2 -1.65104 4.82536
    endloop
  endfacet
  facet normal -1 0 0
    outer loop
      vertex -3.2 -2.37682 4.51228
      vertex -3.2 -0.810536 16.4836
      vertex -3.2 -2.02001 4.6829
    endloop
  endfacet
  facet normal -1 0 0
    outer loop
      vertex -3.2 -2.71934 4.31453
      vertex -3.2 -0.810536 16.4836
      vertex -3.2 -2.37682 4.51228
    endloop
  endfacet
  facet normal -1 0 0
    outer loop
      vertex -3.2 3.77677 3.42724
      vertex -3.2 13 19
      vertex -3.2 13 0
    endloop
  endfacet
  facet normal -1 0 0
    outer loop
      vertex -3.2 3.49983 3.70961
      vertex -3.2 13 19
      vertex -3.2 3.77677 3.42724
    endloop
  endfacet
  facet normal -1 0 0
    outer loop
      vertex -3.2 3.20184 3.96966
      vertex -3.2 13 19
      vertex -3.2 3.49983 3.70961
    endloop
  endfacet
  facet normal -1 0 0
    outer loop
      vertex -3.2 2.88459 4.20584
      vertex -3.2 13 19
      vertex -3.2 3.20184 3.96966
    endloop
  endfacet
  facet normal -1 0 0
    outer loop
      vertex -3.2 1.17126 16.936
      vertex -3.2 13 19
      vertex -3.2 2.88459 4.20584
    endloop
  endfacet
  facet normal -1 0 0
    outer loop
      vertex -3.2 13 19
      vertex -3.2 9 23
      vertex -3.2 12.9801 19.3983
    endloop
  endfacet
  facet normal -1 0 0
    outer loop
      vertex -3.2 12.9801 19.3983
      vertex -3.2 9 23
      vertex -3.2 12.9207 19.7926
    endloop
  endfacet
  facet normal -1 0 0
    outer loop
      vertex -3.2 12.9207 19.7926
      vertex -3.2 9 23
      vertex -3.2 12.8223 20.179
    endloop
  endfacet
  facet normal -1 0 0
    outer loop
      vertex -3.2 12.8223 20.179
      vertex -3.2 9 23
      vertex -3.2 12.6859 20.5537
    endloop
  endfacet
  facet normal -1 0 0
    outer loop
      vertex -3.2 12.6859 20.5537
      vertex -3.2 9 23
      vertex -3.2 12.5129 20.913
    endloop
  endfacet
  facet normal -1 0 0
    outer loop
      vertex -3.2 12.5129 20.913
      vertex -3.2 9 23
      vertex -3.2 12.305 21.2533
    endloop
  endfacet
  facet normal -1 0 0
    outer loop
      vertex -3.2 12.0642 21.5712
      vertex -3.2 9 23
      vertex -3.2 11.793 21.8635
    endloop
  endfacet
  facet normal -1 0 0
    outer loop
      vertex -3.2 11.793 21.8635
      vertex -3.2 9 23
      vertex -3.2 11.494 22.1273
    endloop
  endfacet
  facet normal -1 0 0
    outer loop
      vertex -3.2 11.494 22.1273
      vertex -3.2 9 23
      vertex -3.2 11.1702 22.3601
    endloop
  endfacet
  facet normal -1 0 0
    outer loop
      vertex -3.2 11.1702 22.3601
      vertex -3.2 9 23
      vertex -3.2 10.8248 22.5595
    endloop
  endfacet
  facet normal -1 0 0
    outer loop
      vertex -3.2 10.8248 22.5595
      vertex -3.2 9 23
      vertex -3.2 10.4614 22.7235
    endloop
  endfacet
  facet normal -1 0 0
    outer loop
      vertex -3.2 5.09616 0.197754
      vertex -3.2 13 0
      vertex -3.2 5.09616 0
    endloop
  endfacet
  facet normal -1 0 0
    outer loop
      vertex -3.2 5.06552 0.592073
      vertex -3.2 13 0
      vertex -3.2 5.09616 0.197754
    endloop
  endfacet
  facet normal -1 0 0
    outer loop
      vertex -3.2 5.0044 0.982832
      vertex -3.2 13 0
      vertex -3.2 5.06552 0.592073
    endloop
  endfacet
  facet normal -1 0 0
    outer loop
      vertex -3.2 4.91319 1.36768
      vertex -3.2 13 0
      vertex -3.2 5.0044 0.982832
    endloop
  endfacet
  facet normal -1 0 0
    outer loop
      vertex -3.2 4.79243 1.7443
      vertex -3.2 13 0
      vertex -3.2 4.91319 1.36768
    endloop
  endfacet
  facet normal -1 0 0
    outer loop
      vertex -3.2 4.64285 2.11043
      vertex -3.2 13 0
      vertex -3.2 4.79243 1.7443
    endloop
  endfacet
  facet normal -1 0 0
    outer loop
      vertex -3.2 4.46535 2.46387
      vertex -3.2 13 0
      vertex -3.2 4.64285 2.11043
    endloop
  endfacet
  facet normal -1 0 0
    outer loop
      vertex -3.2 4.26099 2.8025
      vertex -3.2 13 0
      vertex -3.2 4.46535 2.46387
    endloop
  endfacet
  facet normal -1 0 0
    outer loop
      vertex -3.2 4.031 3.12426
      vertex -3.2 13 0
      vertex -3.2 4.26099 2.8025
    endloop
  endfacet
  facet normal -1 0 0
    outer loop
      vertex -3.2 3.77677 3.42724
      vertex -3.2 13 0
      vertex -3.2 4.031 3.12426
    endloop
  endfacet
  facet normal -1 0 0
    outer loop
      vertex -3.2 10.4614 22.7235
      vertex -3.2 9 23
      vertex -3.2 10.0834 22.8505
    endloop
  endfacet
  facet normal -1 0 0
    outer loop
      vertex -3.2 10.0834 22.8505
      vertex -3.2 9 23
      vertex -3.2 9.6946 22.9392
    endloop
  endfacet
  facet normal -1 0 0
    outer loop
      vertex -3.2 12.305 21.2533
      vertex -3.2 9 23
      vertex -3.2 12.0642 21.5712
    endloop
  endfacet
  facet normal -1 0 -0
    outer loop
      vertex -3.2 9 23
      vertex -3.2 13 19
      vertex -3.2 1.28548 17.3062
    endloop
  endfacet
  facet normal -1 0 0
    outer loop
      vertex -3.2 1.17126 16.936
      vertex -3.2 2.88459 4.20584
      vertex -3.2 2.55 4.41673
    endloop
  endfacet
  facet normal -1 0 0
    outer loop
      vertex -3.2 1.17126 16.936
      vertex -3.2 2.55 4.41673
      vertex -3.2 2.20007 4.60105
    endloop
  endfacet
  facet normal -1 0 0
    outer loop
      vertex -3.2 1.17126 16.936
      vertex -3.2 2.20007 4.60105
      vertex -3.2 1.83691 4.75771
    endloop
  endfacet
  facet normal -1 0 0
    outer loop
      vertex -3.2 0.65 16.3742
      vertex -3.2 1.83691 4.75771
      vertex -3.2 1.4627 4.88575
    endloop
  endfacet
  facet normal -1 0 0
    outer loop
      vertex -3.2 9.6946 22.9392
      vertex -3.2 9 23
      vertex -3.2 9.29892 22.9888
    endloop
  endfacet
  facet normal -1 0 0
    outer loop
      vertex -3.2 1.28548 17.6938
      vertex -3.2 9 23
      vertex -3.2 1.28548 17.3062
    endloop
  endfacet
  facet normal -1 0 0
    outer loop
      vertex -3.2 1.17126 18.064
      vertex -3.2 9 23
      vertex -3.2 1.28548 17.6938
    endloop
  endfacet
  facet normal -1 0 0
    outer loop
      vertex -3.2 0.952967 18.3842
      vertex -3.2 9 23
      vertex -3.2 1.17126 18.064
    endloop
  endfacet
  facet normal -1 0 0
    outer loop
      vertex -3.2 0.65 18.6258
      vertex -3.2 9 23
      vertex -3.2 0.952967 18.3842
    endloop
  endfacet
  facet normal -1 0 0
    outer loop
      vertex -3.2 0.289277 18.7674
      vertex -3.2 9 23
      vertex -3.2 0.65 18.6258
    endloop
  endfacet
  facet normal -1 0 0
    outer loop
      vertex -3.2 -0.0971489 18.7964
      vertex -3.2 9 23
      vertex -3.2 0.289277 18.7674
    endloop
  endfacet
  facet normal -1 0 0
    outer loop
      vertex -3.2 -0.474943 18.7101
      vertex -3.2 9 23
      vertex -3.2 -0.0971489 18.7964
    endloop
  endfacet
  facet normal -1 -0 0
    outer loop
      vertex -3.2 -0.810536 16.4836
      vertex -3.2 -2.71934 4.31453
      vertex -3.2 -1.07411 16.7677
    endloop
  endfacet
  facet normal -1 0 0
    outer loop
      vertex -3.2 -3.04551 4.09083
      vertex -3.2 -1.07411 16.7677
      vertex -3.2 -2.71934 4.31453
    endloop
  endfacet
  facet normal -1 0 0
    outer loop
      vertex -3.2 -3.35336 3.84252
      vertex -3.2 -1.07411 16.7677
      vertex -3.2 -3.04551 4.09083
    endloop
  endfacet
  facet normal -1 0 0
    outer loop
      vertex -3.2 -3.64104 3.57111
      vertex -3.2 -1.07411 16.7677
      vertex -3.2 -3.35336 3.84252
    endloop
  endfacet
  facet normal -1 -0 0
    outer loop
      vertex -3.2 -1.07411 16.7677
      vertex -3.2 -3.64104 3.57111
      vertex -3.2 -1.24224 17.1168
    endloop
  endfacet
  facet normal -1 0 0
    outer loop
      vertex -3.2 -3.90683 3.27822
      vertex -3.2 -1.24224 17.1168
      vertex -3.2 -3.64104 3.57111
    endloop
  endfacet
  facet normal -1 0 0
    outer loop
      vertex -3.2 -25 23
      vertex -3.2 -1.24224 17.1168
      vertex -3.2 -3.90683 3.27822
    endloop
  endfacet
  facet normal -1 0 0
    outer loop
      vertex -3.2 -1.24224 17.1168
      vertex -3.2 -25 23
      vertex -3.2 -1.3 17.5
    endloop
  endfacet
  facet normal -1 0 0
    outer loop
      vertex -3.2 -25 23
      vertex -3.2 -3.90683 3.27822
      vertex -3.2 -4.14911 2.96561
    endloop
  endfacet
  facet normal -1 0 0
    outer loop
      vertex -3.2 -25 23
      vertex -3.2 -4.14911 2.96561
      vertex -3.2 -4.36645 2.63517
    endloop
  endfacet
  facet normal -1 0 0
    outer loop
      vertex -3.2 -29 19
      vertex -3.2 -4.36645 2.63517
      vertex -3.2 -4.55753 2.28888
    endloop
  endfacet
  facet normal -1 0 0
    outer loop
      vertex -3.2 -29 0
      vertex -3.2 -4.55753 2.28888
      vertex -3.2 -4.72119 1.92882
    endloop
  endfacet
  facet normal -1 0 0
    outer loop
      vertex -3.2 -29 0
      vertex -3.2 -4.72119 1.92882
      vertex -3.2 -4.85646 1.55716
    endloop
  endfacet
  facet normal -1 0 0
    outer loop
      vertex -3.2 -29 0
      vertex -3.2 -4.85646 1.55716
      vertex -3.2 -4.96253 1.17614
    endloop
  endfacet
  facet normal -1 0 0
    outer loop
      vertex -3.2 -0.474943 18.7101
      vertex -3.2 -25 23
      vertex -3.2 9 23
    endloop
  endfacet
  facet normal -1 0 0
    outer loop
      vertex -3.2 -0.810536 18.5164
      vertex -3.2 -25 23
      vertex -3.2 -0.474943 18.7101
    endloop
  endfacet
  facet normal -1 0 0
    outer loop
      vertex -3.2 -1.07411 18.2323
      vertex -3.2 -25 23
      vertex -3.2 -0.810536 18.5164
    endloop
  endfacet
  facet normal -1 0 0
    outer loop
      vertex -3.2 -1.24224 17.8832
      vertex -3.2 -25 23
      vertex -3.2 -1.07411 18.2323
    endloop
  endfacet
  facet normal -1 0 0
    outer loop
      vertex -3.2 -1.3 17.5
      vertex -3.2 -25 23
      vertex -3.2 -1.24224 17.8832
    endloop
  endfacet
  facet normal -1 0 0
    outer loop
      vertex -3.2 -29 0
      vertex -3.2 -4.96253 1.17614
      vertex -3.2 -5.03875 0.788045
    endloop
  endfacet
  facet normal -1 0 0
    outer loop
      vertex -3.2 -29 0
      vertex -3.2 -5.03875 0.788045
      vertex -3.2 -5.08466 0.395211
    endloop
  endfacet
  facet normal -1 0 0
    outer loop
      vertex -3.2 -29 0
      vertex -3.2 -5.08466 0.395211
      vertex -3.2 -5.1 0
    endloop
  endfacet
  facet normal -1 0 0
    outer loop
      vertex -3.2 -4.36645 2.63517
      vertex -3.2 -29 19
      vertex -3.2 -25 23
    endloop
  endfacet
  facet normal -1 0 0
    outer loop
      vertex -3.2 -25 23
      vertex -3.2 -29 19
      vertex -3.2 -25.3983 22.9801
    endloop
  endfacet
  facet normal -1 0 0
    outer loop
      vertex -3.2 -25.3983 22.9801
      vertex -3.2 -29 19
      vertex -3.2 -25.7926 22.9207
    endloop
  endfacet
  facet normal -1 0 0
    outer loop
      vertex -3.2 -25.7926 22.9207
      vertex -3.2 -29 19
      vertex -3.2 -26.179 22.8223
    endloop
  endfacet
  facet normal -1 0 0
    outer loop
      vertex -3.2 -26.179 22.8223
      vertex -3.2 -29 19
      vertex -3.2 -26.5537 22.6859
    endloop
  endfacet
  facet normal -1 0 0
    outer loop
      vertex -3.2 -26.5537 22.6859
      vertex -3.2 -29 19
      vertex -3.2 -26.913 22.5129
    endloop
  endfacet
  facet normal -1 0 0
    outer loop
      vertex -3.2 -26.913 22.5129
      vertex -3.2 -29 19
      vertex -3.2 -27.2533 22.305
    endloop
  endfacet
  facet normal -1 0 0
    outer loop
      vertex -3.2 -27.2533 22.305
      vertex -3.2 -29 19
      vertex -3.2 -27.5712 22.0642
    endloop
  endfacet
  facet normal -1 0 0
    outer loop
      vertex -3.2 -27.5712 22.0642
      vertex -3.2 -29 19
      vertex -3.2 -27.8635 21.793
    endloop
  endfacet
  facet normal -1 0 0
    outer loop
      vertex -3.2 -27.8635 21.793
      vertex -3.2 -29 19
      vertex -3.2 -28.1273 21.494
    endloop
  endfacet
  facet normal -1 0 0
    outer loop
      vertex -3.2 -28.1273 21.494
      vertex -3.2 -29 19
      vertex -3.2 -28.3601 21.1702
    endloop
  endfacet
  facet normal -1 0 0
    outer loop
      vertex -3.2 -28.3601 21.1702
      vertex -3.2 -29 19
      vertex -3.2 -28.5595 20.8248
    endloop
  endfacet
  facet normal -1 0 0
    outer loop
      vertex -3.2 -28.5595 20.8248
      vertex -3.2 -29 19
      vertex -3.2 -28.7235 20.4614
    endloop
  endfacet
  facet normal -1 0 0
    outer loop
      vertex -3.2 -28.7235 20.4614
      vertex -3.2 -29 19
      vertex -3.2 -28.8505 20.0834
    endloop
  endfacet
  facet normal -1 0 0
    outer loop
      vertex -3.2 -28.8505 20.0834
      vertex -3.2 -29 19
      vertex -3.2 -28.9392 19.6946
    endloop
  endfacet
  facet normal -1 -0 0
    outer loop
      vertex -3.2 -4.55753 2.28888
      vertex -3.2 -29 0
      vertex -3.2 -29 19
    endloop
  endfacet
  facet normal -1 0 0
    outer loop
      vertex -3.2 -28.9392 19.6946
      vertex -3.2 -29 19
      vertex -3.2 -28.9888 19.2989
    endloop
  endfacet
  facet normal 0 -1 0
    outer loop
      vertex -3.2 -29 0
      vertex 0 -29 19
      vertex -3.2 -29 19
    endloop
  endfacet
  facet normal 0 -1 -0
    outer loop
      vertex 0 -29 19
      vertex -3.2 -29 0
      vertex 0 -29 0
    endloop
  endfacet
  facet normal 0 -0.680153 0.73307
    outer loop
      vertex -3.2 -27.5712 22.0642
      vertex 0 -27.8635 21.793
      vertex 0 -27.5712 22.0642
    endloop
  endfacet
  facet normal 0 -0.680153 0.73307
    outer loop
      vertex 0 -27.8635 21.793
      vertex -3.2 -27.5712 22.0642
      vertex -3.2 -27.8635 21.793
    endloop
  endfacet
  facet normal 0 1 -0
    outer loop
      vertex 0 13 5
      vertex -3.2 13 19
      vertex 0 13 19
    endloop
  endfacet
  facet normal 0 1 0
    outer loop
      vertex -3.2 13 0
      vertex 0 13 5
      vertex 0 13 0
    endloop
  endfacet
  facet normal 0 1 0
    outer loop
      vertex 0 13 5
      vertex -3.2 13 0
      vertex -3.2 13 19
    endloop
  endfacet
  facet normal -0 0.58375 0.811934
    outer loop
      vertex -3.2 11.494 22.1273
      vertex 0 11.1702 22.3601
      vertex 0 11.494 22.1273
    endloop
  endfacet
  facet normal 0 0.58375 0.811934
    outer loop
      vertex 0 11.1702 22.3601
      vertex -3.2 11.494 22.1273
      vertex -3.2 11.1702 22.3601
    endloop
  endfacet
  facet normal -0 0.0374419 0.999299
    outer loop
      vertex -3.2 9.29892 22.9888
      vertex 0 9 23
      vertex 0 9.29892 22.9888
    endloop
  endfacet
  facet normal 0 0.0374419 0.999299
    outer loop
      vertex 0 9 23
      vertex -3.2 9.29892 22.9888
      vertex -3.2 9 23
    endloop
  endfacet
  facet normal -0 0 1
    outer loop
      vertex -3.2 9 23
      vertex 0 -25 23
      vertex 0 9 23
    endloop
  endfacet
  facet normal 0 0 1
    outer loop
      vertex 0 -25 23
      vertex -3.2 9 23
      vertex -3.2 -25 23
    endloop
  endfacet
  facet normal 0 -0.0499001 0.998754
    outer loop
      vertex -3.2 -25 23
      vertex 0 -25.3983 22.9801
      vertex 0 -25 23
    endloop
  endfacet
  facet normal 0 -0.0499001 0.998754
    outer loop
      vertex 0 -25.3983 22.9801
      vertex -3.2 -25 23
      vertex -3.2 -25.3983 22.9801
    endloop
  endfacet
  facet normal 0 -0.992235 0.124374
    outer loop
      vertex -3.2 -28.9888 19.2989
      vertex 0 -28.9392 19.6946
      vertex -3.2 -28.9392 19.6946
    endloop
  endfacet
  facet normal 0 -0.992235 0.124374
    outer loop
      vertex 0 -28.9392 19.6946
      vertex -3.2 -28.9888 19.2989
      vertex 0 -28.9888 19.2989
    endloop
  endfacet
  facet normal 0 -0.97495 0.222423
    outer loop
      vertex -3.2 -28.9392 19.6946
      vertex 0 -28.8505 20.0834
      vertex -3.2 -28.8505 20.0834
    endloop
  endfacet
  facet normal 0 -0.97495 0.222423
    outer loop
      vertex 0 -28.8505 20.0834
      vertex -3.2 -28.9392 19.6946
      vertex 0 -28.9392 19.6946
    endloop
  endfacet
  facet normal 0 0.969071 0.246782
    outer loop
      vertex 0 12.9207 19.7926
      vertex -3.2 12.8223 20.179
      vertex 0 12.8223 20.179
    endloop
  endfacet
  facet normal 0 0.969071 0.246782
    outer loop
      vertex -3.2 12.8223 20.179
      vertex 0 12.9207 19.7926
      vertex -3.2 12.9207 19.7926
    endloop
  endfacet
  facet normal 0 0.998754 0.0499001
    outer loop
      vertex 0 13 19
      vertex -3.2 12.9801 19.3983
      vertex 0 12.9801 19.3983
    endloop
  endfacet
  facet normal 0 0.998754 0.0499001
    outer loop
      vertex -3.2 12.9801 19.3983
      vertex 0 13 19
      vertex -3.2 13 19
    endloop
  endfacet
  facet normal -0 0.661588 0.749867
    outer loop
      vertex -3.2 11.793 21.8635
      vertex 0 11.494 22.1273
      vertex 0 11.793 21.8635
    endloop
  endfacet
  facet normal 0 0.661588 0.749867
    outer loop
      vertex 0 11.494 22.1273
      vertex -3.2 11.793 21.8635
      vertex -3.2 11.494 22.1273
    endloop
  endfacet
  facet normal 0 0.73307 0.680153
    outer loop
      vertex 0 12.0642 21.5712
      vertex -3.2 11.793 21.8635
      vertex 0 11.793 21.8635
    endloop
  endfacet
  facet normal 0 0.73307 0.680153
    outer loop
      vertex -3.2 11.793 21.8635
      vertex 0 12.0642 21.5712
      vertex -3.2 12.0642 21.5712
    endloop
  endfacet
  facet normal -0 0.499968 0.866044
    outer loop
      vertex -3.2 11.1702 22.3601
      vertex 0 10.8248 22.5595
      vertex 0 11.1702 22.3601
    endloop
  endfacet
  facet normal 0 0.499968 0.866044
    outer loop
      vertex 0 10.8248 22.5595
      vertex -3.2 11.1702 22.3601
      vertex -3.2 10.8248 22.5595
    endloop
  endfacet
  facet normal -0 0.411345 0.91148
    outer loop
      vertex -3.2 10.8248 22.5595
      vertex 0 10.4614 22.7235
      vertex 0 10.8248 22.5595
    endloop
  endfacet
  facet normal 0 0.411345 0.91148
    outer loop
      vertex 0 10.4614 22.7235
      vertex -3.2 10.8248 22.5595
      vertex -3.2 10.4614 22.7235
    endloop
  endfacet
  facet normal -0 0.222423 0.97495
    outer loop
      vertex -3.2 10.0834 22.8505
      vertex 0 9.6946 22.9392
      vertex 0 10.0834 22.8505
    endloop
  endfacet
  facet normal 0 0.222423 0.97495
    outer loop
      vertex 0 9.6946 22.9392
      vertex -3.2 10.0834 22.8505
      vertex -3.2 9.6946 22.9392
    endloop
  endfacet
  facet normal -0 0.318484 0.947928
    outer loop
      vertex -3.2 10.4614 22.7235
      vertex 0 10.0834 22.8505
      vertex 0 10.4614 22.7235
    endloop
  endfacet
  facet normal 0 0.318484 0.947928
    outer loop
      vertex 0 10.0834 22.8505
      vertex -3.2 10.4614 22.7235
      vertex -3.2 10.0834 22.8505
    endloop
  endfacet
  facet normal 0 -0.866044 0.499968
    outer loop
      vertex -3.2 -28.5595 20.8248
      vertex 0 -28.3601 21.1702
      vertex -3.2 -28.3601 21.1702
    endloop
  endfacet
  facet normal 0 -0.866044 0.499968
    outer loop
      vertex 0 -28.3601 21.1702
      vertex -3.2 -28.5595 20.8248
      vertex 0 -28.5595 20.8248
    endloop
  endfacet
  facet normal 0 0.900998 0.433823
    outer loop
      vertex 0 12.6859 20.5537
      vertex -3.2 12.5129 20.913
      vertex 0 12.5129 20.913
    endloop
  endfacet
  facet normal 0 0.900998 0.433823
    outer loop
      vertex -3.2 12.5129 20.913
      vertex 0 12.6859 20.5537
      vertex -3.2 12.6859 20.5537
    endloop
  endfacet
  facet normal 0 0.988842 0.148966
    outer loop
      vertex 0 12.9801 19.3983
      vertex -3.2 12.9207 19.7926
      vertex 0 12.9207 19.7926
    endloop
  endfacet
  facet normal 0 0.988842 0.148966
    outer loop
      vertex -3.2 12.9207 19.7926
      vertex 0 12.9801 19.3983
      vertex -3.2 12.9801 19.3983
    endloop
  endfacet
  facet normal 0 0.939676 0.342065
    outer loop
      vertex 0 12.8223 20.179
      vertex -3.2 12.6859 20.5537
      vertex 0 12.6859 20.5537
    endloop
  endfacet
  facet normal 0 0.939676 0.342065
    outer loop
      vertex -3.2 12.6859 20.5537
      vertex 0 12.8223 20.179
      vertex -3.2 12.8223 20.179
    endloop
  endfacet
  facet normal 0 0.85335 0.521338
    outer loop
      vertex 0 12.5129 20.913
      vertex -3.2 12.305 21.2533
      vertex 0 12.305 21.2533
    endloop
  endfacet
  facet normal 0 0.85335 0.521338
    outer loop
      vertex -3.2 12.305 21.2533
      vertex 0 12.5129 20.913
      vertex -3.2 12.5129 20.913
    endloop
  endfacet
  facet normal 0 -0.999299 0.0374444
    outer loop
      vertex -3.2 -29 19
      vertex 0 -28.9888 19.2989
      vertex -3.2 -28.9888 19.2989
    endloop
  endfacet
  facet normal 0 -0.999299 0.0374444
    outer loop
      vertex 0 -28.9888 19.2989
      vertex -3.2 -29 19
      vertex 0 -29 19
    endloop
  endfacet
  facet normal 0 -0.91148 0.411345
    outer loop
      vertex -3.2 -28.7235 20.4614
      vertex 0 -28.5595 20.8248
      vertex -3.2 -28.5595 20.8248
    endloop
  endfacet
  facet normal 0 -0.91148 0.411345
    outer loop
      vertex 0 -28.5595 20.8248
      vertex -3.2 -28.7235 20.4614
      vertex 0 -28.7235 20.4614
    endloop
  endfacet
  facet normal 0 -0.811934 0.58375
    outer loop
      vertex -3.2 -28.3601 21.1702
      vertex 0 -28.1273 21.494
      vertex -3.2 -28.1273 21.494
    endloop
  endfacet
  facet normal 0 -0.811934 0.58375
    outer loop
      vertex 0 -28.1273 21.494
      vertex -3.2 -28.3601 21.1702
      vertex 0 -28.3601 21.1702
    endloop
  endfacet
  facet normal 0 -0.749867 0.661588
    outer loop
      vertex -3.2 -28.1273 21.494
      vertex 0 -27.8635 21.793
      vertex -3.2 -27.8635 21.793
    endloop
  endfacet
  facet normal 0 -0.749867 0.661588
    outer loop
      vertex 0 -27.8635 21.793
      vertex -3.2 -28.1273 21.494
      vertex 0 -28.1273 21.494
    endloop
  endfacet
  facet normal 0 -0.603805 0.797132
    outer loop
      vertex -3.2 -27.2533 22.305
      vertex 0 -27.5712 22.0642
      vertex 0 -27.2533 22.305
    endloop
  endfacet
  facet normal 0 -0.603805 0.797132
    outer loop
      vertex 0 -27.5712 22.0642
      vertex -3.2 -27.2533 22.305
      vertex -3.2 -27.5712 22.0642
    endloop
  endfacet
  facet normal 0 -0.433823 0.900998
    outer loop
      vertex -3.2 -26.5537 22.6859
      vertex 0 -26.913 22.5129
      vertex 0 -26.5537 22.6859
    endloop
  endfacet
  facet normal 0 -0.433823 0.900998
    outer loop
      vertex 0 -26.913 22.5129
      vertex -3.2 -26.5537 22.6859
      vertex -3.2 -26.913 22.5129
    endloop
  endfacet
  facet normal 0 -0.947928 0.318484
    outer loop
      vertex -3.2 -28.8505 20.0834
      vertex 0 -28.7235 20.4614
      vertex -3.2 -28.7235 20.4614
    endloop
  endfacet
  facet normal 0 -0.947928 0.318484
    outer loop
      vertex 0 -28.7235 20.4614
      vertex -3.2 -28.8505 20.0834
      vertex 0 -28.8505 20.0834
    endloop
  endfacet
  facet normal 0 -0.521338 0.85335
    outer loop
      vertex -3.2 -26.913 22.5129
      vertex 0 -27.2533 22.305
      vertex 0 -26.913 22.5129
    endloop
  endfacet
  facet normal 0 -0.521338 0.85335
    outer loop
      vertex 0 -27.2533 22.305
      vertex -3.2 -26.913 22.5129
      vertex -3.2 -27.2533 22.305
    endloop
  endfacet
  facet normal 0 0 -1
    outer loop
      vertex 67 -15.6 0
      vertex 69 -10.6 0
      vertex 69 -15.6 0
    endloop
  endfacet
  facet normal 0 0 -1
    outer loop
      vertex 67 -7.6 0
      vertex 69 -10.6 0
      vertex 67 -15.6 0
    endloop
  endfacet
  facet normal 0 0 -1
    outer loop
      vertex 69 -10.6 0
      vertex 67 -7.6 0
      vertex 68 -7.6 0
    endloop
  endfacet
  facet normal 0 0 -1
    outer loop
      vertex 71.6 3.3 0
      vertex 72 17.1 0
      vertex 72 -10.6 0
    endloop
  endfacet
  facet normal 0 0 -1
    outer loop
      vertex 68 7.6 0
      vertex 72 17.1 0
      vertex 71.6 3.3 0
    endloop
  endfacet
  facet normal 0 -0 -1
    outer loop
      vertex 69.1021 15.1051 0
      vertex 72 17.1 0
      vertex 68.961 14.7332 0
    endloop
  endfacet
  facet normal 0 0 -1
    outer loop
      vertex 71.6 3.3 0
      vertex 72 -10.6 0
      vertex 71.6 -3.3 0
    endloop
  endfacet
  facet normal 0 0 -1
    outer loop
      vertex 68 -7.6 0
      vertex 72 -10.6 0
      vertex 69 -10.6 0
    endloop
  endfacet
  facet normal 0 0 -1
    outer loop
      vertex 72 -10.6 0
      vertex 68 -7.6 0
      vertex 71.6 -3.3 0
    endloop
  endfacet
  facet normal -0 0 -1
    outer loop
      vertex 71.6 -3.3 0
      vertex 68 -7.6 0
      vertex 68 -3.3 0
    endloop
  endfacet
  facet normal 0 -0 -1
    outer loop
      vertex 69.15 15.5 0
      vertex 72 17.1 0
      vertex 69.1021 15.1051 0
    endloop
  endfacet
  facet normal 0 0 -1
    outer loop
      vertex 69.1021 15.8949 0
      vertex 72 17.1 0
      vertex 69.15 15.5 0
    endloop
  endfacet
  facet normal 0 0 -1
    outer loop
      vertex 68.961 16.2668 0
      vertex 72 17.1 0
      vertex 69.1021 15.8949 0
    endloop
  endfacet
  facet normal -0 0 -1
    outer loop
      vertex 71.9692 17.4911 0
      vertex 68.961 16.2668 0
      vertex 71.8776 17.8725 0
    endloop
  endfacet
  facet normal -0 0 -1
    outer loop
      vertex 71.8776 17.8725 0
      vertex 68.961 16.2668 0
      vertex 71.7275 18.235 0
    endloop
  endfacet
  facet normal 0 0 -1
    outer loop
      vertex 68.735 16.5942 0
      vertex 71.7275 18.235 0
      vertex 68.961 16.2668 0
    endloop
  endfacet
  facet normal -0 0 -1
    outer loop
      vertex 71.7275 18.235 0
      vertex 68.735 16.5942 0
      vertex 71.5225 18.5695 0
    endloop
  endfacet
  facet normal -0 0 -1
    outer loop
      vertex 71.2678 18.8677 0
      vertex 68.735 16.5942 0
      vertex 70.9695 19.1225 0
    endloop
  endfacet
  facet normal -0 0 -1
    outer loop
      vertex 70.9695 19.1225 0
      vertex 68.735 16.5942 0
      vertex 70.635 19.3275 0
    endloop
  endfacet
  facet normal -0 0 -1
    outer loop
      vertex 71.5225 18.5695 0
      vertex 68.735 16.5942 0
      vertex 71.2678 18.8677 0
    endloop
  endfacet
  facet normal -0 0 -1
    outer loop
      vertex 72 17.1 0
      vertex 68.961 16.2668 0
      vertex 71.9692 17.4911 0
    endloop
  endfacet
  facet normal 0 -0 -1
    outer loop
      vertex 68.735 14.4058 0
      vertex 72 17.1 0
      vertex 68 7.6 0
    endloop
  endfacet
  facet normal 0 0 -1
    outer loop
      vertex 72 17.1 0
      vertex 68.735 14.4058 0
      vertex 68.961 14.7332 0
    endloop
  endfacet
  facet normal 0 0 -1
    outer loop
      vertex 68.735 14.4058 0
      vertex 68 7.6 0
      vertex 68.4373 14.1421 0
    endloop
  endfacet
  facet normal 0 0 -1
    outer loop
      vertex 68 7.6 0
      vertex 71.6 3.3 0
      vertex 68 3.3 0
    endloop
  endfacet
  facet normal 0 0 -1
    outer loop
      vertex 68.4373 14.1421 0
      vertex 68 7.6 0
      vertex 68.0851 13.9572 0
    endloop
  endfacet
  facet normal 0 0 -1
    outer loop
      vertex 68 7.6 0
      vertex 67.6989 13.862 0
      vertex 68.0851 13.9572 0
    endloop
  endfacet
  facet normal 0 0 -1
    outer loop
      vertex 68 7.6 0
      vertex 67.3011 13.862 0
      vertex 67.6989 13.862 0
    endloop
  endfacet
  facet normal 0 0 -1
    outer loop
      vertex 63 10.6 0
      vertex 67.3011 13.862 0
      vertex 68 7.6 0
    endloop
  endfacet
  facet normal -0 0 -1
    outer loop
      vertex 67.3011 13.862 0
      vertex 63 10.6 0
      vertex 66.9149 13.9572 0
    endloop
  endfacet
  facet normal -0 0 -1
    outer loop
      vertex 66.9149 13.9572 0
      vertex 63 10.6 0
      vertex 66.5627 14.1421 0
    endloop
  endfacet
  facet normal -0 0 -1
    outer loop
      vertex 66.5627 14.1421 0
      vertex 63 10.6 0
      vertex 66.265 14.4058 0
    endloop
  endfacet
  facet normal -0 0 -1
    outer loop
      vertex 66.265 14.4058 0
      vertex 63 10.6 0
      vertex 66.039 14.7332 0
    endloop
  endfacet
  facet normal 0 0 -1
    outer loop
      vertex 66.5627 16.8579 0
      vertex 65.1089 19.5692 0
      vertex 65.5 19.6 0
    endloop
  endfacet
  facet normal 0 0 -1
    outer loop
      vertex 63 17.1 0
      vertex 65.85 15.5 0
      vertex 65.8979 15.1051 0
    endloop
  endfacet
  facet normal 0 0 -1
    outer loop
      vertex 65.8979 15.8949 0
      vertex 64.7275 19.4776 0
      vertex 65.1089 19.5692 0
    endloop
  endfacet
  facet normal 0 0 -1
    outer loop
      vertex 65.8979 15.8949 0
      vertex 64.365 19.3275 0
      vertex 64.7275 19.4776 0
    endloop
  endfacet
  facet normal -0 0 -1
    outer loop
      vertex 66.039 14.7332 0
      vertex 63 10.6 0
      vertex 65.8979 15.1051 0
    endloop
  endfacet
  facet normal 0 0 -1
    outer loop
      vertex 65.8979 15.8949 0
      vertex 63 17.1 0
      vertex 63.0308 17.4911 0
    endloop
  endfacet
  facet normal 0 0 -1
    outer loop
      vertex 65.8979 15.8949 0
      vertex 64.0305 19.1225 0
      vertex 64.365 19.3275 0
    endloop
  endfacet
  facet normal 0 0 -1
    outer loop
      vertex 65.8979 15.8949 0
      vertex 63.7322 18.8677 0
      vertex 64.0305 19.1225 0
    endloop
  endfacet
  facet normal 0 0 -1
    outer loop
      vertex 65.8979 15.8949 0
      vertex 63.4775 18.5695 0
      vertex 63.7322 18.8677 0
    endloop
  endfacet
  facet normal 0 0 -1
    outer loop
      vertex 65.8979 15.8949 0
      vertex 63.2725 18.235 0
      vertex 63.4775 18.5695 0
    endloop
  endfacet
  facet normal 0 0 -1
    outer loop
      vertex 65.8979 15.8949 0
      vertex 63.1224 17.8725 0
      vertex 63.2725 18.235 0
    endloop
  endfacet
  facet normal -0 0 -1
    outer loop
      vertex 65.8979 15.1051 0
      vertex 63 10.6 0
      vertex 63 17.1 0
    endloop
  endfacet
  facet normal 0 0 -1
    outer loop
      vertex 36.9062 7.6 0
      vertex 63 10.6 0
      vertex 68 7.6 0
    endloop
  endfacet
  facet normal 0 0 -1
    outer loop
      vertex 37 21 0
      vertex 39.8 10.6 0
      vertex 37 7.9 0
    endloop
  endfacet
  facet normal -0 0 -1
    outer loop
      vertex 63 10.6 0
      vertex 36.9062 7.6 0
      vertex 39.8 10.6 0
    endloop
  endfacet
  facet normal 0 0 -1
    outer loop
      vertex 39.8 10.6 0
      vertex 36.9062 7.6 0
      vertex 37 7.9 0
    endloop
  endfacet
  facet normal -0 0 -1
    outer loop
      vertex 70.635 19.3275 0
      vertex 68.735 16.5942 0
      vertex 70.2725 19.4776 0
    endloop
  endfacet
  facet normal -0 0 -1
    outer loop
      vertex 70.2725 19.4776 0
      vertex 68.735 16.5942 0
      vertex 69.8911 19.5692 0
    endloop
  endfacet
  facet normal 0 0 -1
    outer loop
      vertex 68.4373 16.8579 0
      vertex 69.8911 19.5692 0
      vertex 68.735 16.5942 0
    endloop
  endfacet
  facet normal -0 0 -1
    outer loop
      vertex 69.8911 19.5692 0
      vertex 68.4373 16.8579 0
      vertex 69.5 19.6 0
    endloop
  endfacet
  facet normal 0 0 -1
    outer loop
      vertex 68.0851 17.0428 0
      vertex 69.5 19.6 0
      vertex 68.4373 16.8579 0
    endloop
  endfacet
  facet normal 0 0 -1
    outer loop
      vertex 67.6989 17.138 0
      vertex 69.5 19.6 0
      vertex 68.0851 17.0428 0
    endloop
  endfacet
  facet normal 0 0 -1
    outer loop
      vertex 67.3011 17.138 0
      vertex 69.5 19.6 0
      vertex 67.6989 17.138 0
    endloop
  endfacet
  facet normal 0 0 -1
    outer loop
      vertex 65.5 19.6 0
      vertex 67.3011 17.138 0
      vertex 66.9149 17.0428 0
    endloop
  endfacet
  facet normal 0 0 -1
    outer loop
      vertex 65.5 19.6 0
      vertex 66.9149 17.0428 0
      vertex 66.5627 16.8579 0
    endloop
  endfacet
  facet normal 0 0 -1
    outer loop
      vertex 65.1089 19.5692 0
      vertex 66.5627 16.8579 0
      vertex 66.265 16.5942 0
    endloop
  endfacet
  facet normal 0 0 -1
    outer loop
      vertex 67.3011 17.138 0
      vertex 65.5 19.6 0
      vertex 69.5 19.6 0
    endloop
  endfacet
  facet normal 0 0 -1
    outer loop
      vertex 65.1089 19.5692 0
      vertex 66.265 16.5942 0
      vertex 66.039 16.2668 0
    endloop
  endfacet
  facet normal 0 0 -1
    outer loop
      vertex 65.1089 19.5692 0
      vertex 66.039 16.2668 0
      vertex 65.8979 15.8949 0
    endloop
  endfacet
  facet normal 0 0 -1
    outer loop
      vertex 63 17.1 0
      vertex 65.8979 15.8949 0
      vertex 65.85 15.5 0
    endloop
  endfacet
  facet normal 0 0 -1
    outer loop
      vertex 65.8979 15.8949 0
      vertex 63.0308 17.4911 0
      vertex 63.1224 17.8725 0
    endloop
  endfacet
  facet normal 0 0 -1
    outer loop
      vertex 39.8 10.6 0
      vertex 37 21 0
      vertex 39.8 21 0
    endloop
  endfacet
  facet normal 0 0 -1
    outer loop
      vertex 5.961 -16.2668 0
      vertex 9 -17.1 0
      vertex 8.96922 -17.4911 0
    endloop
  endfacet
  facet normal 0 0 -1
    outer loop
      vertex 51 -10.6 0
      vertex 53 -15.6 0
      vertex 51 -15.6 0
    endloop
  endfacet
  facet normal 0 0 -1
    outer loop
      vertex 53 -15.6 0
      vertex 51 -10.6 0
      vertex 53 -7.6 0
    endloop
  endfacet
  facet normal 0 0 -1
    outer loop
      vertex 9 -10.6 0
      vertex 53 -7.6 0
      vertex 51 -10.6 0
    endloop
  endfacet
  facet normal 0 0 -1
    outer loop
      vertex 5.961 -16.2668 0
      vertex 8.96922 -17.4911 0
      vertex 8.87764 -17.8725 0
    endloop
  endfacet
  facet normal 0 0 -1
    outer loop
      vertex 5.961 -16.2668 0
      vertex 8.87764 -17.8725 0
      vertex 8.72752 -18.235 0
    endloop
  endfacet
  facet normal 0 0 -1
    outer loop
      vertex 5.73504 -16.5942 0
      vertex 8.72752 -18.235 0
      vertex 8.52254 -18.5695 0
    endloop
  endfacet
  facet normal 0 0 -1
    outer loop
      vertex 5.73504 -16.5942 0
      vertex 8.52254 -18.5695 0
      vertex 8.26776 -18.8677 0
    endloop
  endfacet
  facet normal 0 0 -1
    outer loop
      vertex 5.73504 -16.5942 0
      vertex 8.26776 -18.8677 0
      vertex 7.96947 -19.1225 0
    endloop
  endfacet
  facet normal 0 0 -1
    outer loop
      vertex 5.73504 -16.5942 0
      vertex 7.96947 -19.1225 0
      vertex 7.63498 -19.3275 0
    endloop
  endfacet
  facet normal 0 0 -1
    outer loop
      vertex 5.73504 -16.5942 0
      vertex 7.63498 -19.3275 0
      vertex 7.27254 -19.4776 0
    endloop
  endfacet
  facet normal 0 0 -1
    outer loop
      vertex 5.73504 -16.5942 0
      vertex 7.27254 -19.4776 0
      vertex 6.89108 -19.5692 0
    endloop
  endfacet
  facet normal 0 0 -1
    outer loop
      vertex 5.43731 -16.8579 0
      vertex 6.89108 -19.5692 0
      vertex 6.5 -19.6 0
    endloop
  endfacet
  facet normal 0 0 -1
    outer loop
      vertex 9 -17.1 0
      vertex 6.10205 -15.8949 0
      vertex 6.15 -15.5 0
    endloop
  endfacet
  facet normal 0 0 -1
    outer loop
      vertex 9 -17.1 0
      vertex 6.10205 -15.1051 0
      vertex 9 -10.6 0
    endloop
  endfacet
  facet normal 0 0 -1
    outer loop
      vertex 5.961 -14.7332 0
      vertex 9 -10.6 0
      vertex 6.10205 -15.1051 0
    endloop
  endfacet
  facet normal 0 0 -1
    outer loop
      vertex 5.73504 -14.4058 0
      vertex 9 -10.6 0
      vertex 5.961 -14.7332 0
    endloop
  endfacet
  facet normal 0 0 -1
    outer loop
      vertex 5.43731 -14.1421 0
      vertex 9 -10.6 0
      vertex 5.73504 -14.4058 0
    endloop
  endfacet
  facet normal 0 0 -1
    outer loop
      vertex 5.0851 -13.9572 0
      vertex 9 -10.6 0
      vertex 5.43731 -14.1421 0
    endloop
  endfacet
  facet normal 0 0 -1
    outer loop
      vertex 4.69888 -13.862 0
      vertex 9 -10.6 0
      vertex 5.0851 -13.9572 0
    endloop
  endfacet
  facet normal 0 0 -1
    outer loop
      vertex 4.30112 -13.862 0
      vertex 9 -10.6 0
      vertex 4.69888 -13.862 0
    endloop
  endfacet
  facet normal 0 0 -1
    outer loop
      vertex 0 -7.6 0
      vertex 4.30112 -13.862 0
      vertex 3.9149 -13.9572 0
    endloop
  endfacet
  facet normal 0 0 -1
    outer loop
      vertex 0 -7.6 0
      vertex 3.9149 -13.9572 0
      vertex 3.56269 -14.1421 0
    endloop
  endfacet
  facet normal 0 0 -1
    outer loop
      vertex 1.03053 -19.1225 0
      vertex 3.26496 -16.5942 0
      vertex 1.36502 -19.3275 0
    endloop
  endfacet
  facet normal 0 0 -1
    outer loop
      vertex 0.732239 -18.8677 0
      vertex 3.26496 -16.5942 0
      vertex 1.03053 -19.1225 0
    endloop
  endfacet
  facet normal 0 0 -1
    outer loop
      vertex 0.477463 -18.5695 0
      vertex 3.26496 -16.5942 0
      vertex 0.732239 -18.8677 0
    endloop
  endfacet
  facet normal 0 0 -1
    outer loop
      vertex 0.272476 -18.235 0
      vertex 3.26496 -16.5942 0
      vertex 0.477463 -18.5695 0
    endloop
  endfacet
  facet normal -0 0 -1
    outer loop
      vertex 3.26496 -16.5942 0
      vertex 0.272476 -18.235 0
      vertex 3.039 -16.2668 0
    endloop
  endfacet
  facet normal 0 0 -1
    outer loop
      vertex 0.12236 -17.8725 0
      vertex 3.039 -16.2668 0
      vertex 0.272476 -18.235 0
    endloop
  endfacet
  facet normal 0 0 -1
    outer loop
      vertex 0.030777 -17.4911 0
      vertex 3.039 -16.2668 0
      vertex 0.12236 -17.8725 0
    endloop
  endfacet
  facet normal 0 0 -1
    outer loop
      vertex 0 -17.1 0
      vertex 3.039 -16.2668 0
      vertex 0.030777 -17.4911 0
    endloop
  endfacet
  facet normal -0 0 -1
    outer loop
      vertex 3.039 -16.2668 0
      vertex 0 -17.1 0
      vertex 2.89795 -15.8949 0
    endloop
  endfacet
  facet normal -0 0 -1
    outer loop
      vertex 2.89795 -15.1051 0
      vertex 0 -17.1 0
      vertex 3.039 -14.7332 0
    endloop
  endfacet
  facet normal -0 0 -1
    outer loop
      vertex 2.89795 -15.8949 0
      vertex 0 -17.1 0
      vertex 2.85 -15.5 0
    endloop
  endfacet
  facet normal -0 0 -1
    outer loop
      vertex 2.85 -15.5 0
      vertex 0 -17.1 0
      vertex 2.89795 -15.1051 0
    endloop
  endfacet
  facet normal 0 0 -1
    outer loop
      vertex 0 -7.6 0
      vertex 3.039 -14.7332 0
      vertex 0 -17.1 0
    endloop
  endfacet
  facet normal 0 0 -1
    outer loop
      vertex 3.039 -14.7332 0
      vertex 0 -7.6 0
      vertex 3.26496 -14.4058 0
    endloop
  endfacet
  facet normal 0 0 -1
    outer loop
      vertex 9 -10.6 0
      vertex 0 -7.6 0
      vertex 53 -7.6 0
    endloop
  endfacet
  facet normal 0 0 -1
    outer loop
      vertex 4.30112 -13.862 0
      vertex 0 -7.6 0
      vertex 9 -10.6 0
    endloop
  endfacet
  facet normal 0 0 -1
    outer loop
      vertex 3.26496 -14.4058 0
      vertex 0 -7.6 0
      vertex 3.56269 -14.1421 0
    endloop
  endfacet
  facet normal 0 0 -1
    outer loop
      vertex -3.2 -29 0
      vertex 0 -17.1 0
      vertex 0 -29 0
    endloop
  endfacet
  facet normal 0 0 -1
    outer loop
      vertex -3.2 -5.1 0
      vertex 0 -17.1 0
      vertex -3.2 -29 0
    endloop
  endfacet
  facet normal 0 0 -1
    outer loop
      vertex 0 -7.6 0
      vertex -1.4 -5.1 0
      vertex 0 -3 0
    endloop
  endfacet
  facet normal 0 0 -1
    outer loop
      vertex 0 -17.1 0
      vertex -3.2 -5.1 0
      vertex 0 -7.6 0
    endloop
  endfacet
  facet normal 0 0 -1
    outer loop
      vertex 0 -7.6 0
      vertex -3.2 -5.1 0
      vertex -1.4 -5.1 0
    endloop
  endfacet
  facet normal -0 0 -1
    outer loop
      vertex 0 -3 0
      vertex -1.4 -5.1 0
      vertex -1.4 -3 0
    endloop
  endfacet
  facet normal 0 0 -1
    outer loop
      vertex 9 -17.1 0
      vertex 6.15 -15.5 0
      vertex 6.10205 -15.1051 0
    endloop
  endfacet
  facet normal 0 0 -1
    outer loop
      vertex 9 -17.1 0
      vertex 5.961 -16.2668 0
      vertex 6.10205 -15.8949 0
    endloop
  endfacet
  facet normal 0 0 -1
    outer loop
      vertex 8.72752 -18.235 0
      vertex 5.73504 -16.5942 0
      vertex 5.961 -16.2668 0
    endloop
  endfacet
  facet normal 0 0 -1
    outer loop
      vertex 6.89108 -19.5692 0
      vertex 5.43731 -16.8579 0
      vertex 5.73504 -16.5942 0
    endloop
  endfacet
  facet normal 0 0 -1
    outer loop
      vertex 6.5 -19.6 0
      vertex 5.0851 -17.0428 0
      vertex 5.43731 -16.8579 0
    endloop
  endfacet
  facet normal 0 0 -1
    outer loop
      vertex 6.5 -19.6 0
      vertex 4.69888 -17.138 0
      vertex 5.0851 -17.0428 0
    endloop
  endfacet
  facet normal 0 0 -1
    outer loop
      vertex 6.5 -19.6 0
      vertex 4.30112 -17.138 0
      vertex 4.69888 -17.138 0
    endloop
  endfacet
  facet normal 0 0 -1
    outer loop
      vertex 2.5 -19.6 0
      vertex 4.30112 -17.138 0
      vertex 6.5 -19.6 0
    endloop
  endfacet
  facet normal -0 0 -1
    outer loop
      vertex 4.30112 -17.138 0
      vertex 2.5 -19.6 0
      vertex 3.9149 -17.0428 0
    endloop
  endfacet
  facet normal -0 0 -1
    outer loop
      vertex 3.9149 -17.0428 0
      vertex 2.5 -19.6 0
      vertex 3.56269 -16.8579 0
    endloop
  endfacet
  facet normal 0 0 -1
    outer loop
      vertex 1.36502 -19.3275 0
      vertex 3.26496 -16.5942 0
      vertex 1.72746 -19.4776 0
    endloop
  endfacet
  facet normal 0 0 -1
    outer loop
      vertex 1.72746 -19.4776 0
      vertex 3.26496 -16.5942 0
      vertex 2.10892 -19.5692 0
    endloop
  endfacet
  facet normal -0 0 -1
    outer loop
      vertex 3.56269 -16.8579 0
      vertex 2.10892 -19.5692 0
      vertex 3.26496 -16.5942 0
    endloop
  endfacet
  facet normal 0 0 -1
    outer loop
      vertex 2.10892 -19.5692 0
      vertex 3.56269 -16.8579 0
      vertex 2.5 -19.6 0
    endloop
  endfacet
  facet normal 0 0 -1
    outer loop
      vertex 11 7.9 0
      vertex 8.20001 18.9256 0
      vertex 11 21 0
    endloop
  endfacet
  facet normal 0 0 -1
    outer loop
      vertex 6.10205 15.1051 0
      vertex 8.20001 18.9256 0
      vertex 11 7.9 0
    endloop
  endfacet
  facet normal 0 -0 -1
    outer loop
      vertex 6.15 15.5 0
      vertex 8.20001 18.9256 0
      vertex 6.10205 15.1051 0
    endloop
  endfacet
  facet normal 0 0 -1
    outer loop
      vertex 5.961 16.2668 0
      vertex 8.20001 18.9256 0
      vertex 6.10205 15.8949 0
    endloop
  endfacet
  facet normal 0 0 -1
    outer loop
      vertex 0 7.6 0
      vertex 11 7.9 0
      vertex 11.0938 7.6 0
    endloop
  endfacet
  facet normal 0 0 -1
    outer loop
      vertex 5.73504 16.5942 0
      vertex 8.20001 18.9256 0
      vertex 5.961 16.2668 0
    endloop
  endfacet
  facet normal -0 0 -1
    outer loop
      vertex 8.20001 18.9256 0
      vertex 5.73504 16.5942 0
      vertex 7.96947 19.1225 0
    endloop
  endfacet
  facet normal -0 0 -1
    outer loop
      vertex 7.96947 19.1225 0
      vertex 5.73504 16.5942 0
      vertex 7.63498 19.3275 0
    endloop
  endfacet
  facet normal 0 0 -1
    outer loop
      vertex 6.10205 15.8949 0
      vertex 8.20001 18.9256 0
      vertex 6.15 15.5 0
    endloop
  endfacet
  facet normal 0 0 -1
    outer loop
      vertex 11 7.9 0
      vertex 5.961 14.7332 0
      vertex 6.10205 15.1051 0
    endloop
  endfacet
  facet normal 0 0 -1
    outer loop
      vertex 11 7.9 0
      vertex 5.73504 14.4058 0
      vertex 5.961 14.7332 0
    endloop
  endfacet
  facet normal 0 0 -1
    outer loop
      vertex 11 7.9 0
      vertex 5.43731 14.1421 0
      vertex 5.73504 14.4058 0
    endloop
  endfacet
  facet normal 0 0 -1
    outer loop
      vertex 11 7.9 0
      vertex 5.0851 13.9572 0
      vertex 5.43731 14.1421 0
    endloop
  endfacet
  facet normal 0 0 -1
    outer loop
      vertex 11 7.9 0
      vertex 4.69888 13.862 0
      vertex 5.0851 13.9572 0
    endloop
  endfacet
  facet normal -0 0 -1
    outer loop
      vertex 11 7.9 0
      vertex 0 7.6 0
      vertex 4.69888 13.862 0
    endloop
  endfacet
  facet normal -0 0 -1
    outer loop
      vertex 4.69888 13.862 0
      vertex 0 7.6 0
      vertex 4.30112 13.862 0
    endloop
  endfacet
  facet normal -0 0 -1
    outer loop
      vertex 4.30112 13.862 0
      vertex 0 7.6 0
      vertex 3.9149 13.9572 0
    endloop
  endfacet
  facet normal 0 0 -1
    outer loop
      vertex 3.56269 16.8579 0
      vertex 2.10892 19.5692 0
      vertex 2.5 19.6 0
    endloop
  endfacet
  facet normal 0 0 -1
    outer loop
      vertex 0 17.1 0
      vertex 2.85 15.5 0
      vertex 2.89795 15.1051 0
    endloop
  endfacet
  facet normal 0 0 -1
    outer loop
      vertex 2.89795 15.8949 0
      vertex 1.72746 19.4776 0
      vertex 2.10892 19.5692 0
    endloop
  endfacet
  facet normal 0 0 -1
    outer loop
      vertex 2.89795 15.8949 0
      vertex 1.36502 19.3275 0
      vertex 1.72746 19.4776 0
    endloop
  endfacet
  facet normal 0 0 -1
    outer loop
      vertex 2.89795 15.8949 0
      vertex 1.03053 19.1225 0
      vertex 1.36502 19.3275 0
    endloop
  endfacet
  facet normal 0 0 -1
    outer loop
      vertex 0 13 0
      vertex 2.89795 15.1051 0
      vertex 3.039 14.7332 0
    endloop
  endfacet
  facet normal 0 0 -1
    outer loop
      vertex 2.89795 15.8949 0
      vertex 0.732239 18.8677 0
      vertex 1.03053 19.1225 0
    endloop
  endfacet
  facet normal 0 0 -1
    outer loop
      vertex 2.89795 15.8949 0
      vertex 0.477463 18.5695 0
      vertex 0.732239 18.8677 0
    endloop
  endfacet
  facet normal 0 0 -1
    outer loop
      vertex 2.89795 15.8949 0
      vertex 0.272476 18.235 0
      vertex 0.477463 18.5695 0
    endloop
  endfacet
  facet normal 0 0 -1
    outer loop
      vertex 0 13 0
      vertex 3.039 14.7332 0
      vertex 3.26496 14.4058 0
    endloop
  endfacet
  facet normal 0 0 -1
    outer loop
      vertex 2.89795 15.8949 0
      vertex 0 17.1 0
      vertex 0.030777 17.4911 0
    endloop
  endfacet
  facet normal 0 0 -1
    outer loop
      vertex 2.89795 15.8949 0
      vertex 0.12236 17.8725 0
      vertex 0.272476 18.235 0
    endloop
  endfacet
  facet normal 0 0 -1
    outer loop
      vertex 0 13 0
      vertex 3.9149 13.9572 0
      vertex 0 7.6 0
    endloop
  endfacet
  facet normal -0 0 -1
    outer loop
      vertex 3.9149 13.9572 0
      vertex 0 13 0
      vertex 3.56269 14.1421 0
    endloop
  endfacet
  facet normal -0 0 -1
    outer loop
      vertex 3.56269 14.1421 0
      vertex 0 13 0
      vertex 3.26496 14.4058 0
    endloop
  endfacet
  facet normal -0 0 -1
    outer loop
      vertex 2.89795 15.1051 0
      vertex 0 13 0
      vertex 0 17.1 0
    endloop
  endfacet
  facet normal 0 0 -1
    outer loop
      vertex 2.89795 15.8949 0
      vertex 0.030777 17.4911 0
      vertex 0.12236 17.8725 0
    endloop
  endfacet
  facet normal -0 0 -1
    outer loop
      vertex 11 21 0
      vertex 8.20001 18.9256 0
      vertex 8.20001 21 0
    endloop
  endfacet
  facet normal -0 0 -1
    outer loop
      vertex 7.63498 19.3275 0
      vertex 5.73504 16.5942 0
      vertex 7.27254 19.4776 0
    endloop
  endfacet
  facet normal -0 0 -1
    outer loop
      vertex 7.27254 19.4776 0
      vertex 5.73504 16.5942 0
      vertex 6.89108 19.5692 0
    endloop
  endfacet
  facet normal 0 0 -1
    outer loop
      vertex 5.43731 16.8579 0
      vertex 6.89108 19.5692 0
      vertex 5.73504 16.5942 0
    endloop
  endfacet
  facet normal -0 0 -1
    outer loop
      vertex 6.89108 19.5692 0
      vertex 5.43731 16.8579 0
      vertex 6.5 19.6 0
    endloop
  endfacet
  facet normal 0 0 -1
    outer loop
      vertex 5.0851 17.0428 0
      vertex 6.5 19.6 0
      vertex 5.43731 16.8579 0
    endloop
  endfacet
  facet normal 0 0 -1
    outer loop
      vertex 4.69888 17.138 0
      vertex 6.5 19.6 0
      vertex 5.0851 17.0428 0
    endloop
  endfacet
  facet normal 0 0 -1
    outer loop
      vertex 4.30112 17.138 0
      vertex 6.5 19.6 0
      vertex 4.69888 17.138 0
    endloop
  endfacet
  facet normal 0 0 -1
    outer loop
      vertex 2.5 19.6 0
      vertex 4.30112 17.138 0
      vertex 3.9149 17.0428 0
    endloop
  endfacet
  facet normal 0 0 -1
    outer loop
      vertex 2.5 19.6 0
      vertex 3.9149 17.0428 0
      vertex 3.56269 16.8579 0
    endloop
  endfacet
  facet normal 0 0 -1
    outer loop
      vertex 2.10892 19.5692 0
      vertex 3.56269 16.8579 0
      vertex 3.26496 16.5942 0
    endloop
  endfacet
  facet normal 0 0 -1
    outer loop
      vertex 4.30112 17.138 0
      vertex 2.5 19.6 0
      vertex 6.5 19.6 0
    endloop
  endfacet
  facet normal 0 0 -1
    outer loop
      vertex 2.10892 19.5692 0
      vertex 3.26496 16.5942 0
      vertex 3.039 16.2668 0
    endloop
  endfacet
  facet normal 0 0 -1
    outer loop
      vertex 2.10892 19.5692 0
      vertex 3.039 16.2668 0
      vertex 2.89795 15.8949 0
    endloop
  endfacet
  facet normal 0 0 -1
    outer loop
      vertex 0 17.1 0
      vertex 2.89795 15.8949 0
      vertex 2.85 15.5 0
    endloop
  endfacet
  facet normal 0 0 -1
    outer loop
      vertex -1.4 5.09616 0
      vertex 0 7.6 0
      vertex 0 3 0
    endloop
  endfacet
  facet normal 0 0 -1
    outer loop
      vertex -1.4 5.09616 0
      vertex 0 3 0
      vertex -1.4 3 0
    endloop
  endfacet
  facet normal 0 0 -1
    outer loop
      vertex -3.2 5.09616 0
      vertex 0 7.6 0
      vertex -1.4 5.09616 0
    endloop
  endfacet
  facet normal -0 0 -1
    outer loop
      vertex 0 7.6 0
      vertex -3.2 5.09616 0
      vertex -3.2 13 0
    endloop
  endfacet
  facet normal 0 0 -1
    outer loop
      vertex 0 7.6 0
      vertex -3.2 13 0
      vertex 0 13 0
    endloop
  endfacet
  facet normal 0 0.98883 0.149047
    outer loop
      vertex 0 -1.24224 17.1168
      vertex -3.2 -1.3 17.5
      vertex 0 -1.3 17.5
    endloop
  endfacet
  facet normal 0 0.98883 0.149047
    outer loop
      vertex -3.2 -1.3 17.5
      vertex 0 -1.24224 17.1168
      vertex -3.2 -1.24224 17.1168
    endloop
  endfacet
  facet normal 0 -1 0
    outer loop
      vertex -3.2 1.28548 17.3062
      vertex 0 1.28548 17.6938
      vertex -3.2 1.28548 17.6938
    endloop
  endfacet
  facet normal 0 -1 -0
    outer loop
      vertex 0 1.28548 17.6938
      vertex -3.2 1.28548 17.3062
      vertex 0 1.28548 17.3062
    endloop
  endfacet
  facet normal 0 -0.0748363 0.997196
    outer loop
      vertex -3.2 0.289277 16.2326
      vertex 0 -0.0971489 16.2036
      vertex 0 0.289277 16.2326
    endloop
  endfacet
  facet normal 0 -0.0748363 0.997196
    outer loop
      vertex 0 -0.0971489 16.2036
      vertex -3.2 0.289277 16.2326
      vertex -3.2 -0.0971489 16.2036
    endloop
  endfacet
  facet normal 0 -0.0748363 -0.997196
    outer loop
      vertex -3.2 -0.0971489 18.7964
      vertex 0 0.289277 18.7674
      vertex 0 -0.0971489 18.7964
    endloop
  endfacet
  facet normal -0 -0.0748363 -0.997196
    outer loop
      vertex 0 0.289277 18.7674
      vertex -3.2 -0.0971489 18.7964
      vertex -3.2 0.289277 18.7674
    endloop
  endfacet
  facet normal 0 0.222695 -0.974888
    outer loop
      vertex -3.2 -0.474943 18.7101
      vertex 0 -0.0971489 18.7964
      vertex 0 -0.474943 18.7101
    endloop
  endfacet
  facet normal 0 0.222695 -0.974888
    outer loop
      vertex 0 -0.0971489 18.7964
      vertex -3.2 -0.474943 18.7101
      vertex -3.2 -0.0971489 18.7964
    endloop
  endfacet
  facet normal 0 -0.623477 -0.781842
    outer loop
      vertex -3.2 0.65 18.6258
      vertex 0 0.952967 18.3842
      vertex 0 0.65 18.6258
    endloop
  endfacet
  facet normal -0 -0.623477 -0.781842
    outer loop
      vertex 0 0.952967 18.3842
      vertex -3.2 0.65 18.6258
      vertex -3.2 0.952967 18.3842
    endloop
  endfacet
  facet normal -0 0.499894 0.866087
    outer loop
      vertex -3.2 -0.474943 16.2899
      vertex 0 -0.810536 16.4836
      vertex 0 -0.474943 16.2899
    endloop
  endfacet
  facet normal 0 0.499894 0.866087
    outer loop
      vertex 0 -0.810536 16.4836
      vertex -3.2 -0.474943 16.2899
      vertex -3.2 -0.810536 16.4836
    endloop
  endfacet
  facet normal 0 0.900956 0.43391
    outer loop
      vertex 0 -1.07411 16.7677
      vertex -3.2 -1.24224 17.1168
      vertex 0 -1.24224 17.1168
    endloop
  endfacet
  facet normal 0 0.900956 0.43391
    outer loop
      vertex -3.2 -1.24224 17.1168
      vertex 0 -1.07411 16.7677
      vertex -3.2 -1.07411 16.7677
    endloop
  endfacet
  facet normal -0 0.222695 0.974888
    outer loop
      vertex -3.2 -0.0971489 16.2036
      vertex 0 -0.474943 16.2899
      vertex 0 -0.0971489 16.2036
    endloop
  endfacet
  facet normal 0 0.222695 0.974888
    outer loop
      vertex 0 -0.474943 16.2899
      vertex -3.2 -0.0971489 16.2036
      vertex -3.2 -0.474943 16.2899
    endloop
  endfacet
  facet normal 0 -0.826258 0.563292
    outer loop
      vertex -3.2 0.952967 16.6158
      vertex 0 1.17126 16.936
      vertex -3.2 1.17126 16.936
    endloop
  endfacet
  facet normal 0 -0.826258 0.563292
    outer loop
      vertex 0 1.17126 16.936
      vertex -3.2 0.952967 16.6158
      vertex 0 0.952967 16.6158
    endloop
  endfacet
  facet normal 0 -0.955552 0.294822
    outer loop
      vertex -3.2 1.17126 16.936
      vertex 0 1.28548 17.3062
      vertex -3.2 1.28548 17.3062
    endloop
  endfacet
  facet normal 0 -0.955552 0.294822
    outer loop
      vertex 0 1.28548 17.3062
      vertex -3.2 1.17126 16.936
      vertex 0 1.17126 16.936
    endloop
  endfacet
  facet normal 0 -0.365401 0.93085
    outer loop
      vertex -3.2 0.65 16.3742
      vertex 0 0.289277 16.2326
      vertex 0 0.65 16.3742
    endloop
  endfacet
  facet normal 0 -0.365401 0.93085
    outer loop
      vertex 0 0.289277 16.2326
      vertex -3.2 0.65 16.3742
      vertex -3.2 0.289277 16.2326
    endloop
  endfacet
  facet normal 0 -0.365401 -0.93085
    outer loop
      vertex -3.2 0.289277 18.7674
      vertex 0 0.65 18.6258
      vertex 0 0.289277 18.7674
    endloop
  endfacet
  facet normal -0 -0.365401 -0.93085
    outer loop
      vertex 0 0.65 18.6258
      vertex -3.2 0.289277 18.7674
      vertex -3.2 0.65 18.6258
    endloop
  endfacet
  facet normal 0 -0.955552 -0.294822
    outer loop
      vertex -3.2 1.28548 17.6938
      vertex 0 1.17126 18.064
      vertex -3.2 1.17126 18.064
    endloop
  endfacet
  facet normal 0 -0.955552 -0.294822
    outer loop
      vertex 0 1.17126 18.064
      vertex -3.2 1.28548 17.6938
      vertex 0 1.28548 17.6938
    endloop
  endfacet
  facet normal 0 0.733093 0.680128
    outer loop
      vertex 0 -0.810536 16.4836
      vertex -3.2 -1.07411 16.7677
      vertex 0 -1.07411 16.7677
    endloop
  endfacet
  facet normal 0 0.733093 0.680128
    outer loop
      vertex -3.2 -1.07411 16.7677
      vertex 0 -0.810536 16.4836
      vertex -3.2 -0.810536 16.4836
    endloop
  endfacet
  facet normal 0 -0.623477 0.781842
    outer loop
      vertex -3.2 0.952967 16.6158
      vertex 0 0.65 16.3742
      vertex 0 0.952967 16.6158
    endloop
  endfacet
  facet normal 0 -0.623477 0.781842
    outer loop
      vertex 0 0.65 16.3742
      vertex -3.2 0.952967 16.6158
      vertex -3.2 0.65 16.3742
    endloop
  endfacet
  facet normal 0 0.98883 -0.149047
    outer loop
      vertex 0 -1.3 17.5
      vertex -3.2 -1.24224 17.8832
      vertex 0 -1.24224 17.8832
    endloop
  endfacet
  facet normal 0 0.98883 -0.149047
    outer loop
      vertex -3.2 -1.24224 17.8832
      vertex 0 -1.3 17.5
      vertex -3.2 -1.3 17.5
    endloop
  endfacet
  facet normal 0 0.900956 -0.43391
    outer loop
      vertex 0 -1.24224 17.8832
      vertex -3.2 -1.07411 18.2323
      vertex 0 -1.07411 18.2323
    endloop
  endfacet
  facet normal 0 0.900956 -0.43391
    outer loop
      vertex -3.2 -1.07411 18.2323
      vertex 0 -1.24224 17.8832
      vertex -3.2 -1.24224 17.8832
    endloop
  endfacet
  facet normal 0 -0.826258 -0.563292
    outer loop
      vertex -3.2 1.17126 18.064
      vertex 0 0.952967 18.3842
      vertex -3.2 0.952967 18.3842
    endloop
  endfacet
  facet normal 0 -0.826258 -0.563292
    outer loop
      vertex 0 0.952967 18.3842
      vertex -3.2 1.17126 18.064
      vertex 0 1.17126 18.064
    endloop
  endfacet
  facet normal 0 0.499894 -0.866087
    outer loop
      vertex -3.2 -0.810536 18.5164
      vertex 0 -0.474943 18.7101
      vertex 0 -0.810536 18.5164
    endloop
  endfacet
  facet normal 0 0.499894 -0.866087
    outer loop
      vertex 0 -0.474943 18.7101
      vertex -3.2 -0.810536 18.5164
      vertex -3.2 -0.474943 18.7101
    endloop
  endfacet
  facet normal 0 0.733093 -0.680128
    outer loop
      vertex 0 -1.07411 18.2323
      vertex -3.2 -0.810536 18.5164
      vertex 0 -0.810536 18.5164
    endloop
  endfacet
  facet normal 0 0.733093 -0.680128
    outer loop
      vertex -3.2 -0.810536 18.5164
      vertex 0 -1.07411 18.2323
      vertex -3.2 -1.07411 18.2323
    endloop
  endfacet
  facet normal 0 -0.0654149 -0.997858
    outer loop
      vertex -1.4 0 3
      vertex 0 0.391578 2.97433
      vertex 0 0 3
    endloop
  endfacet
  facet normal -0 -0.0654149 -0.997858
    outer loop
      vertex 0 0.391578 2.97433
      vertex -1.4 0 3
      vertex -1.4 0.391578 2.97433
    endloop
  endfacet
  facet normal 0 -0.751844 -0.659341
    outer loop
      vertex -1.4 2.38006 1.82628
      vertex 0 2.12132 2.12132
      vertex -1.4 2.12132 2.12132
    endloop
  endfacet
  facet normal 0 -0.751844 -0.659341
    outer loop
      vertex 0 2.12132 2.12132
      vertex -1.4 2.38006 1.82628
      vertex 0 2.38006 1.82628
    endloop
  endfacet
  facet normal 0 -0.946929 -0.321442
    outer loop
      vertex -1.4 2.89778 0.776457
      vertex 0 2.77164 1.14805
      vertex -1.4 2.77164 1.14805
    endloop
  endfacet
  facet normal 0 -0.946929 -0.321442
    outer loop
      vertex 0 2.77164 1.14805
      vertex -1.4 2.89778 0.776457
      vertex 0 2.89778 0.776457
    endloop
  endfacet
  facet normal 0 0.442283 -0.896875
    outer loop
      vertex -1.4 -1.5 2.59808
      vertex 0 -1.14805 2.77164
      vertex 0 -1.5 2.59808
    endloop
  endfacet
  facet normal 0 0.442283 -0.896875
    outer loop
      vertex 0 -1.14805 2.77164
      vertex -1.4 -1.5 2.59808
      vertex -1.4 -1.14805 2.77164
    endloop
  endfacet
  facet normal 0 0.946929 -0.321442
    outer loop
      vertex 0 -2.89778 0.776457
      vertex -1.4 -2.77164 1.14805
      vertex 0 -2.77164 1.14805
    endloop
  endfacet
  facet normal 0 0.946929 -0.321442
    outer loop
      vertex -1.4 -2.77164 1.14805
      vertex 0 -2.89778 0.776457
      vertex -1.4 -2.89778 0.776457
    endloop
  endfacet
  facet normal 0 -0.442283 -0.896875
    outer loop
      vertex -1.4 1.14805 2.77164
      vertex 0 1.5 2.59808
      vertex 0 1.14805 2.77164
    endloop
  endfacet
  facet normal -0 -0.442283 -0.896875
    outer loop
      vertex 0 1.5 2.59808
      vertex -1.4 1.14805 2.77164
      vertex -1.4 1.5 2.59808
    endloop
  endfacet
  facet normal 0 -0.321442 -0.946929
    outer loop
      vertex -1.4 0.776457 2.89778
      vertex 0 1.14805 2.77164
      vertex 0 0.776457 2.89778
    endloop
  endfacet
  facet normal -0 -0.321442 -0.946929
    outer loop
      vertex 0 1.14805 2.77164
      vertex -1.4 0.776457 2.89778
      vertex -1.4 1.14805 2.77164
    endloop
  endfacet
  facet normal 0 -0.896875 -0.442283
    outer loop
      vertex -1.4 2.77164 1.14805
      vertex 0 2.59808 1.5
      vertex -1.4 2.59808 1.5
    endloop
  endfacet
  facet normal 0 -0.896875 -0.442283
    outer loop
      vertex 0 2.59808 1.5
      vertex -1.4 2.77164 1.14805
      vertex 0 2.77164 1.14805
    endloop
  endfacet
  facet normal 0 -0.980789 -0.195073
    outer loop
      vertex -1.4 2.97433 0.391578
      vertex 0 2.89778 0.776457
      vertex -1.4 2.89778 0.776457
    endloop
  endfacet
  facet normal 0 -0.980789 -0.195073
    outer loop
      vertex 0 2.89778 0.776457
      vertex -1.4 2.97433 0.391578
      vertex 0 2.97433 0.391578
    endloop
  endfacet
  facet normal 0 0.0654149 -0.997858
    outer loop
      vertex -1.4 -0.391578 2.97433
      vertex 0 0 3
      vertex 0 -0.391578 2.97433
    endloop
  endfacet
  facet normal 0 0.0654149 -0.997858
    outer loop
      vertex 0 0 3
      vertex -1.4 -0.391578 2.97433
      vertex -1.4 0 3
    endloop
  endfacet
  facet normal 0 0.321442 -0.946929
    outer loop
      vertex -1.4 -1.14805 2.77164
      vertex 0 -0.776457 2.89778
      vertex 0 -1.14805 2.77164
    endloop
  endfacet
  facet normal 0 0.321442 -0.946929
    outer loop
      vertex 0 -0.776457 2.89778
      vertex -1.4 -1.14805 2.77164
      vertex -1.4 -0.776457 2.89778
    endloop
  endfacet
  facet normal 0 0.555582 -0.831462
    outer loop
      vertex -1.4 -1.82628 2.38006
      vertex 0 -1.5 2.59808
      vertex 0 -1.82628 2.38006
    endloop
  endfacet
  facet normal 0 0.555582 -0.831462
    outer loop
      vertex 0 -1.5 2.59808
      vertex -1.4 -1.82628 2.38006
      vertex -1.4 -1.5 2.59808
    endloop
  endfacet
  facet normal 0 0.751844 -0.659341
    outer loop
      vertex 0 -2.38006 1.82628
      vertex -1.4 -2.12132 2.12132
      vertex 0 -2.12132 2.12132
    endloop
  endfacet
  facet normal 0 0.751844 -0.659341
    outer loop
      vertex -1.4 -2.12132 2.12132
      vertex 0 -2.38006 1.82628
      vertex -1.4 -2.38006 1.82628
    endloop
  endfacet
  facet normal 0 0.896875 -0.442283
    outer loop
      vertex 0 -2.77164 1.14805
      vertex -1.4 -2.59808 1.5
      vertex 0 -2.59808 1.5
    endloop
  endfacet
  facet normal 0 0.896875 -0.442283
    outer loop
      vertex -1.4 -2.59808 1.5
      vertex 0 -2.77164 1.14805
      vertex -1.4 -2.77164 1.14805
    endloop
  endfacet
  facet normal 0 -0.555582 -0.831462
    outer loop
      vertex -1.4 1.5 2.59808
      vertex 0 1.82628 2.38006
      vertex 0 1.5 2.59808
    endloop
  endfacet
  facet normal -0 -0.555582 -0.831462
    outer loop
      vertex 0 1.82628 2.38006
      vertex -1.4 1.5 2.59808
      vertex -1.4 1.82628 2.38006
    endloop
  endfacet
  facet normal 0 -0.659341 -0.751844
    outer loop
      vertex -1.4 1.82628 2.38006
      vertex 0 2.12132 2.12132
      vertex 0 1.82628 2.38006
    endloop
  endfacet
  facet normal -0 -0.659341 -0.751844
    outer loop
      vertex 0 2.12132 2.12132
      vertex -1.4 1.82628 2.38006
      vertex -1.4 2.12132 2.12132
    endloop
  endfacet
  facet normal 0 -0.195073 -0.980789
    outer loop
      vertex -1.4 0.391578 2.97433
      vertex 0 0.776457 2.89778
      vertex 0 0.391578 2.97433
    endloop
  endfacet
  facet normal -0 -0.195073 -0.980789
    outer loop
      vertex 0 0.776457 2.89778
      vertex -1.4 0.391578 2.97433
      vertex -1.4 0.776457 2.89778
    endloop
  endfacet
  facet normal 0 -0.831462 -0.555582
    outer loop
      vertex -1.4 2.59808 1.5
      vertex 0 2.38006 1.82628
      vertex -1.4 2.38006 1.82628
    endloop
  endfacet
  facet normal 0 -0.831462 -0.555582
    outer loop
      vertex 0 2.38006 1.82628
      vertex -1.4 2.59808 1.5
      vertex 0 2.59808 1.5
    endloop
  endfacet
  facet normal 0 -0.997858 -0.0654149
    outer loop
      vertex -1.4 3 0
      vertex 0 2.97433 0.391578
      vertex -1.4 2.97433 0.391578
    endloop
  endfacet
  facet normal 0 -0.997858 -0.0654149
    outer loop
      vertex 0 2.97433 0.391578
      vertex -1.4 3 0
      vertex 0 3 0
    endloop
  endfacet
  facet normal 0 0.195073 -0.980789
    outer loop
      vertex -1.4 -0.776457 2.89778
      vertex 0 -0.391578 2.97433
      vertex 0 -0.776457 2.89778
    endloop
  endfacet
  facet normal 0 0.195073 -0.980789
    outer loop
      vertex 0 -0.391578 2.97433
      vertex -1.4 -0.776457 2.89778
      vertex -1.4 -0.391578 2.97433
    endloop
  endfacet
  facet normal 0 0.659341 -0.751844
    outer loop
      vertex -1.4 -2.12132 2.12132
      vertex 0 -1.82628 2.38006
      vertex 0 -2.12132 2.12132
    endloop
  endfacet
  facet normal 0 0.659341 -0.751844
    outer loop
      vertex 0 -1.82628 2.38006
      vertex -1.4 -2.12132 2.12132
      vertex -1.4 -1.82628 2.38006
    endloop
  endfacet
  facet normal 0 0.831462 -0.555582
    outer loop
      vertex 0 -2.59808 1.5
      vertex -1.4 -2.38006 1.82628
      vertex 0 -2.38006 1.82628
    endloop
  endfacet
  facet normal 0 0.831462 -0.555582
    outer loop
      vertex -1.4 -2.38006 1.82628
      vertex 0 -2.59808 1.5
      vertex -1.4 -2.59808 1.5
    endloop
  endfacet
  facet normal 0 0.980789 -0.195073
    outer loop
      vertex 0 -2.97433 0.391578
      vertex -1.4 -2.89778 0.776457
      vertex 0 -2.89778 0.776457
    endloop
  endfacet
  facet normal 0 0.980789 -0.195073
    outer loop
      vertex -1.4 -2.89778 0.776457
      vertex 0 -2.97433 0.391578
      vertex -1.4 -2.97433 0.391578
    endloop
  endfacet
  facet normal 0 0.997858 -0.0654149
    outer loop
      vertex 0 -3 0
      vertex -1.4 -2.97433 0.391578
      vertex 0 -2.97433 0.391578
    endloop
  endfacet
  facet normal 0 0.997858 -0.0654149
    outer loop
      vertex -1.4 -2.97433 0.391578
      vertex 0 -3 0
      vertex -1.4 -3 0
    endloop
  endfacet
  facet normal 0 -1 0
    outer loop
      vertex -3.2 5.09616 0
      vertex -1.4 5.09616 0.197754
      vertex -3.2 5.09616 0.197754
    endloop
  endfacet
  facet normal 0 -1 -0
    outer loop
      vertex -1.4 5.09616 0.197754
      vertex -3.2 5.09616 0
      vertex -1.4 5.09616 0
    endloop
  endfacet
  facet normal 0 -0.0193928 -0.999812
    outer loop
      vertex -3.2 -0.0988951 5.09904
      vertex -1.4 0.296538 5.09137
      vertex -1.4 -0.0988951 5.09904
    endloop
  endfacet
  facet normal -0 -0.0193928 -0.999812
    outer loop
      vertex -1.4 0.296538 5.09137
      vertex -3.2 -0.0988951 5.09904
      vertex -3.2 0.296538 5.09137
    endloop
  endfacet
  facet normal 0 -0.713938 -0.700209
    outer loop
      vertex -3.2 3.77677 3.42724
      vertex -1.4 3.49983 3.70961
      vertex -3.2 3.49983 3.70961
    endloop
  endfacet
  facet normal 0 -0.713938 -0.700209
    outer loop
      vertex -1.4 3.49983 3.70961
      vertex -3.2 3.77677 3.42724
      vertex -1.4 3.77677 3.42724
    endloop
  endfacet
  facet normal 0 -0.925724 -0.378199
    outer loop
      vertex -3.2 4.79243 1.7443
      vertex -1.4 4.64285 2.11043
      vertex -3.2 4.64285 2.11043
    endloop
  endfacet
  facet normal 0 -0.925724 -0.378199
    outer loop
      vertex -1.4 4.64285 2.11043
      vertex -3.2 4.79243 1.7443
      vertex -1.4 4.79243 1.7443
    endloop
  endfacet
  facet normal 0 -0.396097 -0.918209
    outer loop
      vertex -3.2 1.83691 4.75771
      vertex -1.4 2.20007 4.60105
      vertex -1.4 1.83691 4.75771
    endloop
  endfacet
  facet normal -0 -0.396097 -0.918209
    outer loop
      vertex -1.4 2.20007 4.60105
      vertex -3.2 1.83691 4.75771
      vertex -3.2 2.20007 4.60105
    endloop
  endfacet
  facet normal 0 -0.987987 -0.154535
    outer loop
      vertex -3.2 5.06552 0.592073
      vertex -1.4 5.0044 0.982832
      vertex -3.2 5.0044 0.982832
    endloop
  endfacet
  facet normal 0 -0.987987 -0.154535
    outer loop
      vertex -1.4 5.0044 0.982832
      vertex -3.2 5.06552 0.592073
      vertex -1.4 5.06552 0.592073
    endloop
  endfacet
  facet normal 0 0.13532 -0.990802
    outer loop
      vertex -3.2 -0.885605 5.02252
      vertex -1.4 -0.493735 5.07604
      vertex -1.4 -0.885605 5.02252
    endloop
  endfacet
  facet normal 0 0.13532 -0.990802
    outer loop
      vertex -1.4 -0.493735 5.07604
      vertex -3.2 -0.885605 5.02252
      vertex -3.2 -0.493735 5.07604
    endloop
  endfacet
  facet normal 0 0.0581529 -0.998308
    outer loop
      vertex -3.2 -0.493735 5.07604
      vertex -1.4 -0.0988951 5.09904
      vertex -1.4 -0.493735 5.07604
    endloop
  endfacet
  facet normal 0 0.0581529 -0.998308
    outer loop
      vertex -1.4 -0.0988951 5.09904
      vertex -3.2 -0.493735 5.07604
      vertex -3.2 -0.0988951 5.09904
    endloop
  endfacet
  facet normal 0 0.431397 -0.902162
    outer loop
      vertex -3.2 -2.37682 4.51228
      vertex -1.4 -2.02001 4.6829
      vertex -1.4 -2.37682 4.51228
    endloop
  endfacet
  facet normal 0 0.431397 -0.902162
    outer loop
      vertex -1.4 -2.02001 4.6829
      vertex -3.2 -2.37682 4.51228
      vertex -3.2 -2.02001 4.6829
    endloop
  endfacet
  facet normal 0 0.286798 -0.957991
    outer loop
      vertex -3.2 -1.65104 4.82536
      vertex -1.4 -1.27215 4.93879
      vertex -1.4 -1.65104 4.82536
    endloop
  endfacet
  facet normal 0 0.286798 -0.957991
    outer loop
      vertex -1.4 -1.27215 4.93879
      vertex -3.2 -1.65104 4.82536
      vertex -3.2 -1.27215 4.93879
    endloop
  endfacet
  facet normal 0 0.62782 -0.778359
    outer loop
      vertex -3.2 -3.35336 3.84252
      vertex -1.4 -3.04551 4.09083
      vertex -1.4 -3.35336 3.84252
    endloop
  endfacet
  facet normal 0 0.62782 -0.778359
    outer loop
      vertex -1.4 -3.04551 4.09083
      vertex -3.2 -3.35336 3.84252
      vertex -3.2 -3.04551 4.09083
    endloop
  endfacet
  facet normal 0 0.740536 -0.672017
    outer loop
      vertex -1.4 -3.90683 3.27822
      vertex -3.2 -3.64104 3.57111
      vertex -1.4 -3.64104 3.57111
    endloop
  endfacet
  facet normal 0 0.740536 -0.672017
    outer loop
      vertex -3.2 -3.64104 3.57111
      vertex -1.4 -3.90683 3.27822
      vertex -3.2 -3.90683 3.27822
    endloop
  endfacet
  facet normal 0 0.499992 -0.86603
    outer loop
      vertex -3.2 -2.71934 4.31453
      vertex -1.4 -2.37682 4.51228
      vertex -1.4 -2.71934 4.31453
    endloop
  endfacet
  facet normal 0 0.499992 -0.86603
    outer loop
      vertex -1.4 -2.37682 4.51228
      vertex -3.2 -2.71934 4.31453
      vertex -3.2 -2.37682 4.51228
    endloop
  endfacet
  facet normal 0 0.835481 -0.54952
    outer loop
      vertex -1.4 -4.36645 2.63517
      vertex -3.2 -4.14911 2.96561
      vertex -1.4 -4.14911 2.96561
    endloop
  endfacet
  facet normal 0 0.835481 -0.54952
    outer loop
      vertex -3.2 -4.14911 2.96561
      vertex -1.4 -4.36645 2.63517
      vertex -3.2 -4.36645 2.63517
    endloop
  endfacet
  facet normal 0 0.790406 -0.612583
    outer loop
      vertex -1.4 -4.14911 2.96561
      vertex -3.2 -3.90683 3.27822
      vertex -1.4 -3.90683 3.27822
    endloop
  endfacet
  facet normal 0 0.790406 -0.612583
    outer loop
      vertex -3.2 -3.90683 3.27822
      vertex -1.4 -4.14911 2.96561
      vertex -3.2 -4.14911 2.96561
    endloop
  endfacet
  facet normal 0 0.91037 -0.413795
    outer loop
      vertex -1.4 -4.72119 1.92882
      vertex -3.2 -4.55753 2.28888
      vertex -1.4 -4.55753 2.28888
    endloop
  endfacet
  facet normal 0 0.91037 -0.413795
    outer loop
      vertex -3.2 -4.55753 2.28888
      vertex -1.4 -4.72119 1.92882
      vertex -3.2 -4.72119 1.92882
    endloop
  endfacet
  facet normal 0 0.963367 -0.268186
    outer loop
      vertex -1.4 -4.96253 1.17614
      vertex -3.2 -4.85646 1.55716
      vertex -1.4 -4.85646 1.55716
    endloop
  endfacet
  facet normal 0 0.963367 -0.268186
    outer loop
      vertex -3.2 -4.85646 1.55716
      vertex -1.4 -4.96253 1.17614
      vertex -3.2 -4.96253 1.17614
    endloop
  endfacet
  facet normal 0 0.99324 -0.116079
    outer loop
      vertex -1.4 -5.08466 0.395211
      vertex -3.2 -5.03875 0.788045
      vertex -1.4 -5.03875 0.788045
    endloop
  endfacet
  facet normal 0 0.99324 -0.116079
    outer loop
      vertex -3.2 -5.03875 0.788045
      vertex -1.4 -5.08466 0.395211
      vertex -3.2 -5.08466 0.395211
    endloop
  endfacet
  facet normal 0 -0.249425 -0.968394
    outer loop
      vertex -3.2 1.07969 4.9844
      vertex -1.4 1.4627 4.88575
      vertex -1.4 1.07969 4.9844
    endloop
  endfacet
  facet normal -0 -0.249425 -0.968394
    outer loop
      vertex -1.4 1.4627 4.88575
      vertex -3.2 1.07969 4.9844
      vertex -3.2 1.4627 4.88575
    endloop
  endfacet
  facet normal 0 -0.597152 -0.802128
    outer loop
      vertex -3.2 2.88459 4.20584
      vertex -1.4 3.20184 3.96966
      vertex -1.4 2.88459 4.20584
    endloop
  endfacet
  facet normal -0 -0.597152 -0.802128
    outer loop
      vertex -1.4 3.20184 3.96966
      vertex -3.2 2.88459 4.20584
      vertex -3.2 3.20184 3.96966
    endloop
  endfacet
  facet normal 0 -0.657514 -0.753442
    outer loop
      vertex -3.2 3.20184 3.96966
      vertex -1.4 3.49983 3.70961
      vertex -1.4 3.20184 3.96966
    endloop
  endfacet
  facet normal -0 -0.657514 -0.753442
    outer loop
      vertex -1.4 3.49983 3.70961
      vertex -3.2 3.20184 3.96966
      vertex -3.2 3.49983 3.70961
    endloop
  endfacet
  facet normal 0 -0.323735 -0.946148
    outer loop
      vertex -3.2 1.4627 4.88575
      vertex -1.4 1.83691 4.75771
      vertex -1.4 1.4627 4.88575
    endloop
  endfacet
  facet normal -0 -0.323735 -0.946148
    outer loop
      vertex -1.4 1.83691 4.75771
      vertex -3.2 1.4627 4.88575
      vertex -3.2 1.83691 4.75771
    endloop
  endfacet
  facet normal 0 -0.173649 -0.984808
    outer loop
      vertex -3.2 0.690189 5.05308
      vertex -1.4 1.07969 4.9844
      vertex -1.4 0.690189 5.05308
    endloop
  endfacet
  facet normal -0 -0.173649 -0.984808
    outer loop
      vertex -1.4 1.07969 4.9844
      vertex -3.2 0.690189 5.05308
      vertex -3.2 1.07969 4.9844
    endloop
  endfacet
  facet normal -1 0 0
    outer loop
      vertex -1.4 3 0
      vertex -1.4 5.09616 0.197754
      vertex -1.4 5.09616 0
    endloop
  endfacet
  facet normal -1 0 0
    outer loop
      vertex -1.4 2.97433 0.391578
      vertex -1.4 5.09616 0.197754
      vertex -1.4 3 0
    endloop
  endfacet
  facet normal -1 -0 0
    outer loop
      vertex -1.4 5.06552 0.592073
      vertex -1.4 2.97433 0.391578
      vertex -1.4 5.0044 0.982832
    endloop
  endfacet
  facet normal -1 0 0
    outer loop
      vertex -1.4 2.89778 0.776457
      vertex -1.4 5.0044 0.982832
      vertex -1.4 2.97433 0.391578
    endloop
  endfacet
  facet normal -1 -0 0
    outer loop
      vertex -1.4 5.0044 0.982832
      vertex -1.4 2.89778 0.776457
      vertex -1.4 4.91319 1.36768
    endloop
  endfacet
  facet normal -1 0 0
    outer loop
      vertex -1.4 2.77164 1.14805
      vertex -1.4 4.79243 1.7443
      vertex -1.4 2.89778 0.776457
    endloop
  endfacet
  facet normal -1 -0 0
    outer loop
      vertex -1.4 4.79243 1.7443
      vertex -1.4 2.77164 1.14805
      vertex -1.4 4.64285 2.11043
    endloop
  endfacet
  facet normal -1 0 0
    outer loop
      vertex -1.4 2.59808 1.5
      vertex -1.4 4.64285 2.11043
      vertex -1.4 2.77164 1.14805
    endloop
  endfacet
  facet normal -1 -0 0
    outer loop
      vertex -1.4 4.46535 2.46387
      vertex -1.4 2.59808 1.5
      vertex -1.4 4.26099 2.8025
    endloop
  endfacet
  facet normal -1 0 0
    outer loop
      vertex -1.4 2.38006 1.82628
      vertex -1.4 4.26099 2.8025
      vertex -1.4 2.59808 1.5
    endloop
  endfacet
  facet normal -1 -0 0
    outer loop
      vertex -1.4 4.26099 2.8025
      vertex -1.4 2.38006 1.82628
      vertex -1.4 4.031 3.12426
    endloop
  endfacet
  facet normal -1 0 0
    outer loop
      vertex -1.4 5.09616 0.197754
      vertex -1.4 2.97433 0.391578
      vertex -1.4 5.06552 0.592073
    endloop
  endfacet
  facet normal -1 -0 0
    outer loop
      vertex -1.4 4.91319 1.36768
      vertex -1.4 2.89778 0.776457
      vertex -1.4 4.79243 1.7443
    endloop
  endfacet
  facet normal -1 -0 0
    outer loop
      vertex -1.4 4.64285 2.11043
      vertex -1.4 2.59808 1.5
      vertex -1.4 4.46535 2.46387
    endloop
  endfacet
  facet normal -1 -0 0
    outer loop
      vertex -1.4 4.031 3.12426
      vertex -1.4 2.38006 1.82628
      vertex -1.4 3.77677 3.42724
    endloop
  endfacet
  facet normal -1 0 0
    outer loop
      vertex -1.4 2.12132 2.12132
      vertex -1.4 3.77677 3.42724
      vertex -1.4 2.38006 1.82628
    endloop
  endfacet
  facet normal -1 -0 0
    outer loop
      vertex -1.4 3.77677 3.42724
      vertex -1.4 2.12132 2.12132
      vertex -1.4 3.49983 3.70961
    endloop
  endfacet
  facet normal -1 -0 0
    outer loop
      vertex -1.4 3.49983 3.70961
      vertex -1.4 2.12132 2.12132
      vertex -1.4 3.20184 3.96966
    endloop
  endfacet
  facet normal -1 0 0
    outer loop
      vertex -1.4 1.82628 2.38006
      vertex -1.4 3.20184 3.96966
      vertex -1.4 2.12132 2.12132
    endloop
  endfacet
  facet normal -1 -0 0
    outer loop
      vertex -1.4 3.20184 3.96966
      vertex -1.4 1.82628 2.38006
      vertex -1.4 2.88459 4.20584
    endloop
  endfacet
  facet normal -1 0 0
    outer loop
      vertex -1.4 1.5 2.59808
      vertex -1.4 2.88459 4.20584
      vertex -1.4 1.82628 2.38006
    endloop
  endfacet
  facet normal -1 -0 0
    outer loop
      vertex -1.4 2.88459 4.20584
      vertex -1.4 1.5 2.59808
      vertex -1.4 2.55 4.41673
    endloop
  endfacet
  facet normal -1 -0 0
    outer loop
      vertex -1.4 2.55 4.41673
      vertex -1.4 1.5 2.59808
      vertex -1.4 2.20007 4.60105
    endloop
  endfacet
  facet normal -1 0 0
    outer loop
      vertex -1.4 1.14805 2.77164
      vertex -1.4 2.20007 4.60105
      vertex -1.4 1.5 2.59808
    endloop
  endfacet
  facet normal -1 -0 0
    outer loop
      vertex -1.4 2.20007 4.60105
      vertex -1.4 1.14805 2.77164
      vertex -1.4 1.83691 4.75771
    endloop
  endfacet
  facet normal -1 -0 0
    outer loop
      vertex -1.4 1.83691 4.75771
      vertex -1.4 1.14805 2.77164
      vertex -1.4 1.4627 4.88575
    endloop
  endfacet
  facet normal -1 0 0
    outer loop
      vertex -1.4 0.776457 2.89778
      vertex -1.4 1.4627 4.88575
      vertex -1.4 1.14805 2.77164
    endloop
  endfacet
  facet normal -1 -0 0
    outer loop
      vertex -1.4 1.4627 4.88575
      vertex -1.4 0.776457 2.89778
      vertex -1.4 1.07969 4.9844
    endloop
  endfacet
  facet normal -1 0 0
    outer loop
      vertex -1.4 0.391578 2.97433
      vertex -1.4 1.07969 4.9844
      vertex -1.4 0.776457 2.89778
    endloop
  endfacet
  facet normal -1 -0 0
    outer loop
      vertex -1.4 1.07969 4.9844
      vertex -1.4 0.391578 2.97433
      vertex -1.4 0.690189 5.05308
    endloop
  endfacet
  facet normal -1 0 0
    outer loop
      vertex -1.4 0.391578 2.97433
      vertex -1.4 0.296538 5.09137
      vertex -1.4 0.690189 5.05308
    endloop
  endfacet
  facet normal -1 0 0
    outer loop
      vertex -1.4 0 3
      vertex -1.4 0.296538 5.09137
      vertex -1.4 0.391578 2.97433
    endloop
  endfacet
  facet normal -1 0 0
    outer loop
      vertex -1.4 0 3
      vertex -1.4 -0.0988951 5.09904
      vertex -1.4 0.296538 5.09137
    endloop
  endfacet
  facet normal -1 0 0
    outer loop
      vertex -1.4 -0.493735 5.07604
      vertex -1.4 0 3
      vertex -1.4 -0.391578 2.97433
    endloop
  endfacet
  facet normal -1 0 0
    outer loop
      vertex -1.4 0 3
      vertex -1.4 -0.493735 5.07604
      vertex -1.4 -0.0988951 5.09904
    endloop
  endfacet
  facet normal -1 0 0
    outer loop
      vertex -1.4 -0.885605 5.02252
      vertex -1.4 -0.391578 2.97433
      vertex -1.4 -0.776457 2.89778
    endloop
  endfacet
  facet normal -1 0 0
    outer loop
      vertex -1.4 -0.391578 2.97433
      vertex -1.4 -0.885605 5.02252
      vertex -1.4 -0.493735 5.07604
    endloop
  endfacet
  facet normal -1 0 0
    outer loop
      vertex -1.4 -1.65104 4.82536
      vertex -1.4 -0.776457 2.89778
      vertex -1.4 -1.14805 2.77164
    endloop
  endfacet
  facet normal -1 0 0
    outer loop
      vertex -1.4 -0.776457 2.89778
      vertex -1.4 -1.27215 4.93879
      vertex -1.4 -0.885605 5.02252
    endloop
  endfacet
  facet normal -1 0 0
    outer loop
      vertex -1.4 -2.37682 4.51228
      vertex -1.4 -1.14805 2.77164
      vertex -1.4 -1.5 2.59808
    endloop
  endfacet
  facet normal -1 0 0
    outer loop
      vertex -1.4 -0.776457 2.89778
      vertex -1.4 -1.65104 4.82536
      vertex -1.4 -1.27215 4.93879
    endloop
  endfacet
  facet normal -1 0 0
    outer loop
      vertex -1.4 -2.71934 4.31453
      vertex -1.4 -1.5 2.59808
      vertex -1.4 -1.82628 2.38006
    endloop
  endfacet
  facet normal -1 0 0
    outer loop
      vertex -1.4 -1.14805 2.77164
      vertex -1.4 -2.02001 4.6829
      vertex -1.4 -1.65104 4.82536
    endloop
  endfacet
  facet normal -1 0 0
    outer loop
      vertex -1.4 -3.35336 3.84252
      vertex -1.4 -1.82628 2.38006
      vertex -1.4 -2.12132 2.12132
    endloop
  endfacet
  facet normal -1 0 0
    outer loop
      vertex -1.4 -1.14805 2.77164
      vertex -1.4 -2.37682 4.51228
      vertex -1.4 -2.02001 4.6829
    endloop
  endfacet
  facet normal -1 0 0
    outer loop
      vertex -1.4 -3.90683 3.27822
      vertex -1.4 -2.12132 2.12132
      vertex -1.4 -2.38006 1.82628
    endloop
  endfacet
  facet normal -1 0 0
    outer loop
      vertex -1.4 -4.14911 2.96561
      vertex -1.4 -2.38006 1.82628
      vertex -1.4 -2.59808 1.5
    endloop
  endfacet
  facet normal -1 0 0
    outer loop
      vertex -1.4 -1.5 2.59808
      vertex -1.4 -2.71934 4.31453
      vertex -1.4 -2.37682 4.51228
    endloop
  endfacet
  facet normal -1 0 0
    outer loop
      vertex -1.4 -4.55753 2.28888
      vertex -1.4 -2.59808 1.5
      vertex -1.4 -2.77164 1.14805
    endloop
  endfacet
  facet normal -1 0 0
    outer loop
      vertex -1.4 -4.85646 1.55716
      vertex -1.4 -2.77164 1.14805
      vertex -1.4 -2.89778 0.776457
    endloop
  endfacet
  facet normal -1 0 0
    outer loop
      vertex -1.4 -4.96253 1.17614
      vertex -1.4 -2.89778 0.776457
      vertex -1.4 -2.97433 0.391578
    endloop
  endfacet
  facet normal -1 0 0
    outer loop
      vertex -1.4 -5.08466 0.395211
      vertex -1.4 -2.97433 0.391578
      vertex -1.4 -3 0
    endloop
  endfacet
  facet normal -1 0 0
    outer loop
      vertex -1.4 -1.82628 2.38006
      vertex -1.4 -3.04551 4.09083
      vertex -1.4 -2.71934 4.31453
    endloop
  endfacet
  facet normal -1 0 0
    outer loop
      vertex -1.4 -1.82628 2.38006
      vertex -1.4 -3.35336 3.84252
      vertex -1.4 -3.04551 4.09083
    endloop
  endfacet
  facet normal -1 0 0
    outer loop
      vertex -1.4 -2.12132 2.12132
      vertex -1.4 -3.64104 3.57111
      vertex -1.4 -3.35336 3.84252
    endloop
  endfacet
  facet normal -1 0 0
    outer loop
      vertex -1.4 -2.12132 2.12132
      vertex -1.4 -3.90683 3.27822
      vertex -1.4 -3.64104 3.57111
    endloop
  endfacet
  facet normal -1 0 0
    outer loop
      vertex -1.4 -2.38006 1.82628
      vertex -1.4 -4.14911 2.96561
      vertex -1.4 -3.90683 3.27822
    endloop
  endfacet
  facet normal -1 0 0
    outer loop
      vertex -1.4 -2.59808 1.5
      vertex -1.4 -4.36645 2.63517
      vertex -1.4 -4.14911 2.96561
    endloop
  endfacet
  facet normal -1 0 0
    outer loop
      vertex -1.4 -2.59808 1.5
      vertex -1.4 -4.55753 2.28888
      vertex -1.4 -4.36645 2.63517
    endloop
  endfacet
  facet normal -1 0 0
    outer loop
      vertex -1.4 -2.77164 1.14805
      vertex -1.4 -4.72119 1.92882
      vertex -1.4 -4.55753 2.28888
    endloop
  endfacet
  facet normal -1 0 0
    outer loop
      vertex -1.4 -2.77164 1.14805
      vertex -1.4 -4.85646 1.55716
      vertex -1.4 -4.72119 1.92882
    endloop
  endfacet
  facet normal -1 0 0
    outer loop
      vertex -1.4 -2.89778 0.776457
      vertex -1.4 -4.96253 1.17614
      vertex -1.4 -4.85646 1.55716
    endloop
  endfacet
  facet normal -1 0 0
    outer loop
      vertex -1.4 -2.97433 0.391578
      vertex -1.4 -5.03875 0.788045
      vertex -1.4 -4.96253 1.17614
    endloop
  endfacet
  facet normal -1 0 0
    outer loop
      vertex -1.4 -2.97433 0.391578
      vertex -1.4 -5.08466 0.395211
      vertex -1.4 -5.03875 0.788045
    endloop
  endfacet
  facet normal -1 0 -0
    outer loop
      vertex -1.4 -5.08466 0.395211
      vertex -1.4 -3 0
      vertex -1.4 -5.1 0
    endloop
  endfacet
  facet normal 0 -0.893637 -0.448791
    outer loop
      vertex -3.2 4.64285 2.11043
      vertex -1.4 4.46535 2.46387
      vertex -3.2 4.46535 2.46387
    endloop
  endfacet
  facet normal 0 -0.893637 -0.448791
    outer loop
      vertex -1.4 4.46535 2.46387
      vertex -3.2 4.64285 2.11043
      vertex -1.4 4.64285 2.11043
    endloop
  endfacet
  facet normal 0 -0.856172 -0.516691
    outer loop
      vertex -3.2 4.46535 2.46387
      vertex -1.4 4.26099 2.8025
      vertex -3.2 4.26099 2.8025
    endloop
  endfacet
  facet normal 0 -0.856172 -0.516691
    outer loop
      vertex -1.4 4.26099 2.8025
      vertex -3.2 4.46535 2.46387
      vertex -1.4 4.46535 2.46387
    endloop
  endfacet
  facet normal 0 -0.766045 -0.642787
    outer loop
      vertex -3.2 4.031 3.12426
      vertex -1.4 3.77677 3.42724
      vertex -3.2 3.77677 3.42724
    endloop
  endfacet
  facet normal 0 -0.766045 -0.642787
    outer loop
      vertex -1.4 3.77677 3.42724
      vertex -3.2 4.031 3.12426
      vertex -1.4 4.031 3.12426
    endloop
  endfacet
  facet normal 0 -0.996995 -0.0774701
    outer loop
      vertex -3.2 5.09616 0.197754
      vertex -1.4 5.06552 0.592073
      vertex -3.2 5.06552 0.592073
    endloop
  endfacet
  facet normal 0 -0.996995 -0.0774701
    outer loop
      vertex -1.4 5.06552 0.592073
      vertex -3.2 5.09616 0.197754
      vertex -1.4 5.09616 0.197754
    endloop
  endfacet
  facet normal 0 0.999248 -0.0387855
    outer loop
      vertex -1.4 -5.1 0
      vertex -3.2 -5.08466 0.395211
      vertex -1.4 -5.08466 0.395211
    endloop
  endfacet
  facet normal 0 0.999248 -0.0387855
    outer loop
      vertex -3.2 -5.08466 0.395211
      vertex -1.4 -5.1 0
      vertex -3.2 -5.1 0
    endloop
  endfacet
  facet normal 0 0.360187 -0.93288
    outer loop
      vertex -3.2 -2.02001 4.6829
      vertex -1.4 -1.65104 4.82536
      vertex -1.4 -2.02001 4.6829
    endloop
  endfacet
  facet normal 0 0.360187 -0.93288
    outer loop
      vertex -1.4 -1.65104 4.82536
      vertex -3.2 -2.02001 4.6829
      vertex -3.2 -1.65104 4.82536
    endloop
  endfacet
  facet normal 0 0.686239 -0.727376
    outer loop
      vertex -3.2 -3.64104 3.57111
      vertex -1.4 -3.35336 3.84252
      vertex -1.4 -3.64104 3.57111
    endloop
  endfacet
  facet normal 0 0.686239 -0.727376
    outer loop
      vertex -1.4 -3.35336 3.84252
      vertex -3.2 -3.64104 3.57111
      vertex -3.2 -3.35336 3.84252
    endloop
  endfacet
  facet normal 0 0.565598 -0.824681
    outer loop
      vertex -3.2 -3.04551 4.09083
      vertex -1.4 -2.71934 4.31453
      vertex -1.4 -3.04551 4.09083
    endloop
  endfacet
  facet normal 0 0.565598 -0.824681
    outer loop
      vertex -1.4 -2.71934 4.31453
      vertex -3.2 -3.04551 4.09083
      vertex -3.2 -2.71934 4.31453
    endloop
  endfacet
  facet normal 0 0.939695 -0.342013
    outer loop
      vertex -1.4 -4.85646 1.55716
      vertex -3.2 -4.72119 1.92882
      vertex -1.4 -4.72119 1.92882
    endloop
  endfacet
  facet normal 0 0.939695 -0.342013
    outer loop
      vertex -3.2 -4.72119 1.92882
      vertex -1.4 -4.85646 1.55716
      vertex -3.2 -4.85646 1.55716
    endloop
  endfacet
  facet normal 0 0.981255 -0.192714
    outer loop
      vertex -1.4 -5.03875 0.788045
      vertex -3.2 -4.96253 1.17614
      vertex -1.4 -4.96253 1.17614
    endloop
  endfacet
  facet normal 0 0.981255 -0.192714
    outer loop
      vertex -3.2 -4.96253 1.17614
      vertex -1.4 -5.03875 0.788045
      vertex -3.2 -5.03875 0.788045
    endloop
  endfacet
  facet normal 0 -0.533216 -0.845979
    outer loop
      vertex -3.2 2.55 4.41673
      vertex -1.4 2.88459 4.20584
      vertex -1.4 2.55 4.41673
    endloop
  endfacet
  facet normal -0 -0.533216 -0.845979
    outer loop
      vertex -1.4 2.88459 4.20584
      vertex -3.2 2.55 4.41673
      vertex -3.2 2.88459 4.20584
    endloop
  endfacet
  facet normal 0 -0.466036 -0.884766
    outer loop
      vertex -3.2 2.20007 4.60105
      vertex -1.4 2.55 4.41673
      vertex -1.4 2.20007 4.60105
    endloop
  endfacet
  facet normal -0 -0.466036 -0.884766
    outer loop
      vertex -1.4 2.55 4.41673
      vertex -3.2 2.20007 4.60105
      vertex -3.2 2.55 4.41673
    endloop
  endfacet
  facet normal 0 -0.096812 -0.995303
    outer loop
      vertex -3.2 0.296538 5.09137
      vertex -1.4 0.690189 5.05308
      vertex -1.4 0.296538 5.09137
    endloop
  endfacet
  facet normal -0 -0.096812 -0.995303
    outer loop
      vertex -1.4 0.690189 5.05308
      vertex -3.2 0.296538 5.09137
      vertex -3.2 0.690189 5.05308
    endloop
  endfacet
  facet normal 0 -0.81354 -0.581508
    outer loop
      vertex -3.2 4.26099 2.8025
      vertex -1.4 4.031 3.12426
      vertex -3.2 4.031 3.12426
    endloop
  endfacet
  facet normal 0 -0.81354 -0.581508
    outer loop
      vertex -1.4 4.031 3.12426
      vertex -3.2 4.26099 2.8025
      vertex -1.4 4.26099 2.8025
    endloop
  endfacet
  facet normal 0 -0.952247 -0.30533
    outer loop
      vertex -3.2 4.91319 1.36768
      vertex -1.4 4.79243 1.7443
      vertex -3.2 4.79243 1.7443
    endloop
  endfacet
  facet normal 0 -0.952247 -0.30533
    outer loop
      vertex -1.4 4.79243 1.7443
      vertex -3.2 4.91319 1.36768
      vertex -1.4 4.91319 1.36768
    endloop
  endfacet
  facet normal 0 -0.973045 -0.230614
    outer loop
      vertex -3.2 5.0044 0.982832
      vertex -1.4 4.91319 1.36768
      vertex -3.2 4.91319 1.36768
    endloop
  endfacet
  facet normal 0 -0.973045 -0.230614
    outer loop
      vertex -1.4 4.91319 1.36768
      vertex -3.2 5.0044 0.982832
      vertex -1.4 5.0044 0.982832
    endloop
  endfacet
  facet normal 0 0.211702 -0.977334
    outer loop
      vertex -3.2 -1.27215 4.93879
      vertex -1.4 -0.885605 5.02252
      vertex -1.4 -1.27215 4.93879
    endloop
  endfacet
  facet normal 0 0.211702 -0.977334
    outer loop
      vertex -1.4 -0.885605 5.02252
      vertex -3.2 -1.27215 4.93879
      vertex -3.2 -0.885605 5.02252
    endloop
  endfacet
  facet normal 0 0.875553 -0.483123
    outer loop
      vertex -1.4 -4.55753 2.28888
      vertex -3.2 -4.36645 2.63517
      vertex -1.4 -4.36645 2.63517
    endloop
  endfacet
  facet normal 0 0.875553 -0.483123
    outer loop
      vertex -3.2 -4.36645 2.63517
      vertex -1.4 -4.55753 2.28888
      vertex -3.2 -4.55753 2.28888
    endloop
  endfacet
  facet normal -0.988847 0 -0.148932
    outer loop
      vertex 25.275 15.8 19.3
      vertex 25.2184 21 19.6758
      vertex 25.275 21 19.3
    endloop
  endfacet
  facet normal -0.988847 -0 -0.148932
    outer loop
      vertex 25.2184 21 19.6758
      vertex 25.275 15.8 19.3
      vertex 25.2184 15.8 19.6758
    endloop
  endfacet
  facet normal -0.90096 0 -0.433903
    outer loop
      vertex 25.2184 15.8 19.6758
      vertex 25.0535 21 20.0182
      vertex 25.2184 21 19.6758
    endloop
  endfacet
  facet normal -0.90096 -0 -0.433903
    outer loop
      vertex 25.0535 21 20.0182
      vertex 25.2184 15.8 19.6758
      vertex 25.0535 15.8 20.0182
    endloop
  endfacet
  facet normal 0.0747245 0 -0.997204
    outer loop
      vertex 23.7163 15.8 20.543
      vertex 24.0953 21 20.5714
      vertex 24.0953 15.8 20.5714
    endloop
  endfacet
  facet normal 0.0747245 0 -0.997204
    outer loop
      vertex 24.0953 21 20.5714
      vertex 23.7163 15.8 20.543
      vertex 23.7163 21 20.543
    endloop
  endfacet
  facet normal -0.22236 0 0.974965
    outer loop
      vertex 24.0953 21 18.0286
      vertex 24.4658 15.8 18.1131
      vertex 24.4658 21 18.1131
    endloop
  endfacet
  facet normal -0.22236 0 0.974965
    outer loop
      vertex 24.4658 15.8 18.1131
      vertex 24.0953 21 18.0286
      vertex 24.0953 15.8 18.0286
    endloop
  endfacet
  facet normal -0.732925 0 -0.68031
    outer loop
      vertex 25.0535 15.8 20.0182
      vertex 24.7949 21 20.2968
      vertex 25.0535 21 20.0182
    endloop
  endfacet
  facet normal -0.732925 -0 -0.68031
    outer loop
      vertex 24.7949 21 20.2968
      vertex 25.0535 15.8 20.0182
      vertex 24.7949 15.8 20.2968
    endloop
  endfacet
  facet normal 0.623603 0 -0.781741
    outer loop
      vertex 23.0654 15.8 20.1672
      vertex 23.3625 21 20.4042
      vertex 23.3625 15.8 20.4042
    endloop
  endfacet
  facet normal 0.623603 0 -0.781741
    outer loop
      vertex 23.3625 21 20.4042
      vertex 23.0654 15.8 20.1672
      vertex 23.0654 21 20.1672
    endloop
  endfacet
  facet normal 0.365213 0 -0.930924
    outer loop
      vertex 23.3625 15.8 20.4042
      vertex 23.7163 21 20.543
      vertex 23.7163 15.8 20.543
    endloop
  endfacet
  facet normal 0.365213 0 -0.930924
    outer loop
      vertex 23.7163 21 20.543
      vertex 23.3625 15.8 20.4042
      vertex 23.3625 21 20.4042
    endloop
  endfacet
  facet normal -0.90096 0 0.433903
    outer loop
      vertex 25.0535 15.8 18.5818
      vertex 25.2184 21 18.9242
      vertex 25.0535 21 18.5818
    endloop
  endfacet
  facet normal -0.90096 0 0.433903
    outer loop
      vertex 25.2184 21 18.9242
      vertex 25.0535 15.8 18.5818
      vertex 25.2184 15.8 18.9242
    endloop
  endfacet
  facet normal 0.955523 -0 0.294918
    outer loop
      vertex 22.7392 15.8 19.11
      vertex 22.8513 21 18.7468
      vertex 22.7392 21 19.11
    endloop
  endfacet
  facet normal 0.955523 0 0.294918
    outer loop
      vertex 22.8513 21 18.7468
      vertex 22.7392 15.8 19.11
      vertex 22.8513 15.8 18.7468
    endloop
  endfacet
  facet normal -0.22236 0 -0.974965
    outer loop
      vertex 24.0953 15.8 20.5714
      vertex 24.4658 21 20.4869
      vertex 24.4658 15.8 20.4869
    endloop
  endfacet
  facet normal -0.22236 0 -0.974965
    outer loop
      vertex 24.4658 21 20.4869
      vertex 24.0953 15.8 20.5714
      vertex 24.0953 21 20.5714
    endloop
  endfacet
  facet normal -0.500186 0 -0.865918
    outer loop
      vertex 24.4658 15.8 20.4869
      vertex 24.7949 21 20.2968
      vertex 24.7949 15.8 20.2968
    endloop
  endfacet
  facet normal -0.500186 0 -0.865918
    outer loop
      vertex 24.7949 21 20.2968
      vertex 24.4658 15.8 20.4869
      vertex 24.4658 21 20.4869
    endloop
  endfacet
  facet normal 0.826216 0 -0.563353
    outer loop
      vertex 23.0654 15.8 20.1672
      vertex 22.8513 21 19.8532
      vertex 23.0654 21 20.1672
    endloop
  endfacet
  facet normal 0.826216 0 -0.563353
    outer loop
      vertex 22.8513 21 19.8532
      vertex 23.0654 15.8 20.1672
      vertex 22.8513 15.8 19.8532
    endloop
  endfacet
  facet normal 0 1 0
    outer loop
      vertex 24.4658 15.8 20.4869
      vertex 23.7163 15.8 20.543
      vertex 24.0953 15.8 20.5714
    endloop
  endfacet
  facet normal 0 1 0
    outer loop
      vertex 24.4658 15.8 20.4869
      vertex 23.3625 15.8 20.4042
      vertex 23.7163 15.8 20.543
    endloop
  endfacet
  facet normal 0 1 0
    outer loop
      vertex 24.7949 15.8 20.2968
      vertex 23.3625 15.8 20.4042
      vertex 24.4658 15.8 20.4869
    endloop
  endfacet
  facet normal 0 1 0
    outer loop
      vertex 24.7949 15.8 20.2968
      vertex 23.0654 15.8 20.1672
      vertex 23.3625 15.8 20.4042
    endloop
  endfacet
  facet normal 0 1 0
    outer loop
      vertex 25.0535 15.8 20.0182
      vertex 23.0654 15.8 20.1672
      vertex 24.7949 15.8 20.2968
    endloop
  endfacet
  facet normal 0 1 0
    outer loop
      vertex 25.0535 15.8 20.0182
      vertex 22.8513 15.8 19.8532
      vertex 23.0654 15.8 20.1672
    endloop
  endfacet
  facet normal 0 1 0
    outer loop
      vertex 25.2184 15.8 19.6758
      vertex 22.8513 15.8 19.8532
      vertex 25.0535 15.8 20.0182
    endloop
  endfacet
  facet normal 0 1 0
    outer loop
      vertex 25.2184 15.8 19.6758
      vertex 22.7392 15.8 19.49
      vertex 22.8513 15.8 19.8532
    endloop
  endfacet
  facet normal 0 1 0
    outer loop
      vertex 25.275 15.8 19.3
      vertex 22.7392 15.8 19.49
      vertex 25.2184 15.8 19.6758
    endloop
  endfacet
  facet normal 0 1 0
    outer loop
      vertex 25.275 15.8 19.3
      vertex 22.7392 15.8 19.11
      vertex 22.7392 15.8 19.49
    endloop
  endfacet
  facet normal 0 1 -0
    outer loop
      vertex 25.2184 15.8 18.9242
      vertex 22.7392 15.8 19.11
      vertex 25.275 15.8 19.3
    endloop
  endfacet
  facet normal 0 1 0
    outer loop
      vertex 25.2184 15.8 18.9242
      vertex 22.8513 15.8 18.7468
      vertex 22.7392 15.8 19.11
    endloop
  endfacet
  facet normal 0 1 -0
    outer loop
      vertex 25.0535 15.8 18.5818
      vertex 22.8513 15.8 18.7468
      vertex 25.2184 15.8 18.9242
    endloop
  endfacet
  facet normal 0 1 0
    outer loop
      vertex 25.0535 15.8 18.5818
      vertex 23.0654 15.8 18.4328
      vertex 22.8513 15.8 18.7468
    endloop
  endfacet
  facet normal 0 1 -0
    outer loop
      vertex 24.7949 15.8 18.3032
      vertex 23.0654 15.8 18.4328
      vertex 25.0535 15.8 18.5818
    endloop
  endfacet
  facet normal 0 1 0
    outer loop
      vertex 24.7949 15.8 18.3032
      vertex 23.3625 15.8 18.1958
      vertex 23.0654 15.8 18.4328
    endloop
  endfacet
  facet normal 0 1 -0
    outer loop
      vertex 24.4658 15.8 18.1131
      vertex 23.3625 15.8 18.1958
      vertex 24.7949 15.8 18.3032
    endloop
  endfacet
  facet normal 0 1 0
    outer loop
      vertex 24.4658 15.8 18.1131
      vertex 23.7163 15.8 18.057
      vertex 23.3625 15.8 18.1958
    endloop
  endfacet
  facet normal -0 1 0
    outer loop
      vertex 23.7163 15.8 18.057
      vertex 24.4658 15.8 18.1131
      vertex 24.0953 15.8 18.0286
    endloop
  endfacet
  facet normal -0.988847 0 0.148932
    outer loop
      vertex 25.2184 15.8 18.9242
      vertex 25.275 21 19.3
      vertex 25.2184 21 18.9242
    endloop
  endfacet
  facet normal -0.988847 0 0.148932
    outer loop
      vertex 25.275 21 19.3
      vertex 25.2184 15.8 18.9242
      vertex 25.275 15.8 19.3
    endloop
  endfacet
  facet normal 0.365213 0 0.930924
    outer loop
      vertex 23.3625 21 18.1958
      vertex 23.7163 15.8 18.057
      vertex 23.7163 21 18.057
    endloop
  endfacet
  facet normal 0.365213 0 0.930924
    outer loop
      vertex 23.7163 15.8 18.057
      vertex 23.3625 21 18.1958
      vertex 23.3625 15.8 18.1958
    endloop
  endfacet
  facet normal 0.0747245 0 0.997204
    outer loop
      vertex 23.7163 21 18.057
      vertex 24.0953 15.8 18.0286
      vertex 24.0953 21 18.0286
    endloop
  endfacet
  facet normal 0.0747245 0 0.997204
    outer loop
      vertex 24.0953 15.8 18.0286
      vertex 23.7163 21 18.057
      vertex 23.7163 15.8 18.057
    endloop
  endfacet
  facet normal 0.955523 0 -0.294918
    outer loop
      vertex 22.8513 15.8 19.8532
      vertex 22.7392 21 19.49
      vertex 22.8513 21 19.8532
    endloop
  endfacet
  facet normal 0.955523 0 -0.294918
    outer loop
      vertex 22.7392 21 19.49
      vertex 22.8513 15.8 19.8532
      vertex 22.7392 15.8 19.49
    endloop
  endfacet
  facet normal 1 -0 0
    outer loop
      vertex 22.7392 15.8 19.49
      vertex 22.7392 21 19.11
      vertex 22.7392 21 19.49
    endloop
  endfacet
  facet normal 1 0 0
    outer loop
      vertex 22.7392 21 19.11
      vertex 22.7392 15.8 19.49
      vertex 22.7392 15.8 19.11
    endloop
  endfacet
  facet normal -0.500186 0 0.865918
    outer loop
      vertex 24.4658 21 18.1131
      vertex 24.7949 15.8 18.3032
      vertex 24.7949 21 18.3032
    endloop
  endfacet
  facet normal -0.500186 0 0.865918
    outer loop
      vertex 24.7949 15.8 18.3032
      vertex 24.4658 21 18.1131
      vertex 24.4658 15.8 18.1131
    endloop
  endfacet
  facet normal 0.826216 -0 0.563353
    outer loop
      vertex 22.8513 15.8 18.7468
      vertex 23.0654 21 18.4328
      vertex 22.8513 21 18.7468
    endloop
  endfacet
  facet normal 0.826216 0 0.563353
    outer loop
      vertex 23.0654 21 18.4328
      vertex 22.8513 15.8 18.7468
      vertex 23.0654 15.8 18.4328
    endloop
  endfacet
  facet normal 0.623603 0 0.781741
    outer loop
      vertex 23.0654 21 18.4328
      vertex 23.3625 15.8 18.1958
      vertex 23.3625 21 18.1958
    endloop
  endfacet
  facet normal 0.623603 0 0.781741
    outer loop
      vertex 23.3625 15.8 18.1958
      vertex 23.0654 21 18.4328
      vertex 23.0654 15.8 18.4328
    endloop
  endfacet
  facet normal -0.732925 0 0.68031
    outer loop
      vertex 24.7949 15.8 18.3032
      vertex 25.0535 21 18.5818
      vertex 24.7949 21 18.3032
    endloop
  endfacet
  facet normal -0.732925 0 0.68031
    outer loop
      vertex 25.0535 21 18.5818
      vertex 24.7949 15.8 18.3032
      vertex 25.0535 15.8 18.5818
    endloop
  endfacet
  facet normal -0.992709 0.120538 0
    outer loop
      vertex 6.10205 15.1051 0
      vertex 6.15 15.5 2.8
      vertex 6.15 15.5 0
    endloop
  endfacet
  facet normal -0.992709 0.120538 0
    outer loop
      vertex 6.15 15.5 2.8
      vertex 6.10205 15.1051 0
      vertex 6.10205 15.1051 2.8
    endloop
  endfacet
  facet normal 0.992709 0.120538 0
    outer loop
      vertex 2.89795 15.1051 2.8
      vertex 2.85 15.5 0
      vertex 2.85 15.5 2.8
    endloop
  endfacet
  facet normal 0.992709 0.120538 0
    outer loop
      vertex 2.85 15.5 0
      vertex 2.89795 15.1051 2.8
      vertex 2.89795 15.1051 0
    endloop
  endfacet
  facet normal 0 1 -0
    outer loop
      vertex 4.69888 13.862 0
      vertex 4.30112 13.862 2.8
      vertex 4.69888 13.862 2.8
    endloop
  endfacet
  facet normal 0 1 0
    outer loop
      vertex 4.30112 13.862 2.8
      vertex 4.69888 13.862 0
      vertex 4.30112 13.862 0
    endloop
  endfacet
  facet normal 0 -1 0
    outer loop
      vertex 4.30112 17.138 0
      vertex 4.69888 17.138 2.8
      vertex 4.30112 17.138 2.8
    endloop
  endfacet
  facet normal 0 -1 -0
    outer loop
      vertex 4.69888 17.138 2.8
      vertex 4.30112 17.138 0
      vertex 4.69888 17.138 0
    endloop
  endfacet
  facet normal -0.66303 -0.748593 0
    outer loop
      vertex 5.43731 16.8579 0
      vertex 5.73504 16.5942 2.8
      vertex 5.43731 16.8579 2.8
    endloop
  endfacet
  facet normal -0.66303 -0.748593 -0
    outer loop
      vertex 5.73504 16.5942 2.8
      vertex 5.43731 16.8579 0
      vertex 5.73504 16.5942 0
    endloop
  endfacet
  facet normal -0.66303 0.748593 0
    outer loop
      vertex 5.73504 14.4058 0
      vertex 5.43731 14.1421 2.8
      vertex 5.73504 14.4058 2.8
    endloop
  endfacet
  facet normal -0.66303 0.748593 0
    outer loop
      vertex 5.43731 14.1421 2.8
      vertex 5.73504 14.4058 0
      vertex 5.43731 14.1421 0
    endloop
  endfacet
  facet normal -0.464814 0.885409 0
    outer loop
      vertex 5.43731 14.1421 0
      vertex 5.0851 13.9572 2.8
      vertex 5.43731 14.1421 2.8
    endloop
  endfacet
  facet normal -0.464814 0.885409 0
    outer loop
      vertex 5.0851 13.9572 2.8
      vertex 5.43731 14.1421 0
      vertex 5.0851 13.9572 0
    endloop
  endfacet
  facet normal 0.66303 0.748593 -0
    outer loop
      vertex 3.56269 14.1421 0
      vertex 3.26496 14.4058 2.8
      vertex 3.56269 14.1421 2.8
    endloop
  endfacet
  facet normal 0.66303 0.748593 0
    outer loop
      vertex 3.26496 14.4058 2.8
      vertex 3.56269 14.1421 0
      vertex 3.26496 14.4058 0
    endloop
  endfacet
  facet normal 0.464814 0.885409 -0
    outer loop
      vertex 3.9149 13.9572 0
      vertex 3.56269 14.1421 2.8
      vertex 3.9149 13.9572 2.8
    endloop
  endfacet
  facet normal 0.464814 0.885409 0
    outer loop
      vertex 3.56269 14.1421 2.8
      vertex 3.9149 13.9572 0
      vertex 3.56269 14.1421 0
    endloop
  endfacet
  facet normal -0.823017 0.568017 0
    outer loop
      vertex 5.73504 14.4058 0
      vertex 5.961 14.7332 2.8
      vertex 5.961 14.7332 0
    endloop
  endfacet
  facet normal -0.823017 0.568017 0
    outer loop
      vertex 5.961 14.7332 2.8
      vertex 5.73504 14.4058 0
      vertex 5.73504 14.4058 2.8
    endloop
  endfacet
  facet normal -0.93501 0.35462 0
    outer loop
      vertex 5.961 14.7332 0
      vertex 6.10205 15.1051 2.8
      vertex 6.10205 15.1051 0
    endloop
  endfacet
  facet normal -0.93501 0.35462 0
    outer loop
      vertex 6.10205 15.1051 2.8
      vertex 5.961 14.7332 0
      vertex 5.961 14.7332 2.8
    endloop
  endfacet
  facet normal -0.239328 0.970939 0
    outer loop
      vertex 5.0851 13.9572 0
      vertex 4.69888 13.862 2.8
      vertex 5.0851 13.9572 2.8
    endloop
  endfacet
  facet normal -0.239328 0.970939 0
    outer loop
      vertex 4.69888 13.862 2.8
      vertex 5.0851 13.9572 0
      vertex 4.69888 13.862 0
    endloop
  endfacet
  facet normal 0.823017 0.568017 0
    outer loop
      vertex 3.26496 14.4058 2.8
      vertex 3.039 14.7332 0
      vertex 3.039 14.7332 2.8
    endloop
  endfacet
  facet normal 0.823017 0.568017 0
    outer loop
      vertex 3.039 14.7332 0
      vertex 3.26496 14.4058 2.8
      vertex 3.26496 14.4058 0
    endloop
  endfacet
  facet normal 0.93501 0.35462 0
    outer loop
      vertex 3.039 14.7332 2.8
      vertex 2.89795 15.1051 0
      vertex 2.89795 15.1051 2.8
    endloop
  endfacet
  facet normal 0.93501 0.35462 0
    outer loop
      vertex 2.89795 15.1051 0
      vertex 3.039 14.7332 2.8
      vertex 3.039 14.7332 0
    endloop
  endfacet
  facet normal 0.239328 0.970939 -0
    outer loop
      vertex 4.30112 13.862 0
      vertex 3.9149 13.9572 2.8
      vertex 4.30112 13.862 2.8
    endloop
  endfacet
  facet normal 0.239328 0.970939 0
    outer loop
      vertex 3.9149 13.9572 2.8
      vertex 4.30112 13.862 0
      vertex 3.9149 13.9572 0
    endloop
  endfacet
  facet normal -0.239328 -0.970939 0
    outer loop
      vertex 4.69888 17.138 0
      vertex 5.0851 17.0428 2.8
      vertex 4.69888 17.138 2.8
    endloop
  endfacet
  facet normal -0.239328 -0.970939 -0
    outer loop
      vertex 5.0851 17.0428 2.8
      vertex 4.69888 17.138 0
      vertex 5.0851 17.0428 0
    endloop
  endfacet
  facet normal -0.93501 -0.35462 0
    outer loop
      vertex 6.10205 15.8949 0
      vertex 5.961 16.2668 2.8
      vertex 5.961 16.2668 0
    endloop
  endfacet
  facet normal -0.93501 -0.35462 0
    outer loop
      vertex 5.961 16.2668 2.8
      vertex 6.10205 15.8949 0
      vertex 6.10205 15.8949 2.8
    endloop
  endfacet
  facet normal -0.823017 -0.568017 0
    outer loop
      vertex 5.961 16.2668 0
      vertex 5.73504 16.5942 2.8
      vertex 5.73504 16.5942 0
    endloop
  endfacet
  facet normal -0.823017 -0.568017 0
    outer loop
      vertex 5.73504 16.5942 2.8
      vertex 5.961 16.2668 0
      vertex 5.961 16.2668 2.8
    endloop
  endfacet
  facet normal -0.992709 -0.120538 0
    outer loop
      vertex 6.15 15.5 0
      vertex 6.10205 15.8949 2.8
      vertex 6.10205 15.8949 0
    endloop
  endfacet
  facet normal -0.992709 -0.120538 0
    outer loop
      vertex 6.10205 15.8949 2.8
      vertex 6.15 15.5 0
      vertex 6.15 15.5 2.8
    endloop
  endfacet
  facet normal 0.66303 -0.748593 0
    outer loop
      vertex 3.26496 16.5942 0
      vertex 3.56269 16.8579 2.8
      vertex 3.26496 16.5942 2.8
    endloop
  endfacet
  facet normal 0.66303 -0.748593 0
    outer loop
      vertex 3.56269 16.8579 2.8
      vertex 3.26496 16.5942 0
      vertex 3.56269 16.8579 0
    endloop
  endfacet
  facet normal 0.93501 -0.35462 0
    outer loop
      vertex 2.89795 15.8949 2.8
      vertex 3.039 16.2668 0
      vertex 3.039 16.2668 2.8
    endloop
  endfacet
  facet normal 0.93501 -0.35462 0
    outer loop
      vertex 3.039 16.2668 0
      vertex 2.89795 15.8949 2.8
      vertex 2.89795 15.8949 0
    endloop
  endfacet
  facet normal 0.992709 -0.120538 0
    outer loop
      vertex 2.85 15.5 2.8
      vertex 2.89795 15.8949 0
      vertex 2.89795 15.8949 2.8
    endloop
  endfacet
  facet normal 0.992709 -0.120538 0
    outer loop
      vertex 2.89795 15.8949 0
      vertex 2.85 15.5 2.8
      vertex 2.85 15.5 0
    endloop
  endfacet
  facet normal -0.464814 -0.885409 0
    outer loop
      vertex 5.0851 17.0428 0
      vertex 5.43731 16.8579 2.8
      vertex 5.0851 17.0428 2.8
    endloop
  endfacet
  facet normal -0.464814 -0.885409 -0
    outer loop
      vertex 5.43731 16.8579 2.8
      vertex 5.0851 17.0428 0
      vertex 5.43731 16.8579 0
    endloop
  endfacet
  facet normal 0.239328 -0.970939 0
    outer loop
      vertex 3.9149 17.0428 0
      vertex 4.30112 17.138 2.8
      vertex 3.9149 17.0428 2.8
    endloop
  endfacet
  facet normal 0.239328 -0.970939 0
    outer loop
      vertex 4.30112 17.138 2.8
      vertex 3.9149 17.0428 0
      vertex 4.30112 17.138 0
    endloop
  endfacet
  facet normal 0.823017 -0.568017 0
    outer loop
      vertex 3.039 16.2668 2.8
      vertex 3.26496 16.5942 0
      vertex 3.26496 16.5942 2.8
    endloop
  endfacet
  facet normal 0.823017 -0.568017 0
    outer loop
      vertex 3.26496 16.5942 0
      vertex 3.039 16.2668 2.8
      vertex 3.039 16.2668 0
    endloop
  endfacet
  facet normal 0.464814 -0.885409 0
    outer loop
      vertex 3.56269 16.8579 0
      vertex 3.9149 17.0428 2.8
      vertex 3.56269 16.8579 2.8
    endloop
  endfacet
  facet normal 0.464814 -0.885409 0
    outer loop
      vertex 3.9149 17.0428 2.8
      vertex 3.56269 16.8579 0
      vertex 3.9149 17.0428 0
    endloop
  endfacet
  facet normal -0.997945 0.0640709 0
    outer loop
      vertex 7.57455 15.1036 2.8
      vertex 7.6 15.5 5
      vertex 7.6 15.5 2.8
    endloop
  endfacet
  facet normal -0.997945 0.0640709 0
    outer loop
      vertex 7.6 15.5 5
      vertex 7.57455 15.1036 2.8
      vertex 7.57455 15.1036 5
    endloop
  endfacet
  facet normal 1 -0 0
    outer loop
      vertex 1.40637 15.3014 5
      vertex 1.40637 15.6986 2.8
      vertex 1.40637 15.6986 5
    endloop
  endfacet
  facet normal 1 0 0
    outer loop
      vertex 1.40637 15.6986 2.8
      vertex 1.40637 15.3014 5
      vertex 1.40637 15.3014 2.8
    endloop
  endfacet
  facet normal 0.0319712 0.999489 -0
    outer loop
      vertex 4.59936 12.4016 2.8
      vertex 4.20233 12.4143 5
      vertex 4.59936 12.4016 5
    endloop
  endfacet
  facet normal 0.0319712 0.999489 0
    outer loop
      vertex 4.20233 12.4143 5
      vertex 4.59936 12.4016 2.8
      vertex 4.20233 12.4143 2.8
    endloop
  endfacet
  facet normal -0.67236 0.740225 0
    outer loop
      vertex 6.72688 13.3434 2.8
      vertex 6.43282 13.0763 5
      vertex 6.72688 13.3434 5
    endloop
  endfacet
  facet normal -0.67236 0.740225 0
    outer loop
      vertex 6.43282 13.0763 5
      vertex 6.72688 13.3434 2.8
      vertex 6.43282 13.0763 2.8
    endloop
  endfacet
  facet normal 0.718405 0.695625 0
    outer loop
      vertex 2.41587 13.2051 5
      vertex 2.13952 13.4905 2.8
      vertex 2.13952 13.4905 5
    endloop
  endfacet
  facet normal 0.718405 0.695625 0
    outer loop
      vertex 2.13952 13.4905 2.8
      vertex 2.41587 13.2051 5
      vertex 2.41587 13.2051 2.8
    endloop
  endfacet
  facet normal 0.404793 0.914408 -0
    outer loop
      vertex 3.42937 12.5907 2.8
      vertex 3.06613 12.7515 5
      vertex 3.42937 12.5907 5
    endloop
  endfacet
  facet normal 0.404793 0.914408 0
    outer loop
      vertex 3.06613 12.7515 5
      vertex 3.42937 12.5907 2.8
      vertex 3.06613 12.7515 2.8
    endloop
  endfacet
  facet normal 0.926915 -0.375272 0
    outer loop
      vertex 1.55793 16.4768 5
      vertex 1.707 16.845 2.8
      vertex 1.707 16.845 5
    endloop
  endfacet
  facet normal 0.926915 -0.375272 0
    outer loop
      vertex 1.707 16.845 2.8
      vertex 1.55793 16.4768 5
      vertex 1.55793 16.4768 2.8
    endloop
  endfacet
  facet normal -0.900974 0.433872 0
    outer loop
      vertex 7.20109 13.9788 2.8
      vertex 7.37344 14.3367 5
      vertex 7.37344 14.3367 2.8
    endloop
  endfacet
  facet normal -0.900974 0.433872 0
    outer loop
      vertex 7.37344 14.3367 5
      vertex 7.20109 13.9788 2.8
      vertex 7.20109 13.9788 5
    endloop
  endfacet
  facet normal -0.345387 0.93846 0
    outer loop
      vertex 5.75483 12.6653 2.8
      vertex 5.38204 12.5281 5
      vertex 5.75483 12.6653 5
    endloop
  endfacet
  facet normal -0.345387 0.93846 0
    outer loop
      vertex 5.38204 12.5281 5
      vertex 5.75483 12.6653 2.8
      vertex 5.38204 12.5281 2.8
    endloop
  endfacet
  facet normal -0.462662 0.886535 0
    outer loop
      vertex 6.10702 12.8491 2.8
      vertex 5.75483 12.6653 5
      vertex 6.10702 12.8491 5
    endloop
  endfacet
  facet normal -0.462662 0.886535 0
    outer loop
      vertex 5.75483 12.6653 5
      vertex 6.10702 12.8491 2.8
      vertex 5.75483 12.6653 2.8
    endloop
  endfacet
  facet normal 0.926915 0.375272 0
    outer loop
      vertex 1.707 14.155 5
      vertex 1.55793 14.5232 2.8
      vertex 1.55793 14.5232 5
    endloop
  endfacet
  facet normal 0.926915 0.375272 0
    outer loop
      vertex 1.55793 14.5232 2.8
      vertex 1.707 14.155 5
      vertex 1.707 14.155 2.8
    endloop
  endfacet
  facet normal 0.967288 0.25368 0
    outer loop
      vertex 1.55793 14.5232 5
      vertex 1.45717 14.9074 2.8
      vertex 1.45717 14.9074 5
    endloop
  endfacet
  facet normal 0.967288 0.25368 0
    outer loop
      vertex 1.45717 14.9074 2.8
      vertex 1.55793 14.5232 5
      vertex 1.55793 14.5232 2.8
    endloop
  endfacet
  facet normal 0.518536 0.855056 -0
    outer loop
      vertex 3.06613 12.7515 2.8
      vertex 2.72644 12.9575 5
      vertex 3.06613 12.7515 5
    endloop
  endfacet
  facet normal 0.518536 0.855056 0
    outer loop
      vertex 2.72644 12.9575 5
      vertex 3.06613 12.7515 2.8
      vertex 2.72644 12.9575 2.8
    endloop
  endfacet
  facet normal 0.159604 0.987181 -0
    outer loop
      vertex 4.20233 12.4143 2.8
      vertex 3.81019 12.4777 5
      vertex 4.20233 12.4143 5
    endloop
  endfacet
  facet normal 0.159604 0.987181 0
    outer loop
      vertex 3.81019 12.4777 5
      vertex 4.20233 12.4143 2.8
      vertex 3.81019 12.4777 2.8
    endloop
  endfacet
  facet normal -0.0959139 -0.99539 0
    outer loop
      vertex 4.59936 18.5984 2.8
      vertex 4.99476 18.5603 5
      vertex 4.59936 18.5984 5
    endloop
  endfacet
  facet normal -0.0959139 -0.99539 -0
    outer loop
      vertex 4.99476 18.5603 5
      vertex 4.59936 18.5984 2.8
      vertex 4.99476 18.5603 2.8
    endloop
  endfacet
  facet normal -0.949058 -0.315102 0
    outer loop
      vertex 7.49861 16.2863 2.8
      vertex 7.37344 16.6633 5
      vertex 7.37344 16.6633 2.8
    endloop
  endfacet
  facet normal -0.949058 -0.315102 0
    outer loop
      vertex 7.37344 16.6633 5
      vertex 7.49861 16.2863 2.8
      vertex 7.49861 16.2863 5
    endloop
  endfacet
  facet normal 0.62338 -0.781919 0
    outer loop
      vertex 2.41587 17.7949 2.8
      vertex 2.72644 18.0425 5
      vertex 2.41587 17.7949 5
    endloop
  endfacet
  facet normal 0.62338 -0.781919 0
    outer loop
      vertex 2.72644 18.0425 5
      vertex 2.41587 17.7949 2.8
      vertex 2.72644 18.0425 2.8
    endloop
  endfacet
  facet normal 0.99179 -0.127875 0
    outer loop
      vertex 1.40637 15.6986 5
      vertex 1.45717 16.0926 2.8
      vertex 1.45717 16.0926 5
    endloop
  endfacet
  facet normal 0.99179 -0.127875 0
    outer loop
      vertex 1.45717 16.0926 2.8
      vertex 1.40637 15.6986 5
      vertex 1.40637 15.6986 2.8
    endloop
  endfacet
  facet normal -0.949058 0.315102 0
    outer loop
      vertex 7.37344 14.3367 2.8
      vertex 7.49861 14.7137 5
      vertex 7.49861 14.7137 2.8
    endloop
  endfacet
  facet normal -0.949058 0.315102 0
    outer loop
      vertex 7.49861 14.7137 5
      vertex 7.37344 14.3367 2.8
      vertex 7.37344 14.3367 5
    endloop
  endfacet
  facet normal -0.981556 0.191176 0
    outer loop
      vertex 7.49861 14.7137 2.8
      vertex 7.57455 15.1036 5
      vertex 7.57455 15.1036 2.8
    endloop
  endfacet
  facet normal -0.981556 0.191176 0
    outer loop
      vertex 7.57455 15.1036 5
      vertex 7.49861 14.7137 2.8
      vertex 7.49861 14.7137 5
    endloop
  endfacet
  facet normal -0.761473 0.648196 0
    outer loop
      vertex 6.72688 13.3434 2.8
      vertex 6.98438 13.6459 5
      vertex 6.98438 13.6459 2.8
    endloop
  endfacet
  facet normal -0.761473 0.648196 0
    outer loop
      vertex 6.98438 13.6459 5
      vertex 6.72688 13.3434 2.8
      vertex 6.72688 13.3434 5
    endloop
  endfacet
  facet normal -0.83807 0.545563 0
    outer loop
      vertex 6.98438 13.6459 2.8
      vertex 7.20109 13.9788 5
      vertex 7.20109 13.9788 2.8
    endloop
  endfacet
  facet normal -0.83807 0.545563 0
    outer loop
      vertex 7.20109 13.9788 5
      vertex 6.98438 13.6459 2.8
      vertex 6.98438 13.6459 5
    endloop
  endfacet
  facet normal -0.222535 0.974925 0
    outer loop
      vertex 5.38204 12.5281 2.8
      vertex 4.99476 12.4397 5
      vertex 5.38204 12.5281 5
    endloop
  endfacet
  facet normal -0.222535 0.974925 0
    outer loop
      vertex 4.99476 12.4397 5
      vertex 5.38204 12.5281 2.8
      vertex 4.99476 12.4397 2.8
    endloop
  endfacet
  facet normal -0.0959139 0.99539 0
    outer loop
      vertex 4.99476 12.4397 2.8
      vertex 4.59936 12.4016 5
      vertex 4.99476 12.4397 5
    endloop
  endfacet
  facet normal -0.0959139 0.99539 0
    outer loop
      vertex 4.59936 12.4016 5
      vertex 4.99476 12.4397 2.8
      vertex 4.59936 12.4016 2.8
    endloop
  endfacet
  facet normal -0.572008 0.820248 0
    outer loop
      vertex 6.43282 13.0763 2.8
      vertex 6.10702 12.8491 5
      vertex 6.43282 13.0763 5
    endloop
  endfacet
  facet normal -0.572008 0.820248 0
    outer loop
      vertex 6.10702 12.8491 5
      vertex 6.43282 13.0763 2.8
      vertex 6.10702 12.8491 2.8
    endloop
  endfacet
  facet normal 0.871368 0.490629 0
    outer loop
      vertex 1.90193 13.8088 5
      vertex 1.707 14.155 2.8
      vertex 1.707 14.155 5
    endloop
  endfacet
  facet normal 0.871368 0.490629 0
    outer loop
      vertex 1.707 14.155 2.8
      vertex 1.90193 13.8088 5
      vertex 1.90193 13.8088 2.8
    endloop
  endfacet
  facet normal 0.80137 0.59817 0
    outer loop
      vertex 2.13952 13.4905 5
      vertex 1.90193 13.8088 2.8
      vertex 1.90193 13.8088 5
    endloop
  endfacet
  facet normal 0.80137 0.59817 0
    outer loop
      vertex 1.90193 13.8088 2.8
      vertex 2.13952 13.4905 5
      vertex 2.13952 13.4905 2.8
    endloop
  endfacet
  facet normal 0.99179 0.127875 0
    outer loop
      vertex 1.45717 14.9074 5
      vertex 1.40637 15.3014 2.8
      vertex 1.40637 15.3014 5
    endloop
  endfacet
  facet normal 0.99179 0.127875 0
    outer loop
      vertex 1.40637 15.3014 2.8
      vertex 1.45717 14.9074 5
      vertex 1.45717 14.9074 2.8
    endloop
  endfacet
  facet normal 0 0 1
    outer loop
      vertex 6.15 15.5 2.8
      vertex 7.6 15.5 2.8
      vertex 7.57455 15.8964 2.8
    endloop
  endfacet
  facet normal 0 0 1
    outer loop
      vertex 6.10205 15.8949 2.8
      vertex 7.57455 15.8964 2.8
      vertex 7.49861 16.2863 2.8
    endloop
  endfacet
  facet normal 0 0 1
    outer loop
      vertex 7.6 15.5 2.8
      vertex 6.15 15.5 2.8
      vertex 7.57455 15.1036 2.8
    endloop
  endfacet
  facet normal 0 0 1
    outer loop
      vertex 6.10205 15.8949 2.8
      vertex 7.49861 16.2863 2.8
      vertex 7.37344 16.6633 2.8
    endloop
  endfacet
  facet normal -0 0 1
    outer loop
      vertex 6.10205 15.1051 2.8
      vertex 7.57455 15.1036 2.8
      vertex 6.15 15.5 2.8
    endloop
  endfacet
  facet normal 0 0 1
    outer loop
      vertex 5.961 16.2668 2.8
      vertex 7.37344 16.6633 2.8
      vertex 7.20109 17.0212 2.8
    endloop
  endfacet
  facet normal 0 0 1
    outer loop
      vertex 7.57455 15.1036 2.8
      vertex 6.10205 15.1051 2.8
      vertex 7.49861 14.7137 2.8
    endloop
  endfacet
  facet normal 0 0 1
    outer loop
      vertex 5.961 16.2668 2.8
      vertex 7.20109 17.0212 2.8
      vertex 6.98438 17.3541 2.8
    endloop
  endfacet
  facet normal 0 0 1
    outer loop
      vertex 7.49861 14.7137 2.8
      vertex 6.10205 15.1051 2.8
      vertex 7.37344 14.3367 2.8
    endloop
  endfacet
  facet normal 0 0 1
    outer loop
      vertex 5.73504 16.5942 2.8
      vertex 6.98438 17.3541 2.8
      vertex 6.72688 17.6566 2.8
    endloop
  endfacet
  facet normal -0 0 1
    outer loop
      vertex 5.961 14.7332 2.8
      vertex 7.37344 14.3367 2.8
      vertex 6.10205 15.1051 2.8
    endloop
  endfacet
  facet normal 0 0 1
    outer loop
      vertex 5.73504 16.5942 2.8
      vertex 6.72688 17.6566 2.8
      vertex 6.43282 17.9237 2.8
    endloop
  endfacet
  facet normal 0 0 1
    outer loop
      vertex 7.37344 14.3367 2.8
      vertex 5.961 14.7332 2.8
      vertex 7.20109 13.9788 2.8
    endloop
  endfacet
  facet normal 0 0 1
    outer loop
      vertex 7.20109 13.9788 2.8
      vertex 5.961 14.7332 2.8
      vertex 6.98438 13.6459 2.8
    endloop
  endfacet
  facet normal 0 0 1
    outer loop
      vertex 5.43731 16.8579 2.8
      vertex 6.43282 17.9237 2.8
      vertex 6.10702 18.1509 2.8
    endloop
  endfacet
  facet normal 0 0 1
    outer loop
      vertex 7.57455 15.8964 2.8
      vertex 6.10205 15.8949 2.8
      vertex 6.15 15.5 2.8
    endloop
  endfacet
  facet normal 0 0 1
    outer loop
      vertex 7.37344 16.6633 2.8
      vertex 5.961 16.2668 2.8
      vertex 6.10205 15.8949 2.8
    endloop
  endfacet
  facet normal 0 0 1
    outer loop
      vertex 5.43731 16.8579 2.8
      vertex 6.10702 18.1509 2.8
      vertex 5.75483 18.3347 2.8
    endloop
  endfacet
  facet normal 0 0 1
    outer loop
      vertex 6.98438 17.3541 2.8
      vertex 5.73504 16.5942 2.8
      vertex 5.961 16.2668 2.8
    endloop
  endfacet
  facet normal 0 0 1
    outer loop
      vertex 6.43282 17.9237 2.8
      vertex 5.43731 16.8579 2.8
      vertex 5.73504 16.5942 2.8
    endloop
  endfacet
  facet normal 0 0 1
    outer loop
      vertex 5.0851 17.0428 2.8
      vertex 5.75483 18.3347 2.8
      vertex 5.38204 18.4719 2.8
    endloop
  endfacet
  facet normal 0 0 1
    outer loop
      vertex 5.75483 18.3347 2.8
      vertex 5.0851 17.0428 2.8
      vertex 5.43731 16.8579 2.8
    endloop
  endfacet
  facet normal 0 0 1
    outer loop
      vertex 4.69888 17.138 2.8
      vertex 5.38204 18.4719 2.8
      vertex 4.99476 18.5603 2.8
    endloop
  endfacet
  facet normal 0 0 1
    outer loop
      vertex 5.38204 18.4719 2.8
      vertex 4.69888 17.138 2.8
      vertex 5.0851 17.0428 2.8
    endloop
  endfacet
  facet normal 0 0 1
    outer loop
      vertex 4.59936 18.5984 2.8
      vertex 4.69888 17.138 2.8
      vertex 4.99476 18.5603 2.8
    endloop
  endfacet
  facet normal 0 0 1
    outer loop
      vertex 4.59936 18.5984 2.8
      vertex 4.30112 17.138 2.8
      vertex 4.69888 17.138 2.8
    endloop
  endfacet
  facet normal -0 0 1
    outer loop
      vertex 4.20233 18.5857 2.8
      vertex 4.30112 17.138 2.8
      vertex 4.59936 18.5984 2.8
    endloop
  endfacet
  facet normal -0 0 1
    outer loop
      vertex 3.81019 18.5223 2.8
      vertex 4.30112 17.138 2.8
      vertex 4.20233 18.5857 2.8
    endloop
  endfacet
  facet normal 0 0 1
    outer loop
      vertex 4.30112 17.138 2.8
      vertex 3.81019 18.5223 2.8
      vertex 3.9149 17.0428 2.8
    endloop
  endfacet
  facet normal -0 0 1
    outer loop
      vertex 3.42937 18.4093 2.8
      vertex 3.9149 17.0428 2.8
      vertex 3.81019 18.5223 2.8
    endloop
  endfacet
  facet normal -0 0 1
    outer loop
      vertex 3.06613 18.2485 2.8
      vertex 3.9149 17.0428 2.8
      vertex 3.42937 18.4093 2.8
    endloop
  endfacet
  facet normal 0 0 1
    outer loop
      vertex 3.9149 17.0428 2.8
      vertex 3.06613 18.2485 2.8
      vertex 3.56269 16.8579 2.8
    endloop
  endfacet
  facet normal -0 0 1
    outer loop
      vertex 2.72644 18.0425 2.8
      vertex 3.56269 16.8579 2.8
      vertex 3.06613 18.2485 2.8
    endloop
  endfacet
  facet normal -0 0 1
    outer loop
      vertex 2.41587 17.7949 2.8
      vertex 3.56269 16.8579 2.8
      vertex 2.72644 18.0425 2.8
    endloop
  endfacet
  facet normal 0 0 1
    outer loop
      vertex 3.56269 16.8579 2.8
      vertex 2.41587 17.7949 2.8
      vertex 3.26496 16.5942 2.8
    endloop
  endfacet
  facet normal -0 0 1
    outer loop
      vertex 2.13952 17.5095 2.8
      vertex 3.26496 16.5942 2.8
      vertex 2.41587 17.7949 2.8
    endloop
  endfacet
  facet normal -0 0 1
    outer loop
      vertex 1.90193 17.1912 2.8
      vertex 3.26496 16.5942 2.8
      vertex 2.13952 17.5095 2.8
    endloop
  endfacet
  facet normal -0 0 1
    outer loop
      vertex 5.73504 14.4058 2.8
      vertex 6.98438 13.6459 2.8
      vertex 5.961 14.7332 2.8
    endloop
  endfacet
  facet normal 0 0 1
    outer loop
      vertex 6.98438 13.6459 2.8
      vertex 5.73504 14.4058 2.8
      vertex 6.72688 13.3434 2.8
    endloop
  endfacet
  facet normal 0 0 1
    outer loop
      vertex 6.72688 13.3434 2.8
      vertex 5.73504 14.4058 2.8
      vertex 6.43282 13.0763 2.8
    endloop
  endfacet
  facet normal -0 0 1
    outer loop
      vertex 5.43731 14.1421 2.8
      vertex 6.43282 13.0763 2.8
      vertex 5.73504 14.4058 2.8
    endloop
  endfacet
  facet normal 0 0 1
    outer loop
      vertex 6.43282 13.0763 2.8
      vertex 5.43731 14.1421 2.8
      vertex 6.10702 12.8491 2.8
    endloop
  endfacet
  facet normal 0 0 1
    outer loop
      vertex 6.10702 12.8491 2.8
      vertex 5.43731 14.1421 2.8
      vertex 5.75483 12.6653 2.8
    endloop
  endfacet
  facet normal -0 0 1
    outer loop
      vertex 5.0851 13.9572 2.8
      vertex 5.75483 12.6653 2.8
      vertex 5.43731 14.1421 2.8
    endloop
  endfacet
  facet normal 0 0 1
    outer loop
      vertex 5.75483 12.6653 2.8
      vertex 5.0851 13.9572 2.8
      vertex 5.38204 12.5281 2.8
    endloop
  endfacet
  facet normal -0 0 1
    outer loop
      vertex 4.69888 13.862 2.8
      vertex 5.38204 12.5281 2.8
      vertex 5.0851 13.9572 2.8
    endloop
  endfacet
  facet normal 0 0 1
    outer loop
      vertex 5.38204 12.5281 2.8
      vertex 4.69888 13.862 2.8
      vertex 4.99476 12.4397 2.8
    endloop
  endfacet
  facet normal 0 0 1
    outer loop
      vertex 4.69888 13.862 2.8
      vertex 4.59936 12.4016 2.8
      vertex 4.99476 12.4397 2.8
    endloop
  endfacet
  facet normal -0 0 1
    outer loop
      vertex 4.30112 13.862 2.8
      vertex 4.59936 12.4016 2.8
      vertex 4.69888 13.862 2.8
    endloop
  endfacet
  facet normal 0 0 1
    outer loop
      vertex 4.30112 13.862 2.8
      vertex 4.20233 12.4143 2.8
      vertex 4.59936 12.4016 2.8
    endloop
  endfacet
  facet normal 0 0 1
    outer loop
      vertex 3.81019 12.4777 2.8
      vertex 4.30112 13.862 2.8
      vertex 3.9149 13.9572 2.8
    endloop
  endfacet
  facet normal 0 0 1
    outer loop
      vertex 4.30112 13.862 2.8
      vertex 3.81019 12.4777 2.8
      vertex 4.20233 12.4143 2.8
    endloop
  endfacet
  facet normal 0 0 1
    outer loop
      vertex 3.06613 12.7515 2.8
      vertex 3.9149 13.9572 2.8
      vertex 3.56269 14.1421 2.8
    endloop
  endfacet
  facet normal 0 0 1
    outer loop
      vertex 3.9149 13.9572 2.8
      vertex 3.42937 12.5907 2.8
      vertex 3.81019 12.4777 2.8
    endloop
  endfacet
  facet normal 0 0 1
    outer loop
      vertex 2.41587 13.2051 2.8
      vertex 3.56269 14.1421 2.8
      vertex 3.26496 14.4058 2.8
    endloop
  endfacet
  facet normal 0 0 1
    outer loop
      vertex 3.9149 13.9572 2.8
      vertex 3.06613 12.7515 2.8
      vertex 3.42937 12.5907 2.8
    endloop
  endfacet
  facet normal 0 0 1
    outer loop
      vertex 1.90193 13.8088 2.8
      vertex 3.26496 14.4058 2.8
      vertex 3.039 14.7332 2.8
    endloop
  endfacet
  facet normal 0 0 1
    outer loop
      vertex 1.55793 14.5232 2.8
      vertex 3.039 14.7332 2.8
      vertex 2.89795 15.1051 2.8
    endloop
  endfacet
  facet normal -0 0 1
    outer loop
      vertex 1.40637 15.3014 2.8
      vertex 2.89795 15.1051 2.8
      vertex 2.85 15.5 2.8
    endloop
  endfacet
  facet normal 0 0 1
    outer loop
      vertex 3.56269 14.1421 2.8
      vertex 2.72644 12.9575 2.8
      vertex 3.06613 12.7515 2.8
    endloop
  endfacet
  facet normal 0 0 1
    outer loop
      vertex 3.26496 16.5942 2.8
      vertex 1.90193 17.1912 2.8
      vertex 3.039 16.2668 2.8
    endloop
  endfacet
  facet normal -0 0 1
    outer loop
      vertex 1.707 16.845 2.8
      vertex 3.039 16.2668 2.8
      vertex 1.90193 17.1912 2.8
    endloop
  endfacet
  facet normal 0 0 1
    outer loop
      vertex 3.56269 14.1421 2.8
      vertex 2.41587 13.2051 2.8
      vertex 2.72644 12.9575 2.8
    endloop
  endfacet
  facet normal -0 0 1
    outer loop
      vertex 1.55793 16.4768 2.8
      vertex 3.039 16.2668 2.8
      vertex 1.707 16.845 2.8
    endloop
  endfacet
  facet normal 0 0 1
    outer loop
      vertex 3.26496 14.4058 2.8
      vertex 2.13952 13.4905 2.8
      vertex 2.41587 13.2051 2.8
    endloop
  endfacet
  facet normal 0 0 1
    outer loop
      vertex 3.039 16.2668 2.8
      vertex 1.55793 16.4768 2.8
      vertex 2.89795 15.8949 2.8
    endloop
  endfacet
  facet normal 0 0 1
    outer loop
      vertex 3.26496 14.4058 2.8
      vertex 1.90193 13.8088 2.8
      vertex 2.13952 13.4905 2.8
    endloop
  endfacet
  facet normal -0 0 1
    outer loop
      vertex 1.45717 16.0926 2.8
      vertex 2.89795 15.8949 2.8
      vertex 1.55793 16.4768 2.8
    endloop
  endfacet
  facet normal 0 0 1
    outer loop
      vertex 3.039 14.7332 2.8
      vertex 1.707 14.155 2.8
      vertex 1.90193 13.8088 2.8
    endloop
  endfacet
  facet normal 0 0 1
    outer loop
      vertex 1.40637 15.6986 2.8
      vertex 2.89795 15.8949 2.8
      vertex 1.45717 16.0926 2.8
    endloop
  endfacet
  facet normal 0 0 1
    outer loop
      vertex 3.039 14.7332 2.8
      vertex 1.55793 14.5232 2.8
      vertex 1.707 14.155 2.8
    endloop
  endfacet
  facet normal 0 0 1
    outer loop
      vertex 2.89795 15.8949 2.8
      vertex 1.40637 15.6986 2.8
      vertex 2.85 15.5 2.8
    endloop
  endfacet
  facet normal 0 0 1
    outer loop
      vertex 2.89795 15.1051 2.8
      vertex 1.45717 14.9074 2.8
      vertex 1.55793 14.5232 2.8
    endloop
  endfacet
  facet normal 0 0 1
    outer loop
      vertex 1.40637 15.3014 2.8
      vertex 2.85 15.5 2.8
      vertex 1.40637 15.6986 2.8
    endloop
  endfacet
  facet normal 0 0 1
    outer loop
      vertex 2.89795 15.1051 2.8
      vertex 1.40637 15.3014 2.8
      vertex 1.45717 14.9074 2.8
    endloop
  endfacet
  facet normal 0.62338 0.781919 -0
    outer loop
      vertex 2.72644 12.9575 2.8
      vertex 2.41587 13.2051 5
      vertex 2.72644 12.9575 5
    endloop
  endfacet
  facet normal 0.62338 0.781919 0
    outer loop
      vertex 2.41587 13.2051 5
      vertex 2.72644 12.9575 2.8
      vertex 2.41587 13.2051 2.8
    endloop
  endfacet
  facet normal 0.284469 0.958685 -0
    outer loop
      vertex 3.81019 12.4777 2.8
      vertex 3.42937 12.5907 5
      vertex 3.81019 12.4777 5
    endloop
  endfacet
  facet normal 0.284469 0.958685 0
    outer loop
      vertex 3.42937 12.5907 5
      vertex 3.81019 12.4777 2.8
      vertex 3.42937 12.5907 2.8
    endloop
  endfacet
  facet normal -0.222535 -0.974925 0
    outer loop
      vertex 4.99476 18.5603 2.8
      vertex 5.38204 18.4719 5
      vertex 4.99476 18.5603 5
    endloop
  endfacet
  facet normal -0.222535 -0.974925 -0
    outer loop
      vertex 5.38204 18.4719 5
      vertex 4.99476 18.5603 2.8
      vertex 5.38204 18.4719 2.8
    endloop
  endfacet
  facet normal -0.67236 -0.740225 0
    outer loop
      vertex 6.43282 17.9237 2.8
      vertex 6.72688 17.6566 5
      vertex 6.43282 17.9237 5
    endloop
  endfacet
  facet normal -0.67236 -0.740225 -0
    outer loop
      vertex 6.72688 17.6566 5
      vertex 6.43282 17.9237 2.8
      vertex 6.72688 17.6566 2.8
    endloop
  endfacet
  facet normal -0.462662 -0.886535 0
    outer loop
      vertex 5.75483 18.3347 2.8
      vertex 6.10702 18.1509 5
      vertex 5.75483 18.3347 5
    endloop
  endfacet
  facet normal -0.462662 -0.886535 -0
    outer loop
      vertex 6.10702 18.1509 5
      vertex 5.75483 18.3347 2.8
      vertex 6.10702 18.1509 2.8
    endloop
  endfacet
  facet normal -0.761473 -0.648196 0
    outer loop
      vertex 6.98438 17.3541 2.8
      vertex 6.72688 17.6566 5
      vertex 6.72688 17.6566 2.8
    endloop
  endfacet
  facet normal -0.761473 -0.648196 0
    outer loop
      vertex 6.72688 17.6566 5
      vertex 6.98438 17.3541 2.8
      vertex 6.98438 17.3541 5
    endloop
  endfacet
  facet normal -0.900974 -0.433872 0
    outer loop
      vertex 7.37344 16.6633 2.8
      vertex 7.20109 17.0212 5
      vertex 7.20109 17.0212 2.8
    endloop
  endfacet
  facet normal -0.900974 -0.433872 0
    outer loop
      vertex 7.20109 17.0212 5
      vertex 7.37344 16.6633 2.8
      vertex 7.37344 16.6633 5
    endloop
  endfacet
  facet normal 0.518536 -0.855056 0
    outer loop
      vertex 2.72644 18.0425 2.8
      vertex 3.06613 18.2485 5
      vertex 2.72644 18.0425 5
    endloop
  endfacet
  facet normal 0.518536 -0.855056 0
    outer loop
      vertex 3.06613 18.2485 5
      vertex 2.72644 18.0425 2.8
      vertex 3.06613 18.2485 2.8
    endloop
  endfacet
  facet normal 0.284469 -0.958685 0
    outer loop
      vertex 3.42937 18.4093 2.8
      vertex 3.81019 18.5223 5
      vertex 3.42937 18.4093 5
    endloop
  endfacet
  facet normal 0.284469 -0.958685 0
    outer loop
      vertex 3.81019 18.5223 5
      vertex 3.42937 18.4093 2.8
      vertex 3.81019 18.5223 2.8
    endloop
  endfacet
  facet normal 0.0319712 -0.999489 0
    outer loop
      vertex 4.20233 18.5857 2.8
      vertex 4.59936 18.5984 5
      vertex 4.20233 18.5857 5
    endloop
  endfacet
  facet normal 0.0319712 -0.999489 0
    outer loop
      vertex 4.59936 18.5984 5
      vertex 4.20233 18.5857 2.8
      vertex 4.59936 18.5984 2.8
    endloop
  endfacet
  facet normal 0.871368 -0.490629 0
    outer loop
      vertex 1.707 16.845 5
      vertex 1.90193 17.1912 2.8
      vertex 1.90193 17.1912 5
    endloop
  endfacet
  facet normal 0.871368 -0.490629 0
    outer loop
      vertex 1.90193 17.1912 2.8
      vertex 1.707 16.845 5
      vertex 1.707 16.845 2.8
    endloop
  endfacet
  facet normal 0.718405 -0.695625 0
    outer loop
      vertex 2.13952 17.5095 5
      vertex 2.41587 17.7949 2.8
      vertex 2.41587 17.7949 5
    endloop
  endfacet
  facet normal 0.718405 -0.695625 0
    outer loop
      vertex 2.41587 17.7949 2.8
      vertex 2.13952 17.5095 5
      vertex 2.13952 17.5095 2.8
    endloop
  endfacet
  facet normal 0.967288 -0.25368 0
    outer loop
      vertex 1.45717 16.0926 5
      vertex 1.55793 16.4768 2.8
      vertex 1.55793 16.4768 5
    endloop
  endfacet
  facet normal 0.967288 -0.25368 0
    outer loop
      vertex 1.55793 16.4768 2.8
      vertex 1.45717 16.0926 5
      vertex 1.45717 16.0926 2.8
    endloop
  endfacet
  facet normal -0.345387 -0.93846 0
    outer loop
      vertex 5.38204 18.4719 2.8
      vertex 5.75483 18.3347 5
      vertex 5.38204 18.4719 5
    endloop
  endfacet
  facet normal -0.345387 -0.93846 -0
    outer loop
      vertex 5.75483 18.3347 5
      vertex 5.38204 18.4719 2.8
      vertex 5.75483 18.3347 2.8
    endloop
  endfacet
  facet normal -0.572008 -0.820248 0
    outer loop
      vertex 6.10702 18.1509 2.8
      vertex 6.43282 17.9237 5
      vertex 6.10702 18.1509 5
    endloop
  endfacet
  facet normal -0.572008 -0.820248 -0
    outer loop
      vertex 6.43282 17.9237 5
      vertex 6.10702 18.1509 2.8
      vertex 6.43282 17.9237 2.8
    endloop
  endfacet
  facet normal -0.83807 -0.545563 0
    outer loop
      vertex 7.20109 17.0212 2.8
      vertex 6.98438 17.3541 5
      vertex 6.98438 17.3541 2.8
    endloop
  endfacet
  facet normal -0.83807 -0.545563 0
    outer loop
      vertex 6.98438 17.3541 5
      vertex 7.20109 17.0212 2.8
      vertex 7.20109 17.0212 5
    endloop
  endfacet
  facet normal -0.981556 -0.191176 0
    outer loop
      vertex 7.57455 15.8964 2.8
      vertex 7.49861 16.2863 5
      vertex 7.49861 16.2863 2.8
    endloop
  endfacet
  facet normal -0.981556 -0.191176 0
    outer loop
      vertex 7.49861 16.2863 5
      vertex 7.57455 15.8964 2.8
      vertex 7.57455 15.8964 5
    endloop
  endfacet
  facet normal -0.997945 -0.0640709 0
    outer loop
      vertex 7.6 15.5 2.8
      vertex 7.57455 15.8964 5
      vertex 7.57455 15.8964 2.8
    endloop
  endfacet
  facet normal -0.997945 -0.0640709 0
    outer loop
      vertex 7.57455 15.8964 5
      vertex 7.6 15.5 2.8
      vertex 7.6 15.5 5
    endloop
  endfacet
  facet normal 0.404793 -0.914408 0
    outer loop
      vertex 3.06613 18.2485 2.8
      vertex 3.42937 18.4093 5
      vertex 3.06613 18.2485 5
    endloop
  endfacet
  facet normal 0.404793 -0.914408 0
    outer loop
      vertex 3.42937 18.4093 5
      vertex 3.06613 18.2485 2.8
      vertex 3.42937 18.4093 2.8
    endloop
  endfacet
  facet normal 0.159604 -0.987181 0
    outer loop
      vertex 3.81019 18.5223 2.8
      vertex 4.20233 18.5857 5
      vertex 3.81019 18.5223 5
    endloop
  endfacet
  facet normal 0.159604 -0.987181 0
    outer loop
      vertex 4.20233 18.5857 5
      vertex 3.81019 18.5223 2.8
      vertex 4.20233 18.5857 2.8
    endloop
  endfacet
  facet normal 0.80137 -0.59817 0
    outer loop
      vertex 1.90193 17.1912 5
      vertex 2.13952 17.5095 2.8
      vertex 2.13952 17.5095 5
    endloop
  endfacet
  facet normal 0.80137 -0.59817 0
    outer loop
      vertex 2.13952 17.5095 2.8
      vertex 1.90193 17.1912 5
      vertex 1.90193 17.1912 2.8
    endloop
  endfacet
  facet normal -0.992709 0.120538 0
    outer loop
      vertex 6.10205 -15.8949 0
      vertex 6.15 -15.5 2.8
      vertex 6.15 -15.5 0
    endloop
  endfacet
  facet normal -0.992709 0.120538 0
    outer loop
      vertex 6.15 -15.5 2.8
      vertex 6.10205 -15.8949 0
      vertex 6.10205 -15.8949 2.8
    endloop
  endfacet
  facet normal 0.992709 0.120538 0
    outer loop
      vertex 2.89795 -15.8949 2.8
      vertex 2.85 -15.5 0
      vertex 2.85 -15.5 2.8
    endloop
  endfacet
  facet normal 0.992709 0.120538 0
    outer loop
      vertex 2.85 -15.5 0
      vertex 2.89795 -15.8949 2.8
      vertex 2.89795 -15.8949 0
    endloop
  endfacet
  facet normal 0 1 -0
    outer loop
      vertex 4.69888 -17.138 0
      vertex 4.30112 -17.138 2.8
      vertex 4.69888 -17.138 2.8
    endloop
  endfacet
  facet normal 0 1 0
    outer loop
      vertex 4.30112 -17.138 2.8
      vertex 4.69888 -17.138 0
      vertex 4.30112 -17.138 0
    endloop
  endfacet
  facet normal 0 -1 0
    outer loop
      vertex 4.30112 -13.862 0
      vertex 4.69888 -13.862 2.8
      vertex 4.30112 -13.862 2.8
    endloop
  endfacet
  facet normal 0 -1 -0
    outer loop
      vertex 4.69888 -13.862 2.8
      vertex 4.30112 -13.862 0
      vertex 4.69888 -13.862 0
    endloop
  endfacet
  facet normal -0.66303 -0.748593 0
    outer loop
      vertex 5.43731 -14.1421 0
      vertex 5.73504 -14.4058 2.8
      vertex 5.43731 -14.1421 2.8
    endloop
  endfacet
  facet normal -0.66303 -0.748593 -0
    outer loop
      vertex 5.73504 -14.4058 2.8
      vertex 5.43731 -14.1421 0
      vertex 5.73504 -14.4058 0
    endloop
  endfacet
  facet normal -0.66303 0.748593 0
    outer loop
      vertex 5.73504 -16.5942 0
      vertex 5.43731 -16.8579 2.8
      vertex 5.73504 -16.5942 2.8
    endloop
  endfacet
  facet normal -0.66303 0.748593 0
    outer loop
      vertex 5.43731 -16.8579 2.8
      vertex 5.73504 -16.5942 0
      vertex 5.43731 -16.8579 0
    endloop
  endfacet
  facet normal -0.464814 0.885409 0
    outer loop
      vertex 5.43731 -16.8579 0
      vertex 5.0851 -17.0428 2.8
      vertex 5.43731 -16.8579 2.8
    endloop
  endfacet
  facet normal -0.464814 0.885409 0
    outer loop
      vertex 5.0851 -17.0428 2.8
      vertex 5.43731 -16.8579 0
      vertex 5.0851 -17.0428 0
    endloop
  endfacet
  facet normal 0.66303 0.748593 -0
    outer loop
      vertex 3.56269 -16.8579 0
      vertex 3.26496 -16.5942 2.8
      vertex 3.56269 -16.8579 2.8
    endloop
  endfacet
  facet normal 0.66303 0.748593 0
    outer loop
      vertex 3.26496 -16.5942 2.8
      vertex 3.56269 -16.8579 0
      vertex 3.26496 -16.5942 0
    endloop
  endfacet
  facet normal 0.464814 0.885409 -0
    outer loop
      vertex 3.9149 -17.0428 0
      vertex 3.56269 -16.8579 2.8
      vertex 3.9149 -17.0428 2.8
    endloop
  endfacet
  facet normal 0.464814 0.885409 0
    outer loop
      vertex 3.56269 -16.8579 2.8
      vertex 3.9149 -17.0428 0
      vertex 3.56269 -16.8579 0
    endloop
  endfacet
  facet normal -0.823017 0.568017 0
    outer loop
      vertex 5.73504 -16.5942 0
      vertex 5.961 -16.2668 2.8
      vertex 5.961 -16.2668 0
    endloop
  endfacet
  facet normal -0.823017 0.568017 0
    outer loop
      vertex 5.961 -16.2668 2.8
      vertex 5.73504 -16.5942 0
      vertex 5.73504 -16.5942 2.8
    endloop
  endfacet
  facet normal -0.93501 0.35462 0
    outer loop
      vertex 5.961 -16.2668 0
      vertex 6.10205 -15.8949 2.8
      vertex 6.10205 -15.8949 0
    endloop
  endfacet
  facet normal -0.93501 0.35462 0
    outer loop
      vertex 6.10205 -15.8949 2.8
      vertex 5.961 -16.2668 0
      vertex 5.961 -16.2668 2.8
    endloop
  endfacet
  facet normal -0.239328 0.970939 0
    outer loop
      vertex 5.0851 -17.0428 0
      vertex 4.69888 -17.138 2.8
      vertex 5.0851 -17.0428 2.8
    endloop
  endfacet
  facet normal -0.239328 0.970939 0
    outer loop
      vertex 4.69888 -17.138 2.8
      vertex 5.0851 -17.0428 0
      vertex 4.69888 -17.138 0
    endloop
  endfacet
  facet normal 0.823017 0.568017 0
    outer loop
      vertex 3.26496 -16.5942 2.8
      vertex 3.039 -16.2668 0
      vertex 3.039 -16.2668 2.8
    endloop
  endfacet
  facet normal 0.823017 0.568017 0
    outer loop
      vertex 3.039 -16.2668 0
      vertex 3.26496 -16.5942 2.8
      vertex 3.26496 -16.5942 0
    endloop
  endfacet
  facet normal 0.93501 0.35462 0
    outer loop
      vertex 3.039 -16.2668 2.8
      vertex 2.89795 -15.8949 0
      vertex 2.89795 -15.8949 2.8
    endloop
  endfacet
  facet normal 0.93501 0.35462 0
    outer loop
      vertex 2.89795 -15.8949 0
      vertex 3.039 -16.2668 2.8
      vertex 3.039 -16.2668 0
    endloop
  endfacet
  facet normal 0.239328 0.970939 -0
    outer loop
      vertex 4.30112 -17.138 0
      vertex 3.9149 -17.0428 2.8
      vertex 4.30112 -17.138 2.8
    endloop
  endfacet
  facet normal 0.239328 0.970939 0
    outer loop
      vertex 3.9149 -17.0428 2.8
      vertex 4.30112 -17.138 0
      vertex 3.9149 -17.0428 0
    endloop
  endfacet
  facet normal -0.239328 -0.970939 0
    outer loop
      vertex 4.69888 -13.862 0
      vertex 5.0851 -13.9572 2.8
      vertex 4.69888 -13.862 2.8
    endloop
  endfacet
  facet normal -0.239328 -0.970939 -0
    outer loop
      vertex 5.0851 -13.9572 2.8
      vertex 4.69888 -13.862 0
      vertex 5.0851 -13.9572 0
    endloop
  endfacet
  facet normal -0.93501 -0.35462 0
    outer loop
      vertex 6.10205 -15.1051 0
      vertex 5.961 -14.7332 2.8
      vertex 5.961 -14.7332 0
    endloop
  endfacet
  facet normal -0.93501 -0.35462 0
    outer loop
      vertex 5.961 -14.7332 2.8
      vertex 6.10205 -15.1051 0
      vertex 6.10205 -15.1051 2.8
    endloop
  endfacet
  facet normal -0.823017 -0.568017 0
    outer loop
      vertex 5.961 -14.7332 0
      vertex 5.73504 -14.4058 2.8
      vertex 5.73504 -14.4058 0
    endloop
  endfacet
  facet normal -0.823017 -0.568017 0
    outer loop
      vertex 5.73504 -14.4058 2.8
      vertex 5.961 -14.7332 0
      vertex 5.961 -14.7332 2.8
    endloop
  endfacet
  facet normal -0.992709 -0.120538 0
    outer loop
      vertex 6.15 -15.5 0
      vertex 6.10205 -15.1051 2.8
      vertex 6.10205 -15.1051 0
    endloop
  endfacet
  facet normal -0.992709 -0.120538 0
    outer loop
      vertex 6.10205 -15.1051 2.8
      vertex 6.15 -15.5 0
      vertex 6.15 -15.5 2.8
    endloop
  endfacet
  facet normal 0.66303 -0.748593 0
    outer loop
      vertex 3.26496 -14.4058 0
      vertex 3.56269 -14.1421 2.8
      vertex 3.26496 -14.4058 2.8
    endloop
  endfacet
  facet normal 0.66303 -0.748593 0
    outer loop
      vertex 3.56269 -14.1421 2.8
      vertex 3.26496 -14.4058 0
      vertex 3.56269 -14.1421 0
    endloop
  endfacet
  facet normal 0.93501 -0.35462 0
    outer loop
      vertex 2.89795 -15.1051 2.8
      vertex 3.039 -14.7332 0
      vertex 3.039 -14.7332 2.8
    endloop
  endfacet
  facet normal 0.93501 -0.35462 0
    outer loop
      vertex 3.039 -14.7332 0
      vertex 2.89795 -15.1051 2.8
      vertex 2.89795 -15.1051 0
    endloop
  endfacet
  facet normal 0.992709 -0.120538 0
    outer loop
      vertex 2.85 -15.5 2.8
      vertex 2.89795 -15.1051 0
      vertex 2.89795 -15.1051 2.8
    endloop
  endfacet
  facet normal 0.992709 -0.120538 0
    outer loop
      vertex 2.89795 -15.1051 0
      vertex 2.85 -15.5 2.8
      vertex 2.85 -15.5 0
    endloop
  endfacet
  facet normal -0.464814 -0.885409 0
    outer loop
      vertex 5.0851 -13.9572 0
      vertex 5.43731 -14.1421 2.8
      vertex 5.0851 -13.9572 2.8
    endloop
  endfacet
  facet normal -0.464814 -0.885409 -0
    outer loop
      vertex 5.43731 -14.1421 2.8
      vertex 5.0851 -13.9572 0
      vertex 5.43731 -14.1421 0
    endloop
  endfacet
  facet normal 0.239328 -0.970939 0
    outer loop
      vertex 3.9149 -13.9572 0
      vertex 4.30112 -13.862 2.8
      vertex 3.9149 -13.9572 2.8
    endloop
  endfacet
  facet normal 0.239328 -0.970939 0
    outer loop
      vertex 4.30112 -13.862 2.8
      vertex 3.9149 -13.9572 0
      vertex 4.30112 -13.862 0
    endloop
  endfacet
  facet normal 0.823017 -0.568017 0
    outer loop
      vertex 3.039 -14.7332 2.8
      vertex 3.26496 -14.4058 0
      vertex 3.26496 -14.4058 2.8
    endloop
  endfacet
  facet normal 0.823017 -0.568017 0
    outer loop
      vertex 3.26496 -14.4058 0
      vertex 3.039 -14.7332 2.8
      vertex 3.039 -14.7332 0
    endloop
  endfacet
  facet normal 0.464814 -0.885409 0
    outer loop
      vertex 3.56269 -14.1421 0
      vertex 3.9149 -13.9572 2.8
      vertex 3.56269 -14.1421 2.8
    endloop
  endfacet
  facet normal 0.464814 -0.885409 0
    outer loop
      vertex 3.9149 -13.9572 2.8
      vertex 3.56269 -14.1421 0
      vertex 3.9149 -13.9572 0
    endloop
  endfacet
  facet normal -0.997945 0.0640709 0
    outer loop
      vertex 7.57455 -15.8964 2.8
      vertex 7.6 -15.5 5
      vertex 7.6 -15.5 2.8
    endloop
  endfacet
  facet normal -0.997945 0.0640709 0
    outer loop
      vertex 7.6 -15.5 5
      vertex 7.57455 -15.8964 2.8
      vertex 7.57455 -15.8964 5
    endloop
  endfacet
  facet normal 1 -0 0
    outer loop
      vertex 1.40637 -15.6986 5
      vertex 1.40637 -15.3014 2.8
      vertex 1.40637 -15.3014 5
    endloop
  endfacet
  facet normal 1 0 0
    outer loop
      vertex 1.40637 -15.3014 2.8
      vertex 1.40637 -15.6986 5
      vertex 1.40637 -15.6986 2.8
    endloop
  endfacet
  facet normal 0.0319712 0.999489 -0
    outer loop
      vertex 4.59936 -18.5984 2.8
      vertex 4.20233 -18.5857 5
      vertex 4.59936 -18.5984 5
    endloop
  endfacet
  facet normal 0.0319712 0.999489 0
    outer loop
      vertex 4.20233 -18.5857 5
      vertex 4.59936 -18.5984 2.8
      vertex 4.20233 -18.5857 2.8
    endloop
  endfacet
  facet normal -0.67236 0.740225 0
    outer loop
      vertex 6.72688 -17.6566 2.8
      vertex 6.43282 -17.9237 5
      vertex 6.72688 -17.6566 5
    endloop
  endfacet
  facet normal -0.67236 0.740225 0
    outer loop
      vertex 6.43282 -17.9237 5
      vertex 6.72688 -17.6566 2.8
      vertex 6.43282 -17.9237 2.8
    endloop
  endfacet
  facet normal 0.718405 0.695625 0
    outer loop
      vertex 2.41587 -17.7949 5
      vertex 2.13952 -17.5095 2.8
      vertex 2.13952 -17.5095 5
    endloop
  endfacet
  facet normal 0.718405 0.695625 0
    outer loop
      vertex 2.13952 -17.5095 2.8
      vertex 2.41587 -17.7949 5
      vertex 2.41587 -17.7949 2.8
    endloop
  endfacet
  facet normal 0.404793 0.914408 -0
    outer loop
      vertex 3.42937 -18.4093 2.8
      vertex 3.06613 -18.2485 5
      vertex 3.42937 -18.4093 5
    endloop
  endfacet
  facet normal 0.404793 0.914408 0
    outer loop
      vertex 3.06613 -18.2485 5
      vertex 3.42937 -18.4093 2.8
      vertex 3.06613 -18.2485 2.8
    endloop
  endfacet
  facet normal 0.926915 -0.375272 0
    outer loop
      vertex 1.55793 -14.5232 5
      vertex 1.707 -14.155 2.8
      vertex 1.707 -14.155 5
    endloop
  endfacet
  facet normal 0.926915 -0.375272 0
    outer loop
      vertex 1.707 -14.155 2.8
      vertex 1.55793 -14.5232 5
      vertex 1.55793 -14.5232 2.8
    endloop
  endfacet
  facet normal -0.900974 0.433872 0
    outer loop
      vertex 7.20109 -17.0212 2.8
      vertex 7.37344 -16.6633 5
      vertex 7.37344 -16.6633 2.8
    endloop
  endfacet
  facet normal -0.900974 0.433872 0
    outer loop
      vertex 7.37344 -16.6633 5
      vertex 7.20109 -17.0212 2.8
      vertex 7.20109 -17.0212 5
    endloop
  endfacet
  facet normal -0.345387 0.93846 0
    outer loop
      vertex 5.75483 -18.3347 2.8
      vertex 5.38204 -18.4719 5
      vertex 5.75483 -18.3347 5
    endloop
  endfacet
  facet normal -0.345387 0.93846 0
    outer loop
      vertex 5.38204 -18.4719 5
      vertex 5.75483 -18.3347 2.8
      vertex 5.38204 -18.4719 2.8
    endloop
  endfacet
  facet normal -0.462662 0.886535 0
    outer loop
      vertex 6.10702 -18.1509 2.8
      vertex 5.75483 -18.3347 5
      vertex 6.10702 -18.1509 5
    endloop
  endfacet
  facet normal -0.462662 0.886535 0
    outer loop
      vertex 5.75483 -18.3347 5
      vertex 6.10702 -18.1509 2.8
      vertex 5.75483 -18.3347 2.8
    endloop
  endfacet
  facet normal 0.926915 0.375272 0
    outer loop
      vertex 1.707 -16.845 5
      vertex 1.55793 -16.4768 2.8
      vertex 1.55793 -16.4768 5
    endloop
  endfacet
  facet normal 0.926915 0.375272 0
    outer loop
      vertex 1.55793 -16.4768 2.8
      vertex 1.707 -16.845 5
      vertex 1.707 -16.845 2.8
    endloop
  endfacet
  facet normal 0.967288 0.25368 0
    outer loop
      vertex 1.55793 -16.4768 5
      vertex 1.45717 -16.0926 2.8
      vertex 1.45717 -16.0926 5
    endloop
  endfacet
  facet normal 0.967288 0.25368 0
    outer loop
      vertex 1.45717 -16.0926 2.8
      vertex 1.55793 -16.4768 5
      vertex 1.55793 -16.4768 2.8
    endloop
  endfacet
  facet normal 0.518536 0.855056 -0
    outer loop
      vertex 3.06613 -18.2485 2.8
      vertex 2.72644 -18.0425 5
      vertex 3.06613 -18.2485 5
    endloop
  endfacet
  facet normal 0.518536 0.855056 0
    outer loop
      vertex 2.72644 -18.0425 5
      vertex 3.06613 -18.2485 2.8
      vertex 2.72644 -18.0425 2.8
    endloop
  endfacet
  facet normal 0.159604 0.987181 -0
    outer loop
      vertex 4.20233 -18.5857 2.8
      vertex 3.81019 -18.5223 5
      vertex 4.20233 -18.5857 5
    endloop
  endfacet
  facet normal 0.159604 0.987181 0
    outer loop
      vertex 3.81019 -18.5223 5
      vertex 4.20233 -18.5857 2.8
      vertex 3.81019 -18.5223 2.8
    endloop
  endfacet
  facet normal -0.0959139 -0.99539 0
    outer loop
      vertex 4.59936 -12.4016 2.8
      vertex 4.99476 -12.4397 5
      vertex 4.59936 -12.4016 5
    endloop
  endfacet
  facet normal -0.0959139 -0.99539 -0
    outer loop
      vertex 4.99476 -12.4397 5
      vertex 4.59936 -12.4016 2.8
      vertex 4.99476 -12.4397 2.8
    endloop
  endfacet
  facet normal -0.949058 -0.315102 0
    outer loop
      vertex 7.49861 -14.7137 2.8
      vertex 7.37344 -14.3367 5
      vertex 7.37344 -14.3367 2.8
    endloop
  endfacet
  facet normal -0.949058 -0.315102 0
    outer loop
      vertex 7.37344 -14.3367 5
      vertex 7.49861 -14.7137 2.8
      vertex 7.49861 -14.7137 5
    endloop
  endfacet
  facet normal 0.62338 -0.781919 0
    outer loop
      vertex 2.41587 -13.2051 2.8
      vertex 2.72644 -12.9575 5
      vertex 2.41587 -13.2051 5
    endloop
  endfacet
  facet normal 0.62338 -0.781919 0
    outer loop
      vertex 2.72644 -12.9575 5
      vertex 2.41587 -13.2051 2.8
      vertex 2.72644 -12.9575 2.8
    endloop
  endfacet
  facet normal 0.99179 -0.127875 0
    outer loop
      vertex 1.40637 -15.3014 5
      vertex 1.45717 -14.9074 2.8
      vertex 1.45717 -14.9074 5
    endloop
  endfacet
  facet normal 0.99179 -0.127875 0
    outer loop
      vertex 1.45717 -14.9074 2.8
      vertex 1.40637 -15.3014 5
      vertex 1.40637 -15.3014 2.8
    endloop
  endfacet
  facet normal -0.949058 0.315102 0
    outer loop
      vertex 7.37344 -16.6633 2.8
      vertex 7.49861 -16.2863 5
      vertex 7.49861 -16.2863 2.8
    endloop
  endfacet
  facet normal -0.949058 0.315102 0
    outer loop
      vertex 7.49861 -16.2863 5
      vertex 7.37344 -16.6633 2.8
      vertex 7.37344 -16.6633 5
    endloop
  endfacet
  facet normal -0.981556 0.191176 0
    outer loop
      vertex 7.49861 -16.2863 2.8
      vertex 7.57455 -15.8964 5
      vertex 7.57455 -15.8964 2.8
    endloop
  endfacet
  facet normal -0.981556 0.191176 0
    outer loop
      vertex 7.57455 -15.8964 5
      vertex 7.49861 -16.2863 2.8
      vertex 7.49861 -16.2863 5
    endloop
  endfacet
  facet normal -0.761473 0.648196 0
    outer loop
      vertex 6.72688 -17.6566 2.8
      vertex 6.98438 -17.3541 5
      vertex 6.98438 -17.3541 2.8
    endloop
  endfacet
  facet normal -0.761473 0.648196 0
    outer loop
      vertex 6.98438 -17.3541 5
      vertex 6.72688 -17.6566 2.8
      vertex 6.72688 -17.6566 5
    endloop
  endfacet
  facet normal -0.83807 0.545563 0
    outer loop
      vertex 6.98438 -17.3541 2.8
      vertex 7.20109 -17.0212 5
      vertex 7.20109 -17.0212 2.8
    endloop
  endfacet
  facet normal -0.83807 0.545563 0
    outer loop
      vertex 7.20109 -17.0212 5
      vertex 6.98438 -17.3541 2.8
      vertex 6.98438 -17.3541 5
    endloop
  endfacet
  facet normal -0.222535 0.974925 0
    outer loop
      vertex 5.38204 -18.4719 2.8
      vertex 4.99476 -18.5603 5
      vertex 5.38204 -18.4719 5
    endloop
  endfacet
  facet normal -0.222535 0.974925 0
    outer loop
      vertex 4.99476 -18.5603 5
      vertex 5.38204 -18.4719 2.8
      vertex 4.99476 -18.5603 2.8
    endloop
  endfacet
  facet normal -0.0959139 0.99539 0
    outer loop
      vertex 4.99476 -18.5603 2.8
      vertex 4.59936 -18.5984 5
      vertex 4.99476 -18.5603 5
    endloop
  endfacet
  facet normal -0.0959139 0.99539 0
    outer loop
      vertex 4.59936 -18.5984 5
      vertex 4.99476 -18.5603 2.8
      vertex 4.59936 -18.5984 2.8
    endloop
  endfacet
  facet normal -0.572008 0.820248 0
    outer loop
      vertex 6.43282 -17.9237 2.8
      vertex 6.10702 -18.1509 5
      vertex 6.43282 -17.9237 5
    endloop
  endfacet
  facet normal -0.572008 0.820248 0
    outer loop
      vertex 6.10702 -18.1509 5
      vertex 6.43282 -17.9237 2.8
      vertex 6.10702 -18.1509 2.8
    endloop
  endfacet
  facet normal 0.871368 0.490629 0
    outer loop
      vertex 1.90193 -17.1912 5
      vertex 1.707 -16.845 2.8
      vertex 1.707 -16.845 5
    endloop
  endfacet
  facet normal 0.871368 0.490629 0
    outer loop
      vertex 1.707 -16.845 2.8
      vertex 1.90193 -17.1912 5
      vertex 1.90193 -17.1912 2.8
    endloop
  endfacet
  facet normal 0.80137 0.59817 0
    outer loop
      vertex 2.13952 -17.5095 5
      vertex 1.90193 -17.1912 2.8
      vertex 1.90193 -17.1912 5
    endloop
  endfacet
  facet normal 0.80137 0.59817 0
    outer loop
      vertex 1.90193 -17.1912 2.8
      vertex 2.13952 -17.5095 5
      vertex 2.13952 -17.5095 2.8
    endloop
  endfacet
  facet normal 0.99179 0.127875 0
    outer loop
      vertex 1.45717 -16.0926 5
      vertex 1.40637 -15.6986 2.8
      vertex 1.40637 -15.6986 5
    endloop
  endfacet
  facet normal 0.99179 0.127875 0
    outer loop
      vertex 1.40637 -15.6986 2.8
      vertex 1.45717 -16.0926 5
      vertex 1.45717 -16.0926 2.8
    endloop
  endfacet
  facet normal 0 0 1
    outer loop
      vertex 6.15 -15.5 2.8
      vertex 7.6 -15.5 2.8
      vertex 7.57455 -15.1036 2.8
    endloop
  endfacet
  facet normal 0 0 1
    outer loop
      vertex 6.10205 -15.1051 2.8
      vertex 7.57455 -15.1036 2.8
      vertex 7.49861 -14.7137 2.8
    endloop
  endfacet
  facet normal 0 0 1
    outer loop
      vertex 7.6 -15.5 2.8
      vertex 6.15 -15.5 2.8
      vertex 7.57455 -15.8964 2.8
    endloop
  endfacet
  facet normal 0 0 1
    outer loop
      vertex 6.10205 -15.1051 2.8
      vertex 7.49861 -14.7137 2.8
      vertex 7.37344 -14.3367 2.8
    endloop
  endfacet
  facet normal -0 0 1
    outer loop
      vertex 6.10205 -15.8949 2.8
      vertex 7.57455 -15.8964 2.8
      vertex 6.15 -15.5 2.8
    endloop
  endfacet
  facet normal 0 0 1
    outer loop
      vertex 5.961 -14.7332 2.8
      vertex 7.37344 -14.3367 2.8
      vertex 7.20109 -13.9788 2.8
    endloop
  endfacet
  facet normal 0 0 1
    outer loop
      vertex 7.57455 -15.8964 2.8
      vertex 6.10205 -15.8949 2.8
      vertex 7.49861 -16.2863 2.8
    endloop
  endfacet
  facet normal 0 0 1
    outer loop
      vertex 5.961 -14.7332 2.8
      vertex 7.20109 -13.9788 2.8
      vertex 6.98438 -13.6459 2.8
    endloop
  endfacet
  facet normal 0 0 1
    outer loop
      vertex 7.49861 -16.2863 2.8
      vertex 6.10205 -15.8949 2.8
      vertex 7.37344 -16.6633 2.8
    endloop
  endfacet
  facet normal 0 0 1
    outer loop
      vertex 5.73504 -14.4058 2.8
      vertex 6.98438 -13.6459 2.8
      vertex 6.72688 -13.3434 2.8
    endloop
  endfacet
  facet normal -0 0 1
    outer loop
      vertex 5.961 -16.2668 2.8
      vertex 7.37344 -16.6633 2.8
      vertex 6.10205 -15.8949 2.8
    endloop
  endfacet
  facet normal 0 0 1
    outer loop
      vertex 5.73504 -14.4058 2.8
      vertex 6.72688 -13.3434 2.8
      vertex 6.43282 -13.0763 2.8
    endloop
  endfacet
  facet normal 0 0 1
    outer loop
      vertex 7.37344 -16.6633 2.8
      vertex 5.961 -16.2668 2.8
      vertex 7.20109 -17.0212 2.8
    endloop
  endfacet
  facet normal 0 0 1
    outer loop
      vertex 7.20109 -17.0212 2.8
      vertex 5.961 -16.2668 2.8
      vertex 6.98438 -17.3541 2.8
    endloop
  endfacet
  facet normal 0 0 1
    outer loop
      vertex 5.43731 -14.1421 2.8
      vertex 6.43282 -13.0763 2.8
      vertex 6.10702 -12.8491 2.8
    endloop
  endfacet
  facet normal 0 0 1
    outer loop
      vertex 7.57455 -15.1036 2.8
      vertex 6.10205 -15.1051 2.8
      vertex 6.15 -15.5 2.8
    endloop
  endfacet
  facet normal 0 0 1
    outer loop
      vertex 7.37344 -14.3367 2.8
      vertex 5.961 -14.7332 2.8
      vertex 6.10205 -15.1051 2.8
    endloop
  endfacet
  facet normal 0 0 1
    outer loop
      vertex 5.43731 -14.1421 2.8
      vertex 6.10702 -12.8491 2.8
      vertex 5.75483 -12.6653 2.8
    endloop
  endfacet
  facet normal 0 0 1
    outer loop
      vertex 6.98438 -13.6459 2.8
      vertex 5.73504 -14.4058 2.8
      vertex 5.961 -14.7332 2.8
    endloop
  endfacet
  facet normal 0 0 1
    outer loop
      vertex 6.43282 -13.0763 2.8
      vertex 5.43731 -14.1421 2.8
      vertex 5.73504 -14.4058 2.8
    endloop
  endfacet
  facet normal 0 0 1
    outer loop
      vertex 5.0851 -13.9572 2.8
      vertex 5.75483 -12.6653 2.8
      vertex 5.38204 -12.5281 2.8
    endloop
  endfacet
  facet normal 0 0 1
    outer loop
      vertex 5.75483 -12.6653 2.8
      vertex 5.0851 -13.9572 2.8
      vertex 5.43731 -14.1421 2.8
    endloop
  endfacet
  facet normal 0 0 1
    outer loop
      vertex 4.69888 -13.862 2.8
      vertex 5.38204 -12.5281 2.8
      vertex 4.99476 -12.4397 2.8
    endloop
  endfacet
  facet normal 0 0 1
    outer loop
      vertex 5.38204 -12.5281 2.8
      vertex 4.69888 -13.862 2.8
      vertex 5.0851 -13.9572 2.8
    endloop
  endfacet
  facet normal 0 0 1
    outer loop
      vertex 4.59936 -12.4016 2.8
      vertex 4.69888 -13.862 2.8
      vertex 4.99476 -12.4397 2.8
    endloop
  endfacet
  facet normal 0 0 1
    outer loop
      vertex 4.59936 -12.4016 2.8
      vertex 4.30112 -13.862 2.8
      vertex 4.69888 -13.862 2.8
    endloop
  endfacet
  facet normal -0 0 1
    outer loop
      vertex 4.20233 -12.4143 2.8
      vertex 4.30112 -13.862 2.8
      vertex 4.59936 -12.4016 2.8
    endloop
  endfacet
  facet normal -0 0 1
    outer loop
      vertex 3.81019 -12.4777 2.8
      vertex 4.30112 -13.862 2.8
      vertex 4.20233 -12.4143 2.8
    endloop
  endfacet
  facet normal 0 0 1
    outer loop
      vertex 4.30112 -13.862 2.8
      vertex 3.81019 -12.4777 2.8
      vertex 3.9149 -13.9572 2.8
    endloop
  endfacet
  facet normal -0 0 1
    outer loop
      vertex 3.42937 -12.5907 2.8
      vertex 3.9149 -13.9572 2.8
      vertex 3.81019 -12.4777 2.8
    endloop
  endfacet
  facet normal -0 0 1
    outer loop
      vertex 3.06613 -12.7515 2.8
      vertex 3.9149 -13.9572 2.8
      vertex 3.42937 -12.5907 2.8
    endloop
  endfacet
  facet normal 0 0 1
    outer loop
      vertex 3.9149 -13.9572 2.8
      vertex 3.06613 -12.7515 2.8
      vertex 3.56269 -14.1421 2.8
    endloop
  endfacet
  facet normal -0 0 1
    outer loop
      vertex 2.72644 -12.9575 2.8
      vertex 3.56269 -14.1421 2.8
      vertex 3.06613 -12.7515 2.8
    endloop
  endfacet
  facet normal -0 0 1
    outer loop
      vertex 2.41587 -13.2051 2.8
      vertex 3.56269 -14.1421 2.8
      vertex 2.72644 -12.9575 2.8
    endloop
  endfacet
  facet normal 0 0 1
    outer loop
      vertex 3.56269 -14.1421 2.8
      vertex 2.41587 -13.2051 2.8
      vertex 3.26496 -14.4058 2.8
    endloop
  endfacet
  facet normal -0 0 1
    outer loop
      vertex 2.13952 -13.4905 2.8
      vertex 3.26496 -14.4058 2.8
      vertex 2.41587 -13.2051 2.8
    endloop
  endfacet
  facet normal -0 0 1
    outer loop
      vertex 1.90193 -13.8088 2.8
      vertex 3.26496 -14.4058 2.8
      vertex 2.13952 -13.4905 2.8
    endloop
  endfacet
  facet normal -0 0 1
    outer loop
      vertex 5.73504 -16.5942 2.8
      vertex 6.98438 -17.3541 2.8
      vertex 5.961 -16.2668 2.8
    endloop
  endfacet
  facet normal 0 0 1
    outer loop
      vertex 6.98438 -17.3541 2.8
      vertex 5.73504 -16.5942 2.8
      vertex 6.72688 -17.6566 2.8
    endloop
  endfacet
  facet normal 0 0 1
    outer loop
      vertex 6.72688 -17.6566 2.8
      vertex 5.73504 -16.5942 2.8
      vertex 6.43282 -17.9237 2.8
    endloop
  endfacet
  facet normal -0 0 1
    outer loop
      vertex 5.43731 -16.8579 2.8
      vertex 6.43282 -17.9237 2.8
      vertex 5.73504 -16.5942 2.8
    endloop
  endfacet
  facet normal 0 0 1
    outer loop
      vertex 6.43282 -17.9237 2.8
      vertex 5.43731 -16.8579 2.8
      vertex 6.10702 -18.1509 2.8
    endloop
  endfacet
  facet normal 0 0 1
    outer loop
      vertex 6.10702 -18.1509 2.8
      vertex 5.43731 -16.8579 2.8
      vertex 5.75483 -18.3347 2.8
    endloop
  endfacet
  facet normal -0 0 1
    outer loop
      vertex 5.0851 -17.0428 2.8
      vertex 5.75483 -18.3347 2.8
      vertex 5.43731 -16.8579 2.8
    endloop
  endfacet
  facet normal 0 0 1
    outer loop
      vertex 5.75483 -18.3347 2.8
      vertex 5.0851 -17.0428 2.8
      vertex 5.38204 -18.4719 2.8
    endloop
  endfacet
  facet normal -0 0 1
    outer loop
      vertex 4.69888 -17.138 2.8
      vertex 5.38204 -18.4719 2.8
      vertex 5.0851 -17.0428 2.8
    endloop
  endfacet
  facet normal 0 0 1
    outer loop
      vertex 5.38204 -18.4719 2.8
      vertex 4.69888 -17.138 2.8
      vertex 4.99476 -18.5603 2.8
    endloop
  endfacet
  facet normal 0 0 1
    outer loop
      vertex 4.69888 -17.138 2.8
      vertex 4.59936 -18.5984 2.8
      vertex 4.99476 -18.5603 2.8
    endloop
  endfacet
  facet normal -0 0 1
    outer loop
      vertex 4.30112 -17.138 2.8
      vertex 4.59936 -18.5984 2.8
      vertex 4.69888 -17.138 2.8
    endloop
  endfacet
  facet normal 0 0 1
    outer loop
      vertex 4.30112 -17.138 2.8
      vertex 4.20233 -18.5857 2.8
      vertex 4.59936 -18.5984 2.8
    endloop
  endfacet
  facet normal 0 0 1
    outer loop
      vertex 3.81019 -18.5223 2.8
      vertex 4.30112 -17.138 2.8
      vertex 3.9149 -17.0428 2.8
    endloop
  endfacet
  facet normal 0 0 1
    outer loop
      vertex 4.30112 -17.138 2.8
      vertex 3.81019 -18.5223 2.8
      vertex 4.20233 -18.5857 2.8
    endloop
  endfacet
  facet normal 0 0 1
    outer loop
      vertex 3.06613 -18.2485 2.8
      vertex 3.9149 -17.0428 2.8
      vertex 3.56269 -16.8579 2.8
    endloop
  endfacet
  facet normal 0 0 1
    outer loop
      vertex 3.9149 -17.0428 2.8
      vertex 3.42937 -18.4093 2.8
      vertex 3.81019 -18.5223 2.8
    endloop
  endfacet
  facet normal 0 0 1
    outer loop
      vertex 2.41587 -17.7949 2.8
      vertex 3.56269 -16.8579 2.8
      vertex 3.26496 -16.5942 2.8
    endloop
  endfacet
  facet normal 0 0 1
    outer loop
      vertex 3.9149 -17.0428 2.8
      vertex 3.06613 -18.2485 2.8
      vertex 3.42937 -18.4093 2.8
    endloop
  endfacet
  facet normal 0 0 1
    outer loop
      vertex 1.90193 -17.1912 2.8
      vertex 3.26496 -16.5942 2.8
      vertex 3.039 -16.2668 2.8
    endloop
  endfacet
  facet normal 0 0 1
    outer loop
      vertex 1.55793 -16.4768 2.8
      vertex 3.039 -16.2668 2.8
      vertex 2.89795 -15.8949 2.8
    endloop
  endfacet
  facet normal -0 0 1
    outer loop
      vertex 1.40637 -15.6986 2.8
      vertex 2.89795 -15.8949 2.8
      vertex 2.85 -15.5 2.8
    endloop
  endfacet
  facet normal 0 0 1
    outer loop
      vertex 3.56269 -16.8579 2.8
      vertex 2.72644 -18.0425 2.8
      vertex 3.06613 -18.2485 2.8
    endloop
  endfacet
  facet normal 0 0 1
    outer loop
      vertex 3.26496 -14.4058 2.8
      vertex 1.90193 -13.8088 2.8
      vertex 3.039 -14.7332 2.8
    endloop
  endfacet
  facet normal -0 0 1
    outer loop
      vertex 1.707 -14.155 2.8
      vertex 3.039 -14.7332 2.8
      vertex 1.90193 -13.8088 2.8
    endloop
  endfacet
  facet normal 0 0 1
    outer loop
      vertex 3.56269 -16.8579 2.8
      vertex 2.41587 -17.7949 2.8
      vertex 2.72644 -18.0425 2.8
    endloop
  endfacet
  facet normal -0 0 1
    outer loop
      vertex 1.55793 -14.5232 2.8
      vertex 3.039 -14.7332 2.8
      vertex 1.707 -14.155 2.8
    endloop
  endfacet
  facet normal 0 0 1
    outer loop
      vertex 3.26496 -16.5942 2.8
      vertex 2.13952 -17.5095 2.8
      vertex 2.41587 -17.7949 2.8
    endloop
  endfacet
  facet normal 0 0 1
    outer loop
      vertex 3.039 -14.7332 2.8
      vertex 1.55793 -14.5232 2.8
      vertex 2.89795 -15.1051 2.8
    endloop
  endfacet
  facet normal 0 0 1
    outer loop
      vertex 3.26496 -16.5942 2.8
      vertex 1.90193 -17.1912 2.8
      vertex 2.13952 -17.5095 2.8
    endloop
  endfacet
  facet normal -0 0 1
    outer loop
      vertex 1.45717 -14.9074 2.8
      vertex 2.89795 -15.1051 2.8
      vertex 1.55793 -14.5232 2.8
    endloop
  endfacet
  facet normal 0 0 1
    outer loop
      vertex 3.039 -16.2668 2.8
      vertex 1.707 -16.845 2.8
      vertex 1.90193 -17.1912 2.8
    endloop
  endfacet
  facet normal 0 0 1
    outer loop
      vertex 1.40637 -15.3014 2.8
      vertex 2.89795 -15.1051 2.8
      vertex 1.45717 -14.9074 2.8
    endloop
  endfacet
  facet normal 0 0 1
    outer loop
      vertex 3.039 -16.2668 2.8
      vertex 1.55793 -16.4768 2.8
      vertex 1.707 -16.845 2.8
    endloop
  endfacet
  facet normal 0 0 1
    outer loop
      vertex 2.89795 -15.1051 2.8
      vertex 1.40637 -15.3014 2.8
      vertex 2.85 -15.5 2.8
    endloop
  endfacet
  facet normal 0 0 1
    outer loop
      vertex 2.89795 -15.8949 2.8
      vertex 1.45717 -16.0926 2.8
      vertex 1.55793 -16.4768 2.8
    endloop
  endfacet
  facet normal 0 0 1
    outer loop
      vertex 1.40637 -15.6986 2.8
      vertex 2.85 -15.5 2.8
      vertex 1.40637 -15.3014 2.8
    endloop
  endfacet
  facet normal 0 0 1
    outer loop
      vertex 2.89795 -15.8949 2.8
      vertex 1.40637 -15.6986 2.8
      vertex 1.45717 -16.0926 2.8
    endloop
  endfacet
  facet normal 0.62338 0.781919 -0
    outer loop
      vertex 2.72644 -18.0425 2.8
      vertex 2.41587 -17.7949 5
      vertex 2.72644 -18.0425 5
    endloop
  endfacet
  facet normal 0.62338 0.781919 0
    outer loop
      vertex 2.41587 -17.7949 5
      vertex 2.72644 -18.0425 2.8
      vertex 2.41587 -17.7949 2.8
    endloop
  endfacet
  facet normal 0.284469 0.958685 -0
    outer loop
      vertex 3.81019 -18.5223 2.8
      vertex 3.42937 -18.4093 5
      vertex 3.81019 -18.5223 5
    endloop
  endfacet
  facet normal 0.284469 0.958685 0
    outer loop
      vertex 3.42937 -18.4093 5
      vertex 3.81019 -18.5223 2.8
      vertex 3.42937 -18.4093 2.8
    endloop
  endfacet
  facet normal -0.222535 -0.974925 0
    outer loop
      vertex 4.99476 -12.4397 2.8
      vertex 5.38204 -12.5281 5
      vertex 4.99476 -12.4397 5
    endloop
  endfacet
  facet normal -0.222535 -0.974925 -0
    outer loop
      vertex 5.38204 -12.5281 5
      vertex 4.99476 -12.4397 2.8
      vertex 5.38204 -12.5281 2.8
    endloop
  endfacet
  facet normal -0.67236 -0.740225 0
    outer loop
      vertex 6.43282 -13.0763 2.8
      vertex 6.72688 -13.3434 5
      vertex 6.43282 -13.0763 5
    endloop
  endfacet
  facet normal -0.67236 -0.740225 -0
    outer loop
      vertex 6.72688 -13.3434 5
      vertex 6.43282 -13.0763 2.8
      vertex 6.72688 -13.3434 2.8
    endloop
  endfacet
  facet normal -0.462662 -0.886535 0
    outer loop
      vertex 5.75483 -12.6653 2.8
      vertex 6.10702 -12.8491 5
      vertex 5.75483 -12.6653 5
    endloop
  endfacet
  facet normal -0.462662 -0.886535 -0
    outer loop
      vertex 6.10702 -12.8491 5
      vertex 5.75483 -12.6653 2.8
      vertex 6.10702 -12.8491 2.8
    endloop
  endfacet
  facet normal -0.761473 -0.648196 0
    outer loop
      vertex 6.98438 -13.6459 2.8
      vertex 6.72688 -13.3434 5
      vertex 6.72688 -13.3434 2.8
    endloop
  endfacet
  facet normal -0.761473 -0.648196 0
    outer loop
      vertex 6.72688 -13.3434 5
      vertex 6.98438 -13.6459 2.8
      vertex 6.98438 -13.6459 5
    endloop
  endfacet
  facet normal -0.900974 -0.433872 0
    outer loop
      vertex 7.37344 -14.3367 2.8
      vertex 7.20109 -13.9788 5
      vertex 7.20109 -13.9788 2.8
    endloop
  endfacet
  facet normal -0.900974 -0.433872 0
    outer loop
      vertex 7.20109 -13.9788 5
      vertex 7.37344 -14.3367 2.8
      vertex 7.37344 -14.3367 5
    endloop
  endfacet
  facet normal 0.518536 -0.855056 0
    outer loop
      vertex 2.72644 -12.9575 2.8
      vertex 3.06613 -12.7515 5
      vertex 2.72644 -12.9575 5
    endloop
  endfacet
  facet normal 0.518536 -0.855056 0
    outer loop
      vertex 3.06613 -12.7515 5
      vertex 2.72644 -12.9575 2.8
      vertex 3.06613 -12.7515 2.8
    endloop
  endfacet
  facet normal 0.284469 -0.958685 0
    outer loop
      vertex 3.42937 -12.5907 2.8
      vertex 3.81019 -12.4777 5
      vertex 3.42937 -12.5907 5
    endloop
  endfacet
  facet normal 0.284469 -0.958685 0
    outer loop
      vertex 3.81019 -12.4777 5
      vertex 3.42937 -12.5907 2.8
      vertex 3.81019 -12.4777 2.8
    endloop
  endfacet
  facet normal 0.0319712 -0.999489 0
    outer loop
      vertex 4.20233 -12.4143 2.8
      vertex 4.59936 -12.4016 5
      vertex 4.20233 -12.4143 5
    endloop
  endfacet
  facet normal 0.0319712 -0.999489 0
    outer loop
      vertex 4.59936 -12.4016 5
      vertex 4.20233 -12.4143 2.8
      vertex 4.59936 -12.4016 2.8
    endloop
  endfacet
  facet normal 0.871368 -0.490629 0
    outer loop
      vertex 1.707 -14.155 5
      vertex 1.90193 -13.8088 2.8
      vertex 1.90193 -13.8088 5
    endloop
  endfacet
  facet normal 0.871368 -0.490629 0
    outer loop
      vertex 1.90193 -13.8088 2.8
      vertex 1.707 -14.155 5
      vertex 1.707 -14.155 2.8
    endloop
  endfacet
  facet normal 0.718405 -0.695625 0
    outer loop
      vertex 2.13952 -13.4905 5
      vertex 2.41587 -13.2051 2.8
      vertex 2.41587 -13.2051 5
    endloop
  endfacet
  facet normal 0.718405 -0.695625 0
    outer loop
      vertex 2.41587 -13.2051 2.8
      vertex 2.13952 -13.4905 5
      vertex 2.13952 -13.4905 2.8
    endloop
  endfacet
  facet normal 0.967288 -0.25368 0
    outer loop
      vertex 1.45717 -14.9074 5
      vertex 1.55793 -14.5232 2.8
      vertex 1.55793 -14.5232 5
    endloop
  endfacet
  facet normal 0.967288 -0.25368 0
    outer loop
      vertex 1.55793 -14.5232 2.8
      vertex 1.45717 -14.9074 5
      vertex 1.45717 -14.9074 2.8
    endloop
  endfacet
  facet normal -0.345387 -0.93846 0
    outer loop
      vertex 5.38204 -12.5281 2.8
      vertex 5.75483 -12.6653 5
      vertex 5.38204 -12.5281 5
    endloop
  endfacet
  facet normal -0.345387 -0.93846 -0
    outer loop
      vertex 5.75483 -12.6653 5
      vertex 5.38204 -12.5281 2.8
      vertex 5.75483 -12.6653 2.8
    endloop
  endfacet
  facet normal -0.572008 -0.820248 0
    outer loop
      vertex 6.10702 -12.8491 2.8
      vertex 6.43282 -13.0763 5
      vertex 6.10702 -12.8491 5
    endloop
  endfacet
  facet normal -0.572008 -0.820248 -0
    outer loop
      vertex 6.43282 -13.0763 5
      vertex 6.10702 -12.8491 2.8
      vertex 6.43282 -13.0763 2.8
    endloop
  endfacet
  facet normal -0.83807 -0.545563 0
    outer loop
      vertex 7.20109 -13.9788 2.8
      vertex 6.98438 -13.6459 5
      vertex 6.98438 -13.6459 2.8
    endloop
  endfacet
  facet normal -0.83807 -0.545563 0
    outer loop
      vertex 6.98438 -13.6459 5
      vertex 7.20109 -13.9788 2.8
      vertex 7.20109 -13.9788 5
    endloop
  endfacet
  facet normal -0.981556 -0.191176 0
    outer loop
      vertex 7.57455 -15.1036 2.8
      vertex 7.49861 -14.7137 5
      vertex 7.49861 -14.7137 2.8
    endloop
  endfacet
  facet normal -0.981556 -0.191176 0
    outer loop
      vertex 7.49861 -14.7137 5
      vertex 7.57455 -15.1036 2.8
      vertex 7.57455 -15.1036 5
    endloop
  endfacet
  facet normal -0.997945 -0.0640709 0
    outer loop
      vertex 7.6 -15.5 2.8
      vertex 7.57455 -15.1036 5
      vertex 7.57455 -15.1036 2.8
    endloop
  endfacet
  facet normal -0.997945 -0.0640709 0
    outer loop
      vertex 7.57455 -15.1036 5
      vertex 7.6 -15.5 2.8
      vertex 7.6 -15.5 5
    endloop
  endfacet
  facet normal 0.404793 -0.914408 0
    outer loop
      vertex 3.06613 -12.7515 2.8
      vertex 3.42937 -12.5907 5
      vertex 3.06613 -12.7515 5
    endloop
  endfacet
  facet normal 0.404793 -0.914408 0
    outer loop
      vertex 3.42937 -12.5907 5
      vertex 3.06613 -12.7515 2.8
      vertex 3.42937 -12.5907 2.8
    endloop
  endfacet
  facet normal 0.159604 -0.987181 0
    outer loop
      vertex 3.81019 -12.4777 2.8
      vertex 4.20233 -12.4143 5
      vertex 3.81019 -12.4777 5
    endloop
  endfacet
  facet normal 0.159604 -0.987181 0
    outer loop
      vertex 4.20233 -12.4143 5
      vertex 3.81019 -12.4777 2.8
      vertex 4.20233 -12.4143 2.8
    endloop
  endfacet
  facet normal 0.80137 -0.59817 0
    outer loop
      vertex 1.90193 -13.8088 5
      vertex 2.13952 -13.4905 2.8
      vertex 2.13952 -13.4905 5
    endloop
  endfacet
  facet normal 0.80137 -0.59817 0
    outer loop
      vertex 2.13952 -13.4905 2.8
      vertex 1.90193 -13.8088 5
      vertex 1.90193 -13.8088 2.8
    endloop
  endfacet
  facet normal -0.992724 0.120414 0
    outer loop
      vertex 69.1021 15.1051 0
      vertex 69.15 15.5 2.8
      vertex 69.15 15.5 0
    endloop
  endfacet
  facet normal -0.992724 0.120414 0
    outer loop
      vertex 69.15 15.5 2.8
      vertex 69.1021 15.1051 0
      vertex 69.1021 15.1051 2.8
    endloop
  endfacet
  facet normal 0.992724 0.120414 0
    outer loop
      vertex 65.8979 15.1051 2.8
      vertex 65.85 15.5 0
      vertex 65.85 15.5 2.8
    endloop
  endfacet
  facet normal 0.992724 0.120414 0
    outer loop
      vertex 65.85 15.5 0
      vertex 65.8979 15.1051 2.8
      vertex 65.8979 15.1051 0
    endloop
  endfacet
  facet normal 0 1 -0
    outer loop
      vertex 67.6989 13.862 0
      vertex 67.3011 13.862 2.8
      vertex 67.6989 13.862 2.8
    endloop
  endfacet
  facet normal 0 1 0
    outer loop
      vertex 67.3011 13.862 2.8
      vertex 67.6989 13.862 0
      vertex 67.3011 13.862 0
    endloop
  endfacet
  facet normal 0 -1 0
    outer loop
      vertex 67.3011 17.138 0
      vertex 67.6989 17.138 2.8
      vertex 67.3011 17.138 2.8
    endloop
  endfacet
  facet normal 0 -1 -0
    outer loop
      vertex 67.6989 17.138 2.8
      vertex 67.3011 17.138 0
      vertex 67.6989 17.138 0
    endloop
  endfacet
  facet normal -0.663067 -0.74856 0
    outer loop
      vertex 68.4373 16.8579 0
      vertex 68.735 16.5942 2.8
      vertex 68.4373 16.8579 2.8
    endloop
  endfacet
  facet normal -0.663067 -0.74856 -0
    outer loop
      vertex 68.735 16.5942 2.8
      vertex 68.4373 16.8579 0
      vertex 68.735 16.5942 0
    endloop
  endfacet
  facet normal -0.663067 0.74856 0
    outer loop
      vertex 68.735 14.4058 0
      vertex 68.4373 14.1421 2.8
      vertex 68.735 14.4058 2.8
    endloop
  endfacet
  facet normal -0.663067 0.74856 0
    outer loop
      vertex 68.4373 14.1421 2.8
      vertex 68.735 14.4058 0
      vertex 68.4373 14.1421 0
    endloop
  endfacet
  facet normal -0.464824 0.885403 0
    outer loop
      vertex 68.4373 14.1421 0
      vertex 68.0851 13.9572 2.8
      vertex 68.4373 14.1421 2.8
    endloop
  endfacet
  facet normal -0.464824 0.885403 0
    outer loop
      vertex 68.0851 13.9572 2.8
      vertex 68.4373 14.1421 0
      vertex 68.0851 13.9572 0
    endloop
  endfacet
  facet normal 0.663067 0.74856 -0
    outer loop
      vertex 66.5627 14.1421 0
      vertex 66.265 14.4058 2.8
      vertex 66.5627 14.1421 2.8
    endloop
  endfacet
  facet normal 0.663067 0.74856 0
    outer loop
      vertex 66.265 14.4058 2.8
      vertex 66.5627 14.1421 0
      vertex 66.265 14.4058 0
    endloop
  endfacet
  facet normal 0.464824 0.885403 -0
    outer loop
      vertex 66.9149 13.9572 0
      vertex 66.5627 14.1421 2.8
      vertex 66.9149 13.9572 2.8
    endloop
  endfacet
  facet normal 0.464824 0.885403 0
    outer loop
      vertex 66.5627 14.1421 2.8
      vertex 66.9149 13.9572 0
      vertex 66.5627 14.1421 0
    endloop
  endfacet
  facet normal -0.82297 0.568085 0
    outer loop
      vertex 68.735 14.4058 0
      vertex 68.961 14.7332 2.8
      vertex 68.961 14.7332 0
    endloop
  endfacet
  facet normal -0.82297 0.568085 0
    outer loop
      vertex 68.961 14.7332 2.8
      vertex 68.735 14.4058 0
      vertex 68.735 14.4058 2.8
    endloop
  endfacet
  facet normal -0.934969 0.35473 0
    outer loop
      vertex 68.961 14.7332 0
      vertex 69.1021 15.1051 2.8
      vertex 69.1021 15.1051 0
    endloop
  endfacet
  facet normal -0.934969 0.35473 0
    outer loop
      vertex 69.1021 15.1051 2.8
      vertex 68.961 14.7332 0
      vertex 68.961 14.7332 2.8
    endloop
  endfacet
  facet normal -0.23934 0.970936 0
    outer loop
      vertex 68.0851 13.9572 0
      vertex 67.6989 13.862 2.8
      vertex 68.0851 13.9572 2.8
    endloop
  endfacet
  facet normal -0.23934 0.970936 0
    outer loop
      vertex 67.6989 13.862 2.8
      vertex 68.0851 13.9572 0
      vertex 67.6989 13.862 0
    endloop
  endfacet
  facet normal 0.82297 0.568085 0
    outer loop
      vertex 66.265 14.4058 2.8
      vertex 66.039 14.7332 0
      vertex 66.039 14.7332 2.8
    endloop
  endfacet
  facet normal 0.82297 0.568085 0
    outer loop
      vertex 66.039 14.7332 0
      vertex 66.265 14.4058 2.8
      vertex 66.265 14.4058 0
    endloop
  endfacet
  facet normal 0.934969 0.35473 0
    outer loop
      vertex 66.039 14.7332 2.8
      vertex 65.8979 15.1051 0
      vertex 65.8979 15.1051 2.8
    endloop
  endfacet
  facet normal 0.934969 0.35473 0
    outer loop
      vertex 65.8979 15.1051 0
      vertex 66.039 14.7332 2.8
      vertex 66.039 14.7332 0
    endloop
  endfacet
  facet normal 0.23934 0.970936 -0
    outer loop
      vertex 67.3011 13.862 0
      vertex 66.9149 13.9572 2.8
      vertex 67.3011 13.862 2.8
    endloop
  endfacet
  facet normal 0.23934 0.970936 0
    outer loop
      vertex 66.9149 13.9572 2.8
      vertex 67.3011 13.862 0
      vertex 66.9149 13.9572 0
    endloop
  endfacet
  facet normal -0.23934 -0.970936 0
    outer loop
      vertex 67.6989 17.138 0
      vertex 68.0851 17.0428 2.8
      vertex 67.6989 17.138 2.8
    endloop
  endfacet
  facet normal -0.23934 -0.970936 -0
    outer loop
      vertex 68.0851 17.0428 2.8
      vertex 67.6989 17.138 0
      vertex 68.0851 17.0428 0
    endloop
  endfacet
  facet normal -0.934969 -0.35473 0
    outer loop
      vertex 69.1021 15.8949 0
      vertex 68.961 16.2668 2.8
      vertex 68.961 16.2668 0
    endloop
  endfacet
  facet normal -0.934969 -0.35473 0
    outer loop
      vertex 68.961 16.2668 2.8
      vertex 69.1021 15.8949 0
      vertex 69.1021 15.8949 2.8
    endloop
  endfacet
  facet normal -0.82297 -0.568085 0
    outer loop
      vertex 68.961 16.2668 0
      vertex 68.735 16.5942 2.8
      vertex 68.735 16.5942 0
    endloop
  endfacet
  facet normal -0.82297 -0.568085 0
    outer loop
      vertex 68.735 16.5942 2.8
      vertex 68.961 16.2668 0
      vertex 68.961 16.2668 2.8
    endloop
  endfacet
  facet normal -0.992724 -0.120414 0
    outer loop
      vertex 69.15 15.5 0
      vertex 69.1021 15.8949 2.8
      vertex 69.1021 15.8949 0
    endloop
  endfacet
  facet normal -0.992724 -0.120414 0
    outer loop
      vertex 69.1021 15.8949 2.8
      vertex 69.15 15.5 0
      vertex 69.15 15.5 2.8
    endloop
  endfacet
  facet normal 0.663067 -0.74856 0
    outer loop
      vertex 66.265 16.5942 0
      vertex 66.5627 16.8579 2.8
      vertex 66.265 16.5942 2.8
    endloop
  endfacet
  facet normal 0.663067 -0.74856 0
    outer loop
      vertex 66.5627 16.8579 2.8
      vertex 66.265 16.5942 0
      vertex 66.5627 16.8579 0
    endloop
  endfacet
  facet normal 0.934969 -0.35473 0
    outer loop
      vertex 65.8979 15.8949 2.8
      vertex 66.039 16.2668 0
      vertex 66.039 16.2668 2.8
    endloop
  endfacet
  facet normal 0.934969 -0.35473 0
    outer loop
      vertex 66.039 16.2668 0
      vertex 65.8979 15.8949 2.8
      vertex 65.8979 15.8949 0
    endloop
  endfacet
  facet normal 0.992724 -0.120414 0
    outer loop
      vertex 65.85 15.5 2.8
      vertex 65.8979 15.8949 0
      vertex 65.8979 15.8949 2.8
    endloop
  endfacet
  facet normal 0.992724 -0.120414 0
    outer loop
      vertex 65.8979 15.8949 0
      vertex 65.85 15.5 2.8
      vertex 65.85 15.5 0
    endloop
  endfacet
  facet normal -0.464824 -0.885403 0
    outer loop
      vertex 68.0851 17.0428 0
      vertex 68.4373 16.8579 2.8
      vertex 68.0851 17.0428 2.8
    endloop
  endfacet
  facet normal -0.464824 -0.885403 -0
    outer loop
      vertex 68.4373 16.8579 2.8
      vertex 68.0851 17.0428 0
      vertex 68.4373 16.8579 0
    endloop
  endfacet
  facet normal 0.23934 -0.970936 0
    outer loop
      vertex 66.9149 17.0428 0
      vertex 67.3011 17.138 2.8
      vertex 66.9149 17.0428 2.8
    endloop
  endfacet
  facet normal 0.23934 -0.970936 0
    outer loop
      vertex 67.3011 17.138 2.8
      vertex 66.9149 17.0428 0
      vertex 67.3011 17.138 0
    endloop
  endfacet
  facet normal 0.82297 -0.568085 0
    outer loop
      vertex 66.039 16.2668 2.8
      vertex 66.265 16.5942 0
      vertex 66.265 16.5942 2.8
    endloop
  endfacet
  facet normal 0.82297 -0.568085 0
    outer loop
      vertex 66.265 16.5942 0
      vertex 66.039 16.2668 2.8
      vertex 66.039 16.2668 0
    endloop
  endfacet
  facet normal 0.464824 -0.885403 0
    outer loop
      vertex 66.5627 16.8579 0
      vertex 66.9149 17.0428 2.8
      vertex 66.5627 16.8579 2.8
    endloop
  endfacet
  facet normal 0.464824 -0.885403 0
    outer loop
      vertex 66.9149 17.0428 2.8
      vertex 66.5627 16.8579 0
      vertex 66.9149 17.0428 0
    endloop
  endfacet
  facet normal -0.997937 0.0641963 0
    outer loop
      vertex 70.5745 15.1036 2.8
      vertex 70.6 15.5 5
      vertex 70.6 15.5 2.8
    endloop
  endfacet
  facet normal -0.997937 0.0641963 0
    outer loop
      vertex 70.6 15.5 5
      vertex 70.5745 15.1036 2.8
      vertex 70.5745 15.1036 5
    endloop
  endfacet
  facet normal 1 -0 0
    outer loop
      vertex 64.4064 15.3014 5
      vertex 64.4064 15.6986 2.8
      vertex 64.4064 15.6986 5
    endloop
  endfacet
  facet normal 1 0 0
    outer loop
      vertex 64.4064 15.6986 2.8
      vertex 64.4064 15.3014 5
      vertex 64.4064 15.3014 2.8
    endloop
  endfacet
  facet normal 0.0319655 0.999489 -0
    outer loop
      vertex 67.5994 12.4016 2.8
      vertex 67.2023 12.4143 5
      vertex 67.5994 12.4016 5
    endloop
  endfacet
  facet normal 0.0319655 0.999489 0
    outer loop
      vertex 67.2023 12.4143 5
      vertex 67.5994 12.4016 2.8
      vertex 67.2023 12.4143 2.8
    endloop
  endfacet
  facet normal -0.672309 0.74027 0
    outer loop
      vertex 69.7269 13.3434 2.8
      vertex 69.4328 13.0763 5
      vertex 69.7269 13.3434 5
    endloop
  endfacet
  facet normal -0.672309 0.74027 0
    outer loop
      vertex 69.4328 13.0763 5
      vertex 69.7269 13.3434 2.8
      vertex 69.4328 13.0763 2.8
    endloop
  endfacet
  facet normal 0.718342 0.69569 0
    outer loop
      vertex 65.4159 13.2051 5
      vertex 65.1395 13.4905 2.8
      vertex 65.1395 13.4905 5
    endloop
  endfacet
  facet normal 0.718342 0.69569 0
    outer loop
      vertex 65.1395 13.4905 2.8
      vertex 65.4159 13.2051 5
      vertex 65.4159 13.2051 2.8
    endloop
  endfacet
  facet normal 0.404737 0.914433 -0
    outer loop
      vertex 66.4294 12.5907 2.8
      vertex 66.0661 12.7515 5
      vertex 66.4294 12.5907 5
    endloop
  endfacet
  facet normal 0.404737 0.914433 0
    outer loop
      vertex 66.0661 12.7515 5
      vertex 66.4294 12.5907 2.8
      vertex 66.0661 12.7515 2.8
    endloop
  endfacet
  facet normal 0.926888 -0.375337 0
    outer loop
      vertex 64.5579 16.4768 5
      vertex 64.707 16.845 2.8
      vertex 64.707 16.845 5
    endloop
  endfacet
  facet normal 0.926888 -0.375337 0
    outer loop
      vertex 64.707 16.845 2.8
      vertex 64.5579 16.4768 5
      vertex 64.5579 16.4768 2.8
    endloop
  endfacet
  facet normal -0.901024 0.43377 0
    outer loop
      vertex 70.2011 13.9788 2.8
      vertex 70.3734 14.3367 5
      vertex 70.3734 14.3367 2.8
    endloop
  endfacet
  facet normal -0.901024 0.43377 0
    outer loop
      vertex 70.3734 14.3367 5
      vertex 70.2011 13.9788 2.8
      vertex 70.2011 13.9788 5
    endloop
  endfacet
  facet normal -0.345379 0.938463 0
    outer loop
      vertex 68.7548 12.6653 2.8
      vertex 68.382 12.5281 5
      vertex 68.7548 12.6653 5
    endloop
  endfacet
  facet normal -0.345379 0.938463 0
    outer loop
      vertex 68.382 12.5281 5
      vertex 68.7548 12.6653 2.8
      vertex 68.382 12.5281 2.8
    endloop
  endfacet
  facet normal -0.462652 0.88654 0
    outer loop
      vertex 69.107 12.8491 2.8
      vertex 68.7548 12.6653 5
      vertex 69.107 12.8491 5
    endloop
  endfacet
  facet normal -0.462652 0.88654 0
    outer loop
      vertex 68.7548 12.6653 5
      vertex 69.107 12.8491 2.8
      vertex 68.7548 12.6653 2.8
    endloop
  endfacet
  facet normal 0.926888 0.375337 0
    outer loop
      vertex 64.707 14.155 5
      vertex 64.5579 14.5232 2.8
      vertex 64.5579 14.5232 5
    endloop
  endfacet
  facet normal 0.926888 0.375337 0
    outer loop
      vertex 64.5579 14.5232 2.8
      vertex 64.707 14.155 5
      vertex 64.707 14.155 2.8
    endloop
  endfacet
  facet normal 0.967325 0.253539 0
    outer loop
      vertex 64.5579 14.5232 5
      vertex 64.4572 14.9074 2.8
      vertex 64.4572 14.9074 5
    endloop
  endfacet
  facet normal 0.967325 0.253539 0
    outer loop
      vertex 64.4572 14.9074 2.8
      vertex 64.5579 14.5232 5
      vertex 64.5579 14.5232 2.8
    endloop
  endfacet
  facet normal 0.518525 0.855063 -0
    outer loop
      vertex 66.0661 12.7515 2.8
      vertex 65.7264 12.9575 5
      vertex 66.0661 12.7515 5
    endloop
  endfacet
  facet normal 0.518525 0.855063 0
    outer loop
      vertex 65.7264 12.9575 5
      vertex 66.0661 12.7515 2.8
      vertex 65.7264 12.9575 2.8
    endloop
  endfacet
  facet normal 0.15962 0.987178 -0
    outer loop
      vertex 67.2023 12.4143 2.8
      vertex 66.8102 12.4777 5
      vertex 67.2023 12.4143 5
    endloop
  endfacet
  facet normal 0.15962 0.987178 0
    outer loop
      vertex 66.8102 12.4777 5
      vertex 67.2023 12.4143 2.8
      vertex 66.8102 12.4777 2.8
    endloop
  endfacet
  facet normal -0.0959139 -0.99539 0
    outer loop
      vertex 67.5994 18.5984 2.8
      vertex 67.9948 18.5603 5
      vertex 67.5994 18.5984 5
    endloop
  endfacet
  facet normal -0.0959139 -0.99539 -0
    outer loop
      vertex 67.9948 18.5603 5
      vertex 67.5994 18.5984 2.8
      vertex 67.9948 18.5603 2.8
    endloop
  endfacet
  facet normal -0.949035 -0.31517 0
    outer loop
      vertex 70.4986 16.2863 2.8
      vertex 70.3734 16.6633 5
      vertex 70.3734 16.6633 2.8
    endloop
  endfacet
  facet normal -0.949035 -0.31517 0
    outer loop
      vertex 70.3734 16.6633 5
      vertex 70.4986 16.2863 2.8
      vertex 70.4986 16.2863 5
    endloop
  endfacet
  facet normal 0.623466 -0.78185 0
    outer loop
      vertex 65.4159 17.7949 2.8
      vertex 65.7264 18.0425 5
      vertex 65.4159 17.7949 5
    endloop
  endfacet
  facet normal 0.623466 -0.78185 0
    outer loop
      vertex 65.7264 18.0425 5
      vertex 65.4159 17.7949 2.8
      vertex 65.7264 18.0425 2.8
    endloop
  endfacet
  facet normal 0.99179 -0.127875 0
    outer loop
      vertex 64.4064 15.6986 5
      vertex 64.4572 16.0926 2.8
      vertex 64.4572 16.0926 5
    endloop
  endfacet
  facet normal 0.99179 -0.127875 0
    outer loop
      vertex 64.4572 16.0926 2.8
      vertex 64.4064 15.6986 5
      vertex 64.4064 15.6986 2.8
    endloop
  endfacet
  facet normal -0.949035 0.31517 0
    outer loop
      vertex 70.3734 14.3367 2.8
      vertex 70.4986 14.7137 5
      vertex 70.4986 14.7137 2.8
    endloop
  endfacet
  facet normal -0.949035 0.31517 0
    outer loop
      vertex 70.4986 14.7137 5
      vertex 70.3734 14.3367 2.8
      vertex 70.3734 14.3367 5
    endloop
  endfacet
  facet normal -0.981575 0.191079 0
    outer loop
      vertex 70.4986 14.7137 2.8
      vertex 70.5745 15.1036 5
      vertex 70.5745 15.1036 2.8
    endloop
  endfacet
  facet normal -0.981575 0.191079 0
    outer loop
      vertex 70.5745 15.1036 5
      vertex 70.4986 14.7137 2.8
      vertex 70.4986 14.7137 5
    endloop
  endfacet
  facet normal -0.761473 0.648196 0
    outer loop
      vertex 69.7269 13.3434 2.8
      vertex 69.9844 13.6459 5
      vertex 69.9844 13.6459 2.8
    endloop
  endfacet
  facet normal -0.761473 0.648196 0
    outer loop
      vertex 69.9844 13.6459 5
      vertex 69.7269 13.3434 2.8
      vertex 69.7269 13.3434 5
    endloop
  endfacet
  facet normal -0.838081 0.545546 0
    outer loop
      vertex 69.9844 13.6459 2.8
      vertex 70.2011 13.9788 5
      vertex 70.2011 13.9788 2.8
    endloop
  endfacet
  facet normal -0.838081 0.545546 0
    outer loop
      vertex 70.2011 13.9788 5
      vertex 69.9844 13.6459 2.8
      vertex 69.9844 13.6459 5
    endloop
  endfacet
  facet normal -0.222579 0.974915 0
    outer loop
      vertex 68.382 12.5281 2.8
      vertex 67.9948 12.4397 5
      vertex 68.382 12.5281 5
    endloop
  endfacet
  facet normal -0.222579 0.974915 0
    outer loop
      vertex 67.9948 12.4397 5
      vertex 68.382 12.5281 2.8
      vertex 67.9948 12.4397 2.8
    endloop
  endfacet
  facet normal -0.0959139 0.99539 0
    outer loop
      vertex 67.9948 12.4397 2.8
      vertex 67.5994 12.4016 5
      vertex 67.9948 12.4397 5
    endloop
  endfacet
  facet normal -0.0959139 0.99539 0
    outer loop
      vertex 67.5994 12.4016 5
      vertex 67.9948 12.4397 2.8
      vertex 67.5994 12.4016 2.8
    endloop
  endfacet
  facet normal -0.572008 0.820248 0
    outer loop
      vertex 69.4328 13.0763 2.8
      vertex 69.107 12.8491 5
      vertex 69.4328 13.0763 5
    endloop
  endfacet
  facet normal -0.572008 0.820248 0
    outer loop
      vertex 69.107 12.8491 5
      vertex 69.4328 13.0763 2.8
      vertex 69.107 12.8491 2.8
    endloop
  endfacet
  facet normal 0.871401 0.490572 0
    outer loop
      vertex 64.9019 13.8088 5
      vertex 64.707 14.155 2.8
      vertex 64.707 14.155 5
    endloop
  endfacet
  facet normal 0.871401 0.490572 0
    outer loop
      vertex 64.707 14.155 2.8
      vertex 64.9019 13.8088 5
      vertex 64.9019 13.8088 2.8
    endloop
  endfacet
  facet normal 0.801357 0.598186 0
    outer loop
      vertex 65.1395 13.4905 5
      vertex 64.9019 13.8088 2.8
      vertex 64.9019 13.8088 5
    endloop
  endfacet
  facet normal 0.801357 0.598186 0
    outer loop
      vertex 64.9019 13.8088 2.8
      vertex 65.1395 13.4905 5
      vertex 65.1395 13.4905 2.8
    endloop
  endfacet
  facet normal 0.99179 0.127875 0
    outer loop
      vertex 64.4572 14.9074 5
      vertex 64.4064 15.3014 2.8
      vertex 64.4064 15.3014 5
    endloop
  endfacet
  facet normal 0.99179 0.127875 0
    outer loop
      vertex 64.4064 15.3014 2.8
      vertex 64.4572 14.9074 5
      vertex 64.4572 14.9074 2.8
    endloop
  endfacet
  facet normal 0 0 1
    outer loop
      vertex 69.15 15.5 2.8
      vertex 70.6 15.5 2.8
      vertex 70.5745 15.8964 2.8
    endloop
  endfacet
  facet normal 0 0 1
    outer loop
      vertex 69.1021 15.8949 2.8
      vertex 70.5745 15.8964 2.8
      vertex 70.4986 16.2863 2.8
    endloop
  endfacet
  facet normal 0 0 1
    outer loop
      vertex 70.6 15.5 2.8
      vertex 69.15 15.5 2.8
      vertex 70.5745 15.1036 2.8
    endloop
  endfacet
  facet normal 0 0 1
    outer loop
      vertex 69.1021 15.8949 2.8
      vertex 70.4986 16.2863 2.8
      vertex 70.3734 16.6633 2.8
    endloop
  endfacet
  facet normal -0 0 1
    outer loop
      vertex 69.1021 15.1051 2.8
      vertex 70.5745 15.1036 2.8
      vertex 69.15 15.5 2.8
    endloop
  endfacet
  facet normal 0 0 1
    outer loop
      vertex 68.961 16.2668 2.8
      vertex 70.3734 16.6633 2.8
      vertex 70.2011 17.0212 2.8
    endloop
  endfacet
  facet normal 0 0 1
    outer loop
      vertex 70.5745 15.1036 2.8
      vertex 69.1021 15.1051 2.8
      vertex 70.4986 14.7137 2.8
    endloop
  endfacet
  facet normal 0 0 1
    outer loop
      vertex 68.961 16.2668 2.8
      vertex 70.2011 17.0212 2.8
      vertex 69.9844 17.3541 2.8
    endloop
  endfacet
  facet normal 0 0 1
    outer loop
      vertex 70.4986 14.7137 2.8
      vertex 69.1021 15.1051 2.8
      vertex 70.3734 14.3367 2.8
    endloop
  endfacet
  facet normal 0 0 1
    outer loop
      vertex 68.735 16.5942 2.8
      vertex 69.9844 17.3541 2.8
      vertex 69.7269 17.6566 2.8
    endloop
  endfacet
  facet normal -0 0 1
    outer loop
      vertex 68.961 14.7332 2.8
      vertex 70.3734 14.3367 2.8
      vertex 69.1021 15.1051 2.8
    endloop
  endfacet
  facet normal 0 0 1
    outer loop
      vertex 68.735 16.5942 2.8
      vertex 69.7269 17.6566 2.8
      vertex 69.4328 17.9237 2.8
    endloop
  endfacet
  facet normal 0 0 1
    outer loop
      vertex 70.3734 14.3367 2.8
      vertex 68.961 14.7332 2.8
      vertex 70.2011 13.9788 2.8
    endloop
  endfacet
  facet normal 0 0 1
    outer loop
      vertex 70.2011 13.9788 2.8
      vertex 68.961 14.7332 2.8
      vertex 69.9844 13.6459 2.8
    endloop
  endfacet
  facet normal 0 0 1
    outer loop
      vertex 68.4373 16.8579 2.8
      vertex 69.4328 17.9237 2.8
      vertex 69.107 18.1509 2.8
    endloop
  endfacet
  facet normal 0 0 1
    outer loop
      vertex 70.5745 15.8964 2.8
      vertex 69.1021 15.8949 2.8
      vertex 69.15 15.5 2.8
    endloop
  endfacet
  facet normal 0 0 1
    outer loop
      vertex 70.3734 16.6633 2.8
      vertex 68.961 16.2668 2.8
      vertex 69.1021 15.8949 2.8
    endloop
  endfacet
  facet normal 0 0 1
    outer loop
      vertex 68.4373 16.8579 2.8
      vertex 69.107 18.1509 2.8
      vertex 68.7548 18.3347 2.8
    endloop
  endfacet
  facet normal 0 0 1
    outer loop
      vertex 69.9844 17.3541 2.8
      vertex 68.735 16.5942 2.8
      vertex 68.961 16.2668 2.8
    endloop
  endfacet
  facet normal 0 0 1
    outer loop
      vertex 69.4328 17.9237 2.8
      vertex 68.4373 16.8579 2.8
      vertex 68.735 16.5942 2.8
    endloop
  endfacet
  facet normal 0 0 1
    outer loop
      vertex 68.0851 17.0428 2.8
      vertex 68.7548 18.3347 2.8
      vertex 68.382 18.4719 2.8
    endloop
  endfacet
  facet normal 0 0 1
    outer loop
      vertex 68.7548 18.3347 2.8
      vertex 68.0851 17.0428 2.8
      vertex 68.4373 16.8579 2.8
    endloop
  endfacet
  facet normal 0 0 1
    outer loop
      vertex 67.6989 17.138 2.8
      vertex 68.382 18.4719 2.8
      vertex 67.9948 18.5603 2.8
    endloop
  endfacet
  facet normal 0 0 1
    outer loop
      vertex 68.382 18.4719 2.8
      vertex 67.6989 17.138 2.8
      vertex 68.0851 17.0428 2.8
    endloop
  endfacet
  facet normal 0 0 1
    outer loop
      vertex 67.5994 18.5984 2.8
      vertex 67.6989 17.138 2.8
      vertex 67.9948 18.5603 2.8
    endloop
  endfacet
  facet normal 0 0 1
    outer loop
      vertex 67.5994 18.5984 2.8
      vertex 67.3011 17.138 2.8
      vertex 67.6989 17.138 2.8
    endloop
  endfacet
  facet normal -0 0 1
    outer loop
      vertex 67.2023 18.5857 2.8
      vertex 67.3011 17.138 2.8
      vertex 67.5994 18.5984 2.8
    endloop
  endfacet
  facet normal -0 0 1
    outer loop
      vertex 66.8102 18.5223 2.8
      vertex 67.3011 17.138 2.8
      vertex 67.2023 18.5857 2.8
    endloop
  endfacet
  facet normal 0 0 1
    outer loop
      vertex 67.3011 17.138 2.8
      vertex 66.8102 18.5223 2.8
      vertex 66.9149 17.0428 2.8
    endloop
  endfacet
  facet normal -0 0 1
    outer loop
      vertex 66.4294 18.4093 2.8
      vertex 66.9149 17.0428 2.8
      vertex 66.8102 18.5223 2.8
    endloop
  endfacet
  facet normal -0 0 1
    outer loop
      vertex 66.0661 18.2485 2.8
      vertex 66.9149 17.0428 2.8
      vertex 66.4294 18.4093 2.8
    endloop
  endfacet
  facet normal 0 0 1
    outer loop
      vertex 66.9149 17.0428 2.8
      vertex 66.0661 18.2485 2.8
      vertex 66.5627 16.8579 2.8
    endloop
  endfacet
  facet normal -0 0 1
    outer loop
      vertex 65.7264 18.0425 2.8
      vertex 66.5627 16.8579 2.8
      vertex 66.0661 18.2485 2.8
    endloop
  endfacet
  facet normal -0 0 1
    outer loop
      vertex 65.4159 17.7949 2.8
      vertex 66.5627 16.8579 2.8
      vertex 65.7264 18.0425 2.8
    endloop
  endfacet
  facet normal 0 0 1
    outer loop
      vertex 66.5627 16.8579 2.8
      vertex 65.4159 17.7949 2.8
      vertex 66.265 16.5942 2.8
    endloop
  endfacet
  facet normal -0 0 1
    outer loop
      vertex 65.1395 17.5095 2.8
      vertex 66.265 16.5942 2.8
      vertex 65.4159 17.7949 2.8
    endloop
  endfacet
  facet normal -0 0 1
    outer loop
      vertex 64.9019 17.1912 2.8
      vertex 66.265 16.5942 2.8
      vertex 65.1395 17.5095 2.8
    endloop
  endfacet
  facet normal -0 0 1
    outer loop
      vertex 68.735 14.4058 2.8
      vertex 69.9844 13.6459 2.8
      vertex 68.961 14.7332 2.8
    endloop
  endfacet
  facet normal 0 0 1
    outer loop
      vertex 69.9844 13.6459 2.8
      vertex 68.735 14.4058 2.8
      vertex 69.7269 13.3434 2.8
    endloop
  endfacet
  facet normal 0 0 1
    outer loop
      vertex 69.7269 13.3434 2.8
      vertex 68.735 14.4058 2.8
      vertex 69.4328 13.0763 2.8
    endloop
  endfacet
  facet normal -0 0 1
    outer loop
      vertex 68.4373 14.1421 2.8
      vertex 69.4328 13.0763 2.8
      vertex 68.735 14.4058 2.8
    endloop
  endfacet
  facet normal 0 0 1
    outer loop
      vertex 69.4328 13.0763 2.8
      vertex 68.4373 14.1421 2.8
      vertex 69.107 12.8491 2.8
    endloop
  endfacet
  facet normal 0 0 1
    outer loop
      vertex 69.107 12.8491 2.8
      vertex 68.4373 14.1421 2.8
      vertex 68.7548 12.6653 2.8
    endloop
  endfacet
  facet normal -0 0 1
    outer loop
      vertex 68.0851 13.9572 2.8
      vertex 68.7548 12.6653 2.8
      vertex 68.4373 14.1421 2.8
    endloop
  endfacet
  facet normal 0 0 1
    outer loop
      vertex 68.7548 12.6653 2.8
      vertex 68.0851 13.9572 2.8
      vertex 68.382 12.5281 2.8
    endloop
  endfacet
  facet normal -0 0 1
    outer loop
      vertex 67.6989 13.862 2.8
      vertex 68.382 12.5281 2.8
      vertex 68.0851 13.9572 2.8
    endloop
  endfacet
  facet normal 0 0 1
    outer loop
      vertex 68.382 12.5281 2.8
      vertex 67.6989 13.862 2.8
      vertex 67.9948 12.4397 2.8
    endloop
  endfacet
  facet normal 0 0 1
    outer loop
      vertex 67.6989 13.862 2.8
      vertex 67.5994 12.4016 2.8
      vertex 67.9948 12.4397 2.8
    endloop
  endfacet
  facet normal -0 0 1
    outer loop
      vertex 67.3011 13.862 2.8
      vertex 67.5994 12.4016 2.8
      vertex 67.6989 13.862 2.8
    endloop
  endfacet
  facet normal 0 0 1
    outer loop
      vertex 67.3011 13.862 2.8
      vertex 67.2023 12.4143 2.8
      vertex 67.5994 12.4016 2.8
    endloop
  endfacet
  facet normal 0 0 1
    outer loop
      vertex 66.8102 12.4777 2.8
      vertex 67.3011 13.862 2.8
      vertex 66.9149 13.9572 2.8
    endloop
  endfacet
  facet normal 0 0 1
    outer loop
      vertex 67.3011 13.862 2.8
      vertex 66.8102 12.4777 2.8
      vertex 67.2023 12.4143 2.8
    endloop
  endfacet
  facet normal 0 0 1
    outer loop
      vertex 66.0661 12.7515 2.8
      vertex 66.9149 13.9572 2.8
      vertex 66.5627 14.1421 2.8
    endloop
  endfacet
  facet normal 0 0 1
    outer loop
      vertex 66.9149 13.9572 2.8
      vertex 66.4294 12.5907 2.8
      vertex 66.8102 12.4777 2.8
    endloop
  endfacet
  facet normal 0 0 1
    outer loop
      vertex 65.4159 13.2051 2.8
      vertex 66.5627 14.1421 2.8
      vertex 66.265 14.4058 2.8
    endloop
  endfacet
  facet normal 0 0 1
    outer loop
      vertex 66.9149 13.9572 2.8
      vertex 66.0661 12.7515 2.8
      vertex 66.4294 12.5907 2.8
    endloop
  endfacet
  facet normal 0 0 1
    outer loop
      vertex 64.9019 13.8088 2.8
      vertex 66.265 14.4058 2.8
      vertex 66.039 14.7332 2.8
    endloop
  endfacet
  facet normal 0 0 1
    outer loop
      vertex 64.5579 14.5232 2.8
      vertex 66.039 14.7332 2.8
      vertex 65.8979 15.1051 2.8
    endloop
  endfacet
  facet normal -0 0 1
    outer loop
      vertex 64.4064 15.3014 2.8
      vertex 65.8979 15.1051 2.8
      vertex 65.85 15.5 2.8
    endloop
  endfacet
  facet normal 0 0 1
    outer loop
      vertex 66.5627 14.1421 2.8
      vertex 65.7264 12.9575 2.8
      vertex 66.0661 12.7515 2.8
    endloop
  endfacet
  facet normal 0 0 1
    outer loop
      vertex 66.265 16.5942 2.8
      vertex 64.9019 17.1912 2.8
      vertex 66.039 16.2668 2.8
    endloop
  endfacet
  facet normal -0 0 1
    outer loop
      vertex 64.707 16.845 2.8
      vertex 66.039 16.2668 2.8
      vertex 64.9019 17.1912 2.8
    endloop
  endfacet
  facet normal 0 0 1
    outer loop
      vertex 66.5627 14.1421 2.8
      vertex 65.4159 13.2051 2.8
      vertex 65.7264 12.9575 2.8
    endloop
  endfacet
  facet normal -0 0 1
    outer loop
      vertex 64.5579 16.4768 2.8
      vertex 66.039 16.2668 2.8
      vertex 64.707 16.845 2.8
    endloop
  endfacet
  facet normal 0 0 1
    outer loop
      vertex 66.265 14.4058 2.8
      vertex 65.1395 13.4905 2.8
      vertex 65.4159 13.2051 2.8
    endloop
  endfacet
  facet normal 0 0 1
    outer loop
      vertex 66.039 16.2668 2.8
      vertex 64.5579 16.4768 2.8
      vertex 65.8979 15.8949 2.8
    endloop
  endfacet
  facet normal 0 0 1
    outer loop
      vertex 66.265 14.4058 2.8
      vertex 64.9019 13.8088 2.8
      vertex 65.1395 13.4905 2.8
    endloop
  endfacet
  facet normal -0 0 1
    outer loop
      vertex 64.4572 16.0926 2.8
      vertex 65.8979 15.8949 2.8
      vertex 64.5579 16.4768 2.8
    endloop
  endfacet
  facet normal 0 0 1
    outer loop
      vertex 66.039 14.7332 2.8
      vertex 64.707 14.155 2.8
      vertex 64.9019 13.8088 2.8
    endloop
  endfacet
  facet normal 0 0 1
    outer loop
      vertex 64.4064 15.6986 2.8
      vertex 65.8979 15.8949 2.8
      vertex 64.4572 16.0926 2.8
    endloop
  endfacet
  facet normal 0 0 1
    outer loop
      vertex 66.039 14.7332 2.8
      vertex 64.5579 14.5232 2.8
      vertex 64.707 14.155 2.8
    endloop
  endfacet
  facet normal 0 0 1
    outer loop
      vertex 65.8979 15.8949 2.8
      vertex 64.4064 15.6986 2.8
      vertex 65.85 15.5 2.8
    endloop
  endfacet
  facet normal 0 0 1
    outer loop
      vertex 65.8979 15.1051 2.8
      vertex 64.4572 14.9074 2.8
      vertex 64.5579 14.5232 2.8
    endloop
  endfacet
  facet normal 0 0 1
    outer loop
      vertex 64.4064 15.3014 2.8
      vertex 65.85 15.5 2.8
      vertex 64.4064 15.6986 2.8
    endloop
  endfacet
  facet normal 0 0 1
    outer loop
      vertex 65.8979 15.1051 2.8
      vertex 64.4064 15.3014 2.8
      vertex 64.4572 14.9074 2.8
    endloop
  endfacet
  facet normal 0.623466 0.78185 -0
    outer loop
      vertex 65.7264 12.9575 2.8
      vertex 65.4159 13.2051 5
      vertex 65.7264 12.9575 5
    endloop
  endfacet
  facet normal 0.623466 0.78185 0
    outer loop
      vertex 65.4159 13.2051 5
      vertex 65.7264 12.9575 2.8
      vertex 65.4159 13.2051 2.8
    endloop
  endfacet
  facet normal 0.284483 0.958681 -0
    outer loop
      vertex 66.8102 12.4777 2.8
      vertex 66.4294 12.5907 5
      vertex 66.8102 12.4777 5
    endloop
  endfacet
  facet normal 0.284483 0.958681 0
    outer loop
      vertex 66.4294 12.5907 5
      vertex 66.8102 12.4777 2.8
      vertex 66.4294 12.5907 2.8
    endloop
  endfacet
  facet normal -0.222579 -0.974915 0
    outer loop
      vertex 67.9948 18.5603 2.8
      vertex 68.382 18.4719 5
      vertex 67.9948 18.5603 5
    endloop
  endfacet
  facet normal -0.222579 -0.974915 -0
    outer loop
      vertex 68.382 18.4719 5
      vertex 67.9948 18.5603 2.8
      vertex 68.382 18.4719 2.8
    endloop
  endfacet
  facet normal -0.672309 -0.74027 0
    outer loop
      vertex 69.4328 17.9237 2.8
      vertex 69.7269 17.6566 5
      vertex 69.4328 17.9237 5
    endloop
  endfacet
  facet normal -0.672309 -0.74027 -0
    outer loop
      vertex 69.7269 17.6566 5
      vertex 69.4328 17.9237 2.8
      vertex 69.7269 17.6566 2.8
    endloop
  endfacet
  facet normal -0.462652 -0.88654 0
    outer loop
      vertex 68.7548 18.3347 2.8
      vertex 69.107 18.1509 5
      vertex 68.7548 18.3347 5
    endloop
  endfacet
  facet normal -0.462652 -0.88654 -0
    outer loop
      vertex 69.107 18.1509 5
      vertex 68.7548 18.3347 2.8
      vertex 69.107 18.1509 2.8
    endloop
  endfacet
  facet normal -0.761473 -0.648196 0
    outer loop
      vertex 69.9844 17.3541 2.8
      vertex 69.7269 17.6566 5
      vertex 69.7269 17.6566 2.8
    endloop
  endfacet
  facet normal -0.761473 -0.648196 0
    outer loop
      vertex 69.7269 17.6566 5
      vertex 69.9844 17.3541 2.8
      vertex 69.9844 17.3541 5
    endloop
  endfacet
  facet normal -0.901024 -0.43377 0
    outer loop
      vertex 70.3734 16.6633 2.8
      vertex 70.2011 17.0212 5
      vertex 70.2011 17.0212 2.8
    endloop
  endfacet
  facet normal -0.901024 -0.43377 0
    outer loop
      vertex 70.2011 17.0212 5
      vertex 70.3734 16.6633 2.8
      vertex 70.3734 16.6633 5
    endloop
  endfacet
  facet normal 0.518525 -0.855063 0
    outer loop
      vertex 65.7264 18.0425 2.8
      vertex 66.0661 18.2485 5
      vertex 65.7264 18.0425 5
    endloop
  endfacet
  facet normal 0.518525 -0.855063 0
    outer loop
      vertex 66.0661 18.2485 5
      vertex 65.7264 18.0425 2.8
      vertex 66.0661 18.2485 2.8
    endloop
  endfacet
  facet normal 0.284483 -0.958681 0
    outer loop
      vertex 66.4294 18.4093 2.8
      vertex 66.8102 18.5223 5
      vertex 66.4294 18.4093 5
    endloop
  endfacet
  facet normal 0.284483 -0.958681 0
    outer loop
      vertex 66.8102 18.5223 5
      vertex 66.4294 18.4093 2.8
      vertex 66.8102 18.5223 2.8
    endloop
  endfacet
  facet normal 0.0319655 -0.999489 0
    outer loop
      vertex 67.2023 18.5857 2.8
      vertex 67.5994 18.5984 5
      vertex 67.2023 18.5857 5
    endloop
  endfacet
  facet normal 0.0319655 -0.999489 0
    outer loop
      vertex 67.5994 18.5984 5
      vertex 67.2023 18.5857 2.8
      vertex 67.5994 18.5984 2.8
    endloop
  endfacet
  facet normal 0.871401 -0.490572 0
    outer loop
      vertex 64.707 16.845 5
      vertex 64.9019 17.1912 2.8
      vertex 64.9019 17.1912 5
    endloop
  endfacet
  facet normal 0.871401 -0.490572 0
    outer loop
      vertex 64.9019 17.1912 2.8
      vertex 64.707 16.845 5
      vertex 64.707 16.845 2.8
    endloop
  endfacet
  facet normal 0.718342 -0.69569 0
    outer loop
      vertex 65.1395 17.5095 5
      vertex 65.4159 17.7949 2.8
      vertex 65.4159 17.7949 5
    endloop
  endfacet
  facet normal 0.718342 -0.69569 0
    outer loop
      vertex 65.4159 17.7949 2.8
      vertex 65.1395 17.5095 5
      vertex 65.1395 17.5095 2.8
    endloop
  endfacet
  facet normal 0.967325 -0.253539 0
    outer loop
      vertex 64.4572 16.0926 5
      vertex 64.5579 16.4768 2.8
      vertex 64.5579 16.4768 5
    endloop
  endfacet
  facet normal 0.967325 -0.253539 0
    outer loop
      vertex 64.5579 16.4768 2.8
      vertex 64.4572 16.0926 5
      vertex 64.4572 16.0926 2.8
    endloop
  endfacet
  facet normal -0.345379 -0.938463 0
    outer loop
      vertex 68.382 18.4719 2.8
      vertex 68.7548 18.3347 5
      vertex 68.382 18.4719 5
    endloop
  endfacet
  facet normal -0.345379 -0.938463 -0
    outer loop
      vertex 68.7548 18.3347 5
      vertex 68.382 18.4719 2.8
      vertex 68.7548 18.3347 2.8
    endloop
  endfacet
  facet normal -0.572008 -0.820248 0
    outer loop
      vertex 69.107 18.1509 2.8
      vertex 69.4328 17.9237 5
      vertex 69.107 18.1509 5
    endloop
  endfacet
  facet normal -0.572008 -0.820248 -0
    outer loop
      vertex 69.4328 17.9237 5
      vertex 69.107 18.1509 2.8
      vertex 69.4328 17.9237 2.8
    endloop
  endfacet
  facet normal -0.838081 -0.545546 0
    outer loop
      vertex 70.2011 17.0212 2.8
      vertex 69.9844 17.3541 5
      vertex 69.9844 17.3541 2.8
    endloop
  endfacet
  facet normal -0.838081 -0.545546 0
    outer loop
      vertex 69.9844 17.3541 5
      vertex 70.2011 17.0212 2.8
      vertex 70.2011 17.0212 5
    endloop
  endfacet
  facet normal -0.981575 -0.191079 0
    outer loop
      vertex 70.5745 15.8964 2.8
      vertex 70.4986 16.2863 5
      vertex 70.4986 16.2863 2.8
    endloop
  endfacet
  facet normal -0.981575 -0.191079 0
    outer loop
      vertex 70.4986 16.2863 5
      vertex 70.5745 15.8964 2.8
      vertex 70.5745 15.8964 5
    endloop
  endfacet
  facet normal -0.997937 -0.0641963 0
    outer loop
      vertex 70.6 15.5 2.8
      vertex 70.5745 15.8964 5
      vertex 70.5745 15.8964 2.8
    endloop
  endfacet
  facet normal -0.997937 -0.0641963 0
    outer loop
      vertex 70.5745 15.8964 5
      vertex 70.6 15.5 2.8
      vertex 70.6 15.5 5
    endloop
  endfacet
  facet normal 0.404737 -0.914433 0
    outer loop
      vertex 66.0661 18.2485 2.8
      vertex 66.4294 18.4093 5
      vertex 66.0661 18.2485 5
    endloop
  endfacet
  facet normal 0.404737 -0.914433 0
    outer loop
      vertex 66.4294 18.4093 5
      vertex 66.0661 18.2485 2.8
      vertex 66.4294 18.4093 2.8
    endloop
  endfacet
  facet normal 0.15962 -0.987178 0
    outer loop
      vertex 66.8102 18.5223 2.8
      vertex 67.2023 18.5857 5
      vertex 66.8102 18.5223 5
    endloop
  endfacet
  facet normal 0.15962 -0.987178 0
    outer loop
      vertex 67.2023 18.5857 5
      vertex 66.8102 18.5223 2.8
      vertex 67.2023 18.5857 2.8
    endloop
  endfacet
  facet normal 0.801357 -0.598186 0
    outer loop
      vertex 64.9019 17.1912 5
      vertex 65.1395 17.5095 2.8
      vertex 65.1395 17.5095 5
    endloop
  endfacet
  facet normal 0.801357 -0.598186 0
    outer loop
      vertex 65.1395 17.5095 2.8
      vertex 64.9019 17.1912 5
      vertex 64.9019 17.1912 2.8
    endloop
  endfacet
  facet normal 0 0.999391 -0.0348935
    outer loop
      vertex 68 -7.6 0
      vertex 67 -7.58149 0.530149
      vertex 68 -7.58149 0.530149
    endloop
  endfacet
  facet normal 0 0.999391 -0.0348935
    outer loop
      vertex 67 -7.58149 0.530149
      vertex 68 -7.6 0
      vertex 67 -7.6 0
    endloop
  endfacet
  facet normal 0 0.999391 -0.0348935
    outer loop
      vertex 53 -7.6 0
      vertex 0 -7.58149 0.530149
      vertex 53 -7.58149 0.530149
    endloop
  endfacet
  facet normal 0 0.999391 -0.0348935
    outer loop
      vertex 0 -7.58149 0.530149
      vertex 53 -7.6 0
      vertex 0 -7.6 0
    endloop
  endfacet
  facet normal 0 -0.694661 -0.719337
    outer loop
      vertex 68 5.08539 5.6479
      vertex 36.2397 5.46698 5.2794
      vertex 68 5.46698 5.2794
    endloop
  endfacet
  facet normal 0 -0.694661 -0.719337
    outer loop
      vertex 36.2397 5.46698 5.2794
      vertex 68 5.08539 5.6479
      vertex 36.1204 5.08539 5.6479
    endloop
  endfacet
  facet normal 0 -0.694661 -0.719337
    outer loop
      vertex 0 5.08539 5.6479
      vertex 11.7603 5.46698 5.2794
      vertex 11.8796 5.08539 5.6479
    endloop
  endfacet
  facet normal -0 -0.694661 -0.719337
    outer loop
      vertex 11.7603 5.46698 5.2794
      vertex 0 5.08539 5.6479
      vertex 0 5.46698 5.2794
    endloop
  endfacet
  facet normal 0 0.0697493 -0.997565
    outer loop
      vertex 0 -0.794415 7.55837
      vertex 68 -0.265236 7.59537
      vertex 68 -0.794415 7.55837
    endloop
  endfacet
  facet normal 0 0.0697493 -0.997565
    outer loop
      vertex 68 -0.265236 7.59537
      vertex 0 -0.794415 7.55837
      vertex 0 -0.265236 7.59537
    endloop
  endfacet
  facet normal 0 0.994522 -0.104529
    outer loop
      vertex 68 -7.58149 0.530149
      vertex 67 -7.52604 1.05772
      vertex 68 -7.52604 1.05772
    endloop
  endfacet
  facet normal 0 0.994522 -0.104529
    outer loop
      vertex 67 -7.52604 1.05772
      vertex 68 -7.58149 0.530149
      vertex 67 -7.58149 0.530149
    endloop
  endfacet
  facet normal 0 0.994522 -0.104529
    outer loop
      vertex 53 -7.58149 0.530149
      vertex 0 -7.52604 1.05772
      vertex 53 -7.52604 1.05772
    endloop
  endfacet
  facet normal 0 0.994522 -0.104529
    outer loop
      vertex 0 -7.52604 1.05772
      vertex 53 -7.58149 0.530149
      vertex 0 -7.58149 0.530149
    endloop
  endfacet
  facet normal 0 0.970296 -0.241919
    outer loop
      vertex 53 -7.43392 1.58013
      vertex 0 -7.30559 2.09484
      vertex 53 -7.30559 2.09484
    endloop
  endfacet
  facet normal 0 0.970296 -0.241919
    outer loop
      vertex 0 -7.30559 2.09484
      vertex 53 -7.43392 1.58013
      vertex 0 -7.43392 1.58013
    endloop
  endfacet
  facet normal 0 0.970296 -0.241919
    outer loop
      vertex 68 -7.43392 1.58013
      vertex 67 -7.30559 2.09484
      vertex 68 -7.30559 2.09484
    endloop
  endfacet
  facet normal 0 0.970296 -0.241919
    outer loop
      vertex 67 -7.30559 2.09484
      vertex 68 -7.43392 1.58013
      vertex 67 -7.43392 1.58013
    endloop
  endfacet
  facet normal 0 -0.999391 -0.0348935
    outer loop
      vertex 36.9062 7.6 0
      vertex 68 7.58149 0.530149
      vertex 36.9005 7.58149 0.530149
    endloop
  endfacet
  facet normal 0 -0.999391 -0.0348935
    outer loop
      vertex 68 7.58149 0.530149
      vertex 36.9062 7.6 0
      vertex 68 7.6 0
    endloop
  endfacet
  facet normal -0 -0.999391 -0.0348935
    outer loop
      vertex 11.0938 7.6 0
      vertex 0 7.58149 0.530149
      vertex 0 7.6 0
    endloop
  endfacet
  facet normal 0 -0.999391 -0.0348935
    outer loop
      vertex 0 7.58149 0.530149
      vertex 11.0938 7.6 0
      vertex 11.0995 7.58149 0.530149
    endloop
  endfacet
  facet normal -1 0 0
    outer loop
      vertex 68 3.3 0
      vertex 68 7.58149 0.530149
      vertex 68 7.6 0
    endloop
  endfacet
  facet normal -1 -0 0
    outer loop
      vertex 68 7.58149 0.530149
      vertex 68 3.27594 0.397771
      vertex 68 7.52604 1.05772
    endloop
  endfacet
  facet normal -1 -0 0
    outer loop
      vertex 68 7.52604 1.05772
      vertex 68 3.27594 0.397771
      vertex 68 7.43392 1.58013
    endloop
  endfacet
  facet normal -1 0 0
    outer loop
      vertex 68 3.20411 0.789742
      vertex 68 7.43392 1.58013
      vertex 68 3.27594 0.397771
    endloop
  endfacet
  facet normal -1 -0 0
    outer loop
      vertex 68 7.43392 1.58013
      vertex 68 3.20411 0.789742
      vertex 68 7.30559 2.09484
    endloop
  endfacet
  facet normal -1 -0 0
    outer loop
      vertex 68 7.30559 2.09484
      vertex 68 3.08555 1.1702
      vertex 68 7.14166 2.59935
    endloop
  endfacet
  facet normal -1 -0 0
    outer loop
      vertex 68 7.14166 2.59935
      vertex 68 3.08555 1.1702
      vertex 68 6.94294 3.0912
    endloop
  endfacet
  facet normal -1 0 0
    outer loop
      vertex 68 2.922 1.53359
      vertex 68 6.94294 3.0912
      vertex 68 3.08555 1.1702
    endloop
  endfacet
  facet normal -1 -0 0
    outer loop
      vertex 68 6.7104 3.56798
      vertex 68 2.922 1.53359
      vertex 68 6.44516 4.02739
    endloop
  endfacet
  facet normal -1 0 0
    outer loop
      vertex 68 2.71585 1.87461
      vertex 68 6.44516 4.02739
      vertex 68 2.922 1.53359
    endloop
  endfacet
  facet normal -1 -0 0
    outer loop
      vertex 68 6.44516 4.02739
      vertex 68 2.71585 1.87461
      vertex 68 6.14853 4.46717
    endloop
  endfacet
  facet normal -1 0 0
    outer loop
      vertex 68 2.47009 2.1883
      vertex 68 5.82194 4.88519
      vertex 68 2.71585 1.87461
    endloop
  endfacet
  facet normal -1 -0 0
    outer loop
      vertex 68 5.82194 4.88519
      vertex 68 2.47009 2.1883
      vertex 68 5.46698 5.2794
    endloop
  endfacet
  facet normal -1 0 0
    outer loop
      vertex 68 2.1883 2.47009
      vertex 68 5.46698 5.2794
      vertex 68 2.47009 2.1883
    endloop
  endfacet
  facet normal -1 -0 0
    outer loop
      vertex 68 5.46698 5.2794
      vertex 68 2.1883 2.47009
      vertex 68 5.08539 5.6479
    endloop
  endfacet
  facet normal -1 0 0
    outer loop
      vertex 68 7.58149 0.530149
      vertex 68 3.3 0
      vertex 68 3.27594 0.397771
    endloop
  endfacet
  facet normal -1 0 0
    outer loop
      vertex 68 3.08555 1.1702
      vertex 68 7.30559 2.09484
      vertex 68 3.20411 0.789742
    endloop
  endfacet
  facet normal -1 -0 0
    outer loop
      vertex 68 6.94294 3.0912
      vertex 68 2.922 1.53359
      vertex 68 6.7104 3.56798
    endloop
  endfacet
  facet normal -1 -0 0
    outer loop
      vertex 68 6.14853 4.46717
      vertex 68 2.71585 1.87461
      vertex 68 5.82194 4.88519
    endloop
  endfacet
  facet normal -1 -0 0
    outer loop
      vertex 68 5.08539 5.6479
      vertex 68 2.1883 2.47009
      vertex 68 4.67903 5.98888
    endloop
  endfacet
  facet normal -1 0 0
    outer loop
      vertex 68 1.87461 2.71585
      vertex 68 4.67903 5.98888
      vertex 68 2.1883 2.47009
    endloop
  endfacet
  facet normal -1 -0 0
    outer loop
      vertex 68 4.67903 5.98888
      vertex 68 1.87461 2.71585
      vertex 68 4.24987 6.30068
    endloop
  endfacet
  facet normal -1 -0 0
    outer loop
      vertex 68 4.24987 6.30068
      vertex 68 1.87461 2.71585
      vertex 68 3.8 6.58179
    endloop
  endfacet
  facet normal -1 0 0
    outer loop
      vertex 68 1.53359 2.922
      vertex 68 3.8 6.58179
      vertex 68 1.87461 2.71585
    endloop
  endfacet
  facet normal -1 -0 0
    outer loop
      vertex 68 3.8 6.58179
      vertex 68 1.53359 2.922
      vertex 68 3.33162 6.83083
    endloop
  endfacet
  facet normal -1 0 0
    outer loop
      vertex 68 1.1702 3.08555
      vertex 68 3.33162 6.83083
      vertex 68 1.53359 2.922
    endloop
  endfacet
  facet normal -1 -0 0
    outer loop
      vertex 68 3.33162 6.83083
      vertex 68 1.1702 3.08555
      vertex 68 2.84701 7.0466
    endloop
  endfacet
  facet normal -1 -0 0
    outer loop
      vertex 68 2.84701 7.0466
      vertex 68 1.1702 3.08555
      vertex 68 2.34853 7.22803
    endloop
  endfacet
  facet normal -1 0 0
    outer loop
      vertex 68 0.789742 3.20411
      vertex 68 2.34853 7.22803
      vertex 68 1.1702 3.08555
    endloop
  endfacet
  facet normal -1 -0 0
    outer loop
      vertex 68 2.34853 7.22803
      vertex 68 0.789742 3.20411
      vertex 68 1.83861 7.37425
    endloop
  endfacet
  facet normal -1 -0 0
    outer loop
      vertex 68 1.83861 7.37425
      vertex 68 0.789742 3.20411
      vertex 68 1.31973 7.48454
    endloop
  endfacet
  facet normal -1 0 0
    outer loop
      vertex 68 0.397771 3.27594
      vertex 68 1.31973 7.48454
      vertex 68 0.789742 3.20411
    endloop
  endfacet
  facet normal -1 -0 0
    outer loop
      vertex 68 1.31973 7.48454
      vertex 68 0.397771 3.27594
      vertex 68 0.794415 7.55837
    endloop
  endfacet
  facet normal -1 0 0
    outer loop
      vertex 68 0.397771 3.27594
      vertex 68 0.265236 7.59537
      vertex 68 0.794415 7.55837
    endloop
  endfacet
  facet normal -1 0 0
    outer loop
      vertex 68 0 3.3
      vertex 68 0.265236 7.59537
      vertex 68 0.397771 3.27594
    endloop
  endfacet
  facet normal -1 0 0
    outer loop
      vertex 68 0 3.3
      vertex 68 -0.265236 7.59537
      vertex 68 0.265236 7.59537
    endloop
  endfacet
  facet normal -1 0 0
    outer loop
      vertex 68 -0.397771 3.27594
      vertex 68 -0.265236 7.59537
      vertex 68 0 3.3
    endloop
  endfacet
  facet normal -1 0 0
    outer loop
      vertex 68 -1.31973 7.48454
      vertex 68 -0.397771 3.27594
      vertex 68 -0.789742 3.20411
    endloop
  endfacet
  facet normal -1 0 0
    outer loop
      vertex 68 -0.397771 3.27594
      vertex 68 -0.794415 7.55837
      vertex 68 -0.265236 7.59537
    endloop
  endfacet
  facet normal -1 0 0
    outer loop
      vertex 68 -2.34853 7.22803
      vertex 68 -0.789742 3.20411
      vertex 68 -1.1702 3.08555
    endloop
  endfacet
  facet normal -1 0 0
    outer loop
      vertex 68 -0.397771 3.27594
      vertex 68 -1.31973 7.48454
      vertex 68 -0.794415 7.55837
    endloop
  endfacet
  facet normal -1 0 0
    outer loop
      vertex 68 -3.33162 6.83083
      vertex 68 -1.1702 3.08555
      vertex 68 -1.53359 2.922
    endloop
  endfacet
  facet normal -1 0 0
    outer loop
      vertex 68 -0.789742 3.20411
      vertex 68 -1.83861 7.37425
      vertex 68 -1.31973 7.48454
    endloop
  endfacet
  facet normal -1 0 0
    outer loop
      vertex 68 -3.8 6.58179
      vertex 68 -1.53359 2.922
      vertex 68 -1.87461 2.71585
    endloop
  endfacet
  facet normal -1 0 0
    outer loop
      vertex 68 -4.67903 5.98888
      vertex 68 -1.87461 2.71585
      vertex 68 -2.1883 2.47009
    endloop
  endfacet
  facet normal -1 0 0
    outer loop
      vertex 68 -0.789742 3.20411
      vertex 68 -2.34853 7.22803
      vertex 68 -1.83861 7.37425
    endloop
  endfacet
  facet normal -1 0 0
    outer loop
      vertex 68 -5.46698 5.2794
      vertex 68 -2.1883 2.47009
      vertex 68 -2.47009 2.1883
    endloop
  endfacet
  facet normal -1 0 0
    outer loop
      vertex 68 -5.82194 4.88519
      vertex 68 -2.47009 2.1883
      vertex 68 -2.71585 1.87461
    endloop
  endfacet
  facet normal -1 0 0
    outer loop
      vertex 68 -1.1702 3.08555
      vertex 68 -2.84701 7.0466
      vertex 68 -2.34853 7.22803
    endloop
  endfacet
  facet normal -1 0 0
    outer loop
      vertex 68 -6.44516 4.02739
      vertex 68 -2.71585 1.87461
      vertex 68 -2.922 1.53359
    endloop
  endfacet
  facet normal -1 0 0
    outer loop
      vertex 68 -6.94294 3.0912
      vertex 68 -2.922 1.53359
      vertex 68 -3.08555 1.1702
    endloop
  endfacet
  facet normal -1 0 0
    outer loop
      vertex 68 -7.30559 2.09484
      vertex 68 -3.08555 1.1702
      vertex 68 -3.20411 0.789742
    endloop
  endfacet
  facet normal -1 0 0
    outer loop
      vertex 68 -7.43392 1.58013
      vertex 68 -3.20411 0.789742
      vertex 68 -3.27594 0.397771
    endloop
  endfacet
  facet normal -1 0 0
    outer loop
      vertex 68 -1.1702 3.08555
      vertex 68 -3.33162 6.83083
      vertex 68 -2.84701 7.0466
    endloop
  endfacet
  facet normal -1 0 0
    outer loop
      vertex 68 -7.58149 0.530149
      vertex 68 -3.27594 0.397771
      vertex 68 -3.3 0
    endloop
  endfacet
  facet normal -1 0 0
    outer loop
      vertex 68 -1.53359 2.922
      vertex 68 -3.8 6.58179
      vertex 68 -3.33162 6.83083
    endloop
  endfacet
  facet normal -1 0 0
    outer loop
      vertex 68 -1.87461 2.71585
      vertex 68 -4.24987 6.30068
      vertex 68 -3.8 6.58179
    endloop
  endfacet
  facet normal -1 0 0
    outer loop
      vertex 68 -1.87461 2.71585
      vertex 68 -4.67903 5.98888
      vertex 68 -4.24987 6.30068
    endloop
  endfacet
  facet normal -1 0 0
    outer loop
      vertex 68 -2.1883 2.47009
      vertex 68 -5.08539 5.6479
      vertex 68 -4.67903 5.98888
    endloop
  endfacet
  facet normal -1 0 0
    outer loop
      vertex 68 -2.1883 2.47009
      vertex 68 -5.46698 5.2794
      vertex 68 -5.08539 5.6479
    endloop
  endfacet
  facet normal -1 0 0
    outer loop
      vertex 68 -2.47009 2.1883
      vertex 68 -5.82194 4.88519
      vertex 68 -5.46698 5.2794
    endloop
  endfacet
  facet normal -1 0 0
    outer loop
      vertex 68 -2.71585 1.87461
      vertex 68 -6.14853 4.46717
      vertex 68 -5.82194 4.88519
    endloop
  endfacet
  facet normal -1 0 0
    outer loop
      vertex 68 -2.71585 1.87461
      vertex 68 -6.44516 4.02739
      vertex 68 -6.14853 4.46717
    endloop
  endfacet
  facet normal -1 0 0
    outer loop
      vertex 68 -2.922 1.53359
      vertex 68 -6.7104 3.56798
      vertex 68 -6.44516 4.02739
    endloop
  endfacet
  facet normal -1 0 0
    outer loop
      vertex 68 -2.922 1.53359
      vertex 68 -6.94294 3.0912
      vertex 68 -6.7104 3.56798
    endloop
  endfacet
  facet normal -1 0 0
    outer loop
      vertex 68 -3.08555 1.1702
      vertex 68 -7.14166 2.59935
      vertex 68 -6.94294 3.0912
    endloop
  endfacet
  facet normal -1 0 0
    outer loop
      vertex 68 -3.08555 1.1702
      vertex 68 -7.30559 2.09484
      vertex 68 -7.14166 2.59935
    endloop
  endfacet
  facet normal -1 0 0
    outer loop
      vertex 68 -3.20411 0.789742
      vertex 68 -7.43392 1.58013
      vertex 68 -7.30559 2.09484
    endloop
  endfacet
  facet normal -1 0 0
    outer loop
      vertex 68 -3.27594 0.397771
      vertex 68 -7.52604 1.05772
      vertex 68 -7.43392 1.58013
    endloop
  endfacet
  facet normal -1 0 0
    outer loop
      vertex 68 -3.27594 0.397771
      vertex 68 -7.58149 0.530149
      vertex 68 -7.52604 1.05772
    endloop
  endfacet
  facet normal -1 0 -0
    outer loop
      vertex 68 -7.58149 0.530149
      vertex 68 -3.3 0
      vertex 68 -7.6 0
    endloop
  endfacet
  facet normal 0 0.139176 -0.990268
    outer loop
      vertex 0 -1.31973 7.48454
      vertex 68 -0.794415 7.55837
      vertex 68 -1.31973 7.48454
    endloop
  endfacet
  facet normal 0 0.139176 -0.990268
    outer loop
      vertex 68 -0.794415 7.55837
      vertex 0 -1.31973 7.48454
      vertex 0 -0.794415 7.55837
    endloop
  endfacet
  facet normal 0 0.984806 -0.173657
    outer loop
      vertex 53 -7.52604 1.05772
      vertex 0 -7.43392 1.58013
      vertex 53 -7.43392 1.58013
    endloop
  endfacet
  facet normal 0 0.984806 -0.173657
    outer loop
      vertex 0 -7.43392 1.58013
      vertex 53 -7.52604 1.05772
      vertex 0 -7.52604 1.05772
    endloop
  endfacet
  facet normal 0 0.984806 -0.173657
    outer loop
      vertex 68 -7.52604 1.05772
      vertex 67 -7.43392 1.58013
      vertex 68 -7.43392 1.58013
    endloop
  endfacet
  facet normal 0 0.984806 -0.173657
    outer loop
      vertex 67 -7.43392 1.58013
      vertex 68 -7.52604 1.05772
      vertex 67 -7.52604 1.05772
    endloop
  endfacet
  facet normal 0 0.694661 -0.719337
    outer loop
      vertex 67 -5.46698 5.2794
      vertex 68 -5.08539 5.6479
      vertex 68 -5.46698 5.2794
    endloop
  endfacet
  facet normal 0 0.694661 -0.719337
    outer loop
      vertex 68 -5.08539 5.6479
      vertex 67 -5.46698 5.2794
      vertex 67 -5.08539 5.6479
    endloop
  endfacet
  facet normal 0 0.694661 -0.719337
    outer loop
      vertex 0 -5.46698 5.2794
      vertex 53 -5.08539 5.6479
      vertex 53 -5.46698 5.2794
    endloop
  endfacet
  facet normal 0 0.694661 -0.719337
    outer loop
      vertex 53 -5.08539 5.6479
      vertex 0 -5.46698 5.2794
      vertex 0 -5.08539 5.6479
    endloop
  endfacet
  facet normal 0 0.829042 -0.559186
    outer loop
      vertex 68 -6.44516 4.02739
      vertex 67 -6.14853 4.46717
      vertex 68 -6.14853 4.46717
    endloop
  endfacet
  facet normal 0 0.829042 -0.559186
    outer loop
      vertex 67 -6.14853 4.46717
      vertex 68 -6.44516 4.02739
      vertex 67 -6.44516 4.02739
    endloop
  endfacet
  facet normal 0 0.829042 -0.559186
    outer loop
      vertex 53 -6.44516 4.02739
      vertex 0 -6.14853 4.46717
      vertex 53 -6.14853 4.46717
    endloop
  endfacet
  facet normal 0 0.829042 -0.559186
    outer loop
      vertex 0 -6.14853 4.46717
      vertex 53 -6.44516 4.02739
      vertex 0 -6.44516 4.02739
    endloop
  endfacet
  facet normal 0 0.898795 -0.438369
    outer loop
      vertex 53 -6.94294 3.0912
      vertex 0 -6.7104 3.56798
      vertex 53 -6.7104 3.56798
    endloop
  endfacet
  facet normal 0 0.898795 -0.438369
    outer loop
      vertex 0 -6.7104 3.56798
      vertex 53 -6.94294 3.0912
      vertex 0 -6.94294 3.0912
    endloop
  endfacet
  facet normal 0 0.898795 -0.438369
    outer loop
      vertex 68 -6.94294 3.0912
      vertex 67 -6.7104 3.56798
      vertex 68 -6.7104 3.56798
    endloop
  endfacet
  facet normal 0 0.898795 -0.438369
    outer loop
      vertex 67 -6.7104 3.56798
      vertex 68 -6.94294 3.0912
      vertex 67 -6.94294 3.0912
    endloop
  endfacet
  facet normal 0 0 -1
    outer loop
      vertex 0 -0.265236 7.59537
      vertex 68 0.265236 7.59537
      vertex 68 -0.265236 7.59537
    endloop
  endfacet
  facet normal -0 0 -1
    outer loop
      vertex 68 0.265236 7.59537
      vertex 0 -0.265236 7.59537
      vertex 0 0.265236 7.59537
    endloop
  endfacet
  facet normal 0 -0.951054 -0.309025
    outer loop
      vertex 36.8142 7.30559 2.09484
      vertex 68 7.14166 2.59935
      vertex 36.763 7.14166 2.59935
    endloop
  endfacet
  facet normal 0 -0.951054 -0.309025
    outer loop
      vertex 68 7.14166 2.59935
      vertex 36.8142 7.30559 2.09484
      vertex 68 7.30559 2.09484
    endloop
  endfacet
  facet normal -0 -0.951054 -0.309025
    outer loop
      vertex 11.1858 7.30559 2.09484
      vertex 0 7.14166 2.59935
      vertex 0 7.30559 2.09484
    endloop
  endfacet
  facet normal 0 -0.951054 -0.309025
    outer loop
      vertex 0 7.14166 2.59935
      vertex 11.1858 7.30559 2.09484
      vertex 11.237 7.14166 2.59935
    endloop
  endfacet
  facet normal 1 0 0
    outer loop
      vertex 0 2.97433 0.391578
      vertex 0 7.58149 0.530149
      vertex 0 7.52604 1.05772
    endloop
  endfacet
  facet normal 1 0 0
    outer loop
      vertex 0 2.97433 0.391578
      vertex 0 7.52604 1.05772
      vertex 0 7.43392 1.58013
    endloop
  endfacet
  facet normal 1 0 0
    outer loop
      vertex 0 2.89778 0.776457
      vertex 0 7.43392 1.58013
      vertex 0 7.30559 2.09484
    endloop
  endfacet
  facet normal 1 0 0
    outer loop
      vertex 0 2.89778 0.776457
      vertex 0 7.30559 2.09484
      vertex 0 7.14166 2.59935
    endloop
  endfacet
  facet normal 1 0 0
    outer loop
      vertex 0 2.77164 1.14805
      vertex 0 7.14166 2.59935
      vertex 0 6.94294 3.0912
    endloop
  endfacet
  facet normal 1 0 0
    outer loop
      vertex 0 2.77164 1.14805
      vertex 0 6.94294 3.0912
      vertex 0 6.7104 3.56798
    endloop
  endfacet
  facet normal 1 0 0
    outer loop
      vertex 0 2.59808 1.5
      vertex 0 6.7104 3.56798
      vertex 0 6.44516 4.02739
    endloop
  endfacet
  facet normal 1 0 0
    outer loop
      vertex 0 2.38006 1.82628
      vertex 0 6.44516 4.02739
      vertex 0 6.14853 4.46717
    endloop
  endfacet
  facet normal 1 0 0
    outer loop
      vertex 0 2.38006 1.82628
      vertex 0 6.14853 4.46717
      vertex 0 5.82194 4.88519
    endloop
  endfacet
  facet normal 1 0 0
    outer loop
      vertex 0 2.12132 2.12132
      vertex 0 5.82194 4.88519
      vertex 0 5.46698 5.2794
    endloop
  endfacet
  facet normal 1 0 0
    outer loop
      vertex 0 2.12132 2.12132
      vertex 0 5.46698 5.2794
      vertex 0 5.08539 5.6479
    endloop
  endfacet
  facet normal 1 0 0
    outer loop
      vertex 0 1.82628 2.38006
      vertex 0 5.08539 5.6479
      vertex 0 4.67903 5.98888
    endloop
  endfacet
  facet normal 1 0 0
    outer loop
      vertex 0 1.82628 2.38006
      vertex 0 4.67903 5.98888
      vertex 0 4.24987 6.30068
    endloop
  endfacet
  facet normal 1 0 0
    outer loop
      vertex 0 1.5 2.59808
      vertex 0 4.24987 6.30068
      vertex 0 3.8 6.58179
    endloop
  endfacet
  facet normal 1 0 0
    outer loop
      vertex 0 1.5 2.59808
      vertex 0 3.8 6.58179
      vertex 0 3.33162 6.83083
    endloop
  endfacet
  facet normal 1 0 0
    outer loop
      vertex 0 6.7104 3.56798
      vertex 0 2.59808 1.5
      vertex 0 2.77164 1.14805
    endloop
  endfacet
  facet normal 1 0 0
    outer loop
      vertex 0 7.58149 0.530149
      vertex 0 3 0
      vertex 0 7.6 0
    endloop
  endfacet
  facet normal 1 0 -0
    outer loop
      vertex 0 3 0
      vertex 0 7.58149 0.530149
      vertex 0 2.97433 0.391578
    endloop
  endfacet
  facet normal 1 0 0
    outer loop
      vertex 0 1.14805 2.77164
      vertex 0 3.33162 6.83083
      vertex 0 2.84701 7.0466
    endloop
  endfacet
  facet normal 1 0 0
    outer loop
      vertex 0 7.43392 1.58013
      vertex 0 2.89778 0.776457
      vertex 0 2.97433 0.391578
    endloop
  endfacet
  facet normal 1 0 0
    outer loop
      vertex 0 7.14166 2.59935
      vertex 0 2.77164 1.14805
      vertex 0 2.89778 0.776457
    endloop
  endfacet
  facet normal 1 0 0
    outer loop
      vertex 0 6.44516 4.02739
      vertex 0 2.38006 1.82628
      vertex 0 2.59808 1.5
    endloop
  endfacet
  facet normal 1 0 0
    outer loop
      vertex 0 1.14805 2.77164
      vertex 0 2.84701 7.0466
      vertex 0 2.34853 7.22803
    endloop
  endfacet
  facet normal 1 0 0
    outer loop
      vertex 0 5.82194 4.88519
      vertex 0 2.12132 2.12132
      vertex 0 2.38006 1.82628
    endloop
  endfacet
  facet normal 1 0 0
    outer loop
      vertex 0 0.776457 2.89778
      vertex 0 2.34853 7.22803
      vertex 0 1.83861 7.37425
    endloop
  endfacet
  facet normal 1 0 0
    outer loop
      vertex 0 5.08539 5.6479
      vertex 0 1.82628 2.38006
      vertex 0 2.12132 2.12132
    endloop
  endfacet
  facet normal 1 0 0
    outer loop
      vertex 0 4.24987 6.30068
      vertex 0 1.5 2.59808
      vertex 0 1.82628 2.38006
    endloop
  endfacet
  facet normal 1 0 0
    outer loop
      vertex 0 0.776457 2.89778
      vertex 0 1.83861 7.37425
      vertex 0 1.31973 7.48454
    endloop
  endfacet
  facet normal 1 0 0
    outer loop
      vertex 0 3.33162 6.83083
      vertex 0 1.14805 2.77164
      vertex 0 1.5 2.59808
    endloop
  endfacet
  facet normal 1 0 0
    outer loop
      vertex 0 0.391578 2.97433
      vertex 0 1.31973 7.48454
      vertex 0 0.794415 7.55837
    endloop
  endfacet
  facet normal 1 0 0
    outer loop
      vertex 0 2.34853 7.22803
      vertex 0 0.776457 2.89778
      vertex 0 1.14805 2.77164
    endloop
  endfacet
  facet normal 1 0 0
    outer loop
      vertex 0 1.31973 7.48454
      vertex 0 0.391578 2.97433
      vertex 0 0.776457 2.89778
    endloop
  endfacet
  facet normal 1 0 0
    outer loop
      vertex 0 0.265236 7.59537
      vertex 0 0.391578 2.97433
      vertex 0 0.794415 7.55837
    endloop
  endfacet
  facet normal 1 0 0
    outer loop
      vertex 0 0.265236 7.59537
      vertex 0 0 3
      vertex 0 0.391578 2.97433
    endloop
  endfacet
  facet normal 1 -0 0
    outer loop
      vertex 0 -0.265236 7.59537
      vertex 0 0 3
      vertex 0 0.265236 7.59537
    endloop
  endfacet
  facet normal 1 0 0
    outer loop
      vertex 0 -0.265236 7.59537
      vertex 0 -0.391578 2.97433
      vertex 0 0 3
    endloop
  endfacet
  facet normal 1 -0 0
    outer loop
      vertex 0 -0.794415 7.55837
      vertex 0 -0.391578 2.97433
      vertex 0 -0.265236 7.59537
    endloop
  endfacet
  facet normal 1 -0 0
    outer loop
      vertex 0 -1.31973 7.48454
      vertex 0 -0.391578 2.97433
      vertex 0 -0.794415 7.55837
    endloop
  endfacet
  facet normal 1 0 0
    outer loop
      vertex 0 -0.391578 2.97433
      vertex 0 -1.31973 7.48454
      vertex 0 -0.776457 2.89778
    endloop
  endfacet
  facet normal 1 -0 0
    outer loop
      vertex 0 -1.83861 7.37425
      vertex 0 -0.776457 2.89778
      vertex 0 -1.31973 7.48454
    endloop
  endfacet
  facet normal 1 -0 0
    outer loop
      vertex 0 -2.34853 7.22803
      vertex 0 -0.776457 2.89778
      vertex 0 -1.83861 7.37425
    endloop
  endfacet
  facet normal 1 0 0
    outer loop
      vertex 0 -0.776457 2.89778
      vertex 0 -2.34853 7.22803
      vertex 0 -1.14805 2.77164
    endloop
  endfacet
  facet normal 1 -0 0
    outer loop
      vertex 0 -2.84701 7.0466
      vertex 0 -1.14805 2.77164
      vertex 0 -2.34853 7.22803
    endloop
  endfacet
  facet normal 1 -0 0
    outer loop
      vertex 0 -3.33162 6.83083
      vertex 0 -1.14805 2.77164
      vertex 0 -2.84701 7.0466
    endloop
  endfacet
  facet normal 1 0 0
    outer loop
      vertex 0 -1.14805 2.77164
      vertex 0 -3.33162 6.83083
      vertex 0 -1.5 2.59808
    endloop
  endfacet
  facet normal 1 -0 0
    outer loop
      vertex 0 -3.8 6.58179
      vertex 0 -1.5 2.59808
      vertex 0 -3.33162 6.83083
    endloop
  endfacet
  facet normal 1 -0 0
    outer loop
      vertex 0 -4.24987 6.30068
      vertex 0 -1.5 2.59808
      vertex 0 -3.8 6.58179
    endloop
  endfacet
  facet normal 1 0 0
    outer loop
      vertex 0 -1.5 2.59808
      vertex 0 -4.24987 6.30068
      vertex 0 -1.82628 2.38006
    endloop
  endfacet
  facet normal 1 -0 0
    outer loop
      vertex 0 -4.67903 5.98888
      vertex 0 -1.82628 2.38006
      vertex 0 -4.24987 6.30068
    endloop
  endfacet
  facet normal 1 -0 0
    outer loop
      vertex 0 -5.08539 5.6479
      vertex 0 -1.82628 2.38006
      vertex 0 -4.67903 5.98888
    endloop
  endfacet
  facet normal 1 0 0
    outer loop
      vertex 0 -1.82628 2.38006
      vertex 0 -5.08539 5.6479
      vertex 0 -2.12132 2.12132
    endloop
  endfacet
  facet normal 1 -0 0
    outer loop
      vertex 0 -5.46698 5.2794
      vertex 0 -2.12132 2.12132
      vertex 0 -5.08539 5.6479
    endloop
  endfacet
  facet normal 1 -0 0
    outer loop
      vertex 0 -5.82194 4.88519
      vertex 0 -2.12132 2.12132
      vertex 0 -5.46698 5.2794
    endloop
  endfacet
  facet normal 1 0 0
    outer loop
      vertex 0 -2.12132 2.12132
      vertex 0 -5.82194 4.88519
      vertex 0 -2.38006 1.82628
    endloop
  endfacet
  facet normal 1 -0 0
    outer loop
      vertex 0 -6.14853 4.46717
      vertex 0 -2.38006 1.82628
      vertex 0 -5.82194 4.88519
    endloop
  endfacet
  facet normal 1 -0 0
    outer loop
      vertex 0 -6.44516 4.02739
      vertex 0 -2.38006 1.82628
      vertex 0 -6.14853 4.46717
    endloop
  endfacet
  facet normal 1 0 0
    outer loop
      vertex 0 -2.38006 1.82628
      vertex 0 -6.44516 4.02739
      vertex 0 -2.59808 1.5
    endloop
  endfacet
  facet normal 1 -0 0
    outer loop
      vertex 0 -6.7104 3.56798
      vertex 0 -2.59808 1.5
      vertex 0 -6.44516 4.02739
    endloop
  endfacet
  facet normal 1 0 0
    outer loop
      vertex 0 -2.59808 1.5
      vertex 0 -6.7104 3.56798
      vertex 0 -2.77164 1.14805
    endloop
  endfacet
  facet normal 1 -0 0
    outer loop
      vertex 0 -6.94294 3.0912
      vertex 0 -2.77164 1.14805
      vertex 0 -6.7104 3.56798
    endloop
  endfacet
  facet normal 1 -0 0
    outer loop
      vertex 0 -7.14166 2.59935
      vertex 0 -2.77164 1.14805
      vertex 0 -6.94294 3.0912
    endloop
  endfacet
  facet normal 1 0 0
    outer loop
      vertex 0 -2.77164 1.14805
      vertex 0 -7.14166 2.59935
      vertex 0 -2.89778 0.776457
    endloop
  endfacet
  facet normal 1 -0 0
    outer loop
      vertex 0 -7.30559 2.09484
      vertex 0 -2.89778 0.776457
      vertex 0 -7.14166 2.59935
    endloop
  endfacet
  facet normal 1 -0 0
    outer loop
      vertex 0 -7.43392 1.58013
      vertex 0 -2.89778 0.776457
      vertex 0 -7.30559 2.09484
    endloop
  endfacet
  facet normal 1 0 0
    outer loop
      vertex 0 -2.89778 0.776457
      vertex 0 -7.43392 1.58013
      vertex 0 -2.97433 0.391578
    endloop
  endfacet
  facet normal 1 -0 0
    outer loop
      vertex 0 -7.52604 1.05772
      vertex 0 -2.97433 0.391578
      vertex 0 -7.43392 1.58013
    endloop
  endfacet
  facet normal 1 -0 0
    outer loop
      vertex 0 -7.58149 0.530149
      vertex 0 -2.97433 0.391578
      vertex 0 -7.52604 1.05772
    endloop
  endfacet
  facet normal 1 0 0
    outer loop
      vertex 0 -2.97433 0.391578
      vertex 0 -7.58149 0.530149
      vertex 0 -3 0
    endloop
  endfacet
  facet normal 1 0 0
    outer loop
      vertex 0 -3 0
      vertex 0 -7.58149 0.530149
      vertex 0 -7.6 0
    endloop
  endfacet
  facet normal 0 0.207909 -0.978148
    outer loop
      vertex 0 -1.83861 7.37425
      vertex 68 -1.31973 7.48454
      vertex 68 -1.83861 7.37425
    endloop
  endfacet
  facet normal 0 0.207909 -0.978148
    outer loop
      vertex 68 -1.31973 7.48454
      vertex 0 -1.83861 7.37425
      vertex 0 -1.31973 7.48454
    endloop
  endfacet
  facet normal 0 0.342017 -0.939694
    outer loop
      vertex 0 -2.84701 7.0466
      vertex 68 -2.34853 7.22803
      vertex 68 -2.84701 7.0466
    endloop
  endfacet
  facet normal 0 0.342017 -0.939694
    outer loop
      vertex 68 -2.34853 7.22803
      vertex 0 -2.84701 7.0466
      vertex 0 -2.34853 7.22803
    endloop
  endfacet
  facet normal 0 0.406749 -0.91354
    outer loop
      vertex 0 -3.33162 6.83083
      vertex 68 -2.84701 7.0466
      vertex 68 -3.33162 6.83083
    endloop
  endfacet
  facet normal 0 0.406749 -0.91354
    outer loop
      vertex 68 -2.84701 7.0466
      vertex 0 -3.33162 6.83083
      vertex 0 -2.84701 7.0466
    endloop
  endfacet
  facet normal 0 0.587782 -0.80902
    outer loop
      vertex 0 -4.67903 5.98888
      vertex 68 -4.24987 6.30068
      vertex 68 -4.67903 5.98888
    endloop
  endfacet
  facet normal 0 0.587782 -0.80902
    outer loop
      vertex 68 -4.24987 6.30068
      vertex 0 -4.67903 5.98888
      vertex 0 -4.24987 6.30068
    endloop
  endfacet
  facet normal 0 0.642784 -0.766048
    outer loop
      vertex 53 -5.08539 5.6479
      vertex 0 -5.08539 5.6479
      vertex 53 -5 5.71955
    endloop
  endfacet
  facet normal 0 0.642784 -0.766048
    outer loop
      vertex 67 -5 5.71955
      vertex 68 -5.08539 5.6479
      vertex 67 -5.08539 5.6479
    endloop
  endfacet
  facet normal 1.10883e-06 0.642791 -0.766041
    outer loop
      vertex 68 -5.08539 5.6479
      vertex 67 -5 5.71955
      vertex 68 -4.67903 5.98888
    endloop
  endfacet
  facet normal 0 0.642793 -0.76604
    outer loop
      vertex 53 -5 5.71955
      vertex 68 -4.67903 5.98888
      vertex 67 -5 5.71955
    endloop
  endfacet
  facet normal -2.09214e-08 0.642791 -0.766041
    outer loop
      vertex 0 -4.67903 5.98888
      vertex 53 -5 5.71955
      vertex 0 -5.08539 5.6479
    endloop
  endfacet
  facet normal 0 0.642793 -0.76604
    outer loop
      vertex 53 -5 5.71955
      vertex 0 -4.67903 5.98888
      vertex 68 -4.67903 5.98888
    endloop
  endfacet
  facet normal 0 0.788014 -0.615658
    outer loop
      vertex 53 -6.14853 4.46717
      vertex 0 -5.82194 4.88519
      vertex 53 -5.82194 4.88519
    endloop
  endfacet
  facet normal 0 0.788014 -0.615658
    outer loop
      vertex 0 -5.82194 4.88519
      vertex 53 -6.14853 4.46717
      vertex 0 -6.14853 4.46717
    endloop
  endfacet
  facet normal 0 0.788014 -0.615658
    outer loop
      vertex 68 -6.14853 4.46717
      vertex 67 -5.82194 4.88519
      vertex 68 -5.82194 4.88519
    endloop
  endfacet
  facet normal 0 0.788014 -0.615658
    outer loop
      vertex 67 -5.82194 4.88519
      vertex 68 -6.14853 4.46717
      vertex 67 -6.14853 4.46717
    endloop
  endfacet
  facet normal 0 0.866026 -0.499999
    outer loop
      vertex 53 -6.7104 3.56798
      vertex 0 -6.44516 4.02739
      vertex 53 -6.44516 4.02739
    endloop
  endfacet
  facet normal 0 0.866026 -0.499999
    outer loop
      vertex 0 -6.44516 4.02739
      vertex 53 -6.7104 3.56798
      vertex 0 -6.7104 3.56798
    endloop
  endfacet
  facet normal 0 0.866026 -0.499999
    outer loop
      vertex 68 -6.7104 3.56798
      vertex 67 -6.44516 4.02739
      vertex 68 -6.44516 4.02739
    endloop
  endfacet
  facet normal 0 0.866026 -0.499999
    outer loop
      vertex 67 -6.44516 4.02739
      vertex 68 -6.7104 3.56798
      vertex 67 -6.7104 3.56798
    endloop
  endfacet
  facet normal 0 0.951054 -0.309025
    outer loop
      vertex 53 -7.30559 2.09484
      vertex 0 -7.14166 2.59935
      vertex 53 -7.14166 2.59935
    endloop
  endfacet
  facet normal 0 0.951054 -0.309025
    outer loop
      vertex 0 -7.14166 2.59935
      vertex 53 -7.30559 2.09484
      vertex 0 -7.30559 2.09484
    endloop
  endfacet
  facet normal 0 0.951054 -0.309025
    outer loop
      vertex 68 -7.30559 2.09484
      vertex 67 -7.14166 2.59935
      vertex 68 -7.14166 2.59935
    endloop
  endfacet
  facet normal 0 0.951054 -0.309025
    outer loop
      vertex 67 -7.14166 2.59935
      vertex 68 -7.30559 2.09484
      vertex 67 -7.30559 2.09484
    endloop
  endfacet
  facet normal 0 -0.342419 -0.939547
    outer loop
      vertex 0 2.34853 7.22803
      vertex 13.9653 2.36192 7.22315
      vertex 14.0304 2.34853 7.22803
    endloop
  endfacet
  facet normal -4.63776e-07 -0.341992 -0.939703
    outer loop
      vertex 0 2.34853 7.22803
      vertex 13.5776 2.4959 7.17439
      vertex 13.9653 2.36192 7.22315
    endloop
  endfacet
  facet normal 7.5228e-08 -0.342036 -0.939687
    outer loop
      vertex 0 2.34853 7.22803
      vertex 13.2182 2.67618 7.10877
      vertex 13.5776 2.4959 7.17439
    endloop
  endfacet
  facet normal -1.27975e-06 -0.341988 -0.939704
    outer loop
      vertex 0 2.34853 7.22803
      vertex 12.9714 2.84701 7.0466
      vertex 13.2182 2.67618 7.10877
    endloop
  endfacet
  facet normal -0 -0.342017 -0.939694
    outer loop
      vertex 12.9714 2.84701 7.0466
      vertex 0 2.34853 7.22803
      vertex 0 2.84701 7.0466
    endloop
  endfacet
  facet normal 0 -0.342017 -0.939694
    outer loop
      vertex 68 2.34853 7.22803
      vertex 35.0286 2.84701 7.0466
      vertex 68 2.84701 7.0466
    endloop
  endfacet
  facet normal 5.20064e-07 -0.341987 -0.939705
    outer loop
      vertex 68 2.34853 7.22803
      vertex 34.7818 2.67618 7.10877
      vertex 35.0286 2.84701 7.0466
    endloop
  endfacet
  facet normal -3.08082e-08 -0.342036 -0.939687
    outer loop
      vertex 68 2.34853 7.22803
      vertex 34.4224 2.4959 7.17439
      vertex 34.7818 2.67618 7.10877
    endloop
  endfacet
  facet normal 1.90999e-07 -0.341991 -0.939703
    outer loop
      vertex 68 2.34853 7.22803
      vertex 34.0347 2.36192 7.22315
      vertex 34.4224 2.4959 7.17439
    endloop
  endfacet
  facet normal 0 -0.342419 -0.939547
    outer loop
      vertex 34.0347 2.36192 7.22315
      vertex 68 2.34853 7.22803
      vertex 33.9696 2.34853 7.22803
    endloop
  endfacet
  facet normal 0 -0.529919 -0.848048
    outer loop
      vertex 0 3.8 6.58179
      vertex 12.1407 4.24987 6.30068
      vertex 12.2812 3.8 6.58179
    endloop
  endfacet
  facet normal -0 -0.529919 -0.848048
    outer loop
      vertex 12.1407 4.24987 6.30068
      vertex 0 3.8 6.58179
      vertex 0 4.24987 6.30068
    endloop
  endfacet
  facet normal 0 -0.529919 -0.848048
    outer loop
      vertex 68 3.8 6.58179
      vertex 35.8593 4.24987 6.30068
      vertex 68 4.24987 6.30068
    endloop
  endfacet
  facet normal 0 -0.529919 -0.848048
    outer loop
      vertex 35.8593 4.24987 6.30068
      vertex 68 3.8 6.58179
      vertex 35.7188 3.8 6.58179
    endloop
  endfacet
  facet normal 0 -0.0697493 -0.997565
    outer loop
      vertex 0 0.265236 7.59537
      vertex 68 0.794415 7.55837
      vertex 68 0.265236 7.59537
    endloop
  endfacet
  facet normal -0 -0.0697493 -0.997565
    outer loop
      vertex 68 0.794415 7.55837
      vertex 0 0.265236 7.59537
      vertex 0 0.794415 7.55837
    endloop
  endfacet
  facet normal 0 -0.994522 -0.104529
    outer loop
      vertex 36.9005 7.58149 0.530149
      vertex 68 7.52604 1.05772
      vertex 36.8831 7.52604 1.05772
    endloop
  endfacet
  facet normal 0 -0.994522 -0.104529
    outer loop
      vertex 68 7.52604 1.05772
      vertex 36.9005 7.58149 0.530149
      vertex 68 7.58149 0.530149
    endloop
  endfacet
  facet normal -0 -0.994522 -0.104529
    outer loop
      vertex 11.0995 7.58149 0.530149
      vertex 0 7.52604 1.05772
      vertex 0 7.58149 0.530149
    endloop
  endfacet
  facet normal 0 -0.994522 -0.104529
    outer loop
      vertex 0 7.52604 1.05772
      vertex 11.0995 7.58149 0.530149
      vertex 11.1169 7.52604 1.05772
    endloop
  endfacet
  facet normal 0 -0.829042 -0.559186
    outer loop
      vertex 36.5454 6.44516 4.02739
      vertex 68 6.14853 4.46717
      vertex 36.4527 6.14853 4.46717
    endloop
  endfacet
  facet normal 0 -0.829042 -0.559186
    outer loop
      vertex 68 6.14853 4.46717
      vertex 36.5454 6.44516 4.02739
      vertex 68 6.44516 4.02739
    endloop
  endfacet
  facet normal -0 -0.829042 -0.559186
    outer loop
      vertex 11.4546 6.44516 4.02739
      vertex 0 6.14853 4.46717
      vertex 0 6.44516 4.02739
    endloop
  endfacet
  facet normal 0 -0.829042 -0.559186
    outer loop
      vertex 0 6.14853 4.46717
      vertex 11.4546 6.44516 4.02739
      vertex 11.5473 6.14853 4.46717
    endloop
  endfacet
  facet normal 0 -0.927184 -0.374606
    outer loop
      vertex 36.763 7.14166 2.59935
      vertex 68 6.94294 3.0912
      vertex 36.7009 6.94294 3.0912
    endloop
  endfacet
  facet normal 0 -0.927184 -0.374606
    outer loop
      vertex 68 6.94294 3.0912
      vertex 36.763 7.14166 2.59935
      vertex 68 7.14166 2.59935
    endloop
  endfacet
  facet normal -0 -0.927184 -0.374606
    outer loop
      vertex 11.237 7.14166 2.59935
      vertex 0 6.94294 3.0912
      vertex 0 7.14166 2.59935
    endloop
  endfacet
  facet normal 0 -0.927184 -0.374606
    outer loop
      vertex 0 6.94294 3.0912
      vertex 11.237 7.14166 2.59935
      vertex 11.2991 6.94294 3.0912
    endloop
  endfacet
  facet normal 0 0.275642 -0.96126
    outer loop
      vertex 0 -2.34853 7.22803
      vertex 68 -1.83861 7.37425
      vertex 68 -2.34853 7.22803
    endloop
  endfacet
  facet normal 0 0.275642 -0.96126
    outer loop
      vertex 68 -1.83861 7.37425
      vertex 0 -2.34853 7.22803
      vertex 0 -1.83861 7.37425
    endloop
  endfacet
  facet normal 0 0.529919 -0.848048
    outer loop
      vertex 0 -4.24987 6.30068
      vertex 68 -3.8 6.58179
      vertex 68 -4.24987 6.30068
    endloop
  endfacet
  facet normal 0 0.529919 -0.848048
    outer loop
      vertex 68 -3.8 6.58179
      vertex 0 -4.24987 6.30068
      vertex 0 -3.8 6.58179
    endloop
  endfacet
  facet normal 0 0.469469 -0.882949
    outer loop
      vertex 0 -3.8 6.58179
      vertex 68 -3.33162 6.83083
      vertex 68 -3.8 6.58179
    endloop
  endfacet
  facet normal 0 0.469469 -0.882949
    outer loop
      vertex 68 -3.33162 6.83083
      vertex 0 -3.8 6.58179
      vertex 0 -3.33162 6.83083
    endloop
  endfacet
  facet normal 0 0.743134 -0.669143
    outer loop
      vertex 68 -5.82194 4.88519
      vertex 67 -5.46698 5.2794
      vertex 68 -5.46698 5.2794
    endloop
  endfacet
  facet normal 0 0.743134 -0.669143
    outer loop
      vertex 67 -5.46698 5.2794
      vertex 68 -5.82194 4.88519
      vertex 67 -5.82194 4.88519
    endloop
  endfacet
  facet normal 0 0.743134 -0.669143
    outer loop
      vertex 53 -5.82194 4.88519
      vertex 0 -5.46698 5.2794
      vertex 53 -5.46698 5.2794
    endloop
  endfacet
  facet normal 0 0.743134 -0.669143
    outer loop
      vertex 0 -5.46698 5.2794
      vertex 53 -5.82194 4.88519
      vertex 0 -5.82194 4.88519
    endloop
  endfacet
  facet normal 0 0.927184 -0.374606
    outer loop
      vertex 53 -7.14166 2.59935
      vertex 0 -6.94294 3.0912
      vertex 53 -6.94294 3.0912
    endloop
  endfacet
  facet normal 0 0.927184 -0.374606
    outer loop
      vertex 0 -6.94294 3.0912
      vertex 53 -7.14166 2.59935
      vertex 0 -7.14166 2.59935
    endloop
  endfacet
  facet normal 0 0.927184 -0.374606
    outer loop
      vertex 68 -7.14166 2.59935
      vertex 67 -6.94294 3.0912
      vertex 68 -6.94294 3.0912
    endloop
  endfacet
  facet normal 0 0.927184 -0.374606
    outer loop
      vertex 67 -6.94294 3.0912
      vertex 68 -7.14166 2.59935
      vertex 67 -7.14166 2.59935
    endloop
  endfacet
  facet normal 0 -0.207909 -0.978148
    outer loop
      vertex 0 1.31973 7.48454
      vertex 68 1.83861 7.37425
      vertex 68 1.31973 7.48454
    endloop
  endfacet
  facet normal -0 -0.207909 -0.978148
    outer loop
      vertex 68 1.83861 7.37425
      vertex 0 1.31973 7.48454
      vertex 0 1.83861 7.37425
    endloop
  endfacet
  facet normal -0 -0.788014 -0.615658
    outer loop
      vertex 11.5473 6.14853 4.46717
      vertex 0 5.82194 4.88519
      vertex 0 6.14853 4.46717
    endloop
  endfacet
  facet normal 0 -0.788014 -0.615658
    outer loop
      vertex 0 5.82194 4.88519
      vertex 11.5473 6.14853 4.46717
      vertex 11.6494 5.82194 4.88519
    endloop
  endfacet
  facet normal 0 -0.788014 -0.615658
    outer loop
      vertex 36.4527 6.14853 4.46717
      vertex 68 5.82194 4.88519
      vertex 36.3506 5.82194 4.88519
    endloop
  endfacet
  facet normal 0 -0.788014 -0.615658
    outer loop
      vertex 68 5.82194 4.88519
      vertex 36.4527 6.14853 4.46717
      vertex 68 6.14853 4.46717
    endloop
  endfacet
  facet normal -0 -0.743134 -0.669143
    outer loop
      vertex 11.6494 5.82194 4.88519
      vertex 0 5.46698 5.2794
      vertex 0 5.82194 4.88519
    endloop
  endfacet
  facet normal 0 -0.743134 -0.669143
    outer loop
      vertex 0 5.46698 5.2794
      vertex 11.6494 5.82194 4.88519
      vertex 11.7603 5.46698 5.2794
    endloop
  endfacet
  facet normal 0 -0.743134 -0.669143
    outer loop
      vertex 36.3506 5.82194 4.88519
      vertex 68 5.46698 5.2794
      vertex 36.2397 5.46698 5.2794
    endloop
  endfacet
  facet normal 0 -0.743134 -0.669143
    outer loop
      vertex 68 5.46698 5.2794
      vertex 36.3506 5.82194 4.88519
      vertex 68 5.82194 4.88519
    endloop
  endfacet
  facet normal 0 -0.469433 -0.882968
    outer loop
      vertex 0 3.33162 6.83083
      vertex 12.4498 3.38359 6.8032
      vertex 12.4904 3.33162 6.83083
    endloop
  endfacet
  facet normal 2.68579e-07 -0.469483 -0.882942
    outer loop
      vertex 0 3.33162 6.83083
      vertex 12.3326 3.63575 6.66912
      vertex 12.4498 3.38359 6.8032
    endloop
  endfacet
  facet normal -5.16728e-07 -0.469458 -0.882955
    outer loop
      vertex 0 3.33162 6.83083
      vertex 12.2812 3.8 6.58179
      vertex 12.3326 3.63575 6.66912
    endloop
  endfacet
  facet normal -0 -0.469469 -0.882949
    outer loop
      vertex 12.2812 3.8 6.58179
      vertex 0 3.33162 6.83083
      vertex 0 3.8 6.58179
    endloop
  endfacet
  facet normal 0 -0.469469 -0.882949
    outer loop
      vertex 68 3.33162 6.83083
      vertex 35.7188 3.8 6.58179
      vertex 68 3.8 6.58179
    endloop
  endfacet
  facet normal 1.98033e-07 -0.469458 -0.882955
    outer loop
      vertex 68 3.33162 6.83083
      vertex 35.6674 3.63575 6.66912
      vertex 35.7188 3.8 6.58179
    endloop
  endfacet
  facet normal -1.03167e-07 -0.469483 -0.882942
    outer loop
      vertex 68 3.33162 6.83083
      vertex 35.5502 3.38359 6.8032
      vertex 35.6674 3.63575 6.66912
    endloop
  endfacet
  facet normal 0 -0.469433 -0.882968
    outer loop
      vertex 35.5502 3.38359 6.8032
      vertex 68 3.33162 6.83083
      vertex 35.5096 3.33162 6.83083
    endloop
  endfacet
  facet normal 0 -0.587782 -0.80902
    outer loop
      vertex 68 4.24987 6.30068
      vertex 35.9934 4.67903 5.98888
      vertex 68 4.67903 5.98888
    endloop
  endfacet
  facet normal 0 -0.587782 -0.80902
    outer loop
      vertex 35.9934 4.67903 5.98888
      vertex 68 4.24987 6.30068
      vertex 35.8593 4.24987 6.30068
    endloop
  endfacet
  facet normal 0 -0.587782 -0.80902
    outer loop
      vertex 0 4.24987 6.30068
      vertex 12.0066 4.67903 5.98888
      vertex 12.1407 4.24987 6.30068
    endloop
  endfacet
  facet normal -0 -0.587782 -0.80902
    outer loop
      vertex 12.0066 4.67903 5.98888
      vertex 0 4.24987 6.30068
      vertex 0 4.67903 5.98888
    endloop
  endfacet
  facet normal 0 -0.642791 -0.766041
    outer loop
      vertex 68 4.67903 5.98888
      vertex 36.1204 5.08539 5.6479
      vertex 68 5.08539 5.6479
    endloop
  endfacet
  facet normal 0 -0.642791 -0.766041
    outer loop
      vertex 36.1204 5.08539 5.6479
      vertex 68 4.67903 5.98888
      vertex 35.9934 4.67903 5.98888
    endloop
  endfacet
  facet normal 0 -0.642791 -0.766041
    outer loop
      vertex 0 4.67903 5.98888
      vertex 11.8796 5.08539 5.6479
      vertex 12.0066 4.67903 5.98888
    endloop
  endfacet
  facet normal -0 -0.642791 -0.766041
    outer loop
      vertex 11.8796 5.08539 5.6479
      vertex 0 4.67903 5.98888
      vertex 0 5.08539 5.6479
    endloop
  endfacet
  facet normal 0 -0.139176 -0.990268
    outer loop
      vertex 0 0.794415 7.55837
      vertex 68 1.31973 7.48454
      vertex 68 0.794415 7.55837
    endloop
  endfacet
  facet normal -0 -0.139176 -0.990268
    outer loop
      vertex 68 1.31973 7.48454
      vertex 0 0.794415 7.55837
      vertex 0 1.31973 7.48454
    endloop
  endfacet
  facet normal 0 -0.275642 -0.96126
    outer loop
      vertex 68 1.83861 7.37425
      vertex 33.9696 2.34853 7.22803
      vertex 68 2.34853 7.22803
    endloop
  endfacet
  facet normal -4.9785e-07 -0.275673 -0.961251
    outer loop
      vertex 68 1.83861 7.37425
      vertex 33.6325 2.27534 7.24902
      vertex 33.9696 2.34853 7.22803
    endloop
  endfacet
  facet normal 6.48202e-07 -0.27559 -0.961275
    outer loop
      vertex 68 1.83861 7.37425
      vertex 33.2331 2.24583 7.25748
      vertex 33.6325 2.27534 7.24902
    endloop
  endfacet
  facet normal 0 -0.275641 -0.961261
    outer loop
      vertex 0 1.83861 7.37425
      vertex 33.2331 2.24583 7.25748
      vertex 68 1.83861 7.37425
    endloop
  endfacet
  facet normal -0 -0.275641 -0.961261
    outer loop
      vertex 33.2331 2.24583 7.25748
      vertex 0 1.83861 7.37425
      vertex 14.7669 2.24583 7.25748
    endloop
  endfacet
  facet normal -1.2875e-06 -0.275598 -0.961273
    outer loop
      vertex 0 1.83861 7.37425
      vertex 14.3675 2.27534 7.24902
      vertex 14.7669 2.24583 7.25748
    endloop
  endfacet
  facet normal 1.10576e-06 -0.27567 -0.961252
    outer loop
      vertex 0 1.83861 7.37425
      vertex 14.0304 2.34853 7.22803
      vertex 14.3675 2.27534 7.24902
    endloop
  endfacet
  facet normal -0 -0.275642 -0.96126
    outer loop
      vertex 14.0304 2.34853 7.22803
      vertex 0 1.83861 7.37425
      vertex 0 2.34853 7.22803
    endloop
  endfacet
  facet normal 0 -0.866026 -0.499999
    outer loop
      vertex 36.6283 6.7104 3.56798
      vertex 68 6.44516 4.02739
      vertex 36.5454 6.44516 4.02739
    endloop
  endfacet
  facet normal 0 -0.866026 -0.499999
    outer loop
      vertex 68 6.44516 4.02739
      vertex 36.6283 6.7104 3.56798
      vertex 68 6.7104 3.56798
    endloop
  endfacet
  facet normal -0 -0.866026 -0.499999
    outer loop
      vertex 11.3717 6.7104 3.56798
      vertex 0 6.44516 4.02739
      vertex 0 6.7104 3.56798
    endloop
  endfacet
  facet normal 0 -0.866026 -0.499999
    outer loop
      vertex 0 6.44516 4.02739
      vertex 11.3717 6.7104 3.56798
      vertex 11.4546 6.44516 4.02739
    endloop
  endfacet
  facet normal 0 -0.898795 -0.438369
    outer loop
      vertex 36.7009 6.94294 3.0912
      vertex 68 6.7104 3.56798
      vertex 36.6283 6.7104 3.56798
    endloop
  endfacet
  facet normal 0 -0.898795 -0.438369
    outer loop
      vertex 68 6.7104 3.56798
      vertex 36.7009 6.94294 3.0912
      vertex 68 6.94294 3.0912
    endloop
  endfacet
  facet normal -0 -0.898795 -0.438369
    outer loop
      vertex 11.2991 6.94294 3.0912
      vertex 0 6.7104 3.56798
      vertex 0 6.94294 3.0912
    endloop
  endfacet
  facet normal 0 -0.898795 -0.438369
    outer loop
      vertex 0 6.7104 3.56798
      vertex 11.2991 6.94294 3.0912
      vertex 11.3717 6.7104 3.56798
    endloop
  endfacet
  facet normal -0 -0.970296 -0.241919
    outer loop
      vertex 11.1456 7.43392 1.58013
      vertex 0 7.30559 2.09484
      vertex 0 7.43392 1.58013
    endloop
  endfacet
  facet normal 0 -0.970296 -0.241919
    outer loop
      vertex 0 7.30559 2.09484
      vertex 11.1456 7.43392 1.58013
      vertex 11.1858 7.30559 2.09484
    endloop
  endfacet
  facet normal 0 -0.970296 -0.241919
    outer loop
      vertex 36.8544 7.43392 1.58013
      vertex 68 7.30559 2.09484
      vertex 36.8142 7.30559 2.09484
    endloop
  endfacet
  facet normal 0 -0.970296 -0.241919
    outer loop
      vertex 68 7.30559 2.09484
      vertex 36.8544 7.43392 1.58013
      vertex 68 7.43392 1.58013
    endloop
  endfacet
  facet normal 0 -0.984806 -0.173657
    outer loop
      vertex 36.8831 7.52604 1.05772
      vertex 68 7.43392 1.58013
      vertex 36.8544 7.43392 1.58013
    endloop
  endfacet
  facet normal 0 -0.984806 -0.173657
    outer loop
      vertex 68 7.43392 1.58013
      vertex 36.8831 7.52604 1.05772
      vertex 68 7.52604 1.05772
    endloop
  endfacet
  facet normal -0 -0.984806 -0.173657
    outer loop
      vertex 11.1169 7.52604 1.05772
      vertex 0 7.43392 1.58013
      vertex 0 7.52604 1.05772
    endloop
  endfacet
  facet normal 0 -0.984806 -0.173657
    outer loop
      vertex 0 7.43392 1.58013
      vertex 11.1169 7.52604 1.05772
      vertex 11.1456 7.43392 1.58013
    endloop
  endfacet
  facet normal 0 -0.406749 -0.91354
    outer loop
      vertex 68 2.84701 7.0466
      vertex 35.5096 3.33162 6.83083
      vertex 68 3.33162 6.83083
    endloop
  endfacet
  facet normal 9.7585e-08 -0.406743 -0.913542
    outer loop
      vertex 68 2.84701 7.0466
      vertex 35.3571 3.12984 6.92067
      vertex 35.5096 3.33162 6.83083
    endloop
  endfacet
  facet normal 2.07661e-08 -0.406751 -0.913539
    outer loop
      vertex 68 2.84701 7.0466
      vertex 35.0983 2.89314 7.02606
      vertex 35.3571 3.12984 6.92067
    endloop
  endfacet
  facet normal 0 -0.406763 -0.913534
    outer loop
      vertex 35.0983 2.89314 7.02606
      vertex 68 2.84701 7.0466
      vertex 35.0286 2.84701 7.0466
    endloop
  endfacet
  facet normal 0 -0.406763 -0.913534
    outer loop
      vertex 0 2.84701 7.0466
      vertex 12.9017 2.89314 7.02606
      vertex 12.9714 2.84701 7.0466
    endloop
  endfacet
  facet normal -5.28319e-08 -0.406751 -0.913539
    outer loop
      vertex 0 2.84701 7.0466
      vertex 12.6429 3.12984 6.92067
      vertex 12.9017 2.89314 7.02606
    endloop
  endfacet
  facet normal -2.4939e-07 -0.406743 -0.913542
    outer loop
      vertex 0 2.84701 7.0466
      vertex 12.4904 3.33162 6.83083
      vertex 12.6429 3.12984 6.92067
    endloop
  endfacet
  facet normal -0 -0.406749 -0.91354
    outer loop
      vertex 12.4904 3.33162 6.83083
      vertex 0 2.84701 7.0466
      vertex 0 3.33162 6.83083
    endloop
  endfacet
  facet normal 0 0.998176 -0.0603767
    outer loop
      vertex 71.6 -3.3 0
      vertex 68 -3.27594 0.397771
      vertex 71.6 -3.27594 0.397771
    endloop
  endfacet
  facet normal 0 0.998176 -0.0603767
    outer loop
      vertex 68 -3.27594 0.397771
      vertex 71.6 -3.3 0
      vertex 68 -3.3 0
    endloop
  endfacet
  facet normal 0 0.911898 -0.410416
    outer loop
      vertex 71.6 -3.08555 1.1702
      vertex 68 -2.922 1.53359
      vertex 71.6 -2.922 1.53359
    endloop
  endfacet
  facet normal 0 0.911898 -0.410416
    outer loop
      vertex 68 -2.922 1.53359
      vertex 71.6 -3.08555 1.1702
      vertex 68 -3.08555 1.1702
    endloop
  endfacet
  facet normal 0 0.954718 -0.297513
    outer loop
      vertex 71.6 -3.20411 0.789742
      vertex 68 -3.08555 1.1702
      vertex 71.6 -3.08555 1.1702
    endloop
  endfacet
  facet normal 0 0.954718 -0.297513
    outer loop
      vertex 68 -3.08555 1.1702
      vertex 71.6 -3.20411 0.789742
      vertex 68 -3.20411 0.789742
    endloop
  endfacet
  facet normal 0 0.0603767 -0.998176
    outer loop
      vertex 68 -0.397771 3.27594
      vertex 71.6 0 3.3
      vertex 71.6 -0.397771 3.27594
    endloop
  endfacet
  facet normal 0 0.0603767 -0.998176
    outer loop
      vertex 71.6 0 3.3
      vertex 68 -0.397771 3.27594
      vertex 68 0 3.3
    endloop
  endfacet
  facet normal 0 0.180252 -0.983621
    outer loop
      vertex 68 -0.789742 3.20411
      vertex 71.6 -0.397771 3.27594
      vertex 71.6 -0.789742 3.20411
    endloop
  endfacet
  facet normal 0 0.180252 -0.983621
    outer loop
      vertex 71.6 -0.397771 3.27594
      vertex 68 -0.789742 3.20411
      vertex 68 -0.397771 3.27594
    endloop
  endfacet
  facet normal 0 0.410416 -0.911898
    outer loop
      vertex 68 -1.53359 2.922
      vertex 71.6 -1.1702 3.08555
      vertex 71.6 -1.53359 2.922
    endloop
  endfacet
  facet normal 0 0.410416 -0.911898
    outer loop
      vertex 71.6 -1.1702 3.08555
      vertex 68 -1.53359 2.922
      vertex 68 -1.1702 3.08555
    endloop
  endfacet
  facet normal 0 0.983621 -0.180252
    outer loop
      vertex 71.6 -3.27594 0.397771
      vertex 68 -3.20411 0.789742
      vertex 71.6 -3.20411 0.789742
    endloop
  endfacet
  facet normal 0 0.983621 -0.180252
    outer loop
      vertex 68 -3.20411 0.789742
      vertex 71.6 -3.27594 0.397771
      vertex 68 -3.27594 0.397771
    endloop
  endfacet
  facet normal 0 0.707107 -0.707107
    outer loop
      vertex 71.6 -2.47009 2.1883
      vertex 68 -2.1883 2.47009
      vertex 71.6 -2.1883 2.47009
    endloop
  endfacet
  facet normal 0 0.707107 -0.707107
    outer loop
      vertex 68 -2.1883 2.47009
      vertex 71.6 -2.47009 2.1883
      vertex 68 -2.47009 2.1883
    endloop
  endfacet
  facet normal 0 0.787184 -0.616718
    outer loop
      vertex 71.6 -2.71585 1.87461
      vertex 68 -2.47009 2.1883
      vertex 71.6 -2.47009 2.1883
    endloop
  endfacet
  facet normal 0 0.787184 -0.616718
    outer loop
      vertex 68 -2.47009 2.1883
      vertex 71.6 -2.71585 1.87461
      vertex 68 -2.71585 1.87461
    endloop
  endfacet
  facet normal 0 0.855785 -0.517331
    outer loop
      vertex 71.6 -2.922 1.53359
      vertex 68 -2.71585 1.87461
      vertex 71.6 -2.71585 1.87461
    endloop
  endfacet
  facet normal 0 0.855785 -0.517331
    outer loop
      vertex 68 -2.71585 1.87461
      vertex 71.6 -2.922 1.53359
      vertex 68 -2.922 1.53359
    endloop
  endfacet
  facet normal 0 -0.911898 -0.410416
    outer loop
      vertex 68 3.08555 1.1702
      vertex 71.6 2.922 1.53359
      vertex 68 2.922 1.53359
    endloop
  endfacet
  facet normal 0 -0.911898 -0.410416
    outer loop
      vertex 71.6 2.922 1.53359
      vertex 68 3.08555 1.1702
      vertex 71.6 3.08555 1.1702
    endloop
  endfacet
  facet normal 0 -0.954718 -0.297513
    outer loop
      vertex 68 3.20411 0.789742
      vertex 71.6 3.08555 1.1702
      vertex 68 3.08555 1.1702
    endloop
  endfacet
  facet normal 0 -0.954718 -0.297513
    outer loop
      vertex 71.6 3.08555 1.1702
      vertex 68 3.20411 0.789742
      vertex 71.6 3.20411 0.789742
    endloop
  endfacet
  facet normal 0 -0.707107 -0.707107
    outer loop
      vertex 68 2.47009 2.1883
      vertex 71.6 2.1883 2.47009
      vertex 68 2.1883 2.47009
    endloop
  endfacet
  facet normal 0 -0.707107 -0.707107
    outer loop
      vertex 71.6 2.1883 2.47009
      vertex 68 2.47009 2.1883
      vertex 71.6 2.47009 2.1883
    endloop
  endfacet
  facet normal 0 0.297513 -0.954718
    outer loop
      vertex 68 -1.1702 3.08555
      vertex 71.6 -0.789742 3.20411
      vertex 71.6 -1.1702 3.08555
    endloop
  endfacet
  facet normal 0 0.297513 -0.954718
    outer loop
      vertex 71.6 -0.789742 3.20411
      vertex 68 -1.1702 3.08555
      vertex 68 -0.789742 3.20411
    endloop
  endfacet
  facet normal 0 0.616718 -0.787184
    outer loop
      vertex 68 -2.1883 2.47009
      vertex 71.6 -1.87461 2.71585
      vertex 71.6 -2.1883 2.47009
    endloop
  endfacet
  facet normal 0 0.616718 -0.787184
    outer loop
      vertex 71.6 -1.87461 2.71585
      vertex 68 -2.1883 2.47009
      vertex 68 -1.87461 2.71585
    endloop
  endfacet
  facet normal 0 0.517331 -0.855785
    outer loop
      vertex 68 -1.87461 2.71585
      vertex 71.6 -1.53359 2.922
      vertex 71.6 -1.87461 2.71585
    endloop
  endfacet
  facet normal 0 0.517331 -0.855785
    outer loop
      vertex 71.6 -1.53359 2.922
      vertex 68 -1.87461 2.71585
      vertex 68 -1.53359 2.922
    endloop
  endfacet
  facet normal 0 -0.410416 -0.911898
    outer loop
      vertex 68 1.1702 3.08555
      vertex 71.6 1.53359 2.922
      vertex 71.6 1.1702 3.08555
    endloop
  endfacet
  facet normal -0 -0.410416 -0.911898
    outer loop
      vertex 71.6 1.53359 2.922
      vertex 68 1.1702 3.08555
      vertex 68 1.53359 2.922
    endloop
  endfacet
  facet normal 0 -0.517331 -0.855785
    outer loop
      vertex 68 1.53359 2.922
      vertex 71.6 1.87461 2.71585
      vertex 71.6 1.53359 2.922
    endloop
  endfacet
  facet normal -0 -0.517331 -0.855785
    outer loop
      vertex 71.6 1.87461 2.71585
      vertex 68 1.53359 2.922
      vertex 68 1.87461 2.71585
    endloop
  endfacet
  facet normal 0 -0.0603767 -0.998176
    outer loop
      vertex 68 0 3.3
      vertex 71.6 0.397771 3.27594
      vertex 71.6 0 3.3
    endloop
  endfacet
  facet normal -0 -0.0603767 -0.998176
    outer loop
      vertex 71.6 0.397771 3.27594
      vertex 68 0 3.3
      vertex 68 0.397771 3.27594
    endloop
  endfacet
  facet normal 0 -0.297513 -0.954718
    outer loop
      vertex 68 0.789742 3.20411
      vertex 71.6 1.1702 3.08555
      vertex 71.6 0.789742 3.20411
    endloop
  endfacet
  facet normal -0 -0.297513 -0.954718
    outer loop
      vertex 71.6 1.1702 3.08555
      vertex 68 0.789742 3.20411
      vertex 68 1.1702 3.08555
    endloop
  endfacet
  facet normal 0 -0.855785 -0.517331
    outer loop
      vertex 68 2.922 1.53359
      vertex 71.6 2.71585 1.87461
      vertex 68 2.71585 1.87461
    endloop
  endfacet
  facet normal 0 -0.855785 -0.517331
    outer loop
      vertex 71.6 2.71585 1.87461
      vertex 68 2.922 1.53359
      vertex 71.6 2.922 1.53359
    endloop
  endfacet
  facet normal 0 -0.787184 -0.616718
    outer loop
      vertex 68 2.71585 1.87461
      vertex 71.6 2.47009 2.1883
      vertex 68 2.47009 2.1883
    endloop
  endfacet
  facet normal 0 -0.787184 -0.616718
    outer loop
      vertex 71.6 2.47009 2.1883
      vertex 68 2.71585 1.87461
      vertex 71.6 2.71585 1.87461
    endloop
  endfacet
  facet normal 0 -0.983621 -0.180252
    outer loop
      vertex 68 3.27594 0.397771
      vertex 71.6 3.20411 0.789742
      vertex 68 3.20411 0.789742
    endloop
  endfacet
  facet normal 0 -0.983621 -0.180252
    outer loop
      vertex 71.6 3.20411 0.789742
      vertex 68 3.27594 0.397771
      vertex 71.6 3.27594 0.397771
    endloop
  endfacet
  facet normal 0 -0.998176 -0.0603767
    outer loop
      vertex 68 3.3 0
      vertex 71.6 3.27594 0.397771
      vertex 68 3.27594 0.397771
    endloop
  endfacet
  facet normal 0 -0.998176 -0.0603767
    outer loop
      vertex 71.6 3.27594 0.397771
      vertex 68 3.3 0
      vertex 71.6 3.3 0
    endloop
  endfacet
  facet normal 0 -0.180252 -0.983621
    outer loop
      vertex 68 0.397771 3.27594
      vertex 71.6 0.789742 3.20411
      vertex 71.6 0.397771 3.27594
    endloop
  endfacet
  facet normal -0 -0.180252 -0.983621
    outer loop
      vertex 71.6 0.789742 3.20411
      vertex 68 0.397771 3.27594
      vertex 68 0.789742 3.20411
    endloop
  endfacet
  facet normal -1 0 0
    outer loop
      vertex 71.6 3.3 0
      vertex 71.6 3.20411 0.789742
      vertex 71.6 3.27594 0.397771
    endloop
  endfacet
  facet normal -1 0 0
    outer loop
      vertex 71.6 3.3 0
      vertex 71.6 3.08555 1.1702
      vertex 71.6 3.20411 0.789742
    endloop
  endfacet
  facet normal -1 0 0
    outer loop
      vertex 71.6 3.3 0
      vertex 71.6 2.922 1.53359
      vertex 71.6 3.08555 1.1702
    endloop
  endfacet
  facet normal -1 0 0
    outer loop
      vertex 71.6 3.3 0
      vertex 71.6 2.71585 1.87461
      vertex 71.6 2.922 1.53359
    endloop
  endfacet
  facet normal -1 0 0
    outer loop
      vertex 71.6 3.3 0
      vertex 71.6 2.47009 2.1883
      vertex 71.6 2.71585 1.87461
    endloop
  endfacet
  facet normal -1 0 0
    outer loop
      vertex 71.6 3.3 0
      vertex 71.6 2.1883 2.47009
      vertex 71.6 2.47009 2.1883
    endloop
  endfacet
  facet normal -1 0 0
    outer loop
      vertex 71.6 3.3 0
      vertex 71.6 1.87461 2.71585
      vertex 71.6 2.1883 2.47009
    endloop
  endfacet
  facet normal -1 0 0
    outer loop
      vertex 71.6 3.3 0
      vertex 71.6 1.53359 2.922
      vertex 71.6 1.87461 2.71585
    endloop
  endfacet
  facet normal -1 0 0
    outer loop
      vertex 71.6 3.3 0
      vertex 71.6 1.1702 3.08555
      vertex 71.6 1.53359 2.922
    endloop
  endfacet
  facet normal -1 0 0
    outer loop
      vertex 71.6 3.3 0
      vertex 71.6 0.789742 3.20411
      vertex 71.6 1.1702 3.08555
    endloop
  endfacet
  facet normal -1 0 0
    outer loop
      vertex 71.6 3.3 0
      vertex 71.6 0.397771 3.27594
      vertex 71.6 0.789742 3.20411
    endloop
  endfacet
  facet normal -1 0 0
    outer loop
      vertex 71.6 3.3 0
      vertex 71.6 0 3.3
      vertex 71.6 0.397771 3.27594
    endloop
  endfacet
  facet normal -1 0 0
    outer loop
      vertex 71.6 3.3 0
      vertex 71.6 -0.397771 3.27594
      vertex 71.6 0 3.3
    endloop
  endfacet
  facet normal -1 0 0
    outer loop
      vertex 71.6 3.3 0
      vertex 71.6 -0.789742 3.20411
      vertex 71.6 -0.397771 3.27594
    endloop
  endfacet
  facet normal -1 0 0
    outer loop
      vertex 71.6 3.3 0
      vertex 71.6 -1.1702 3.08555
      vertex 71.6 -0.789742 3.20411
    endloop
  endfacet
  facet normal -1 0 0
    outer loop
      vertex 71.6 3.3 0
      vertex 71.6 -1.53359 2.922
      vertex 71.6 -1.1702 3.08555
    endloop
  endfacet
  facet normal -1 0 0
    outer loop
      vertex 71.6 3.3 0
      vertex 71.6 -1.87461 2.71585
      vertex 71.6 -1.53359 2.922
    endloop
  endfacet
  facet normal -1 0 0
    outer loop
      vertex 71.6 3.3 0
      vertex 71.6 -2.1883 2.47009
      vertex 71.6 -1.87461 2.71585
    endloop
  endfacet
  facet normal -1 0 0
    outer loop
      vertex 71.6 3.3 0
      vertex 71.6 -2.47009 2.1883
      vertex 71.6 -2.1883 2.47009
    endloop
  endfacet
  facet normal -1 0 0
    outer loop
      vertex 71.6 3.3 0
      vertex 71.6 -2.71585 1.87461
      vertex 71.6 -2.47009 2.1883
    endloop
  endfacet
  facet normal -1 0 0
    outer loop
      vertex 71.6 3.3 0
      vertex 71.6 -2.922 1.53359
      vertex 71.6 -2.71585 1.87461
    endloop
  endfacet
  facet normal -1 0 0
    outer loop
      vertex 71.6 3.3 0
      vertex 71.6 -3.08555 1.1702
      vertex 71.6 -2.922 1.53359
    endloop
  endfacet
  facet normal -1 0 0
    outer loop
      vertex 71.6 3.3 0
      vertex 71.6 -3.20411 0.789742
      vertex 71.6 -3.08555 1.1702
    endloop
  endfacet
  facet normal -1 0 0
    outer loop
      vertex 71.6 3.3 0
      vertex 71.6 -3.27594 0.397771
      vertex 71.6 -3.20411 0.789742
    endloop
  endfacet
  facet normal -1 0 -0
    outer loop
      vertex 71.6 -3.27594 0.397771
      vertex 71.6 3.3 0
      vertex 71.6 -3.3 0
    endloop
  endfacet
  facet normal 0 -0.616718 -0.787184
    outer loop
      vertex 68 1.87461 2.71585
      vertex 71.6 2.1883 2.47009
      vertex 71.6 1.87461 2.71585
    endloop
  endfacet
  facet normal -0 -0.616718 -0.787184
    outer loop
      vertex 71.6 2.1883 2.47009
      vertex 68 1.87461 2.71585
      vertex 68 2.1883 2.47009
    endloop
  endfacet
  facet normal -0.471634 0 -0.881795
    outer loop
      vertex 35.7654 7.9 12.8478
      vertex 36.1111 21 12.6629
      vertex 36.1111 7.9 12.6629
    endloop
  endfacet
  facet normal -0.471634 0 -0.881795
    outer loop
      vertex 36.1111 21 12.6629
      vertex 35.7654 7.9 12.8478
      vertex 35.7654 21 12.8478
    endloop
  endfacet
  facet normal -0.290248 0 -0.956951
    outer loop
      vertex 35.3902 7.9 12.9616
      vertex 35.7654 21 12.8478
      vertex 35.7654 7.9 12.8478
    endloop
  endfacet
  facet normal -0.290248 0 -0.956951
    outer loop
      vertex 35.7654 21 12.8478
      vertex 35.3902 7.9 12.9616
      vertex 35.3902 21 12.9616
    endloop
  endfacet
  facet normal -0.995193 0 -0.097938
    outer loop
      vertex 37 7.9 11
      vertex 36.9616 21 11.3902
      vertex 37 21 11
    endloop
  endfacet
  facet normal -0.995193 -0 -0.097938
    outer loop
      vertex 36.9616 21 11.3902
      vertex 37 7.9 11
      vertex 36.9616 7.9 11.3902
    endloop
  endfacet
  facet normal 1 -0 0
    outer loop
      vertex 11 7.9 11
      vertex 11 21 0
      vertex 11 21 11
    endloop
  endfacet
  facet normal 1 0 0
    outer loop
      vertex 11 21 0
      vertex 11 7.9 11
      vertex 11 7.9 0
    endloop
  endfacet
  facet normal -0.097938 0 -0.995193
    outer loop
      vertex 35 7.9 13
      vertex 35.3902 21 12.9616
      vertex 35.3902 7.9 12.9616
    endloop
  endfacet
  facet normal -0.097938 0 -0.995193
    outer loop
      vertex 35.3902 21 12.9616
      vertex 35 7.9 13
      vertex 35 21 13
    endloop
  endfacet
  facet normal 0.097938 0 -0.995193
    outer loop
      vertex 12.6098 7.9 12.9616
      vertex 13 21 13
      vertex 13 7.9 13
    endloop
  endfacet
  facet normal 0.097938 0 -0.995193
    outer loop
      vertex 13 21 13
      vertex 12.6098 7.9 12.9616
      vertex 12.6098 21 12.9616
    endloop
  endfacet
  facet normal 0 0 -1
    outer loop
      vertex 13 7.9 13
      vertex 35 21 13
      vertex 35 7.9 13
    endloop
  endfacet
  facet normal -0 0 -1
    outer loop
      vertex 35 21 13
      vertex 13 7.9 13
      vertex 13 21 13
    endloop
  endfacet
  facet normal -1 0 0
    outer loop
      vertex 37 7.9 0
      vertex 37 21 11
      vertex 37 21 0
    endloop
  endfacet
  facet normal -1 -0 0
    outer loop
      vertex 37 21 11
      vertex 37 7.9 0
      vertex 37 7.9 11
    endloop
  endfacet
  facet normal -0.881795 0 -0.471634
    outer loop
      vertex 36.8478 7.9 11.7654
      vertex 36.6629 21 12.1111
      vertex 36.8478 21 11.7654
    endloop
  endfacet
  facet normal -0.881795 -0 -0.471634
    outer loop
      vertex 36.6629 21 12.1111
      vertex 36.8478 7.9 11.7654
      vertex 36.6629 7.9 12.1111
    endloop
  endfacet
  facet normal 0.881795 0 -0.471634
    outer loop
      vertex 11.3371 7.9 12.1111
      vertex 11.1522 21 11.7654
      vertex 11.3371 21 12.1111
    endloop
  endfacet
  facet normal 0.881795 0 -0.471634
    outer loop
      vertex 11.1522 21 11.7654
      vertex 11.3371 7.9 12.1111
      vertex 11.1522 7.9 11.7654
    endloop
  endfacet
  facet normal 0.634321 0 -0.77307
    outer loop
      vertex 11.5858 7.9 12.4142
      vertex 11.8889 21 12.6629
      vertex 11.8889 7.9 12.6629
    endloop
  endfacet
  facet normal 0.634321 0 -0.77307
    outer loop
      vertex 11.8889 21 12.6629
      vertex 11.5858 7.9 12.4142
      vertex 11.5858 21 12.4142
    endloop
  endfacet
  facet normal 0.471634 0 -0.881795
    outer loop
      vertex 11.8889 7.9 12.6629
      vertex 12.2346 21 12.8478
      vertex 12.2346 7.9 12.8478
    endloop
  endfacet
  facet normal 0.471634 0 -0.881795
    outer loop
      vertex 12.2346 21 12.8478
      vertex 11.8889 7.9 12.6629
      vertex 11.8889 21 12.6629
    endloop
  endfacet
  facet normal 0.290248 0 -0.956951
    outer loop
      vertex 12.2346 7.9 12.8478
      vertex 12.6098 21 12.9616
      vertex 12.6098 7.9 12.9616
    endloop
  endfacet
  facet normal 0.290248 0 -0.956951
    outer loop
      vertex 12.6098 21 12.9616
      vertex 12.2346 7.9 12.8478
      vertex 12.2346 21 12.8478
    endloop
  endfacet
  facet normal -0.956951 0 -0.290248
    outer loop
      vertex 36.9616 7.9 11.3902
      vertex 36.8478 21 11.7654
      vertex 36.9616 21 11.3902
    endloop
  endfacet
  facet normal -0.956951 -0 -0.290248
    outer loop
      vertex 36.8478 21 11.7654
      vertex 36.9616 7.9 11.3902
      vertex 36.8478 7.9 11.7654
    endloop
  endfacet
  facet normal -0.634321 0 -0.77307
    outer loop
      vertex 36.1111 7.9 12.6629
      vertex 36.4142 21 12.4142
      vertex 36.4142 7.9 12.4142
    endloop
  endfacet
  facet normal -0.634321 0 -0.77307
    outer loop
      vertex 36.4142 21 12.4142
      vertex 36.1111 7.9 12.6629
      vertex 36.1111 21 12.6629
    endloop
  endfacet
  facet normal 0.995193 0 -0.097938
    outer loop
      vertex 11.0384 7.9 11.3902
      vertex 11 21 11
      vertex 11.0384 21 11.3902
    endloop
  endfacet
  facet normal 0.995193 0 -0.097938
    outer loop
      vertex 11 21 11
      vertex 11.0384 7.9 11.3902
      vertex 11 7.9 11
    endloop
  endfacet
  facet normal -0.77307 0 -0.634321
    outer loop
      vertex 36.6629 7.9 12.1111
      vertex 36.4142 21 12.4142
      vertex 36.6629 21 12.1111
    endloop
  endfacet
  facet normal -0.77307 -0 -0.634321
    outer loop
      vertex 36.4142 21 12.4142
      vertex 36.6629 7.9 12.1111
      vertex 36.4142 7.9 12.4142
    endloop
  endfacet
  facet normal 0.77307 0 -0.634321
    outer loop
      vertex 11.5858 7.9 12.4142
      vertex 11.3371 21 12.1111
      vertex 11.5858 21 12.4142
    endloop
  endfacet
  facet normal 0.77307 0 -0.634321
    outer loop
      vertex 11.3371 21 12.1111
      vertex 11.5858 7.9 12.4142
      vertex 11.3371 7.9 12.1111
    endloop
  endfacet
  facet normal 0.956951 0 -0.290248
    outer loop
      vertex 11.1522 7.9 11.7654
      vertex 11.0384 21 11.3902
      vertex 11.1522 21 11.7654
    endloop
  endfacet
  facet normal 0.956951 0 -0.290248
    outer loop
      vertex 11.0384 21 11.3902
      vertex 11.1522 7.9 11.7654
      vertex 11.0384 7.9 11.3902
    endloop
  endfacet
  facet normal -0.0678357 0.721283 -0.68931
    outer loop
      vertex 33.6325 2.27534 7.24902
      vertex 35 7.9 13
      vertex 35.3902 7.9 12.9616
    endloop
  endfacet
  facet normal -0.0678935 0.721287 -0.6893
    outer loop
      vertex 35 7.9 13
      vertex 33.6325 2.27534 7.24902
      vertex 33.2331 2.24583 7.25748
    endloop
  endfacet
  facet normal 0.198947 0.728236 -0.655814
    outer loop
      vertex 14.0304 2.34853 7.22803
      vertex 12.6098 7.9 12.9616
      vertex 14.3675 2.27534 7.24902
    endloop
  endfacet
  facet normal 0.198947 0.728236 -0.655814
    outer loop
      vertex 13.9653 2.36192 7.22315
      vertex 12.6098 7.9 12.9616
      vertex 14.0304 2.34853 7.22803
    endloop
  endfacet
  facet normal 0.198914 0.728237 -0.655823
    outer loop
      vertex 12.6098 7.9 12.9616
      vertex 13.9653 2.36192 7.22315
      vertex 12.2346 7.9 12.8478
    endloop
  endfacet
  facet normal 0.578684 0.663075 -0.474823
    outer loop
      vertex 13.2182 2.67618 7.10877
      vertex 11.3371 7.9 12.1111
      vertex 11.5858 7.9 12.4142
    endloop
  endfacet
  facet normal 0.578609 0.663101 -0.474878
    outer loop
      vertex 12.9714 2.84701 7.0466
      vertex 11.3371 7.9 12.1111
      vertex 13.2182 2.67618 7.10877
    endloop
  endfacet
  facet normal 0.578745 0.66305 -0.474783
    outer loop
      vertex 11.3371 7.9 12.1111
      vertex 12.9714 2.84701 7.0466
      vertex 12.9017 2.89314 7.02606
    endloop
  endfacet
  facet normal 0 0.712567 -0.701604
    outer loop
      vertex 33.2331 2.24583 7.25748
      vertex 13 7.9 13
      vertex 35 7.9 13
    endloop
  endfacet
  facet normal 0 0.712567 -0.701604
    outer loop
      vertex 13 7.9 13
      vertex 33.2331 2.24583 7.25748
      vertex 14.7669 2.24583 7.25748
    endloop
  endfacet
  facet normal -0.954435 0.29842 0.000157455
    outer loop
      vertex 36.9005 7.58149 0.530149
      vertex 37 7.9 0
      vertex 36.9062 7.6 0
    endloop
  endfacet
  facet normal -0.95459 0.297922 -0.000170751
    outer loop
      vertex 36.8831 7.52604 1.05772
      vertex 37 7.9 0
      vertex 36.9005 7.58149 0.530149
    endloop
  endfacet
  facet normal -0.954168 0.29927 0.0003525
    outer loop
      vertex 36.8544 7.43392 1.58013
      vertex 37 7.9 0
      vertex 36.8831 7.52604 1.05772
    endloop
  endfacet
  facet normal -0.954509 0.298182 0
    outer loop
      vertex 37 7.9 0
      vertex 36.8544 7.43392 1.58013
      vertex 37 7.9 11
    endloop
  endfacet
  facet normal -0.954314 0.298807 -3.39687e-05
    outer loop
      vertex 36.8142 7.30559 2.09484
      vertex 37 7.9 11
      vertex 36.8544 7.43392 1.58013
    endloop
  endfacet
  facet normal -0.954515 0.298163 1.32363e-05
    outer loop
      vertex 36.763 7.14166 2.59935
      vertex 37 7.9 11
      vertex 36.8142 7.30559 2.09484
    endloop
  endfacet
  facet normal -0.954479 0.298279 1.74131e-06
    outer loop
      vertex 36.7009 6.94294 3.0912
      vertex 37 7.9 11
      vertex 36.763 7.14166 2.59935
    endloop
  endfacet
  facet normal -0.954543 0.298072 2.9175e-05
    outer loop
      vertex 36.6283 6.7104 3.56798
      vertex 37 7.9 11
      vertex 36.7009 6.94294 3.0912
    endloop
  endfacet
  facet normal -0.954472 0.298299 -1.06646e-05
    outer loop
      vertex 36.5454 6.44516 4.02739
      vertex 37 7.9 11
      vertex 36.6283 6.7104 3.56798
    endloop
  endfacet
  facet normal -0.954479 0.298277 -5.52296e-06
    outer loop
      vertex 36.4527 6.14853 4.46717
      vertex 37 7.9 11
      vertex 36.5454 6.44516 4.02739
    endloop
  endfacet
  facet normal -0.954456 0.298351 -2.74376e-05
    outer loop
      vertex 36.3506 5.82194 4.88519
      vertex 37 7.9 11
      vertex 36.4527 6.14853 4.46717
    endloop
  endfacet
  facet normal -0.954494 0.298231 1.72943e-05
    outer loop
      vertex 36.2397 5.46698 5.2794
      vertex 37 7.9 11
      vertex 36.3506 5.82194 4.88519
    endloop
  endfacet
  facet normal -0.954454 0.298359 -4.22784e-05
    outer loop
      vertex 36.1204 5.08539 5.6479
      vertex 37 7.9 11
      vertex 36.2397 5.46698 5.2794
    endloop
  endfacet
  facet normal -0.954473 0.298297 -6.45957e-06
    outer loop
      vertex 35.9934 4.67903 5.98888
      vertex 37 7.9 11
      vertex 36.1204 5.08539 5.6479
    endloop
  endfacet
  facet normal -0.954484 0.298262 1.82672e-05
    outer loop
      vertex 35.8593 4.24987 6.30068
      vertex 37 7.9 11
      vertex 35.9934 4.67903 5.98888
    endloop
  endfacet
  facet normal -0.954513 0.298168 9.83168e-05
    outer loop
      vertex 35.7188 3.8 6.58179
      vertex 37 7.9 11
      vertex 35.8593 4.24987 6.30068
    endloop
  endfacet
  facet normal -0.954401 0.298526 -0.00026675
    outer loop
      vertex 37 7.9 11
      vertex 35.7188 3.8 6.58179
      vertex 35.6674 3.63575 6.66912
    endloop
  endfacet
  facet normal 0.954509 0.298182 0
    outer loop
      vertex 11.1456 7.43392 1.58013
      vertex 11 7.9 0
      vertex 11 7.9 11
    endloop
  endfacet
  facet normal 0.954435 0.29842 0.000157455
    outer loop
      vertex 11 7.9 0
      vertex 11.0995 7.58149 0.530149
      vertex 11.0938 7.6 0
    endloop
  endfacet
  facet normal 0.95459 0.297922 -0.000170751
    outer loop
      vertex 11 7.9 0
      vertex 11.1169 7.52604 1.05772
      vertex 11.0995 7.58149 0.530149
    endloop
  endfacet
  facet normal 0.954168 0.29927 0.0003525
    outer loop
      vertex 11 7.9 0
      vertex 11.1456 7.43392 1.58013
      vertex 11.1169 7.52604 1.05772
    endloop
  endfacet
  facet normal 0.954314 0.298807 -3.39687e-05
    outer loop
      vertex 11 7.9 11
      vertex 11.1858 7.30559 2.09484
      vertex 11.1456 7.43392 1.58013
    endloop
  endfacet
  facet normal 0.954515 0.298163 1.32363e-05
    outer loop
      vertex 11 7.9 11
      vertex 11.237 7.14166 2.59935
      vertex 11.1858 7.30559 2.09484
    endloop
  endfacet
  facet normal 0.954479 0.298279 1.74131e-06
    outer loop
      vertex 11 7.9 11
      vertex 11.2991 6.94294 3.0912
      vertex 11.237 7.14166 2.59935
    endloop
  endfacet
  facet normal 0.954543 0.298072 2.9175e-05
    outer loop
      vertex 11 7.9 11
      vertex 11.3717 6.7104 3.56798
      vertex 11.2991 6.94294 3.0912
    endloop
  endfacet
  facet normal 0.954472 0.298299 -1.06646e-05
    outer loop
      vertex 11 7.9 11
      vertex 11.4546 6.44516 4.02739
      vertex 11.3717 6.7104 3.56798
    endloop
  endfacet
  facet normal 0.954479 0.298277 -5.52296e-06
    outer loop
      vertex 11 7.9 11
      vertex 11.5473 6.14853 4.46717
      vertex 11.4546 6.44516 4.02739
    endloop
  endfacet
  facet normal 0.954456 0.298351 -2.74376e-05
    outer loop
      vertex 11 7.9 11
      vertex 11.6494 5.82194 4.88519
      vertex 11.5473 6.14853 4.46717
    endloop
  endfacet
  facet normal 0.954494 0.298231 1.72943e-05
    outer loop
      vertex 11 7.9 11
      vertex 11.7603 5.46698 5.2794
      vertex 11.6494 5.82194 4.88519
    endloop
  endfacet
  facet normal 0.954454 0.298359 -4.22784e-05
    outer loop
      vertex 11 7.9 11
      vertex 11.8796 5.08539 5.6479
      vertex 11.7603 5.46698 5.2794
    endloop
  endfacet
  facet normal 0.954473 0.298297 -6.45957e-06
    outer loop
      vertex 11 7.9 11
      vertex 12.0066 4.67903 5.98888
      vertex 11.8796 5.08539 5.6479
    endloop
  endfacet
  facet normal 0.954484 0.298262 1.82672e-05
    outer loop
      vertex 11 7.9 11
      vertex 12.1407 4.24987 6.30068
      vertex 12.0066 4.67903 5.98888
    endloop
  endfacet
  facet normal 0.954513 0.298168 9.83168e-05
    outer loop
      vertex 11 7.9 11
      vertex 12.2812 3.8 6.58179
      vertex 12.1407 4.24987 6.30068
    endloop
  endfacet
  facet normal 0.954401 0.298526 -0.00026675
    outer loop
      vertex 12.2812 3.8 6.58179
      vertex 11 7.9 11
      vertex 12.3326 3.63575 6.66912
    endloop
  endfacet
  facet normal 0.0678935 0.721287 -0.6893
    outer loop
      vertex 14.3675 2.27534 7.24902
      vertex 13 7.9 13
      vertex 14.7669 2.24583 7.25748
    endloop
  endfacet
  facet normal 0.0678357 0.721283 -0.68931
    outer loop
      vertex 13 7.9 13
      vertex 14.3675 2.27534 7.24902
      vertex 12.6098 7.9 12.9616
    endloop
  endfacet
  facet normal -0.198914 0.728237 -0.655823
    outer loop
      vertex 34.0347 2.36192 7.22315
      vertex 35.3902 7.9 12.9616
      vertex 35.7654 7.9 12.8478
    endloop
  endfacet
  facet normal -0.198947 0.728236 -0.655814
    outer loop
      vertex 35.3902 7.9 12.9616
      vertex 33.9696 2.34853 7.22803
      vertex 33.6325 2.27534 7.24902
    endloop
  endfacet
  facet normal -0.198947 0.728236 -0.655814
    outer loop
      vertex 35.3902 7.9 12.9616
      vertex 34.0347 2.36192 7.22315
      vertex 33.9696 2.34853 7.22803
    endloop
  endfacet
  facet normal -0.920651 0.379728 -0.0906038
    outer loop
      vertex 35.5502 3.38359 6.8032
      vertex 37 7.9 11
      vertex 35.6674 3.63575 6.66912
    endloop
  endfacet
  facet normal -0.920651 0.379726 -0.0906023
    outer loop
      vertex 37 7.9 11
      vertex 35.5502 3.38359 6.8032
      vertex 36.9616 7.9 11.3902
    endloop
  endfacet
  facet normal 0.703895 0.602323 -0.376483
    outer loop
      vertex 12.9017 2.89314 7.02606
      vertex 11.1522 7.9 11.7654
      vertex 11.3371 7.9 12.1111
    endloop
  endfacet
  facet normal 0.704055 0.602232 -0.376328
    outer loop
      vertex 11.1522 7.9 11.7654
      vertex 12.9017 2.89314 7.02606
      vertex 12.6429 3.12984 6.92067
    endloop
  endfacet
  facet normal 0.920651 0.379726 -0.0906023
    outer loop
      vertex 12.4498 3.38359 6.8032
      vertex 11 7.9 11
      vertex 11.0384 7.9 11.3902
    endloop
  endfacet
  facet normal 0.920651 0.379728 -0.0906038
    outer loop
      vertex 11 7.9 11
      vertex 12.4498 3.38359 6.8032
      vertex 12.3326 3.63575 6.66912
    endloop
  endfacet
  facet normal 0.326409 0.721819 -0.610274
    outer loop
      vertex 13.9653 2.36192 7.22315
      vertex 11.8889 7.9 12.6629
      vertex 12.2346 7.9 12.8478
    endloop
  endfacet
  facet normal 0.326212 0.721833 -0.610363
    outer loop
      vertex 11.8889 7.9 12.6629
      vertex 13.9653 2.36192 7.22315
      vertex 13.5776 2.4959 7.17439
    endloop
  endfacet
  facet normal -0.823004 0.5104 -0.249311
    outer loop
      vertex 35.5096 3.33162 6.83083
      vertex 36.9616 7.9 11.3902
      vertex 35.5502 3.38359 6.8032
    endloop
  endfacet
  facet normal -0.822744 0.510655 -0.249649
    outer loop
      vertex 35.3571 3.12984 6.92067
      vertex 36.9616 7.9 11.3902
      vertex 35.5096 3.33162 6.83083
    endloop
  endfacet
  facet normal -0.822808 0.510595 -0.249562
    outer loop
      vertex 36.9616 7.9 11.3902
      vertex 35.3571 3.12984 6.92067
      vertex 36.8478 7.9 11.7654
    endloop
  endfacet
  facet normal -0.326409 0.721819 -0.610274
    outer loop
      vertex 36.1111 7.9 12.6629
      vertex 34.0347 2.36192 7.22315
      vertex 35.7654 7.9 12.8478
    endloop
  endfacet
  facet normal -0.326212 0.721833 -0.610363
    outer loop
      vertex 34.0347 2.36192 7.22315
      vertex 36.1111 7.9 12.6629
      vertex 34.4224 2.4959 7.17439
    endloop
  endfacet
  facet normal 0.452279 0.70115 -0.55121
    outer loop
      vertex 13.5776 2.4959 7.17439
      vertex 11.5858 7.9 12.4142
      vertex 11.8889 7.9 12.6629
    endloop
  endfacet
  facet normal 0.452336 0.701139 -0.551177
    outer loop
      vertex 11.5858 7.9 12.4142
      vertex 13.5776 2.4959 7.17439
      vertex 13.2182 2.67618 7.10877
    endloop
  endfacet
  facet normal 0.822808 0.510595 -0.249562
    outer loop
      vertex 12.6429 3.12984 6.92067
      vertex 11.0384 7.9 11.3902
      vertex 11.1522 7.9 11.7654
    endloop
  endfacet
  facet normal 0.823004 0.5104 -0.249311
    outer loop
      vertex 11.0384 7.9 11.3902
      vertex 12.4904 3.33162 6.83083
      vertex 12.4498 3.38359 6.8032
    endloop
  endfacet
  facet normal 0.822744 0.510655 -0.249649
    outer loop
      vertex 11.0384 7.9 11.3902
      vertex 12.6429 3.12984 6.92067
      vertex 12.4904 3.33162 6.83083
    endloop
  endfacet
  facet normal -0.704055 0.602232 -0.376328
    outer loop
      vertex 35.0983 2.89314 7.02606
      vertex 36.8478 7.9 11.7654
      vertex 35.3571 3.12984 6.92067
    endloop
  endfacet
  facet normal -0.703895 0.602323 -0.376483
    outer loop
      vertex 36.8478 7.9 11.7654
      vertex 35.0983 2.89314 7.02606
      vertex 36.6629 7.9 12.1111
    endloop
  endfacet
  facet normal -0.578684 0.663075 -0.474823
    outer loop
      vertex 36.6629 7.9 12.1111
      vertex 34.7818 2.67618 7.10877
      vertex 36.4142 7.9 12.4142
    endloop
  endfacet
  facet normal -0.578609 0.663101 -0.474878
    outer loop
      vertex 36.6629 7.9 12.1111
      vertex 35.0286 2.84701 7.0466
      vertex 34.7818 2.67618 7.10877
    endloop
  endfacet
  facet normal -0.578745 0.66305 -0.474783
    outer loop
      vertex 35.0286 2.84701 7.0466
      vertex 36.6629 7.9 12.1111
      vertex 35.0983 2.89314 7.02606
    endloop
  endfacet
  facet normal -0.452279 0.70115 -0.55121
    outer loop
      vertex 36.4142 7.9 12.4142
      vertex 34.4224 2.4959 7.17439
      vertex 36.1111 7.9 12.6629
    endloop
  endfacet
  facet normal -0.452336 0.701139 -0.551177
    outer loop
      vertex 34.4224 2.4959 7.17439
      vertex 36.4142 7.9 12.4142
      vertex 34.7818 2.67618 7.10877
    endloop
  endfacet
  facet normal 1 0 0
    outer loop
      vertex 53 -5 6.5
      vertex 53 -5.08539 5.6479
      vertex 53 -5 5.71955
    endloop
  endfacet
  facet normal 1 0 0
    outer loop
      vertex 53 -5 6.5
      vertex 53 -5.46698 5.2794
      vertex 53 -5.08539 5.6479
    endloop
  endfacet
  facet normal 1 0 0
    outer loop
      vertex 53 -5 6.5
      vertex 53 -5.82194 4.88519
      vertex 53 -5.46698 5.2794
    endloop
  endfacet
  facet normal 1 -0 0
    outer loop
      vertex 53 -15.6 6.5
      vertex 53 -5.82194 4.88519
      vertex 53 -5 6.5
    endloop
  endfacet
  facet normal 1 0 0
    outer loop
      vertex 53 -5.82194 4.88519
      vertex 53 -15.6 6.5
      vertex 53 -6.14853 4.46717
    endloop
  endfacet
  facet normal 1 0 0
    outer loop
      vertex 53 -6.14853 4.46717
      vertex 53 -15.6 6.5
      vertex 53 -6.44516 4.02739
    endloop
  endfacet
  facet normal 1 0 0
    outer loop
      vertex 53 -15.6 6.5
      vertex 53 -6.7104 3.56798
      vertex 53 -6.44516 4.02739
    endloop
  endfacet
  facet normal 1 0 0
    outer loop
      vertex 53 -15.6 6.5
      vertex 53 -6.94294 3.0912
      vertex 53 -6.7104 3.56798
    endloop
  endfacet
  facet normal 1 0 0
    outer loop
      vertex 53 -15.6 6.5
      vertex 53 -7.14166 2.59935
      vertex 53 -6.94294 3.0912
    endloop
  endfacet
  facet normal 1 0 0
    outer loop
      vertex 53 -15.6 6.5
      vertex 53 -7.30559 2.09484
      vertex 53 -7.14166 2.59935
    endloop
  endfacet
  facet normal 1 0 0
    outer loop
      vertex 53 -15.6 0
      vertex 53 -7.30559 2.09484
      vertex 53 -15.6 6.5
    endloop
  endfacet
  facet normal 1 0 0
    outer loop
      vertex 53 -7.30559 2.09484
      vertex 53 -15.6 0
      vertex 53 -7.43392 1.58013
    endloop
  endfacet
  facet normal 1 0 0
    outer loop
      vertex 53 -7.43392 1.58013
      vertex 53 -15.6 0
      vertex 53 -7.52604 1.05772
    endloop
  endfacet
  facet normal 1 0 0
    outer loop
      vertex 53 -7.52604 1.05772
      vertex 53 -15.6 0
      vertex 53 -7.58149 0.530149
    endloop
  endfacet
  facet normal 1 0 0
    outer loop
      vertex 53 -7.58149 0.530149
      vertex 53 -15.6 0
      vertex 53 -7.6 0
    endloop
  endfacet
  facet normal 0 -1 0
    outer loop
      vertex 53 -5 5.71955
      vertex 67 -5 6.5
      vertex 53 -5 6.5
    endloop
  endfacet
  facet normal 0 -1 -0
    outer loop
      vertex 67 -5 6.5
      vertex 53 -5 5.71955
      vertex 67 -5 5.71955
    endloop
  endfacet
  facet normal -1 0 0
    outer loop
      vertex 67 -5.08539 5.6479
      vertex 67 -5 6.5
      vertex 67 -5 5.71955
    endloop
  endfacet
  facet normal -1 0 0
    outer loop
      vertex 67 -5.46698 5.2794
      vertex 67 -5 6.5
      vertex 67 -5.08539 5.6479
    endloop
  endfacet
  facet normal -1 0 0
    outer loop
      vertex 67 -5.82194 4.88519
      vertex 67 -5 6.5
      vertex 67 -5.46698 5.2794
    endloop
  endfacet
  facet normal -1 0 0
    outer loop
      vertex 67 -15.6 6.5
      vertex 67 -5.82194 4.88519
      vertex 67 -6.14853 4.46717
    endloop
  endfacet
  facet normal -1 0 0
    outer loop
      vertex 67 -15.6 6.5
      vertex 67 -6.14853 4.46717
      vertex 67 -6.44516 4.02739
    endloop
  endfacet
  facet normal -1 0 0
    outer loop
      vertex 67 -15.6 0
      vertex 67 -7.58149 0.530149
      vertex 67 -7.6 0
    endloop
  endfacet
  facet normal -1 0 0
    outer loop
      vertex 67 -15.6 0
      vertex 67 -7.52604 1.05772
      vertex 67 -7.58149 0.530149
    endloop
  endfacet
  facet normal -1 0 0
    outer loop
      vertex 67 -15.6 0
      vertex 67 -7.43392 1.58013
      vertex 67 -7.52604 1.05772
    endloop
  endfacet
  facet normal -1 0 0
    outer loop
      vertex 67 -15.6 0
      vertex 67 -7.30559 2.09484
      vertex 67 -7.43392 1.58013
    endloop
  endfacet
  facet normal -1 0 0
    outer loop
      vertex 67 -15.6 6.5
      vertex 67 -7.30559 2.09484
      vertex 67 -15.6 0
    endloop
  endfacet
  facet normal -1 0 0
    outer loop
      vertex 67 -7.30559 2.09484
      vertex 67 -15.6 6.5
      vertex 67 -7.14166 2.59935
    endloop
  endfacet
  facet normal -1 0 0
    outer loop
      vertex 67 -7.14166 2.59935
      vertex 67 -15.6 6.5
      vertex 67 -6.94294 3.0912
    endloop
  endfacet
  facet normal -1 0 0
    outer loop
      vertex 67 -6.94294 3.0912
      vertex 67 -15.6 6.5
      vertex 67 -6.7104 3.56798
    endloop
  endfacet
  facet normal -1 0 0
    outer loop
      vertex 67 -6.7104 3.56798
      vertex 67 -15.6 6.5
      vertex 67 -6.44516 4.02739
    endloop
  endfacet
  facet normal -1 0 0
    outer loop
      vertex 67 -5.82194 4.88519
      vertex 67 -15.6 6.5
      vertex 67 -5 6.5
    endloop
  endfacet
  facet normal 0 0 -1
    outer loop
      vertex 53 -15.6 6.5
      vertex 67 -5 6.5
      vertex 67 -15.6 6.5
    endloop
  endfacet
  facet normal -0 0 -1
    outer loop
      vertex 67 -5 6.5
      vertex 53 -15.6 6.5
      vertex 53 -5 6.5
    endloop
  endfacet
endsolid OpenSCAD_Model
