solid OpenSCAD_Model
  facet normal -0.988847 0 -0.148932
    outer loop
      vertex 35.575 38 33.5
      vertex 35.5184 46 33.8758
      vertex 35.575 46 33.5
    endloop
  endfacet
  facet normal -0.988847 -0 -0.148932
    outer loop
      vertex 35.5184 46 33.8758
      vertex 35.575 38 33.5
      vertex 35.5184 38 33.8758
    endloop
  endfacet
  facet normal -0.90096 0 -0.433903
    outer loop
      vertex 35.5184 38 33.8758
      vertex 35.3535 46 34.2182
      vertex 35.5184 46 33.8758
    endloop
  endfacet
  facet normal -0.90096 -0 -0.433903
    outer loop
      vertex 35.3535 46 34.2182
      vertex 35.5184 38 33.8758
      vertex 35.3535 38 34.2182
    endloop
  endfacet
  facet normal 1 -0 0
    outer loop
      vertex 33.0392 38 33.69
      vertex 33.0392 46 33.31
      vertex 33.0392 46 33.69
    endloop
  endfacet
  facet normal 1 0 0
    outer loop
      vertex 33.0392 46 33.31
      vertex 33.0392 38 33.69
      vertex 33.0392 38 33.31
    endloop
  endfacet
  facet normal 0.0747245 0 -0.997204
    outer loop
      vertex 34.0163 38 34.743
      vertex 34.3953 46 34.7714
      vertex 34.3953 38 34.7714
    endloop
  endfacet
  facet normal 0.0747245 0 -0.997204
    outer loop
      vertex 34.3953 46 34.7714
      vertex 34.0163 38 34.743
      vertex 34.0163 46 34.743
    endloop
  endfacet
  facet normal -0.500186 0 -0.865918
    outer loop
      vertex 34.7658 38 34.6869
      vertex 35.0949 46 34.4968
      vertex 35.0949 38 34.4968
    endloop
  endfacet
  facet normal -0.500186 0 -0.865918
    outer loop
      vertex 35.0949 46 34.4968
      vertex 34.7658 38 34.6869
      vertex 34.7658 46 34.6869
    endloop
  endfacet
  facet normal 0.826216 0 -0.563353
    outer loop
      vertex 33.3654 38 34.3672
      vertex 33.1513 46 34.0532
      vertex 33.3654 46 34.3672
    endloop
  endfacet
  facet normal 0.826216 0 -0.563353
    outer loop
      vertex 33.1513 46 34.0532
      vertex 33.3654 38 34.3672
      vertex 33.1513 38 34.0532
    endloop
  endfacet
  facet normal 0 1 0
    outer loop
      vertex 34.7658 38 34.6869
      vertex 34.0163 38 34.743
      vertex 34.3953 38 34.7714
    endloop
  endfacet
  facet normal 0 1 0
    outer loop
      vertex 34.7658 38 34.6869
      vertex 33.6625 38 34.6042
      vertex 34.0163 38 34.743
    endloop
  endfacet
  facet normal 0 1 0
    outer loop
      vertex 35.0949 38 34.4968
      vertex 33.6625 38 34.6042
      vertex 34.7658 38 34.6869
    endloop
  endfacet
  facet normal 0 1 0
    outer loop
      vertex 35.0949 38 34.4968
      vertex 33.3654 38 34.3672
      vertex 33.6625 38 34.6042
    endloop
  endfacet
  facet normal 0 1 0
    outer loop
      vertex 35.3535 38 34.2182
      vertex 33.3654 38 34.3672
      vertex 35.0949 38 34.4968
    endloop
  endfacet
  facet normal 0 1 0
    outer loop
      vertex 35.3535 38 34.2182
      vertex 33.1513 38 34.0532
      vertex 33.3654 38 34.3672
    endloop
  endfacet
  facet normal 0 1 0
    outer loop
      vertex 35.5184 38 33.8758
      vertex 33.1513 38 34.0532
      vertex 35.3535 38 34.2182
    endloop
  endfacet
  facet normal 0 1 0
    outer loop
      vertex 35.5184 38 33.8758
      vertex 33.0392 38 33.69
      vertex 33.1513 38 34.0532
    endloop
  endfacet
  facet normal 0 1 0
    outer loop
      vertex 35.575 38 33.5
      vertex 33.0392 38 33.69
      vertex 35.5184 38 33.8758
    endloop
  endfacet
  facet normal 0 1 0
    outer loop
      vertex 35.575 38 33.5
      vertex 33.0392 38 33.31
      vertex 33.0392 38 33.69
    endloop
  endfacet
  facet normal 0 1 -0
    outer loop
      vertex 35.5184 38 33.1242
      vertex 33.0392 38 33.31
      vertex 35.575 38 33.5
    endloop
  endfacet
  facet normal 0 1 0
    outer loop
      vertex 35.5184 38 33.1242
      vertex 33.1513 38 32.9468
      vertex 33.0392 38 33.31
    endloop
  endfacet
  facet normal 0 1 -0
    outer loop
      vertex 35.3535 38 32.7818
      vertex 33.1513 38 32.9468
      vertex 35.5184 38 33.1242
    endloop
  endfacet
  facet normal 0 1 0
    outer loop
      vertex 35.3535 38 32.7818
      vertex 33.3654 38 32.6328
      vertex 33.1513 38 32.9468
    endloop
  endfacet
  facet normal 0 1 -0
    outer loop
      vertex 35.0949 38 32.5032
      vertex 33.3654 38 32.6328
      vertex 35.3535 38 32.7818
    endloop
  endfacet
  facet normal 0 1 0
    outer loop
      vertex 35.0949 38 32.5032
      vertex 33.6625 38 32.3958
      vertex 33.3654 38 32.6328
    endloop
  endfacet
  facet normal 0 1 -0
    outer loop
      vertex 34.7658 38 32.3131
      vertex 33.6625 38 32.3958
      vertex 35.0949 38 32.5032
    endloop
  endfacet
  facet normal 0 1 0
    outer loop
      vertex 34.7658 38 32.3131
      vertex 34.0163 38 32.257
      vertex 33.6625 38 32.3958
    endloop
  endfacet
  facet normal -0 1 0
    outer loop
      vertex 34.0163 38 32.257
      vertex 34.7658 38 32.3131
      vertex 34.3953 38 32.2286
    endloop
  endfacet
  facet normal 0.365213 0 -0.930924
    outer loop
      vertex 33.6625 38 34.6042
      vertex 34.0163 46 34.743
      vertex 34.0163 38 34.743
    endloop
  endfacet
  facet normal 0.365213 0 -0.930924
    outer loop
      vertex 34.0163 46 34.743
      vertex 33.6625 38 34.6042
      vertex 33.6625 46 34.6042
    endloop
  endfacet
  facet normal 0.955523 -0 0.294918
    outer loop
      vertex 33.0392 38 33.31
      vertex 33.1513 46 32.9468
      vertex 33.0392 46 33.31
    endloop
  endfacet
  facet normal 0.955523 0 0.294918
    outer loop
      vertex 33.1513 46 32.9468
      vertex 33.0392 38 33.31
      vertex 33.1513 38 32.9468
    endloop
  endfacet
  facet normal -0.732925 0 -0.68031
    outer loop
      vertex 35.3535 38 34.2182
      vertex 35.0949 46 34.4968
      vertex 35.3535 46 34.2182
    endloop
  endfacet
  facet normal -0.732925 -0 -0.68031
    outer loop
      vertex 35.0949 46 34.4968
      vertex 35.3535 38 34.2182
      vertex 35.0949 38 34.4968
    endloop
  endfacet
  facet normal -0.22236 0 -0.974965
    outer loop
      vertex 34.3953 38 34.7714
      vertex 34.7658 46 34.6869
      vertex 34.7658 38 34.6869
    endloop
  endfacet
  facet normal -0.22236 0 -0.974965
    outer loop
      vertex 34.7658 46 34.6869
      vertex 34.3953 38 34.7714
      vertex 34.3953 46 34.7714
    endloop
  endfacet
  facet normal 0.955523 0 -0.294918
    outer loop
      vertex 33.1513 38 34.0532
      vertex 33.0392 46 33.69
      vertex 33.1513 46 34.0532
    endloop
  endfacet
  facet normal 0.955523 0 -0.294918
    outer loop
      vertex 33.0392 46 33.69
      vertex 33.1513 38 34.0532
      vertex 33.0392 38 33.69
    endloop
  endfacet
  facet normal -0.732925 0 0.68031
    outer loop
      vertex 35.0949 38 32.5032
      vertex 35.3535 46 32.7818
      vertex 35.0949 46 32.5032
    endloop
  endfacet
  facet normal -0.732925 0 0.68031
    outer loop
      vertex 35.3535 46 32.7818
      vertex 35.0949 38 32.5032
      vertex 35.3535 38 32.7818
    endloop
  endfacet
  facet normal -0.22236 0 0.974965
    outer loop
      vertex 34.3953 46 32.2286
      vertex 34.7658 38 32.3131
      vertex 34.7658 46 32.3131
    endloop
  endfacet
  facet normal -0.22236 0 0.974965
    outer loop
      vertex 34.7658 38 32.3131
      vertex 34.3953 46 32.2286
      vertex 34.3953 38 32.2286
    endloop
  endfacet
  facet normal 0.365213 0 0.930924
    outer loop
      vertex 33.6625 46 32.3958
      vertex 34.0163 38 32.257
      vertex 34.0163 46 32.257
    endloop
  endfacet
  facet normal 0.365213 0 0.930924
    outer loop
      vertex 34.0163 38 32.257
      vertex 33.6625 46 32.3958
      vertex 33.6625 38 32.3958
    endloop
  endfacet
  facet normal 0.0747245 0 0.997204
    outer loop
      vertex 34.0163 46 32.257
      vertex 34.3953 38 32.2286
      vertex 34.3953 46 32.2286
    endloop
  endfacet
  facet normal 0.0747245 0 0.997204
    outer loop
      vertex 34.3953 38 32.2286
      vertex 34.0163 46 32.257
      vertex 34.0163 38 32.257
    endloop
  endfacet
  facet normal 0.623603 0 -0.781741
    outer loop
      vertex 33.3654 38 34.3672
      vertex 33.6625 46 34.6042
      vertex 33.6625 38 34.6042
    endloop
  endfacet
  facet normal 0.623603 0 -0.781741
    outer loop
      vertex 33.6625 46 34.6042
      vertex 33.3654 38 34.3672
      vertex 33.3654 46 34.3672
    endloop
  endfacet
  facet normal -0.500186 0 0.865918
    outer loop
      vertex 34.7658 46 32.3131
      vertex 35.0949 38 32.5032
      vertex 35.0949 46 32.5032
    endloop
  endfacet
  facet normal -0.500186 0 0.865918
    outer loop
      vertex 35.0949 38 32.5032
      vertex 34.7658 46 32.3131
      vertex 34.7658 38 32.3131
    endloop
  endfacet
  facet normal 0.826216 -0 0.563353
    outer loop
      vertex 33.1513 38 32.9468
      vertex 33.3654 46 32.6328
      vertex 33.1513 46 32.9468
    endloop
  endfacet
  facet normal 0.826216 0 0.563353
    outer loop
      vertex 33.3654 46 32.6328
      vertex 33.1513 38 32.9468
      vertex 33.3654 38 32.6328
    endloop
  endfacet
  facet normal 0.623603 0 0.781741
    outer loop
      vertex 33.3654 46 32.6328
      vertex 33.6625 38 32.3958
      vertex 33.6625 46 32.3958
    endloop
  endfacet
  facet normal 0.623603 0 0.781741
    outer loop
      vertex 33.6625 38 32.3958
      vertex 33.3654 46 32.6328
      vertex 33.3654 38 32.6328
    endloop
  endfacet
  facet normal -0.90096 0 0.433903
    outer loop
      vertex 35.3535 38 32.7818
      vertex 35.5184 46 33.1242
      vertex 35.3535 46 32.7818
    endloop
  endfacet
  facet normal -0.90096 0 0.433903
    outer loop
      vertex 35.5184 46 33.1242
      vertex 35.3535 38 32.7818
      vertex 35.5184 38 33.1242
    endloop
  endfacet
  facet normal -0.988847 0 0.148932
    outer loop
      vertex 35.5184 38 33.1242
      vertex 35.575 46 33.5
      vertex 35.5184 46 33.1242
    endloop
  endfacet
  facet normal -0.988847 0 0.148932
    outer loop
      vertex 35.575 46 33.5
      vertex 35.5184 38 33.1242
      vertex 35.575 38 33.5
    endloop
  endfacet
  facet normal -0.988847 0 -0.148932
    outer loop
      vertex 70.975 39 33.5
      vertex 70.9184 46 33.8758
      vertex 70.975 46 33.5
    endloop
  endfacet
  facet normal -0.988847 -0 -0.148932
    outer loop
      vertex 70.9184 46 33.8758
      vertex 70.975 39 33.5
      vertex 70.9184 39 33.8758
    endloop
  endfacet
  facet normal -0.90096 0 -0.433903
    outer loop
      vertex 70.9184 39 33.8758
      vertex 70.7535 46 34.2182
      vertex 70.9184 46 33.8758
    endloop
  endfacet
  facet normal -0.90096 -0 -0.433903
    outer loop
      vertex 70.7535 46 34.2182
      vertex 70.9184 39 33.8758
      vertex 70.7535 39 34.2182
    endloop
  endfacet
  facet normal 1 -0 0
    outer loop
      vertex 68.4392 39 33.69
      vertex 68.4392 46 33.31
      vertex 68.4392 46 33.69
    endloop
  endfacet
  facet normal 1 0 0
    outer loop
      vertex 68.4392 46 33.31
      vertex 68.4392 39 33.69
      vertex 68.4392 39 33.31
    endloop
  endfacet
  facet normal 0.0747245 0 -0.997204
    outer loop
      vertex 69.4163 39 34.743
      vertex 69.7953 46 34.7714
      vertex 69.7953 39 34.7714
    endloop
  endfacet
  facet normal 0.0747245 0 -0.997204
    outer loop
      vertex 69.7953 46 34.7714
      vertex 69.4163 39 34.743
      vertex 69.4163 46 34.743
    endloop
  endfacet
  facet normal -0.500186 0 -0.865918
    outer loop
      vertex 70.1658 39 34.6869
      vertex 70.4949 46 34.4968
      vertex 70.4949 39 34.4968
    endloop
  endfacet
  facet normal -0.500186 0 -0.865918
    outer loop
      vertex 70.4949 46 34.4968
      vertex 70.1658 39 34.6869
      vertex 70.1658 46 34.6869
    endloop
  endfacet
  facet normal 0.826216 0 -0.563353
    outer loop
      vertex 68.7654 39 34.3672
      vertex 68.5513 46 34.0532
      vertex 68.7654 46 34.3672
    endloop
  endfacet
  facet normal 0.826216 0 -0.563353
    outer loop
      vertex 68.5513 46 34.0532
      vertex 68.7654 39 34.3672
      vertex 68.5513 39 34.0532
    endloop
  endfacet
  facet normal 0.623603 0 -0.781741
    outer loop
      vertex 68.7654 39 34.3672
      vertex 69.0625 46 34.6042
      vertex 69.0625 39 34.6042
    endloop
  endfacet
  facet normal 0.623603 0 -0.781741
    outer loop
      vertex 69.0625 46 34.6042
      vertex 68.7654 39 34.3672
      vertex 68.7654 46 34.3672
    endloop
  endfacet
  facet normal -0.90096 0 0.433903
    outer loop
      vertex 70.7535 39 32.7818
      vertex 70.9184 46 33.1242
      vertex 70.7535 46 32.7818
    endloop
  endfacet
  facet normal -0.90096 0 0.433903
    outer loop
      vertex 70.9184 46 33.1242
      vertex 70.7535 39 32.7818
      vertex 70.9184 39 33.1242
    endloop
  endfacet
  facet normal 0.955523 -0 0.294918
    outer loop
      vertex 68.4392 39 33.31
      vertex 68.5513 46 32.9468
      vertex 68.4392 46 33.31
    endloop
  endfacet
  facet normal 0.955523 0 0.294918
    outer loop
      vertex 68.5513 46 32.9468
      vertex 68.4392 39 33.31
      vertex 68.5513 39 32.9468
    endloop
  endfacet
  facet normal -0.732925 0 -0.68031
    outer loop
      vertex 70.7535 39 34.2182
      vertex 70.4949 46 34.4968
      vertex 70.7535 46 34.2182
    endloop
  endfacet
  facet normal -0.732925 -0 -0.68031
    outer loop
      vertex 70.4949 46 34.4968
      vertex 70.7535 39 34.2182
      vertex 70.4949 39 34.4968
    endloop
  endfacet
  facet normal -0.22236 0 -0.974965
    outer loop
      vertex 69.7953 39 34.7714
      vertex 70.1658 46 34.6869
      vertex 70.1658 39 34.6869
    endloop
  endfacet
  facet normal -0.22236 0 -0.974965
    outer loop
      vertex 70.1658 46 34.6869
      vertex 69.7953 39 34.7714
      vertex 69.7953 46 34.7714
    endloop
  endfacet
  facet normal 0.955523 0 -0.294918
    outer loop
      vertex 68.5513 39 34.0532
      vertex 68.4392 46 33.69
      vertex 68.5513 46 34.0532
    endloop
  endfacet
  facet normal 0.955523 0 -0.294918
    outer loop
      vertex 68.4392 46 33.69
      vertex 68.5513 39 34.0532
      vertex 68.4392 39 33.69
    endloop
  endfacet
  facet normal 0.365213 0 -0.930924
    outer loop
      vertex 69.0625 39 34.6042
      vertex 69.4163 46 34.743
      vertex 69.4163 39 34.743
    endloop
  endfacet
  facet normal 0.365213 0 -0.930924
    outer loop
      vertex 69.4163 46 34.743
      vertex 69.0625 39 34.6042
      vertex 69.0625 46 34.6042
    endloop
  endfacet
  facet normal -0.988847 0 0.148932
    outer loop
      vertex 70.9184 39 33.1242
      vertex 70.975 46 33.5
      vertex 70.9184 46 33.1242
    endloop
  endfacet
  facet normal -0.988847 0 0.148932
    outer loop
      vertex 70.975 46 33.5
      vertex 70.9184 39 33.1242
      vertex 70.975 39 33.5
    endloop
  endfacet
  facet normal -0.22236 0 0.974965
    outer loop
      vertex 69.7953 46 32.2286
      vertex 70.1658 39 32.3131
      vertex 70.1658 46 32.3131
    endloop
  endfacet
  facet normal -0.22236 0 0.974965
    outer loop
      vertex 70.1658 39 32.3131
      vertex 69.7953 46 32.2286
      vertex 69.7953 39 32.2286
    endloop
  endfacet
  facet normal 0.623603 0 0.781741
    outer loop
      vertex 68.7654 46 32.6328
      vertex 69.0625 39 32.3958
      vertex 69.0625 46 32.3958
    endloop
  endfacet
  facet normal 0.623603 0 0.781741
    outer loop
      vertex 69.0625 39 32.3958
      vertex 68.7654 46 32.6328
      vertex 68.7654 39 32.6328
    endloop
  endfacet
  facet normal 0.826216 -0 0.563353
    outer loop
      vertex 68.5513 39 32.9468
      vertex 68.7654 46 32.6328
      vertex 68.5513 46 32.9468
    endloop
  endfacet
  facet normal 0.826216 0 0.563353
    outer loop
      vertex 68.7654 46 32.6328
      vertex 68.5513 39 32.9468
      vertex 68.7654 39 32.6328
    endloop
  endfacet
  facet normal -0.732925 0 0.68031
    outer loop
      vertex 70.4949 39 32.5032
      vertex 70.7535 46 32.7818
      vertex 70.4949 46 32.5032
    endloop
  endfacet
  facet normal -0.732925 0 0.68031
    outer loop
      vertex 70.7535 46 32.7818
      vertex 70.4949 39 32.5032
      vertex 70.7535 39 32.7818
    endloop
  endfacet
  facet normal 0.365213 0 0.930924
    outer loop
      vertex 69.0625 46 32.3958
      vertex 69.4163 39 32.257
      vertex 69.4163 46 32.257
    endloop
  endfacet
  facet normal 0.365213 0 0.930924
    outer loop
      vertex 69.4163 39 32.257
      vertex 69.0625 46 32.3958
      vertex 69.0625 39 32.3958
    endloop
  endfacet
  facet normal 0.0747245 0 0.997204
    outer loop
      vertex 69.4163 46 32.257
      vertex 69.7953 39 32.2286
      vertex 69.7953 46 32.2286
    endloop
  endfacet
  facet normal 0.0747245 0 0.997204
    outer loop
      vertex 69.7953 39 32.2286
      vertex 69.4163 46 32.257
      vertex 69.4163 39 32.257
    endloop
  endfacet
  facet normal -0.500186 0 0.865918
    outer loop
      vertex 70.1658 46 32.3131
      vertex 70.4949 39 32.5032
      vertex 70.4949 46 32.5032
    endloop
  endfacet
  facet normal -0.500186 0 0.865918
    outer loop
      vertex 70.4949 39 32.5032
      vertex 70.1658 46 32.3131
      vertex 70.1658 39 32.3131
    endloop
  endfacet
  facet normal 0 -0.0897584 0.995964
    outer loop
      vertex -33.4 -27.6072 16.8354
      vertex -25 -28 16.8
      vertex -25 -27.6072 16.8354
    endloop
  endfacet
  facet normal 0 -0.0897584 0.995964
    outer loop
      vertex -25 -28 16.8
      vertex -33.4 -27.6072 16.8354
      vertex -33.4 -28 16.8
    endloop
  endfacet
  facet normal 0 0 -1
    outer loop
      vertex -33.4 -28.1972 21.1911
      vertex -25 -27.8028 21.1911
      vertex -25 -28.1972 21.1911
    endloop
  endfacet
  facet normal -0 0 -1
    outer loop
      vertex -25 -27.8028 21.1911
      vertex -33.4 -28.1972 21.1911
      vertex -33.4 -27.8028 21.1911
    endloop
  endfacet
  facet normal 0 -0.990929 -0.134389
    outer loop
      vertex -33.4 -25.8022 19.0987
      vertex -25 -25.8552 19.4895
      vertex -33.4 -25.8552 19.4895
    endloop
  endfacet
  facet normal 0 -0.990929 -0.134389
    outer loop
      vertex -25 -25.8552 19.4895
      vertex -33.4 -25.8022 19.0987
      vertex -25 -25.8022 19.0987
    endloop
  endfacet
  facet normal 0 0.998992 0.0448786
    outer loop
      vertex -25 -30.1801 18.7047
      vertex -33.4 -30.1978 19.0987
      vertex -25 -30.1978 19.0987
    endloop
  endfacet
  facet normal 0 0.998992 0.0448786
    outer loop
      vertex -33.4 -30.1978 19.0987
      vertex -25 -30.1801 18.7047
      vertex -33.4 -30.1801 18.7047
    endloop
  endfacet
  facet normal 0 -0.722901 0.690952
    outer loop
      vertex -33.4 -26.5525 17.3432
      vertex -25 -26.28 17.6283
      vertex -33.4 -26.28 17.6283
    endloop
  endfacet
  facet normal 0 -0.722901 0.690952
    outer loop
      vertex -25 -26.28 17.6283
      vertex -33.4 -26.5525 17.3432
      vertex -25 -26.5525 17.3432
    endloop
  endfacet
  facet normal 0 -0.657966 -0.753048
    outer loop
      vertex -33.4 -26.7069 20.7798
      vertex -25 -26.4099 20.5203
      vertex -25 -26.7069 20.7798
    endloop
  endfacet
  facet normal -0 -0.657966 -0.753048
    outer loop
      vertex -25 -26.4099 20.5203
      vertex -33.4 -26.7069 20.7798
      vertex -33.4 -26.4099 20.5203
    endloop
  endfacet
  facet normal 0 -0.880585 -0.473888
    outer loop
      vertex -33.4 -25.977 19.8647
      vertex -25 -26.1639 20.212
      vertex -33.4 -26.1639 20.212
    endloop
  endfacet
  facet normal 0 -0.880585 -0.473888
    outer loop
      vertex -25 -26.1639 20.212
      vertex -33.4 -25.977 19.8647
      vertex -25 -25.977 19.8647
    endloop
  endfacet
  facet normal -0 0.26597 0.963981
    outer loop
      vertex -33.4 -28.3928 16.8354
      vertex -25 -28.773 16.9403
      vertex -25 -28.3928 16.8354
    endloop
  endfacet
  facet normal 0 0.26597 0.963981
    outer loop
      vertex -25 -28.773 16.9403
      vertex -33.4 -28.3928 16.8354
      vertex -33.4 -28.773 16.9403
    endloop
  endfacet
  facet normal 0 -0.433778 0.90102
    outer loop
      vertex -33.4 -26.8716 17.1114
      vertex -25 -27.227 16.9403
      vertex -25 -26.8716 17.1114
    endloop
  endfacet
  facet normal 0 -0.433778 0.90102
    outer loop
      vertex -25 -27.227 16.9403
      vertex -33.4 -26.8716 17.1114
      vertex -33.4 -27.227 16.9403
    endloop
  endfacet
  facet normal 0 -0.26597 0.963981
    outer loop
      vertex -33.4 -27.227 16.9403
      vertex -25 -27.6072 16.8354
      vertex -25 -27.227 16.9403
    endloop
  endfacet
  facet normal 0 -0.26597 0.963981
    outer loop
      vertex -25 -27.6072 16.8354
      vertex -33.4 -27.227 16.9403
      vertex -33.4 -27.6072 16.8354
    endloop
  endfacet
  facet normal 0 -0.587719 0.809065
    outer loop
      vertex -33.4 -26.5525 17.3432
      vertex -25 -26.8716 17.1114
      vertex -25 -26.5525 17.3432
    endloop
  endfacet
  facet normal 0 -0.587719 0.809065
    outer loop
      vertex -25 -26.8716 17.1114
      vertex -33.4 -26.5525 17.3432
      vertex -33.4 -26.8716 17.1114
    endloop
  endfacet
  facet normal 0 -0.919551 0.392971
    outer loop
      vertex -33.4 -26.0627 17.9575
      vertex -25 -25.9077 18.3202
      vertex -33.4 -25.9077 18.3202
    endloop
  endfacet
  facet normal 0 -0.919551 0.392971
    outer loop
      vertex -25 -25.9077 18.3202
      vertex -33.4 -26.0627 17.9575
      vertex -25 -26.0627 17.9575
    endloop
  endfacet
  facet normal 0 -0.834577 0.550892
    outer loop
      vertex -33.4 -26.28 17.6283
      vertex -25 -26.0627 17.9575
      vertex -33.4 -26.0627 17.9575
    endloop
  endfacet
  facet normal 0 -0.834577 0.550892
    outer loop
      vertex -25 -26.0627 17.9575
      vertex -33.4 -26.28 17.6283
      vertex -25 -26.28 17.6283
    endloop
  endfacet
  facet normal 0 -0.351457 -0.936204
    outer loop
      vertex -33.4 -27.4147 21.1207
      vertex -25 -27.0455 20.9821
      vertex -25 -27.4147 21.1207
    endloop
  endfacet
  facet normal -0 -0.351457 -0.936204
    outer loop
      vertex -25 -27.0455 20.9821
      vertex -33.4 -27.4147 21.1207
      vertex -33.4 -27.0455 20.9821
    endloop
  endfacet
  facet normal 0 -0.512892 -0.858453
    outer loop
      vertex -33.4 -27.0455 20.9821
      vertex -25 -26.7069 20.7798
      vertex -25 -27.0455 20.9821
    endloop
  endfacet
  facet normal -0 -0.512892 -0.858453
    outer loop
      vertex -25 -26.7069 20.7798
      vertex -33.4 -27.0455 20.9821
      vertex -33.4 -26.7069 20.7798
    endloop
  endfacet
  facet normal 0 -0.178484 -0.983943
    outer loop
      vertex -33.4 -27.8028 21.1911
      vertex -25 -27.4147 21.1207
      vertex -25 -27.8028 21.1911
    endloop
  endfacet
  facet normal -0 -0.178484 -0.983943
    outer loop
      vertex -25 -27.4147 21.1207
      vertex -33.4 -27.8028 21.1911
      vertex -33.4 -27.4147 21.1207
    endloop
  endfacet
  facet normal 0 -0.78166 -0.623705
    outer loop
      vertex -33.4 -26.1639 20.212
      vertex -25 -26.4099 20.5203
      vertex -33.4 -26.4099 20.5203
    endloop
  endfacet
  facet normal 0 -0.78166 -0.623705
    outer loop
      vertex -25 -26.4099 20.5203
      vertex -33.4 -26.1639 20.212
      vertex -25 -26.1639 20.212
    endloop
  endfacet
  facet normal 0 -0.951138 -0.308765
    outer loop
      vertex -33.4 -25.8552 19.4895
      vertex -25 -25.977 19.8647
      vertex -33.4 -25.977 19.8647
    endloop
  endfacet
  facet normal 0 -0.951138 -0.308765
    outer loop
      vertex -25 -25.977 19.8647
      vertex -33.4 -25.8552 19.4895
      vertex -25 -25.8552 19.4895
    endloop
  endfacet
  facet normal -0 0.0897584 0.995964
    outer loop
      vertex -33.4 -28 16.8
      vertex -25 -28.3928 16.8354
      vertex -25 -28 16.8
    endloop
  endfacet
  facet normal 0 0.0897584 0.995964
    outer loop
      vertex -25 -28.3928 16.8354
      vertex -33.4 -28 16.8
      vertex -33.4 -28.3928 16.8354
    endloop
  endfacet
  facet normal 0 0.974906 0.222618
    outer loop
      vertex -25 -30.0923 18.3202
      vertex -33.4 -30.1801 18.7047
      vertex -25 -30.1801 18.7047
    endloop
  endfacet
  facet normal 0 0.974906 0.222618
    outer loop
      vertex -33.4 -30.1801 18.7047
      vertex -25 -30.0923 18.3202
      vertex -33.4 -30.0923 18.3202
    endloop
  endfacet
  facet normal 0 0.834577 0.550892
    outer loop
      vertex -25 -29.72 17.6283
      vertex -33.4 -29.9373 17.9575
      vertex -25 -29.9373 17.9575
    endloop
  endfacet
  facet normal 0 0.834577 0.550892
    outer loop
      vertex -33.4 -29.9373 17.9575
      vertex -25 -29.72 17.6283
      vertex -33.4 -29.72 17.6283
    endloop
  endfacet
  facet normal 0 -0.974906 0.222618
    outer loop
      vertex -33.4 -25.9077 18.3202
      vertex -25 -25.8199 18.7047
      vertex -33.4 -25.8199 18.7047
    endloop
  endfacet
  facet normal 0 -0.974906 0.222618
    outer loop
      vertex -25 -25.8199 18.7047
      vertex -33.4 -25.9077 18.3202
      vertex -25 -25.9077 18.3202
    endloop
  endfacet
  facet normal 0 -0.998992 0.0448786
    outer loop
      vertex -33.4 -25.8199 18.7047
      vertex -25 -25.8022 19.0987
      vertex -33.4 -25.8022 19.0987
    endloop
  endfacet
  facet normal 0 -0.998992 0.0448786
    outer loop
      vertex -25 -25.8022 19.0987
      vertex -33.4 -25.8199 18.7047
      vertex -25 -25.8199 18.7047
    endloop
  endfacet
  facet normal -0 0.433778 0.90102
    outer loop
      vertex -33.4 -28.773 16.9403
      vertex -25 -29.1284 17.1114
      vertex -25 -28.773 16.9403
    endloop
  endfacet
  facet normal 0 0.433778 0.90102
    outer loop
      vertex -25 -29.1284 17.1114
      vertex -33.4 -28.773 16.9403
      vertex -33.4 -29.1284 17.1114
    endloop
  endfacet
  facet normal 0 0.512892 -0.858453
    outer loop
      vertex -33.4 -29.2931 20.7798
      vertex -25 -28.9545 20.9821
      vertex -25 -29.2931 20.7798
    endloop
  endfacet
  facet normal 0 0.512892 -0.858453
    outer loop
      vertex -25 -28.9545 20.9821
      vertex -33.4 -29.2931 20.7798
      vertex -33.4 -28.9545 20.9821
    endloop
  endfacet
  facet normal 0 0.722901 0.690952
    outer loop
      vertex -25 -29.4475 17.3432
      vertex -33.4 -29.72 17.6283
      vertex -25 -29.72 17.6283
    endloop
  endfacet
  facet normal 0 0.722901 0.690952
    outer loop
      vertex -33.4 -29.72 17.6283
      vertex -25 -29.4475 17.3432
      vertex -33.4 -29.4475 17.3432
    endloop
  endfacet
  facet normal 0 0.990929 -0.134389
    outer loop
      vertex -25 -30.1978 19.0987
      vertex -33.4 -30.1448 19.4895
      vertex -25 -30.1448 19.4895
    endloop
  endfacet
  facet normal 0 0.990929 -0.134389
    outer loop
      vertex -33.4 -30.1448 19.4895
      vertex -25 -30.1978 19.0987
      vertex -33.4 -30.1978 19.0987
    endloop
  endfacet
  facet normal 0 0.351457 -0.936204
    outer loop
      vertex -33.4 -28.9545 20.9821
      vertex -25 -28.5853 21.1207
      vertex -25 -28.9545 20.9821
    endloop
  endfacet
  facet normal 0 0.351457 -0.936204
    outer loop
      vertex -25 -28.5853 21.1207
      vertex -33.4 -28.9545 20.9821
      vertex -33.4 -28.5853 21.1207
    endloop
  endfacet
  facet normal 0 0.178484 -0.983943
    outer loop
      vertex -33.4 -28.5853 21.1207
      vertex -25 -28.1972 21.1911
      vertex -25 -28.5853 21.1207
    endloop
  endfacet
  facet normal 0 0.178484 -0.983943
    outer loop
      vertex -25 -28.1972 21.1911
      vertex -33.4 -28.5853 21.1207
      vertex -33.4 -28.1972 21.1911
    endloop
  endfacet
  facet normal -0 0.587719 0.809065
    outer loop
      vertex -33.4 -29.1284 17.1114
      vertex -25 -29.4475 17.3432
      vertex -25 -29.1284 17.1114
    endloop
  endfacet
  facet normal 0 0.587719 0.809065
    outer loop
      vertex -25 -29.4475 17.3432
      vertex -33.4 -29.1284 17.1114
      vertex -33.4 -29.4475 17.3432
    endloop
  endfacet
  facet normal 0 0.919551 0.392971
    outer loop
      vertex -25 -29.9373 17.9575
      vertex -33.4 -30.0923 18.3202
      vertex -25 -30.0923 18.3202
    endloop
  endfacet
  facet normal 0 0.919551 0.392971
    outer loop
      vertex -33.4 -30.0923 18.3202
      vertex -25 -29.9373 17.9575
      vertex -33.4 -29.9373 17.9575
    endloop
  endfacet
  facet normal 0 0.880585 -0.473888
    outer loop
      vertex -25 -30.023 19.8647
      vertex -33.4 -29.8361 20.212
      vertex -25 -29.8361 20.212
    endloop
  endfacet
  facet normal 0 0.880585 -0.473888
    outer loop
      vertex -33.4 -29.8361 20.212
      vertex -25 -30.023 19.8647
      vertex -33.4 -30.023 19.8647
    endloop
  endfacet
  facet normal 0 0.951138 -0.308765
    outer loop
      vertex -25 -30.1448 19.4895
      vertex -33.4 -30.023 19.8647
      vertex -25 -30.023 19.8647
    endloop
  endfacet
  facet normal 0 0.951138 -0.308765
    outer loop
      vertex -33.4 -30.023 19.8647
      vertex -25 -30.1448 19.4895
      vertex -33.4 -30.1448 19.4895
    endloop
  endfacet
  facet normal 0 0.657966 -0.753048
    outer loop
      vertex -33.4 -29.5901 20.5203
      vertex -25 -29.2931 20.7798
      vertex -25 -29.5901 20.5203
    endloop
  endfacet
  facet normal 0 0.657966 -0.753048
    outer loop
      vertex -25 -29.2931 20.7798
      vertex -33.4 -29.5901 20.5203
      vertex -33.4 -29.2931 20.7798
    endloop
  endfacet
  facet normal 0 0.78166 -0.623705
    outer loop
      vertex -25 -29.8361 20.212
      vertex -33.4 -29.5901 20.5203
      vertex -25 -29.5901 20.5203
    endloop
  endfacet
  facet normal 0 0.78166 -0.623705
    outer loop
      vertex -33.4 -29.5901 20.5203
      vertex -25 -29.8361 20.212
      vertex -33.4 -29.8361 20.212
    endloop
  endfacet
  facet normal 0 -0.866025 0.5
    outer loop
      vertex -36 -25.8205 15.225
      vertex -33.4 -23.641 19
      vertex -36 -23.641 19
    endloop
  endfacet
  facet normal 0 -0.866025 0.5
    outer loop
      vertex -33.4 -23.641 19
      vertex -36 -25.8205 15.225
      vertex -33.4 -25.8205 15.225
    endloop
  endfacet
  facet normal 0 0 -1
    outer loop
      vertex -36 -30.1795 22.775
      vertex -33.4 -25.8205 22.775
      vertex -33.4 -30.1795 22.775
    endloop
  endfacet
  facet normal -0 0 -1
    outer loop
      vertex -33.4 -25.8205 22.775
      vertex -36 -30.1795 22.775
      vertex -36 -25.8205 22.775
    endloop
  endfacet
  facet normal 0 -0.866025 -0.5
    outer loop
      vertex -36 -23.641 19
      vertex -33.4 -25.8205 22.775
      vertex -36 -25.8205 22.775
    endloop
  endfacet
  facet normal 0 -0.866025 -0.5
    outer loop
      vertex -33.4 -25.8205 22.775
      vertex -36 -23.641 19
      vertex -33.4 -23.641 19
    endloop
  endfacet
  facet normal -1 -0 0
    outer loop
      vertex -33.4 -23.641 19
      vertex -33.4 -25.8199 18.7047
      vertex -33.4 -25.8022 19.0987
    endloop
  endfacet
  facet normal -1 0 0
    outer loop
      vertex -33.4 -26.0627 17.9575
      vertex -33.4 -23.641 19
      vertex -33.4 -25.8205 15.225
    endloop
  endfacet
  facet normal -1 0 0
    outer loop
      vertex -33.4 -23.641 19
      vertex -33.4 -25.9077 18.3202
      vertex -33.4 -25.8199 18.7047
    endloop
  endfacet
  facet normal -1 0 0
    outer loop
      vertex -33.4 -23.641 19
      vertex -33.4 -26.0627 17.9575
      vertex -33.4 -25.9077 18.3202
    endloop
  endfacet
  facet normal -1 0 0
    outer loop
      vertex -33.4 -25.8205 15.225
      vertex -33.4 -26.28 17.6283
      vertex -33.4 -26.0627 17.9575
    endloop
  endfacet
  facet normal -1 0 0
    outer loop
      vertex -33.4 -25.8205 15.225
      vertex -33.4 -26.5525 17.3432
      vertex -33.4 -26.28 17.6283
    endloop
  endfacet
  facet normal -1 0 0
    outer loop
      vertex -33.4 -25.8205 15.225
      vertex -33.4 -26.8716 17.1114
      vertex -33.4 -26.5525 17.3432
    endloop
  endfacet
  facet normal -1 0 0
    outer loop
      vertex -33.4 -25.8205 15.225
      vertex -33.4 -27.227 16.9403
      vertex -33.4 -26.8716 17.1114
    endloop
  endfacet
  facet normal -1 0 0
    outer loop
      vertex -33.4 -25.8205 15.225
      vertex -33.4 -27.6072 16.8354
      vertex -33.4 -27.227 16.9403
    endloop
  endfacet
  facet normal -1 0 0
    outer loop
      vertex -33.4 -25.8205 15.225
      vertex -33.4 -28 16.8
      vertex -33.4 -27.6072 16.8354
    endloop
  endfacet
  facet normal -1 0 0
    outer loop
      vertex -33.4 -30.1795 15.225
      vertex -33.4 -28 16.8
      vertex -33.4 -25.8205 15.225
    endloop
  endfacet
  facet normal -1 -0 0
    outer loop
      vertex -33.4 -28 16.8
      vertex -33.4 -30.1795 15.225
      vertex -33.4 -28.3928 16.8354
    endloop
  endfacet
  facet normal -1 -0 0
    outer loop
      vertex -33.4 -28.3928 16.8354
      vertex -33.4 -30.1795 15.225
      vertex -33.4 -28.773 16.9403
    endloop
  endfacet
  facet normal -1 -0 0
    outer loop
      vertex -33.4 -28.773 16.9403
      vertex -33.4 -30.1795 15.225
      vertex -33.4 -29.1284 17.1114
    endloop
  endfacet
  facet normal -1 0 0
    outer loop
      vertex -33.4 -30.1795 15.225
      vertex -33.4 -29.4475 17.3432
      vertex -33.4 -29.1284 17.1114
    endloop
  endfacet
  facet normal -1 0 0
    outer loop
      vertex -33.4 -30.1795 15.225
      vertex -33.4 -29.72 17.6283
      vertex -33.4 -29.4475 17.3432
    endloop
  endfacet
  facet normal -1 0 0
    outer loop
      vertex -33.4 -30.1795 15.225
      vertex -33.4 -29.9373 17.9575
      vertex -33.4 -29.72 17.6283
    endloop
  endfacet
  facet normal -1 0 0
    outer loop
      vertex -33.4 -32.359 19
      vertex -33.4 -29.9373 17.9575
      vertex -33.4 -30.1795 15.225
    endloop
  endfacet
  facet normal -1 0 0
    outer loop
      vertex -33.4 -29.9373 17.9575
      vertex -33.4 -32.359 19
      vertex -33.4 -30.0923 18.3202
    endloop
  endfacet
  facet normal -1 0 0
    outer loop
      vertex -33.4 -30.0923 18.3202
      vertex -33.4 -32.359 19
      vertex -33.4 -30.1801 18.7047
    endloop
  endfacet
  facet normal -1 0 0
    outer loop
      vertex -33.4 -30.1801 18.7047
      vertex -33.4 -32.359 19
      vertex -33.4 -30.1978 19.0987
    endloop
  endfacet
  facet normal -1 0 0
    outer loop
      vertex -33.4 -25.8552 19.4895
      vertex -33.4 -23.641 19
      vertex -33.4 -25.8022 19.0987
    endloop
  endfacet
  facet normal -1 0 0
    outer loop
      vertex -33.4 -25.977 19.8647
      vertex -33.4 -23.641 19
      vertex -33.4 -25.8552 19.4895
    endloop
  endfacet
  facet normal -1 0 0
    outer loop
      vertex -33.4 -26.1639 20.212
      vertex -33.4 -23.641 19
      vertex -33.4 -25.977 19.8647
    endloop
  endfacet
  facet normal -1 0 0
    outer loop
      vertex -33.4 -23.641 19
      vertex -33.4 -26.1639 20.212
      vertex -33.4 -25.8205 22.775
    endloop
  endfacet
  facet normal -1 0 0
    outer loop
      vertex -33.4 -26.4099 20.5203
      vertex -33.4 -25.8205 22.775
      vertex -33.4 -26.1639 20.212
    endloop
  endfacet
  facet normal -1 0 0
    outer loop
      vertex -33.4 -26.7069 20.7798
      vertex -33.4 -25.8205 22.775
      vertex -33.4 -26.4099 20.5203
    endloop
  endfacet
  facet normal -1 0 0
    outer loop
      vertex -33.4 -27.0455 20.9821
      vertex -33.4 -25.8205 22.775
      vertex -33.4 -26.7069 20.7798
    endloop
  endfacet
  facet normal -1 0 0
    outer loop
      vertex -33.4 -27.4147 21.1207
      vertex -33.4 -25.8205 22.775
      vertex -33.4 -27.0455 20.9821
    endloop
  endfacet
  facet normal -1 0 0
    outer loop
      vertex -33.4 -27.8028 21.1911
      vertex -33.4 -25.8205 22.775
      vertex -33.4 -27.4147 21.1207
    endloop
  endfacet
  facet normal -1 0 0
    outer loop
      vertex -33.4 -28.1972 21.1911
      vertex -33.4 -25.8205 22.775
      vertex -33.4 -27.8028 21.1911
    endloop
  endfacet
  facet normal -1 0 0
    outer loop
      vertex -33.4 -30.1795 22.775
      vertex -33.4 -28.1972 21.1911
      vertex -33.4 -28.5853 21.1207
    endloop
  endfacet
  facet normal -1 0 0
    outer loop
      vertex -33.4 -30.1795 22.775
      vertex -33.4 -28.5853 21.1207
      vertex -33.4 -28.9545 20.9821
    endloop
  endfacet
  facet normal -1 0 0
    outer loop
      vertex -33.4 -28.1972 21.1911
      vertex -33.4 -30.1795 22.775
      vertex -33.4 -25.8205 22.775
    endloop
  endfacet
  facet normal -1 0 0
    outer loop
      vertex -33.4 -29.2931 20.7798
      vertex -33.4 -30.1795 22.775
      vertex -33.4 -28.9545 20.9821
    endloop
  endfacet
  facet normal -1 0 0
    outer loop
      vertex -33.4 -29.5901 20.5203
      vertex -33.4 -30.1795 22.775
      vertex -33.4 -29.2931 20.7798
    endloop
  endfacet
  facet normal -1 0 0
    outer loop
      vertex -33.4 -29.8361 20.212
      vertex -33.4 -30.1795 22.775
      vertex -33.4 -29.5901 20.5203
    endloop
  endfacet
  facet normal -1 0 0
    outer loop
      vertex -33.4 -32.359 19
      vertex -33.4 -29.8361 20.212
      vertex -33.4 -30.023 19.8647
    endloop
  endfacet
  facet normal -1 0 0
    outer loop
      vertex -33.4 -32.359 19
      vertex -33.4 -30.023 19.8647
      vertex -33.4 -30.1448 19.4895
    endloop
  endfacet
  facet normal -1 0 0
    outer loop
      vertex -33.4 -32.359 19
      vertex -33.4 -30.1448 19.4895
      vertex -33.4 -30.1978 19.0987
    endloop
  endfacet
  facet normal -1 -0 0
    outer loop
      vertex -33.4 -29.8361 20.212
      vertex -33.4 -32.359 19
      vertex -33.4 -30.1795 22.775
    endloop
  endfacet
  facet normal 0 0.866025 0.5
    outer loop
      vertex -33.4 -30.1795 15.225
      vertex -36 -32.359 19
      vertex -33.4 -32.359 19
    endloop
  endfacet
  facet normal 0 0.866025 0.5
    outer loop
      vertex -36 -32.359 19
      vertex -33.4 -30.1795 15.225
      vertex -36 -30.1795 15.225
    endloop
  endfacet
  facet normal 0 0.866025 -0.5
    outer loop
      vertex -33.4 -32.359 19
      vertex -36 -30.1795 22.775
      vertex -33.4 -30.1795 22.775
    endloop
  endfacet
  facet normal 0 0.866025 -0.5
    outer loop
      vertex -36 -30.1795 22.775
      vertex -33.4 -32.359 19
      vertex -36 -32.359 19
    endloop
  endfacet
  facet normal -0 0 1
    outer loop
      vertex -36 -25.8205 15.225
      vertex -33.4 -30.1795 15.225
      vertex -33.4 -25.8205 15.225
    endloop
  endfacet
  facet normal 0 0 1
    outer loop
      vertex -33.4 -30.1795 15.225
      vertex -36 -25.8205 15.225
      vertex -36 -30.1795 15.225
    endloop
  endfacet
  facet normal 0 -0.928919 0.370283
    outer loop
      vertex -5 11.5903 18.1569
      vertex 4 11.7344 18.5184
      vertex -5 11.7344 18.5184
    endloop
  endfacet
  facet normal 0 -0.928919 0.370283
    outer loop
      vertex 4 11.7344 18.5184
      vertex -5 11.5903 18.1569
      vertex 4 11.5903 18.1569
    endloop
  endfacet
  facet normal 0 -0.214808 -0.976656
    outer loop
      vertex -5 10.1946 20.7894
      vertex 4 10.5747 20.7058
      vertex 4 10.1946 20.7894
    endloop
  endfacet
  facet normal -0 -0.214808 -0.976656
    outer loop
      vertex 4 10.5747 20.7058
      vertex -5 10.1946 20.7894
      vertex -5 10.5747 20.7058
    endloop
  endfacet
  facet normal -0 0.108161 0.994133
    outer loop
      vertex -5 10 17.2
      vertex 4 9.61305 17.2421
      vertex 4 10 17.2
    endloop
  endfacet
  facet normal 0 0.108161 0.994133
    outer loop
      vertex 4 9.61305 17.2421
      vertex -5 10 17.2
      vertex -5 9.61305 17.2421
    endloop
  endfacet
  facet normal 0 0.963542 -0.267556
    outer loop
      vertex 4 8.22371 19.2912
      vertex -5 8.32784 19.6662
      vertex 4 8.32784 19.6662
    endloop
  endfacet
  facet normal 0 0.963542 -0.267556
    outer loop
      vertex -5 8.32784 19.6662
      vertex 4 8.22371 19.2912
      vertex -5 8.22371 19.2912
    endloop
  endfacet
  facet normal 0 -0.99853 -0.0542037
    outer loop
      vertex -5 11.7974 18.9025
      vertex 4 11.7763 19.2912
      vertex -5 11.7763 19.2912
    endloop
  endfacet
  facet normal 0 -0.99853 -0.0542037
    outer loop
      vertex 4 11.7763 19.2912
      vertex -5 11.7974 18.9025
      vertex 4 11.7974 18.9025
    endloop
  endfacet
  facet normal 0 -0.883431 -0.46856
    outer loop
      vertex -5 11.6722 19.6662
      vertex 4 11.4898 20.0101
      vertex -5 11.4898 20.0101
    endloop
  endfacet
  facet normal 0 -0.883431 -0.46856
    outer loop
      vertex 4 11.4898 20.0101
      vertex -5 11.6722 19.6662
      vertex 4 11.6722 19.6662
    endloop
  endfacet
  facet normal 0 -0.419986 -0.90753
    outer loop
      vertex -5 10.5747 20.7058
      vertex 4 10.928 20.5423
      vertex 4 10.5747 20.7058
    endloop
  endfacet
  facet normal -0 -0.419986 -0.90753
    outer loop
      vertex 4 10.928 20.5423
      vertex -5 10.5747 20.7058
      vertex -5 10.928 20.5423
    endloop
  endfacet
  facet normal 0 -0.762313 -0.647208
    outer loop
      vertex -5 11.4898 20.0101
      vertex 4 11.2379 20.3068
      vertex -5 11.2379 20.3068
    endloop
  endfacet
  facet normal 0 -0.762313 -0.647208
    outer loop
      vertex 4 11.2379 20.3068
      vertex -5 11.4898 20.0101
      vertex 4 11.4898 20.0101
    endloop
  endfacet
  facet normal 0 0.214792 -0.97666
    outer loop
      vertex -5 9.42526 20.7058
      vertex 4 9.80539 20.7894
      vertex 4 9.42526 20.7058
    endloop
  endfacet
  facet normal 0 0.214792 -0.97666
    outer loop
      vertex 4 9.80539 20.7894
      vertex -5 9.42526 20.7058
      vertex -5 9.80539 20.7894
    endloop
  endfacet
  facet normal 0 0.883517 -0.4684
    outer loop
      vertex 4 8.32784 19.6662
      vertex -5 8.51016 20.0101
      vertex 4 8.51016 20.0101
    endloop
  endfacet
  facet normal 0 0.883517 -0.4684
    outer loop
      vertex -5 8.51016 20.0101
      vertex 4 8.32784 19.6662
      vertex -5 8.32784 19.6662
    endloop
  endfacet
  facet normal 0 -0.51544 0.856926
    outer loop
      vertex -5 11.0893 17.567
      vertex 4 10.7558 17.3664
      vertex 4 11.0893 17.567
    endloop
  endfacet
  facet normal 0 -0.51544 0.856926
    outer loop
      vertex 4 10.7558 17.3664
      vertex -5 11.0893 17.567
      vertex -5 10.7558 17.3664
    endloop
  endfacet
  facet normal 0 -0.319309 0.947651
    outer loop
      vertex -5 10.7558 17.3664
      vertex 4 10.3869 17.2421
      vertex 4 10.7558 17.3664
    endloop
  endfacet
  facet normal 0 -0.319309 0.947651
    outer loop
      vertex 4 10.3869 17.2421
      vertex -5 10.7558 17.3664
      vertex -5 10.3869 17.2421
    endloop
  endfacet
  facet normal 0 -0.687709 0.725986
    outer loop
      vertex -5 11.3719 17.8347
      vertex 4 11.0893 17.567
      vertex 4 11.3719 17.8347
    endloop
  endfacet
  facet normal 0 -0.687709 0.725986
    outer loop
      vertex 4 11.0893 17.567
      vertex -5 11.3719 17.8347
      vertex -5 11.0893 17.567
    endloop
  endfacet
  facet normal 0 0 -1
    outer loop
      vertex -5 9.80539 20.7894
      vertex 4 10.1946 20.7894
      vertex 4 9.80539 20.7894
    endloop
  endfacet
  facet normal -0 0 -1
    outer loop
      vertex 4 10.1946 20.7894
      vertex -5 9.80539 20.7894
      vertex -5 10.1946 20.7894
    endloop
  endfacet
  facet normal 0 -0.605044 -0.796192
    outer loop
      vertex -5 10.928 20.5423
      vertex 4 11.2379 20.3068
      vertex 4 10.928 20.5423
    endloop
  endfacet
  facet normal -0 -0.605044 -0.796192
    outer loop
      vertex 4 11.2379 20.3068
      vertex -5 10.928 20.5423
      vertex -5 11.2379 20.3068
    endloop
  endfacet
  facet normal 0 -0.963562 -0.267485
    outer loop
      vertex -5 11.7763 19.2912
      vertex 4 11.6722 19.6662
      vertex -5 11.6722 19.6662
    endloop
  endfacet
  facet normal 0 -0.963562 -0.267485
    outer loop
      vertex 4 11.6722 19.6662
      vertex -5 11.7763 19.2912
      vertex 4 11.7763 19.2912
    endloop
  endfacet
  facet normal 0 -0.108175 0.994132
    outer loop
      vertex -5 10.3869 17.2421
      vertex 4 10 17.2
      vertex 4 10.3869 17.2421
    endloop
  endfacet
  facet normal 0 -0.108175 0.994132
    outer loop
      vertex 4 10 17.2
      vertex -5 10.3869 17.2421
      vertex -5 10 17.2
    endloop
  endfacet
  facet normal 0 0.986827 0.161782
    outer loop
      vertex 4 8.26561 18.5184
      vertex -5 8.20264 18.9025
      vertex 4 8.20264 18.9025
    endloop
  endfacet
  facet normal 0 0.986827 0.161782
    outer loop
      vertex -5 8.20264 18.9025
      vertex 4 8.26561 18.5184
      vertex -5 8.26561 18.5184
    endloop
  endfacet
  facet normal 1 0 0
    outer loop
      vertex -5 11.7763 19.2912
      vertex -5 11.7344 18.5184
      vertex -5 11.7974 18.9025
    endloop
  endfacet
  facet normal 1 0 0
    outer loop
      vertex -5 11.6722 19.6662
      vertex -5 11.7344 18.5184
      vertex -5 11.7763 19.2912
    endloop
  endfacet
  facet normal 1 0 0
    outer loop
      vertex -5 11.6722 19.6662
      vertex -5 11.5903 18.1569
      vertex -5 11.7344 18.5184
    endloop
  endfacet
  facet normal 1 0 0
    outer loop
      vertex -5 11.4898 20.0101
      vertex -5 11.5903 18.1569
      vertex -5 11.6722 19.6662
    endloop
  endfacet
  facet normal 1 0 0
    outer loop
      vertex -5 11.4898 20.0101
      vertex -5 11.3719 17.8347
      vertex -5 11.5903 18.1569
    endloop
  endfacet
  facet normal 1 0 0
    outer loop
      vertex -5 11.2379 20.3068
      vertex -5 11.3719 17.8347
      vertex -5 11.4898 20.0101
    endloop
  endfacet
  facet normal 1 0 0
    outer loop
      vertex -5 11.2379 20.3068
      vertex -5 11.0893 17.567
      vertex -5 11.3719 17.8347
    endloop
  endfacet
  facet normal 1 0 0
    outer loop
      vertex -5 10.928 20.5423
      vertex -5 11.0893 17.567
      vertex -5 11.2379 20.3068
    endloop
  endfacet
  facet normal 1 0 0
    outer loop
      vertex -5 10.928 20.5423
      vertex -5 10.7558 17.3664
      vertex -5 11.0893 17.567
    endloop
  endfacet
  facet normal 1 0 0
    outer loop
      vertex -5 10.5747 20.7058
      vertex -5 10.7558 17.3664
      vertex -5 10.928 20.5423
    endloop
  endfacet
  facet normal 1 0 0
    outer loop
      vertex -5 10.5747 20.7058
      vertex -5 10.3869 17.2421
      vertex -5 10.7558 17.3664
    endloop
  endfacet
  facet normal 1 0 0
    outer loop
      vertex -5 10.1946 20.7894
      vertex -5 10.3869 17.2421
      vertex -5 10.5747 20.7058
    endloop
  endfacet
  facet normal 1 0 0
    outer loop
      vertex -5 10.1946 20.7894
      vertex -5 10 17.2
      vertex -5 10.3869 17.2421
    endloop
  endfacet
  facet normal 1 -0 0
    outer loop
      vertex -5 9.80539 20.7894
      vertex -5 10 17.2
      vertex -5 10.1946 20.7894
    endloop
  endfacet
  facet normal 1 0 0
    outer loop
      vertex -5 9.80539 20.7894
      vertex -5 9.61305 17.2421
      vertex -5 10 17.2
    endloop
  endfacet
  facet normal 1 -0 0
    outer loop
      vertex -5 9.42526 20.7058
      vertex -5 9.61305 17.2421
      vertex -5 9.80539 20.7894
    endloop
  endfacet
  facet normal 1 0 0
    outer loop
      vertex -5 9.42526 20.7058
      vertex -5 9.2442 17.3664
      vertex -5 9.61305 17.2421
    endloop
  endfacet
  facet normal 1 -0 0
    outer loop
      vertex -5 9.072 20.5423
      vertex -5 9.2442 17.3664
      vertex -5 9.42526 20.7058
    endloop
  endfacet
  facet normal 1 0 0
    outer loop
      vertex -5 9.072 20.5423
      vertex -5 8.91069 17.567
      vertex -5 9.2442 17.3664
    endloop
  endfacet
  facet normal 1 -0 0
    outer loop
      vertex -5 8.76214 20.3068
      vertex -5 8.91069 17.567
      vertex -5 9.072 20.5423
    endloop
  endfacet
  facet normal 1 0 0
    outer loop
      vertex -5 8.76214 20.3068
      vertex -5 8.62811 17.8347
      vertex -5 8.91069 17.567
    endloop
  endfacet
  facet normal 1 -0 0
    outer loop
      vertex -5 8.51016 20.0101
      vertex -5 8.62811 17.8347
      vertex -5 8.76214 20.3068
    endloop
  endfacet
  facet normal 1 0 0
    outer loop
      vertex -5 8.51016 20.0101
      vertex -5 8.40968 18.1569
      vertex -5 8.62811 17.8347
    endloop
  endfacet
  facet normal 1 -0 0
    outer loop
      vertex -5 8.32784 19.6662
      vertex -5 8.40968 18.1569
      vertex -5 8.51016 20.0101
    endloop
  endfacet
  facet normal 1 0 0
    outer loop
      vertex -5 8.32784 19.6662
      vertex -5 8.26561 18.5184
      vertex -5 8.40968 18.1569
    endloop
  endfacet
  facet normal 1 -0 0
    outer loop
      vertex -5 8.22371 19.2912
      vertex -5 8.26561 18.5184
      vertex -5 8.32784 19.6662
    endloop
  endfacet
  facet normal 1 0 0
    outer loop
      vertex -5 8.26561 18.5184
      vertex -5 8.22371 19.2912
      vertex -5 8.20264 18.9025
    endloop
  endfacet
  facet normal -0 0.515429 0.856932
    outer loop
      vertex -5 9.2442 17.3664
      vertex 4 8.91069 17.567
      vertex 4 9.2442 17.3664
    endloop
  endfacet
  facet normal 0 0.515429 0.856932
    outer loop
      vertex 4 8.91069 17.567
      vertex -5 9.2442 17.3664
      vertex -5 8.91069 17.567
    endloop
  endfacet
  facet normal -0 0.319348 0.947638
    outer loop
      vertex -5 9.61305 17.2421
      vertex 4 9.2442 17.3664
      vertex 4 9.61305 17.2421
    endloop
  endfacet
  facet normal 0 0.319348 0.947638
    outer loop
      vertex 4 9.2442 17.3664
      vertex -5 9.61305 17.2421
      vertex -5 9.2442 17.3664
    endloop
  endfacet
  facet normal 0 0.928946 0.370216
    outer loop
      vertex 4 8.40968 18.1569
      vertex -5 8.26561 18.5184
      vertex 4 8.26561 18.5184
    endloop
  endfacet
  facet normal 0 0.928946 0.370216
    outer loop
      vertex -5 8.26561 18.5184
      vertex 4 8.40968 18.1569
      vertex -5 8.40968 18.1569
    endloop
  endfacet
  facet normal 0 0.827721 0.56114
    outer loop
      vertex 4 8.62811 17.8347
      vertex -5 8.40968 18.1569
      vertex 4 8.40968 18.1569
    endloop
  endfacet
  facet normal 0 0.827721 0.56114
    outer loop
      vertex -5 8.40968 18.1569
      vertex 4 8.62811 17.8347
      vertex -5 8.62811 17.8347
    endloop
  endfacet
  facet normal 0 0.998534 -0.0541269
    outer loop
      vertex 4 8.20264 18.9025
      vertex -5 8.22371 19.2912
      vertex 4 8.22371 19.2912
    endloop
  endfacet
  facet normal 0 0.998534 -0.0541269
    outer loop
      vertex -5 8.22371 19.2912
      vertex 4 8.20264 18.9025
      vertex -5 8.20264 18.9025
    endloop
  endfacet
  facet normal 0 0.762212 -0.647328
    outer loop
      vertex 4 8.51016 20.0101
      vertex -5 8.76214 20.3068
      vertex 4 8.76214 20.3068
    endloop
  endfacet
  facet normal 0 0.762212 -0.647328
    outer loop
      vertex -5 8.76214 20.3068
      vertex 4 8.51016 20.0101
      vertex -5 8.51016 20.0101
    endloop
  endfacet
  facet normal 0 0.420026 -0.907512
    outer loop
      vertex -5 9.072 20.5423
      vertex 4 9.42526 20.7058
      vertex 4 9.072 20.5423
    endloop
  endfacet
  facet normal 0 0.420026 -0.907512
    outer loop
      vertex 4 9.42526 20.7058
      vertex -5 9.072 20.5423
      vertex -5 9.42526 20.7058
    endloop
  endfacet
  facet normal 0 0.605094 -0.796154
    outer loop
      vertex -5 8.76214 20.3068
      vertex 4 9.072 20.5423
      vertex 4 8.76214 20.3068
    endloop
  endfacet
  facet normal 0 0.605094 -0.796154
    outer loop
      vertex 4 9.072 20.5423
      vertex -5 8.76214 20.3068
      vertex -5 9.072 20.5423
    endloop
  endfacet
  facet normal 0 -0.827757 0.561087
    outer loop
      vertex -5 11.3719 17.8347
      vertex 4 11.5903 18.1569
      vertex -5 11.5903 18.1569
    endloop
  endfacet
  facet normal 0 -0.827757 0.561087
    outer loop
      vertex 4 11.5903 18.1569
      vertex -5 11.3719 17.8347
      vertex 4 11.3719 17.8347
    endloop
  endfacet
  facet normal 0 -0.986814 0.161857
    outer loop
      vertex -5 11.7344 18.5184
      vertex 4 11.7974 18.9025
      vertex -5 11.7974 18.9025
    endloop
  endfacet
  facet normal 0 -0.986814 0.161857
    outer loop
      vertex 4 11.7974 18.9025
      vertex -5 11.7344 18.5184
      vertex 4 11.7344 18.5184
    endloop
  endfacet
  facet normal -0 0.687735 0.725962
    outer loop
      vertex -5 8.91069 17.567
      vertex 4 8.62811 17.8347
      vertex 4 8.91069 17.567
    endloop
  endfacet
  facet normal 0 0.687735 0.725962
    outer loop
      vertex 4 8.62811 17.8347
      vertex -5 8.91069 17.567
      vertex -5 8.62811 17.8347
    endloop
  endfacet
  facet normal 0 -0.108175 0.994132
    outer loop
      vertex -4 26.3869 17.2421
      vertex 5 26 17.2
      vertex 5 26.3869 17.2421
    endloop
  endfacet
  facet normal 0 -0.108175 0.994132
    outer loop
      vertex 5 26 17.2
      vertex -4 26.3869 17.2421
      vertex -4 26 17.2
    endloop
  endfacet
  facet normal 0 0 -1
    outer loop
      vertex -4 25.8054 20.7894
      vertex 5 26.1946 20.7894
      vertex 5 25.8054 20.7894
    endloop
  endfacet
  facet normal -0 0 -1
    outer loop
      vertex 5 26.1946 20.7894
      vertex -4 25.8054 20.7894
      vertex -4 26.1946 20.7894
    endloop
  endfacet
  facet normal 0 -0.99853 -0.0542037
    outer loop
      vertex -4 27.7974 18.9025
      vertex 5 27.7763 19.2912
      vertex -4 27.7763 19.2912
    endloop
  endfacet
  facet normal 0 -0.99853 -0.0542037
    outer loop
      vertex 5 27.7763 19.2912
      vertex -4 27.7974 18.9025
      vertex 5 27.7974 18.9025
    endloop
  endfacet
  facet normal 0 0.99853 -0.0542037
    outer loop
      vertex 5 24.2026 18.9025
      vertex -4 24.2237 19.2912
      vertex 5 24.2237 19.2912
    endloop
  endfacet
  facet normal 0 0.99853 -0.0542037
    outer loop
      vertex -4 24.2237 19.2912
      vertex 5 24.2026 18.9025
      vertex -4 24.2026 18.9025
    endloop
  endfacet
  facet normal 0 0.605044 -0.796192
    outer loop
      vertex -4 24.7621 20.3068
      vertex 5 25.072 20.5423
      vertex 5 24.7621 20.3068
    endloop
  endfacet
  facet normal 0 0.605044 -0.796192
    outer loop
      vertex 5 25.072 20.5423
      vertex -4 24.7621 20.3068
      vertex -4 25.072 20.5423
    endloop
  endfacet
  facet normal 0 -0.762313 -0.647208
    outer loop
      vertex -4 27.4898 20.0101
      vertex 5 27.2379 20.3068
      vertex -4 27.2379 20.3068
    endloop
  endfacet
  facet normal 0 -0.762313 -0.647208
    outer loop
      vertex 5 27.2379 20.3068
      vertex -4 27.4898 20.0101
      vertex 5 27.4898 20.0101
    endloop
  endfacet
  facet normal 0 -0.883431 -0.46856
    outer loop
      vertex -4 27.6722 19.6662
      vertex 5 27.4898 20.0101
      vertex -4 27.4898 20.0101
    endloop
  endfacet
  facet normal 0 -0.883431 -0.46856
    outer loop
      vertex 5 27.4898 20.0101
      vertex -4 27.6722 19.6662
      vertex 5 27.6722 19.6662
    endloop
  endfacet
  facet normal -0 0.687709 0.725986
    outer loop
      vertex -4 24.9107 17.567
      vertex 5 24.6281 17.8347
      vertex 5 24.9107 17.567
    endloop
  endfacet
  facet normal 0 0.687709 0.725986
    outer loop
      vertex 5 24.6281 17.8347
      vertex -4 24.9107 17.567
      vertex -4 24.6281 17.8347
    endloop
  endfacet
  facet normal -0 0.51544 0.856926
    outer loop
      vertex -4 25.2442 17.3664
      vertex 5 24.9107 17.567
      vertex 5 25.2442 17.3664
    endloop
  endfacet
  facet normal 0 0.51544 0.856926
    outer loop
      vertex 5 24.9107 17.567
      vertex -4 25.2442 17.3664
      vertex -4 24.9107 17.567
    endloop
  endfacet
  facet normal 0 0.214808 -0.976656
    outer loop
      vertex -4 25.4253 20.7058
      vertex 5 25.8054 20.7894
      vertex 5 25.4253 20.7058
    endloop
  endfacet
  facet normal 0 0.214808 -0.976656
    outer loop
      vertex 5 25.8054 20.7894
      vertex -4 25.4253 20.7058
      vertex -4 25.8054 20.7894
    endloop
  endfacet
  facet normal 0 -0.319309 0.947651
    outer loop
      vertex -4 26.7558 17.3664
      vertex 5 26.3869 17.2421
      vertex 5 26.7558 17.3664
    endloop
  endfacet
  facet normal 0 -0.319309 0.947651
    outer loop
      vertex 5 26.3869 17.2421
      vertex -4 26.7558 17.3664
      vertex -4 26.3869 17.2421
    endloop
  endfacet
  facet normal 0 -0.687709 0.725986
    outer loop
      vertex -4 27.3719 17.8347
      vertex 5 27.0893 17.567
      vertex 5 27.3719 17.8347
    endloop
  endfacet
  facet normal 0 -0.687709 0.725986
    outer loop
      vertex 5 27.0893 17.567
      vertex -4 27.3719 17.8347
      vertex -4 27.0893 17.567
    endloop
  endfacet
  facet normal 0 -0.928919 0.370283
    outer loop
      vertex -4 27.5903 18.1569
      vertex 5 27.7344 18.5184
      vertex -4 27.7344 18.5184
    endloop
  endfacet
  facet normal 0 -0.928919 0.370283
    outer loop
      vertex 5 27.7344 18.5184
      vertex -4 27.5903 18.1569
      vertex 5 27.5903 18.1569
    endloop
  endfacet
  facet normal 0 -0.419986 -0.90753
    outer loop
      vertex -4 26.5747 20.7058
      vertex 5 26.928 20.5423
      vertex 5 26.5747 20.7058
    endloop
  endfacet
  facet normal -0 -0.419986 -0.90753
    outer loop
      vertex 5 26.928 20.5423
      vertex -4 26.5747 20.7058
      vertex -4 26.928 20.5423
    endloop
  endfacet
  facet normal 0 -0.605044 -0.796192
    outer loop
      vertex -4 26.928 20.5423
      vertex 5 27.2379 20.3068
      vertex 5 26.928 20.5423
    endloop
  endfacet
  facet normal -0 -0.605044 -0.796192
    outer loop
      vertex 5 27.2379 20.3068
      vertex -4 26.928 20.5423
      vertex -4 27.2379 20.3068
    endloop
  endfacet
  facet normal 0 -0.214808 -0.976656
    outer loop
      vertex -4 26.1946 20.7894
      vertex 5 26.5747 20.7058
      vertex 5 26.1946 20.7894
    endloop
  endfacet
  facet normal -0 -0.214808 -0.976656
    outer loop
      vertex 5 26.5747 20.7058
      vertex -4 26.1946 20.7894
      vertex -4 26.5747 20.7058
    endloop
  endfacet
  facet normal 0 -0.963562 -0.267485
    outer loop
      vertex -4 27.7763 19.2912
      vertex 5 27.6722 19.6662
      vertex -4 27.6722 19.6662
    endloop
  endfacet
  facet normal 0 -0.963562 -0.267485
    outer loop
      vertex 5 27.6722 19.6662
      vertex -4 27.7763 19.2912
      vertex 5 27.7763 19.2912
    endloop
  endfacet
  facet normal 0 0.986814 0.161857
    outer loop
      vertex 5 24.2656 18.5184
      vertex -4 24.2026 18.9025
      vertex 5 24.2026 18.9025
    endloop
  endfacet
  facet normal 0 0.986814 0.161857
    outer loop
      vertex -4 24.2026 18.9025
      vertex 5 24.2656 18.5184
      vertex -4 24.2656 18.5184
    endloop
  endfacet
  facet normal 0 0.827757 0.561087
    outer loop
      vertex 5 24.6281 17.8347
      vertex -4 24.4097 18.1569
      vertex 5 24.4097 18.1569
    endloop
  endfacet
  facet normal 0 0.827757 0.561087
    outer loop
      vertex -4 24.4097 18.1569
      vertex 5 24.6281 17.8347
      vertex -4 24.6281 17.8347
    endloop
  endfacet
  facet normal 0 0.883431 -0.46856
    outer loop
      vertex 5 24.3278 19.6662
      vertex -4 24.5102 20.0101
      vertex 5 24.5102 20.0101
    endloop
  endfacet
  facet normal 0 0.883431 -0.46856
    outer loop
      vertex -4 24.5102 20.0101
      vertex 5 24.3278 19.6662
      vertex -4 24.3278 19.6662
    endloop
  endfacet
  facet normal 0 0.762313 -0.647208
    outer loop
      vertex 5 24.5102 20.0101
      vertex -4 24.7621 20.3068
      vertex 5 24.7621 20.3068
    endloop
  endfacet
  facet normal 0 0.762313 -0.647208
    outer loop
      vertex -4 24.7621 20.3068
      vertex 5 24.5102 20.0101
      vertex -4 24.5102 20.0101
    endloop
  endfacet
  facet normal 0 0.963562 -0.267485
    outer loop
      vertex 5 24.2237 19.2912
      vertex -4 24.3278 19.6662
      vertex 5 24.3278 19.6662
    endloop
  endfacet
  facet normal 0 0.963562 -0.267485
    outer loop
      vertex -4 24.3278 19.6662
      vertex 5 24.2237 19.2912
      vertex -4 24.2237 19.2912
    endloop
  endfacet
  facet normal -1 0 0
    outer loop
      vertex 5 27.7344 18.5184
      vertex 5 27.7763 19.2912
      vertex 5 27.7974 18.9025
    endloop
  endfacet
  facet normal -1 0 0
    outer loop
      vertex 5 27.7344 18.5184
      vertex 5 27.6722 19.6662
      vertex 5 27.7763 19.2912
    endloop
  endfacet
  facet normal -1 0 0
    outer loop
      vertex 5 27.5903 18.1569
      vertex 5 27.6722 19.6662
      vertex 5 27.7344 18.5184
    endloop
  endfacet
  facet normal -1 0 0
    outer loop
      vertex 5 27.5903 18.1569
      vertex 5 27.4898 20.0101
      vertex 5 27.6722 19.6662
    endloop
  endfacet
  facet normal -1 0 0
    outer loop
      vertex 5 27.3719 17.8347
      vertex 5 27.4898 20.0101
      vertex 5 27.5903 18.1569
    endloop
  endfacet
  facet normal -1 0 0
    outer loop
      vertex 5 27.3719 17.8347
      vertex 5 27.2379 20.3068
      vertex 5 27.4898 20.0101
    endloop
  endfacet
  facet normal -1 0 0
    outer loop
      vertex 5 27.0893 17.567
      vertex 5 27.2379 20.3068
      vertex 5 27.3719 17.8347
    endloop
  endfacet
  facet normal -1 0 0
    outer loop
      vertex 5 27.0893 17.567
      vertex 5 26.928 20.5423
      vertex 5 27.2379 20.3068
    endloop
  endfacet
  facet normal -1 0 0
    outer loop
      vertex 5 26.7558 17.3664
      vertex 5 26.928 20.5423
      vertex 5 27.0893 17.567
    endloop
  endfacet
  facet normal -1 0 0
    outer loop
      vertex 5 26.7558 17.3664
      vertex 5 26.5747 20.7058
      vertex 5 26.928 20.5423
    endloop
  endfacet
  facet normal -1 0 0
    outer loop
      vertex 5 26.3869 17.2421
      vertex 5 26.5747 20.7058
      vertex 5 26.7558 17.3664
    endloop
  endfacet
  facet normal -1 0 0
    outer loop
      vertex 5 26.3869 17.2421
      vertex 5 26.1946 20.7894
      vertex 5 26.5747 20.7058
    endloop
  endfacet
  facet normal -1 0 0
    outer loop
      vertex 5 26 17.2
      vertex 5 26.1946 20.7894
      vertex 5 26.3869 17.2421
    endloop
  endfacet
  facet normal -1 0 0
    outer loop
      vertex 5 26 17.2
      vertex 5 25.8054 20.7894
      vertex 5 26.1946 20.7894
    endloop
  endfacet
  facet normal -1 0 0
    outer loop
      vertex 5 25.6131 17.2421
      vertex 5 25.8054 20.7894
      vertex 5 26 17.2
    endloop
  endfacet
  facet normal -1 0 0
    outer loop
      vertex 5 25.6131 17.2421
      vertex 5 25.4253 20.7058
      vertex 5 25.8054 20.7894
    endloop
  endfacet
  facet normal -1 0 0
    outer loop
      vertex 5 25.2442 17.3664
      vertex 5 25.4253 20.7058
      vertex 5 25.6131 17.2421
    endloop
  endfacet
  facet normal -1 0 0
    outer loop
      vertex 5 25.2442 17.3664
      vertex 5 25.072 20.5423
      vertex 5 25.4253 20.7058
    endloop
  endfacet
  facet normal -1 0 0
    outer loop
      vertex 5 24.9107 17.567
      vertex 5 25.072 20.5423
      vertex 5 25.2442 17.3664
    endloop
  endfacet
  facet normal -1 0 0
    outer loop
      vertex 5 24.9107 17.567
      vertex 5 24.7621 20.3068
      vertex 5 25.072 20.5423
    endloop
  endfacet
  facet normal -1 0 0
    outer loop
      vertex 5 24.6281 17.8347
      vertex 5 24.7621 20.3068
      vertex 5 24.9107 17.567
    endloop
  endfacet
  facet normal -1 0 0
    outer loop
      vertex 5 24.6281 17.8347
      vertex 5 24.5102 20.0101
      vertex 5 24.7621 20.3068
    endloop
  endfacet
  facet normal -1 0 0
    outer loop
      vertex 5 24.4097 18.1569
      vertex 5 24.5102 20.0101
      vertex 5 24.6281 17.8347
    endloop
  endfacet
  facet normal -1 0 0
    outer loop
      vertex 5 24.4097 18.1569
      vertex 5 24.3278 19.6662
      vertex 5 24.5102 20.0101
    endloop
  endfacet
  facet normal -1 0 0
    outer loop
      vertex 5 24.2656 18.5184
      vertex 5 24.3278 19.6662
      vertex 5 24.4097 18.1569
    endloop
  endfacet
  facet normal -1 0 0
    outer loop
      vertex 5 24.2656 18.5184
      vertex 5 24.2237 19.2912
      vertex 5 24.3278 19.6662
    endloop
  endfacet
  facet normal -1 0 -0
    outer loop
      vertex 5 24.2237 19.2912
      vertex 5 24.2656 18.5184
      vertex 5 24.2026 18.9025
    endloop
  endfacet
  facet normal 0 0.419986 -0.90753
    outer loop
      vertex -4 25.072 20.5423
      vertex 5 25.4253 20.7058
      vertex 5 25.072 20.5423
    endloop
  endfacet
  facet normal 0 0.419986 -0.90753
    outer loop
      vertex 5 25.4253 20.7058
      vertex -4 25.072 20.5423
      vertex -4 25.4253 20.7058
    endloop
  endfacet
  facet normal 0 -0.51544 0.856926
    outer loop
      vertex -4 27.0893 17.567
      vertex 5 26.7558 17.3664
      vertex 5 27.0893 17.567
    endloop
  endfacet
  facet normal 0 -0.51544 0.856926
    outer loop
      vertex 5 26.7558 17.3664
      vertex -4 27.0893 17.567
      vertex -4 26.7558 17.3664
    endloop
  endfacet
  facet normal 0 -0.827757 0.561087
    outer loop
      vertex -4 27.3719 17.8347
      vertex 5 27.5903 18.1569
      vertex -4 27.5903 18.1569
    endloop
  endfacet
  facet normal 0 -0.827757 0.561087
    outer loop
      vertex 5 27.5903 18.1569
      vertex -4 27.3719 17.8347
      vertex 5 27.3719 17.8347
    endloop
  endfacet
  facet normal 0 -0.986814 0.161857
    outer loop
      vertex -4 27.7344 18.5184
      vertex 5 27.7974 18.9025
      vertex -4 27.7974 18.9025
    endloop
  endfacet
  facet normal 0 -0.986814 0.161857
    outer loop
      vertex 5 27.7974 18.9025
      vertex -4 27.7344 18.5184
      vertex 5 27.7344 18.5184
    endloop
  endfacet
  facet normal 0 0.928919 0.370283
    outer loop
      vertex 5 24.4097 18.1569
      vertex -4 24.2656 18.5184
      vertex 5 24.2656 18.5184
    endloop
  endfacet
  facet normal 0 0.928919 0.370283
    outer loop
      vertex -4 24.2656 18.5184
      vertex 5 24.4097 18.1569
      vertex -4 24.4097 18.1569
    endloop
  endfacet
  facet normal -0 0.319309 0.947651
    outer loop
      vertex -4 25.6131 17.2421
      vertex 5 25.2442 17.3664
      vertex 5 25.6131 17.2421
    endloop
  endfacet
  facet normal 0 0.319309 0.947651
    outer loop
      vertex 5 25.2442 17.3664
      vertex -4 25.6131 17.2421
      vertex -4 25.2442 17.3664
    endloop
  endfacet
  facet normal -0 0.108175 0.994132
    outer loop
      vertex -4 26 17.2
      vertex 5 25.6131 17.2421
      vertex 5 26 17.2
    endloop
  endfacet
  facet normal 0 0.108175 0.994132
    outer loop
      vertex 5 25.6131 17.2421
      vertex -4 26 17.2
      vertex -4 25.6131 17.2421
    endloop
  endfacet
  facet normal 0 0 -1
    outer loop
      vertex -30 -36 0
      vertex -25 -46 0
      vertex -30 -46 0
    endloop
  endfacet
  facet normal 0 0 -1
    outer loop
      vertex -1 -12 0
      vertex 5 0 0
      vertex 5 -46 0
    endloop
  endfacet
  facet normal -0 0 -1
    outer loop
      vertex 5 0 0
      vertex -1 -12 0
      vertex 4 0 0
    endloop
  endfacet
  facet normal 0 0 -1
    outer loop
      vertex -1 -12 0
      vertex 5 -46 0
      vertex -1 -46 0
    endloop
  endfacet
  facet normal 0 0 -1
    outer loop
      vertex 64.5761 39 0
      vertex 73 46 0
      vertex 73 39 0
    endloop
  endfacet
  facet normal 0 0 -1
    outer loop
      vertex 60.8197 40.4888 0
      vertex 64.2119 38.3692 0
      vertex 63.6498 37.5359 0
    endloop
  endfacet
  facet normal 0 0 -1
    outer loop
      vertex 60.4138 39.887 0
      vertex 63.6498 37.5359 0
      vertex 63.031 36.7439 0
    endloop
  endfacet
  facet normal 0 0 -1
    outer loop
      vertex 62.2988 44.5526 0
      vertex 73 46 0
      vertex 64.5761 39 0
    endloop
  endfacet
  facet normal 0 -0 -1
    outer loop
      vertex 60.8197 40.4888 0
      vertex 63.6498 37.5359 0
      vertex 60.4138 39.887 0
    endloop
  endfacet
  facet normal -0 0 -1
    outer loop
      vertex 73 46 0
      vertex 62.3747 45.2745 0
      vertex 62.4 46 0
    endloop
  endfacet
  facet normal 0 0 -1
    outer loop
      vertex 59.9669 39.315 0
      vertex 63.031 36.7439 0
      vertex 62.3585 35.9969 0
    endloop
  endfacet
  facet normal 0 0 -1
    outer loop
      vertex 73 46 0
      vertex 62.2988 44.5526 0
      vertex 62.3747 45.2745 0
    endloop
  endfacet
  facet normal 0 0 -1
    outer loop
      vertex 64.5761 39 0
      vertex 62.1727 43.8377 0
      vertex 62.2988 44.5526 0
    endloop
  endfacet
  facet normal 0 0 -1
    outer loop
      vertex 64.5761 39 0
      vertex 61.9971 43.1334 0
      vertex 62.1727 43.8377 0
    endloop
  endfacet
  facet normal 0 0 -1
    outer loop
      vertex 64.5761 39 0
      vertex 61.7728 42.443 0
      vertex 61.9971 43.1334 0
    endloop
  endfacet
  facet normal 0 0 -1
    outer loop
      vertex 59.4811 38.7755 0
      vertex 62.3585 35.9969 0
      vertex 61.6355 35.2987 0
    endloop
  endfacet
  facet normal 0 0 -1
    outer loop
      vertex 64.5761 39 0
      vertex 61.5009 41.7699 0
      vertex 61.7728 42.443 0
    endloop
  endfacet
  facet normal 0 0 -1
    outer loop
      vertex 64.5761 39 0
      vertex 61.1826 41.1175 0
      vertex 61.5009 41.7699 0
    endloop
  endfacet
  facet normal 0 0 -1
    outer loop
      vertex 58.959 38.2713 0
      vertex 61.6355 35.2987 0
      vertex 60.8655 34.6526 0
    endloop
  endfacet
  facet normal 0 0 -1
    outer loop
      vertex 64.5761 39 0
      vertex 60.8197 40.4888 0
      vertex 61.1826 41.1175 0
    endloop
  endfacet
  facet normal 0 0 -1
    outer loop
      vertex 64.2119 38.3692 0
      vertex 60.8197 40.4888 0
      vertex 64.5761 39 0
    endloop
  endfacet
  facet normal 0 0 -1
    outer loop
      vertex 58.4029 37.8047 0
      vertex 60.8655 34.6526 0
      vertex 60.0524 34.0618 0
    endloop
  endfacet
  facet normal 0 0 -1
    outer loop
      vertex 63.031 36.7439 0
      vertex 59.9669 39.315 0
      vertex 60.4138 39.887 0
    endloop
  endfacet
  facet normal 0 0 -1
    outer loop
      vertex 62.3585 35.9969 0
      vertex 59.4811 38.7755 0
      vertex 59.9669 39.315 0
    endloop
  endfacet
  facet normal 0 0 -1
    outer loop
      vertex 57.8156 37.378 0
      vertex 60.0524 34.0618 0
      vertex 59.2 33.5292 0
    endloop
  endfacet
  facet normal 0 0 -1
    outer loop
      vertex 61.6355 35.2987 0
      vertex 58.959 38.2713 0
      vertex 59.4811 38.7755 0
    endloop
  endfacet
  facet normal 0 0 -1
    outer loop
      vertex 60.8655 34.6526 0
      vertex 58.4029 37.8047 0
      vertex 58.959 38.2713 0
    endloop
  endfacet
  facet normal 0 0 -1
    outer loop
      vertex 57.2 36.9933 0
      vertex 59.2 33.5292 0
      vertex 58.3125 33.0574 0
    endloop
  endfacet
  facet normal 0 0 -1
    outer loop
      vertex 60.0524 34.0618 0
      vertex 57.8156 37.378 0
      vertex 58.4029 37.8047 0
    endloop
  endfacet
  facet normal 0 0 -1
    outer loop
      vertex 56.5591 36.6525 0
      vertex 58.3125 33.0574 0
      vertex 57.3943 32.6485 0
    endloop
  endfacet
  facet normal 0 0 -1
    outer loop
      vertex 59.2 33.5292 0
      vertex 57.2 36.9933 0
      vertex 57.8156 37.378 0
    endloop
  endfacet
  facet normal 0 0 -1
    outer loop
      vertex 58.3125 33.0574 0
      vertex 56.5591 36.6525 0
      vertex 57.2 36.9933 0
    endloop
  endfacet
  facet normal 0 0 -1
    outer loop
      vertex 55.8959 36.3573 0
      vertex 57.3943 32.6485 0
      vertex 56.4498 32.3048 0
    endloop
  endfacet
  facet normal 0 0 -1
    outer loop
      vertex 57.3943 32.6485 0
      vertex 55.8959 36.3573 0
      vertex 56.5591 36.6525 0
    endloop
  endfacet
  facet normal 0 0 -1
    outer loop
      vertex 55.2138 36.109 0
      vertex 56.4498 32.3048 0
      vertex 55.4837 32.0277 0
    endloop
  endfacet
  facet normal 0 0 -1
    outer loop
      vertex 56.4498 32.3048 0
      vertex 55.2138 36.109 0
      vertex 55.8959 36.3573 0
    endloop
  endfacet
  facet normal 0 0 -1
    outer loop
      vertex 55.4837 32.0277 0
      vertex 54.516 35.9089 0
      vertex 55.2138 36.109 0
    endloop
  endfacet
  facet normal 0 0 -1
    outer loop
      vertex 54.5005 31.8188 0
      vertex 54.516 35.9089 0
      vertex 55.4837 32.0277 0
    endloop
  endfacet
  facet normal 0 0 -1
    outer loop
      vertex 54.5005 31.8188 0
      vertex 53.8059 35.758 0
      vertex 54.516 35.9089 0
    endloop
  endfacet
  facet normal 0 0 -1
    outer loop
      vertex 53.5052 31.6789 0
      vertex 53.8059 35.758 0
      vertex 54.5005 31.8188 0
    endloop
  endfacet
  facet normal 0 0 -1
    outer loop
      vertex 53.5052 31.6789 0
      vertex 53.0871 35.657 0
      vertex 53.8059 35.758 0
    endloop
  endfacet
  facet normal 0 0 -1
    outer loop
      vertex 52.5025 31.6088 0
      vertex 53.0871 35.657 0
      vertex 53.5052 31.6789 0
    endloop
  endfacet
  facet normal 0 0 -1
    outer loop
      vertex 52.5025 31.6088 0
      vertex 52.3629 35.6063 0
      vertex 53.0871 35.657 0
    endloop
  endfacet
  facet normal 0 0 -1
    outer loop
      vertex 52.5025 31.6088 0
      vertex 51.637 35.6063 0
      vertex 52.3629 35.6063 0
    endloop
  endfacet
  facet normal 0 0 -1
    outer loop
      vertex 51.4974 31.6088 0
      vertex 51.637 35.6063 0
      vertex 52.5025 31.6088 0
    endloop
  endfacet
  facet normal 0 0 -1
    outer loop
      vertex 51.4974 31.6088 0
      vertex 50.9129 35.657 0
      vertex 51.637 35.6063 0
    endloop
  endfacet
  facet normal 0 0 -1
    outer loop
      vertex 50.4948 31.6789 0
      vertex 50.9129 35.657 0
      vertex 51.4974 31.6088 0
    endloop
  endfacet
  facet normal 0 0 -1
    outer loop
      vertex 50.4948 31.6789 0
      vertex 50.194 35.758 0
      vertex 50.9129 35.657 0
    endloop
  endfacet
  facet normal 0 0 -1
    outer loop
      vertex 49.4995 31.8188 0
      vertex 50.194 35.758 0
      vertex 50.4948 31.6789 0
    endloop
  endfacet
  facet normal 0 0 -1
    outer loop
      vertex 49.4995 31.8188 0
      vertex 49.484 35.9089 0
      vertex 50.194 35.758 0
    endloop
  endfacet
  facet normal 0 0 -1
    outer loop
      vertex 48.5163 32.0277 0
      vertex 49.484 35.9089 0
      vertex 49.4995 31.8188 0
    endloop
  endfacet
  facet normal -0 0 -1
    outer loop
      vertex 49.484 35.9089 0
      vertex 48.5163 32.0277 0
      vertex 48.7862 36.109 0
    endloop
  endfacet
  facet normal 0 0 -1
    outer loop
      vertex 47.5501 32.3048 0
      vertex 48.7862 36.109 0
      vertex 48.5163 32.0277 0
    endloop
  endfacet
  facet normal -0 0 -1
    outer loop
      vertex 48.7862 36.109 0
      vertex 47.5501 32.3048 0
      vertex 48.1041 36.3573 0
    endloop
  endfacet
  facet normal 0 0 -1
    outer loop
      vertex 46.6057 32.6485 0
      vertex 48.1041 36.3573 0
      vertex 47.5501 32.3048 0
    endloop
  endfacet
  facet normal 0 0 -1
    outer loop
      vertex 45.8163 33 0
      vertex 48.1041 36.3573 0
      vertex 46.6057 32.6485 0
    endloop
  endfacet
  facet normal -0 0 -1
    outer loop
      vertex 48.1041 36.3573 0
      vertex 45.8163 33 0
      vertex 47.4409 36.6525 0
    endloop
  endfacet
  facet normal -0 0 -1
    outer loop
      vertex 47.4409 36.6525 0
      vertex 45.8163 33 0
      vertex 46.8 36.9933 0
    endloop
  endfacet
  facet normal -0 0 -1
    outer loop
      vertex 46.8 36.9933 0
      vertex 45.8163 33 0
      vertex 46.1844 37.378 0
    endloop
  endfacet
  facet normal 0 0 -1
    outer loop
      vertex 45.8163 33 0
      vertex 45.5971 37.8047 0
      vertex 46.1844 37.378 0
    endloop
  endfacet
  facet normal 0 0 -1
    outer loop
      vertex 45.8163 33 0
      vertex 45.041 38.2713 0
      vertex 45.5971 37.8047 0
    endloop
  endfacet
  facet normal 0 0 -1
    outer loop
      vertex 45.8163 33 0
      vertex 44.5189 38.7755 0
      vertex 45.041 38.2713 0
    endloop
  endfacet
  facet normal 0 0 -1
    outer loop
      vertex 45.8163 33 0
      vertex 44.0331 39.315 0
      vertex 44.5189 38.7755 0
    endloop
  endfacet
  facet normal 0 0 -1
    outer loop
      vertex 45.8163 33 0
      vertex 43.5862 39.887 0
      vertex 44.0331 39.315 0
    endloop
  endfacet
  facet normal 0 0 -1
    outer loop
      vertex 24 33 0
      vertex 43.5862 39.887 0
      vertex 45.8163 33 0
    endloop
  endfacet
  facet normal -0 0 -1
    outer loop
      vertex 43.5862 39.887 0
      vertex 24 33 0
      vertex 43.1803 40.4888 0
    endloop
  endfacet
  facet normal -0 0 -1
    outer loop
      vertex 43.1803 40.4888 0
      vertex 24 33 0
      vertex 42.8173 41.1175 0
    endloop
  endfacet
  facet normal -0 0 -1
    outer loop
      vertex 42.8173 41.1175 0
      vertex 24 33 0
      vertex 42.4991 41.7699 0
    endloop
  endfacet
  facet normal -0 0 -1
    outer loop
      vertex 42.4991 41.7699 0
      vertex 24 33 0
      vertex 42.2272 42.443 0
    endloop
  endfacet
  facet normal 0 0 -1
    outer loop
      vertex 24 33 0
      vertex 42.0029 43.1334 0
      vertex 42.2272 42.443 0
    endloop
  endfacet
  facet normal 0 0 -1
    outer loop
      vertex 24 33 0
      vertex 41.8273 43.8377 0
      vertex 42.0029 43.1334 0
    endloop
  endfacet
  facet normal 0 0 -1
    outer loop
      vertex 24 33 0
      vertex 41.7012 44.5526 0
      vertex 41.8273 43.8377 0
    endloop
  endfacet
  facet normal 0 0 -1
    outer loop
      vertex 24 33 0
      vertex 41.6253 45.2745 0
      vertex 41.7012 44.5526 0
    endloop
  endfacet
  facet normal 0 0 -1
    outer loop
      vertex 24 33 0
      vertex 41.6 46 0
      vertex 41.6253 45.2745 0
    endloop
  endfacet
  facet normal 0 0 -1
    outer loop
      vertex -22 0 0
      vertex 4 0 0
      vertex -1 -12 0
    endloop
  endfacet
  facet normal 0 -0 -1
    outer loop
      vertex -4 18 0
      vertex 4 0 0
      vertex -22 0 0
    endloop
  endfacet
  facet normal 0 0 -1
    outer loop
      vertex -4 18 0
      vertex 24 33 0
      vertex 4 12 0
    endloop
  endfacet
  facet normal 0 0 -1
    outer loop
      vertex -4 46 0
      vertex 24 33 0
      vertex -4 18 0
    endloop
  endfacet
  facet normal 0 0 -1
    outer loop
      vertex 24 33 0
      vertex -4 46 0
      vertex 41.6 46 0
    endloop
  endfacet
  facet normal 0 0 -1
    outer loop
      vertex 4 0 0
      vertex -4 18 0
      vertex 4 12 0
    endloop
  endfacet
  facet normal 0 0 -1
    outer loop
      vertex -25 -12 0
      vertex -22 0 0
      vertex -1 -12 0
    endloop
  endfacet
  facet normal 0 0 -1
    outer loop
      vertex -25 -46 0
      vertex -30 -36 0
      vertex -25 -12 0
    endloop
  endfacet
  facet normal 0 0 -1
    outer loop
      vertex -30 -21 0
      vertex -25 -12 0
      vertex -30 -36 0
    endloop
  endfacet
  facet normal 0 0 -1
    outer loop
      vertex -30 0 0
      vertex -25 -12 0
      vertex -30 -21 0
    endloop
  endfacet
  facet normal 0 0 -1
    outer loop
      vertex -25 -12 0
      vertex -30 0 0
      vertex -22 0 0
    endloop
  endfacet
  facet normal 0 0 -1
    outer loop
      vertex -36 -36 0
      vertex -30 -21 0
      vertex -30 -36 0
    endloop
  endfacet
  facet normal -0 0 -1
    outer loop
      vertex -30 -21 0
      vertex -36 -36 0
      vertex -36 -21 0
    endloop
  endfacet
  facet normal -0 0 1
    outer loop
      vertex -36 -21 38
      vertex -30 -36 38
      vertex -30 -21 38
    endloop
  endfacet
  facet normal 0 0 1
    outer loop
      vertex -30 -36 38
      vertex -36 -21 38
      vertex -36 -36 38
    endloop
  endfacet
  facet normal 0 0 1
    outer loop
      vertex 73 46 38
      vertex 64.5761 39 38
      vertex 73 39 38
    endloop
  endfacet
  facet normal 0 0 1
    outer loop
      vertex 60.8197 40.4888 38
      vertex 64.2119 38.3692 38
      vertex 64.5761 39 38
    endloop
  endfacet
  facet normal 0 0 1
    outer loop
      vertex 64.2119 38.3692 38
      vertex 60.8197 40.4888 38
      vertex 63.6498 37.5359 38
    endloop
  endfacet
  facet normal 0 0 1
    outer loop
      vertex 62.3747 45.2745 38
      vertex 73 46 38
      vertex 62.4 46 38
    endloop
  endfacet
  facet normal 0 0 1
    outer loop
      vertex 62.2988 44.5526 38
      vertex 73 46 38
      vertex 62.3747 45.2745 38
    endloop
  endfacet
  facet normal 0 0 1
    outer loop
      vertex 73 46 38
      vertex 62.2988 44.5526 38
      vertex 64.5761 39 38
    endloop
  endfacet
  facet normal -0 0 1
    outer loop
      vertex 62.1727 43.8377 38
      vertex 64.5761 39 38
      vertex 62.2988 44.5526 38
    endloop
  endfacet
  facet normal -0 0 1
    outer loop
      vertex 61.9971 43.1334 38
      vertex 64.5761 39 38
      vertex 62.1727 43.8377 38
    endloop
  endfacet
  facet normal -0 0 1
    outer loop
      vertex 61.7728 42.443 38
      vertex 64.5761 39 38
      vertex 61.9971 43.1334 38
    endloop
  endfacet
  facet normal -0 0 1
    outer loop
      vertex 61.5009 41.7699 38
      vertex 64.5761 39 38
      vertex 61.7728 42.443 38
    endloop
  endfacet
  facet normal -0 0 1
    outer loop
      vertex 61.1826 41.1175 38
      vertex 64.5761 39 38
      vertex 61.5009 41.7699 38
    endloop
  endfacet
  facet normal -0 0 1
    outer loop
      vertex 60.8197 40.4888 38
      vertex 64.5761 39 38
      vertex 61.1826 41.1175 38
    endloop
  endfacet
  facet normal 0 0 1
    outer loop
      vertex 63.6498 37.5359 38
      vertex 60.8197 40.4888 38
      vertex 60.4138 39.887 38
    endloop
  endfacet
  facet normal 0 0 1
    outer loop
      vertex 63.6498 37.5359 38
      vertex 60.4138 39.887 38
      vertex 63.031 36.7439 38
    endloop
  endfacet
  facet normal -0 0 1
    outer loop
      vertex 59.9669 39.315 38
      vertex 63.031 36.7439 38
      vertex 60.4138 39.887 38
    endloop
  endfacet
  facet normal 0 0 1
    outer loop
      vertex 63.031 36.7439 38
      vertex 59.9669 39.315 38
      vertex 62.3585 35.9969 38
    endloop
  endfacet
  facet normal -0 0 1
    outer loop
      vertex 59.4811 38.7755 38
      vertex 62.3585 35.9969 38
      vertex 59.9669 39.315 38
    endloop
  endfacet
  facet normal 0 0 1
    outer loop
      vertex 62.3585 35.9969 38
      vertex 59.4811 38.7755 38
      vertex 61.6355 35.2987 38
    endloop
  endfacet
  facet normal -0 0 1
    outer loop
      vertex 58.959 38.2713 38
      vertex 61.6355 35.2987 38
      vertex 59.4811 38.7755 38
    endloop
  endfacet
  facet normal 0 0 1
    outer loop
      vertex 61.6355 35.2987 38
      vertex 58.959 38.2713 38
      vertex 60.8655 34.6526 38
    endloop
  endfacet
  facet normal -0 0 1
    outer loop
      vertex 58.4029 37.8047 38
      vertex 60.8655 34.6526 38
      vertex 58.959 38.2713 38
    endloop
  endfacet
  facet normal 0 0 1
    outer loop
      vertex 60.8655 34.6526 38
      vertex 58.4029 37.8047 38
      vertex 60.0524 34.0618 38
    endloop
  endfacet
  facet normal -0 0 1
    outer loop
      vertex 57.8156 37.378 38
      vertex 60.0524 34.0618 38
      vertex 58.4029 37.8047 38
    endloop
  endfacet
  facet normal 0 0 1
    outer loop
      vertex 60.0524 34.0618 38
      vertex 57.8156 37.378 38
      vertex 59.2 33.5292 38
    endloop
  endfacet
  facet normal -0 0 1
    outer loop
      vertex 57.2 36.9933 38
      vertex 59.2 33.5292 38
      vertex 57.8156 37.378 38
    endloop
  endfacet
  facet normal 0 0 1
    outer loop
      vertex 59.2 33.5292 38
      vertex 57.2 36.9933 38
      vertex 58.3125 33.0574 38
    endloop
  endfacet
  facet normal -0 0 1
    outer loop
      vertex 56.5591 36.6525 38
      vertex 58.3125 33.0574 38
      vertex 57.2 36.9933 38
    endloop
  endfacet
  facet normal 0 0 1
    outer loop
      vertex 58.3125 33.0574 38
      vertex 56.5591 36.6525 38
      vertex 57.3943 32.6485 38
    endloop
  endfacet
  facet normal -0 0 1
    outer loop
      vertex 55.8959 36.3573 38
      vertex 57.3943 32.6485 38
      vertex 56.5591 36.6525 38
    endloop
  endfacet
  facet normal 0 0 1
    outer loop
      vertex 57.3943 32.6485 38
      vertex 55.8959 36.3573 38
      vertex 56.4498 32.3048 38
    endloop
  endfacet
  facet normal -0 0 1
    outer loop
      vertex 55.2138 36.109 38
      vertex 56.4498 32.3048 38
      vertex 55.8959 36.3573 38
    endloop
  endfacet
  facet normal 0 0 1
    outer loop
      vertex 56.4498 32.3048 38
      vertex 55.2138 36.109 38
      vertex 55.4837 32.0277 38
    endloop
  endfacet
  facet normal -0 0 1
    outer loop
      vertex 54.516 35.9089 38
      vertex 55.4837 32.0277 38
      vertex 55.2138 36.109 38
    endloop
  endfacet
  facet normal 0 0 1
    outer loop
      vertex 54.516 35.9089 38
      vertex 54.5005 31.8188 38
      vertex 55.4837 32.0277 38
    endloop
  endfacet
  facet normal -0 0 1
    outer loop
      vertex 53.8059 35.758 38
      vertex 54.5005 31.8188 38
      vertex 54.516 35.9089 38
    endloop
  endfacet
  facet normal 0 0 1
    outer loop
      vertex 53.8059 35.758 38
      vertex 53.5052 31.6789 38
      vertex 54.5005 31.8188 38
    endloop
  endfacet
  facet normal -0 0 1
    outer loop
      vertex 53.0871 35.657 38
      vertex 53.5052 31.6789 38
      vertex 53.8059 35.758 38
    endloop
  endfacet
  facet normal 0 0 1
    outer loop
      vertex 53.0871 35.657 38
      vertex 52.5025 31.6088 38
      vertex 53.5052 31.6789 38
    endloop
  endfacet
  facet normal -0 0 1
    outer loop
      vertex 52.3629 35.6063 38
      vertex 52.5025 31.6088 38
      vertex 53.0871 35.657 38
    endloop
  endfacet
  facet normal -0 0 1
    outer loop
      vertex 51.637 35.6063 38
      vertex 52.5025 31.6088 38
      vertex 52.3629 35.6063 38
    endloop
  endfacet
  facet normal 0 0 1
    outer loop
      vertex 51.637 35.6063 38
      vertex 51.4974 31.6088 38
      vertex 52.5025 31.6088 38
    endloop
  endfacet
  facet normal 0 0 1
    outer loop
      vertex 50.9129 35.657 38
      vertex 51.4974 31.6088 38
      vertex 51.637 35.6063 38
    endloop
  endfacet
  facet normal 0 0 1
    outer loop
      vertex 50.9129 35.657 38
      vertex 50.4948 31.6789 38
      vertex 51.4974 31.6088 38
    endloop
  endfacet
  facet normal 0 0 1
    outer loop
      vertex 50.194 35.758 38
      vertex 50.4948 31.6789 38
      vertex 50.9129 35.657 38
    endloop
  endfacet
  facet normal 0 0 1
    outer loop
      vertex 50.194 35.758 38
      vertex 49.4995 31.8188 38
      vertex 50.4948 31.6789 38
    endloop
  endfacet
  facet normal 0 0 1
    outer loop
      vertex 49.484 35.9089 38
      vertex 49.4995 31.8188 38
      vertex 50.194 35.758 38
    endloop
  endfacet
  facet normal 0 0 1
    outer loop
      vertex 48.5163 32.0277 38
      vertex 49.484 35.9089 38
      vertex 48.7862 36.109 38
    endloop
  endfacet
  facet normal 0 0 1
    outer loop
      vertex 49.484 35.9089 38
      vertex 48.5163 32.0277 38
      vertex 49.4995 31.8188 38
    endloop
  endfacet
  facet normal 0 0 1
    outer loop
      vertex 47.5501 32.3048 38
      vertex 48.7862 36.109 38
      vertex 48.1041 36.3573 38
    endloop
  endfacet
  facet normal 0 0 1
    outer loop
      vertex 48.7862 36.109 38
      vertex 47.5501 32.3048 38
      vertex 48.5163 32.0277 38
    endloop
  endfacet
  facet normal 0 0 1
    outer loop
      vertex 45.8163 33 38
      vertex 48.1041 36.3573 38
      vertex 47.4409 36.6525 38
    endloop
  endfacet
  facet normal 0 0 1
    outer loop
      vertex 45.8163 33 38
      vertex 47.4409 36.6525 38
      vertex 46.8 36.9933 38
    endloop
  endfacet
  facet normal 0 0 1
    outer loop
      vertex 48.1041 36.3573 38
      vertex 46.6057 32.6485 38
      vertex 47.5501 32.3048 38
    endloop
  endfacet
  facet normal 0 0 1
    outer loop
      vertex 45.8163 33 38
      vertex 46.8 36.9933 38
      vertex 46.1844 37.378 38
    endloop
  endfacet
  facet normal 0 0 1
    outer loop
      vertex 48.1041 36.3573 38
      vertex 45.8163 33 38
      vertex 46.6057 32.6485 38
    endloop
  endfacet
  facet normal 0 0 1
    outer loop
      vertex 45.5971 37.8047 38
      vertex 45.8163 33 38
      vertex 46.1844 37.378 38
    endloop
  endfacet
  facet normal 0 0 1
    outer loop
      vertex 45.041 38.2713 38
      vertex 45.8163 33 38
      vertex 45.5971 37.8047 38
    endloop
  endfacet
  facet normal 0 0 1
    outer loop
      vertex 44.5189 38.7755 38
      vertex 45.8163 33 38
      vertex 45.041 38.2713 38
    endloop
  endfacet
  facet normal 0 0 1
    outer loop
      vertex 44.0331 39.315 38
      vertex 45.8163 33 38
      vertex 44.5189 38.7755 38
    endloop
  endfacet
  facet normal 0 0 1
    outer loop
      vertex 43.5862 39.887 38
      vertex 45.8163 33 38
      vertex 44.0331 39.315 38
    endloop
  endfacet
  facet normal 0 0 1
    outer loop
      vertex 24 33 38
      vertex 43.5862 39.887 38
      vertex 43.1803 40.4888 38
    endloop
  endfacet
  facet normal 0 0 1
    outer loop
      vertex 24 33 38
      vertex 43.1803 40.4888 38
      vertex 42.8173 41.1175 38
    endloop
  endfacet
  facet normal 0 0 1
    outer loop
      vertex 24 33 38
      vertex 42.8173 41.1175 38
      vertex 42.4991 41.7699 38
    endloop
  endfacet
  facet normal 0 0 1
    outer loop
      vertex 24 33 38
      vertex 42.4991 41.7699 38
      vertex 42.2272 42.443 38
    endloop
  endfacet
  facet normal 0 0 1
    outer loop
      vertex 43.5862 39.887 38
      vertex 24 33 38
      vertex 45.8163 33 38
    endloop
  endfacet
  facet normal 0 0 1
    outer loop
      vertex 42.0029 43.1334 38
      vertex 24 33 38
      vertex 42.2272 42.443 38
    endloop
  endfacet
  facet normal 0 0 1
    outer loop
      vertex 41.8273 43.8377 38
      vertex 24 33 38
      vertex 42.0029 43.1334 38
    endloop
  endfacet
  facet normal 0 0 1
    outer loop
      vertex 41.7012 44.5526 38
      vertex 24 33 38
      vertex 41.8273 43.8377 38
    endloop
  endfacet
  facet normal 0 0 1
    outer loop
      vertex 41.6253 45.2745 38
      vertex 24 33 38
      vertex 41.7012 44.5526 38
    endloop
  endfacet
  facet normal 0 0 1
    outer loop
      vertex 41.6 46 38
      vertex 24 33 38
      vertex 41.6253 45.2745 38
    endloop
  endfacet
  facet normal 0 0 1
    outer loop
      vertex -4 18 38
      vertex 4 0 38
      vertex 4 12 38
    endloop
  endfacet
  facet normal -0 0 1
    outer loop
      vertex -4 46 38
      vertex 24 33 38
      vertex 41.6 46 38
    endloop
  endfacet
  facet normal 0 0 1
    outer loop
      vertex -4 18 38
      vertex 24 33 38
      vertex -4 46 38
    endloop
  endfacet
  facet normal 0 0 1
    outer loop
      vertex 24 33 38
      vertex -4 18 38
      vertex 4 12 38
    endloop
  endfacet
  facet normal 0 0 1
    outer loop
      vertex 4 0 38
      vertex -4 18 38
      vertex -22 0 38
    endloop
  endfacet
  facet normal 0 0 1
    outer loop
      vertex 4 0 38
      vertex -22 0 38
      vertex -1 -12 38
    endloop
  endfacet
  facet normal 0 0 1
    outer loop
      vertex -22 0 38
      vertex -25 -12 38
      vertex -1 -12 38
    endloop
  endfacet
  facet normal -0 0 1
    outer loop
      vertex -30 0 38
      vertex -25 -12 38
      vertex -22 0 38
    endloop
  endfacet
  facet normal 0 0 1
    outer loop
      vertex -30 -21 38
      vertex -25 -12 38
      vertex -30 0 38
    endloop
  endfacet
  facet normal 0 0 1
    outer loop
      vertex -30 -36 38
      vertex -25 -12 38
      vertex -30 -21 38
    endloop
  endfacet
  facet normal 0 0 1
    outer loop
      vertex -25 -12 38
      vertex -30 -36 38
      vertex -25 -46 38
    endloop
  endfacet
  facet normal 0 0 1
    outer loop
      vertex -25 -46 38
      vertex -30 -36 38
      vertex -30 -46 38
    endloop
  endfacet
  facet normal 0 0 1
    outer loop
      vertex -1 -12 38
      vertex 5 0 38
      vertex 4 0 38
    endloop
  endfacet
  facet normal 0 0 1
    outer loop
      vertex 5 0 38
      vertex -1 -12 38
      vertex 5 -46 38
    endloop
  endfacet
  facet normal 0 0 1
    outer loop
      vertex 5 -46 38
      vertex -1 -12 38
      vertex -1 -46 38
    endloop
  endfacet
  facet normal -0.707107 0.707107 0
    outer loop
      vertex -22 0 0
      vertex -4 18 38
      vertex -4 18 0
    endloop
  endfacet
  facet normal -0.707107 0.707107 0
    outer loop
      vertex -4 18 38
      vertex -22 0 0
      vertex -22 0 38
    endloop
  endfacet
  facet normal 0 1 -0
    outer loop
      vertex -22 0 0
      vertex -30 0 38
      vertex -22 0 38
    endloop
  endfacet
  facet normal 0 1 0
    outer loop
      vertex -30 0 38
      vertex -22 0 0
      vertex -30 0 0
    endloop
  endfacet
  facet normal -1 0 0
    outer loop
      vertex -30 -21 0
      vertex -30 0 38
      vertex -30 0 0
    endloop
  endfacet
  facet normal -1 -0 0
    outer loop
      vertex -30 0 38
      vertex -30 -21 0
      vertex -30 -21 38
    endloop
  endfacet
  facet normal 0 1 -0
    outer loop
      vertex -30 -21 0
      vertex -36 -21 38
      vertex -30 -21 38
    endloop
  endfacet
  facet normal 0 1 0
    outer loop
      vertex -36 -21 38
      vertex -30 -21 0
      vertex -36 -21 0
    endloop
  endfacet
  facet normal -1 0 0
    outer loop
      vertex -36 -21 0
      vertex -36 -23.641 19
      vertex -36 -21 38
    endloop
  endfacet
  facet normal -1 0 0
    outer loop
      vertex -36 -21 0
      vertex -36 -25.8205 15.225
      vertex -36 -23.641 19
    endloop
  endfacet
  facet normal -1 0 0
    outer loop
      vertex -36 -21 0
      vertex -36 -30.1795 15.225
      vertex -36 -25.8205 15.225
    endloop
  endfacet
  facet normal -1 -0 0
    outer loop
      vertex -36 -30.1795 15.225
      vertex -36 -36 0
      vertex -36 -32.359 19
    endloop
  endfacet
  facet normal -1 0 0
    outer loop
      vertex -36 -36 0
      vertex -36 -30.1795 15.225
      vertex -36 -21 0
    endloop
  endfacet
  facet normal -1 0 0
    outer loop
      vertex -36 -25.8205 22.775
      vertex -36 -21 38
      vertex -36 -23.641 19
    endloop
  endfacet
  facet normal -1 0 0
    outer loop
      vertex -36 -30.1795 22.775
      vertex -36 -21 38
      vertex -36 -25.8205 22.775
    endloop
  endfacet
  facet normal -1 0 0
    outer loop
      vertex -36 -30.1795 22.775
      vertex -36 -36 38
      vertex -36 -21 38
    endloop
  endfacet
  facet normal -1 0 0
    outer loop
      vertex -36 -32.359 19
      vertex -36 -36 38
      vertex -36 -30.1795 22.775
    endloop
  endfacet
  facet normal -1 0 0
    outer loop
      vertex -36 -36 38
      vertex -36 -32.359 19
      vertex -36 -36 0
    endloop
  endfacet
  facet normal 0 -1 0
    outer loop
      vertex -36 -36 0
      vertex -30 -36 38
      vertex -36 -36 38
    endloop
  endfacet
  facet normal 0 -1 -0
    outer loop
      vertex -30 -36 38
      vertex -36 -36 0
      vertex -30 -36 0
    endloop
  endfacet
  facet normal -1 0 0
    outer loop
      vertex -30 -46 0
      vertex -30 -36 38
      vertex -30 -36 0
    endloop
  endfacet
  facet normal -1 -0 0
    outer loop
      vertex -30 -36 38
      vertex -30 -46 0
      vertex -30 -46 38
    endloop
  endfacet
  facet normal 0 -1 0
    outer loop
      vertex -30 -46 0
      vertex -25 -46 38
      vertex -30 -46 38
    endloop
  endfacet
  facet normal 0 -1 -0
    outer loop
      vertex -25 -46 38
      vertex -30 -46 0
      vertex -25 -46 0
    endloop
  endfacet
  facet normal 1 0 0
    outer loop
      vertex -25 -12 38
      vertex -25 -25.8022 19.0987
      vertex -25 -12 0
    endloop
  endfacet
  facet normal 1 0 0
    outer loop
      vertex -25 -12 38
      vertex -25 -25.8552 19.4895
      vertex -25 -25.8022 19.0987
    endloop
  endfacet
  facet normal 1 0 0
    outer loop
      vertex -25 -12 38
      vertex -25 -25.977 19.8647
      vertex -25 -25.8552 19.4895
    endloop
  endfacet
  facet normal 1 0 0
    outer loop
      vertex -25 -12 38
      vertex -25 -26.1639 20.212
      vertex -25 -25.977 19.8647
    endloop
  endfacet
  facet normal 1 0 0
    outer loop
      vertex -25 -12 38
      vertex -25 -26.4099 20.5203
      vertex -25 -26.1639 20.212
    endloop
  endfacet
  facet normal 1 0 0
    outer loop
      vertex -25 -12 38
      vertex -25 -26.7069 20.7798
      vertex -25 -26.4099 20.5203
    endloop
  endfacet
  facet normal 1 0 0
    outer loop
      vertex -25 -12 38
      vertex -25 -27.0455 20.9821
      vertex -25 -26.7069 20.7798
    endloop
  endfacet
  facet normal 1 0 0
    outer loop
      vertex -25 -12 38
      vertex -25 -27.4147 21.1207
      vertex -25 -27.0455 20.9821
    endloop
  endfacet
  facet normal 1 0 0
    outer loop
      vertex -25 -12 38
      vertex -25 -27.8028 21.1911
      vertex -25 -27.4147 21.1207
    endloop
  endfacet
  facet normal 1 0 0
    outer loop
      vertex -25 -12 38
      vertex -25 -28.1972 21.1911
      vertex -25 -27.8028 21.1911
    endloop
  endfacet
  facet normal 1 -0 0
    outer loop
      vertex -25 -46 38
      vertex -25 -28.1972 21.1911
      vertex -25 -12 38
    endloop
  endfacet
  facet normal 1 0 0
    outer loop
      vertex -25 -28.1972 21.1911
      vertex -25 -46 38
      vertex -25 -28.5853 21.1207
    endloop
  endfacet
  facet normal 1 0 0
    outer loop
      vertex -25 -28.5853 21.1207
      vertex -25 -46 38
      vertex -25 -28.9545 20.9821
    endloop
  endfacet
  facet normal 1 0 0
    outer loop
      vertex -25 -28.9545 20.9821
      vertex -25 -46 38
      vertex -25 -29.2931 20.7798
    endloop
  endfacet
  facet normal 1 0 0
    outer loop
      vertex -25 -30.1448 19.4895
      vertex -25 -46 38
      vertex -25 -30.1978 19.0987
    endloop
  endfacet
  facet normal 1 0 0
    outer loop
      vertex -25 -30.023 19.8647
      vertex -25 -46 38
      vertex -25 -30.1448 19.4895
    endloop
  endfacet
  facet normal 1 0 0
    outer loop
      vertex -25 -29.8361 20.212
      vertex -25 -46 38
      vertex -25 -30.023 19.8647
    endloop
  endfacet
  facet normal 1 0 0
    outer loop
      vertex -25 -29.5901 20.5203
      vertex -25 -46 38
      vertex -25 -29.8361 20.212
    endloop
  endfacet
  facet normal 1 0 0
    outer loop
      vertex -25 -29.2931 20.7798
      vertex -25 -46 38
      vertex -25 -29.5901 20.5203
    endloop
  endfacet
  facet normal 1 -0 0
    outer loop
      vertex -25 -25.8199 18.7047
      vertex -25 -12 0
      vertex -25 -25.8022 19.0987
    endloop
  endfacet
  facet normal 1 -0 0
    outer loop
      vertex -25 -25.9077 18.3202
      vertex -25 -12 0
      vertex -25 -25.8199 18.7047
    endloop
  endfacet
  facet normal 1 -0 0
    outer loop
      vertex -25 -26.0627 17.9575
      vertex -25 -12 0
      vertex -25 -25.9077 18.3202
    endloop
  endfacet
  facet normal 1 -0 0
    outer loop
      vertex -25 -26.28 17.6283
      vertex -25 -12 0
      vertex -25 -26.0627 17.9575
    endloop
  endfacet
  facet normal 1 -0 0
    outer loop
      vertex -25 -26.5525 17.3432
      vertex -25 -12 0
      vertex -25 -26.28 17.6283
    endloop
  endfacet
  facet normal 1 -0 0
    outer loop
      vertex -25 -26.8716 17.1114
      vertex -25 -12 0
      vertex -25 -26.5525 17.3432
    endloop
  endfacet
  facet normal 1 -0 0
    outer loop
      vertex -25 -27.227 16.9403
      vertex -25 -12 0
      vertex -25 -26.8716 17.1114
    endloop
  endfacet
  facet normal 1 -0 0
    outer loop
      vertex -25 -27.6072 16.8354
      vertex -25 -12 0
      vertex -25 -27.227 16.9403
    endloop
  endfacet
  facet normal 1 -0 0
    outer loop
      vertex -25 -28 16.8
      vertex -25 -12 0
      vertex -25 -27.6072 16.8354
    endloop
  endfacet
  facet normal 1 0 0
    outer loop
      vertex -25 -46 0
      vertex -25 -28 16.8
      vertex -25 -28.3928 16.8354
    endloop
  endfacet
  facet normal 1 0 0
    outer loop
      vertex -25 -46 0
      vertex -25 -28.3928 16.8354
      vertex -25 -28.773 16.9403
    endloop
  endfacet
  facet normal 1 0 0
    outer loop
      vertex -25 -46 0
      vertex -25 -28.773 16.9403
      vertex -25 -29.1284 17.1114
    endloop
  endfacet
  facet normal 1 0 0
    outer loop
      vertex -25 -46 0
      vertex -25 -29.1284 17.1114
      vertex -25 -29.4475 17.3432
    endloop
  endfacet
  facet normal 1 0 0
    outer loop
      vertex -25 -46 0
      vertex -25 -30.1978 19.0987
      vertex -25 -46 38
    endloop
  endfacet
  facet normal 1 0 0
    outer loop
      vertex -25 -30.1978 19.0987
      vertex -25 -46 0
      vertex -25 -30.1801 18.7047
    endloop
  endfacet
  facet normal 1 0 0
    outer loop
      vertex -25 -30.1801 18.7047
      vertex -25 -46 0
      vertex -25 -30.0923 18.3202
    endloop
  endfacet
  facet normal 1 0 0
    outer loop
      vertex -25 -30.0923 18.3202
      vertex -25 -46 0
      vertex -25 -29.9373 17.9575
    endloop
  endfacet
  facet normal 1 0 0
    outer loop
      vertex -25 -28 16.8
      vertex -25 -46 0
      vertex -25 -12 0
    endloop
  endfacet
  facet normal 1 0 0
    outer loop
      vertex -25 -29.72 17.6283
      vertex -25 -46 0
      vertex -25 -29.4475 17.3432
    endloop
  endfacet
  facet normal 1 0 0
    outer loop
      vertex -25 -29.9373 17.9575
      vertex -25 -46 0
      vertex -25 -29.72 17.6283
    endloop
  endfacet
  facet normal 0 -1 0
    outer loop
      vertex -25 -12 0
      vertex -1 -12 38
      vertex -25 -12 38
    endloop
  endfacet
  facet normal 0 -1 -0
    outer loop
      vertex -1 -12 38
      vertex -25 -12 0
      vertex -1 -12 0
    endloop
  endfacet
  facet normal -1 0 0
    outer loop
      vertex -1 -46 0
      vertex -1 -12 38
      vertex -1 -12 0
    endloop
  endfacet
  facet normal -1 -0 0
    outer loop
      vertex -1 -12 38
      vertex -1 -46 0
      vertex -1 -46 38
    endloop
  endfacet
  facet normal 0 -1 0
    outer loop
      vertex -1 -46 0
      vertex 5 -46 38
      vertex -1 -46 38
    endloop
  endfacet
  facet normal 0 -1 -0
    outer loop
      vertex 5 -46 38
      vertex -1 -46 0
      vertex 5 -46 0
    endloop
  endfacet
  facet normal 1 -0 0
    outer loop
      vertex 5 -46 38
      vertex 5 0 0
      vertex 5 0 38
    endloop
  endfacet
  facet normal 1 0 0
    outer loop
      vertex 5 0 0
      vertex 5 -46 38
      vertex 5 -46 0
    endloop
  endfacet
  facet normal 0 1 -0
    outer loop
      vertex 5 0 0
      vertex 4 0 38
      vertex 5 0 38
    endloop
  endfacet
  facet normal 0 1 0
    outer loop
      vertex 4 0 38
      vertex 5 0 0
      vertex 4 0 0
    endloop
  endfacet
  facet normal 1 0 0
    outer loop
      vertex 4 12 38
      vertex 4 11.7974 18.9025
      vertex 4 12 0
    endloop
  endfacet
  facet normal 1 0 0
    outer loop
      vertex 4 12 38
      vertex 4 11.7763 19.2912
      vertex 4 11.7974 18.9025
    endloop
  endfacet
  facet normal 1 0 0
    outer loop
      vertex 4 12 38
      vertex 4 11.6722 19.6662
      vertex 4 11.7763 19.2912
    endloop
  endfacet
  facet normal 1 0 0
    outer loop
      vertex 4 12 38
      vertex 4 11.4898 20.0101
      vertex 4 11.6722 19.6662
    endloop
  endfacet
  facet normal 1 0 0
    outer loop
      vertex 4 12 38
      vertex 4 11.2379 20.3068
      vertex 4 11.4898 20.0101
    endloop
  endfacet
  facet normal 1 0 0
    outer loop
      vertex 4 12 38
      vertex 4 10.928 20.5423
      vertex 4 11.2379 20.3068
    endloop
  endfacet
  facet normal 1 0 0
    outer loop
      vertex 4 12 38
      vertex 4 10.5747 20.7058
      vertex 4 10.928 20.5423
    endloop
  endfacet
  facet normal 1 0 0
    outer loop
      vertex 4 12 38
      vertex 4 10.1946 20.7894
      vertex 4 10.5747 20.7058
    endloop
  endfacet
  facet normal 1 0 0
    outer loop
      vertex 4 12 38
      vertex 4 9.80539 20.7894
      vertex 4 10.1946 20.7894
    endloop
  endfacet
  facet normal 1 0 0
    outer loop
      vertex 4 12 38
      vertex 4 9.42526 20.7058
      vertex 4 9.80539 20.7894
    endloop
  endfacet
  facet normal 1 -0 0
    outer loop
      vertex 4 0 38
      vertex 4 9.42526 20.7058
      vertex 4 12 38
    endloop
  endfacet
  facet normal 1 0 0
    outer loop
      vertex 4 9.42526 20.7058
      vertex 4 0 38
      vertex 4 9.072 20.5423
    endloop
  endfacet
  facet normal 1 0 0
    outer loop
      vertex 4 9.072 20.5423
      vertex 4 0 38
      vertex 4 8.76214 20.3068
    endloop
  endfacet
  facet normal 1 0 0
    outer loop
      vertex 4 8.76214 20.3068
      vertex 4 0 38
      vertex 4 8.51016 20.0101
    endloop
  endfacet
  facet normal 1 0 0
    outer loop
      vertex 4 8.51016 20.0101
      vertex 4 0 38
      vertex 4 8.32784 19.6662
    endloop
  endfacet
  facet normal 1 0 0
    outer loop
      vertex 4 8.22371 19.2912
      vertex 4 0 38
      vertex 4 8.20264 18.9025
    endloop
  endfacet
  facet normal 1 0 0
    outer loop
      vertex 4 8.32784 19.6662
      vertex 4 0 38
      vertex 4 8.22371 19.2912
    endloop
  endfacet
  facet normal 1 -0 0
    outer loop
      vertex 4 11.7344 18.5184
      vertex 4 12 0
      vertex 4 11.7974 18.9025
    endloop
  endfacet
  facet normal 1 -0 0
    outer loop
      vertex 4 11.5903 18.1569
      vertex 4 12 0
      vertex 4 11.7344 18.5184
    endloop
  endfacet
  facet normal 1 -0 0
    outer loop
      vertex 4 11.3719 17.8347
      vertex 4 12 0
      vertex 4 11.5903 18.1569
    endloop
  endfacet
  facet normal 1 -0 0
    outer loop
      vertex 4 11.0893 17.567
      vertex 4 12 0
      vertex 4 11.3719 17.8347
    endloop
  endfacet
  facet normal 1 -0 0
    outer loop
      vertex 4 10.7558 17.3664
      vertex 4 12 0
      vertex 4 11.0893 17.567
    endloop
  endfacet
  facet normal 1 -0 0
    outer loop
      vertex 4 10.3869 17.2421
      vertex 4 12 0
      vertex 4 10.7558 17.3664
    endloop
  endfacet
  facet normal 1 -0 0
    outer loop
      vertex 4 10 17.2
      vertex 4 12 0
      vertex 4 10.3869 17.2421
    endloop
  endfacet
  facet normal 1 0 0
    outer loop
      vertex 4 9.61305 17.2421
      vertex 4 12 0
      vertex 4 10 17.2
    endloop
  endfacet
  facet normal 1 0 0
    outer loop
      vertex 4 9.2442 17.3664
      vertex 4 12 0
      vertex 4 9.61305 17.2421
    endloop
  endfacet
  facet normal 1 0 0
    outer loop
      vertex 4 0 0
      vertex 4 9.2442 17.3664
      vertex 4 8.91069 17.567
    endloop
  endfacet
  facet normal 1 0 0
    outer loop
      vertex 4 0 0
      vertex 4 8.91069 17.567
      vertex 4 8.62811 17.8347
    endloop
  endfacet
  facet normal 1 0 0
    outer loop
      vertex 4 0 0
      vertex 4 8.62811 17.8347
      vertex 4 8.40968 18.1569
    endloop
  endfacet
  facet normal 1 0 0
    outer loop
      vertex 4 0 0
      vertex 4 8.40968 18.1569
      vertex 4 8.26561 18.5184
    endloop
  endfacet
  facet normal 1 0 0
    outer loop
      vertex 4 0 0
      vertex 4 8.20264 18.9025
      vertex 4 0 38
    endloop
  endfacet
  facet normal 1 0 0
    outer loop
      vertex 4 8.20264 18.9025
      vertex 4 0 0
      vertex 4 8.26561 18.5184
    endloop
  endfacet
  facet normal 1 0 0
    outer loop
      vertex 4 9.2442 17.3664
      vertex 4 0 0
      vertex 4 12 0
    endloop
  endfacet
  facet normal 0.724138 -0.689655 0
    outer loop
      vertex 4 12 38
      vertex 24 33 0
      vertex 24 33 38
    endloop
  endfacet
  facet normal 0.724138 -0.689655 0
    outer loop
      vertex 24 33 0
      vertex 4 12 38
      vertex 4 12 0
    endloop
  endfacet
  facet normal 0 -1 0
    outer loop
      vertex 24 33 0
      vertex 45.8163 33 38
      vertex 24 33 38
    endloop
  endfacet
  facet normal 0 -1 -0
    outer loop
      vertex 45.8163 33 38
      vertex 24 33 0
      vertex 45.8163 33 0
    endloop
  endfacet
  facet normal -0.406772 -0.91353 0
    outer loop
      vertex 45.8163 33 0
      vertex 46.6057 32.6485 38
      vertex 45.8163 33 38
    endloop
  endfacet
  facet normal -0.406772 -0.91353 -0
    outer loop
      vertex 46.6057 32.6485 38
      vertex 45.8163 33 0
      vertex 46.6057 32.6485 0
    endloop
  endfacet
  facet normal -0.341991 -0.939703 0
    outer loop
      vertex 46.6057 32.6485 0
      vertex 47.5501 32.3048 38
      vertex 46.6057 32.6485 38
    endloop
  endfacet
  facet normal -0.341991 -0.939703 -0
    outer loop
      vertex 47.5501 32.3048 38
      vertex 46.6057 32.6485 0
      vertex 47.5501 32.3048 0
    endloop
  endfacet
  facet normal -0.27568 -0.961249 0
    outer loop
      vertex 47.5501 32.3048 0
      vertex 48.5163 32.0277 38
      vertex 47.5501 32.3048 38
    endloop
  endfacet
  facet normal -0.27568 -0.961249 -0
    outer loop
      vertex 48.5163 32.0277 38
      vertex 47.5501 32.3048 0
      vertex 48.5163 32.0277 0
    endloop
  endfacet
  facet normal -0.20783 -0.978165 0
    outer loop
      vertex 48.5163 32.0277 0
      vertex 49.4995 31.8188 38
      vertex 48.5163 32.0277 38
    endloop
  endfacet
  facet normal -0.20783 -0.978165 -0
    outer loop
      vertex 49.4995 31.8188 38
      vertex 48.5163 32.0277 0
      vertex 49.4995 31.8188 0
    endloop
  endfacet
  facet normal -0.139192 -0.990265 0
    outer loop
      vertex 49.4995 31.8188 0
      vertex 50.4948 31.6789 38
      vertex 49.4995 31.8188 38
    endloop
  endfacet
  facet normal -0.139192 -0.990265 -0
    outer loop
      vertex 50.4948 31.6789 38
      vertex 49.4995 31.8188 0
      vertex 50.4948 31.6789 0
    endloop
  endfacet
  facet normal -0.0697479 -0.997565 0
    outer loop
      vertex 50.4948 31.6789 0
      vertex 51.4974 31.6088 38
      vertex 50.4948 31.6789 38
    endloop
  endfacet
  facet normal -0.0697479 -0.997565 -0
    outer loop
      vertex 51.4974 31.6088 38
      vertex 50.4948 31.6789 0
      vertex 51.4974 31.6088 0
    endloop
  endfacet
  facet normal 0 -1 0
    outer loop
      vertex 51.4974 31.6088 0
      vertex 52.5025 31.6088 38
      vertex 51.4974 31.6088 38
    endloop
  endfacet
  facet normal 0 -1 -0
    outer loop
      vertex 52.5025 31.6088 38
      vertex 51.4974 31.6088 0
      vertex 52.5025 31.6088 0
    endloop
  endfacet
  facet normal 0.069741 -0.997565 0
    outer loop
      vertex 52.5025 31.6088 0
      vertex 53.5052 31.6789 38
      vertex 52.5025 31.6088 38
    endloop
  endfacet
  facet normal 0.069741 -0.997565 0
    outer loop
      vertex 53.5052 31.6789 38
      vertex 52.5025 31.6088 0
      vertex 53.5052 31.6789 0
    endloop
  endfacet
  facet normal 0.139192 -0.990265 0
    outer loop
      vertex 53.5052 31.6789 0
      vertex 54.5005 31.8188 38
      vertex 53.5052 31.6789 38
    endloop
  endfacet
  facet normal 0.139192 -0.990265 0
    outer loop
      vertex 54.5005 31.8188 38
      vertex 53.5052 31.6789 0
      vertex 54.5005 31.8188 0
    endloop
  endfacet
  facet normal 0.20783 -0.978165 0
    outer loop
      vertex 54.5005 31.8188 0
      vertex 55.4837 32.0277 38
      vertex 54.5005 31.8188 38
    endloop
  endfacet
  facet normal 0.20783 -0.978165 0
    outer loop
      vertex 55.4837 32.0277 38
      vertex 54.5005 31.8188 0
      vertex 55.4837 32.0277 0
    endloop
  endfacet
  facet normal 0.275707 -0.961242 0
    outer loop
      vertex 55.4837 32.0277 0
      vertex 56.4498 32.3048 38
      vertex 55.4837 32.0277 38
    endloop
  endfacet
  facet normal 0.275707 -0.961242 0
    outer loop
      vertex 56.4498 32.3048 38
      vertex 55.4837 32.0277 0
      vertex 56.4498 32.3048 0
    endloop
  endfacet
  facet normal 0.341959 -0.939715 0
    outer loop
      vertex 56.4498 32.3048 0
      vertex 57.3943 32.6485 38
      vertex 56.4498 32.3048 38
    endloop
  endfacet
  facet normal 0.341959 -0.939715 0
    outer loop
      vertex 57.3943 32.6485 38
      vertex 56.4498 32.3048 0
      vertex 57.3943 32.6485 0
    endloop
  endfacet
  facet normal 0.406812 -0.913512 0
    outer loop
      vertex 57.3943 32.6485 0
      vertex 58.3125 33.0574 38
      vertex 57.3943 32.6485 38
    endloop
  endfacet
  facet normal 0.406812 -0.913512 0
    outer loop
      vertex 58.3125 33.0574 38
      vertex 57.3943 32.6485 0
      vertex 58.3125 33.0574 0
    endloop
  endfacet
  facet normal 0.4694 -0.882986 0
    outer loop
      vertex 58.3125 33.0574 0
      vertex 59.2 33.5292 38
      vertex 58.3125 33.0574 38
    endloop
  endfacet
  facet normal 0.4694 -0.882986 0
    outer loop
      vertex 59.2 33.5292 38
      vertex 58.3125 33.0574 0
      vertex 59.2 33.5292 0
    endloop
  endfacet
  facet normal 0.529892 -0.848065 0
    outer loop
      vertex 59.2 33.5292 0
      vertex 60.0524 34.0618 38
      vertex 59.2 33.5292 38
    endloop
  endfacet
  facet normal 0.529892 -0.848065 0
    outer loop
      vertex 60.0524 34.0618 38
      vertex 59.2 33.5292 0
      vertex 60.0524 34.0618 0
    endloop
  endfacet
  facet normal 0.587817 -0.808994 0
    outer loop
      vertex 60.0524 34.0618 0
      vertex 60.8655 34.6526 38
      vertex 60.0524 34.0618 38
    endloop
  endfacet
  facet normal 0.587817 -0.808994 0
    outer loop
      vertex 60.8655 34.6526 38
      vertex 60.0524 34.0618 0
      vertex 60.8655 34.6526 0
    endloop
  endfacet
  facet normal 0.642784 -0.766048 0
    outer loop
      vertex 60.8655 34.6526 0
      vertex 61.6355 35.2987 38
      vertex 60.8655 34.6526 38
    endloop
  endfacet
  facet normal 0.642784 -0.766048 0
    outer loop
      vertex 61.6355 35.2987 38
      vertex 60.8655 34.6526 0
      vertex 61.6355 35.2987 0
    endloop
  endfacet
  facet normal 0.694662 -0.719336 0
    outer loop
      vertex 61.6355 35.2987 0
      vertex 62.3585 35.9969 38
      vertex 61.6355 35.2987 38
    endloop
  endfacet
  facet normal 0.694662 -0.719336 0
    outer loop
      vertex 62.3585 35.9969 38
      vertex 61.6355 35.2987 0
      vertex 62.3585 35.9969 0
    endloop
  endfacet
  facet normal 0.743195 -0.669075 0
    outer loop
      vertex 62.3585 35.9969 38
      vertex 63.031 36.7439 0
      vertex 63.031 36.7439 38
    endloop
  endfacet
  facet normal 0.743195 -0.669075 0
    outer loop
      vertex 63.031 36.7439 0
      vertex 62.3585 35.9969 38
      vertex 62.3585 35.9969 0
    endloop
  endfacet
  facet normal 0.788 -0.615675 0
    outer loop
      vertex 63.031 36.7439 38
      vertex 63.6498 37.5359 0
      vertex 63.6498 37.5359 38
    endloop
  endfacet
  facet normal 0.788 -0.615675 0
    outer loop
      vertex 63.6498 37.5359 0
      vertex 63.031 36.7439 38
      vertex 63.031 36.7439 0
    endloop
  endfacet
  facet normal 0.829023 -0.559215 0
    outer loop
      vertex 63.6498 37.5359 38
      vertex 64.2119 38.3692 0
      vertex 64.2119 38.3692 38
    endloop
  endfacet
  facet normal 0.829023 -0.559215 0
    outer loop
      vertex 64.2119 38.3692 0
      vertex 63.6498 37.5359 38
      vertex 63.6498 37.5359 0
    endloop
  endfacet
  facet normal 0.866021 -0.500008 0
    outer loop
      vertex 64.2119 38.3692 38
      vertex 64.5761 39 0
      vertex 64.5761 39 38
    endloop
  endfacet
  facet normal 0.866021 -0.500008 0
    outer loop
      vertex 64.5761 39 0
      vertex 64.2119 38.3692 38
      vertex 64.2119 38.3692 0
    endloop
  endfacet
  facet normal 0 -1 0
    outer loop
      vertex 69.4163 39 34.743
      vertex 73 39 38
      vertex 64.5761 39 38
    endloop
  endfacet
  facet normal 0 -1 0
    outer loop
      vertex 73 39 38
      vertex 69.4163 39 34.743
      vertex 69.7953 39 34.7714
    endloop
  endfacet
  facet normal 0 -1 0
    outer loop
      vertex 64.5761 39 38
      vertex 69.0625 39 34.6042
      vertex 69.4163 39 34.743
    endloop
  endfacet
  facet normal 0 -1 0
    outer loop
      vertex 64.5761 39 38
      vertex 68.7654 39 34.3672
      vertex 69.0625 39 34.6042
    endloop
  endfacet
  facet normal 0 -1 0
    outer loop
      vertex 64.5761 39 38
      vertex 68.5513 39 34.0532
      vertex 68.7654 39 34.3672
    endloop
  endfacet
  facet normal 0 -1 0
    outer loop
      vertex 64.5761 39 38
      vertex 68.4392 39 33.69
      vertex 68.5513 39 34.0532
    endloop
  endfacet
  facet normal 0 -1 0
    outer loop
      vertex 64.5761 39 38
      vertex 68.4392 39 33.31
      vertex 68.4392 39 33.69
    endloop
  endfacet
  facet normal 0 -1 0
    outer loop
      vertex 64.5761 39 38
      vertex 68.5513 39 32.9468
      vertex 68.4392 39 33.31
    endloop
  endfacet
  facet normal 0 -1 0
    outer loop
      vertex 64.5761 39 0
      vertex 68.5513 39 32.9468
      vertex 64.5761 39 38
    endloop
  endfacet
  facet normal 0 -1 -0
    outer loop
      vertex 69.4163 39 32.257
      vertex 64.5761 39 0
      vertex 69.7953 39 32.2286
    endloop
  endfacet
  facet normal 0 -1 -0
    outer loop
      vertex 69.0625 39 32.3958
      vertex 64.5761 39 0
      vertex 69.4163 39 32.257
    endloop
  endfacet
  facet normal 0 -1 -0
    outer loop
      vertex 68.7654 39 32.6328
      vertex 64.5761 39 0
      vertex 69.0625 39 32.3958
    endloop
  endfacet
  facet normal 0 -1 -0
    outer loop
      vertex 68.5513 39 32.9468
      vertex 64.5761 39 0
      vertex 68.7654 39 32.6328
    endloop
  endfacet
  facet normal 0 -1 0
    outer loop
      vertex 70.1658 39 34.6869
      vertex 73 39 38
      vertex 69.7953 39 34.7714
    endloop
  endfacet
  facet normal 0 -1 0
    outer loop
      vertex 70.4949 39 34.4968
      vertex 73 39 38
      vertex 70.1658 39 34.6869
    endloop
  endfacet
  facet normal 0 -1 0
    outer loop
      vertex 70.7535 39 34.2182
      vertex 73 39 38
      vertex 70.4949 39 34.4968
    endloop
  endfacet
  facet normal 0 -1 0
    outer loop
      vertex 70.9184 39 33.8758
      vertex 73 39 38
      vertex 70.7535 39 34.2182
    endloop
  endfacet
  facet normal 0 -1 0
    outer loop
      vertex 70.975 39 33.5
      vertex 73 39 38
      vertex 70.9184 39 33.8758
    endloop
  endfacet
  facet normal 0 -1 0
    outer loop
      vertex 70.9184 39 33.1242
      vertex 73 39 38
      vertex 70.975 39 33.5
    endloop
  endfacet
  facet normal 0 -1 0
    outer loop
      vertex 73 39 0
      vertex 69.7953 39 32.2286
      vertex 64.5761 39 0
    endloop
  endfacet
  facet normal 0 -1 0
    outer loop
      vertex 69.7953 39 32.2286
      vertex 73 39 0
      vertex 70.1658 39 32.3131
    endloop
  endfacet
  facet normal 0 -1 0
    outer loop
      vertex 70.1658 39 32.3131
      vertex 73 39 0
      vertex 70.4949 39 32.5032
    endloop
  endfacet
  facet normal 0 -1 0
    outer loop
      vertex 70.4949 39 32.5032
      vertex 73 39 0
      vertex 70.7535 39 32.7818
    endloop
  endfacet
  facet normal 0 -1 0
    outer loop
      vertex 70.7535 39 32.7818
      vertex 73 39 0
      vertex 70.9184 39 33.1242
    endloop
  endfacet
  facet normal 0 -1 0
    outer loop
      vertex 70.9184 39 33.1242
      vertex 73 39 0
      vertex 73 39 38
    endloop
  endfacet
  facet normal 1 -0 0
    outer loop
      vertex 73 39 38
      vertex 73 46 0
      vertex 73 46 38
    endloop
  endfacet
  facet normal 1 0 0
    outer loop
      vertex 73 46 0
      vertex 73 39 38
      vertex 73 39 0
    endloop
  endfacet
  facet normal 0 1 0
    outer loop
      vertex 69.4163 46 34.743
      vertex 73 46 38
      vertex 69.7953 46 34.7714
    endloop
  endfacet
  facet normal 0 1 0
    outer loop
      vertex 73 46 38
      vertex 70.1658 46 34.6869
      vertex 69.7953 46 34.7714
    endloop
  endfacet
  facet normal 0 1 0
    outer loop
      vertex 73 46 38
      vertex 70.4949 46 34.4968
      vertex 70.1658 46 34.6869
    endloop
  endfacet
  facet normal 0 1 0
    outer loop
      vertex 73 46 38
      vertex 70.7535 46 34.2182
      vertex 70.4949 46 34.4968
    endloop
  endfacet
  facet normal 0 1 0
    outer loop
      vertex 73 46 38
      vertex 70.9184 46 33.8758
      vertex 70.7535 46 34.2182
    endloop
  endfacet
  facet normal 0 1 0
    outer loop
      vertex 73 46 38
      vertex 70.975 46 33.5
      vertex 70.9184 46 33.8758
    endloop
  endfacet
  facet normal 0 1 0
    outer loop
      vertex 73 46 38
      vertex 70.9184 46 33.1242
      vertex 70.975 46 33.5
    endloop
  endfacet
  facet normal 0 1 0
    outer loop
      vertex 70.1658 46 32.3131
      vertex 73 46 0
      vertex 69.7953 46 32.2286
    endloop
  endfacet
  facet normal 0 1 0
    outer loop
      vertex 70.4949 46 32.5032
      vertex 73 46 0
      vertex 70.1658 46 32.3131
    endloop
  endfacet
  facet normal 0 1 0
    outer loop
      vertex 70.7535 46 32.7818
      vertex 73 46 0
      vertex 70.4949 46 32.5032
    endloop
  endfacet
  facet normal 0 1 0
    outer loop
      vertex 70.9184 46 33.1242
      vertex 73 46 0
      vertex 70.7535 46 32.7818
    endloop
  endfacet
  facet normal 0 1 -0
    outer loop
      vertex 73 46 0
      vertex 70.9184 46 33.1242
      vertex 73 46 38
    endloop
  endfacet
  facet normal 0 1 0
    outer loop
      vertex 73 46 38
      vertex 69.4163 46 34.743
      vertex 62.4 46 38
    endloop
  endfacet
  facet normal 0 1 -0
    outer loop
      vertex 69.0625 46 34.6042
      vertex 62.4 46 38
      vertex 69.4163 46 34.743
    endloop
  endfacet
  facet normal 0 1 -0
    outer loop
      vertex 68.7654 46 34.3672
      vertex 62.4 46 38
      vertex 69.0625 46 34.6042
    endloop
  endfacet
  facet normal 0 1 -0
    outer loop
      vertex 68.5513 46 34.0532
      vertex 62.4 46 38
      vertex 68.7654 46 34.3672
    endloop
  endfacet
  facet normal 0 1 -0
    outer loop
      vertex 68.4392 46 33.69
      vertex 62.4 46 38
      vertex 68.5513 46 34.0532
    endloop
  endfacet
  facet normal 0 1 -0
    outer loop
      vertex 68.4392 46 33.31
      vertex 62.4 46 38
      vertex 68.4392 46 33.69
    endloop
  endfacet
  facet normal 0 1 0
    outer loop
      vertex 68.5513 46 32.9468
      vertex 62.4 46 38
      vertex 68.4392 46 33.31
    endloop
  endfacet
  facet normal 0 1 0
    outer loop
      vertex 68.7654 46 32.6328
      vertex 62.4 46 38
      vertex 68.5513 46 32.9468
    endloop
  endfacet
  facet normal 0 1 0
    outer loop
      vertex 73 46 0
      vertex 69.4163 46 32.257
      vertex 69.7953 46 32.2286
    endloop
  endfacet
  facet normal 0 1 0
    outer loop
      vertex 62.4 46 0
      vertex 69.4163 46 32.257
      vertex 73 46 0
    endloop
  endfacet
  facet normal 0 1 0
    outer loop
      vertex 69.4163 46 32.257
      vertex 62.4 46 0
      vertex 69.0625 46 32.3958
    endloop
  endfacet
  facet normal 0 1 0
    outer loop
      vertex 69.0625 46 32.3958
      vertex 62.4 46 0
      vertex 68.7654 46 32.6328
    endloop
  endfacet
  facet normal 0 1 0
    outer loop
      vertex 68.7654 46 32.6328
      vertex 62.4 46 0
      vertex 62.4 46 38
    endloop
  endfacet
  facet normal -0.999393 0.0348513 0
    outer loop
      vertex 62.3747 45.2745 0
      vertex 62.4 46 38
      vertex 62.4 46 0
    endloop
  endfacet
  facet normal -0.999393 0.0348513 0
    outer loop
      vertex 62.4 46 38
      vertex 62.3747 45.2745 0
      vertex 62.3747 45.2745 38
    endloop
  endfacet
  facet normal -0.994518 0.104563 0
    outer loop
      vertex 62.2988 44.5526 0
      vertex 62.3747 45.2745 38
      vertex 62.3747 45.2745 0
    endloop
  endfacet
  facet normal -0.994518 0.104563 0
    outer loop
      vertex 62.3747 45.2745 38
      vertex 62.2988 44.5526 0
      vertex 62.2988 44.5526 38
    endloop
  endfacet
  facet normal -0.984797 0.173707 0
    outer loop
      vertex 62.1727 43.8377 0
      vertex 62.2988 44.5526 38
      vertex 62.2988 44.5526 0
    endloop
  endfacet
  facet normal -0.984797 0.173707 0
    outer loop
      vertex 62.2988 44.5526 38
      vertex 62.1727 43.8377 0
      vertex 62.1727 43.8377 38
    endloop
  endfacet
  facet normal -0.970296 0.24192 0
    outer loop
      vertex 61.9971 43.1334 0
      vertex 62.1727 43.8377 38
      vertex 62.1727 43.8377 0
    endloop
  endfacet
  facet normal -0.970296 0.24192 0
    outer loop
      vertex 62.1727 43.8377 38
      vertex 61.9971 43.1334 0
      vertex 61.9971 43.1334 38
    endloop
  endfacet
  facet normal -0.951066 0.308986 0
    outer loop
      vertex 61.7728 42.443 0
      vertex 61.9971 43.1334 38
      vertex 61.9971 43.1334 0
    endloop
  endfacet
  facet normal -0.951066 0.308986 0
    outer loop
      vertex 61.9971 43.1334 38
      vertex 61.7728 42.443 0
      vertex 61.7728 42.443 38
    endloop
  endfacet
  facet normal -0.927208 0.374547 0
    outer loop
      vertex 61.5009 41.7699 0
      vertex 61.7728 42.443 38
      vertex 61.7728 42.443 0
    endloop
  endfacet
  facet normal -0.927208 0.374547 0
    outer loop
      vertex 61.7728 42.443 38
      vertex 61.5009 41.7699 0
      vertex 61.5009 41.7699 38
    endloop
  endfacet
  facet normal -0.898738 0.438486 0
    outer loop
      vertex 61.1826 41.1175 0
      vertex 61.5009 41.7699 38
      vertex 61.5009 41.7699 0
    endloop
  endfacet
  facet normal -0.898738 0.438486 0
    outer loop
      vertex 61.5009 41.7699 38
      vertex 61.1826 41.1175 0
      vertex 61.1826 41.1175 38
    endloop
  endfacet
  facet normal -0.866073 0.499917 0
    outer loop
      vertex 60.8197 40.4888 0
      vertex 61.1826 41.1175 38
      vertex 61.1826 41.1175 0
    endloop
  endfacet
  facet normal -0.866073 0.499917 0
    outer loop
      vertex 61.1826 41.1175 38
      vertex 60.8197 40.4888 0
      vertex 60.8197 40.4888 38
    endloop
  endfacet
  facet normal -0.82905 0.559175 0
    outer loop
      vertex 60.4138 39.887 0
      vertex 60.8197 40.4888 38
      vertex 60.8197 40.4888 0
    endloop
  endfacet
  facet normal -0.82905 0.559175 0
    outer loop
      vertex 60.8197 40.4888 38
      vertex 60.4138 39.887 0
      vertex 60.4138 39.887 38
    endloop
  endfacet
  facet normal -0.788008 0.615665 0
    outer loop
      vertex 59.9669 39.315 0
      vertex 60.4138 39.887 38
      vertex 60.4138 39.887 0
    endloop
  endfacet
  facet normal -0.788008 0.615665 0
    outer loop
      vertex 60.4138 39.887 38
      vertex 59.9669 39.315 0
      vertex 59.9669 39.315 38
    endloop
  endfacet
  facet normal -0.743123 0.669155 0
    outer loop
      vertex 59.4811 38.7755 0
      vertex 59.9669 39.315 38
      vertex 59.9669 39.315 0
    endloop
  endfacet
  facet normal -0.743123 0.669155 0
    outer loop
      vertex 59.9669 39.315 38
      vertex 59.4811 38.7755 0
      vertex 59.4811 38.7755 38
    endloop
  endfacet
  facet normal -0.694668 0.71933 0
    outer loop
      vertex 59.4811 38.7755 0
      vertex 58.959 38.2713 38
      vertex 59.4811 38.7755 38
    endloop
  endfacet
  facet normal -0.694668 0.71933 0
    outer loop
      vertex 58.959 38.2713 38
      vertex 59.4811 38.7755 0
      vertex 58.959 38.2713 0
    endloop
  endfacet
  facet normal -0.642769 0.76606 0
    outer loop
      vertex 58.959 38.2713 0
      vertex 58.4029 37.8047 38
      vertex 58.959 38.2713 38
    endloop
  endfacet
  facet normal -0.642769 0.76606 0
    outer loop
      vertex 58.4029 37.8047 38
      vertex 58.959 38.2713 0
      vertex 58.4029 37.8047 0
    endloop
  endfacet
  facet normal -0.587787 0.809016 0
    outer loop
      vertex 58.4029 37.8047 0
      vertex 57.8156 37.378 38
      vertex 58.4029 37.8047 38
    endloop
  endfacet
  facet normal -0.587787 0.809016 0
    outer loop
      vertex 57.8156 37.378 38
      vertex 58.4029 37.8047 0
      vertex 57.8156 37.378 0
    endloop
  endfacet
  facet normal -0.529949 0.848029 0
    outer loop
      vertex 57.8156 37.378 0
      vertex 57.2 36.9933 38
      vertex 57.8156 37.378 38
    endloop
  endfacet
  facet normal -0.529949 0.848029 0
    outer loop
      vertex 57.2 36.9933 38
      vertex 57.8156 37.378 0
      vertex 57.2 36.9933 0
    endloop
  endfacet
  facet normal -0.469501 0.882932 0
    outer loop
      vertex 57.2 36.9933 0
      vertex 56.5591 36.6525 38
      vertex 57.2 36.9933 38
    endloop
  endfacet
  facet normal -0.469501 0.882932 0
    outer loop
      vertex 56.5591 36.6525 38
      vertex 57.2 36.9933 0
      vertex 56.5591 36.6525 0
    endloop
  endfacet
  facet normal -0.40665 0.913584 0
    outer loop
      vertex 56.5591 36.6525 0
      vertex 55.8959 36.3573 38
      vertex 56.5591 36.6525 38
    endloop
  endfacet
  facet normal -0.40665 0.913584 0
    outer loop
      vertex 55.8959 36.3573 38
      vertex 56.5591 36.6525 0
      vertex 55.8959 36.3573 0
    endloop
  endfacet
  facet normal -0.342064 0.939677 0
    outer loop
      vertex 55.8959 36.3573 0
      vertex 55.2138 36.109 38
      vertex 55.8959 36.3573 38
    endloop
  endfacet
  facet normal -0.342064 0.939677 0
    outer loop
      vertex 55.2138 36.109 38
      vertex 55.8959 36.3573 0
      vertex 55.2138 36.109 0
    endloop
  endfacet
  facet normal -0.275649 0.961258 0
    outer loop
      vertex 55.2138 36.109 0
      vertex 54.516 35.9089 38
      vertex 55.2138 36.109 38
    endloop
  endfacet
  facet normal -0.275649 0.961258 0
    outer loop
      vertex 54.516 35.9089 38
      vertex 55.2138 36.109 0
      vertex 54.516 35.9089 0
    endloop
  endfacet
  facet normal -0.207864 0.978158 0
    outer loop
      vertex 54.516 35.9089 0
      vertex 53.8059 35.758 38
      vertex 54.516 35.9089 38
    endloop
  endfacet
  facet normal -0.207864 0.978158 0
    outer loop
      vertex 53.8059 35.758 38
      vertex 54.516 35.9089 0
      vertex 53.8059 35.758 0
    endloop
  endfacet
  facet normal -0.139145 0.990272 0
    outer loop
      vertex 53.8059 35.758 0
      vertex 53.0871 35.657 38
      vertex 53.8059 35.758 38
    endloop
  endfacet
  facet normal -0.139145 0.990272 0
    outer loop
      vertex 53.0871 35.657 38
      vertex 53.8059 35.758 0
      vertex 53.0871 35.657 0
    endloop
  endfacet
  facet normal -0.0698374 0.997558 0
    outer loop
      vertex 53.0871 35.657 0
      vertex 52.3629 35.6063 38
      vertex 53.0871 35.657 38
    endloop
  endfacet
  facet normal -0.0698374 0.997558 0
    outer loop
      vertex 52.3629 35.6063 38
      vertex 53.0871 35.657 0
      vertex 52.3629 35.6063 0
    endloop
  endfacet
  facet normal 0 1 -0
    outer loop
      vertex 52.3629 35.6063 0
      vertex 51.637 35.6063 38
      vertex 52.3629 35.6063 38
    endloop
  endfacet
  facet normal 0 1 0
    outer loop
      vertex 51.637 35.6063 38
      vertex 52.3629 35.6063 0
      vertex 51.637 35.6063 0
    endloop
  endfacet
  facet normal 0.0698469 0.997558 -0
    outer loop
      vertex 51.637 35.6063 0
      vertex 50.9129 35.657 38
      vertex 51.637 35.6063 38
    endloop
  endfacet
  facet normal 0.0698469 0.997558 0
    outer loop
      vertex 50.9129 35.657 38
      vertex 51.637 35.6063 0
      vertex 50.9129 35.657 0
    endloop
  endfacet
  facet normal 0.139126 0.990275 -0
    outer loop
      vertex 50.9129 35.657 0
      vertex 50.194 35.758 38
      vertex 50.9129 35.657 38
    endloop
  endfacet
  facet normal 0.139126 0.990275 0
    outer loop
      vertex 50.194 35.758 38
      vertex 50.9129 35.657 0
      vertex 50.194 35.758 0
    endloop
  endfacet
  facet normal 0.207892 0.978152 -0
    outer loop
      vertex 50.194 35.758 0
      vertex 49.484 35.9089 38
      vertex 50.194 35.758 38
    endloop
  endfacet
  facet normal 0.207892 0.978152 0
    outer loop
      vertex 49.484 35.9089 38
      vertex 50.194 35.758 0
      vertex 49.484 35.9089 0
    endloop
  endfacet
  facet normal 0.275649 0.961258 -0
    outer loop
      vertex 49.484 35.9089 0
      vertex 48.7862 36.109 38
      vertex 49.484 35.9089 38
    endloop
  endfacet
  facet normal 0.275649 0.961258 0
    outer loop
      vertex 48.7862 36.109 38
      vertex 49.484 35.9089 0
      vertex 48.7862 36.109 0
    endloop
  endfacet
  facet normal 0.342064 0.939677 -0
    outer loop
      vertex 48.7862 36.109 0
      vertex 48.1041 36.3573 38
      vertex 48.7862 36.109 38
    endloop
  endfacet
  facet normal 0.342064 0.939677 0
    outer loop
      vertex 48.1041 36.3573 38
      vertex 48.7862 36.109 0
      vertex 48.1041 36.3573 0
    endloop
  endfacet
  facet normal 0.40665 0.913584 -0
    outer loop
      vertex 48.1041 36.3573 0
      vertex 47.4409 36.6525 38
      vertex 48.1041 36.3573 38
    endloop
  endfacet
  facet normal 0.40665 0.913584 0
    outer loop
      vertex 47.4409 36.6525 38
      vertex 48.1041 36.3573 0
      vertex 47.4409 36.6525 0
    endloop
  endfacet
  facet normal 0.469501 0.882932 -0
    outer loop
      vertex 47.4409 36.6525 0
      vertex 46.8 36.9933 38
      vertex 47.4409 36.6525 38
    endloop
  endfacet
  facet normal 0.469501 0.882932 0
    outer loop
      vertex 46.8 36.9933 38
      vertex 47.4409 36.6525 0
      vertex 46.8 36.9933 0
    endloop
  endfacet
  facet normal 0.529949 0.848029 -0
    outer loop
      vertex 46.8 36.9933 0
      vertex 46.1844 37.378 38
      vertex 46.8 36.9933 38
    endloop
  endfacet
  facet normal 0.529949 0.848029 0
    outer loop
      vertex 46.1844 37.378 38
      vertex 46.8 36.9933 0
      vertex 46.1844 37.378 0
    endloop
  endfacet
  facet normal 0.587787 0.809016 -0
    outer loop
      vertex 46.1844 37.378 0
      vertex 45.5971 37.8047 38
      vertex 46.1844 37.378 38
    endloop
  endfacet
  facet normal 0.587787 0.809016 0
    outer loop
      vertex 45.5971 37.8047 38
      vertex 46.1844 37.378 0
      vertex 45.5971 37.8047 0
    endloop
  endfacet
  facet normal 0.642769 0.76606 -0
    outer loop
      vertex 45.5971 37.8047 0
      vertex 45.041 38.2713 38
      vertex 45.5971 37.8047 38
    endloop
  endfacet
  facet normal 0.642769 0.76606 0
    outer loop
      vertex 45.041 38.2713 38
      vertex 45.5971 37.8047 0
      vertex 45.041 38.2713 0
    endloop
  endfacet
  facet normal 0.694668 0.71933 -0
    outer loop
      vertex 45.041 38.2713 0
      vertex 44.5189 38.7755 38
      vertex 45.041 38.2713 38
    endloop
  endfacet
  facet normal 0.694668 0.71933 0
    outer loop
      vertex 44.5189 38.7755 38
      vertex 45.041 38.2713 0
      vertex 44.5189 38.7755 0
    endloop
  endfacet
  facet normal 0.743123 0.669155 0
    outer loop
      vertex 44.5189 38.7755 38
      vertex 44.0331 39.315 0
      vertex 44.0331 39.315 38
    endloop
  endfacet
  facet normal 0.743123 0.669155 0
    outer loop
      vertex 44.0331 39.315 0
      vertex 44.5189 38.7755 38
      vertex 44.5189 38.7755 0
    endloop
  endfacet
  facet normal 0.788008 0.615665 0
    outer loop
      vertex 44.0331 39.315 38
      vertex 43.5862 39.887 0
      vertex 43.5862 39.887 38
    endloop
  endfacet
  facet normal 0.788008 0.615665 0
    outer loop
      vertex 43.5862 39.887 0
      vertex 44.0331 39.315 38
      vertex 44.0331 39.315 0
    endloop
  endfacet
  facet normal 0.82905 0.559175 0
    outer loop
      vertex 43.5862 39.887 38
      vertex 43.1803 40.4888 0
      vertex 43.1803 40.4888 38
    endloop
  endfacet
  facet normal 0.82905 0.559175 0
    outer loop
      vertex 43.1803 40.4888 0
      vertex 43.5862 39.887 38
      vertex 43.5862 39.887 0
    endloop
  endfacet
  facet normal 0.866014 0.500021 0
    outer loop
      vertex 43.1803 40.4888 38
      vertex 42.8173 41.1175 0
      vertex 42.8173 41.1175 38
    endloop
  endfacet
  facet normal 0.866014 0.500021 0
    outer loop
      vertex 42.8173 41.1175 0
      vertex 43.1803 40.4888 38
      vertex 43.1803 40.4888 0
    endloop
  endfacet
  facet normal 0.898792 0.438375 0
    outer loop
      vertex 42.8173 41.1175 38
      vertex 42.4991 41.7699 0
      vertex 42.4991 41.7699 38
    endloop
  endfacet
  facet normal 0.898792 0.438375 0
    outer loop
      vertex 42.4991 41.7699 0
      vertex 42.8173 41.1175 38
      vertex 42.8173 41.1175 0
    endloop
  endfacet
  facet normal 0.927208 0.374547 0
    outer loop
      vertex 42.4991 41.7699 38
      vertex 42.2272 42.443 0
      vertex 42.2272 42.443 38
    endloop
  endfacet
  facet normal 0.927208 0.374547 0
    outer loop
      vertex 42.2272 42.443 0
      vertex 42.4991 41.7699 38
      vertex 42.4991 41.7699 0
    endloop
  endfacet
  facet normal 0.951066 0.308986 0
    outer loop
      vertex 42.2272 42.443 38
      vertex 42.0029 43.1334 0
      vertex 42.0029 43.1334 38
    endloop
  endfacet
  facet normal 0.951066 0.308986 0
    outer loop
      vertex 42.0029 43.1334 0
      vertex 42.2272 42.443 38
      vertex 42.2272 42.443 0
    endloop
  endfacet
  facet normal 0.970296 0.24192 0
    outer loop
      vertex 42.0029 43.1334 38
      vertex 41.8273 43.8377 0
      vertex 41.8273 43.8377 38
    endloop
  endfacet
  facet normal 0.970296 0.24192 0
    outer loop
      vertex 41.8273 43.8377 0
      vertex 42.0029 43.1334 38
      vertex 42.0029 43.1334 0
    endloop
  endfacet
  facet normal 0.984797 0.173707 0
    outer loop
      vertex 41.8273 43.8377 38
      vertex 41.7012 44.5526 0
      vertex 41.7012 44.5526 38
    endloop
  endfacet
  facet normal 0.984797 0.173707 0
    outer loop
      vertex 41.7012 44.5526 0
      vertex 41.8273 43.8377 38
      vertex 41.8273 43.8377 0
    endloop
  endfacet
  facet normal 0.994518 0.104563 0
    outer loop
      vertex 41.7012 44.5526 38
      vertex 41.6253 45.2745 0
      vertex 41.6253 45.2745 38
    endloop
  endfacet
  facet normal 0.994518 0.104563 0
    outer loop
      vertex 41.6253 45.2745 0
      vertex 41.7012 44.5526 38
      vertex 41.7012 44.5526 0
    endloop
  endfacet
  facet normal 0.999393 0.0348513 0
    outer loop
      vertex 41.6253 45.2745 38
      vertex 41.6 46 0
      vertex 41.6 46 38
    endloop
  endfacet
  facet normal 0.999393 0.0348513 0
    outer loop
      vertex 41.6 46 0
      vertex 41.6253 45.2745 38
      vertex 41.6253 45.2745 0
    endloop
  endfacet
  facet normal 0 1 0
    outer loop
      vertex 34.0163 46 34.743
      vertex 41.6 46 38
      vertex 34.3953 46 34.7714
    endloop
  endfacet
  facet normal 0 1 0
    outer loop
      vertex 41.6 46 38
      vertex 34.7658 46 34.6869
      vertex 34.3953 46 34.7714
    endloop
  endfacet
  facet normal 0 1 0
    outer loop
      vertex 41.6 46 38
      vertex 35.0949 46 34.4968
      vertex 34.7658 46 34.6869
    endloop
  endfacet
  facet normal 0 1 0
    outer loop
      vertex 41.6 46 38
      vertex 35.3535 46 34.2182
      vertex 35.0949 46 34.4968
    endloop
  endfacet
  facet normal 0 1 0
    outer loop
      vertex 41.6 46 38
      vertex 35.5184 46 33.8758
      vertex 35.3535 46 34.2182
    endloop
  endfacet
  facet normal 0 1 0
    outer loop
      vertex 41.6 46 38
      vertex 35.575 46 33.5
      vertex 35.5184 46 33.8758
    endloop
  endfacet
  facet normal 0 1 0
    outer loop
      vertex 41.6 46 38
      vertex 35.5184 46 33.1242
      vertex 35.575 46 33.5
    endloop
  endfacet
  facet normal 0 1 0
    outer loop
      vertex 41.6 46 38
      vertex 35.3535 46 32.7818
      vertex 35.5184 46 33.1242
    endloop
  endfacet
  facet normal 0 1 -0
    outer loop
      vertex 41.6 46 0
      vertex 35.3535 46 32.7818
      vertex 41.6 46 38
    endloop
  endfacet
  facet normal 0 1 0
    outer loop
      vertex 34.7658 46 32.3131
      vertex 41.6 46 0
      vertex 34.3953 46 32.2286
    endloop
  endfacet
  facet normal 0 1 0
    outer loop
      vertex 35.0949 46 32.5032
      vertex 41.6 46 0
      vertex 34.7658 46 32.3131
    endloop
  endfacet
  facet normal 0 1 0
    outer loop
      vertex 35.3535 46 32.7818
      vertex 41.6 46 0
      vertex 35.0949 46 32.5032
    endloop
  endfacet
  facet normal 0 1 0
    outer loop
      vertex 41.6 46 38
      vertex 34.0163 46 34.743
      vertex -4 46 38
    endloop
  endfacet
  facet normal 0 1 -0
    outer loop
      vertex 33.6625 46 34.6042
      vertex -4 46 38
      vertex 34.0163 46 34.743
    endloop
  endfacet
  facet normal 0 1 -0
    outer loop
      vertex 33.3654 46 34.3672
      vertex -4 46 38
      vertex 33.6625 46 34.6042
    endloop
  endfacet
  facet normal 0 1 -0
    outer loop
      vertex 33.1513 46 34.0532
      vertex -4 46 38
      vertex 33.3654 46 34.3672
    endloop
  endfacet
  facet normal 0 1 -0
    outer loop
      vertex 33.0392 46 33.69
      vertex -4 46 38
      vertex 33.1513 46 34.0532
    endloop
  endfacet
  facet normal 0 1 -0
    outer loop
      vertex 33.0392 46 33.31
      vertex -4 46 38
      vertex 33.0392 46 33.69
    endloop
  endfacet
  facet normal 0 1 0
    outer loop
      vertex 33.1513 46 32.9468
      vertex -4 46 38
      vertex 33.0392 46 33.31
    endloop
  endfacet
  facet normal 0 1 0
    outer loop
      vertex -4 46 0
      vertex 33.1513 46 32.9468
      vertex 33.3654 46 32.6328
    endloop
  endfacet
  facet normal 0 1 0
    outer loop
      vertex -4 46 0
      vertex 33.3654 46 32.6328
      vertex 33.6625 46 32.3958
    endloop
  endfacet
  facet normal 0 1 0
    outer loop
      vertex 41.6 46 0
      vertex 33.6625 46 32.3958
      vertex 34.0163 46 32.257
    endloop
  endfacet
  facet normal 0 1 0
    outer loop
      vertex 41.6 46 0
      vertex 34.0163 46 32.257
      vertex 34.3953 46 32.2286
    endloop
  endfacet
  facet normal 0 1 0
    outer loop
      vertex 33.6625 46 32.3958
      vertex 41.6 46 0
      vertex -4 46 0
    endloop
  endfacet
  facet normal 0 1 0
    outer loop
      vertex 33.1513 46 32.9468
      vertex -4 46 0
      vertex -4 46 38
    endloop
  endfacet
  facet normal -1 0 0
    outer loop
      vertex -4 46 0
      vertex -4 27.7974 18.9025
      vertex -4 46 38
    endloop
  endfacet
  facet normal -1 0 0
    outer loop
      vertex -4 46 0
      vertex -4 27.7344 18.5184
      vertex -4 27.7974 18.9025
    endloop
  endfacet
  facet normal -1 0 0
    outer loop
      vertex -4 46 0
      vertex -4 27.5903 18.1569
      vertex -4 27.7344 18.5184
    endloop
  endfacet
  facet normal -1 0 0
    outer loop
      vertex -4 46 0
      vertex -4 27.3719 17.8347
      vertex -4 27.5903 18.1569
    endloop
  endfacet
  facet normal -1 0 0
    outer loop
      vertex -4 46 0
      vertex -4 27.0893 17.567
      vertex -4 27.3719 17.8347
    endloop
  endfacet
  facet normal -1 0 0
    outer loop
      vertex -4 46 0
      vertex -4 26.7558 17.3664
      vertex -4 27.0893 17.567
    endloop
  endfacet
  facet normal -1 0 0
    outer loop
      vertex -4 18 0
      vertex -4 26.7558 17.3664
      vertex -4 46 0
    endloop
  endfacet
  facet normal -1 0 0
    outer loop
      vertex -4 26.7558 17.3664
      vertex -4 18 0
      vertex -4 26.3869 17.2421
    endloop
  endfacet
  facet normal -1 0 0
    outer loop
      vertex -4 26.3869 17.2421
      vertex -4 18 0
      vertex -4 26 17.2
    endloop
  endfacet
  facet normal -1 -0 0
    outer loop
      vertex -4 26 17.2
      vertex -4 18 0
      vertex -4 25.6131 17.2421
    endloop
  endfacet
  facet normal -1 -0 0
    outer loop
      vertex -4 25.6131 17.2421
      vertex -4 18 0
      vertex -4 25.2442 17.3664
    endloop
  endfacet
  facet normal -1 -0 0
    outer loop
      vertex -4 24.2656 18.5184
      vertex -4 18 0
      vertex -4 24.2026 18.9025
    endloop
  endfacet
  facet normal -1 -0 0
    outer loop
      vertex -4 24.4097 18.1569
      vertex -4 18 0
      vertex -4 24.2656 18.5184
    endloop
  endfacet
  facet normal -1 -0 0
    outer loop
      vertex -4 24.6281 17.8347
      vertex -4 18 0
      vertex -4 24.4097 18.1569
    endloop
  endfacet
  facet normal -1 -0 0
    outer loop
      vertex -4 24.9107 17.567
      vertex -4 18 0
      vertex -4 24.6281 17.8347
    endloop
  endfacet
  facet normal -1 -0 0
    outer loop
      vertex -4 25.2442 17.3664
      vertex -4 18 0
      vertex -4 24.9107 17.567
    endloop
  endfacet
  facet normal -1 0 0
    outer loop
      vertex -4 27.7763 19.2912
      vertex -4 46 38
      vertex -4 27.7974 18.9025
    endloop
  endfacet
  facet normal -1 0 0
    outer loop
      vertex -4 27.6722 19.6662
      vertex -4 46 38
      vertex -4 27.7763 19.2912
    endloop
  endfacet
  facet normal -1 0 0
    outer loop
      vertex -4 27.4898 20.0101
      vertex -4 46 38
      vertex -4 27.6722 19.6662
    endloop
  endfacet
  facet normal -1 0 0
    outer loop
      vertex -4 27.2379 20.3068
      vertex -4 46 38
      vertex -4 27.4898 20.0101
    endloop
  endfacet
  facet normal -1 0 0
    outer loop
      vertex -4 26.928 20.5423
      vertex -4 46 38
      vertex -4 27.2379 20.3068
    endloop
  endfacet
  facet normal -1 0 0
    outer loop
      vertex -4 26.5747 20.7058
      vertex -4 46 38
      vertex -4 26.928 20.5423
    endloop
  endfacet
  facet normal -1 0 0
    outer loop
      vertex -4 18 38
      vertex -4 26.5747 20.7058
      vertex -4 26.1946 20.7894
    endloop
  endfacet
  facet normal -1 0 0
    outer loop
      vertex -4 18 38
      vertex -4 26.1946 20.7894
      vertex -4 25.8054 20.7894
    endloop
  endfacet
  facet normal -1 0 0
    outer loop
      vertex -4 18 38
      vertex -4 25.8054 20.7894
      vertex -4 25.4253 20.7058
    endloop
  endfacet
  facet normal -1 0 0
    outer loop
      vertex -4 18 38
      vertex -4 25.4253 20.7058
      vertex -4 25.072 20.5423
    endloop
  endfacet
  facet normal -1 0 0
    outer loop
      vertex -4 18 38
      vertex -4 25.072 20.5423
      vertex -4 24.7621 20.3068
    endloop
  endfacet
  facet normal -1 0 0
    outer loop
      vertex -4 18 38
      vertex -4 24.2026 18.9025
      vertex -4 18 0
    endloop
  endfacet
  facet normal -1 0 0
    outer loop
      vertex -4 24.2026 18.9025
      vertex -4 18 38
      vertex -4 24.2237 19.2912
    endloop
  endfacet
  facet normal -1 0 0
    outer loop
      vertex -4 26.5747 20.7058
      vertex -4 18 38
      vertex -4 46 38
    endloop
  endfacet
  facet normal -1 0 0
    outer loop
      vertex -4 24.5102 20.0101
      vertex -4 18 38
      vertex -4 24.7621 20.3068
    endloop
  endfacet
  facet normal -1 0 0
    outer loop
      vertex -4 24.3278 19.6662
      vertex -4 18 38
      vertex -4 24.5102 20.0101
    endloop
  endfacet
  facet normal -1 0 0
    outer loop
      vertex -4 24.2237 19.2912
      vertex -4 18 38
      vertex -4 24.3278 19.6662
    endloop
  endfacet
endsolid OpenSCAD_Model
