solid OpenSCAD_Model
  facet normal 0.321613 -0.946871 0
    outer loop
      vertex 9.67645 -13.2978 25.99
      vertex 10.048 -13.1716 31.6
      vertex 9.67645 -13.2978 31.6
    endloop
  endfacet
  facet normal 0.321613 -0.946871 0
    outer loop
      vertex 10.048 -13.1716 31.6
      vertex 9.67645 -13.2978 25.99
      vertex 10.048 -13.1716 25.99
    endloop
  endfacet
  facet normal -0.194945 0.980814 0
    outer loop
      vertex -9.29156 13.3743 26
      vertex -9.67645 13.2978 31.6
      vertex -9.29156 13.3743 31.6
    endloop
  endfacet
  facet normal -0.194945 0.980814 0
    outer loop
      vertex -9.67645 13.2978 31.6
      vertex -9.29156 13.3743 26
      vertex -9.67645 13.2978 26
    endloop
  endfacet
  facet normal 0.194945 -0.980814 0
    outer loop
      vertex 9.29156 -13.3743 25.99
      vertex 9.67645 -13.2978 31.6
      vertex 9.29156 -13.3743 31.6
    endloop
  endfacet
  facet normal 0.194945 -0.980814 0
    outer loop
      vertex 9.67645 -13.2978 31.6
      vertex 9.29156 -13.3743 25.99
      vertex 9.67645 -13.2978 25.99
    endloop
  endfacet
  facet normal 0.831501 0.555523 0
    outer loop
      vertex 11.4981 11.9 31.6
      vertex 11.2801 12.2263 26
      vertex 11.2801 12.2263 31.6
    endloop
  endfacet
  facet normal 0.831501 0.555523 0
    outer loop
      vertex 11.2801 12.2263 26
      vertex 11.4981 11.9 31.6
      vertex 11.4981 11.9 26
    endloop
  endfacet
  facet normal -0.997853 0.0654873 0
    outer loop
      vertex -11.9 10.4 25.99
      vertex -11.8743 10.7916 26
      vertex -11.8743 10.7916 25.99
    endloop
  endfacet
  facet normal -0.997853 0.0654873 0
    outer loop
      vertex -11.9 10.4 31.6
      vertex -11.8743 10.7916 26
      vertex -11.9 10.4 25.99
    endloop
  endfacet
  facet normal -0.997853 0.0654873 0
    outer loop
      vertex -11.8743 10.7916 26
      vertex -11.9 10.4 31.6
      vertex -11.8743 10.7916 31.6
    endloop
  endfacet
  facet normal 0 0 1
    outer loop
      vertex 8.91293 9.86115 31.6
      vertex 11.9 10.4 31.6
      vertex 11.8743 10.7916 31.6
    endloop
  endfacet
  facet normal 0 0 1
    outer loop
      vertex 11.9 10.4 31.6
      vertex 9.25 8.75 31.6
      vertex 11.9 -10.4 31.6
    endloop
  endfacet
  facet normal 0 0 1
    outer loop
      vertex 8.91293 9.86115 31.6
      vertex 11.8743 10.7916 31.6
      vertex 11.7978 11.1765 31.6
    endloop
  endfacet
  facet normal -0 0 1
    outer loop
      vertex 9.25 -8.75 31.6
      vertex 11.9 -10.4 31.6
      vertex 9.25 8.75 31.6
    endloop
  endfacet
  facet normal 0 0 1
    outer loop
      vertex 8.91293 9.86115 31.6
      vertex 11.7978 11.1765 31.6
      vertex 11.6716 11.548 31.6
    endloop
  endfacet
  facet normal -0 0 1
    outer loop
      vertex 9.21156 -9.14018 31.6
      vertex 11.9 -10.4 31.6
      vertex 9.25 -8.75 31.6
    endloop
  endfacet
  facet normal 0 0 1
    outer loop
      vertex 8.91293 9.86115 31.6
      vertex 11.6716 11.548 31.6
      vertex 11.4981 11.9 31.6
    endloop
  endfacet
  facet normal -0 0 1
    outer loop
      vertex 9.09776 -9.51537 31.6
      vertex 11.9 -10.4 31.6
      vertex 9.21156 -9.14018 31.6
    endloop
  endfacet
  facet normal 0 0 1
    outer loop
      vertex 8.66422 10.1642 31.6
      vertex 11.4981 11.9 31.6
      vertex 11.2801 12.2263 31.6
    endloop
  endfacet
  facet normal -0 0 1
    outer loop
      vertex 8.91293 -9.86115 31.6
      vertex 11.9 -10.4 31.6
      vertex 9.09776 -9.51537 31.6
    endloop
  endfacet
  facet normal 0 0 1
    outer loop
      vertex 8.66422 10.1642 31.6
      vertex 11.2801 12.2263 31.6
      vertex 11.0213 12.5213 31.6
    endloop
  endfacet
  facet normal 0 0 1
    outer loop
      vertex 11.9 -10.4 31.6
      vertex 8.91293 -9.86115 31.6
      vertex 11.8743 -10.7916 31.6
    endloop
  endfacet
  facet normal 0 0 1
    outer loop
      vertex 8.66422 10.1642 31.6
      vertex 11.0213 12.5213 31.6
      vertex 10.7263 12.7801 31.6
    endloop
  endfacet
  facet normal 0 0 1
    outer loop
      vertex 11.8743 -10.7916 31.6
      vertex 8.91293 -9.86115 31.6
      vertex 11.7978 -11.1765 31.6
    endloop
  endfacet
  facet normal 0 0 1
    outer loop
      vertex 8.66422 10.1642 31.6
      vertex 10.7263 12.7801 31.6
      vertex 10.4 12.9981 31.6
    endloop
  endfacet
  facet normal 0 0 1
    outer loop
      vertex 11.7978 -11.1765 31.6
      vertex 8.91293 -9.86115 31.6
      vertex 11.6716 -11.548 31.6
    endloop
  endfacet
  facet normal 0 0 1
    outer loop
      vertex 8.36115 10.4129 31.6
      vertex 10.4 12.9981 31.6
      vertex 10.048 13.1716 31.6
    endloop
  endfacet
  facet normal 0 0 1
    outer loop
      vertex 11.6716 -11.548 31.6
      vertex 8.91293 -9.86115 31.6
      vertex 11.4981 -11.9 31.6
    endloop
  endfacet
  facet normal 0 0 1
    outer loop
      vertex 8.36115 10.4129 31.6
      vertex 10.048 13.1716 31.6
      vertex 9.67645 13.2978 31.6
    endloop
  endfacet
  facet normal -0 0 1
    outer loop
      vertex 8.66422 -10.1642 31.6
      vertex 11.4981 -11.9 31.6
      vertex 8.91293 -9.86115 31.6
    endloop
  endfacet
  facet normal 0 0 1
    outer loop
      vertex 8.36115 10.4129 31.6
      vertex 9.67645 13.2978 31.6
      vertex 9.29156 13.3743 31.6
    endloop
  endfacet
  facet normal 0 0 1
    outer loop
      vertex 11.4981 -11.9 31.6
      vertex 8.66422 -10.1642 31.6
      vertex 11.2801 -12.2263 31.6
    endloop
  endfacet
  facet normal 0 0 1
    outer loop
      vertex 11.2801 -12.2263 31.6
      vertex 8.66422 -10.1642 31.6
      vertex 11.0213 -12.5213 31.6
    endloop
  endfacet
  facet normal 0 0 1
    outer loop
      vertex 11.9 10.4 31.6
      vertex 9.21156 9.14018 31.6
      vertex 9.25 8.75 31.6
    endloop
  endfacet
  facet normal 0 0 1
    outer loop
      vertex 11.9 10.4 31.6
      vertex 9.09776 9.51537 31.6
      vertex 9.21156 9.14018 31.6
    endloop
  endfacet
  facet normal 0 0 1
    outer loop
      vertex 11.9 10.4 31.6
      vertex 8.91293 9.86115 31.6
      vertex 9.09776 9.51537 31.6
    endloop
  endfacet
  facet normal 0 0 1
    outer loop
      vertex 8.36115 10.4129 31.6
      vertex 9.29156 13.3743 31.6
      vertex 8.89999 13.4 31.6
    endloop
  endfacet
  facet normal 0 0 1
    outer loop
      vertex 11.4981 11.9 31.6
      vertex 8.66422 10.1642 31.6
      vertex 8.91293 9.86115 31.6
    endloop
  endfacet
  facet normal 0 0 1
    outer loop
      vertex 10.4 12.9981 31.6
      vertex 8.36115 10.4129 31.6
      vertex 8.66422 10.1642 31.6
    endloop
  endfacet
  facet normal 0 0 1
    outer loop
      vertex 8.89999 13.4 31.6
      vertex 8.01537 10.5978 31.6
      vertex 8.36115 10.4129 31.6
    endloop
  endfacet
  facet normal 0 0 1
    outer loop
      vertex 8.89999 13.4 31.6
      vertex 7.64018 10.7116 31.6
      vertex 8.01537 10.5978 31.6
    endloop
  endfacet
  facet normal 0 0 1
    outer loop
      vertex 8.89999 13.4 31.6
      vertex 7.25 10.75 31.6
      vertex 7.64018 10.7116 31.6
    endloop
  endfacet
  facet normal 0 0 1
    outer loop
      vertex 8.89999 13.4 31.6
      vertex -7.25 10.75 31.6
      vertex 7.25 10.75 31.6
    endloop
  endfacet
  facet normal -0 0 1
    outer loop
      vertex -8.89999 13.4 31.6
      vertex -7.25 10.75 31.6
      vertex 8.89999 13.4 31.6
    endloop
  endfacet
  facet normal 0 0 1
    outer loop
      vertex -7.25 10.75 31.6
      vertex -8.89999 13.4 31.6
      vertex -7.64018 10.7116 31.6
    endloop
  endfacet
  facet normal 0 0 1
    outer loop
      vertex -8.89999 13.4 31.6
      vertex -8.01537 10.5978 31.6
      vertex -7.64018 10.7116 31.6
    endloop
  endfacet
  facet normal 0 0 1
    outer loop
      vertex -8.89999 13.4 31.6
      vertex -8.36115 10.4129 31.6
      vertex -8.01537 10.5978 31.6
    endloop
  endfacet
  facet normal -0 0 1
    outer loop
      vertex -9.29156 13.3743 31.6
      vertex -8.36115 10.4129 31.6
      vertex -8.89999 13.4 31.6
    endloop
  endfacet
  facet normal -0 0 1
    outer loop
      vertex -9.67645 13.2978 31.6
      vertex -8.36115 10.4129 31.6
      vertex -9.29156 13.3743 31.6
    endloop
  endfacet
  facet normal -0 0 1
    outer loop
      vertex -10.048 13.1716 31.6
      vertex -8.36115 10.4129 31.6
      vertex -9.67645 13.2978 31.6
    endloop
  endfacet
  facet normal -0 0 1
    outer loop
      vertex -10.4 12.9981 31.6
      vertex -8.36115 10.4129 31.6
      vertex -10.048 13.1716 31.6
    endloop
  endfacet
  facet normal 0 0 1
    outer loop
      vertex -8.36115 10.4129 31.6
      vertex -10.4 12.9981 31.6
      vertex -8.66422 10.1642 31.6
    endloop
  endfacet
  facet normal -0 0 1
    outer loop
      vertex -11.0213 12.5213 31.6
      vertex -8.66422 10.1642 31.6
      vertex -10.7263 12.7801 31.6
    endloop
  endfacet
  facet normal -0 0 1
    outer loop
      vertex -10.7263 12.7801 31.6
      vertex -8.66422 10.1642 31.6
      vertex -10.4 12.9981 31.6
    endloop
  endfacet
  facet normal 0 0 1
    outer loop
      vertex 11.0213 -12.5213 31.6
      vertex 8.66422 -10.1642 31.6
      vertex 10.7263 -12.7801 31.6
    endloop
  endfacet
  facet normal 0 0 1
    outer loop
      vertex 10.7263 -12.7801 31.6
      vertex 8.66422 -10.1642 31.6
      vertex 10.4 -12.9981 31.6
    endloop
  endfacet
  facet normal -0 0 1
    outer loop
      vertex 8.36115 -10.4129 31.6
      vertex 10.4 -12.9981 31.6
      vertex 8.66422 -10.1642 31.6
    endloop
  endfacet
  facet normal 0 0 1
    outer loop
      vertex 10.4 -12.9981 31.6
      vertex 8.36115 -10.4129 31.6
      vertex 10.048 -13.1716 31.6
    endloop
  endfacet
  facet normal 0 0 1
    outer loop
      vertex 10.048 -13.1716 31.6
      vertex 8.36115 -10.4129 31.6
      vertex 9.67645 -13.2978 31.6
    endloop
  endfacet
  facet normal 0 0 1
    outer loop
      vertex 9.67645 -13.2978 31.6
      vertex 8.36115 -10.4129 31.6
      vertex 9.29156 -13.3743 31.6
    endloop
  endfacet
  facet normal 0 0 1
    outer loop
      vertex 9.29156 -13.3743 31.6
      vertex 8.36115 -10.4129 31.6
      vertex 8.89999 -13.4 31.6
    endloop
  endfacet
  facet normal -0 0 1
    outer loop
      vertex 8.01537 -10.5978 31.6
      vertex 8.89999 -13.4 31.6
      vertex 8.36115 -10.4129 31.6
    endloop
  endfacet
  facet normal -0 0 1
    outer loop
      vertex 7.64018 -10.7116 31.6
      vertex 8.89999 -13.4 31.6
      vertex 8.01537 -10.5978 31.6
    endloop
  endfacet
  facet normal -0 0 1
    outer loop
      vertex 7.25 -10.75 31.6
      vertex 8.89999 -13.4 31.6
      vertex 7.64018 -10.7116 31.6
    endloop
  endfacet
  facet normal -0 0 1
    outer loop
      vertex -7.25 -10.75 31.6
      vertex 8.89999 -13.4 31.6
      vertex 7.25 -10.75 31.6
    endloop
  endfacet
  facet normal 0 0 1
    outer loop
      vertex -8.89999 -13.4 31.6
      vertex -7.25 -10.75 31.6
      vertex -7.64018 -10.7116 31.6
    endloop
  endfacet
  facet normal 0 0 1
    outer loop
      vertex -7.25 -10.75 31.6
      vertex -8.89999 -13.4 31.6
      vertex 8.89999 -13.4 31.6
    endloop
  endfacet
  facet normal 0 0 1
    outer loop
      vertex -8.01537 -10.5978 31.6
      vertex -8.89999 -13.4 31.6
      vertex -7.64018 -10.7116 31.6
    endloop
  endfacet
  facet normal 0 0 1
    outer loop
      vertex -8.36115 -10.4129 31.6
      vertex -8.89999 -13.4 31.6
      vertex -8.01537 -10.5978 31.6
    endloop
  endfacet
  facet normal 0 0 1
    outer loop
      vertex -10.4 -12.9981 31.6
      vertex -8.36115 -10.4129 31.6
      vertex -8.66422 -10.1642 31.6
    endloop
  endfacet
  facet normal 0 0 1
    outer loop
      vertex -11.4981 -11.9 31.6
      vertex -8.66422 -10.1642 31.6
      vertex -8.91293 -9.86115 31.6
    endloop
  endfacet
  facet normal 0 0 1
    outer loop
      vertex -11.9 -10.4 31.6
      vertex -8.91293 -9.86115 31.6
      vertex -9.09776 -9.51537 31.6
    endloop
  endfacet
  facet normal 0 0 1
    outer loop
      vertex -11.9 -10.4 31.6
      vertex -9.09776 -9.51537 31.6
      vertex -9.21156 -9.14018 31.6
    endloop
  endfacet
  facet normal 0 0 1
    outer loop
      vertex -11.9 -10.4 31.6
      vertex -9.21156 -9.14018 31.6
      vertex -9.25 -8.75 31.6
    endloop
  endfacet
  facet normal 0 0 1
    outer loop
      vertex -8.36115 -10.4129 31.6
      vertex -9.29156 -13.3743 31.6
      vertex -8.89999 -13.4 31.6
    endloop
  endfacet
  facet normal 0 0 1
    outer loop
      vertex -9.25 8.75 31.6
      vertex -11.9 10.4 31.6
      vertex -9.25 -8.75 31.6
    endloop
  endfacet
  facet normal -0 0 1
    outer loop
      vertex -11.2801 12.2263 31.6
      vertex -8.66422 10.1642 31.6
      vertex -11.0213 12.5213 31.6
    endloop
  endfacet
  facet normal 0 0 1
    outer loop
      vertex -11.9 -10.4 31.6
      vertex -9.25 -8.75 31.6
      vertex -11.9 10.4 31.6
    endloop
  endfacet
  facet normal -0 0 1
    outer loop
      vertex -11.4981 11.9 31.6
      vertex -8.66422 10.1642 31.6
      vertex -11.2801 12.2263 31.6
    endloop
  endfacet
  facet normal 0 0 1
    outer loop
      vertex -8.91293 -9.86115 31.6
      vertex -11.9 -10.4 31.6
      vertex -11.8743 -10.7916 31.6
    endloop
  endfacet
  facet normal 0 0 1
    outer loop
      vertex -8.66422 10.1642 31.6
      vertex -11.4981 11.9 31.6
      vertex -8.91293 9.86115 31.6
    endloop
  endfacet
  facet normal 0 0 1
    outer loop
      vertex -8.36115 -10.4129 31.6
      vertex -9.67645 -13.2978 31.6
      vertex -9.29156 -13.3743 31.6
    endloop
  endfacet
  facet normal -0 0 1
    outer loop
      vertex -11.6716 11.548 31.6
      vertex -8.91293 9.86115 31.6
      vertex -11.4981 11.9 31.6
    endloop
  endfacet
  facet normal 0 0 1
    outer loop
      vertex -8.36115 -10.4129 31.6
      vertex -10.048 -13.1716 31.6
      vertex -9.67645 -13.2978 31.6
    endloop
  endfacet
  facet normal -0 0 1
    outer loop
      vertex -11.7978 11.1765 31.6
      vertex -8.91293 9.86115 31.6
      vertex -11.6716 11.548 31.6
    endloop
  endfacet
  facet normal 0 0 1
    outer loop
      vertex -8.36115 -10.4129 31.6
      vertex -10.4 -12.9981 31.6
      vertex -10.048 -13.1716 31.6
    endloop
  endfacet
  facet normal -0 0 1
    outer loop
      vertex -11.8743 10.7916 31.6
      vertex -8.91293 9.86115 31.6
      vertex -11.7978 11.1765 31.6
    endloop
  endfacet
  facet normal 0 0 1
    outer loop
      vertex -8.66422 -10.1642 31.6
      vertex -10.7263 -12.7801 31.6
      vertex -10.4 -12.9981 31.6
    endloop
  endfacet
  facet normal -0 0 1
    outer loop
      vertex -11.9 10.4 31.6
      vertex -8.91293 9.86115 31.6
      vertex -11.8743 10.7916 31.6
    endloop
  endfacet
  facet normal 0 0 1
    outer loop
      vertex -8.66422 -10.1642 31.6
      vertex -11.0213 -12.5213 31.6
      vertex -10.7263 -12.7801 31.6
    endloop
  endfacet
  facet normal 0 0 1
    outer loop
      vertex -8.91293 9.86115 31.6
      vertex -11.9 10.4 31.6
      vertex -9.09776 9.51537 31.6
    endloop
  endfacet
  facet normal 0 0 1
    outer loop
      vertex -8.66422 -10.1642 31.6
      vertex -11.2801 -12.2263 31.6
      vertex -11.0213 -12.5213 31.6
    endloop
  endfacet
  facet normal 0 0 1
    outer loop
      vertex -9.09776 9.51537 31.6
      vertex -11.9 10.4 31.6
      vertex -9.21156 9.14018 31.6
    endloop
  endfacet
  facet normal 0 0 1
    outer loop
      vertex -8.66422 -10.1642 31.6
      vertex -11.4981 -11.9 31.6
      vertex -11.2801 -12.2263 31.6
    endloop
  endfacet
  facet normal 0 0 1
    outer loop
      vertex -9.21156 9.14018 31.6
      vertex -11.9 10.4 31.6
      vertex -9.25 8.75 31.6
    endloop
  endfacet
  facet normal 0 0 1
    outer loop
      vertex -8.91293 -9.86115 31.6
      vertex -11.6716 -11.548 31.6
      vertex -11.4981 -11.9 31.6
    endloop
  endfacet
  facet normal 0 0 1
    outer loop
      vertex -8.91293 -9.86115 31.6
      vertex -11.7978 -11.1765 31.6
      vertex -11.6716 -11.548 31.6
    endloop
  endfacet
  facet normal 0 0 1
    outer loop
      vertex -8.91293 -9.86115 31.6
      vertex -11.8743 -10.7916 31.6
      vertex -11.7978 -11.1765 31.6
    endloop
  endfacet
  facet normal -1 0 0
    outer loop
      vertex -11.9 -10.4 25.99
      vertex -11.9 10.4 31.6
      vertex -11.9 10.4 25.99
    endloop
  endfacet
  facet normal -1 -0 0
    outer loop
      vertex -11.9 10.4 31.6
      vertex -11.9 -10.4 25.99
      vertex -11.9 -10.4 31.6
    endloop
  endfacet
  facet normal 0 -1 0
    outer loop
      vertex -8.89999 -13.4 25.99
      vertex 8.89999 -13.4 31.6
      vertex -8.89999 -13.4 31.6
    endloop
  endfacet
  facet normal 0 -1 -0
    outer loop
      vertex 8.89999 -13.4 31.6
      vertex -8.89999 -13.4 25.99
      vertex 8.89999 -13.4 25.99
    endloop
  endfacet
  facet normal 0.0654923 0.997853 -0
    outer loop
      vertex 9.29156 13.3743 26
      vertex 8.89999 13.4 31.6
      vertex 9.29156 13.3743 31.6
    endloop
  endfacet
  facet normal 0.0654923 0.997853 0
    outer loop
      vertex 8.89999 13.4 31.6
      vertex 9.29156 13.3743 26
      vertex 8.89999 13.4 26
    endloop
  endfacet
  facet normal 0 1 -0
    outer loop
      vertex 8.89999 13.4 26
      vertex -8.89999 13.4 31.6
      vertex 8.89999 13.4 31.6
    endloop
  endfacet
  facet normal 0 1 0
    outer loop
      vertex -8.89999 13.4 31.6
      vertex 8.89999 13.4 26
      vertex -8.89999 13.4 26
    endloop
  endfacet
  facet normal 1 -0 0
    outer loop
      vertex 11.9 -10.4 31.6
      vertex 11.9 10.4 25.99
      vertex 11.9 10.4 31.6
    endloop
  endfacet
  facet normal 1 0 0
    outer loop
      vertex 11.9 10.4 25.99
      vertex 11.9 -10.4 31.6
      vertex 11.9 -10.4 25.99
    endloop
  endfacet
  facet normal 0.751724 -0.659478 0
    outer loop
      vertex 11.0213 -12.5213 31.6
      vertex 11.2801 -12.2263 25.99
      vertex 11.2801 -12.2263 31.6
    endloop
  endfacet
  facet normal 0.751724 -0.659478 0
    outer loop
      vertex 11.2801 -12.2263 25.99
      vertex 11.0213 -12.5213 31.6
      vertex 11.0213 -12.5213 25.99
    endloop
  endfacet
  facet normal -0.555523 0.831501 0
    outer loop
      vertex -10.4 12.9981 26
      vertex -10.7263 12.7801 31.6
      vertex -10.4 12.9981 31.6
    endloop
  endfacet
  facet normal -0.555523 0.831501 0
    outer loop
      vertex -10.7263 12.7801 31.6
      vertex -10.4 12.9981 26
      vertex -10.7263 12.7801 26
    endloop
  endfacet
  facet normal -0.659478 -0.751724 0
    outer loop
      vertex -11.0213 -12.5213 25.99
      vertex -10.7263 -12.7801 31.6
      vertex -11.0213 -12.5213 31.6
    endloop
  endfacet
  facet normal -0.659478 -0.751724 -0
    outer loop
      vertex -10.7263 -12.7801 31.6
      vertex -11.0213 -12.5213 25.99
      vertex -10.7263 -12.7801 25.99
    endloop
  endfacet
  facet normal -0.751724 -0.659478 0
    outer loop
      vertex -11.0213 -12.5213 25.99
      vertex -11.2801 -12.2263 31.6
      vertex -11.2801 -12.2263 25.99
    endloop
  endfacet
  facet normal -0.751724 -0.659478 0
    outer loop
      vertex -11.2801 -12.2263 31.6
      vertex -11.0213 -12.5213 25.99
      vertex -11.0213 -12.5213 31.6
    endloop
  endfacet
  facet normal -0.0654923 -0.997853 0
    outer loop
      vertex -9.29156 -13.3743 25.99
      vertex -8.89999 -13.4 31.6
      vertex -9.29156 -13.3743 31.6
    endloop
  endfacet
  facet normal -0.0654923 -0.997853 -0
    outer loop
      vertex -8.89999 -13.4 31.6
      vertex -9.29156 -13.3743 25.99
      vertex -8.89999 -13.4 25.99
    endloop
  endfacet
  facet normal 0.0654923 -0.997853 0
    outer loop
      vertex 8.89999 -13.4 25.99
      vertex 9.29156 -13.3743 31.6
      vertex 8.89999 -13.4 31.6
    endloop
  endfacet
  facet normal 0.0654923 -0.997853 0
    outer loop
      vertex 9.29156 -13.3743 31.6
      vertex 8.89999 -13.4 25.99
      vertex 9.29156 -13.3743 25.99
    endloop
  endfacet
  facet normal 0.659478 0.751724 -0
    outer loop
      vertex 11.0213 12.5213 26
      vertex 10.7263 12.7801 31.6
      vertex 11.0213 12.5213 31.6
    endloop
  endfacet
  facet normal 0.659478 0.751724 0
    outer loop
      vertex 10.7263 12.7801 31.6
      vertex 11.0213 12.5213 26
      vertex 10.7263 12.7801 26
    endloop
  endfacet
  facet normal 0.751724 0.659478 0
    outer loop
      vertex 11.2801 12.2263 31.6
      vertex 11.0213 12.5213 26
      vertex 11.0213 12.5213 31.6
    endloop
  endfacet
  facet normal 0.751724 0.659478 0
    outer loop
      vertex 11.0213 12.5213 26
      vertex 11.2801 12.2263 31.6
      vertex 11.2801 12.2263 26
    endloop
  endfacet
  facet normal -0.0654923 0.997853 0
    outer loop
      vertex -8.89999 13.4 26
      vertex -9.29156 13.3743 31.6
      vertex -8.89999 13.4 31.6
    endloop
  endfacet
  facet normal -0.0654923 0.997853 0
    outer loop
      vertex -9.29156 13.3743 31.6
      vertex -8.89999 13.4 26
      vertex -9.29156 13.3743 26
    endloop
  endfacet
  facet normal 0.997853 -0.0654873 0
    outer loop
      vertex 11.8743 -10.7916 31.6
      vertex 11.9 -10.4 25.99
      vertex 11.9 -10.4 31.6
    endloop
  endfacet
  facet normal 0.997853 -0.0654873 0
    outer loop
      vertex 11.9 -10.4 25.99
      vertex 11.8743 -10.7916 31.6
      vertex 11.8743 -10.7916 25.99
    endloop
  endfacet
  facet normal 0.980815 -0.19494 0
    outer loop
      vertex 11.7978 -11.1765 31.6
      vertex 11.8743 -10.7916 25.99
      vertex 11.8743 -10.7916 31.6
    endloop
  endfacet
  facet normal 0.980815 -0.19494 0
    outer loop
      vertex 11.8743 -10.7916 25.99
      vertex 11.7978 -11.1765 31.6
      vertex 11.7978 -11.1765 25.99
    endloop
  endfacet
  facet normal -0.44211 0.896961 0
    outer loop
      vertex -10.048 13.1716 26
      vertex -10.4 12.9981 31.6
      vertex -10.048 13.1716 31.6
    endloop
  endfacet
  facet normal -0.44211 0.896961 0
    outer loop
      vertex -10.4 12.9981 31.6
      vertex -10.048 13.1716 26
      vertex -10.4 12.9981 26
    endloop
  endfacet
  facet normal -0.321613 0.946871 0
    outer loop
      vertex -9.67645 13.2978 26
      vertex -10.048 13.1716 31.6
      vertex -9.67645 13.2978 31.6
    endloop
  endfacet
  facet normal -0.321613 0.946871 0
    outer loop
      vertex -10.048 13.1716 31.6
      vertex -9.67645 13.2978 26
      vertex -10.048 13.1716 26
    endloop
  endfacet
  facet normal -0.751724 0.659478 0
    outer loop
      vertex -11.2801 12.2263 26
      vertex -11.0213 12.5213 31.6
      vertex -11.0213 12.5213 26
    endloop
  endfacet
  facet normal -0.751724 0.659478 0
    outer loop
      vertex -11.0213 12.5213 31.6
      vertex -11.2801 12.2263 26
      vertex -11.2801 12.2263 31.6
    endloop
  endfacet
  facet normal -0.831501 0.555523 0
    outer loop
      vertex -11.4981 11.9 26
      vertex -11.2801 12.2263 31.6
      vertex -11.2801 12.2263 26
    endloop
  endfacet
  facet normal -0.831501 0.555523 0
    outer loop
      vertex -11.2801 12.2263 31.6
      vertex -11.4981 11.9 26
      vertex -11.4981 11.9 31.6
    endloop
  endfacet
  facet normal -0.980815 -0.19494 0
    outer loop
      vertex -11.7978 -11.1765 25.99
      vertex -11.8743 -10.7916 31.6
      vertex -11.8743 -10.7916 25.99
    endloop
  endfacet
  facet normal -0.980815 -0.19494 0
    outer loop
      vertex -11.8743 -10.7916 31.6
      vertex -11.7978 -11.1765 25.99
      vertex -11.7978 -11.1765 31.6
    endloop
  endfacet
  facet normal -0.997853 -0.0654873 0
    outer loop
      vertex -11.8743 -10.7916 25.99
      vertex -11.9 -10.4 31.6
      vertex -11.9 -10.4 25.99
    endloop
  endfacet
  facet normal -0.997853 -0.0654873 0
    outer loop
      vertex -11.9 -10.4 31.6
      vertex -11.8743 -10.7916 25.99
      vertex -11.8743 -10.7916 31.6
    endloop
  endfacet
  facet normal -0.44211 -0.896961 0
    outer loop
      vertex -10.4 -12.9981 25.99
      vertex -10.048 -13.1716 31.6
      vertex -10.4 -12.9981 31.6
    endloop
  endfacet
  facet normal -0.44211 -0.896961 -0
    outer loop
      vertex -10.048 -13.1716 31.6
      vertex -10.4 -12.9981 25.99
      vertex -10.048 -13.1716 25.99
    endloop
  endfacet
  facet normal -0.194945 -0.980814 0
    outer loop
      vertex -9.67645 -13.2978 25.99
      vertex -9.29156 -13.3743 31.6
      vertex -9.67645 -13.2978 31.6
    endloop
  endfacet
  facet normal -0.194945 -0.980814 -0
    outer loop
      vertex -9.29156 -13.3743 31.6
      vertex -9.67645 -13.2978 25.99
      vertex -9.29156 -13.3743 25.99
    endloop
  endfacet
  facet normal -0.321613 -0.946871 0
    outer loop
      vertex -10.048 -13.1716 25.99
      vertex -9.67645 -13.2978 31.6
      vertex -10.048 -13.1716 31.6
    endloop
  endfacet
  facet normal -0.321613 -0.946871 -0
    outer loop
      vertex -9.67645 -13.2978 31.6
      vertex -10.048 -13.1716 25.99
      vertex -9.67645 -13.2978 25.99
    endloop
  endfacet
  facet normal 0.555523 0.831501 -0
    outer loop
      vertex 10.7263 12.7801 26
      vertex 10.4 12.9981 31.6
      vertex 10.7263 12.7801 31.6
    endloop
  endfacet
  facet normal 0.555523 0.831501 0
    outer loop
      vertex 10.4 12.9981 31.6
      vertex 10.7263 12.7801 26
      vertex 10.4 12.9981 26
    endloop
  endfacet
  facet normal 0.44211 0.896961 -0
    outer loop
      vertex 10.4 12.9981 26
      vertex 10.048 13.1716 31.6
      vertex 10.4 12.9981 31.6
    endloop
  endfacet
  facet normal 0.44211 0.896961 0
    outer loop
      vertex 10.048 13.1716 31.6
      vertex 10.4 12.9981 26
      vertex 10.048 13.1716 26
    endloop
  endfacet
  facet normal 0.321613 0.946871 -0
    outer loop
      vertex 10.048 13.1716 26
      vertex 9.67645 13.2978 31.6
      vertex 10.048 13.1716 31.6
    endloop
  endfacet
  facet normal 0.321613 0.946871 0
    outer loop
      vertex 9.67645 13.2978 31.6
      vertex 10.048 13.1716 26
      vertex 9.67645 13.2978 26
    endloop
  endfacet
  facet normal 0.997853 0.0654873 0
    outer loop
      vertex 11.9 10.4 31.6
      vertex 11.8743 10.7916 26
      vertex 11.8743 10.7916 31.6
    endloop
  endfacet
  facet normal 0.997853 0.0654873 -0
    outer loop
      vertex 11.9 10.4 25.99
      vertex 11.8743 10.7916 26
      vertex 11.9 10.4 31.6
    endloop
  endfacet
  facet normal 0.997853 0.0654873 0
    outer loop
      vertex 11.8743 10.7916 26
      vertex 11.9 10.4 25.99
      vertex 11.8743 10.7916 25.99
    endloop
  endfacet
  facet normal 0.980815 0.19494 0
    outer loop
      vertex 11.8743 10.7916 31.6
      vertex 11.7978 11.1765 26
      vertex 11.7978 11.1765 31.6
    endloop
  endfacet
  facet normal 0.980815 0.19494 0
    outer loop
      vertex 11.7978 11.1765 26
      vertex 11.8743 10.7916 31.6
      vertex 11.8743 10.7916 26
    endloop
  endfacet
  facet normal 0.896961 0.44211 0
    outer loop
      vertex 11.6716 11.548 31.6
      vertex 11.4981 11.9 26
      vertex 11.4981 11.9 31.6
    endloop
  endfacet
  facet normal 0.896961 0.44211 0
    outer loop
      vertex 11.4981 11.9 26
      vertex 11.6716 11.548 31.6
      vertex 11.6716 11.548 26
    endloop
  endfacet
  facet normal 0.896961 -0.44211 0
    outer loop
      vertex 11.4981 -11.9 31.6
      vertex 11.6716 -11.548 25.99
      vertex 11.6716 -11.548 31.6
    endloop
  endfacet
  facet normal 0.896961 -0.44211 0
    outer loop
      vertex 11.6716 -11.548 25.99
      vertex 11.4981 -11.9 31.6
      vertex 11.4981 -11.9 25.99
    endloop
  endfacet
  facet normal 0.44211 -0.896961 0
    outer loop
      vertex 10.048 -13.1716 25.99
      vertex 10.4 -12.9981 31.6
      vertex 10.048 -13.1716 31.6
    endloop
  endfacet
  facet normal 0.44211 -0.896961 0
    outer loop
      vertex 10.4 -12.9981 31.6
      vertex 10.048 -13.1716 25.99
      vertex 10.4 -12.9981 25.99
    endloop
  endfacet
  facet normal -0.659478 0.751724 0
    outer loop
      vertex -10.7263 12.7801 26
      vertex -11.0213 12.5213 31.6
      vertex -10.7263 12.7801 31.6
    endloop
  endfacet
  facet normal -0.659478 0.751724 0
    outer loop
      vertex -11.0213 12.5213 31.6
      vertex -10.7263 12.7801 26
      vertex -11.0213 12.5213 26
    endloop
  endfacet
  facet normal -0.980815 0.19494 0
    outer loop
      vertex -11.8743 10.7916 26
      vertex -11.7978 11.1765 31.6
      vertex -11.7978 11.1765 26
    endloop
  endfacet
  facet normal -0.980815 0.19494 0
    outer loop
      vertex -11.7978 11.1765 31.6
      vertex -11.8743 10.7916 26
      vertex -11.8743 10.7916 31.6
    endloop
  endfacet
  facet normal -0.896961 0.44211 0
    outer loop
      vertex -11.6716 11.548 26
      vertex -11.4981 11.9 31.6
      vertex -11.4981 11.9 26
    endloop
  endfacet
  facet normal -0.896961 0.44211 0
    outer loop
      vertex -11.4981 11.9 31.6
      vertex -11.6716 11.548 26
      vertex -11.6716 11.548 31.6
    endloop
  endfacet
  facet normal -0.946858 0.321651 0
    outer loop
      vertex -11.7978 11.1765 26
      vertex -11.6716 11.548 31.6
      vertex -11.6716 11.548 26
    endloop
  endfacet
  facet normal -0.946858 0.321651 0
    outer loop
      vertex -11.6716 11.548 31.6
      vertex -11.7978 11.1765 26
      vertex -11.7978 11.1765 31.6
    endloop
  endfacet
  facet normal -0.946858 -0.321651 0
    outer loop
      vertex -11.6716 -11.548 25.99
      vertex -11.7978 -11.1765 31.6
      vertex -11.7978 -11.1765 25.99
    endloop
  endfacet
  facet normal -0.946858 -0.321651 0
    outer loop
      vertex -11.7978 -11.1765 31.6
      vertex -11.6716 -11.548 25.99
      vertex -11.6716 -11.548 31.6
    endloop
  endfacet
  facet normal -0.831501 -0.555523 0
    outer loop
      vertex -11.2801 -12.2263 25.99
      vertex -11.4981 -11.9 31.6
      vertex -11.4981 -11.9 25.99
    endloop
  endfacet
  facet normal -0.831501 -0.555523 0
    outer loop
      vertex -11.4981 -11.9 31.6
      vertex -11.2801 -12.2263 25.99
      vertex -11.2801 -12.2263 31.6
    endloop
  endfacet
  facet normal -0.555523 -0.831501 0
    outer loop
      vertex -10.7263 -12.7801 25.99
      vertex -10.4 -12.9981 31.6
      vertex -10.7263 -12.7801 31.6
    endloop
  endfacet
  facet normal -0.555523 -0.831501 -0
    outer loop
      vertex -10.4 -12.9981 31.6
      vertex -10.7263 -12.7801 25.99
      vertex -10.4 -12.9981 25.99
    endloop
  endfacet
  facet normal 0.194945 0.980814 -0
    outer loop
      vertex 9.67645 13.2978 26
      vertex 9.29156 13.3743 31.6
      vertex 9.67645 13.2978 31.6
    endloop
  endfacet
  facet normal 0.194945 0.980814 0
    outer loop
      vertex 9.29156 13.3743 31.6
      vertex 9.67645 13.2978 26
      vertex 9.29156 13.3743 26
    endloop
  endfacet
  facet normal 0.946858 0.321651 0
    outer loop
      vertex 11.7978 11.1765 31.6
      vertex 11.6716 11.548 26
      vertex 11.6716 11.548 31.6
    endloop
  endfacet
  facet normal 0.946858 0.321651 0
    outer loop
      vertex 11.6716 11.548 26
      vertex 11.7978 11.1765 31.6
      vertex 11.7978 11.1765 26
    endloop
  endfacet
  facet normal 0.946858 -0.321651 0
    outer loop
      vertex 11.6716 -11.548 31.6
      vertex 11.7978 -11.1765 25.99
      vertex 11.7978 -11.1765 31.6
    endloop
  endfacet
  facet normal 0.946858 -0.321651 0
    outer loop
      vertex 11.7978 -11.1765 25.99
      vertex 11.6716 -11.548 31.6
      vertex 11.6716 -11.548 25.99
    endloop
  endfacet
  facet normal 0.831501 -0.555523 0
    outer loop
      vertex 11.2801 -12.2263 31.6
      vertex 11.4981 -11.9 25.99
      vertex 11.4981 -11.9 31.6
    endloop
  endfacet
  facet normal 0.831501 -0.555523 0
    outer loop
      vertex 11.4981 -11.9 25.99
      vertex 11.2801 -12.2263 31.6
      vertex 11.2801 -12.2263 25.99
    endloop
  endfacet
  facet normal 0.555523 -0.831501 0
    outer loop
      vertex 10.4 -12.9981 25.99
      vertex 10.7263 -12.7801 31.6
      vertex 10.4 -12.9981 31.6
    endloop
  endfacet
  facet normal 0.555523 -0.831501 0
    outer loop
      vertex 10.7263 -12.7801 31.6
      vertex 10.4 -12.9981 25.99
      vertex 10.7263 -12.7801 25.99
    endloop
  endfacet
  facet normal -0.896961 -0.44211 0
    outer loop
      vertex -11.4981 -11.9 25.99
      vertex -11.6716 -11.548 31.6
      vertex -11.6716 -11.548 25.99
    endloop
  endfacet
  facet normal -0.896961 -0.44211 0
    outer loop
      vertex -11.6716 -11.548 31.6
      vertex -11.4981 -11.9 25.99
      vertex -11.4981 -11.9 31.6
    endloop
  endfacet
  facet normal 0.659478 -0.751724 0
    outer loop
      vertex 10.7263 -12.7801 25.99
      vertex 11.0213 -12.5213 31.6
      vertex 10.7263 -12.7801 31.6
    endloop
  endfacet
  facet normal 0.659478 -0.751724 0
    outer loop
      vertex 11.0213 -12.5213 31.6
      vertex 10.7263 -12.7801 25.99
      vertex 11.0213 -12.5213 25.99
    endloop
  endfacet
  facet normal -0.194945 0.980814 0
    outer loop
      vertex -8.39157 21.9743 0
      vertex -8.77646 21.8978 0.00999928
      vertex -8.39157 21.9743 0.00999928
    endloop
  endfacet
  facet normal -0.194945 0.980814 0
    outer loop
      vertex -8.77646 21.8978 0.00999928
      vertex -8.39157 21.9743 0
      vertex -8.77646 21.8978 0
    endloop
  endfacet
  facet normal 0 -0.915777 -0.401687
    outer loop
      vertex -8 -2 0
      vertex 8.89999 -13.4 25.99
      vertex -8.89999 -13.4 25.99
    endloop
  endfacet
  facet normal 0 -0.915777 -0.401687
    outer loop
      vertex 8.89999 -13.4 25.99
      vertex -8 -2 0
      vertex 8 -2 0
    endloop
  endfacet
  facet normal 0.0622318 0.948176 0.311593
    outer loop
      vertex 8.39157 21.9743 0.00999928
      vertex 8.89999 13.4 26
      vertex 9.29156 13.3743 26
    endloop
  endfacet
  facet normal 0.0622318 0.948176 0.311593
    outer loop
      vertex 8.89999 13.4 26
      vertex 8.39157 21.9743 0.00999928
      vertex 8 22 0.00999928
    endloop
  endfacet
  facet normal 0.997771 0.0654819 -0.0128838
    outer loop
      vertex 11.8743 10.7916 25.99
      vertex 11 19 0
      vertex 10.9743 19.3916 0
    endloop
  endfacet
  facet normal 0.997771 0.0654819 -0.0128838
    outer loop
      vertex 11 19 0
      vertex 11.8743 10.7916 25.99
      vertex 11.9 10.4 25.99
    endloop
  endfacet
  facet normal -0.716979 -0.62891 -0.300688
    outer loop
      vertex -10.1213 -1.12132 0
      vertex -11.2801 -12.2263 25.99
      vertex -10.3801 -0.826279 0
    endloop
  endfacet
  facet normal -0.716932 -0.628956 -0.300705
    outer loop
      vertex -11.2801 -12.2263 25.99
      vertex -10.1213 -1.12132 0
      vertex -11.0213 -12.5213 25.99
    endloop
  endfacet
  facet normal -0.409243 -0.83028 -0.378358
    outer loop
      vertex -9.5 -1.59808 0
      vertex -10.048 -13.1716 25.99
      vertex -10.4 -12.9981 25.99
    endloop
  endfacet
  facet normal -0.409418 -0.830207 -0.378329
    outer loop
      vertex -10.048 -13.1716 25.99
      vertex -9.5 -1.59808 0
      vertex -9.14806 -1.77164 0
    endloop
  endfacet
  facet normal -0.621955 -0.708952 -0.332505
    outer loop
      vertex -10.1213 -1.12132 0
      vertex -10.7263 -12.7801 25.99
      vertex -11.0213 -12.5213 25.99
    endloop
  endfacet
  facet normal -0.621856 -0.709024 -0.332535
    outer loop
      vertex -10.7263 -12.7801 25.99
      vertex -10.1213 -1.12132 0
      vertex -9.82628 -1.38007 0
    endloop
  endfacet
  facet normal -0.0599471 -0.913365 -0.402704
    outer loop
      vertex -8.39157 -1.97433 0
      vertex -8.89999 -13.4 25.99
      vertex -9.29156 -13.3743 25.99
    endloop
  endfacet
  facet normal -0.0598774 -0.913369 -0.402705
    outer loop
      vertex -8.89999 -13.4 25.99
      vertex -8.39157 -1.97433 0
      vertex -8 -2 0
    endloop
  endfacet
  facet normal -0.932892 -0.316824 -0.171274
    outer loop
      vertex -10.7716 -0.148056 0
      vertex -11.7978 -11.1765 25.99
      vertex -10.8978 0.223541 0
    endloop
  endfacet
  facet normal -0.932862 -0.316897 -0.171304
    outer loop
      vertex -11.7978 -11.1765 25.99
      vertex -10.7716 -0.148056 0
      vertex -11.6716 -11.548 25.99
    endloop
  endfacet
  facet normal 0.0598774 -0.913369 -0.402705
    outer loop
      vertex 8.39157 -1.97433 0
      vertex 8.89999 -13.4 25.99
      vertex 8 -2 0
    endloop
  endfacet
  facet normal 0.0599471 -0.913365 -0.402704
    outer loop
      vertex 8.89999 -13.4 25.99
      vertex 8.39157 -1.97433 0
      vertex 9.29156 -13.3743 25.99
    endloop
  endfacet
  facet normal 0.643268 0.733246 0.220353
    outer loop
      vertex 10.1213 21.1213 0.00999928
      vertex 10.7263 12.7801 26
      vertex 11.0213 12.5213 26
    endloop
  endfacet
  facet normal 0.643243 0.733267 0.22036
    outer loop
      vertex 10.7263 12.7801 26
      vertex 10.1213 21.1213 0.00999928
      vertex 9.82628 21.3801 0.00999928
    endloop
  endfacet
  facet normal 0.29567 -0.871024 -0.392297
    outer loop
      vertex 9.14806 -1.77164 0
      vertex 9.67645 -13.2978 25.99
      vertex 8.77646 -1.89778 0
    endloop
  endfacet
  facet normal 0.295834 -0.870976 -0.392279
    outer loop
      vertex 9.67645 -13.2978 25.99
      vertex 9.14806 -1.77164 0
      vertex 10.048 -13.1716 25.99
    endloop
  endfacet
  facet normal 0.802238 -0.536007 -0.262889
    outer loop
      vertex 11.4981 -11.9 25.99
      vertex 10.3801 -0.826279 0
      vertex 10.5981 -0.5 0
    endloop
  endfacet
  facet normal 0.802256 -0.535985 -0.262881
    outer loop
      vertex 10.3801 -0.826279 0
      vertex 11.4981 -11.9 25.99
      vertex 11.2801 -12.2263 25.99
    endloop
  endfacet
  facet normal -0.997771 0.0654819 -0.0128838
    outer loop
      vertex -11 19 0
      vertex -11.8743 10.7916 25.99
      vertex -10.9743 19.3916 0
    endloop
  endfacet
  facet normal -0.997771 0.0654819 -0.0128838
    outer loop
      vertex -11.8743 10.7916 25.99
      vertex -11 19 0
      vertex -11.9 10.4 25.99
    endloop
  endfacet
  facet normal -0.518609 -0.776248 -0.358446
    outer loop
      vertex -9.82628 -1.38007 0
      vertex -10.4 -12.9981 25.99
      vertex -10.7263 -12.7801 25.99
    endloop
  endfacet
  facet normal -0.518649 -0.776225 -0.358437
    outer loop
      vertex -10.4 -12.9981 25.99
      vertex -9.82628 -1.38007 0
      vertex -9.5 -1.59808 0
    endloop
  endfacet
  facet normal 0.178748 -0.898737 -0.400402
    outer loop
      vertex 8.77646 -1.89778 0
      vertex 9.29156 -13.3743 25.99
      vertex 8.39157 -1.97433 0
    endloop
  endfacet
  facet normal 0.178635 -0.898756 -0.400408
    outer loop
      vertex 9.29156 -13.3743 25.99
      vertex 8.77646 -1.89778 0
      vertex 9.67645 -13.2978 25.99
    endloop
  endfacet
  facet normal 0 0 -1
    outer loop
      vertex 7.46851 1.93498 0
      vertex 11 1 0
      vertex 10.9743 0.608429 0
    endloop
  endfacet
  facet normal 0 0 -1
    outer loop
      vertex 11 1 0
      vertex 7.80558 16.2129 0
      vertex 11 19 0
    endloop
  endfacet
  facet normal 0 0 -1
    outer loop
      vertex 7.46851 1.93498 0
      vertex 10.9743 0.608429 0
      vertex 10.8978 0.223541 0
    endloop
  endfacet
  facet normal 0 0 -1
    outer loop
      vertex 7.76714 16.603 0
      vertex 11 19 0
      vertex 7.80558 16.2129 0
    endloop
  endfacet
  facet normal 0 0 -1
    outer loop
      vertex 7.46851 1.93498 0
      vertex 10.8978 0.223541 0
      vertex 10.7716 -0.148056 0
    endloop
  endfacet
  facet normal 0 0 -1
    outer loop
      vertex 7.71156 16.8902 0
      vertex 11 19 0
      vertex 7.76714 16.603 0
    endloop
  endfacet
  facet normal 0 0 -1
    outer loop
      vertex 7.46851 1.93498 0
      vertex 10.7716 -0.148056 0
      vertex 10.5981 -0.5 0
    endloop
  endfacet
  facet normal 0 0 -1
    outer loop
      vertex 7.59776 17.2654 0
      vertex 11 19 0
      vertex 7.71156 16.8902 0
    endloop
  endfacet
  facet normal 0 0 -1
    outer loop
      vertex 7.21979 1.63191 0
      vertex 10.5981 -0.5 0
      vertex 10.3801 -0.826279 0
    endloop
  endfacet
  facet normal 0 0 -1
    outer loop
      vertex 7.41293 17.6111 0
      vertex 11 19 0
      vertex 7.59776 17.2654 0
    endloop
  endfacet
  facet normal 0 0 -1
    outer loop
      vertex 7.21979 1.63191 0
      vertex 10.3801 -0.826279 0
      vertex 10.1213 -1.12132 0
    endloop
  endfacet
  facet normal -0 0 -1
    outer loop
      vertex 11 19 0
      vertex 7.41293 17.6111 0
      vertex 10.9743 19.3916 0
    endloop
  endfacet
  facet normal 0 0 -1
    outer loop
      vertex 7.21979 1.63191 0
      vertex 10.1213 -1.12132 0
      vertex 9.82628 -1.38007 0
    endloop
  endfacet
  facet normal 0 0 -1
    outer loop
      vertex 7.16422 17.9142 0
      vertex 10.9743 19.3916 0
      vertex 7.41293 17.6111 0
    endloop
  endfacet
  facet normal 0 0 -1
    outer loop
      vertex 7.21979 1.63191 0
      vertex 9.82628 -1.38007 0
      vertex 9.5 -1.59808 0
    endloop
  endfacet
  facet normal -0 0 -1
    outer loop
      vertex 10.9743 19.3916 0
      vertex 7.16422 17.9142 0
      vertex 10.8978 19.7765 0
    endloop
  endfacet
  facet normal 0 0 -1
    outer loop
      vertex 7.21979 1.63191 0
      vertex 9.5 -1.59808 0
      vertex 9.14806 -1.77164 0
    endloop
  endfacet
  facet normal 0 0 -1
    outer loop
      vertex 11 1 0
      vertex 7.80558 3.04613 0
      vertex 7.80558 16.2129 0
    endloop
  endfacet
  facet normal 0 0 -1
    outer loop
      vertex 7.21979 1.63191 0
      vertex 9.14806 -1.77164 0
      vertex 8.77646 -1.89778 0
    endloop
  endfacet
  facet normal -0 0 -1
    outer loop
      vertex 10.8978 19.7765 0
      vertex 7.16422 17.9142 0
      vertex 10.7716 20.1481 0
    endloop
  endfacet
  facet normal 0 0 -1
    outer loop
      vertex 6.91672 1.38319 0
      vertex 8.77646 -1.89778 0
      vertex 8.39157 -1.97433 0
    endloop
  endfacet
  facet normal -0 0 -1
    outer loop
      vertex 10.7716 20.1481 0
      vertex 7.16422 17.9142 0
      vertex 10.5981 20.5 0
    endloop
  endfacet
  facet normal 0 0 -1
    outer loop
      vertex 6.91672 1.38319 0
      vertex 8.39157 -1.97433 0
      vertex 8 -2 0
    endloop
  endfacet
  facet normal -0 0 -1
    outer loop
      vertex 10.5981 20.5 0
      vertex 7.16422 17.9142 0
      vertex 10.3801 20.8263 0
    endloop
  endfacet
  facet normal -0 0 -1
    outer loop
      vertex 10.3801 20.8263 0
      vertex 7.16422 17.9142 0
      vertex 10.1213 21.1213 0
    endloop
  endfacet
  facet normal 0 0 -1
    outer loop
      vertex 11 1 0
      vertex 7.76714 2.65595 0
      vertex 7.80558 3.04613 0
    endloop
  endfacet
  facet normal 0 0 -1
    outer loop
      vertex 11 1 0
      vertex 7.65334 2.28076 0
      vertex 7.76714 2.65595 0
    endloop
  endfacet
  facet normal 0 0 -1
    outer loop
      vertex 11 1 0
      vertex 7.46851 1.93498 0
      vertex 7.65334 2.28076 0
    endloop
  endfacet
  facet normal 0 0 -1
    outer loop
      vertex 10.5981 -0.5 0
      vertex 7.21979 1.63191 0
      vertex 7.46851 1.93498 0
    endloop
  endfacet
  facet normal 0 0 -1
    outer loop
      vertex 8.77646 -1.89778 0
      vertex 6.91672 1.38319 0
      vertex 7.21979 1.63191 0
    endloop
  endfacet
  facet normal 0 0 -1
    outer loop
      vertex 8 -2 0
      vertex 6.57094 1.19837 0
      vertex 6.91672 1.38319 0
    endloop
  endfacet
  facet normal 0 0 -1
    outer loop
      vertex 8 -2 0
      vertex 6.19576 1.08457 0
      vertex 6.57094 1.19837 0
    endloop
  endfacet
  facet normal 0 0 -1
    outer loop
      vertex 8 -2 0
      vertex 5.80558 1.04613 0
      vertex 6.19576 1.08457 0
    endloop
  endfacet
  facet normal 0 0 -1
    outer loop
      vertex 8 -2 0
      vertex -5.80558 1.04613 0
      vertex 5.80558 1.04613 0
    endloop
  endfacet
  facet normal 0 0 -1
    outer loop
      vertex -8 -2 0
      vertex -5.80558 1.04613 0
      vertex 8 -2 0
    endloop
  endfacet
  facet normal 0 0 -1
    outer loop
      vertex -9.82628 -1.38007 0
      vertex -7.21979 1.63191 0
      vertex -9.5 -1.59808 0
    endloop
  endfacet
  facet normal 0 0 -1
    outer loop
      vertex -9.5 -1.59808 0
      vertex -7.21979 1.63191 0
      vertex -9.14806 -1.77164 0
    endloop
  endfacet
  facet normal 0 0 -1
    outer loop
      vertex -9.14806 -1.77164 0
      vertex -7.21979 1.63191 0
      vertex -8.77646 -1.89778 0
    endloop
  endfacet
  facet normal -0 0 -1
    outer loop
      vertex -6.91672 1.38319 0
      vertex -8.77646 -1.89778 0
      vertex -7.21979 1.63191 0
    endloop
  endfacet
  facet normal 0 0 -1
    outer loop
      vertex -8.77646 -1.89778 0
      vertex -6.91672 1.38319 0
      vertex -8.39157 -1.97433 0
    endloop
  endfacet
  facet normal 0 0 -1
    outer loop
      vertex -8.39157 -1.97433 0
      vertex -6.91672 1.38319 0
      vertex -8 -2 0
    endloop
  endfacet
  facet normal -0 0 -1
    outer loop
      vertex -6.57094 1.19837 0
      vertex -8 -2 0
      vertex -6.91672 1.38319 0
    endloop
  endfacet
  facet normal -0 0 -1
    outer loop
      vertex -6.19576 1.08457 0
      vertex -8 -2 0
      vertex -6.57094 1.19837 0
    endloop
  endfacet
  facet normal -0 0 -1
    outer loop
      vertex -5.80558 1.04613 0
      vertex -8 -2 0
      vertex -6.19576 1.08457 0
    endloop
  endfacet
  facet normal -0 0 -1
    outer loop
      vertex 10.1213 21.1213 0
      vertex 7.16422 17.9142 0
      vertex 9.82628 21.3801 0
    endloop
  endfacet
  facet normal -0 0 -1
    outer loop
      vertex 9.82628 21.3801 0
      vertex 7.16422 17.9142 0
      vertex 9.5 21.5981 0
    endloop
  endfacet
  facet normal 0 0 -1
    outer loop
      vertex 6.86115 18.1629 0
      vertex 9.5 21.5981 0
      vertex 7.16422 17.9142 0
    endloop
  endfacet
  facet normal -0 0 -1
    outer loop
      vertex 9.5 21.5981 0
      vertex 6.86115 18.1629 0
      vertex 9.14806 21.7716 0
    endloop
  endfacet
  facet normal -0 0 -1
    outer loop
      vertex 9.14806 21.7716 0
      vertex 6.86115 18.1629 0
      vertex 8.77646 21.8978 0
    endloop
  endfacet
  facet normal -0 0 -1
    outer loop
      vertex 8.77646 21.8978 0
      vertex 6.86115 18.1629 0
      vertex 8.39157 21.9743 0
    endloop
  endfacet
  facet normal -0 0 -1
    outer loop
      vertex 8.39157 21.9743 0
      vertex 6.86115 18.1629 0
      vertex 8 22 0
    endloop
  endfacet
  facet normal 0 0 -1
    outer loop
      vertex 6.51537 18.3478 0
      vertex 8 22 0
      vertex 6.86115 18.1629 0
    endloop
  endfacet
  facet normal 0 0 -1
    outer loop
      vertex 6.14018 18.4616 0
      vertex 8 22 0
      vertex 6.51537 18.3478 0
    endloop
  endfacet
  facet normal 0 0 -1
    outer loop
      vertex 5.75 18.5 0
      vertex 8 22 0
      vertex 6.14018 18.4616 0
    endloop
  endfacet
  facet normal 0 0 -1
    outer loop
      vertex -5.75 18.5 0
      vertex 8 22 0
      vertex 5.75 18.5 0
    endloop
  endfacet
  facet normal 0 0 -1
    outer loop
      vertex -8 22 0
      vertex -5.75 18.5 0
      vertex -6.14018 18.4616 0
    endloop
  endfacet
  facet normal 0 0 -1
    outer loop
      vertex -5.75 18.5 0
      vertex -8 22 0
      vertex 8 22 0
    endloop
  endfacet
  facet normal 0 0 -1
    outer loop
      vertex -6.51537 18.3478 0
      vertex -8 22 0
      vertex -6.14018 18.4616 0
    endloop
  endfacet
  facet normal 0 0 -1
    outer loop
      vertex -6.86115 18.1629 0
      vertex -8 22 0
      vertex -6.51537 18.3478 0
    endloop
  endfacet
  facet normal 0 0 -1
    outer loop
      vertex -9.5 21.5981 0
      vertex -6.86115 18.1629 0
      vertex -7.16422 17.9142 0
    endloop
  endfacet
  facet normal 0 0 -1
    outer loop
      vertex -10.9743 19.3916 0
      vertex -7.16422 17.9142 0
      vertex -7.41293 17.6111 0
    endloop
  endfacet
  facet normal 0 0 -1
    outer loop
      vertex -11 19 0
      vertex -7.41293 17.6111 0
      vertex -7.59776 17.2654 0
    endloop
  endfacet
  facet normal 0 0 -1
    outer loop
      vertex -11 19 0
      vertex -7.59776 17.2654 0
      vertex -7.71156 16.8902 0
    endloop
  endfacet
  facet normal 0 0 -1
    outer loop
      vertex -11 19 0
      vertex -7.71156 16.8902 0
      vertex -7.76714 16.603 0
    endloop
  endfacet
  facet normal 0 0 -1
    outer loop
      vertex -11 19 0
      vertex -7.76714 16.603 0
      vertex -7.80558 16.2129 0
    endloop
  endfacet
  facet normal -0 0 -1
    outer loop
      vertex -7.80558 3.04613 0
      vertex -11 1 0
      vertex -7.80558 16.2129 0
    endloop
  endfacet
  facet normal 0 0 -1
    outer loop
      vertex -10.1213 -1.12132 0
      vertex -7.21979 1.63191 0
      vertex -9.82628 -1.38007 0
    endloop
  endfacet
  facet normal 0 0 -1
    outer loop
      vertex -11 19 0
      vertex -7.80558 16.2129 0
      vertex -11 1 0
    endloop
  endfacet
  facet normal 0 0 -1
    outer loop
      vertex -10.3801 -0.826279 0
      vertex -7.21979 1.63191 0
      vertex -10.1213 -1.12132 0
    endloop
  endfacet
  facet normal 0 0 -1
    outer loop
      vertex -7.41293 17.6111 0
      vertex -11 19 0
      vertex -10.9743 19.3916 0
    endloop
  endfacet
  facet normal 0 0 -1
    outer loop
      vertex -10.5981 -0.5 0
      vertex -7.21979 1.63191 0
      vertex -10.3801 -0.826279 0
    endloop
  endfacet
  facet normal 0 0 -1
    outer loop
      vertex -6.86115 18.1629 0
      vertex -8.39157 21.9743 0
      vertex -8 22 0
    endloop
  endfacet
  facet normal -0 0 -1
    outer loop
      vertex -7.21979 1.63191 0
      vertex -10.5981 -0.5 0
      vertex -7.46851 1.93498 0
    endloop
  endfacet
  facet normal 0 0 -1
    outer loop
      vertex -6.86115 18.1629 0
      vertex -8.77646 21.8978 0
      vertex -8.39157 21.9743 0
    endloop
  endfacet
  facet normal 0 0 -1
    outer loop
      vertex -10.7716 -0.148056 0
      vertex -7.46851 1.93498 0
      vertex -10.5981 -0.5 0
    endloop
  endfacet
  facet normal 0 0 -1
    outer loop
      vertex -6.86115 18.1629 0
      vertex -9.14806 21.7716 0
      vertex -8.77646 21.8978 0
    endloop
  endfacet
  facet normal 0 0 -1
    outer loop
      vertex -10.8978 0.223541 0
      vertex -7.46851 1.93498 0
      vertex -10.7716 -0.148056 0
    endloop
  endfacet
  facet normal 0 0 -1
    outer loop
      vertex -6.86115 18.1629 0
      vertex -9.5 21.5981 0
      vertex -9.14806 21.7716 0
    endloop
  endfacet
  facet normal 0 0 -1
    outer loop
      vertex -10.9743 0.608429 0
      vertex -7.46851 1.93498 0
      vertex -10.8978 0.223541 0
    endloop
  endfacet
  facet normal 0 0 -1
    outer loop
      vertex -7.16422 17.9142 0
      vertex -9.82628 21.3801 0
      vertex -9.5 21.5981 0
    endloop
  endfacet
  facet normal 0 0 -1
    outer loop
      vertex -11 1 0
      vertex -7.46851 1.93498 0
      vertex -10.9743 0.608429 0
    endloop
  endfacet
  facet normal 0 0 -1
    outer loop
      vertex -7.16422 17.9142 0
      vertex -10.1213 21.1213 0
      vertex -9.82628 21.3801 0
    endloop
  endfacet
  facet normal -0 0 -1
    outer loop
      vertex -7.46851 1.93498 0
      vertex -11 1 0
      vertex -7.65334 2.28076 0
    endloop
  endfacet
  facet normal 0 0 -1
    outer loop
      vertex -7.16422 17.9142 0
      vertex -10.3801 20.8263 0
      vertex -10.1213 21.1213 0
    endloop
  endfacet
  facet normal -0 0 -1
    outer loop
      vertex -7.65334 2.28076 0
      vertex -11 1 0
      vertex -7.76714 2.65595 0
    endloop
  endfacet
  facet normal 0 0 -1
    outer loop
      vertex -7.16422 17.9142 0
      vertex -10.5981 20.5 0
      vertex -10.3801 20.8263 0
    endloop
  endfacet
  facet normal -0 0 -1
    outer loop
      vertex -7.76714 2.65595 0
      vertex -11 1 0
      vertex -7.80558 3.04613 0
    endloop
  endfacet
  facet normal 0 0 -1
    outer loop
      vertex -7.16422 17.9142 0
      vertex -10.7716 20.1481 0
      vertex -10.5981 20.5 0
    endloop
  endfacet
  facet normal 0 0 -1
    outer loop
      vertex -7.16422 17.9142 0
      vertex -10.8978 19.7765 0
      vertex -10.7716 20.1481 0
    endloop
  endfacet
  facet normal 0 0 -1
    outer loop
      vertex -7.16422 17.9142 0
      vertex -10.9743 19.3916 0
      vertex -10.8978 19.7765 0
    endloop
  endfacet
  facet normal -0.802238 -0.536007 -0.262889
    outer loop
      vertex -10.3801 -0.826279 0
      vertex -11.4981 -11.9 25.99
      vertex -10.5981 -0.5 0
    endloop
  endfacet
  facet normal -0.802256 -0.535985 -0.262881
    outer loop
      vertex -11.4981 -11.9 25.99
      vertex -10.3801 -0.826279 0
      vertex -11.2801 -12.2263 25.99
    endloop
  endfacet
  facet normal -0.875055 -0.431381 -0.219518
    outer loop
      vertex -10.5981 -0.5 0
      vertex -11.6716 -11.548 25.99
      vertex -10.7716 -0.148056 0
    endloop
  endfacet
  facet normal -0.875087 -0.431328 -0.219497
    outer loop
      vertex -11.6716 -11.548 25.99
      vertex -10.5981 -0.5 0
      vertex -11.4981 -11.9 25.99
    endloop
  endfacet
  facet normal 0.538181 0.805543 0.247914
    outer loop
      vertex 9.82628 21.3801 0.00999928
      vertex 10.4 12.9981 26
      vertex 10.7263 12.7801 26
    endloop
  endfacet
  facet normal 0.538204 0.805529 0.247909
    outer loop
      vertex 10.4 12.9981 26
      vertex 9.82628 21.3801 0.00999928
      vertex 9.5 21.5981 0.00999928
    endloop
  endfacet
  facet normal 0.738214 0.647626 0.188734
    outer loop
      vertex 11.0213 12.5213 26
      vertex 10.3801 20.8263 0.00999928
      vertex 10.1213 21.1213 0.00999928
    endloop
  endfacet
  facet normal 0.738214 0.647626 0.188734
    outer loop
      vertex 10.3801 20.8263 0.00999928
      vertex 11.0213 12.5213 26
      vertex 11.2801 12.2263 26
    endloop
  endfacet
  facet normal 0.994569 0.104083 -0
    outer loop
      vertex 11.8743 10.7916 25.99
      vertex 10.9743 19.3916 0.00999928
      vertex 11.8743 10.7916 26
    endloop
  endfacet
  facet normal 0.994569 0.104083 0
    outer loop
      vertex 10.9743 19.3916 0.00999928
      vertex 11.8743 10.7916 25.99
      vertex 10.9743 19.3916 0
    endloop
  endfacet
  facet normal 0.999401 0 -0.034608
    outer loop
      vertex 11.9 10.4 25.99
      vertex 11 1 0
      vertex 11 19 0
    endloop
  endfacet
  facet normal 0.999401 0 -0.034608
    outer loop
      vertex 11 1 0
      vertex 11.9 10.4 25.99
      vertex 11.9 -10.4 25.99
    endloop
  endfacet
  facet normal 0 1 -0
    outer loop
      vertex 8 22 0
      vertex -8 22 0.00999928
      vertex 8 22 0.00999928
    endloop
  endfacet
  facet normal 0 1 0
    outer loop
      vertex -8 22 0.00999928
      vertex 8 22 0
      vertex -8 22 0
    endloop
  endfacet
  facet normal 0.995861 -0.0653614 -0.0631549
    outer loop
      vertex 11.9 -10.4 25.99
      vertex 10.9743 0.608429 0
      vertex 11 1 0
    endloop
  endfacet
  facet normal 0.995862 -0.0653566 -0.0631528
    outer loop
      vertex 10.9743 0.608429 0
      vertex 11.9 -10.4 25.99
      vertex 11.8743 -10.7916 25.99
    endloop
  endfacet
  facet normal 0.875055 -0.431381 -0.219518
    outer loop
      vertex 11.6716 -11.548 25.99
      vertex 10.5981 -0.5 0
      vertex 10.7716 -0.148056 0
    endloop
  endfacet
  facet normal 0.875087 -0.431328 -0.219497
    outer loop
      vertex 10.5981 -0.5 0
      vertex 11.6716 -11.548 25.99
      vertex 11.4981 -11.9 25.99
    endloop
  endfacet
  facet normal 0.518649 -0.776225 -0.358437
    outer loop
      vertex 9.82628 -1.38007 0
      vertex 10.4 -12.9981 25.99
      vertex 9.5 -1.59808 0
    endloop
  endfacet
  facet normal 0.518609 -0.776248 -0.358446
    outer loop
      vertex 10.4 -12.9981 25.99
      vertex 9.82628 -1.38007 0
      vertex 10.7263 -12.7801 25.99
    endloop
  endfacet
  facet normal -0.178635 -0.898756 -0.400408
    outer loop
      vertex -8.77646 -1.89778 0
      vertex -9.29156 -13.3743 25.99
      vertex -9.67645 -13.2978 25.99
    endloop
  endfacet
  facet normal -0.178748 -0.898737 -0.400402
    outer loop
      vertex -9.29156 -13.3743 25.99
      vertex -8.77646 -1.89778 0
      vertex -8.39157 -1.97433 0
    endloop
  endfacet
  facet normal 0.307864 0.906393 0.289262
    outer loop
      vertex 9.14806 21.7716 0.00999928
      vertex 9.67645 13.2978 26
      vertex 10.048 13.1716 26
    endloop
  endfacet
  facet normal 0.307826 0.906404 0.289266
    outer loop
      vertex 9.67645 13.2978 26
      vertex 9.14806 21.7716 0.00999928
      vertex 8.77646 21.8978 0.00999928
    endloop
  endfacet
  facet normal 0.185789 0.934747 0.302871
    outer loop
      vertex 8.77646 21.8978 0.00999928
      vertex 9.29156 13.3743 26
      vertex 9.67645 13.2978 26
    endloop
  endfacet
  facet normal 0.185789 0.934747 0.302871
    outer loop
      vertex 9.29156 13.3743 26
      vertex 8.77646 21.8978 0.00999928
      vertex 8.39157 21.9743 0.00999928
    endloop
  endfacet
  facet normal 0.321574 0.946885 -0
    outer loop
      vertex 9.14806 21.7716 0
      vertex 8.77646 21.8978 0.00999928
      vertex 9.14806 21.7716 0.00999928
    endloop
  endfacet
  facet normal 0.321574 0.946885 0
    outer loop
      vertex 8.77646 21.8978 0.00999928
      vertex 9.14806 21.7716 0
      vertex 8.77646 21.8978 0
    endloop
  endfacet
  facet normal 0.425571 0.863406 0.270961
    outer loop
      vertex 9.5 21.5981 0.00999928
      vertex 10.048 13.1716 26
      vertex 10.4 12.9981 26
    endloop
  endfacet
  facet normal 0.42563 0.86338 0.270951
    outer loop
      vertex 10.048 13.1716 26
      vertex 9.5 21.5981 0.00999928
      vertex 9.14806 21.7716 0.00999928
    endloop
  endfacet
  facet normal 0 0.949375 0.314145
    outer loop
      vertex 8 22 0.00999928
      vertex -8.89999 13.4 26
      vertex 8.89999 13.4 26
    endloop
  endfacet
  facet normal 0 0.949375 0.314145
    outer loop
      vertex -8.89999 13.4 26
      vertex 8 22 0.00999928
      vertex -8 22 0.00999928
    endloop
  endfacet
  facet normal -0.0622318 0.948176 0.311593
    outer loop
      vertex -8.39157 21.9743 0.00999928
      vertex -8.89999 13.4 26
      vertex -8 22 0.00999928
    endloop
  endfacet
  facet normal -0.0622318 0.948176 0.311593
    outer loop
      vertex -8.89999 13.4 26
      vertex -8.39157 21.9743 0.00999928
      vertex -9.29156 13.3743 26
    endloop
  endfacet
  facet normal -0.538204 0.805529 0.247909
    outer loop
      vertex -9.82628 21.3801 0.00999928
      vertex -10.4 12.9981 26
      vertex -9.5 21.5981 0.00999928
    endloop
  endfacet
  facet normal -0.538181 0.805543 0.247914
    outer loop
      vertex -10.4 12.9981 26
      vertex -9.82628 21.3801 0.00999928
      vertex -10.7263 12.7801 26
    endloop
  endfacet
  facet normal -0.42563 0.86338 0.270951
    outer loop
      vertex -9.5 21.5981 0.00999928
      vertex -10.048 13.1716 26
      vertex -9.14806 21.7716 0.00999928
    endloop
  endfacet
  facet normal -0.425571 0.863406 0.270961
    outer loop
      vertex -10.048 13.1716 26
      vertex -9.5 21.5981 0.00999928
      vertex -10.4 12.9981 26
    endloop
  endfacet
  facet normal -0.821686 0.548966 0.153197
    outer loop
      vertex -10.5981 20.5 0.00999928
      vertex -11.2801 12.2263 26
      vertex -10.3801 20.8263 0.00999928
    endloop
  endfacet
  facet normal -0.821686 0.548966 0.153197
    outer loop
      vertex -11.2801 12.2263 26
      vertex -10.5981 20.5 0.00999928
      vertex -11.4981 11.9 26
    endloop
  endfacet
  facet normal -0.946885 0.321574 0
    outer loop
      vertex -10.8978 19.7765 0
      vertex -10.7716 20.1481 0.00999928
      vertex -10.7716 20.1481 0
    endloop
  endfacet
  facet normal -0.946885 0.321574 0
    outer loop
      vertex -10.7716 20.1481 0.00999928
      vertex -10.8978 19.7765 0
      vertex -10.8978 19.7765 0.00999928
    endloop
  endfacet
  facet normal -0.643243 0.733267 0.22036
    outer loop
      vertex -10.1213 21.1213 0.00999928
      vertex -10.7263 12.7801 26
      vertex -9.82628 21.3801 0.00999928
    endloop
  endfacet
  facet normal -0.643268 0.733246 0.220353
    outer loop
      vertex -10.7263 12.7801 26
      vertex -10.1213 21.1213 0.00999928
      vertex -11.0213 12.5213 26
    endloop
  endfacet
  facet normal 0.716979 -0.62891 -0.300688
    outer loop
      vertex 11.2801 -12.2263 25.99
      vertex 10.1213 -1.12132 0
      vertex 10.3801 -0.826279 0
    endloop
  endfacet
  facet normal 0.716932 -0.628956 -0.300705
    outer loop
      vertex 10.1213 -1.12132 0
      vertex 11.2801 -12.2263 25.99
      vertex 11.0213 -12.5213 25.99
    endloop
  endfacet
  facet normal 0.621856 -0.709024 -0.332535
    outer loop
      vertex 10.1213 -1.12132 0
      vertex 10.7263 -12.7801 25.99
      vertex 9.82628 -1.38007 0
    endloop
  endfacet
  facet normal 0.621955 -0.708952 -0.332505
    outer loop
      vertex 10.7263 -12.7801 25.99
      vertex 10.1213 -1.12132 0
      vertex 11.0213 -12.5213 25.99
    endloop
  endfacet
  facet normal -0.295834 -0.870976 -0.392279
    outer loop
      vertex -9.14806 -1.77164 0
      vertex -9.67645 -13.2978 25.99
      vertex -10.048 -13.1716 25.99
    endloop
  endfacet
  facet normal -0.29567 -0.871024 -0.392297
    outer loop
      vertex -9.67645 -13.2978 25.99
      vertex -9.14806 -1.77164 0
      vertex -8.77646 -1.89778 0
    endloop
  endfacet
  facet normal -0.973888 -0.193569 -0.11863
    outer loop
      vertex -10.8978 0.223541 0
      vertex -11.8743 -10.7916 25.99
      vertex -10.9743 0.608429 0
    endloop
  endfacet
  facet normal -0.973889 -0.193563 -0.118628
    outer loop
      vertex -11.8743 -10.7916 25.99
      vertex -10.8978 0.223541 0
      vertex -11.7978 -11.1765 25.99
    endloop
  endfacet
  facet normal 0.194945 0.980814 -0
    outer loop
      vertex 8.77646 21.8978 0
      vertex 8.39157 21.9743 0.00999928
      vertex 8.77646 21.8978 0.00999928
    endloop
  endfacet
  facet normal 0.194945 0.980814 0
    outer loop
      vertex 8.39157 21.9743 0.00999928
      vertex 8.77646 21.8978 0
      vertex 8.39157 21.9743 0
    endloop
  endfacet
  facet normal 0.555547 0.831485 -0
    outer loop
      vertex 9.82628 21.3801 0
      vertex 9.5 21.5981 0.00999928
      vertex 9.82628 21.3801 0.00999928
    endloop
  endfacet
  facet normal 0.555547 0.831485 0
    outer loop
      vertex 9.5 21.5981 0.00999928
      vertex 9.82628 21.3801 0
      vertex 9.5 21.5981 0
    endloop
  endfacet
  facet normal 0.821686 0.548966 0.153197
    outer loop
      vertex 11.2801 12.2263 26
      vertex 10.5981 20.5 0.00999928
      vertex 10.3801 20.8263 0.00999928
    endloop
  endfacet
  facet normal 0.821686 0.548966 0.153197
    outer loop
      vertex 10.5981 20.5 0.00999928
      vertex 11.2801 12.2263 26
      vertex 11.4981 11.9 26
    endloop
  endfacet
  facet normal 0.891011 0.439302 0.114509
    outer loop
      vertex 11.4981 11.9 26
      vertex 10.7716 20.1481 0.00999928
      vertex 10.5981 20.5 0.00999928
    endloop
  endfacet
  facet normal 0.891064 0.439204 0.114476
    outer loop
      vertex 10.7716 20.1481 0.00999928
      vertex 11.4981 11.9 26
      vertex 11.6716 11.548 26
    endloop
  endfacet
  facet normal 0.944329 0.320706 0.0734208
    outer loop
      vertex 11.6716 11.548 26
      vertex 10.8978 19.7765 0.00999928
      vertex 10.7716 20.1481 0.00999928
    endloop
  endfacet
  facet normal 0.944301 0.320783 0.073446
    outer loop
      vertex 10.8978 19.7765 0.00999928
      vertex 11.6716 11.548 26
      vertex 11.7978 11.1765 26
    endloop
  endfacet
  facet normal -0.0654923 0.997853 0
    outer loop
      vertex -8 22 0
      vertex -8.39157 21.9743 0.00999928
      vertex -8 22 0.00999928
    endloop
  endfacet
  facet normal -0.0654923 0.997853 0
    outer loop
      vertex -8.39157 21.9743 0.00999928
      vertex -8 22 0
      vertex -8.39157 21.9743 0
    endloop
  endfacet
  facet normal -0.738214 0.647626 0.188734
    outer loop
      vertex -10.3801 20.8263 0.00999928
      vertex -11.0213 12.5213 26
      vertex -10.1213 21.1213 0.00999928
    endloop
  endfacet
  facet normal -0.738214 0.647626 0.188734
    outer loop
      vertex -11.0213 12.5213 26
      vertex -10.3801 20.8263 0.00999928
      vertex -11.2801 12.2263 26
    endloop
  endfacet
  facet normal -0.896911 0.442211 0
    outer loop
      vertex -10.7716 20.1481 0
      vertex -10.5981 20.5 0.00999928
      vertex -10.5981 20.5 0
    endloop
  endfacet
  facet normal -0.896911 0.442211 0
    outer loop
      vertex -10.5981 20.5 0.00999928
      vertex -10.7716 20.1481 0
      vertex -10.7716 20.1481 0.00999928
    endloop
  endfacet
  facet normal -0.891011 0.439302 0.114509
    outer loop
      vertex -10.7716 20.1481 0.00999928
      vertex -11.4981 11.9 26
      vertex -10.5981 20.5 0.00999928
    endloop
  endfacet
  facet normal -0.891064 0.439204 0.114476
    outer loop
      vertex -11.4981 11.9 26
      vertex -10.7716 20.1481 0.00999928
      vertex -11.6716 11.548 26
    endloop
  endfacet
  facet normal -0.980358 0.194849 0.0305263
    outer loop
      vertex -10.9743 19.3916 0.00999928
      vertex -11.7978 11.1765 26
      vertex -10.8978 19.7765 0.00999928
    endloop
  endfacet
  facet normal -0.980358 0.194849 0.0305263
    outer loop
      vertex -11.7978 11.1765 26
      vertex -10.9743 19.3916 0.00999928
      vertex -11.8743 10.7916 26
    endloop
  endfacet
  facet normal 0.409418 -0.830207 -0.378329
    outer loop
      vertex 9.5 -1.59808 0
      vertex 10.048 -13.1716 25.99
      vertex 9.14806 -1.77164 0
    endloop
  endfacet
  facet normal 0.409243 -0.83028 -0.378358
    outer loop
      vertex 10.048 -13.1716 25.99
      vertex 9.5 -1.59808 0
      vertex 10.4 -12.9981 25.99
    endloop
  endfacet
  facet normal -0.999401 0 -0.034608
    outer loop
      vertex -11 1 0
      vertex -11.9 10.4 25.99
      vertex -11 19 0
    endloop
  endfacet
  facet normal -0.999401 -0 -0.034608
    outer loop
      vertex -11.9 10.4 25.99
      vertex -11 1 0
      vertex -11.9 -10.4 25.99
    endloop
  endfacet
  facet normal -0.995861 -0.0653614 -0.0631549
    outer loop
      vertex -10.9743 0.608429 0
      vertex -11.9 -10.4 25.99
      vertex -11 1 0
    endloop
  endfacet
  facet normal -0.995862 -0.0653566 -0.0631528
    outer loop
      vertex -11.9 -10.4 25.99
      vertex -10.9743 0.608429 0
      vertex -11.8743 -10.7916 25.99
    endloop
  endfacet
  facet normal 0.831501 0.555523 0
    outer loop
      vertex 10.5981 20.5 0.00999928
      vertex 10.3801 20.8263 0
      vertex 10.3801 20.8263 0.00999928
    endloop
  endfacet
  facet normal 0.831501 0.555523 0
    outer loop
      vertex 10.3801 20.8263 0
      vertex 10.5981 20.5 0.00999928
      vertex 10.5981 20.5 0
    endloop
  endfacet
  facet normal 0.0654923 0.997853 -0
    outer loop
      vertex 8.39157 21.9743 0
      vertex 8 22 0.00999928
      vertex 8.39157 21.9743 0.00999928
    endloop
  endfacet
  facet normal 0.0654923 0.997853 0
    outer loop
      vertex 8 22 0.00999928
      vertex 8.39157 21.9743 0
      vertex 8 22 0
    endloop
  endfacet
  facet normal 0.896911 0.442211 0
    outer loop
      vertex 10.7716 20.1481 0.00999928
      vertex 10.5981 20.5 0
      vertex 10.5981 20.5 0.00999928
    endloop
  endfacet
  facet normal 0.896911 0.442211 0
    outer loop
      vertex 10.5981 20.5 0
      vertex 10.7716 20.1481 0.00999928
      vertex 10.7716 20.1481 0
    endloop
  endfacet
  facet normal 0.946885 0.321574 0
    outer loop
      vertex 10.8978 19.7765 0.00999928
      vertex 10.7716 20.1481 0
      vertex 10.7716 20.1481 0.00999928
    endloop
  endfacet
  facet normal 0.946885 0.321574 0
    outer loop
      vertex 10.7716 20.1481 0
      vertex 10.8978 19.7765 0.00999928
      vertex 10.8978 19.7765 0
    endloop
  endfacet
  facet normal 0.980815 0.19494 0
    outer loop
      vertex 10.9743 19.3916 0.00999928
      vertex 10.8978 19.7765 0
      vertex 10.8978 19.7765 0.00999928
    endloop
  endfacet
  facet normal 0.980815 0.19494 0
    outer loop
      vertex 10.8978 19.7765 0
      vertex 10.9743 19.3916 0.00999928
      vertex 10.9743 19.3916 0
    endloop
  endfacet
  facet normal 0.980358 0.194849 0.0305263
    outer loop
      vertex 11.7978 11.1765 26
      vertex 10.9743 19.3916 0.00999928
      vertex 10.8978 19.7765 0.00999928
    endloop
  endfacet
  facet normal 0.980358 0.194849 0.0305263
    outer loop
      vertex 10.9743 19.3916 0.00999928
      vertex 11.7978 11.1765 26
      vertex 11.8743 10.7916 26
    endloop
  endfacet
  facet normal -0.307826 0.906404 0.289266
    outer loop
      vertex -9.14806 21.7716 0.00999928
      vertex -9.67645 13.2978 26
      vertex -8.77646 21.8978 0.00999928
    endloop
  endfacet
  facet normal -0.307864 0.906393 0.289262
    outer loop
      vertex -9.67645 13.2978 26
      vertex -9.14806 21.7716 0.00999928
      vertex -10.048 13.1716 26
    endloop
  endfacet
  facet normal -0.185789 0.934747 0.302871
    outer loop
      vertex -8.77646 21.8978 0.00999928
      vertex -9.29156 13.3743 26
      vertex -8.39157 21.9743 0.00999928
    endloop
  endfacet
  facet normal -0.185789 0.934747 0.302871
    outer loop
      vertex -9.29156 13.3743 26
      vertex -8.77646 21.8978 0.00999928
      vertex -9.67645 13.2978 26
    endloop
  endfacet
  facet normal -0.659453 0.751746 0
    outer loop
      vertex -9.82628 21.3801 0
      vertex -10.1213 21.1213 0.00999928
      vertex -9.82628 21.3801 0.00999928
    endloop
  endfacet
  facet normal -0.659453 0.751746 0
    outer loop
      vertex -10.1213 21.1213 0.00999928
      vertex -9.82628 21.3801 0
      vertex -10.1213 21.1213 0
    endloop
  endfacet
  facet normal -0.442171 0.896931 0
    outer loop
      vertex -9.14806 21.7716 0
      vertex -9.5 21.5981 0.00999928
      vertex -9.14806 21.7716 0.00999928
    endloop
  endfacet
  facet normal -0.442171 0.896931 0
    outer loop
      vertex -9.5 21.5981 0.00999928
      vertex -9.14806 21.7716 0
      vertex -9.5 21.5981 0
    endloop
  endfacet
  facet normal -0.321574 0.946885 0
    outer loop
      vertex -8.77646 21.8978 0
      vertex -9.14806 21.7716 0.00999928
      vertex -8.77646 21.8978 0.00999928
    endloop
  endfacet
  facet normal -0.321574 0.946885 0
    outer loop
      vertex -9.14806 21.7716 0.00999928
      vertex -8.77646 21.8978 0
      vertex -9.14806 21.7716 0
    endloop
  endfacet
  facet normal -0.944329 0.320706 0.0734208
    outer loop
      vertex -10.8978 19.7765 0.00999928
      vertex -11.6716 11.548 26
      vertex -10.7716 20.1481 0.00999928
    endloop
  endfacet
  facet normal -0.944301 0.320783 0.073446
    outer loop
      vertex -11.6716 11.548 26
      vertex -10.8978 19.7765 0.00999928
      vertex -11.7978 11.1765 26
    endloop
  endfacet
  facet normal -0.994569 0.104083 0
    outer loop
      vertex -11.8743 10.7916 25.99
      vertex -10.9743 19.3916 0.00999928
      vertex -10.9743 19.3916 0
    endloop
  endfacet
  facet normal -0.994569 0.104083 0
    outer loop
      vertex -10.9743 19.3916 0.00999928
      vertex -11.8743 10.7916 25.99
      vertex -11.8743 10.7916 26
    endloop
  endfacet
  facet normal -0.980815 0.19494 0
    outer loop
      vertex -10.9743 19.3916 0
      vertex -10.8978 19.7765 0.00999928
      vertex -10.8978 19.7765 0
    endloop
  endfacet
  facet normal -0.980815 0.19494 0
    outer loop
      vertex -10.8978 19.7765 0.00999928
      vertex -10.9743 19.3916 0
      vertex -10.9743 19.3916 0.00999928
    endloop
  endfacet
  facet normal 0.932892 -0.316824 -0.171274
    outer loop
      vertex 11.7978 -11.1765 25.99
      vertex 10.7716 -0.148056 0
      vertex 10.8978 0.223541 0
    endloop
  endfacet
  facet normal 0.932862 -0.316897 -0.171304
    outer loop
      vertex 10.7716 -0.148056 0
      vertex 11.7978 -11.1765 25.99
      vertex 11.6716 -11.548 25.99
    endloop
  endfacet
  facet normal 0.442171 0.896931 -0
    outer loop
      vertex 9.5 21.5981 0
      vertex 9.14806 21.7716 0.00999928
      vertex 9.5 21.5981 0.00999928
    endloop
  endfacet
  facet normal 0.442171 0.896931 0
    outer loop
      vertex 9.14806 21.7716 0.00999928
      vertex 9.5 21.5981 0
      vertex 9.14806 21.7716 0
    endloop
  endfacet
  facet normal -0.831501 0.555523 0
    outer loop
      vertex -10.5981 20.5 0
      vertex -10.3801 20.8263 0.00999928
      vertex -10.3801 20.8263 0
    endloop
  endfacet
  facet normal -0.831501 0.555523 0
    outer loop
      vertex -10.3801 20.8263 0.00999928
      vertex -10.5981 20.5 0
      vertex -10.5981 20.5 0.00999928
    endloop
  endfacet
  facet normal -0.751724 0.659478 0
    outer loop
      vertex -10.3801 20.8263 0
      vertex -10.1213 21.1213 0.00999928
      vertex -10.1213 21.1213 0
    endloop
  endfacet
  facet normal -0.751724 0.659478 0
    outer loop
      vertex -10.1213 21.1213 0.00999928
      vertex -10.3801 20.8263 0
      vertex -10.3801 20.8263 0.00999928
    endloop
  endfacet
  facet normal -0.555547 0.831485 0
    outer loop
      vertex -9.5 21.5981 0
      vertex -9.82628 21.3801 0.00999928
      vertex -9.5 21.5981 0.00999928
    endloop
  endfacet
  facet normal -0.555547 0.831485 0
    outer loop
      vertex -9.82628 21.3801 0.00999928
      vertex -9.5 21.5981 0
      vertex -9.82628 21.3801 0
    endloop
  endfacet
  facet normal 0.973888 -0.193569 -0.11863
    outer loop
      vertex 11.8743 -10.7916 25.99
      vertex 10.8978 0.223541 0
      vertex 10.9743 0.608429 0
    endloop
  endfacet
  facet normal 0.973889 -0.193563 -0.118628
    outer loop
      vertex 10.8978 0.223541 0
      vertex 11.8743 -10.7916 25.99
      vertex 11.7978 -11.1765 25.99
    endloop
  endfacet
  facet normal 0.659453 0.751746 -0
    outer loop
      vertex 10.1213 21.1213 0
      vertex 9.82628 21.3801 0.00999928
      vertex 10.1213 21.1213 0.00999928
    endloop
  endfacet
  facet normal 0.659453 0.751746 0
    outer loop
      vertex 9.82628 21.3801 0.00999928
      vertex 10.1213 21.1213 0
      vertex 9.82628 21.3801 0
    endloop
  endfacet
  facet normal 0.751724 0.659478 0
    outer loop
      vertex 10.3801 20.8263 0.00999928
      vertex 10.1213 21.1213 0
      vertex 10.1213 21.1213 0.00999928
    endloop
  endfacet
  facet normal 0.751724 0.659478 0
    outer loop
      vertex 10.1213 21.1213 0
      vertex 10.3801 20.8263 0.00999928
      vertex 10.3801 20.8263 0
    endloop
  endfacet
  facet normal 0.772994 0.634414 0
    outer loop
      vertex -1.4074 -12.1574 28.796
      vertex -1.65493 -11.8558 28.404
      vertex -1.65493 -11.8558 28.796
    endloop
  endfacet
  facet normal 0.772994 0.634414 0
    outer loop
      vertex -1.65493 -11.8558 28.404
      vertex -1.4074 -12.1574 28.796
      vertex -1.4074 -12.1574 28.404
    endloop
  endfacet
  facet normal 0.586611 0.714634 -0.381033
    outer loop
      vertex -0.979938 -12.2166 29.5428
      vertex -1.06329 -12.3413 29.1806
      vertex -1.24722 -11.9972 29.5428
    endloop
  endfacet
  facet normal 0.976245 0.0961663 0.194158
    outer loop
      vertex -1.95212 -11.1383 28.404
      vertex -1.91388 -10.75 28.0194
      vertex -1.99037 -10.75 28.404
    endloop
  endfacet
  facet normal -0.205743 0.678258 0.705433
    outer loop
      vertex 0.301613 -12.2663 27.3312
      vertex 0.485543 -11.9222 27.054
      vertex 0.247527 -11.9944 27.054
    endloop
  endfacet
  facet normal -0.243848 0.297133 0.923174
    outer loop
      vertex 0.523787 -11.5339 26.8362
      vertex 0.410524 -11.1605 26.6861
      vertex 0.322547 -11.2327 26.6861
    endloop
  endfacet
  facet normal -0.881916 0.471406 0
    outer loop
      vertex 1.65493 -11.8558 28.404
      vertex 1.83886 -11.5117 28.796
      vertex 1.83886 -11.5117 28.404
    endloop
  endfacet
  facet normal -0.881916 0.471406 0
    outer loop
      vertex 1.83886 -11.5117 28.796
      vertex 1.65493 -11.8558 28.404
      vertex 1.65493 -11.8558 28.796
    endloop
  endfacet
  facet normal -0.334001 0.625168 0.705414
    outer loop
      vertex 0.591636 -12.1783 27.3312
      vertex 0.858923 -12.0355 27.3312
      vertex 0.485543 -11.9222 27.054
    endloop
  endfacet
  facet normal 0.554698 0.0546403 0.830256
    outer loop
      vertex -0.924678 -10.9339 26.8362
      vertex -0.942793 -10.75 26.8362
      vertex -1.26879 -10.75 27.054
    endloop
  endfacet
  facet normal 0.625079 0.3341 -0.705446
    outer loop
      vertex -1.17221 -11.2355 30.146
      vertex -1.28547 -11.6089 29.8688
      vertex -1.42834 -11.3416 29.8688
    endloop
  endfacet
  facet normal -0.430907 0.353555 0.830252
    outer loop
      vertex 1.05496 -11.4549 27.054
      vertex 0.783904 -11.2738 26.8362
      vertex 0.666656 -11.4167 26.8362
    endloop
  endfacet
  facet normal 0.586473 0.714684 -0.381151
    outer loop
      vertex -1.24722 -11.9972 29.5428
      vertex -1.06329 -12.3413 29.1806
      vertex -1.35332 -12.1033 29.1806
    endloop
  endfacet
  facet normal 0.884706 0.268353 -0.38116
    outer loop
      vertex -1.72995 -11.0941 29.5428
      vertex -1.62958 -11.425 29.5428
      vertex -1.87711 -11.1234 29.1806
    endloop
  endfacet
  facet normal -0.73437 0.392516 -0.553744
    outer loop
      vertex 1.42834 -11.3416 29.8688
      vertex 1.62958 -11.425 29.5428
      vertex 1.28547 -11.6089 29.8688
    endloop
  endfacet
  facet normal 0.67825 0.205755 -0.705438
    outer loop
      vertex -1.24441 -10.9975 30.146
      vertex -1.17221 -11.2355 30.146
      vertex -1.51631 -11.0516 29.8688
    endloop
  endfacet
  facet normal -0.758283 0.62234 -0.194166
    outer loop
      vertex 1.59133 -11.8133 29.1806
      vertex 1.65493 -11.8558 28.796
      vertex 1.4074 -12.1574 28.796
    endloop
  endfacet
  facet normal 0.195079 0.0192083 -0.980599
    outer loop
      vertex -0.192267 -10.7882 30.5904
      vertex -0.569413 -10.8633 30.5139
      vertex -0.580569 -10.75 30.5139
    endloop
  endfacet
  facet normal -0.161807 0.533418 0.830231
    outer loop
      vertex 0.247527 -11.9944 27.054
      vertex 0.485543 -11.9222 27.054
      vertex 0.183929 -11.6747 26.8362
    endloop
  endfacet
  facet normal -0.243771 0.297161 -0.923185
    outer loop
      vertex 0.666656 -11.4167 30.3638
      vertex 0.523787 -11.5339 30.3638
      vertex 0.410524 -11.1605 30.5139
    endloop
  endfacet
  facet normal 0.124364 0.151539 -0.980597
    outer loop
      vertex -0.108911 -10.913 30.5904
      vertex -0.322547 -11.2327 30.5139
      vertex -0.410524 -11.1605 30.5139
    endloop
  endfacet
  facet normal 0.462502 0.865083 -0.194227
    outer loop
      vertex -0.732409 -12.5182 29.1806
      vertex -0.761681 -12.5889 28.796
      vertex -1.06329 -12.3413 29.1806
    endloop
  endfacet
  facet normal 0.554698 0.0546405 -0.830256
    outer loop
      vertex -0.924678 -10.9339 30.3638
      vertex -1.24441 -10.9975 30.146
      vertex -1.26879 -10.75 30.146
    endloop
  endfacet
  facet normal -0.0192914 0.19509 -0.980596
    outer loop
      vertex 0.0382442 -10.9423 30.5904
      vertex 0.113263 -11.3194 30.5139
      vertex 0 -11.3306 30.5139
    endloop
  endfacet
  facet normal 0.462502 0.865083 0.194227
    outer loop
      vertex -0.761681 -12.5889 28.404
      vertex -0.732409 -12.5182 28.0194
      vertex -1.06329 -12.3413 28.0194
    endloop
  endfacet
  facet normal 0.392361 0.734404 0.553808
    outer loop
      vertex -0.674993 -12.3796 27.6572
      vertex -0.591636 -12.1783 27.3312
      vertex -0.858923 -12.0355 27.3312
    endloop
  endfacet
  facet normal -0.714656 0.586483 0.381187
    outer loop
      vertex 1.59133 -11.8133 28.0194
      vertex 1.46658 -11.7299 27.6572
      vertex 1.24722 -11.9972 27.6572
    endloop
  endfacet
  facet normal 0.0981585 0.995171 -0
    outer loop
      vertex 0 -12.7404 28.404
      vertex -0.388301 -12.7021 28.796
      vertex 0 -12.7404 28.796
    endloop
  endfacet
  facet normal 0.0981585 0.995171 0
    outer loop
      vertex -0.388301 -12.7021 28.796
      vertex 0 -12.7404 28.404
      vertex -0.388301 -12.7021 28.404
    endloop
  endfacet
  facet normal 0.70536 0.0694835 0.705436
    outer loop
      vertex -1.51631 -11.0516 27.3312
      vertex -1.26879 -10.75 27.054
      vertex -1.54602 -10.75 27.3312
    endloop
  endfacet
  facet normal -0.622282 0.75833 0.194167
    outer loop
      vertex 1.10579 -12.4049 28.404
      vertex 1.4074 -12.1574 28.404
      vertex 1.06329 -12.3413 28.0194
    endloop
  endfacet
  facet normal 0.462562 0.865064 0.194168
    outer loop
      vertex -0.761681 -12.5889 28.404
      vertex -1.06329 -12.3413 28.0194
      vertex -1.10579 -12.4049 28.404
    endloop
  endfacet
  facet normal 0.865132 0.462435 0.194165
    outer loop
      vertex -1.65493 -11.8558 28.404
      vertex -1.59133 -11.8133 28.0194
      vertex -1.83886 -11.5117 28.404
    endloop
  endfacet
  facet normal 0.714642 0.586524 -0.381153
    outer loop
      vertex -1.24722 -11.9972 29.5428
      vertex -1.35332 -12.1033 29.1806
      vertex -1.59133 -11.8133 29.1806
    endloop
  endfacet
  facet normal -0.392361 0.734404 0.553808
    outer loop
      vertex 0.674993 -12.3796 27.6572
      vertex 0.858923 -12.0355 27.3312
      vertex 0.591636 -12.1783 27.3312
    endloop
  endfacet
  facet normal 0.62512 0.334071 -0.705423
    outer loop
      vertex -1.17221 -11.2355 30.146
      vertex -1.05496 -11.4549 30.146
      vertex -1.28547 -11.6089 29.8688
    endloop
  endfacet
  facet normal -0.24176 0.796772 -0.553811
    outer loop
      vertex 0.591636 -12.1783 29.8688
      vertex 0.674993 -12.3796 29.5428
      vertex 0.301613 -12.2663 29.8688
    endloop
  endfacet
  facet normal 0.241573 0.796937 -0.553655
    outer loop
      vertex -0.301613 -12.2663 29.8688
      vertex -0.344109 -12.4799 29.5428
      vertex -0.674993 -12.3796 29.5428
    endloop
  endfacet
  facet normal 0.938744 0.284741 -0.194118
    outer loop
      vertex -1.87711 -11.1234 29.1806
      vertex -1.83886 -11.5117 28.796
      vertex -1.95212 -11.1383 28.796
    endloop
  endfacet
  facet normal 0.938723 0.284781 -0.194161
    outer loop
      vertex -1.7682 -11.4824 29.1806
      vertex -1.83886 -11.5117 28.796
      vertex -1.87711 -11.1234 29.1806
    endloop
  endfacet
  facet normal 0.449677 0.547896 -0.705408
    outer loop
      vertex -0.897167 -11.6472 30.146
      vertex -0.7049 -11.805 30.146
      vertex -1.0932 -11.8432 29.8688
    endloop
  endfacet
  facet normal 0.796842 0.241718 -0.553729
    outer loop
      vertex -1.51631 -11.0516 29.8688
      vertex -1.42834 -11.3416 29.8688
      vertex -1.62958 -11.425 29.5428
    endloop
  endfacet
  facet normal -0.734365 0.392593 0.553695
    outer loop
      vertex 1.46658 -11.7299 27.6572
      vertex 1.62958 -11.425 27.6572
      vertex 1.28547 -11.6089 27.3312
    endloop
  endfacet
  facet normal -0.995183 0.0980318 0
    outer loop
      vertex 1.95212 -11.1383 28.404
      vertex 1.99037 -10.75 28.796
      vertex 1.99037 -10.75 28.404
    endloop
  endfacet
  facet normal -0.995183 0.0980318 0
    outer loop
      vertex 1.99037 -10.75 28.796
      vertex 1.95212 -11.1383 28.404
      vertex 1.95212 -11.1383 28.796
    endloop
  endfacet
  facet normal -0.976245 0.0961663 -0.194158
    outer loop
      vertex 1.99037 -10.75 28.796
      vertex 1.95212 -11.1383 28.796
      vertex 1.91388 -10.75 29.1806
    endloop
  endfacet
  facet normal -0.392549 0.734393 -0.55369
    outer loop
      vertex 0.858923 -12.0355 29.8688
      vertex 0.979938 -12.2166 29.5428
      vertex 0.674993 -12.3796 29.5428
    endloop
  endfacet
  facet normal -0.622282 0.75833 -0.194167
    outer loop
      vertex 1.4074 -12.1574 28.796
      vertex 1.10579 -12.4049 28.796
      vertex 1.06329 -12.3413 29.1806
    endloop
  endfacet
  facet normal 0.528335 0.643665 -0.553677
    outer loop
      vertex -1.0932 -11.8432 29.8688
      vertex -0.858923 -12.0355 29.8688
      vertex -1.24722 -11.9972 29.5428
    endloop
  endfacet
  facet normal 0.554698 0.0546403 -0.830256
    outer loop
      vertex -0.942793 -10.75 30.3638
      vertex -0.924678 -10.9339 30.3638
      vertex -1.26879 -10.75 30.146
    endloop
  endfacet
  facet normal 0.828696 0.0816173 0.553716
    outer loop
      vertex -1.72995 -11.0941 27.6572
      vertex -1.51631 -11.0516 27.3312
      vertex -1.76384 -10.75 27.6572
    endloop
  endfacet
  facet normal -0.0545862 0.554696 0.830261
    outer loop
      vertex 0.183929 -11.6747 26.8362
      vertex 0 -11.6928 26.8362
      vertex 0 -12.0188 27.054
    endloop
  endfacet
  facet normal 0.195081 0.0192324 -0.980598
    outer loop
      vertex -0.196033 -10.75 30.5904
      vertex -0.192267 -10.7882 30.5904
      vertex -0.580569 -10.75 30.5139
    endloop
  endfacet
  facet normal 0.243771 0.297161 0.923185
    outer loop
      vertex -0.523787 -11.5339 26.8362
      vertex -0.410524 -11.1605 26.6861
      vertex -0.666656 -11.4167 26.8362
    endloop
  endfacet
  facet normal -0.0962901 0.976229 0.19418
    outer loop
      vertex 0.388301 -12.7021 28.404
      vertex 0 -12.6639 28.0194
      vertex 0 -12.7404 28.404
    endloop
  endfacet
  facet normal 0.268355 0.884734 0.381093
    outer loop
      vertex -0.373379 -12.6271 28.0194
      vertex -0.674993 -12.3796 27.6572
      vertex -0.732409 -12.5182 28.0194
    endloop
  endfacet
  facet normal 0.920068 0.0906164 0.381135
    outer loop
      vertex -1.72995 -11.0941 27.6572
      vertex -1.76384 -10.75 27.6572
      vertex -1.91388 -10.75 28.0194
    endloop
  endfacet
  facet normal 0.449694 0.547857 0.705427
    outer loop
      vertex -0.858923 -12.0355 27.3312
      vertex -0.7049 -11.805 27.054
      vertex -1.0932 -11.8432 27.3312
    endloop
  endfacet
  facet normal 0.290135 0.956986 -0
    outer loop
      vertex -0.388301 -12.7021 28.404
      vertex -0.761681 -12.5889 28.796
      vertex -0.388301 -12.7021 28.796
    endloop
  endfacet
  facet normal 0.290135 0.956986 0
    outer loop
      vertex -0.761681 -12.5889 28.796
      vertex -0.388301 -12.7021 28.404
      vertex -0.761681 -12.5889 28.404
    endloop
  endfacet
  facet normal 0.528343 0.643649 -0.553688
    outer loop
      vertex -0.858923 -12.0355 29.8688
      vertex -0.979938 -12.2166 29.5428
      vertex -1.24722 -11.9972 29.5428
    endloop
  endfacet
  facet normal -0.528343 0.643649 -0.553688
    outer loop
      vertex 1.24722 -11.9972 29.5428
      vertex 0.979938 -12.2166 29.5428
      vertex 0.858923 -12.0355 29.8688
    endloop
  endfacet
  facet normal -0.758282 0.62234 -0.194167
    outer loop
      vertex 1.59133 -11.8133 29.1806
      vertex 1.4074 -12.1574 28.796
      vertex 1.35332 -12.1033 29.1806
    endloop
  endfacet
  facet normal 0.758282 0.62234 0.194167
    outer loop
      vertex -1.4074 -12.1574 28.404
      vertex -1.35332 -12.1033 28.0194
      vertex -1.59133 -11.8133 28.0194
    endloop
  endfacet
  facet normal 0.284617 0.938783 -0.194113
    outer loop
      vertex -0.373379 -12.6271 29.1806
      vertex -0.388301 -12.7021 28.796
      vertex -0.761681 -12.5889 28.796
    endloop
  endfacet
  facet normal 0.758283 0.62234 -0.194166
    outer loop
      vertex -1.59133 -11.8133 29.1806
      vertex -1.4074 -12.1574 28.796
      vertex -1.65493 -11.8558 28.796
    endloop
  endfacet
  facet normal 0.884707 0.268394 -0.381126
    outer loop
      vertex -1.62958 -11.425 29.5428
      vertex -1.7682 -11.4824 29.1806
      vertex -1.87711 -11.1234 29.1806
    endloop
  endfacet
  facet normal 0.976245 0.0961663 -0.194158
    outer loop
      vertex -1.91388 -10.75 29.1806
      vertex -1.95212 -11.1383 28.796
      vertex -1.99037 -10.75 28.796
    endloop
  endfacet
  facet normal 0.449694 0.547857 -0.705427
    outer loop
      vertex -0.7049 -11.805 30.146
      vertex -0.858923 -12.0355 29.8688
      vertex -1.0932 -11.8432 29.8688
    endloop
  endfacet
  facet normal 0.643731 0.528255 -0.553677
    outer loop
      vertex -1.0932 -11.8432 29.8688
      vertex -1.24722 -11.9972 29.5428
      vertex -1.28547 -11.6089 29.8688
    endloop
  endfacet
  facet normal 0.758282 0.62234 -0.194167
    outer loop
      vertex -1.35332 -12.1033 29.1806
      vertex -1.4074 -12.1574 28.796
      vertex -1.59133 -11.8133 29.1806
    endloop
  endfacet
  facet normal 0.284731 0.938723 -0.194234
    outer loop
      vertex -0.732409 -12.5182 29.1806
      vertex -0.373379 -12.6271 29.1806
      vertex -0.761681 -12.5889 28.796
    endloop
  endfacet
  facet normal 0.392549 0.734393 -0.55369
    outer loop
      vertex -0.858923 -12.0355 29.8688
      vertex -0.674993 -12.3796 29.5428
      vertex -0.979938 -12.2166 29.5428
    endloop
  endfacet
  facet normal 0.268355 0.884734 -0.381093
    outer loop
      vertex -0.674993 -12.3796 29.5428
      vertex -0.373379 -12.6271 29.1806
      vertex -0.732409 -12.5182 29.1806
    endloop
  endfacet
  facet normal -0.62512 0.334071 0.705423
    outer loop
      vertex 1.28547 -11.6089 27.3312
      vertex 1.17221 -11.2355 27.054
      vertex 1.05496 -11.4549 27.054
    endloop
  endfacet
  facet normal -0.554698 0.0546405 0.830256
    outer loop
      vertex 1.24441 -10.9975 27.054
      vertex 1.26879 -10.75 27.054
      vertex 0.924678 -10.9339 26.8362
    endloop
  endfacet
  facet normal -0.956947 0.290262 0
    outer loop
      vertex 1.83886 -11.5117 28.404
      vertex 1.95212 -11.1383 28.796
      vertex 1.95212 -11.1383 28.404
    endloop
  endfacet
  facet normal -0.956947 0.290262 0
    outer loop
      vertex 1.95212 -11.1383 28.796
      vertex 1.83886 -11.5117 28.404
      vertex 1.83886 -11.5117 28.796
    endloop
  endfacet
  facet normal -0.172853 0.0924602 -0.980598
    outer loop
      vertex 0.536376 -10.9722 30.5139
      vertex 0.482725 -11.0725 30.5139
      vertex 0.162996 -10.8589 30.5904
    endloop
  endfacet
  facet normal -0.938723 0.284781 -0.194161
    outer loop
      vertex 1.87711 -11.1234 29.1806
      vertex 1.83886 -11.5117 28.796
      vertex 1.7682 -11.4824 29.1806
    endloop
  endfacet
  facet normal -0.714642 0.586524 -0.381153
    outer loop
      vertex 1.59133 -11.8133 29.1806
      vertex 1.35332 -12.1033 29.1806
      vertex 1.24722 -11.9972 29.5428
    endloop
  endfacet
  facet normal -0.714656 0.586483 -0.381187
    outer loop
      vertex 1.46658 -11.7299 29.5428
      vertex 1.59133 -11.8133 29.1806
      vertex 1.24722 -11.9972 29.5428
    endloop
  endfacet
  facet normal -0.462502 0.865083 -0.194227
    outer loop
      vertex 1.06329 -12.3413 29.1806
      vertex 0.761681 -12.5889 28.796
      vertex 0.732409 -12.5182 29.1806
    endloop
  endfacet
  facet normal -0.938744 0.284741 -0.194118
    outer loop
      vertex 1.87711 -11.1234 29.1806
      vertex 1.95212 -11.1383 28.796
      vertex 1.83886 -11.5117 28.796
    endloop
  endfacet
  facet normal -0.0906768 0.920023 0.38123
    outer loop
      vertex 0.373379 -12.6271 28.0194
      vertex 0.344109 -12.4799 27.6572
      vertex 0 -12.6639 28.0194
    endloop
  endfacet
  facet normal -0.81534 0.435809 0.381171
    outer loop
      vertex 1.59133 -11.8133 28.0194
      vertex 1.7682 -11.4824 28.0194
      vertex 1.46658 -11.7299 27.6572
    endloop
  endfacet
  facet normal -0.0924749 0.172849 -0.980598
    outer loop
      vertex 0.322547 -11.2327 30.5139
      vertex 0.222174 -11.2864 30.5139
      vertex 0.108911 -10.913 30.5904
    endloop
  endfacet
  facet normal 0.705361 0.0694816 -0.705435
    outer loop
      vertex -1.26879 -10.75 30.146
      vertex -1.24441 -10.9975 30.146
      vertex -1.51631 -11.0516 29.8688
    endloop
  endfacet
  facet normal 0.634355 0.773042 -0
    outer loop
      vertex -1.10579 -12.4049 28.404
      vertex -1.4074 -12.1574 28.796
      vertex -1.10579 -12.4049 28.796
    endloop
  endfacet
  facet normal 0.634355 0.773042 0
    outer loop
      vertex -1.4074 -12.1574 28.796
      vertex -1.10579 -12.4049 28.404
      vertex -1.4074 -12.1574 28.404
    endloop
  endfacet
  facet normal 0.43583 0.815364 0.381096
    outer loop
      vertex -0.732409 -12.5182 28.0194
      vertex -0.674993 -12.3796 27.6572
      vertex -0.979938 -12.2166 27.6572
    endloop
  endfacet
  facet normal -0.0378222 0.382487 0.923187
    outer loop
      vertex 0.183929 -11.6747 26.8362
      vertex 0.113263 -11.3194 26.6861
      vertex 0 -11.3306 26.6861
    endloop
  endfacet
  facet normal 0.382546 0.0376826 -0.923168
    outer loop
      vertex -0.580569 -10.75 30.5139
      vertex -0.924678 -10.9339 30.3638
      vertex -0.942793 -10.75 30.3638
    endloop
  endfacet
  facet normal 0.382553 0.0376678 -0.923165
    outer loop
      vertex -0.580569 -10.75 30.5139
      vertex -0.569413 -10.8633 30.5139
      vertex -0.924678 -10.9339 30.3638
    endloop
  endfacet
  facet normal -0.435914 0.815351 0.381028
    outer loop
      vertex 1.06329 -12.3413 28.0194
      vertex 0.979938 -12.2166 27.6572
      vertex 0.732409 -12.5182 28.0194
    endloop
  endfacet
  facet normal -0.0695305 0.705355 0.705436
    outer loop
      vertex 0.301613 -12.2663 27.3312
      vertex 0.247527 -11.9944 27.054
      vertex 0 -12.0188 27.054
    endloop
  endfacet
  facet normal -0.241573 0.796937 0.553655
    outer loop
      vertex 0.344109 -12.4799 27.6572
      vertex 0.674993 -12.3796 27.6572
      vertex 0.301613 -12.2663 27.3312
    endloop
  endfacet
  facet normal -0.268185 0.884726 0.38123
    outer loop
      vertex 0.373379 -12.6271 28.0194
      vertex 0.674993 -12.3796 27.6572
      vertex 0.344109 -12.4799 27.6572
    endloop
  endfacet
  facet normal 0.353623 0.430862 0.830246
    outer loop
      vertex -0.7049 -11.805 27.054
      vertex -0.666656 -11.4167 26.8362
      vertex -0.897167 -11.6472 27.054
    endloop
  endfacet
  facet normal 0.62512 0.334071 0.705423
    outer loop
      vertex -1.05496 -11.4549 27.054
      vertex -1.17221 -11.2355 27.054
      vertex -1.28547 -11.6089 27.3312
    endloop
  endfacet
  facet normal 0.938723 0.284781 0.194161
    outer loop
      vertex -1.83886 -11.5117 28.404
      vertex -1.7682 -11.4824 28.0194
      vertex -1.87711 -11.1234 28.0194
    endloop
  endfacet
  facet normal 0.714642 0.586524 0.381153
    outer loop
      vertex -1.35332 -12.1033 28.0194
      vertex -1.24722 -11.9972 27.6572
      vertex -1.59133 -11.8133 28.0194
    endloop
  endfacet
  facet normal 0.586611 0.714634 0.381033
    outer loop
      vertex -1.06329 -12.3413 28.0194
      vertex -0.979938 -12.2166 27.6572
      vertex -1.24722 -11.9972 27.6572
    endloop
  endfacet
  facet normal 0.528343 0.643649 0.553688
    outer loop
      vertex -0.979938 -12.2166 27.6572
      vertex -0.858923 -12.0355 27.3312
      vertex -1.24722 -11.9972 27.6572
    endloop
  endfacet
  facet normal -0.0568483 0.187618 -0.980596
    outer loop
      vertex 0.222174 -11.2864 30.5139
      vertex 0.113263 -11.3194 30.5139
      vertex 0.0382442 -10.9423 30.5904
    endloop
  endfacet
  facet normal -0.11169 0.367852 -0.923153
    outer loop
      vertex 0.222174 -11.2864 30.5139
      vertex 0.360791 -11.621 30.3638
      vertex 0.183929 -11.6747 30.3638
    endloop
  endfacet
  facet normal 0.297144 0.243797 -0.923184
    outer loop
      vertex -0.482725 -11.0725 30.5139
      vertex -0.410524 -11.1605 30.5139
      vertex -0.783904 -11.2738 30.3638
    endloop
  endfacet
  facet normal 0.338921 0.181291 -0.923183
    outer loop
      vertex -0.536376 -10.9722 30.5139
      vertex -0.482725 -11.0725 30.5139
      vertex -0.783904 -11.2738 30.3638
    endloop
  endfacet
  facet normal -0.268185 0.884726 -0.38123
    outer loop
      vertex 0.674993 -12.3796 29.5428
      vertex 0.373379 -12.6271 29.1806
      vertex 0.344109 -12.4799 29.5428
    endloop
  endfacet
  facet normal -0.462502 0.865083 0.194227
    outer loop
      vertex 0.761681 -12.5889 28.404
      vertex 1.06329 -12.3413 28.0194
      vertex 0.732409 -12.5182 28.0194
    endloop
  endfacet
  facet normal -0.0816052 0.828727 -0.553671
    outer loop
      vertex 0 -12.296 29.8688
      vertex 0.301613 -12.2663 29.8688
      vertex 0 -12.5138 29.5428
    endloop
  endfacet
  facet normal -0.35348 0.430899 -0.830288
    outer loop
      vertex 0.666656 -11.4167 30.3638
      vertex 0.7049 -11.805 30.146
      vertex 0.523787 -11.5339 30.3638
    endloop
  endfacet
  facet normal 0.392549 0.734393 0.55369
    outer loop
      vertex -0.674993 -12.3796 27.6572
      vertex -0.858923 -12.0355 27.3312
      vertex -0.979938 -12.2166 27.6572
    endloop
  endfacet
  facet normal 0.471536 0.881847 -0
    outer loop
      vertex -0.761681 -12.5889 28.404
      vertex -1.10579 -12.4049 28.796
      vertex -0.761681 -12.5889 28.796
    endloop
  endfacet
  facet normal 0.471536 0.881847 0
    outer loop
      vertex -1.10579 -12.4049 28.796
      vertex -0.761681 -12.5889 28.404
      vertex -1.10579 -12.4049 28.404
    endloop
  endfacet
  facet normal 0.462562 0.865064 -0.194168
    outer loop
      vertex -1.06329 -12.3413 29.1806
      vertex -0.761681 -12.5889 28.796
      vertex -1.10579 -12.4049 28.796
    endloop
  endfacet
  facet normal 0.622282 0.75833 0.194167
    outer loop
      vertex -1.10579 -12.4049 28.404
      vertex -1.06329 -12.3413 28.0194
      vertex -1.4074 -12.1574 28.404
    endloop
  endfacet
  facet normal 0.881916 0.471406 0
    outer loop
      vertex -1.65493 -11.8558 28.796
      vertex -1.83886 -11.5117 28.404
      vertex -1.83886 -11.5117 28.796
    endloop
  endfacet
  facet normal 0.881916 0.471406 0
    outer loop
      vertex -1.83886 -11.5117 28.404
      vertex -1.65493 -11.8558 28.796
      vertex -1.65493 -11.8558 28.404
    endloop
  endfacet
  facet normal 0.734365 0.392593 -0.553695
    outer loop
      vertex -1.28547 -11.6089 29.8688
      vertex -1.46658 -11.7299 29.5428
      vertex -1.62958 -11.425 29.5428
    endloop
  endfacet
  facet normal 0.865135 0.462425 -0.194175
    outer loop
      vertex -1.7682 -11.4824 29.1806
      vertex -1.59133 -11.8133 29.1806
      vertex -1.83886 -11.5117 28.796
    endloop
  endfacet
  facet normal 0.976254 0.0961352 -0.194127
    outer loop
      vertex -1.91388 -10.75 29.1806
      vertex -1.87711 -11.1234 29.1806
      vertex -1.95212 -11.1383 28.796
    endloop
  endfacet
  facet normal 0.24176 0.796772 -0.553811
    outer loop
      vertex -0.591636 -12.1783 29.8688
      vertex -0.301613 -12.2663 29.8688
      vertex -0.674993 -12.3796 29.5428
    endloop
  endfacet
  facet normal 0.36786 0.111598 -0.923161
    outer loop
      vertex -0.569413 -10.8633 30.5139
      vertex -0.536376 -10.9722 30.5139
      vertex -0.924678 -10.9339 30.3638
    endloop
  endfacet
  facet normal 0.392361 0.734404 -0.553808
    outer loop
      vertex -0.591636 -12.1783 29.8688
      vertex -0.674993 -12.3796 29.5428
      vertex -0.858923 -12.0355 29.8688
    endloop
  endfacet
  facet normal -0.0695305 0.705355 -0.705436
    outer loop
      vertex 0.247527 -11.9944 30.146
      vertex 0.301613 -12.2663 29.8688
      vertex 0 -12.0188 30.146
    endloop
  endfacet
  facet normal 0.622286 0.758326 -0.194172
    outer loop
      vertex -1.35332 -12.1033 29.1806
      vertex -1.06329 -12.3413 29.1806
      vertex -1.4074 -12.1574 28.796
    endloop
  endfacet
  facet normal 0.714656 0.586483 -0.381187
    outer loop
      vertex -1.46658 -11.7299 29.5428
      vertex -1.24722 -11.9972 29.5428
      vertex -1.59133 -11.8133 29.1806
    endloop
  endfacet
  facet normal 0.643713 0.528263 -0.553689
    outer loop
      vertex -1.28547 -11.6089 29.8688
      vertex -1.24722 -11.9972 29.5428
      vertex -1.46658 -11.7299 29.5428
    endloop
  endfacet
  facet normal -0.53338 0.161807 0.830255
    outer loop
      vertex 1.17221 -11.2355 27.054
      vertex 1.24441 -10.9975 27.054
      vertex 0.924678 -10.9339 26.8362
    endloop
  endfacet
  facet normal -0.297142 0.243802 0.923183
    outer loop
      vertex 0.666656 -11.4167 26.8362
      vertex 0.783904 -11.2738 26.8362
      vertex 0.410524 -11.1605 26.6861
    endloop
  endfacet
  facet normal -0.828696 0.0816173 0.553716
    outer loop
      vertex 1.72995 -11.0941 27.6572
      vertex 1.76384 -10.75 27.6572
      vertex 1.51631 -11.0516 27.3312
    endloop
  endfacet
  facet normal -0.920068 0.0906164 0.381135
    outer loop
      vertex 1.91388 -10.75 28.0194
      vertex 1.76384 -10.75 27.6572
      vertex 1.72995 -11.0941 27.6572
    endloop
  endfacet
  facet normal -0.884706 0.268353 0.38116
    outer loop
      vertex 1.87711 -11.1234 28.0194
      vertex 1.72995 -11.0941 27.6572
      vertex 1.62958 -11.425 27.6572
    endloop
  endfacet
  facet normal -0.828702 0.0816337 0.553705
    outer loop
      vertex 1.76384 -10.75 27.6572
      vertex 1.54602 -10.75 27.3312
      vertex 1.51631 -11.0516 27.3312
    endloop
  endfacet
  facet normal -0.796853 0.241705 -0.553718
    outer loop
      vertex 1.72995 -11.0941 29.5428
      vertex 1.62958 -11.425 29.5428
      vertex 1.51631 -11.0516 29.8688
    endloop
  endfacet
  facet normal -0.920068 0.0906164 -0.381135
    outer loop
      vertex 1.76384 -10.75 29.5428
      vertex 1.91388 -10.75 29.1806
      vertex 1.72995 -11.0941 29.5428
    endloop
  endfacet
  facet normal -0.53338 0.161807 -0.830255
    outer loop
      vertex 1.24441 -10.9975 30.146
      vertex 1.17221 -11.2355 30.146
      vertex 0.924678 -10.9339 30.3638
    endloop
  endfacet
  facet normal -0.625079 0.3341 -0.705446
    outer loop
      vertex 1.42834 -11.3416 29.8688
      vertex 1.28547 -11.6089 29.8688
      vertex 1.17221 -11.2355 30.146
    endloop
  endfacet
  facet normal -0.528335 0.643665 -0.553677
    outer loop
      vertex 1.0932 -11.8432 29.8688
      vertex 1.24722 -11.9972 29.5428
      vertex 0.858923 -12.0355 29.8688
    endloop
  endfacet
  facet normal -0.205743 0.678258 -0.705433
    outer loop
      vertex 0.485543 -11.9222 30.146
      vertex 0.301613 -12.2663 29.8688
      vertex 0.247527 -11.9944 30.146
    endloop
  endfacet
  facet normal -0.865132 0.462435 -0.194165
    outer loop
      vertex 1.83886 -11.5117 28.796
      vertex 1.65493 -11.8558 28.796
      vertex 1.59133 -11.8133 29.1806
    endloop
  endfacet
  facet normal -0.634355 0.773042 0
    outer loop
      vertex 1.4074 -12.1574 28.404
      vertex 1.10579 -12.4049 28.796
      vertex 1.4074 -12.1574 28.796
    endloop
  endfacet
  facet normal -0.634355 0.773042 0
    outer loop
      vertex 1.10579 -12.4049 28.796
      vertex 1.4074 -12.1574 28.404
      vertex 1.10579 -12.4049 28.404
    endloop
  endfacet
  facet normal -0.865135 0.462425 -0.194175
    outer loop
      vertex 1.7682 -11.4824 29.1806
      vertex 1.83886 -11.5117 28.796
      vertex 1.59133 -11.8133 29.1806
    endloop
  endfacet
  facet normal -0.758282 0.62234 0.194167
    outer loop
      vertex 1.4074 -12.1574 28.404
      vertex 1.59133 -11.8133 28.0194
      vertex 1.35332 -12.1033 28.0194
    endloop
  endfacet
  facet normal -0.284731 0.938723 0.194234
    outer loop
      vertex 0.761681 -12.5889 28.404
      vertex 0.732409 -12.5182 28.0194
      vertex 0.373379 -12.6271 28.0194
    endloop
  endfacet
  facet normal -0.0962186 0.97625 0.194109
    outer loop
      vertex 0.388301 -12.7021 28.404
      vertex 0.373379 -12.6271 28.0194
      vertex 0 -12.6639 28.0194
    endloop
  endfacet
  facet normal 0.920064 0.090602 -0.381147
    outer loop
      vertex -1.72995 -11.0941 29.5428
      vertex -1.87711 -11.1234 29.1806
      vertex -1.91388 -10.75 29.1806
    endloop
  endfacet
  facet normal 0.70536 0.0694835 -0.705436
    outer loop
      vertex -1.26879 -10.75 30.146
      vertex -1.51631 -11.0516 29.8688
      vertex -1.54602 -10.75 29.8688
    endloop
  endfacet
  facet normal 0.920068 0.0906164 -0.381135
    outer loop
      vertex -1.76384 -10.75 29.5428
      vertex -1.72995 -11.0941 29.5428
      vertex -1.91388 -10.75 29.1806
    endloop
  endfacet
  facet normal 0.796842 0.241718 0.553729
    outer loop
      vertex -1.42834 -11.3416 27.3312
      vertex -1.51631 -11.0516 27.3312
      vertex -1.62958 -11.425 27.6572
    endloop
  endfacet
  facet normal 0.734365 0.392593 0.553695
    outer loop
      vertex -1.46658 -11.7299 27.6572
      vertex -1.28547 -11.6089 27.3312
      vertex -1.62958 -11.425 27.6572
    endloop
  endfacet
  facet normal -0.73437 0.392516 0.553744
    outer loop
      vertex 1.62958 -11.425 27.6572
      vertex 1.42834 -11.3416 27.3312
      vertex 1.28547 -11.6089 27.3312
    endloop
  endfacet
  facet normal -0.643713 0.528263 0.553689
    outer loop
      vertex 1.46658 -11.7299 27.6572
      vertex 1.28547 -11.6089 27.3312
      vertex 1.24722 -11.9972 27.6572
    endloop
  endfacet
  facet normal -0.0816436 0.82874 0.553646
    outer loop
      vertex 0.344109 -12.4799 27.6572
      vertex 0.301613 -12.2663 27.3312
      vertex 0 -12.5138 27.6572
    endloop
  endfacet
  facet normal -0.449694 0.547857 0.705427
    outer loop
      vertex 0.858923 -12.0355 27.3312
      vertex 1.0932 -11.8432 27.3312
      vertex 0.7049 -11.805 27.054
    endloop
  endfacet
  facet normal -0.195081 0.0192324 0.980598
    outer loop
      vertex 0.580569 -10.75 26.6861
      vertex 0.196033 -10.75 26.6096
      vertex 0.192267 -10.7882 26.6096
    endloop
  endfacet
  facet normal 0.161807 0.533418 0.830231
    outer loop
      vertex -0.247527 -11.9944 27.054
      vertex -0.183929 -11.6747 26.8362
      vertex -0.485543 -11.9222 27.054
    endloop
  endfacet
  facet normal -0.111456 0.367841 0.923185
    outer loop
      vertex 0.183929 -11.6747 26.8362
      vertex 0.222174 -11.2864 26.6861
      vertex 0.113263 -11.3194 26.6861
    endloop
  endfacet
  facet normal 0.430901 0.353579 0.830245
    outer loop
      vertex -0.897167 -11.6472 27.054
      vertex -0.666656 -11.4167 26.8362
      vertex -1.05496 -11.4549 27.054
    endloop
  endfacet
  facet normal 0.069461 0.705399 0.705399
    outer loop
      vertex 0 -12.296 27.3312
      vertex 0 -12.0188 27.054
      vertex -0.301613 -12.2663 27.3312
    endloop
  endfacet
  facet normal 0.24176 0.796772 0.553811
    outer loop
      vertex -0.301613 -12.2663 27.3312
      vertex -0.591636 -12.1783 27.3312
      vertex -0.674993 -12.3796 27.6572
    endloop
  endfacet
  facet normal 0.284617 0.938783 0.194113
    outer loop
      vertex -0.388301 -12.7021 28.404
      vertex -0.373379 -12.6271 28.0194
      vertex -0.761681 -12.5889 28.404
    endloop
  endfacet
  facet normal 0.705361 0.0694816 0.705435
    outer loop
      vertex -1.24441 -10.9975 27.054
      vertex -1.26879 -10.75 27.054
      vertex -1.51631 -11.0516 27.3312
    endloop
  endfacet
  facet normal 0.547917 0.449629 0.705423
    outer loop
      vertex -1.0932 -11.8432 27.3312
      vertex -1.05496 -11.4549 27.054
      vertex -1.28547 -11.6089 27.3312
    endloop
  endfacet
  facet normal 0.435914 0.815351 0.381028
    outer loop
      vertex -0.732409 -12.5182 28.0194
      vertex -0.979938 -12.2166 27.6572
      vertex -1.06329 -12.3413 28.0194
    endloop
  endfacet
  facet normal 0.73437 0.392516 0.553744
    outer loop
      vertex -1.28547 -11.6089 27.3312
      vertex -1.42834 -11.3416 27.3312
      vertex -1.62958 -11.425 27.6572
    endloop
  endfacet
  facet normal 0.865132 0.462435 -0.194165
    outer loop
      vertex -1.59133 -11.8133 29.1806
      vertex -1.65493 -11.8558 28.796
      vertex -1.83886 -11.5117 28.796
    endloop
  endfacet
  facet normal 0.865135 0.462425 0.194175
    outer loop
      vertex -1.59133 -11.8133 28.0194
      vertex -1.7682 -11.4824 28.0194
      vertex -1.83886 -11.5117 28.404
    endloop
  endfacet
  facet normal 0.81534 0.435809 0.381171
    outer loop
      vertex -1.59133 -11.8133 28.0194
      vertex -1.46658 -11.7299 27.6572
      vertex -1.7682 -11.4824 28.0194
    endloop
  endfacet
  facet normal 0.714656 0.586483 0.381187
    outer loop
      vertex -1.24722 -11.9972 27.6572
      vertex -1.46658 -11.7299 27.6572
      vertex -1.59133 -11.8133 28.0194
    endloop
  endfacet
  facet normal 0.643713 0.528263 0.553689
    outer loop
      vertex -1.24722 -11.9972 27.6572
      vertex -1.28547 -11.6089 27.3312
      vertex -1.46658 -11.7299 27.6572
    endloop
  endfacet
  facet normal 0.622286 0.758326 0.194172
    outer loop
      vertex -1.06329 -12.3413 28.0194
      vertex -1.35332 -12.1033 28.0194
      vertex -1.4074 -12.1574 28.404
    endloop
  endfacet
  facet normal 0.586473 0.714684 0.381151
    outer loop
      vertex -1.06329 -12.3413 28.0194
      vertex -1.24722 -11.9972 27.6572
      vertex -1.35332 -12.1033 28.0194
    endloop
  endfacet
  facet normal 0.367858 0.111566 -0.923165
    outer loop
      vertex -0.536376 -10.9722 30.5139
      vertex -0.871027 -11.1108 30.3638
      vertex -0.924678 -10.9339 30.3638
    endloop
  endfacet
  facet normal 0.491597 0.262715 -0.830249
    outer loop
      vertex -0.783904 -11.2738 30.3638
      vertex -1.05496 -11.4549 30.146
      vertex -1.17221 -11.2355 30.146
    endloop
  endfacet
  facet normal 0.243848 0.297133 -0.923174
    outer loop
      vertex -0.410524 -11.1605 30.5139
      vertex -0.322547 -11.2327 30.5139
      vertex -0.523787 -11.5339 30.3638
    endloop
  endfacet
  facet normal 0.0568483 0.187618 -0.980596
    outer loop
      vertex -0.0382442 -10.9423 30.5904
      vertex -0.113263 -11.3194 30.5139
      vertex -0.222174 -11.2864 30.5139
    endloop
  endfacet
  facet normal -0.338921 0.181291 -0.923183
    outer loop
      vertex 0.536376 -10.9722 30.5139
      vertex 0.783904 -11.2738 30.3638
      vertex 0.482725 -11.0725 30.5139
    endloop
  endfacet
  facet normal -0.181184 0.339061 -0.923152
    outer loop
      vertex 0.523787 -11.5339 30.3638
      vertex 0.360791 -11.621 30.3638
      vertex 0.222174 -11.2864 30.5139
    endloop
  endfacet
  facet normal -0.297142 0.243802 -0.923183
    outer loop
      vertex 0.783904 -11.2738 30.3638
      vertex 0.666656 -11.4167 30.3638
      vertex 0.410524 -11.1605 30.5139
    endloop
  endfacet
  facet normal -0.195081 0.0192324 -0.980598
    outer loop
      vertex 0.196033 -10.75 30.5904
      vertex 0.580569 -10.75 30.5139
      vertex 0.192267 -10.7882 30.5904
    endloop
  endfacet
  facet normal 0.0816436 0.82874 -0.553646
    outer loop
      vertex -0.301613 -12.2663 29.8688
      vertex 0 -12.5138 29.5428
      vertex -0.344109 -12.4799 29.5428
    endloop
  endfacet
  facet normal -0.284731 0.938723 -0.194234
    outer loop
      vertex 0.732409 -12.5182 29.1806
      vertex 0.761681 -12.5889 28.796
      vertex 0.373379 -12.6271 29.1806
    endloop
  endfacet
  facet normal -0.0962901 0.976229 -0.19418
    outer loop
      vertex 0 -12.6639 29.1806
      vertex 0.388301 -12.7021 28.796
      vertex 0 -12.7404 28.796
    endloop
  endfacet
  facet normal -0.334001 0.625168 -0.705414
    outer loop
      vertex 0.858923 -12.0355 29.8688
      vertex 0.591636 -12.1783 29.8688
      vertex 0.485543 -11.9222 30.146
    endloop
  endfacet
  facet normal -0.622286 0.758326 -0.194172
    outer loop
      vertex 1.35332 -12.1033 29.1806
      vertex 1.4074 -12.1574 28.796
      vertex 1.06329 -12.3413 29.1806
    endloop
  endfacet
  facet normal 0.758283 0.62234 0.194166
    outer loop
      vertex -1.4074 -12.1574 28.404
      vertex -1.59133 -11.8133 28.0194
      vertex -1.65493 -11.8558 28.404
    endloop
  endfacet
  facet normal 0.284731 0.938723 0.194234
    outer loop
      vertex -0.373379 -12.6271 28.0194
      vertex -0.732409 -12.5182 28.0194
      vertex -0.761681 -12.5889 28.404
    endloop
  endfacet
  facet normal 0.796853 0.241705 -0.553718
    outer loop
      vertex -1.51631 -11.0516 29.8688
      vertex -1.62958 -11.425 29.5428
      vertex -1.72995 -11.0941 29.5428
    endloop
  endfacet
  facet normal 0.938744 0.284741 0.194118
    outer loop
      vertex -1.83886 -11.5117 28.404
      vertex -1.87711 -11.1234 28.0194
      vertex -1.95212 -11.1383 28.404
    endloop
  endfacet
  facet normal 0.956947 0.290262 0
    outer loop
      vertex -1.83886 -11.5117 28.796
      vertex -1.95212 -11.1383 28.404
      vertex -1.95212 -11.1383 28.796
    endloop
  endfacet
  facet normal 0.956947 0.290262 0
    outer loop
      vertex -1.95212 -11.1383 28.404
      vertex -1.83886 -11.5117 28.796
      vertex -1.83886 -11.5117 28.404
    endloop
  endfacet
  facet normal 0.73437 0.392516 -0.553744
    outer loop
      vertex -1.42834 -11.3416 29.8688
      vertex -1.28547 -11.6089 29.8688
      vertex -1.62958 -11.425 29.5428
    endloop
  endfacet
  facet normal 0.678248 0.205743 -0.705443
    outer loop
      vertex -1.17221 -11.2355 30.146
      vertex -1.42834 -11.3416 29.8688
      vertex -1.51631 -11.0516 29.8688
    endloop
  endfacet
  facet normal 0.334012 0.625152 -0.705422
    outer loop
      vertex -0.7049 -11.805 30.146
      vertex -0.485543 -11.9222 30.146
      vertex -0.858923 -12.0355 29.8688
    endloop
  endfacet
  facet normal 0.334001 0.625168 -0.705414
    outer loop
      vertex -0.485543 -11.9222 30.146
      vertex -0.591636 -12.1783 29.8688
      vertex -0.858923 -12.0355 29.8688
    endloop
  endfacet
  facet normal 0.43583 0.815364 -0.381096
    outer loop
      vertex -0.674993 -12.3796 29.5428
      vertex -0.732409 -12.5182 29.1806
      vertex -0.979938 -12.2166 29.5428
    endloop
  endfacet
  facet normal 0.435914 0.815351 -0.381028
    outer loop
      vertex -0.979938 -12.2166 29.5428
      vertex -0.732409 -12.5182 29.1806
      vertex -1.06329 -12.3413 29.1806
    endloop
  endfacet
  facet normal 0.622282 0.75833 -0.194167
    outer loop
      vertex -1.06329 -12.3413 29.1806
      vertex -1.10579 -12.4049 28.796
      vertex -1.4074 -12.1574 28.796
    endloop
  endfacet
  facet normal 0.81533 0.435876 -0.381116
    outer loop
      vertex -1.62958 -11.425 29.5428
      vertex -1.46658 -11.7299 29.5428
      vertex -1.7682 -11.4824 29.1806
    endloop
  endfacet
  facet normal 0.81534 0.435809 -0.381171
    outer loop
      vertex -1.46658 -11.7299 29.5428
      vertex -1.59133 -11.8133 29.1806
      vertex -1.7682 -11.4824 29.1806
    endloop
  endfacet
  facet normal 0.491597 0.262715 0.830249
    outer loop
      vertex -1.05496 -11.4549 27.054
      vertex -0.783904 -11.2738 26.8362
      vertex -1.17221 -11.2355 27.054
    endloop
  endfacet
  facet normal -0.533409 0.161775 0.830243
    outer loop
      vertex 1.17221 -11.2355 27.054
      vertex 0.924678 -10.9339 26.8362
      vertex 0.871027 -11.1108 26.8362
    endloop
  endfacet
  facet normal -0.0924749 0.172849 0.980598
    outer loop
      vertex 0.222174 -11.2864 26.6861
      vertex 0.322547 -11.2327 26.6861
      vertex 0.108911 -10.913 26.6096
    endloop
  endfacet
  facet normal -0.796853 0.241705 0.553718
    outer loop
      vertex 1.62958 -11.425 27.6572
      vertex 1.72995 -11.0941 27.6572
      vertex 1.51631 -11.0516 27.3312
    endloop
  endfacet
  facet normal -0.920064 0.090602 0.381147
    outer loop
      vertex 1.87711 -11.1234 28.0194
      vertex 1.91388 -10.75 28.0194
      vertex 1.72995 -11.0941 27.6572
    endloop
  endfacet
  facet normal -0.81533 0.435876 0.381116
    outer loop
      vertex 1.7682 -11.4824 28.0194
      vertex 1.62958 -11.425 27.6572
      vertex 1.46658 -11.7299 27.6572
    endloop
  endfacet
  facet normal -0.796842 0.241718 0.553729
    outer loop
      vertex 1.62958 -11.425 27.6572
      vertex 1.51631 -11.0516 27.3312
      vertex 1.42834 -11.3416 27.3312
    endloop
  endfacet
  facet normal -0.705361 0.0694816 0.705435
    outer loop
      vertex 1.51631 -11.0516 27.3312
      vertex 1.26879 -10.75 27.054
      vertex 1.24441 -10.9975 27.054
    endloop
  endfacet
  facet normal -0.976254 0.0961352 -0.194127
    outer loop
      vertex 1.91388 -10.75 29.1806
      vertex 1.95212 -11.1383 28.796
      vertex 1.87711 -11.1234 29.1806
    endloop
  endfacet
  facet normal -0.920064 0.090602 -0.381147
    outer loop
      vertex 1.91388 -10.75 29.1806
      vertex 1.87711 -11.1234 29.1806
      vertex 1.72995 -11.0941 29.5428
    endloop
  endfacet
  facet normal -0.70536 0.0694835 -0.705436
    outer loop
      vertex 1.54602 -10.75 29.8688
      vertex 1.51631 -11.0516 29.8688
      vertex 1.26879 -10.75 30.146
    endloop
  endfacet
  facet normal -0.554698 0.0546405 -0.830256
    outer loop
      vertex 1.26879 -10.75 30.146
      vertex 1.24441 -10.9975 30.146
      vertex 0.924678 -10.9339 30.3638
    endloop
  endfacet
  facet normal -0.491595 0.262756 -0.830237
    outer loop
      vertex 0.871027 -11.1108 30.3638
      vertex 1.17221 -11.2355 30.146
      vertex 0.783904 -11.2738 30.3638
    endloop
  endfacet
  facet normal -0.533409 0.161775 -0.830243
    outer loop
      vertex 0.924678 -10.9339 30.3638
      vertex 1.17221 -11.2355 30.146
      vertex 0.871027 -11.1108 30.3638
    endloop
  endfacet
  facet normal -0.734365 0.392593 -0.553695
    outer loop
      vertex 1.62958 -11.425 29.5428
      vertex 1.46658 -11.7299 29.5428
      vertex 1.28547 -11.6089 29.8688
    endloop
  endfacet
  facet normal -0.678248 0.205743 -0.705443
    outer loop
      vertex 1.51631 -11.0516 29.8688
      vertex 1.42834 -11.3416 29.8688
      vertex 1.17221 -11.2355 30.146
    endloop
  endfacet
  facet normal -0.241573 0.796937 -0.553655
    outer loop
      vertex 0.674993 -12.3796 29.5428
      vertex 0.344109 -12.4799 29.5428
      vertex 0.301613 -12.2663 29.8688
    endloop
  endfacet
  facet normal -0.392361 0.734404 -0.553808
    outer loop
      vertex 0.858923 -12.0355 29.8688
      vertex 0.674993 -12.3796 29.5428
      vertex 0.591636 -12.1783 29.8688
    endloop
  endfacet
  facet normal -0.643713 0.528263 -0.553689
    outer loop
      vertex 1.28547 -11.6089 29.8688
      vertex 1.46658 -11.7299 29.5428
      vertex 1.24722 -11.9972 29.5428
    endloop
  endfacet
  facet normal -0.884707 0.268394 -0.381126
    outer loop
      vertex 1.87711 -11.1234 29.1806
      vertex 1.7682 -11.4824 29.1806
      vertex 1.62958 -11.425 29.5428
    endloop
  endfacet
  facet normal -0.435914 0.815351 -0.381028
    outer loop
      vertex 0.979938 -12.2166 29.5428
      vertex 1.06329 -12.3413 29.1806
      vertex 0.732409 -12.5182 29.1806
    endloop
  endfacet
  facet normal -0.284617 0.938783 -0.194113
    outer loop
      vertex 0.761681 -12.5889 28.796
      vertex 0.388301 -12.7021 28.796
      vertex 0.373379 -12.6271 29.1806
    endloop
  endfacet
  facet normal -0.938723 0.284781 0.194161
    outer loop
      vertex 1.83886 -11.5117 28.404
      vertex 1.87711 -11.1234 28.0194
      vertex 1.7682 -11.4824 28.0194
    endloop
  endfacet
  facet normal -0.976245 0.0961663 0.194158
    outer loop
      vertex 1.95212 -11.1383 28.404
      vertex 1.99037 -10.75 28.404
      vertex 1.91388 -10.75 28.0194
    endloop
  endfacet
  facet normal -0.714642 0.586524 0.381153
    outer loop
      vertex 1.35332 -12.1033 28.0194
      vertex 1.59133 -11.8133 28.0194
      vertex 1.24722 -11.9972 27.6572
    endloop
  endfacet
  facet normal -0.772994 0.634414 0
    outer loop
      vertex 1.4074 -12.1574 28.404
      vertex 1.65493 -11.8558 28.796
      vertex 1.65493 -11.8558 28.404
    endloop
  endfacet
  facet normal -0.772994 0.634414 0
    outer loop
      vertex 1.65493 -11.8558 28.796
      vertex 1.4074 -12.1574 28.404
      vertex 1.4074 -12.1574 28.796
    endloop
  endfacet
  facet normal -0.865132 0.462435 0.194165
    outer loop
      vertex 1.65493 -11.8558 28.404
      vertex 1.83886 -11.5117 28.404
      vertex 1.59133 -11.8133 28.0194
    endloop
  endfacet
  facet normal -0.758283 0.62234 0.194166
    outer loop
      vertex 1.65493 -11.8558 28.404
      vertex 1.59133 -11.8133 28.0194
      vertex 1.4074 -12.1574 28.404
    endloop
  endfacet
  facet normal 0.0906768 0.920023 -0.38123
    outer loop
      vertex -0.344109 -12.4799 29.5428
      vertex 0 -12.6639 29.1806
      vertex -0.373379 -12.6271 29.1806
    endloop
  endfacet
  facet normal -0.0981585 0.995171 0
    outer loop
      vertex 0.388301 -12.7021 28.404
      vertex 0 -12.7404 28.796
      vertex 0.388301 -12.7021 28.796
    endloop
  endfacet
  facet normal -0.0981585 0.995171 0
    outer loop
      vertex 0 -12.7404 28.796
      vertex 0.388301 -12.7021 28.404
      vertex 0 -12.7404 28.404
    endloop
  endfacet
  facet normal -0.586473 0.714684 0.381151
    outer loop
      vertex 1.35332 -12.1033 28.0194
      vertex 1.24722 -11.9972 27.6572
      vertex 1.06329 -12.3413 28.0194
    endloop
  endfacet
  facet normal -0.622286 0.758326 0.194172
    outer loop
      vertex 1.4074 -12.1574 28.404
      vertex 1.35332 -12.1033 28.0194
      vertex 1.06329 -12.3413 28.0194
    endloop
  endfacet
  facet normal -0.36786 0.111598 -0.923161
    outer loop
      vertex 0.569413 -10.8633 30.5139
      vertex 0.924678 -10.9339 30.3638
      vertex 0.536376 -10.9722 30.5139
    endloop
  endfacet
  facet normal -0.554698 0.0546403 -0.830256
    outer loop
      vertex 0.942793 -10.75 30.3638
      vertex 1.26879 -10.75 30.146
      vertex 0.924678 -10.9339 30.3638
    endloop
  endfacet
  facet normal 0.976254 0.0961352 0.194127
    outer loop
      vertex -1.87711 -11.1234 28.0194
      vertex -1.91388 -10.75 28.0194
      vertex -1.95212 -11.1383 28.404
    endloop
  endfacet
  facet normal 0.920064 0.090602 0.381147
    outer loop
      vertex -1.87711 -11.1234 28.0194
      vertex -1.72995 -11.0941 27.6572
      vertex -1.91388 -10.75 28.0194
    endloop
  endfacet
  facet normal 0.554698 0.0546405 0.830256
    outer loop
      vertex -1.24441 -10.9975 27.054
      vertex -0.924678 -10.9339 26.8362
      vertex -1.26879 -10.75 27.054
    endloop
  endfacet
  facet normal -0.382553 0.0376678 0.923165
    outer loop
      vertex 0.924678 -10.9339 26.8362
      vertex 0.580569 -10.75 26.6861
      vertex 0.569413 -10.8633 26.6861
    endloop
  endfacet
  facet normal -0.339017 0.181203 0.923165
    outer loop
      vertex 0.783904 -11.2738 26.8362
      vertex 0.871027 -11.1108 26.8362
      vertex 0.536376 -10.9722 26.6861
    endloop
  endfacet
  facet normal -0.625079 0.3341 0.705446
    outer loop
      vertex 1.28547 -11.6089 27.3312
      vertex 1.42834 -11.3416 27.3312
      vertex 1.17221 -11.2355 27.054
    endloop
  endfacet
  facet normal -0.678248 0.205743 0.705443
    outer loop
      vertex 1.42834 -11.3416 27.3312
      vertex 1.51631 -11.0516 27.3312
      vertex 1.17221 -11.2355 27.054
    endloop
  endfacet
  facet normal -0.643731 0.528255 0.553677
    outer loop
      vertex 1.24722 -11.9972 27.6572
      vertex 1.28547 -11.6089 27.3312
      vertex 1.0932 -11.8432 27.3312
    endloop
  endfacet
  facet normal -0.528335 0.643665 0.553677
    outer loop
      vertex 1.24722 -11.9972 27.6572
      vertex 1.0932 -11.8432 27.3312
      vertex 0.858923 -12.0355 27.3312
    endloop
  endfacet
  facet normal -0.392549 0.734393 0.55369
    outer loop
      vertex 0.979938 -12.2166 27.6572
      vertex 0.858923 -12.0355 27.3312
      vertex 0.674993 -12.3796 27.6572
    endloop
  endfacet
  facet normal -0.43583 0.815364 0.381096
    outer loop
      vertex 0.732409 -12.5182 28.0194
      vertex 0.979938 -12.2166 27.6572
      vertex 0.674993 -12.3796 27.6572
    endloop
  endfacet
  facet normal -0.35348 0.430899 0.830288
    outer loop
      vertex 0.7049 -11.805 27.054
      vertex 0.666656 -11.4167 26.8362
      vertex 0.523787 -11.5339 26.8362
    endloop
  endfacet
  facet normal -0.262645 0.491579 0.830282
    outer loop
      vertex 0.7049 -11.805 27.054
      vertex 0.523787 -11.5339 26.8362
      vertex 0.485543 -11.9222 27.054
    endloop
  endfacet
  facet normal -0.243771 0.297161 0.923185
    outer loop
      vertex 0.523787 -11.5339 26.8362
      vertex 0.666656 -11.4167 26.8362
      vertex 0.410524 -11.1605 26.6861
    endloop
  endfacet
  facet normal -0.18132 0.338913 0.92318
    outer loop
      vertex 0.523787 -11.5339 26.8362
      vertex 0.322547 -11.2327 26.6861
      vertex 0.222174 -11.2864 26.6861
    endloop
  endfacet
  facet normal -0.161927 0.533311 0.830276
    outer loop
      vertex 0.485543 -11.9222 27.054
      vertex 0.360791 -11.621 26.8362
      vertex 0.183929 -11.6747 26.8362
    endloop
  endfacet
  facet normal -0.11169 0.367852 0.923153
    outer loop
      vertex 0.360791 -11.621 26.8362
      vertex 0.222174 -11.2864 26.6861
      vertex 0.183929 -11.6747 26.8362
    endloop
  endfacet
  facet normal 0.0568483 0.187618 0.980596
    outer loop
      vertex -0.113263 -11.3194 26.6861
      vertex -0.0382442 -10.9423 26.6096
      vertex -0.222174 -11.2864 26.6861
    endloop
  endfacet
  facet normal 0.124418 0.151474 0.9806
    outer loop
      vertex -0.108911 -10.913 26.6096
      vertex -0.138617 -10.8886 26.6096
      vertex -0.410524 -11.1605 26.6861
    endloop
  endfacet
  facet normal 0.0695305 0.705355 0.705436
    outer loop
      vertex 0 -12.0188 27.054
      vertex -0.247527 -11.9944 27.054
      vertex -0.301613 -12.2663 27.3312
    endloop
  endfacet
  facet normal -0.0546825 0.554729 0.830232
    outer loop
      vertex 0.247527 -11.9944 27.054
      vertex 0.183929 -11.6747 26.8362
      vertex 0 -12.0188 27.054
    endloop
  endfacet
  facet normal 0.884706 0.268353 0.38116
    outer loop
      vertex -1.62958 -11.425 27.6572
      vertex -1.72995 -11.0941 27.6572
      vertex -1.87711 -11.1234 28.0194
    endloop
  endfacet
  facet normal 0.796853 0.241705 0.553718
    outer loop
      vertex -1.62958 -11.425 27.6572
      vertex -1.51631 -11.0516 27.3312
      vertex -1.72995 -11.0941 27.6572
    endloop
  endfacet
  facet normal 0.367858 0.111566 0.923165
    outer loop
      vertex -0.871027 -11.1108 26.8362
      vertex -0.536376 -10.9722 26.6861
      vertex -0.924678 -10.9339 26.8362
    endloop
  endfacet
  facet normal 0.828702 0.0816337 0.553705
    outer loop
      vertex -1.51631 -11.0516 27.3312
      vertex -1.54602 -10.75 27.3312
      vertex -1.76384 -10.75 27.6572
    endloop
  endfacet
  facet normal 0.528335 0.643665 0.553677
    outer loop
      vertex -0.858923 -12.0355 27.3312
      vertex -1.0932 -11.8432 27.3312
      vertex -1.24722 -11.9972 27.6572
    endloop
  endfacet
  facet normal 0.643731 0.528255 0.553677
    outer loop
      vertex -1.24722 -11.9972 27.6572
      vertex -1.0932 -11.8432 27.3312
      vertex -1.28547 -11.6089 27.3312
    endloop
  endfacet
  facet normal -0.0376476 0.382568 -0.92316
    outer loop
      vertex 0 -11.3306 30.5139
      vertex 0.183929 -11.6747 30.3638
      vertex 0 -11.6928 30.3638
    endloop
  endfacet
  facet normal 0.430907 0.353555 -0.830252
    outer loop
      vertex -0.783904 -11.2738 30.3638
      vertex -0.666656 -11.4167 30.3638
      vertex -1.05496 -11.4549 30.146
    endloop
  endfacet
  facet normal 0.187573 0.0569041 -0.980601
    outer loop
      vertex -0.192267 -10.7882 30.5904
      vertex -0.536376 -10.9722 30.5139
      vertex -0.569413 -10.8633 30.5139
    endloop
  endfacet
  facet normal 0.172878 0.0923803 -0.980601
    outer loop
      vertex -0.181111 -10.825 30.5904
      vertex -0.162996 -10.8589 30.5904
      vertex -0.536376 -10.9722 30.5139
    endloop
  endfacet
  facet normal 0.0188706 0.195051 -0.980611
    outer loop
      vertex 0 -10.946 30.5904
      vertex 0 -11.3306 30.5139
      vertex -0.0382442 -10.9423 30.5904
    endloop
  endfacet
  facet normal -0.18132 0.338913 -0.92318
    outer loop
      vertex 0.322547 -11.2327 30.5139
      vertex 0.523787 -11.5339 30.3638
      vertex 0.222174 -11.2864 30.5139
    endloop
  endfacet
  facet normal -0.124418 0.151474 -0.9806
    outer loop
      vertex 0.138617 -10.8886 30.5904
      vertex 0.410524 -11.1605 30.5139
      vertex 0.108911 -10.913 30.5904
    endloop
  endfacet
  facet normal -0.0378222 0.382487 -0.923187
    outer loop
      vertex 0.113263 -11.3194 30.5139
      vertex 0.183929 -11.6747 30.3638
      vertex 0 -11.3306 30.5139
    endloop
  endfacet
  facet normal -0.111456 0.367841 -0.923185
    outer loop
      vertex 0.222174 -11.2864 30.5139
      vertex 0.183929 -11.6747 30.3638
      vertex 0.113263 -11.3194 30.5139
    endloop
  endfacet
  facet normal -0.449694 0.547857 -0.705427
    outer loop
      vertex 1.0932 -11.8432 29.8688
      vertex 0.858923 -12.0355 29.8688
      vertex 0.7049 -11.805 30.146
    endloop
  endfacet
  facet normal -0.643731 0.528255 -0.553677
    outer loop
      vertex 1.28547 -11.6089 29.8688
      vertex 1.24722 -11.9972 29.5428
      vertex 1.0932 -11.8432 29.8688
    endloop
  endfacet
  facet normal -0.187573 0.0569041 -0.980601
    outer loop
      vertex 0.569413 -10.8633 30.5139
      vertex 0.536376 -10.9722 30.5139
      vertex 0.192267 -10.7882 30.5904
    endloop
  endfacet
  facet normal -0.382546 0.0376826 -0.923168
    outer loop
      vertex 0.942793 -10.75 30.3638
      vertex 0.924678 -10.9339 30.3638
      vertex 0.580569 -10.75 30.5139
    endloop
  endfacet
  facet normal -0.151553 0.124344 -0.980597
    outer loop
      vertex 0.482725 -11.0725 30.5139
      vertex 0.410524 -11.1605 30.5139
      vertex 0.162996 -10.8589 30.5904
    endloop
  endfacet
  facet normal -0.297144 0.243797 -0.923184
    outer loop
      vertex 0.482725 -11.0725 30.5139
      vertex 0.783904 -11.2738 30.3638
      vertex 0.410524 -11.1605 30.5139
    endloop
  endfacet
  facet normal -0.0546825 0.554729 -0.830232
    outer loop
      vertex 0.183929 -11.6747 30.3638
      vertex 0.247527 -11.9944 30.146
      vertex 0 -12.0188 30.146
    endloop
  endfacet
  facet normal -0.069461 0.705399 -0.705399
    outer loop
      vertex 0 -12.0188 30.146
      vertex 0.301613 -12.2663 29.8688
      vertex 0 -12.296 29.8688
    endloop
  endfacet
  facet normal 0.268185 0.884726 -0.38123
    outer loop
      vertex -0.344109 -12.4799 29.5428
      vertex -0.373379 -12.6271 29.1806
      vertex -0.674993 -12.3796 29.5428
    endloop
  endfacet
  facet normal 0.0906353 0.920012 -0.381264
    outer loop
      vertex 0 -12.5138 29.5428
      vertex 0 -12.6639 29.1806
      vertex -0.344109 -12.4799 29.5428
    endloop
  endfacet
  facet normal 0.0962901 0.976229 -0.19418
    outer loop
      vertex 0 -12.6639 29.1806
      vertex 0 -12.7404 28.796
      vertex -0.388301 -12.7021 28.796
    endloop
  endfacet
  facet normal -0.290135 0.956986 0
    outer loop
      vertex 0.761681 -12.5889 28.404
      vertex 0.388301 -12.7021 28.796
      vertex 0.761681 -12.5889 28.796
    endloop
  endfacet
  facet normal -0.290135 0.956986 0
    outer loop
      vertex 0.388301 -12.7021 28.796
      vertex 0.761681 -12.5889 28.404
      vertex 0.388301 -12.7021 28.404
    endloop
  endfacet
  facet normal -0.547942 0.449617 -0.70541
    outer loop
      vertex 1.05496 -11.4549 30.146
      vertex 1.0932 -11.8432 29.8688
      vertex 0.897167 -11.6472 30.146
    endloop
  endfacet
  facet normal -0.205803 0.678268 -0.705406
    outer loop
      vertex 0.485543 -11.9222 30.146
      vertex 0.591636 -12.1783 29.8688
      vertex 0.301613 -12.2663 29.8688
    endloop
  endfacet
  facet normal 0.0962186 0.97625 0.194109
    outer loop
      vertex 0 -12.6639 28.0194
      vertex -0.373379 -12.6271 28.0194
      vertex -0.388301 -12.7021 28.404
    endloop
  endfacet
  facet normal 0.0962901 0.976229 0.19418
    outer loop
      vertex 0 -12.7404 28.404
      vertex 0 -12.6639 28.0194
      vertex -0.388301 -12.7021 28.404
    endloop
  endfacet
  facet normal 0.828696 0.0816173 -0.553716
    outer loop
      vertex -1.51631 -11.0516 29.8688
      vertex -1.72995 -11.0941 29.5428
      vertex -1.76384 -10.75 29.5428
    endloop
  endfacet
  facet normal 0.828702 0.0816337 -0.553705
    outer loop
      vertex -1.54602 -10.75 29.8688
      vertex -1.51631 -11.0516 29.8688
      vertex -1.76384 -10.75 29.5428
    endloop
  endfacet
  facet normal 0.995183 0.0980318 0
    outer loop
      vertex -1.95212 -11.1383 28.796
      vertex -1.99037 -10.75 28.404
      vertex -1.99037 -10.75 28.796
    endloop
  endfacet
  facet normal 0.995183 0.0980318 0
    outer loop
      vertex -1.99037 -10.75 28.404
      vertex -1.95212 -11.1383 28.796
      vertex -1.95212 -11.1383 28.404
    endloop
  endfacet
  facet normal 0.533409 0.161775 -0.830243
    outer loop
      vertex -0.924678 -10.9339 30.3638
      vertex -0.871027 -11.1108 30.3638
      vertex -1.17221 -11.2355 30.146
    endloop
  endfacet
  facet normal 0.53338 0.161807 -0.830255
    outer loop
      vertex -0.924678 -10.9339 30.3638
      vertex -1.17221 -11.2355 30.146
      vertex -1.24441 -10.9975 30.146
    endloop
  endfacet
  facet normal -0.0545862 0.554696 -0.830261
    outer loop
      vertex 0 -11.6928 30.3638
      vertex 0.183929 -11.6747 30.3638
      vertex 0 -12.0188 30.146
    endloop
  endfacet
  facet normal 0.205803 0.678268 -0.705406
    outer loop
      vertex -0.485543 -11.9222 30.146
      vertex -0.301613 -12.2663 29.8688
      vertex -0.591636 -12.1783 29.8688
    endloop
  endfacet
  facet normal -0.0192914 0.19509 0.980596
    outer loop
      vertex 0.113263 -11.3194 26.6861
      vertex 0.0382442 -10.9423 26.6096
      vertex 0 -11.3306 26.6861
    endloop
  endfacet
  facet normal 0.195079 0.0192083 0.980599
    outer loop
      vertex -0.569413 -10.8633 26.6861
      vertex -0.192267 -10.7882 26.6096
      vertex -0.580569 -10.75 26.6861
    endloop
  endfacet
  facet normal 0.36786 0.111598 0.923161
    outer loop
      vertex -0.536376 -10.9722 26.6861
      vertex -0.569413 -10.8633 26.6861
      vertex -0.924678 -10.9339 26.8362
    endloop
  endfacet
  facet normal -0.554698 0.0546403 0.830256
    outer loop
      vertex 1.26879 -10.75 27.054
      vertex 0.942793 -10.75 26.8362
      vertex 0.924678 -10.9339 26.8362
    endloop
  endfacet
  facet normal -0.382546 0.0376826 0.923168
    outer loop
      vertex 0.924678 -10.9339 26.8362
      vertex 0.942793 -10.75 26.8362
      vertex 0.580569 -10.75 26.6861
    endloop
  endfacet
  facet normal -0.70536 0.0694835 0.705436
    outer loop
      vertex 1.51631 -11.0516 27.3312
      vertex 1.54602 -10.75 27.3312
      vertex 1.26879 -10.75 27.054
    endloop
  endfacet
  facet normal -0.67825 0.205755 -0.705438
    outer loop
      vertex 1.24441 -10.9975 30.146
      vertex 1.51631 -11.0516 29.8688
      vertex 1.17221 -11.2355 30.146
    endloop
  endfacet
  facet normal -0.705361 0.0694816 -0.705435
    outer loop
      vertex 1.26879 -10.75 30.146
      vertex 1.51631 -11.0516 29.8688
      vertex 1.24441 -10.9975 30.146
    endloop
  endfacet
  facet normal -0.367858 0.111566 -0.923165
    outer loop
      vertex 0.924678 -10.9339 30.3638
      vertex 0.871027 -11.1108 30.3638
      vertex 0.536376 -10.9722 30.5139
    endloop
  endfacet
  facet normal -0.339017 0.181203 -0.923165
    outer loop
      vertex 0.871027 -11.1108 30.3638
      vertex 0.783904 -11.2738 30.3638
      vertex 0.536376 -10.9722 30.5139
    endloop
  endfacet
  facet normal -0.884706 0.268353 -0.38116
    outer loop
      vertex 1.72995 -11.0941 29.5428
      vertex 1.87711 -11.1234 29.1806
      vertex 1.62958 -11.425 29.5428
    endloop
  endfacet
  facet normal -0.796842 0.241718 -0.553729
    outer loop
      vertex 1.51631 -11.0516 29.8688
      vertex 1.62958 -11.425 29.5428
      vertex 1.42834 -11.3416 29.8688
    endloop
  endfacet
  facet normal -0.268355 0.884734 -0.381093
    outer loop
      vertex 0.674993 -12.3796 29.5428
      vertex 0.732409 -12.5182 29.1806
      vertex 0.373379 -12.6271 29.1806
    endloop
  endfacet
  facet normal -0.43583 0.815364 -0.381096
    outer loop
      vertex 0.979938 -12.2166 29.5428
      vertex 0.732409 -12.5182 29.1806
      vertex 0.674993 -12.3796 29.5428
    endloop
  endfacet
  facet normal -0.586473 0.714684 -0.381151
    outer loop
      vertex 1.24722 -11.9972 29.5428
      vertex 1.35332 -12.1033 29.1806
      vertex 1.06329 -12.3413 29.1806
    endloop
  endfacet
  facet normal -0.586611 0.714634 -0.381033
    outer loop
      vertex 1.24722 -11.9972 29.5428
      vertex 1.06329 -12.3413 29.1806
      vertex 0.979938 -12.2166 29.5428
    endloop
  endfacet
  facet normal -0.865135 0.462425 0.194175
    outer loop
      vertex 1.83886 -11.5117 28.404
      vertex 1.7682 -11.4824 28.0194
      vertex 1.59133 -11.8133 28.0194
    endloop
  endfacet
  facet normal -0.884707 0.268394 0.381126
    outer loop
      vertex 1.7682 -11.4824 28.0194
      vertex 1.87711 -11.1234 28.0194
      vertex 1.62958 -11.425 27.6572
    endloop
  endfacet
  facet normal -0.976254 0.0961352 0.194127
    outer loop
      vertex 1.95212 -11.1383 28.404
      vertex 1.91388 -10.75 28.0194
      vertex 1.87711 -11.1234 28.0194
    endloop
  endfacet
  facet normal -0.938744 0.284741 0.194118
    outer loop
      vertex 1.95212 -11.1383 28.404
      vertex 1.87711 -11.1234 28.0194
      vertex 1.83886 -11.5117 28.404
    endloop
  endfacet
  facet normal -0.268355 0.884734 0.381093
    outer loop
      vertex 0.732409 -12.5182 28.0194
      vertex 0.674993 -12.3796 27.6572
      vertex 0.373379 -12.6271 28.0194
    endloop
  endfacet
  facet normal -0.462562 0.865064 0.194168
    outer loop
      vertex 1.10579 -12.4049 28.404
      vertex 1.06329 -12.3413 28.0194
      vertex 0.761681 -12.5889 28.404
    endloop
  endfacet
  facet normal -0.0962186 0.97625 -0.194109
    outer loop
      vertex 0.373379 -12.6271 29.1806
      vertex 0.388301 -12.7021 28.796
      vertex 0 -12.6639 29.1806
    endloop
  endfacet
  facet normal -0.284617 0.938783 0.194113
    outer loop
      vertex 0.388301 -12.7021 28.404
      vertex 0.761681 -12.5889 28.404
      vertex 0.373379 -12.6271 28.0194
    endloop
  endfacet
  facet normal 0 0 -1
    outer loop
      vertex 0.181111 -10.825 30.5904
      vertex 0.196033 -10.75 30.5904
      vertex 0.192267 -10.7882 30.5904
    endloop
  endfacet
  facet normal 0 0 -1
    outer loop
      vertex 0.162996 -10.8589 30.5904
      vertex 0.196033 -10.75 30.5904
      vertex 0.181111 -10.825 30.5904
    endloop
  endfacet
  facet normal 0 0 -1
    outer loop
      vertex 0.138617 -10.8886 30.5904
      vertex 0.196033 -10.75 30.5904
      vertex 0.162996 -10.8589 30.5904
    endloop
  endfacet
  facet normal 0 0 -1
    outer loop
      vertex 0.108911 -10.913 30.5904
      vertex 0.196033 -10.75 30.5904
      vertex 0.138617 -10.8886 30.5904
    endloop
  endfacet
  facet normal 0 0 -1
    outer loop
      vertex 0.0750189 -10.9311 30.5904
      vertex 0.196033 -10.75 30.5904
      vertex 0.108911 -10.913 30.5904
    endloop
  endfacet
  facet normal 0 0 -1
    outer loop
      vertex 0.0382442 -10.9423 30.5904
      vertex 0.196033 -10.75 30.5904
      vertex 0.0750189 -10.9311 30.5904
    endloop
  endfacet
  facet normal 0 0 -1
    outer loop
      vertex 0 -10.946 30.5904
      vertex 0.196033 -10.75 30.5904
      vertex 0.0382442 -10.9423 30.5904
    endloop
  endfacet
  facet normal 0 0 -1
    outer loop
      vertex -0.0382442 -10.9423 30.5904
      vertex 0.196033 -10.75 30.5904
      vertex 0 -10.946 30.5904
    endloop
  endfacet
  facet normal 0 0 -1
    outer loop
      vertex -0.0750189 -10.9311 30.5904
      vertex 0.196033 -10.75 30.5904
      vertex -0.0382442 -10.9423 30.5904
    endloop
  endfacet
  facet normal 0 0 -1
    outer loop
      vertex -0.108911 -10.913 30.5904
      vertex 0.196033 -10.75 30.5904
      vertex -0.0750189 -10.9311 30.5904
    endloop
  endfacet
  facet normal 0 0 -1
    outer loop
      vertex -0.138617 -10.8886 30.5904
      vertex 0.196033 -10.75 30.5904
      vertex -0.108911 -10.913 30.5904
    endloop
  endfacet
  facet normal 0 0 -1
    outer loop
      vertex -0.162996 -10.8589 30.5904
      vertex 0.196033 -10.75 30.5904
      vertex -0.138617 -10.8886 30.5904
    endloop
  endfacet
  facet normal 0 0 -1
    outer loop
      vertex -0.181111 -10.825 30.5904
      vertex 0.196033 -10.75 30.5904
      vertex -0.162996 -10.8589 30.5904
    endloop
  endfacet
  facet normal 0 0 -1
    outer loop
      vertex -0.192267 -10.7882 30.5904
      vertex 0.196033 -10.75 30.5904
      vertex -0.181111 -10.825 30.5904
    endloop
  endfacet
  facet normal -0 0 -1
    outer loop
      vertex 0.196033 -10.75 30.5904
      vertex -0.192267 -10.7882 30.5904
      vertex -0.196033 -10.75 30.5904
    endloop
  endfacet
  facet normal -0.124364 0.151539 0.980597
    outer loop
      vertex 0.322547 -11.2327 26.6861
      vertex 0.410524 -11.1605 26.6861
      vertex 0.108911 -10.913 26.6096
    endloop
  endfacet
  facet normal -0.367858 0.111566 0.923165
    outer loop
      vertex 0.871027 -11.1108 26.8362
      vertex 0.924678 -10.9339 26.8362
      vertex 0.536376 -10.9722 26.6861
    endloop
  endfacet
  facet normal -0.67825 0.205755 0.705438
    outer loop
      vertex 1.51631 -11.0516 27.3312
      vertex 1.24441 -10.9975 27.054
      vertex 1.17221 -11.2355 27.054
    endloop
  endfacet
  facet normal -0.124418 0.151474 0.9806
    outer loop
      vertex 0.410524 -11.1605 26.6861
      vertex 0.138617 -10.8886 26.6096
      vertex 0.108911 -10.913 26.6096
    endloop
  endfacet
  facet normal -0.334012 0.625152 0.705422
    outer loop
      vertex 0.858923 -12.0355 27.3312
      vertex 0.7049 -11.805 27.054
      vertex 0.485543 -11.9222 27.054
    endloop
  endfacet
  facet normal -0.547917 0.449629 0.705423
    outer loop
      vertex 1.0932 -11.8432 27.3312
      vertex 1.28547 -11.6089 27.3312
      vertex 1.05496 -11.4549 27.054
    endloop
  endfacet
  facet normal -0.528343 0.643649 0.553688
    outer loop
      vertex 0.979938 -12.2166 27.6572
      vertex 1.24722 -11.9972 27.6572
      vertex 0.858923 -12.0355 27.3312
    endloop
  endfacet
  facet normal -0.586611 0.714634 0.381033
    outer loop
      vertex 1.06329 -12.3413 28.0194
      vertex 1.24722 -11.9972 27.6572
      vertex 0.979938 -12.2166 27.6572
    endloop
  endfacet
  facet normal 0.0376476 0.382568 0.92316
    outer loop
      vertex 0 -11.6928 26.8362
      vertex 0 -11.3306 26.6861
      vertex -0.183929 -11.6747 26.8362
    endloop
  endfacet
  facet normal -0.0376476 0.382568 0.92316
    outer loop
      vertex 0.183929 -11.6747 26.8362
      vertex 0 -11.3306 26.6861
      vertex 0 -11.6928 26.8362
    endloop
  endfacet
  facet normal -0.181184 0.339061 0.923152
    outer loop
      vertex 0.360791 -11.621 26.8362
      vertex 0.523787 -11.5339 26.8362
      vertex 0.222174 -11.2864 26.6861
    endloop
  endfacet
  facet normal -0.262683 0.491576 0.830271
    outer loop
      vertex 0.485543 -11.9222 27.054
      vertex 0.523787 -11.5339 26.8362
      vertex 0.360791 -11.621 26.8362
    endloop
  endfacet
  facet normal 0.0923331 0.172893 0.980603
    outer loop
      vertex -0.0750189 -10.9311 26.6096
      vertex -0.108911 -10.913 26.6096
      vertex -0.222174 -11.2864 26.6861
    endloop
  endfacet
  facet normal 0.35348 0.430899 0.830288
    outer loop
      vertex -0.523787 -11.5339 26.8362
      vertex -0.666656 -11.4167 26.8362
      vertex -0.7049 -11.805 27.054
    endloop
  endfacet
  facet normal 0.67825 0.205755 0.705438
    outer loop
      vertex -1.17221 -11.2355 27.054
      vertex -1.24441 -10.9975 27.054
      vertex -1.51631 -11.0516 27.3312
    endloop
  endfacet
  facet normal 0.53338 0.161807 0.830255
    outer loop
      vertex -1.17221 -11.2355 27.054
      vertex -0.924678 -10.9339 26.8362
      vertex -1.24441 -10.9975 27.054
    endloop
  endfacet
  facet normal -0.0906353 0.920012 0.381264
    outer loop
      vertex 0.344109 -12.4799 27.6572
      vertex 0 -12.5138 27.6572
      vertex 0 -12.6639 28.0194
    endloop
  endfacet
  facet normal 0.0816436 0.82874 0.553646
    outer loop
      vertex 0 -12.5138 27.6572
      vertex -0.301613 -12.2663 27.3312
      vertex -0.344109 -12.4799 27.6572
    endloop
  endfacet
  facet normal 0.81533 0.435876 0.381116
    outer loop
      vertex -1.46658 -11.7299 27.6572
      vertex -1.62958 -11.425 27.6572
      vertex -1.7682 -11.4824 28.0194
    endloop
  endfacet
  facet normal 0.884707 0.268394 0.381126
    outer loop
      vertex -1.7682 -11.4824 28.0194
      vertex -1.62958 -11.425 27.6572
      vertex -1.87711 -11.1234 28.0194
    endloop
  endfacet
  facet normal 0.382546 0.0376826 0.923168
    outer loop
      vertex -0.924678 -10.9339 26.8362
      vertex -0.580569 -10.75 26.6861
      vertex -0.942793 -10.75 26.8362
    endloop
  endfacet
  facet normal 0.11169 0.367852 -0.923153
    outer loop
      vertex -0.222174 -11.2864 30.5139
      vertex -0.183929 -11.6747 30.3638
      vertex -0.360791 -11.621 30.3638
    endloop
  endfacet
  facet normal 0.297142 0.243802 -0.923183
    outer loop
      vertex -0.410524 -11.1605 30.5139
      vertex -0.666656 -11.4167 30.3638
      vertex -0.783904 -11.2738 30.3638
    endloop
  endfacet
  facet normal 0.491595 0.262756 -0.830237
    outer loop
      vertex -0.871027 -11.1108 30.3638
      vertex -0.783904 -11.2738 30.3638
      vertex -1.17221 -11.2355 30.146
    endloop
  endfacet
  facet normal 0.339017 0.181203 -0.923165
    outer loop
      vertex -0.536376 -10.9722 30.5139
      vertex -0.783904 -11.2738 30.3638
      vertex -0.871027 -11.1108 30.3638
    endloop
  endfacet
  facet normal 0.151553 0.124344 -0.980597
    outer loop
      vertex -0.162996 -10.8589 30.5904
      vertex -0.410524 -11.1605 30.5139
      vertex -0.482725 -11.0725 30.5139
    endloop
  endfacet
  facet normal 0.172853 0.0924602 -0.980598
    outer loop
      vertex -0.162996 -10.8589 30.5904
      vertex -0.482725 -11.0725 30.5139
      vertex -0.536376 -10.9722 30.5139
    endloop
  endfacet
  facet normal 0.111456 0.367841 -0.923185
    outer loop
      vertex -0.113263 -11.3194 30.5139
      vertex -0.183929 -11.6747 30.3638
      vertex -0.222174 -11.2864 30.5139
    endloop
  endfacet
  facet normal 0.187592 0.0568688 -0.980599
    outer loop
      vertex -0.192267 -10.7882 30.5904
      vertex -0.181111 -10.825 30.5904
      vertex -0.536376 -10.9722 30.5139
    endloop
  endfacet
  facet normal -0.0188706 0.195051 -0.980611
    outer loop
      vertex 0 -10.946 30.5904
      vertex 0.0382442 -10.9423 30.5904
      vertex 0 -11.3306 30.5139
    endloop
  endfacet
  facet normal -0.0571002 0.187486 -0.980606
    outer loop
      vertex 0.0750189 -10.9311 30.5904
      vertex 0.222174 -11.2864 30.5139
      vertex 0.0382442 -10.9423 30.5904
    endloop
  endfacet
  facet normal -0.0923331 0.172893 -0.980603
    outer loop
      vertex 0.108911 -10.913 30.5904
      vertex 0.222174 -11.2864 30.5139
      vertex 0.0750189 -10.9311 30.5904
    endloop
  endfacet
  facet normal -0.151518 0.124373 -0.980599
    outer loop
      vertex 0.162996 -10.8589 30.5904
      vertex 0.410524 -11.1605 30.5139
      vertex 0.138617 -10.8886 30.5904
    endloop
  endfacet
  facet normal -0.334012 0.625152 -0.705422
    outer loop
      vertex 0.7049 -11.805 30.146
      vertex 0.858923 -12.0355 29.8688
      vertex 0.485543 -11.9222 30.146
    endloop
  endfacet
  facet normal -0.430901 0.353579 -0.830245
    outer loop
      vertex 1.05496 -11.4549 30.146
      vertex 0.897167 -11.6472 30.146
      vertex 0.666656 -11.4167 30.3638
    endloop
  endfacet
  facet normal -0.243848 0.297133 -0.923174
    outer loop
      vertex 0.410524 -11.1605 30.5139
      vertex 0.523787 -11.5339 30.3638
      vertex 0.322547 -11.2327 30.5139
    endloop
  endfacet
  facet normal -0.124364 0.151539 -0.980597
    outer loop
      vertex 0.410524 -11.1605 30.5139
      vertex 0.322547 -11.2327 30.5139
      vertex 0.108911 -10.913 30.5904
    endloop
  endfacet
  facet normal -0.161927 0.533311 -0.830276
    outer loop
      vertex 0.360791 -11.621 30.3638
      vertex 0.485543 -11.9222 30.146
      vertex 0.183929 -11.6747 30.3638
    endloop
  endfacet
  facet normal -0.161807 0.533418 -0.830231
    outer loop
      vertex 0.485543 -11.9222 30.146
      vertex 0.247527 -11.9944 30.146
      vertex 0.183929 -11.6747 30.3638
    endloop
  endfacet
  facet normal -0.547917 0.449629 -0.705423
    outer loop
      vertex 1.28547 -11.6089 29.8688
      vertex 1.0932 -11.8432 29.8688
      vertex 1.05496 -11.4549 30.146
    endloop
  endfacet
  facet normal -0.62512 0.334071 -0.705423
    outer loop
      vertex 1.17221 -11.2355 30.146
      vertex 1.28547 -11.6089 29.8688
      vertex 1.05496 -11.4549 30.146
    endloop
  endfacet
  facet normal -0.172878 0.0923803 -0.980601
    outer loop
      vertex 0.181111 -10.825 30.5904
      vertex 0.536376 -10.9722 30.5139
      vertex 0.162996 -10.8589 30.5904
    endloop
  endfacet
  facet normal -0.187592 0.0568688 -0.980599
    outer loop
      vertex 0.192267 -10.7882 30.5904
      vertex 0.536376 -10.9722 30.5139
      vertex 0.181111 -10.825 30.5904
    endloop
  endfacet
  facet normal -0.382553 0.0376678 -0.923165
    outer loop
      vertex 0.580569 -10.75 30.5139
      vertex 0.924678 -10.9339 30.3638
      vertex 0.569413 -10.8633 30.5139
    endloop
  endfacet
  facet normal -0.195079 0.0192083 -0.980599
    outer loop
      vertex 0.580569 -10.75 30.5139
      vertex 0.569413 -10.8633 30.5139
      vertex 0.192267 -10.7882 30.5904
    endloop
  endfacet
  facet normal 0.0962186 0.97625 -0.194109
    outer loop
      vertex -0.373379 -12.6271 29.1806
      vertex 0 -12.6639 29.1806
      vertex -0.388301 -12.7021 28.796
    endloop
  endfacet
  facet normal -0.0816436 0.82874 -0.553646
    outer loop
      vertex 0.301613 -12.2663 29.8688
      vertex 0.344109 -12.4799 29.5428
      vertex 0 -12.5138 29.5428
    endloop
  endfacet
  facet normal 0.547917 0.449629 -0.705423
    outer loop
      vertex -1.05496 -11.4549 30.146
      vertex -1.0932 -11.8432 29.8688
      vertex -1.28547 -11.6089 29.8688
    endloop
  endfacet
  facet normal 0.547942 0.449617 -0.70541
    outer loop
      vertex -1.05496 -11.4549 30.146
      vertex -0.897167 -11.6472 30.146
      vertex -1.0932 -11.8432 29.8688
    endloop
  endfacet
  facet normal 0.069461 0.705399 -0.705399
    outer loop
      vertex 0 -12.0188 30.146
      vertex 0 -12.296 29.8688
      vertex -0.301613 -12.2663 29.8688
    endloop
  endfacet
  facet normal 0.0816052 0.828727 -0.553671
    outer loop
      vertex 0 -12.296 29.8688
      vertex 0 -12.5138 29.5428
      vertex -0.301613 -12.2663 29.8688
    endloop
  endfacet
  facet normal 0.0571002 0.187486 0.980606
    outer loop
      vertex -0.0382442 -10.9423 26.6096
      vertex -0.0750189 -10.9311 26.6096
      vertex -0.222174 -11.2864 26.6861
    endloop
  endfacet
  facet normal 0.243848 0.297133 0.923174
    outer loop
      vertex -0.322547 -11.2327 26.6861
      vertex -0.410524 -11.1605 26.6861
      vertex -0.523787 -11.5339 26.8362
    endloop
  endfacet
  facet normal -0.828696 0.0816173 -0.553716
    outer loop
      vertex 1.76384 -10.75 29.5428
      vertex 1.72995 -11.0941 29.5428
      vertex 1.51631 -11.0516 29.8688
    endloop
  endfacet
  facet normal -0.828702 0.0816337 -0.553705
    outer loop
      vertex 1.54602 -10.75 29.8688
      vertex 1.76384 -10.75 29.5428
      vertex 1.51631 -11.0516 29.8688
    endloop
  endfacet
  facet normal -0.81534 0.435809 -0.381171
    outer loop
      vertex 1.7682 -11.4824 29.1806
      vertex 1.59133 -11.8133 29.1806
      vertex 1.46658 -11.7299 29.5428
    endloop
  endfacet
  facet normal -0.81533 0.435876 -0.381116
    outer loop
      vertex 1.62958 -11.425 29.5428
      vertex 1.7682 -11.4824 29.1806
      vertex 1.46658 -11.7299 29.5428
    endloop
  endfacet
  facet normal -0.471536 0.881847 0
    outer loop
      vertex 1.10579 -12.4049 28.404
      vertex 0.761681 -12.5889 28.796
      vertex 1.10579 -12.4049 28.796
    endloop
  endfacet
  facet normal -0.471536 0.881847 0
    outer loop
      vertex 0.761681 -12.5889 28.796
      vertex 1.10579 -12.4049 28.404
      vertex 0.761681 -12.5889 28.404
    endloop
  endfacet
  facet normal -0.462562 0.865064 -0.194168
    outer loop
      vertex 1.06329 -12.3413 29.1806
      vertex 1.10579 -12.4049 28.796
      vertex 0.761681 -12.5889 28.796
    endloop
  endfacet
  facet normal -0.172878 0.0923803 0.980601
    outer loop
      vertex 0.536376 -10.9722 26.6861
      vertex 0.181111 -10.825 26.6096
      vertex 0.162996 -10.8589 26.6096
    endloop
  endfacet
  facet normal -0.187573 0.0569041 0.980601
    outer loop
      vertex 0.536376 -10.9722 26.6861
      vertex 0.569413 -10.8633 26.6861
      vertex 0.192267 -10.7882 26.6096
    endloop
  endfacet
  facet normal -0.491597 0.262715 0.830249
    outer loop
      vertex 1.05496 -11.4549 27.054
      vertex 1.17221 -11.2355 27.054
      vertex 0.783904 -11.2738 26.8362
    endloop
  endfacet
  facet normal -0.491595 0.262756 0.830237
    outer loop
      vertex 1.17221 -11.2355 27.054
      vertex 0.871027 -11.1108 26.8362
      vertex 0.783904 -11.2738 26.8362
    endloop
  endfacet
  facet normal -0.449677 0.547896 0.705408
    outer loop
      vertex 1.0932 -11.8432 27.3312
      vertex 0.897167 -11.6472 27.054
      vertex 0.7049 -11.805 27.054
    endloop
  endfacet
  facet normal -0.353623 0.430862 0.830246
    outer loop
      vertex 0.7049 -11.805 27.054
      vertex 0.897167 -11.6472 27.054
      vertex 0.666656 -11.4167 26.8362
    endloop
  endfacet
  facet normal -0.0571002 0.187486 0.980606
    outer loop
      vertex 0.222174 -11.2864 26.6861
      vertex 0.0750189 -10.9311 26.6096
      vertex 0.0382442 -10.9423 26.6096
    endloop
  endfacet
  facet normal -0.0568483 0.187618 0.980596
    outer loop
      vertex 0.113263 -11.3194 26.6861
      vertex 0.222174 -11.2864 26.6861
      vertex 0.0382442 -10.9423 26.6096
    endloop
  endfacet
  facet normal 0.124364 0.151539 0.980597
    outer loop
      vertex -0.322547 -11.2327 26.6861
      vertex -0.108911 -10.913 26.6096
      vertex -0.410524 -11.1605 26.6861
    endloop
  endfacet
  facet normal 0.111456 0.367841 0.923185
    outer loop
      vertex -0.183929 -11.6747 26.8362
      vertex -0.113263 -11.3194 26.6861
      vertex -0.222174 -11.2864 26.6861
    endloop
  endfacet
  facet normal 0.161927 0.533311 0.830276
    outer loop
      vertex -0.183929 -11.6747 26.8362
      vertex -0.360791 -11.621 26.8362
      vertex -0.485543 -11.9222 27.054
    endloop
  endfacet
  facet normal 0.334001 0.625168 0.705414
    outer loop
      vertex -0.591636 -12.1783 27.3312
      vertex -0.485543 -11.9222 27.054
      vertex -0.858923 -12.0355 27.3312
    endloop
  endfacet
  facet normal 0.449677 0.547896 0.705408
    outer loop
      vertex -0.7049 -11.805 27.054
      vertex -0.897167 -11.6472 27.054
      vertex -1.0932 -11.8432 27.3312
    endloop
  endfacet
  facet normal 0.547942 0.449617 0.70541
    outer loop
      vertex -0.897167 -11.6472 27.054
      vertex -1.05496 -11.4549 27.054
      vertex -1.0932 -11.8432 27.3312
    endloop
  endfacet
  facet normal 0.678248 0.205743 0.705443
    outer loop
      vertex -1.42834 -11.3416 27.3312
      vertex -1.17221 -11.2355 27.054
      vertex -1.51631 -11.0516 27.3312
    endloop
  endfacet
  facet normal 0.625079 0.3341 0.705446
    outer loop
      vertex -1.28547 -11.6089 27.3312
      vertex -1.17221 -11.2355 27.054
      vertex -1.42834 -11.3416 27.3312
    endloop
  endfacet
  facet normal 0.491595 0.262756 0.830237
    outer loop
      vertex -0.783904 -11.2738 26.8362
      vertex -0.871027 -11.1108 26.8362
      vertex -1.17221 -11.2355 27.054
    endloop
  endfacet
  facet normal 0.338921 0.181291 0.923183
    outer loop
      vertex -0.482725 -11.0725 26.6861
      vertex -0.536376 -10.9722 26.6861
      vertex -0.783904 -11.2738 26.8362
    endloop
  endfacet
  facet normal 0.262683 0.491576 0.830271
    outer loop
      vertex -0.485543 -11.9222 27.054
      vertex -0.360791 -11.621 26.8362
      vertex -0.523787 -11.5339 26.8362
    endloop
  endfacet
  facet normal 0.205743 0.678258 0.705433
    outer loop
      vertex -0.301613 -12.2663 27.3312
      vertex -0.247527 -11.9944 27.054
      vertex -0.485543 -11.9222 27.054
    endloop
  endfacet
  facet normal 0.205803 0.678268 0.705406
    outer loop
      vertex -0.301613 -12.2663 27.3312
      vertex -0.485543 -11.9222 27.054
      vertex -0.591636 -12.1783 27.3312
    endloop
  endfacet
  facet normal -0.069461 0.705399 0.705399
    outer loop
      vertex 0.301613 -12.2663 27.3312
      vertex 0 -12.0188 27.054
      vertex 0 -12.296 27.3312
    endloop
  endfacet
  facet normal 0.0816052 0.828727 0.553671
    outer loop
      vertex 0 -12.5138 27.6572
      vertex 0 -12.296 27.3312
      vertex -0.301613 -12.2663 27.3312
    endloop
  endfacet
  facet normal -0.0816052 0.828727 0.553671
    outer loop
      vertex 0.301613 -12.2663 27.3312
      vertex 0 -12.296 27.3312
      vertex 0 -12.5138 27.6572
    endloop
  endfacet
  facet normal 0.18132 0.338913 -0.92318
    outer loop
      vertex -0.322547 -11.2327 30.5139
      vertex -0.222174 -11.2864 30.5139
      vertex -0.523787 -11.5339 30.3638
    endloop
  endfacet
  facet normal 0.262645 0.491579 -0.830282
    outer loop
      vertex -0.523787 -11.5339 30.3638
      vertex -0.485543 -11.9222 30.146
      vertex -0.7049 -11.805 30.146
    endloop
  endfacet
  facet normal 0.151518 0.124373 -0.980599
    outer loop
      vertex -0.162996 -10.8589 30.5904
      vertex -0.138617 -10.8886 30.5904
      vertex -0.410524 -11.1605 30.5139
    endloop
  endfacet
  facet normal 0.124418 0.151474 -0.9806
    outer loop
      vertex -0.138617 -10.8886 30.5904
      vertex -0.108911 -10.913 30.5904
      vertex -0.410524 -11.1605 30.5139
    endloop
  endfacet
  facet normal -0.262645 0.491579 -0.830282
    outer loop
      vertex 0.523787 -11.5339 30.3638
      vertex 0.7049 -11.805 30.146
      vertex 0.485543 -11.9222 30.146
    endloop
  endfacet
  facet normal -0.262683 0.491576 -0.830271
    outer loop
      vertex 0.523787 -11.5339 30.3638
      vertex 0.485543 -11.9222 30.146
      vertex 0.360791 -11.621 30.3638
    endloop
  endfacet
  facet normal -0.491597 0.262715 -0.830249
    outer loop
      vertex 1.17221 -11.2355 30.146
      vertex 1.05496 -11.4549 30.146
      vertex 0.783904 -11.2738 30.3638
    endloop
  endfacet
  facet normal -0.430907 0.353555 -0.830252
    outer loop
      vertex 0.783904 -11.2738 30.3638
      vertex 1.05496 -11.4549 30.146
      vertex 0.666656 -11.4167 30.3638
    endloop
  endfacet
  facet normal -0.0906768 0.920023 -0.38123
    outer loop
      vertex 0.344109 -12.4799 29.5428
      vertex 0.373379 -12.6271 29.1806
      vertex 0 -12.6639 29.1806
    endloop
  endfacet
  facet normal -0.0906353 0.920012 -0.381264
    outer loop
      vertex 0 -12.5138 29.5428
      vertex 0.344109 -12.4799 29.5428
      vertex 0 -12.6639 29.1806
    endloop
  endfacet
  facet normal 0.187592 0.0568688 0.980599
    outer loop
      vertex -0.181111 -10.825 26.6096
      vertex -0.192267 -10.7882 26.6096
      vertex -0.536376 -10.9722 26.6861
    endloop
  endfacet
  facet normal 0.382553 0.0376678 0.923165
    outer loop
      vertex -0.569413 -10.8633 26.6861
      vertex -0.580569 -10.75 26.6861
      vertex -0.924678 -10.9339 26.8362
    endloop
  endfacet
  facet normal 0.187573 0.0569041 0.980601
    outer loop
      vertex -0.536376 -10.9722 26.6861
      vertex -0.192267 -10.7882 26.6096
      vertex -0.569413 -10.8633 26.6861
    endloop
  endfacet
  facet normal -0.36786 0.111598 0.923161
    outer loop
      vertex 0.924678 -10.9339 26.8362
      vertex 0.569413 -10.8633 26.6861
      vertex 0.536376 -10.9722 26.6861
    endloop
  endfacet
  facet normal -0.195079 0.0192083 0.980599
    outer loop
      vertex 0.569413 -10.8633 26.6861
      vertex 0.580569 -10.75 26.6861
      vertex 0.192267 -10.7882 26.6096
    endloop
  endfacet
  facet normal -0.338921 0.181291 0.923183
    outer loop
      vertex 0.783904 -11.2738 26.8362
      vertex 0.536376 -10.9722 26.6861
      vertex 0.482725 -11.0725 26.6861
    endloop
  endfacet
  facet normal -0.297144 0.243797 0.923184
    outer loop
      vertex 0.783904 -11.2738 26.8362
      vertex 0.482725 -11.0725 26.6861
      vertex 0.410524 -11.1605 26.6861
    endloop
  endfacet
  facet normal -0.430901 0.353579 0.830245
    outer loop
      vertex 0.897167 -11.6472 27.054
      vertex 1.05496 -11.4549 27.054
      vertex 0.666656 -11.4167 26.8362
    endloop
  endfacet
  facet normal -0.547942 0.449617 0.70541
    outer loop
      vertex 1.0932 -11.8432 27.3312
      vertex 1.05496 -11.4549 27.054
      vertex 0.897167 -11.6472 27.054
    endloop
  endfacet
  facet normal -0.0188706 0.195051 0.980611
    outer loop
      vertex 0.0382442 -10.9423 26.6096
      vertex 0 -10.946 26.6096
      vertex 0 -11.3306 26.6861
    endloop
  endfacet
  facet normal 0.0188706 0.195051 0.980611
    outer loop
      vertex 0 -11.3306 26.6861
      vertex 0 -10.946 26.6096
      vertex -0.0382442 -10.9423 26.6096
    endloop
  endfacet
  facet normal -0.0923331 0.172893 0.980603
    outer loop
      vertex 0.222174 -11.2864 26.6861
      vertex 0.108911 -10.913 26.6096
      vertex 0.0750189 -10.9311 26.6096
    endloop
  endfacet
  facet normal 0.339017 0.181203 0.923165
    outer loop
      vertex -0.783904 -11.2738 26.8362
      vertex -0.536376 -10.9722 26.6861
      vertex -0.871027 -11.1108 26.8362
    endloop
  endfacet
  facet normal 0.151553 0.124344 0.980597
    outer loop
      vertex -0.410524 -11.1605 26.6861
      vertex -0.162996 -10.8589 26.6096
      vertex -0.482725 -11.0725 26.6861
    endloop
  endfacet
  facet normal 0.151518 0.124373 0.980599
    outer loop
      vertex -0.138617 -10.8886 26.6096
      vertex -0.162996 -10.8589 26.6096
      vertex -0.410524 -11.1605 26.6861
    endloop
  endfacet
  facet normal 0.11169 0.367852 0.923153
    outer loop
      vertex -0.183929 -11.6747 26.8362
      vertex -0.222174 -11.2864 26.6861
      vertex -0.360791 -11.621 26.8362
    endloop
  endfacet
  facet normal 0.181184 0.339061 0.923152
    outer loop
      vertex -0.360791 -11.621 26.8362
      vertex -0.222174 -11.2864 26.6861
      vertex -0.523787 -11.5339 26.8362
    endloop
  endfacet
  facet normal 0.533409 0.161775 0.830243
    outer loop
      vertex -0.871027 -11.1108 26.8362
      vertex -0.924678 -10.9339 26.8362
      vertex -1.17221 -11.2355 27.054
    endloop
  endfacet
  facet normal 0.297144 0.243797 0.923184
    outer loop
      vertex -0.410524 -11.1605 26.6861
      vertex -0.482725 -11.0725 26.6861
      vertex -0.783904 -11.2738 26.8362
    endloop
  endfacet
  facet normal 0.334012 0.625152 0.705422
    outer loop
      vertex -0.485543 -11.9222 27.054
      vertex -0.7049 -11.805 27.054
      vertex -0.858923 -12.0355 27.3312
    endloop
  endfacet
  facet normal 0.262645 0.491579 0.830282
    outer loop
      vertex -0.485543 -11.9222 27.054
      vertex -0.523787 -11.5339 26.8362
      vertex -0.7049 -11.805 27.054
    endloop
  endfacet
  facet normal 0.0546825 0.554729 0.830232
    outer loop
      vertex 0 -12.0188 27.054
      vertex -0.183929 -11.6747 26.8362
      vertex -0.247527 -11.9944 27.054
    endloop
  endfacet
  facet normal 0.0545862 0.554696 0.830261
    outer loop
      vertex 0 -12.0188 27.054
      vertex 0 -11.6928 26.8362
      vertex -0.183929 -11.6747 26.8362
    endloop
  endfacet
  facet normal -0.205803 0.678268 0.705406
    outer loop
      vertex 0.591636 -12.1783 27.3312
      vertex 0.485543 -11.9222 27.054
      vertex 0.301613 -12.2663 27.3312
    endloop
  endfacet
  facet normal -0.24176 0.796772 0.553811
    outer loop
      vertex 0.674993 -12.3796 27.6572
      vertex 0.591636 -12.1783 27.3312
      vertex 0.301613 -12.2663 27.3312
    endloop
  endfacet
  facet normal 0.0906353 0.920012 0.381264
    outer loop
      vertex 0 -12.6639 28.0194
      vertex 0 -12.5138 27.6572
      vertex -0.344109 -12.4799 27.6572
    endloop
  endfacet
  facet normal 0.0906768 0.920023 0.38123
    outer loop
      vertex 0 -12.6639 28.0194
      vertex -0.344109 -12.4799 27.6572
      vertex -0.373379 -12.6271 28.0194
    endloop
  endfacet
  facet normal 0.205743 0.678258 -0.705433
    outer loop
      vertex -0.247527 -11.9944 30.146
      vertex -0.301613 -12.2663 29.8688
      vertex -0.485543 -11.9222 30.146
    endloop
  endfacet
  facet normal 0.0695305 0.705355 -0.705436
    outer loop
      vertex -0.247527 -11.9944 30.146
      vertex 0 -12.0188 30.146
      vertex -0.301613 -12.2663 29.8688
    endloop
  endfacet
  facet normal 0.430901 0.353579 -0.830245
    outer loop
      vertex -0.666656 -11.4167 30.3638
      vertex -0.897167 -11.6472 30.146
      vertex -1.05496 -11.4549 30.146
    endloop
  endfacet
  facet normal 0.353623 0.430862 -0.830246
    outer loop
      vertex -0.666656 -11.4167 30.3638
      vertex -0.7049 -11.805 30.146
      vertex -0.897167 -11.6472 30.146
    endloop
  endfacet
  facet normal -0.449677 0.547896 -0.705408
    outer loop
      vertex 0.897167 -11.6472 30.146
      vertex 1.0932 -11.8432 29.8688
      vertex 0.7049 -11.805 30.146
    endloop
  endfacet
  facet normal -0.353623 0.430862 -0.830246
    outer loop
      vertex 0.897167 -11.6472 30.146
      vertex 0.7049 -11.805 30.146
      vertex 0.666656 -11.4167 30.3638
    endloop
  endfacet
  facet normal -0.172853 0.0924602 0.980598
    outer loop
      vertex 0.482725 -11.0725 26.6861
      vertex 0.536376 -10.9722 26.6861
      vertex 0.162996 -10.8589 26.6096
    endloop
  endfacet
  facet normal -0.151553 0.124344 0.980597
    outer loop
      vertex 0.410524 -11.1605 26.6861
      vertex 0.482725 -11.0725 26.6861
      vertex 0.162996 -10.8589 26.6096
    endloop
  endfacet
  facet normal 0.297142 0.243802 0.923183
    outer loop
      vertex -0.666656 -11.4167 26.8362
      vertex -0.410524 -11.1605 26.6861
      vertex -0.783904 -11.2738 26.8362
    endloop
  endfacet
  facet normal 0.430907 0.353555 0.830252
    outer loop
      vertex -0.666656 -11.4167 26.8362
      vertex -0.783904 -11.2738 26.8362
      vertex -1.05496 -11.4549 27.054
    endloop
  endfacet
  facet normal 0.172853 0.0924602 0.980598
    outer loop
      vertex -0.482725 -11.0725 26.6861
      vertex -0.162996 -10.8589 26.6096
      vertex -0.536376 -10.9722 26.6861
    endloop
  endfacet
  facet normal 0.172878 0.0923803 0.980601
    outer loop
      vertex -0.162996 -10.8589 26.6096
      vertex -0.181111 -10.825 26.6096
      vertex -0.536376 -10.9722 26.6861
    endloop
  endfacet
  facet normal 0.0924749 0.172849 0.980598
    outer loop
      vertex -0.222174 -11.2864 26.6861
      vertex -0.108911 -10.913 26.6096
      vertex -0.322547 -11.2327 26.6861
    endloop
  endfacet
  facet normal 0.18132 0.338913 0.92318
    outer loop
      vertex -0.222174 -11.2864 26.6861
      vertex -0.322547 -11.2327 26.6861
      vertex -0.523787 -11.5339 26.8362
    endloop
  endfacet
  facet normal 0.0192914 0.19509 0.980596
    outer loop
      vertex 0 -11.3306 26.6861
      vertex -0.0382442 -10.9423 26.6096
      vertex -0.113263 -11.3194 26.6861
    endloop
  endfacet
  facet normal 0.0378222 0.382487 0.923187
    outer loop
      vertex 0 -11.3306 26.6861
      vertex -0.113263 -11.3194 26.6861
      vertex -0.183929 -11.6747 26.8362
    endloop
  endfacet
  facet normal 0.268185 0.884726 0.38123
    outer loop
      vertex -0.373379 -12.6271 28.0194
      vertex -0.344109 -12.4799 27.6572
      vertex -0.674993 -12.3796 27.6572
    endloop
  endfacet
  facet normal 0.241573 0.796937 0.553655
    outer loop
      vertex -0.344109 -12.4799 27.6572
      vertex -0.301613 -12.2663 27.3312
      vertex -0.674993 -12.3796 27.6572
    endloop
  endfacet
  facet normal 0.161807 0.533418 -0.830231
    outer loop
      vertex -0.183929 -11.6747 30.3638
      vertex -0.247527 -11.9944 30.146
      vertex -0.485543 -11.9222 30.146
    endloop
  endfacet
  facet normal 0.0546825 0.554729 -0.830232
    outer loop
      vertex -0.183929 -11.6747 30.3638
      vertex 0 -12.0188 30.146
      vertex -0.247527 -11.9944 30.146
    endloop
  endfacet
  facet normal 0 0 1
    outer loop
      vertex 0.196033 -10.75 26.6096
      vertex 0.181111 -10.825 26.6096
      vertex 0.192267 -10.7882 26.6096
    endloop
  endfacet
  facet normal 0 0 1
    outer loop
      vertex 0.196033 -10.75 26.6096
      vertex 0.162996 -10.8589 26.6096
      vertex 0.181111 -10.825 26.6096
    endloop
  endfacet
  facet normal 0 0 1
    outer loop
      vertex 0.196033 -10.75 26.6096
      vertex 0.138617 -10.8886 26.6096
      vertex 0.162996 -10.8589 26.6096
    endloop
  endfacet
  facet normal 0 0 1
    outer loop
      vertex 0.196033 -10.75 26.6096
      vertex 0.108911 -10.913 26.6096
      vertex 0.138617 -10.8886 26.6096
    endloop
  endfacet
  facet normal 0 0 1
    outer loop
      vertex 0.196033 -10.75 26.6096
      vertex 0.0750189 -10.9311 26.6096
      vertex 0.108911 -10.913 26.6096
    endloop
  endfacet
  facet normal 0 0 1
    outer loop
      vertex 0.196033 -10.75 26.6096
      vertex 0.0382442 -10.9423 26.6096
      vertex 0.0750189 -10.9311 26.6096
    endloop
  endfacet
  facet normal 0 0 1
    outer loop
      vertex 0.196033 -10.75 26.6096
      vertex 0 -10.946 26.6096
      vertex 0.0382442 -10.9423 26.6096
    endloop
  endfacet
  facet normal 0 0 1
    outer loop
      vertex 0.196033 -10.75 26.6096
      vertex -0.0382442 -10.9423 26.6096
      vertex 0 -10.946 26.6096
    endloop
  endfacet
  facet normal 0 0 1
    outer loop
      vertex 0.196033 -10.75 26.6096
      vertex -0.0750189 -10.9311 26.6096
      vertex -0.0382442 -10.9423 26.6096
    endloop
  endfacet
  facet normal 0 0 1
    outer loop
      vertex 0.196033 -10.75 26.6096
      vertex -0.108911 -10.913 26.6096
      vertex -0.0750189 -10.9311 26.6096
    endloop
  endfacet
  facet normal 0 0 1
    outer loop
      vertex 0.196033 -10.75 26.6096
      vertex -0.138617 -10.8886 26.6096
      vertex -0.108911 -10.913 26.6096
    endloop
  endfacet
  facet normal 0 0 1
    outer loop
      vertex 0.196033 -10.75 26.6096
      vertex -0.162996 -10.8589 26.6096
      vertex -0.138617 -10.8886 26.6096
    endloop
  endfacet
  facet normal 0 0 1
    outer loop
      vertex 0.196033 -10.75 26.6096
      vertex -0.181111 -10.825 26.6096
      vertex -0.162996 -10.8589 26.6096
    endloop
  endfacet
  facet normal 0 0 1
    outer loop
      vertex 0.196033 -10.75 26.6096
      vertex -0.192267 -10.7882 26.6096
      vertex -0.181111 -10.825 26.6096
    endloop
  endfacet
  facet normal 0 -0 1
    outer loop
      vertex -0.192267 -10.7882 26.6096
      vertex 0.196033 -10.75 26.6096
      vertex -0.196033 -10.75 26.6096
    endloop
  endfacet
  facet normal 0.195081 0.0192324 0.980598
    outer loop
      vertex -0.192267 -10.7882 26.6096
      vertex -0.196033 -10.75 26.6096
      vertex -0.580569 -10.75 26.6861
    endloop
  endfacet
  facet normal -0.151518 0.124373 0.980599
    outer loop
      vertex 0.410524 -11.1605 26.6861
      vertex 0.162996 -10.8589 26.6096
      vertex 0.138617 -10.8886 26.6096
    endloop
  endfacet
  facet normal -0.187592 0.0568688 0.980599
    outer loop
      vertex 0.536376 -10.9722 26.6861
      vertex 0.192267 -10.7882 26.6096
      vertex 0.181111 -10.825 26.6096
    endloop
  endfacet
  facet normal 0.0376476 0.382568 -0.92316
    outer loop
      vertex 0 -11.3306 30.5139
      vertex 0 -11.6928 30.3638
      vertex -0.183929 -11.6747 30.3638
    endloop
  endfacet
  facet normal 0.0545862 0.554696 -0.830261
    outer loop
      vertex 0 -11.6928 30.3638
      vertex 0 -12.0188 30.146
      vertex -0.183929 -11.6747 30.3638
    endloop
  endfacet
  facet normal 0.0571002 0.187486 -0.980606
    outer loop
      vertex -0.0750189 -10.9311 30.5904
      vertex -0.0382442 -10.9423 30.5904
      vertex -0.222174 -11.2864 30.5139
    endloop
  endfacet
  facet normal 0.0923331 0.172893 -0.980603
    outer loop
      vertex -0.108911 -10.913 30.5904
      vertex -0.0750189 -10.9311 30.5904
      vertex -0.222174 -11.2864 30.5139
    endloop
  endfacet
  facet normal 0.161927 0.533311 -0.830276
    outer loop
      vertex -0.360791 -11.621 30.3638
      vertex -0.183929 -11.6747 30.3638
      vertex -0.485543 -11.9222 30.146
    endloop
  endfacet
  facet normal 0.0924749 0.172849 -0.980598
    outer loop
      vertex -0.108911 -10.913 30.5904
      vertex -0.222174 -11.2864 30.5139
      vertex -0.322547 -11.2327 30.5139
    endloop
  endfacet
  facet normal 0.262683 0.491576 -0.830271
    outer loop
      vertex -0.360791 -11.621 30.3638
      vertex -0.485543 -11.9222 30.146
      vertex -0.523787 -11.5339 30.3638
    endloop
  endfacet
  facet normal 0.181184 0.339061 -0.923152
    outer loop
      vertex -0.222174 -11.2864 30.5139
      vertex -0.360791 -11.621 30.3638
      vertex -0.523787 -11.5339 30.3638
    endloop
  endfacet
  facet normal 0.0378222 0.382487 -0.923187
    outer loop
      vertex -0.113263 -11.3194 30.5139
      vertex 0 -11.3306 30.5139
      vertex -0.183929 -11.6747 30.3638
    endloop
  endfacet
  facet normal 0.0192914 0.19509 -0.980596
    outer loop
      vertex -0.0382442 -10.9423 30.5904
      vertex 0 -11.3306 30.5139
      vertex -0.113263 -11.3194 30.5139
    endloop
  endfacet
  facet normal 0.243771 0.297161 -0.923185
    outer loop
      vertex -0.410524 -11.1605 30.5139
      vertex -0.523787 -11.5339 30.3638
      vertex -0.666656 -11.4167 30.3638
    endloop
  endfacet
  facet normal 0.35348 0.430899 -0.830288
    outer loop
      vertex -0.666656 -11.4167 30.3638
      vertex -0.523787 -11.5339 30.3638
      vertex -0.7049 -11.805 30.146
    endloop
  endfacet
  facet normal 0.643731 -0.528255 0.553677
    outer loop
      vertex -1.0932 11.8432 27.3312
      vertex -1.24722 11.9972 27.6572
      vertex -1.28547 11.6089 27.3312
    endloop
  endfacet
  facet normal 0.643731 -0.528255 -0.553677
    outer loop
      vertex -1.24722 11.9972 29.5428
      vertex -1.0932 11.8432 29.8688
      vertex -1.28547 11.6089 29.8688
    endloop
  endfacet
  facet normal -0.976254 -0.0961352 -0.194127
    outer loop
      vertex 1.95212 11.1383 28.796
      vertex 1.91388 10.75 29.1806
      vertex 1.87711 11.1234 29.1806
    endloop
  endfacet
  facet normal -0.547942 -0.449617 -0.70541
    outer loop
      vertex 1.0932 11.8432 29.8688
      vertex 1.05496 11.4549 30.146
      vertex 0.897167 11.6472 30.146
    endloop
  endfacet
  facet normal 0.643713 -0.528263 -0.553689
    outer loop
      vertex -1.24722 11.9972 29.5428
      vertex -1.28547 11.6089 29.8688
      vertex -1.46658 11.7299 29.5428
    endloop
  endfacet
  facet normal -0.392549 -0.734393 0.55369
    outer loop
      vertex 0.858923 12.0355 27.3312
      vertex 0.979938 12.2166 27.6572
      vertex 0.674993 12.3796 27.6572
    endloop
  endfacet
  facet normal 0.205803 -0.678268 0.705406
    outer loop
      vertex -0.485543 11.9222 27.054
      vertex -0.301613 12.2663 27.3312
      vertex -0.591636 12.1783 27.3312
    endloop
  endfacet
  facet normal 0.796842 -0.241718 -0.553729
    outer loop
      vertex -1.42834 11.3416 29.8688
      vertex -1.51631 11.0516 29.8688
      vertex -1.62958 11.425 29.5428
    endloop
  endfacet
  facet normal -0.884706 -0.268353 0.38116
    outer loop
      vertex 1.72995 11.0941 27.6572
      vertex 1.87711 11.1234 28.0194
      vertex 1.62958 11.425 27.6572
    endloop
  endfacet
  facet normal -0.547942 -0.449617 0.70541
    outer loop
      vertex 1.05496 11.4549 27.054
      vertex 1.0932 11.8432 27.3312
      vertex 0.897167 11.6472 27.054
    endloop
  endfacet
  facet normal 0.268185 -0.884726 -0.38123
    outer loop
      vertex -0.373379 12.6271 29.1806
      vertex -0.344109 12.4799 29.5428
      vertex -0.674993 12.3796 29.5428
    endloop
  endfacet
  facet normal 0.0981585 -0.995171 0
    outer loop
      vertex -0.388301 12.7021 28.404
      vertex 0 12.7404 28.796
      vertex -0.388301 12.7021 28.796
    endloop
  endfacet
  facet normal 0.0981585 -0.995171 0
    outer loop
      vertex 0 12.7404 28.796
      vertex -0.388301 12.7021 28.404
      vertex 0 12.7404 28.404
    endloop
  endfacet
  facet normal 0.547917 -0.449629 0.705423
    outer loop
      vertex -1.05496 11.4549 27.054
      vertex -1.0932 11.8432 27.3312
      vertex -1.28547 11.6089 27.3312
    endloop
  endfacet
  facet normal -0.53338 -0.161807 0.830255
    outer loop
      vertex 1.24441 10.9975 27.054
      vertex 1.17221 11.2355 27.054
      vertex 0.924678 10.9339 26.8362
    endloop
  endfacet
  facet normal -0.392549 -0.734393 -0.55369
    outer loop
      vertex 0.979938 12.2166 29.5428
      vertex 0.858923 12.0355 29.8688
      vertex 0.674993 12.3796 29.5428
    endloop
  endfacet
  facet normal 0.920068 -0.0906164 -0.381135
    outer loop
      vertex -1.72995 11.0941 29.5428
      vertex -1.76384 10.75 29.5428
      vertex -1.91388 10.75 29.1806
    endloop
  endfacet
  facet normal -0.172878 -0.0923803 -0.980601
    outer loop
      vertex 0.536376 10.9722 30.5139
      vertex 0.181111 10.825 30.5904
      vertex 0.162996 10.8589 30.5904
    endloop
  endfacet
  facet normal -0.976245 -0.0961663 0.194158
    outer loop
      vertex 1.99037 10.75 28.404
      vertex 1.95212 11.1383 28.404
      vertex 1.91388 10.75 28.0194
    endloop
  endfacet
  facet normal -0.187592 -0.0568688 -0.980599
    outer loop
      vertex 0.536376 10.9722 30.5139
      vertex 0.192267 10.7882 30.5904
      vertex 0.181111 10.825 30.5904
    endloop
  endfacet
  facet normal 0.528335 -0.643665 -0.553677
    outer loop
      vertex -0.858923 12.0355 29.8688
      vertex -1.0932 11.8432 29.8688
      vertex -1.24722 11.9972 29.5428
    endloop
  endfacet
  facet normal -0.18132 -0.338913 -0.92318
    outer loop
      vertex 0.523787 11.5339 30.3638
      vertex 0.322547 11.2327 30.5139
      vertex 0.222174 11.2864 30.5139
    endloop
  endfacet
  facet normal 0.334012 -0.625152 -0.705422
    outer loop
      vertex -0.485543 11.9222 30.146
      vertex -0.7049 11.805 30.146
      vertex -0.858923 12.0355 29.8688
    endloop
  endfacet
  facet normal -0.0981585 -0.995171 0
    outer loop
      vertex 0 12.7404 28.404
      vertex 0.388301 12.7021 28.796
      vertex 0 12.7404 28.796
    endloop
  endfacet
  facet normal -0.0981585 -0.995171 -0
    outer loop
      vertex 0.388301 12.7021 28.796
      vertex 0 12.7404 28.404
      vertex 0.388301 12.7021 28.404
    endloop
  endfacet
  facet normal -0.339017 -0.181203 0.923165
    outer loop
      vertex 0.871027 11.1108 26.8362
      vertex 0.783904 11.2738 26.8362
      vertex 0.536376 10.9722 26.6861
    endloop
  endfacet
  facet normal 0.758282 -0.62234 -0.194167
    outer loop
      vertex -1.4074 12.1574 28.796
      vertex -1.35332 12.1033 29.1806
      vertex -1.59133 11.8133 29.1806
    endloop
  endfacet
  facet normal 0.705361 -0.0694816 0.705435
    outer loop
      vertex -1.26879 10.75 27.054
      vertex -1.24441 10.9975 27.054
      vertex -1.51631 11.0516 27.3312
    endloop
  endfacet
  facet normal -0.0962901 -0.976229 0.19418
    outer loop
      vertex 0.388301 12.7021 28.404
      vertex 0 12.7404 28.404
      vertex 0 12.6639 28.0194
    endloop
  endfacet
  facet normal 0.241573 -0.796937 0.553655
    outer loop
      vertex -0.301613 12.2663 27.3312
      vertex -0.344109 12.4799 27.6572
      vertex -0.674993 12.3796 27.6572
    endloop
  endfacet
  facet normal -0.195081 -0.0192324 -0.980598
    outer loop
      vertex 0.580569 10.75 30.5139
      vertex 0.196033 10.75 30.5904
      vertex 0.192267 10.7882 30.5904
    endloop
  endfacet
  facet normal -0.187573 -0.0569041 -0.980601
    outer loop
      vertex 0.536376 10.9722 30.5139
      vertex 0.569413 10.8633 30.5139
      vertex 0.192267 10.7882 30.5904
    endloop
  endfacet
  facet normal -0.622286 -0.758326 -0.194172
    outer loop
      vertex 1.4074 12.1574 28.796
      vertex 1.35332 12.1033 29.1806
      vertex 1.06329 12.3413 29.1806
    endloop
  endfacet
  facet normal -0.284617 -0.938783 -0.194113
    outer loop
      vertex 0.388301 12.7021 28.796
      vertex 0.761681 12.5889 28.796
      vertex 0.373379 12.6271 29.1806
    endloop
  endfacet
  facet normal -0.0816052 -0.828727 -0.553671
    outer loop
      vertex 0 12.5138 29.5428
      vertex 0.301613 12.2663 29.8688
      vertex 0 12.296 29.8688
    endloop
  endfacet
  facet normal -0.491597 -0.262715 -0.830249
    outer loop
      vertex 1.05496 11.4549 30.146
      vertex 1.17221 11.2355 30.146
      vertex 0.783904 11.2738 30.3638
    endloop
  endfacet
  facet normal 0.382553 -0.0376678 -0.923165
    outer loop
      vertex -0.569413 10.8633 30.5139
      vertex -0.580569 10.75 30.5139
      vertex -0.924678 10.9339 30.3638
    endloop
  endfacet
  facet normal 0.0906768 -0.920023 -0.38123
    outer loop
      vertex 0 12.6639 29.1806
      vertex -0.344109 12.4799 29.5428
      vertex -0.373379 12.6271 29.1806
    endloop
  endfacet
  facet normal -0.243771 -0.297161 0.923185
    outer loop
      vertex 0.666656 11.4167 26.8362
      vertex 0.523787 11.5339 26.8362
      vertex 0.410524 11.1605 26.6861
    endloop
  endfacet
  facet normal 0.181184 -0.339061 0.923152
    outer loop
      vertex -0.222174 11.2864 26.6861
      vertex -0.360791 11.621 26.8362
      vertex -0.523787 11.5339 26.8362
    endloop
  endfacet
  facet normal 0.554698 -0.0546403 -0.830256
    outer loop
      vertex -0.924678 10.9339 30.3638
      vertex -0.942793 10.75 30.3638
      vertex -1.26879 10.75 30.146
    endloop
  endfacet
  facet normal 0.643713 -0.528263 0.553689
    outer loop
      vertex -1.28547 11.6089 27.3312
      vertex -1.24722 11.9972 27.6572
      vertex -1.46658 11.7299 27.6572
    endloop
  endfacet
  facet normal -0.625079 -0.3341 0.705446
    outer loop
      vertex 1.42834 11.3416 27.3312
      vertex 1.28547 11.6089 27.3312
      vertex 1.17221 11.2355 27.054
    endloop
  endfacet
  facet normal -0.0546825 -0.554729 0.830232
    outer loop
      vertex 0.183929 11.6747 26.8362
      vertex 0.247527 11.9944 27.054
      vertex 0 12.0188 27.054
    endloop
  endfacet
  facet normal -0.533409 -0.161775 0.830243
    outer loop
      vertex 0.924678 10.9339 26.8362
      vertex 1.17221 11.2355 27.054
      vertex 0.871027 11.1108 26.8362
    endloop
  endfacet
  facet normal -0.796853 -0.241705 0.553718
    outer loop
      vertex 1.72995 11.0941 27.6572
      vertex 1.62958 11.425 27.6572
      vertex 1.51631 11.0516 27.3312
    endloop
  endfacet
  facet normal -0.920064 -0.090602 -0.381147
    outer loop
      vertex 1.87711 11.1234 29.1806
      vertex 1.91388 10.75 29.1806
      vertex 1.72995 11.0941 29.5428
    endloop
  endfacet
  facet normal 0.382546 -0.0376826 -0.923168
    outer loop
      vertex -0.924678 10.9339 30.3638
      vertex -0.580569 10.75 30.5139
      vertex -0.942793 10.75 30.3638
    endloop
  endfacet
  facet normal 0.938744 -0.284741 -0.194118
    outer loop
      vertex -1.83886 11.5117 28.796
      vertex -1.87711 11.1234 29.1806
      vertex -1.95212 11.1383 28.796
    endloop
  endfacet
  facet normal -0.586611 -0.714634 0.381033
    outer loop
      vertex 1.24722 11.9972 27.6572
      vertex 1.06329 12.3413 28.0194
      vertex 0.979938 12.2166 27.6572
    endloop
  endfacet
  facet normal 0.547917 -0.449629 -0.705423
    outer loop
      vertex -1.0932 11.8432 29.8688
      vertex -1.05496 11.4549 30.146
      vertex -1.28547 11.6089 29.8688
    endloop
  endfacet
  facet normal 0.0962901 -0.976229 0.19418
    outer loop
      vertex 0 12.6639 28.0194
      vertex 0 12.7404 28.404
      vertex -0.388301 12.7021 28.404
    endloop
  endfacet
  facet normal 0.528343 -0.643649 -0.553688
    outer loop
      vertex -0.979938 12.2166 29.5428
      vertex -0.858923 12.0355 29.8688
      vertex -1.24722 11.9972 29.5428
    endloop
  endfacet
  facet normal 0.392361 -0.734404 0.553808
    outer loop
      vertex -0.591636 12.1783 27.3312
      vertex -0.674993 12.3796 27.6572
      vertex -0.858923 12.0355 27.3312
    endloop
  endfacet
  facet normal 0.865135 -0.462425 0.194175
    outer loop
      vertex -1.7682 11.4824 28.0194
      vertex -1.59133 11.8133 28.0194
      vertex -1.83886 11.5117 28.404
    endloop
  endfacet
  facet normal 0.586473 -0.714684 0.381151
    outer loop
      vertex -1.24722 11.9972 27.6572
      vertex -1.06329 12.3413 28.0194
      vertex -1.35332 12.1033 28.0194
    endloop
  endfacet
  facet normal 0.881916 -0.471406 0
    outer loop
      vertex -1.83886 11.5117 28.796
      vertex -1.65493 11.8558 28.404
      vertex -1.65493 11.8558 28.796
    endloop
  endfacet
  facet normal 0.881916 -0.471406 0
    outer loop
      vertex -1.65493 11.8558 28.404
      vertex -1.83886 11.5117 28.796
      vertex -1.83886 11.5117 28.404
    endloop
  endfacet
  facet normal 0.0816436 -0.82874 0.553646
    outer loop
      vertex -0.301613 12.2663 27.3312
      vertex 0 12.5138 27.6572
      vertex -0.344109 12.4799 27.6572
    endloop
  endfacet
  facet normal -0.36786 -0.111598 0.923161
    outer loop
      vertex 0.569413 10.8633 26.6861
      vertex 0.924678 10.9339 26.8362
      vertex 0.536376 10.9722 26.6861
    endloop
  endfacet
  facet normal -0.35348 -0.430899 0.830288
    outer loop
      vertex 0.666656 11.4167 26.8362
      vertex 0.7049 11.805 27.054
      vertex 0.523787 11.5339 26.8362
    endloop
  endfacet
  facet normal -0.462502 -0.865083 -0.194227
    outer loop
      vertex 0.761681 12.5889 28.796
      vertex 1.06329 12.3413 29.1806
      vertex 0.732409 12.5182 29.1806
    endloop
  endfacet
  facet normal -0.36786 -0.111598 -0.923161
    outer loop
      vertex 0.924678 10.9339 30.3638
      vertex 0.569413 10.8633 30.5139
      vertex 0.536376 10.9722 30.5139
    endloop
  endfacet
  facet normal 0.0816436 -0.82874 -0.553646
    outer loop
      vertex 0 12.5138 29.5428
      vertex -0.301613 12.2663 29.8688
      vertex -0.344109 12.4799 29.5428
    endloop
  endfacet
  facet normal 0.338921 -0.181291 -0.923183
    outer loop
      vertex -0.482725 11.0725 30.5139
      vertex -0.536376 10.9722 30.5139
      vertex -0.783904 11.2738 30.3638
    endloop
  endfacet
  facet normal 0.586611 -0.714634 -0.381033
    outer loop
      vertex -1.06329 12.3413 29.1806
      vertex -0.979938 12.2166 29.5428
      vertex -1.24722 11.9972 29.5428
    endloop
  endfacet
  facet normal 0.339017 -0.181203 -0.923165
    outer loop
      vertex -0.783904 11.2738 30.3638
      vertex -0.536376 10.9722 30.5139
      vertex -0.871027 11.1108 30.3638
    endloop
  endfacet
  facet normal -0.161927 -0.533311 -0.830276
    outer loop
      vertex 0.485543 11.9222 30.146
      vertex 0.360791 11.621 30.3638
      vertex 0.183929 11.6747 30.3638
    endloop
  endfacet
  facet normal 0.187573 -0.0569041 -0.980601
    outer loop
      vertex -0.536376 10.9722 30.5139
      vertex -0.192267 10.7882 30.5904
      vertex -0.569413 10.8633 30.5139
    endloop
  endfacet
  facet normal 0.36786 -0.111598 -0.923161
    outer loop
      vertex -0.536376 10.9722 30.5139
      vertex -0.569413 10.8633 30.5139
      vertex -0.924678 10.9339 30.3638
    endloop
  endfacet
  facet normal 0.938723 -0.284781 0.194161
    outer loop
      vertex -1.7682 11.4824 28.0194
      vertex -1.83886 11.5117 28.404
      vertex -1.87711 11.1234 28.0194
    endloop
  endfacet
  facet normal 0.0378222 -0.382487 0.923187
    outer loop
      vertex -0.113263 11.3194 26.6861
      vertex 0 11.3306 26.6861
      vertex -0.183929 11.6747 26.8362
    endloop
  endfacet
  facet normal 0.734365 -0.392593 0.553695
    outer loop
      vertex -1.28547 11.6089 27.3312
      vertex -1.46658 11.7299 27.6572
      vertex -1.62958 11.425 27.6572
    endloop
  endfacet
  facet normal -0.181184 -0.339061 0.923152
    outer loop
      vertex 0.523787 11.5339 26.8362
      vertex 0.360791 11.621 26.8362
      vertex 0.222174 11.2864 26.6861
    endloop
  endfacet
  facet normal -0.449694 -0.547857 0.705427
    outer loop
      vertex 1.0932 11.8432 27.3312
      vertex 0.858923 12.0355 27.3312
      vertex 0.7049 11.805 27.054
    endloop
  endfacet
  facet normal 0.36786 -0.111598 0.923161
    outer loop
      vertex -0.569413 10.8633 26.6861
      vertex -0.536376 10.9722 26.6861
      vertex -0.924678 10.9339 26.8362
    endloop
  endfacet
  facet normal -0.205803 -0.678268 0.705406
    outer loop
      vertex 0.485543 11.9222 27.054
      vertex 0.591636 12.1783 27.3312
      vertex 0.301613 12.2663 27.3312
    endloop
  endfacet
  facet normal -0.995183 -0.0980318 0
    outer loop
      vertex 1.99037 10.75 28.404
      vertex 1.95212 11.1383 28.796
      vertex 1.95212 11.1383 28.404
    endloop
  endfacet
  facet normal -0.995183 -0.0980318 0
    outer loop
      vertex 1.95212 11.1383 28.796
      vertex 1.99037 10.75 28.404
      vertex 1.99037 10.75 28.796
    endloop
  endfacet
  facet normal -0.73437 -0.392516 0.553744
    outer loop
      vertex 1.42834 11.3416 27.3312
      vertex 1.62958 11.425 27.6572
      vertex 1.28547 11.6089 27.3312
    endloop
  endfacet
  facet normal -0.938744 -0.284741 -0.194118
    outer loop
      vertex 1.95212 11.1383 28.796
      vertex 1.87711 11.1234 29.1806
      vertex 1.83886 11.5117 28.796
    endloop
  endfacet
  facet normal -0.382546 -0.0376826 -0.923168
    outer loop
      vertex 0.924678 10.9339 30.3638
      vertex 0.942793 10.75 30.3638
      vertex 0.580569 10.75 30.5139
    endloop
  endfacet
  facet normal -0.884707 -0.268394 -0.381126
    outer loop
      vertex 1.7682 11.4824 29.1806
      vertex 1.87711 11.1234 29.1806
      vertex 1.62958 11.425 29.5428
    endloop
  endfacet
  facet normal -0.884707 -0.268394 0.381126
    outer loop
      vertex 1.87711 11.1234 28.0194
      vertex 1.7682 11.4824 28.0194
      vertex 1.62958 11.425 27.6572
    endloop
  endfacet
  facet normal 0.734365 -0.392593 -0.553695
    outer loop
      vertex -1.46658 11.7299 29.5428
      vertex -1.28547 11.6089 29.8688
      vertex -1.62958 11.425 29.5428
    endloop
  endfacet
  facet normal 0.284731 -0.938723 -0.194234
    outer loop
      vertex -0.373379 12.6271 29.1806
      vertex -0.732409 12.5182 29.1806
      vertex -0.761681 12.5889 28.796
    endloop
  endfacet
  facet normal 0.462502 -0.865083 -0.194227
    outer loop
      vertex -0.761681 12.5889 28.796
      vertex -0.732409 12.5182 29.1806
      vertex -1.06329 12.3413 29.1806
    endloop
  endfacet
  facet normal -0.0962186 -0.97625 0.194109
    outer loop
      vertex 0.373379 12.6271 28.0194
      vertex 0.388301 12.7021 28.404
      vertex 0 12.6639 28.0194
    endloop
  endfacet
  facet normal 0.284617 -0.938783 -0.194113
    outer loop
      vertex -0.388301 12.7021 28.796
      vertex -0.373379 12.6271 29.1806
      vertex -0.761681 12.5889 28.796
    endloop
  endfacet
  facet normal 0.772994 -0.634414 0
    outer loop
      vertex -1.65493 11.8558 28.796
      vertex -1.4074 12.1574 28.404
      vertex -1.4074 12.1574 28.796
    endloop
  endfacet
  facet normal 0.772994 -0.634414 0
    outer loop
      vertex -1.4074 12.1574 28.404
      vertex -1.65493 11.8558 28.796
      vertex -1.65493 11.8558 28.404
    endloop
  endfacet
  facet normal 0.0906768 -0.920023 0.38123
    outer loop
      vertex -0.344109 12.4799 27.6572
      vertex 0 12.6639 28.0194
      vertex -0.373379 12.6271 28.0194
    endloop
  endfacet
  facet normal 0.205743 -0.678258 0.705433
    outer loop
      vertex -0.247527 11.9944 27.054
      vertex -0.301613 12.2663 27.3312
      vertex -0.485543 11.9222 27.054
    endloop
  endfacet
  facet normal 0.714656 -0.586483 0.381187
    outer loop
      vertex -1.46658 11.7299 27.6572
      vertex -1.24722 11.9972 27.6572
      vertex -1.59133 11.8133 28.0194
    endloop
  endfacet
  facet normal 0.796853 -0.241705 -0.553718
    outer loop
      vertex -1.62958 11.425 29.5428
      vertex -1.51631 11.0516 29.8688
      vertex -1.72995 11.0941 29.5428
    endloop
  endfacet
  facet normal 0.547942 -0.449617 -0.70541
    outer loop
      vertex -0.897167 11.6472 30.146
      vertex -1.05496 11.4549 30.146
      vertex -1.0932 11.8432 29.8688
    endloop
  endfacet
  facet normal -0.241573 -0.796937 0.553655
    outer loop
      vertex 0.674993 12.3796 27.6572
      vertex 0.344109 12.4799 27.6572
      vertex 0.301613 12.2663 27.3312
    endloop
  endfacet
  facet normal -0.528343 -0.643649 0.553688
    outer loop
      vertex 1.24722 11.9972 27.6572
      vertex 0.979938 12.2166 27.6572
      vertex 0.858923 12.0355 27.3312
    endloop
  endfacet
  facet normal -0.0816436 -0.82874 0.553646
    outer loop
      vertex 0.301613 12.2663 27.3312
      vertex 0.344109 12.4799 27.6572
      vertex 0 12.5138 27.6572
    endloop
  endfacet
  facet normal -0.462562 -0.865064 0.194168
    outer loop
      vertex 1.06329 12.3413 28.0194
      vertex 1.10579 12.4049 28.404
      vertex 0.761681 12.5889 28.404
    endloop
  endfacet
  facet normal -0.828696 -0.0816173 -0.553716
    outer loop
      vertex 1.72995 11.0941 29.5428
      vertex 1.76384 10.75 29.5428
      vertex 1.51631 11.0516 29.8688
    endloop
  endfacet
  facet normal -0.069461 -0.705399 0.705399
    outer loop
      vertex 0.301613 12.2663 27.3312
      vertex 0 12.296 27.3312
      vertex 0 12.0188 27.054
    endloop
  endfacet
  facet normal -0.0816052 -0.828727 0.553671
    outer loop
      vertex 0.301613 12.2663 27.3312
      vertex 0 12.5138 27.6572
      vertex 0 12.296 27.3312
    endloop
  endfacet
  facet normal -0.643713 -0.528263 0.553689
    outer loop
      vertex 1.28547 11.6089 27.3312
      vertex 1.46658 11.7299 27.6572
      vertex 1.24722 11.9972 27.6572
    endloop
  endfacet
  facet normal -0.187573 -0.0569041 0.980601
    outer loop
      vertex 0.569413 10.8633 26.6861
      vertex 0.536376 10.9722 26.6861
      vertex 0.192267 10.7882 26.6096
    endloop
  endfacet
  facet normal -0.0695305 -0.705355 0.705436
    outer loop
      vertex 0.247527 11.9944 27.054
      vertex 0.301613 12.2663 27.3312
      vertex 0 12.0188 27.054
    endloop
  endfacet
  facet normal -0.334012 -0.625152 0.705422
    outer loop
      vertex 0.7049 11.805 27.054
      vertex 0.858923 12.0355 27.3312
      vertex 0.485543 11.9222 27.054
    endloop
  endfacet
  facet normal -0.625079 -0.3341 -0.705446
    outer loop
      vertex 1.28547 11.6089 29.8688
      vertex 1.42834 11.3416 29.8688
      vertex 1.17221 11.2355 30.146
    endloop
  endfacet
  facet normal -0.284617 -0.938783 0.194113
    outer loop
      vertex 0.761681 12.5889 28.404
      vertex 0.388301 12.7021 28.404
      vertex 0.373379 12.6271 28.0194
    endloop
  endfacet
  facet normal -0.828702 -0.0816337 -0.553705
    outer loop
      vertex 1.76384 10.75 29.5428
      vertex 1.54602 10.75 29.8688
      vertex 1.51631 11.0516 29.8688
    endloop
  endfacet
  facet normal -0.53338 -0.161807 -0.830255
    outer loop
      vertex 1.17221 11.2355 30.146
      vertex 1.24441 10.9975 30.146
      vertex 0.924678 10.9339 30.3638
    endloop
  endfacet
  facet normal -0.449694 -0.547857 -0.705427
    outer loop
      vertex 0.858923 12.0355 29.8688
      vertex 1.0932 11.8432 29.8688
      vertex 0.7049 11.805 30.146
    endloop
  endfacet
  facet normal -0.547917 -0.449629 -0.705423
    outer loop
      vertex 1.0932 11.8432 29.8688
      vertex 1.28547 11.6089 29.8688
      vertex 1.05496 11.4549 30.146
    endloop
  endfacet
  facet normal -0.622282 -0.75833 -0.194167
    outer loop
      vertex 1.10579 12.4049 28.796
      vertex 1.4074 12.1574 28.796
      vertex 1.06329 12.3413 29.1806
    endloop
  endfacet
  facet normal -0.0906353 -0.920012 -0.381264
    outer loop
      vertex 0 12.6639 29.1806
      vertex 0.344109 12.4799 29.5428
      vertex 0 12.5138 29.5428
    endloop
  endfacet
  facet normal 0.0906353 -0.920012 -0.381264
    outer loop
      vertex 0 12.6639 29.1806
      vertex 0 12.5138 29.5428
      vertex -0.344109 12.4799 29.5428
    endloop
  endfacet
  facet normal -0.533409 -0.161775 -0.830243
    outer loop
      vertex 1.17221 11.2355 30.146
      vertex 0.924678 10.9339 30.3638
      vertex 0.871027 11.1108 30.3638
    endloop
  endfacet
  facet normal -0.0924749 -0.172849 -0.980598
    outer loop
      vertex 0.222174 11.2864 30.5139
      vertex 0.322547 11.2327 30.5139
      vertex 0.108911 10.913 30.5904
    endloop
  endfacet
  facet normal 0.67825 -0.205755 -0.705438
    outer loop
      vertex -1.17221 11.2355 30.146
      vertex -1.24441 10.9975 30.146
      vertex -1.51631 11.0516 29.8688
    endloop
  endfacet
  facet normal 0.865135 -0.462425 -0.194175
    outer loop
      vertex -1.59133 11.8133 29.1806
      vertex -1.7682 11.4824 29.1806
      vertex -1.83886 11.5117 28.796
    endloop
  endfacet
  facet normal 0.0924749 -0.172849 -0.980598
    outer loop
      vertex -0.222174 11.2864 30.5139
      vertex -0.108911 10.913 30.5904
      vertex -0.322547 11.2327 30.5139
    endloop
  endfacet
  facet normal 0.392361 -0.734404 -0.553808
    outer loop
      vertex -0.674993 12.3796 29.5428
      vertex -0.591636 12.1783 29.8688
      vertex -0.858923 12.0355 29.8688
    endloop
  endfacet
  facet normal -0.0376476 -0.382568 -0.92316
    outer loop
      vertex 0 11.6928 30.3638
      vertex 0.183929 11.6747 30.3638
      vertex 0 11.3306 30.5139
    endloop
  endfacet
  facet normal 0.554698 -0.0546405 0.830256
    outer loop
      vertex -0.924678 10.9339 26.8362
      vertex -1.24441 10.9975 27.054
      vertex -1.26879 10.75 27.054
    endloop
  endfacet
  facet normal 0.297142 -0.243802 0.923183
    outer loop
      vertex -0.410524 11.1605 26.6861
      vertex -0.666656 11.4167 26.8362
      vertex -0.783904 11.2738 26.8362
    endloop
  endfacet
  facet normal 0.547942 -0.449617 0.70541
    outer loop
      vertex -1.05496 11.4549 27.054
      vertex -0.897167 11.6472 27.054
      vertex -1.0932 11.8432 27.3312
    endloop
  endfacet
  facet normal 0.0192914 -0.19509 0.980596
    outer loop
      vertex -0.0382442 10.9423 26.6096
      vertex 0 11.3306 26.6861
      vertex -0.113263 11.3194 26.6861
    endloop
  endfacet
  facet normal 0.920064 -0.090602 -0.381147
    outer loop
      vertex -1.87711 11.1234 29.1806
      vertex -1.72995 11.0941 29.5428
      vertex -1.91388 10.75 29.1806
    endloop
  endfacet
  facet normal -0.796842 -0.241718 0.553729
    outer loop
      vertex 1.51631 11.0516 27.3312
      vertex 1.62958 11.425 27.6572
      vertex 1.42834 11.3416 27.3312
    endloop
  endfacet
  facet normal -0.554698 -0.0546405 0.830256
    outer loop
      vertex 1.26879 10.75 27.054
      vertex 1.24441 10.9975 27.054
      vertex 0.924678 10.9339 26.8362
    endloop
  endfacet
  facet normal 0.262683 -0.491576 0.830271
    outer loop
      vertex -0.360791 11.621 26.8362
      vertex -0.485543 11.9222 27.054
      vertex -0.523787 11.5339 26.8362
    endloop
  endfacet
  facet normal 0.0545862 -0.554696 0.830261
    outer loop
      vertex 0 11.6928 26.8362
      vertex 0 12.0188 27.054
      vertex -0.183929 11.6747 26.8362
    endloop
  endfacet
  facet normal -0.81533 -0.435876 0.381116
    outer loop
      vertex 1.62958 11.425 27.6572
      vertex 1.7682 11.4824 28.0194
      vertex 1.46658 11.7299 27.6572
    endloop
  endfacet
  facet normal -0.976254 -0.0961352 0.194127
    outer loop
      vertex 1.91388 10.75 28.0194
      vertex 1.95212 11.1383 28.404
      vertex 1.87711 11.1234 28.0194
    endloop
  endfacet
  facet normal -0.920068 -0.0906164 -0.381135
    outer loop
      vertex 1.91388 10.75 29.1806
      vertex 1.76384 10.75 29.5428
      vertex 1.72995 11.0941 29.5428
    endloop
  endfacet
  facet normal -0.81534 -0.435809 -0.381171
    outer loop
      vertex 1.59133 11.8133 29.1806
      vertex 1.7682 11.4824 29.1806
      vertex 1.46658 11.7299 29.5428
    endloop
  endfacet
  facet normal -0.938723 -0.284781 0.194161
    outer loop
      vertex 1.87711 11.1234 28.0194
      vertex 1.83886 11.5117 28.404
      vertex 1.7682 11.4824 28.0194
    endloop
  endfacet
  facet normal -0.865132 -0.462435 -0.194165
    outer loop
      vertex 1.65493 11.8558 28.796
      vertex 1.83886 11.5117 28.796
      vertex 1.59133 11.8133 29.1806
    endloop
  endfacet
  facet normal 0.554698 -0.0546405 -0.830256
    outer loop
      vertex -1.24441 10.9975 30.146
      vertex -0.924678 10.9339 30.3638
      vertex -1.26879 10.75 30.146
    endloop
  endfacet
  facet normal 0.70536 -0.0694835 -0.705436
    outer loop
      vertex -1.51631 11.0516 29.8688
      vertex -1.26879 10.75 30.146
      vertex -1.54602 10.75 29.8688
    endloop
  endfacet
  facet normal 0.705361 -0.0694816 -0.705435
    outer loop
      vertex -1.24441 10.9975 30.146
      vertex -1.26879 10.75 30.146
      vertex -1.51631 11.0516 29.8688
    endloop
  endfacet
  facet normal 0.865132 -0.462435 0.194165
    outer loop
      vertex -1.59133 11.8133 28.0194
      vertex -1.65493 11.8558 28.404
      vertex -1.83886 11.5117 28.404
    endloop
  endfacet
  facet normal 0.462562 -0.865064 -0.194168
    outer loop
      vertex -0.761681 12.5889 28.796
      vertex -1.06329 12.3413 29.1806
      vertex -1.10579 12.4049 28.796
    endloop
  endfacet
  facet normal 0.334012 -0.625152 0.705422
    outer loop
      vertex -0.7049 11.805 27.054
      vertex -0.485543 11.9222 27.054
      vertex -0.858923 12.0355 27.3312
    endloop
  endfacet
  facet normal 0.0962186 -0.97625 0.194109
    outer loop
      vertex -0.373379 12.6271 28.0194
      vertex 0 12.6639 28.0194
      vertex -0.388301 12.7021 28.404
    endloop
  endfacet
  facet normal 0.491597 -0.262715 0.830249
    outer loop
      vertex -0.783904 11.2738 26.8362
      vertex -1.05496 11.4549 27.054
      vertex -1.17221 11.2355 27.054
    endloop
  endfacet
  facet normal 0.884706 -0.268353 0.38116
    outer loop
      vertex -1.72995 11.0941 27.6572
      vertex -1.62958 11.425 27.6572
      vertex -1.87711 11.1234 28.0194
    endloop
  endfacet
  facet normal 0.865132 -0.462435 -0.194165
    outer loop
      vertex -1.65493 11.8558 28.796
      vertex -1.59133 11.8133 29.1806
      vertex -1.83886 11.5117 28.796
    endloop
  endfacet
  facet normal 0.758283 -0.62234 -0.194166
    outer loop
      vertex -1.4074 12.1574 28.796
      vertex -1.59133 11.8133 29.1806
      vertex -1.65493 11.8558 28.796
    endloop
  endfacet
  facet normal 0.976254 -0.0961352 -0.194127
    outer loop
      vertex -1.87711 11.1234 29.1806
      vertex -1.91388 10.75 29.1806
      vertex -1.95212 11.1383 28.796
    endloop
  endfacet
  facet normal 0.268355 -0.884734 0.381093
    outer loop
      vertex -0.674993 12.3796 27.6572
      vertex -0.373379 12.6271 28.0194
      vertex -0.732409 12.5182 28.0194
    endloop
  endfacet
  facet normal 0.24176 -0.796772 0.553811
    outer loop
      vertex -0.591636 12.1783 27.3312
      vertex -0.301613 12.2663 27.3312
      vertex -0.674993 12.3796 27.6572
    endloop
  endfacet
  facet normal -0.284731 -0.938723 -0.194234
    outer loop
      vertex 0.761681 12.5889 28.796
      vertex 0.732409 12.5182 29.1806
      vertex 0.373379 12.6271 29.1806
    endloop
  endfacet
  facet normal -0.0906768 -0.920023 0.38123
    outer loop
      vertex 0.344109 12.4799 27.6572
      vertex 0.373379 12.6271 28.0194
      vertex 0 12.6639 28.0194
    endloop
  endfacet
  facet normal 0.0906353 -0.920012 0.381264
    outer loop
      vertex 0 12.5138 27.6572
      vertex 0 12.6639 28.0194
      vertex -0.344109 12.4799 27.6572
    endloop
  endfacet
  facet normal -0.0906353 -0.920012 0.381264
    outer loop
      vertex 0.344109 12.4799 27.6572
      vertex 0 12.6639 28.0194
      vertex 0 12.5138 27.6572
    endloop
  endfacet
  facet normal -0.43583 -0.815364 0.381096
    outer loop
      vertex 0.979938 12.2166 27.6572
      vertex 0.732409 12.5182 28.0194
      vertex 0.674993 12.3796 27.6572
    endloop
  endfacet
  facet normal -0.435914 -0.815351 0.381028
    outer loop
      vertex 0.979938 12.2166 27.6572
      vertex 1.06329 12.3413 28.0194
      vertex 0.732409 12.5182 28.0194
    endloop
  endfacet
  facet normal -0.24176 -0.796772 0.553811
    outer loop
      vertex 0.591636 12.1783 27.3312
      vertex 0.674993 12.3796 27.6572
      vertex 0.301613 12.2663 27.3312
    endloop
  endfacet
  facet normal -0.392361 -0.734404 0.553808
    outer loop
      vertex 0.858923 12.0355 27.3312
      vertex 0.674993 12.3796 27.6572
      vertex 0.591636 12.1783 27.3312
    endloop
  endfacet
  facet normal -0.547917 -0.449629 0.705423
    outer loop
      vertex 1.28547 11.6089 27.3312
      vertex 1.0932 11.8432 27.3312
      vertex 1.05496 11.4549 27.054
    endloop
  endfacet
  facet normal -0.62512 -0.334071 0.705423
    outer loop
      vertex 1.17221 11.2355 27.054
      vertex 1.28547 11.6089 27.3312
      vertex 1.05496 11.4549 27.054
    endloop
  endfacet
  facet normal -0.938744 -0.284741 0.194118
    outer loop
      vertex 1.87711 11.1234 28.0194
      vertex 1.95212 11.1383 28.404
      vertex 1.83886 11.5117 28.404
    endloop
  endfacet
  facet normal -0.734365 -0.392593 0.553695
    outer loop
      vertex 1.62958 11.425 27.6572
      vertex 1.46658 11.7299 27.6572
      vertex 1.28547 11.6089 27.3312
    endloop
  endfacet
  facet normal -0.828696 -0.0816173 0.553716
    outer loop
      vertex 1.76384 10.75 27.6572
      vertex 1.72995 11.0941 27.6572
      vertex 1.51631 11.0516 27.3312
    endloop
  endfacet
  facet normal -0.367858 -0.111566 0.923165
    outer loop
      vertex 0.924678 10.9339 26.8362
      vertex 0.871027 11.1108 26.8362
      vertex 0.536376 10.9722 26.6861
    endloop
  endfacet
  facet normal -0.205803 -0.678268 -0.705406
    outer loop
      vertex 0.591636 12.1783 29.8688
      vertex 0.485543 11.9222 30.146
      vertex 0.301613 12.2663 29.8688
    endloop
  endfacet
  facet normal -0.0695305 -0.705355 -0.705436
    outer loop
      vertex 0.301613 12.2663 29.8688
      vertex 0.247527 11.9944 30.146
      vertex 0 12.0188 30.146
    endloop
  endfacet
  facet normal -0.290135 -0.956986 0
    outer loop
      vertex 0.388301 12.7021 28.404
      vertex 0.761681 12.5889 28.796
      vertex 0.388301 12.7021 28.796
    endloop
  endfacet
  facet normal -0.290135 -0.956986 -0
    outer loop
      vertex 0.761681 12.5889 28.796
      vertex 0.388301 12.7021 28.404
      vertex 0.761681 12.5889 28.404
    endloop
  endfacet
  facet normal -0.81533 -0.435876 -0.381116
    outer loop
      vertex 1.7682 11.4824 29.1806
      vertex 1.62958 11.425 29.5428
      vertex 1.46658 11.7299 29.5428
    endloop
  endfacet
  facet normal 0.0962901 -0.976229 -0.19418
    outer loop
      vertex 0 12.7404 28.796
      vertex 0 12.6639 29.1806
      vertex -0.388301 12.7021 28.796
    endloop
  endfacet
  facet normal 0.0962186 -0.97625 -0.194109
    outer loop
      vertex 0 12.6639 29.1806
      vertex -0.373379 12.6271 29.1806
      vertex -0.388301 12.7021 28.796
    endloop
  endfacet
  facet normal -0.268355 -0.884734 -0.381093
    outer loop
      vertex 0.732409 12.5182 29.1806
      vertex 0.674993 12.3796 29.5428
      vertex 0.373379 12.6271 29.1806
    endloop
  endfacet
  facet normal -0.0816436 -0.82874 -0.553646
    outer loop
      vertex 0.344109 12.4799 29.5428
      vertex 0.301613 12.2663 29.8688
      vertex 0 12.5138 29.5428
    endloop
  endfacet
  facet normal -0.430907 -0.353555 -0.830252
    outer loop
      vertex 1.05496 11.4549 30.146
      vertex 0.783904 11.2738 30.3638
      vertex 0.666656 11.4167 30.3638
    endloop
  endfacet
  facet normal -0.430901 -0.353579 -0.830245
    outer loop
      vertex 0.897167 11.6472 30.146
      vertex 1.05496 11.4549 30.146
      vertex 0.666656 11.4167 30.3638
    endloop
  endfacet
  facet normal 0.0545862 -0.554696 -0.830261
    outer loop
      vertex 0 12.0188 30.146
      vertex 0 11.6928 30.3638
      vertex -0.183929 11.6747 30.3638
    endloop
  endfacet
  facet normal -0.181184 -0.339061 -0.923152
    outer loop
      vertex 0.360791 11.621 30.3638
      vertex 0.523787 11.5339 30.3638
      vertex 0.222174 11.2864 30.5139
    endloop
  endfacet
  facet normal 0.435914 -0.815351 -0.381028
    outer loop
      vertex -0.732409 12.5182 29.1806
      vertex -0.979938 12.2166 29.5428
      vertex -1.06329 12.3413 29.1806
    endloop
  endfacet
  facet normal 0.586473 -0.714684 -0.381151
    outer loop
      vertex -1.06329 12.3413 29.1806
      vertex -1.24722 11.9972 29.5428
      vertex -1.35332 12.1033 29.1806
    endloop
  endfacet
  facet normal 0.172853 -0.0924602 -0.980598
    outer loop
      vertex -0.482725 11.0725 30.5139
      vertex -0.162996 10.8589 30.5904
      vertex -0.536376 10.9722 30.5139
    endloop
  endfacet
  facet normal 0.430907 -0.353555 -0.830252
    outer loop
      vertex -0.666656 11.4167 30.3638
      vertex -0.783904 11.2738 30.3638
      vertex -1.05496 11.4549 30.146
    endloop
  endfacet
  facet normal 0.111456 -0.367841 -0.923185
    outer loop
      vertex -0.183929 11.6747 30.3638
      vertex -0.113263 11.3194 30.5139
      vertex -0.222174 11.2864 30.5139
    endloop
  endfacet
  facet normal -0.0568483 -0.187618 -0.980596
    outer loop
      vertex 0.113263 11.3194 30.5139
      vertex 0.222174 11.2864 30.5139
      vertex 0.0382442 10.9423 30.5904
    endloop
  endfacet
  facet normal -0.0545862 -0.554696 -0.830261
    outer loop
      vertex 0 12.0188 30.146
      vertex 0.183929 11.6747 30.3638
      vertex 0 11.6928 30.3638
    endloop
  endfacet
  facet normal 0.367858 -0.111566 -0.923165
    outer loop
      vertex -0.871027 11.1108 30.3638
      vertex -0.536376 10.9722 30.5139
      vertex -0.924678 10.9339 30.3638
    endloop
  endfacet
  facet normal 0.151518 -0.124373 -0.980599
    outer loop
      vertex -0.138617 10.8886 30.5904
      vertex -0.162996 10.8589 30.5904
      vertex -0.410524 11.1605 30.5139
    endloop
  endfacet
  facet normal 0.920064 -0.090602 0.381147
    outer loop
      vertex -1.72995 11.0941 27.6572
      vertex -1.87711 11.1234 28.0194
      vertex -1.91388 10.75 28.0194
    endloop
  endfacet
  facet normal 0.334001 -0.625168 0.705414
    outer loop
      vertex -0.485543 11.9222 27.054
      vertex -0.591636 12.1783 27.3312
      vertex -0.858923 12.0355 27.3312
    endloop
  endfacet
  facet normal 0.262645 -0.491579 0.830282
    outer loop
      vertex -0.523787 11.5339 26.8362
      vertex -0.485543 11.9222 27.054
      vertex -0.7049 11.805 27.054
    endloop
  endfacet
  facet normal -0.172878 -0.0923803 0.980601
    outer loop
      vertex 0.181111 10.825 26.6096
      vertex 0.536376 10.9722 26.6861
      vertex 0.162996 10.8589 26.6096
    endloop
  endfacet
  facet normal 0.367858 -0.111566 0.923165
    outer loop
      vertex -0.536376 10.9722 26.6861
      vertex -0.871027 11.1108 26.8362
      vertex -0.924678 10.9339 26.8362
    endloop
  endfacet
  facet normal -0.70536 -0.0694835 -0.705436
    outer loop
      vertex 1.51631 11.0516 29.8688
      vertex 1.54602 10.75 29.8688
      vertex 1.26879 10.75 30.146
    endloop
  endfacet
  facet normal -0.705361 -0.0694816 0.705435
    outer loop
      vertex 1.26879 10.75 27.054
      vertex 1.51631 11.0516 27.3312
      vertex 1.24441 10.9975 27.054
    endloop
  endfacet
  facet normal 0.124364 -0.151539 0.980597
    outer loop
      vertex -0.108911 10.913 26.6096
      vertex -0.322547 11.2327 26.6861
      vertex -0.410524 11.1605 26.6861
    endloop
  endfacet
  facet normal -0.111456 -0.367841 0.923185
    outer loop
      vertex 0.222174 11.2864 26.6861
      vertex 0.183929 11.6747 26.8362
      vertex 0.113263 11.3194 26.6861
    endloop
  endfacet
  facet normal 0.0376476 -0.382568 0.92316
    outer loop
      vertex 0 11.3306 26.6861
      vertex 0 11.6928 26.8362
      vertex -0.183929 11.6747 26.8362
    endloop
  endfacet
  facet normal 0.11169 -0.367852 0.923153
    outer loop
      vertex -0.222174 11.2864 26.6861
      vertex -0.183929 11.6747 26.8362
      vertex -0.360791 11.621 26.8362
    endloop
  endfacet
  facet normal -0.714656 -0.586483 0.381187
    outer loop
      vertex 1.46658 11.7299 27.6572
      vertex 1.59133 11.8133 28.0194
      vertex 1.24722 11.9972 27.6572
    endloop
  endfacet
  facet normal -0.714642 -0.586524 0.381153
    outer loop
      vertex 1.59133 11.8133 28.0194
      vertex 1.35332 12.1033 28.0194
      vertex 1.24722 11.9972 27.6572
    endloop
  endfacet
  facet normal -0.528343 -0.643649 -0.553688
    outer loop
      vertex 0.979938 12.2166 29.5428
      vertex 1.24722 11.9972 29.5428
      vertex 0.858923 12.0355 29.8688
    endloop
  endfacet
  facet normal -0.62512 -0.334071 -0.705423
    outer loop
      vertex 1.28547 11.6089 29.8688
      vertex 1.17221 11.2355 30.146
      vertex 1.05496 11.4549 30.146
    endloop
  endfacet
  facet normal -0.678248 -0.205743 -0.705443
    outer loop
      vertex 1.42834 11.3416 29.8688
      vertex 1.51631 11.0516 29.8688
      vertex 1.17221 11.2355 30.146
    endloop
  endfacet
  facet normal -0.67825 -0.205755 -0.705438
    outer loop
      vertex 1.51631 11.0516 29.8688
      vertex 1.24441 10.9975 30.146
      vertex 1.17221 11.2355 30.146
    endloop
  endfacet
  facet normal -0.938723 -0.284781 -0.194161
    outer loop
      vertex 1.83886 11.5117 28.796
      vertex 1.87711 11.1234 29.1806
      vertex 1.7682 11.4824 29.1806
    endloop
  endfacet
  facet normal -0.865135 -0.462425 -0.194175
    outer loop
      vertex 1.83886 11.5117 28.796
      vertex 1.7682 11.4824 29.1806
      vertex 1.59133 11.8133 29.1806
    endloop
  endfacet
  facet normal -0.976245 -0.0961663 -0.194158
    outer loop
      vertex 1.95212 11.1383 28.796
      vertex 1.99037 10.75 28.796
      vertex 1.91388 10.75 29.1806
    endloop
  endfacet
  facet normal -0.81534 -0.435809 0.381171
    outer loop
      vertex 1.7682 11.4824 28.0194
      vertex 1.59133 11.8133 28.0194
      vertex 1.46658 11.7299 27.6572
    endloop
  endfacet
  facet normal -0.865132 -0.462435 0.194165
    outer loop
      vertex 1.83886 11.5117 28.404
      vertex 1.65493 11.8558 28.404
      vertex 1.59133 11.8133 28.0194
    endloop
  endfacet
  facet normal -0.622282 -0.75833 0.194167
    outer loop
      vertex 1.4074 12.1574 28.404
      vertex 1.10579 12.4049 28.404
      vertex 1.06329 12.3413 28.0194
    endloop
  endfacet
  facet normal -0.758282 -0.62234 -0.194167
    outer loop
      vertex 1.4074 12.1574 28.796
      vertex 1.59133 11.8133 29.1806
      vertex 1.35332 12.1033 29.1806
    endloop
  endfacet
  facet normal 0.678248 -0.205743 -0.705443
    outer loop
      vertex -1.42834 11.3416 29.8688
      vertex -1.17221 11.2355 30.146
      vertex -1.51631 11.0516 29.8688
    endloop
  endfacet
  facet normal 0.884707 -0.268394 -0.381126
    outer loop
      vertex -1.7682 11.4824 29.1806
      vertex -1.62958 11.425 29.5428
      vertex -1.87711 11.1234 29.1806
    endloop
  endfacet
  facet normal 0.73437 -0.392516 -0.553744
    outer loop
      vertex -1.28547 11.6089 29.8688
      vertex -1.42834 11.3416 29.8688
      vertex -1.62958 11.425 29.5428
    endloop
  endfacet
  facet normal 0.828702 -0.0816337 -0.553705
    outer loop
      vertex -1.51631 11.0516 29.8688
      vertex -1.54602 10.75 29.8688
      vertex -1.76384 10.75 29.5428
    endloop
  endfacet
  facet normal 0.828696 -0.0816173 -0.553716
    outer loop
      vertex -1.72995 11.0941 29.5428
      vertex -1.51631 11.0516 29.8688
      vertex -1.76384 10.75 29.5428
    endloop
  endfacet
  facet normal 0.622282 -0.75833 0.194167
    outer loop
      vertex -1.06329 12.3413 28.0194
      vertex -1.10579 12.4049 28.404
      vertex -1.4074 12.1574 28.404
    endloop
  endfacet
  facet normal 0.634355 -0.773042 0
    outer loop
      vertex -1.4074 12.1574 28.404
      vertex -1.10579 12.4049 28.796
      vertex -1.4074 12.1574 28.796
    endloop
  endfacet
  facet normal 0.634355 -0.773042 0
    outer loop
      vertex -1.10579 12.4049 28.796
      vertex -1.4074 12.1574 28.404
      vertex -1.10579 12.4049 28.404
    endloop
  endfacet
  facet normal 0.449694 -0.547857 0.705427
    outer loop
      vertex -0.7049 11.805 27.054
      vertex -0.858923 12.0355 27.3312
      vertex -1.0932 11.8432 27.3312
    endloop
  endfacet
  facet normal 0.392549 -0.734393 0.55369
    outer loop
      vertex -0.858923 12.0355 27.3312
      vertex -0.674993 12.3796 27.6572
      vertex -0.979938 12.2166 27.6572
    endloop
  endfacet
  facet normal 0.0816052 -0.828727 0.553671
    outer loop
      vertex 0 12.296 27.3312
      vertex 0 12.5138 27.6572
      vertex -0.301613 12.2663 27.3312
    endloop
  endfacet
  facet normal 0.069461 -0.705399 0.705399
    outer loop
      vertex 0 12.0188 27.054
      vertex 0 12.296 27.3312
      vertex -0.301613 12.2663 27.3312
    endloop
  endfacet
  facet normal 0.758283 -0.62234 0.194166
    outer loop
      vertex -1.59133 11.8133 28.0194
      vertex -1.4074 12.1574 28.404
      vertex -1.65493 11.8558 28.404
    endloop
  endfacet
  facet normal 0.714642 -0.586524 0.381153
    outer loop
      vertex -1.24722 11.9972 27.6572
      vertex -1.35332 12.1033 28.0194
      vertex -1.59133 11.8133 28.0194
    endloop
  endfacet
  facet normal 0.533409 -0.161775 0.830243
    outer loop
      vertex -0.924678 10.9339 26.8362
      vertex -0.871027 11.1108 26.8362
      vertex -1.17221 11.2355 27.054
    endloop
  endfacet
  facet normal 0.714656 -0.586483 -0.381187
    outer loop
      vertex -1.24722 11.9972 29.5428
      vertex -1.46658 11.7299 29.5428
      vertex -1.59133 11.8133 29.1806
    endloop
  endfacet
  facet normal 0.714642 -0.586524 -0.381153
    outer loop
      vertex -1.35332 12.1033 29.1806
      vertex -1.24722 11.9972 29.5428
      vertex -1.59133 11.8133 29.1806
    endloop
  endfacet
  facet normal 0.938723 -0.284781 -0.194161
    outer loop
      vertex -1.83886 11.5117 28.796
      vertex -1.7682 11.4824 29.1806
      vertex -1.87711 11.1234 29.1806
    endloop
  endfacet
  facet normal 0.884706 -0.268353 -0.38116
    outer loop
      vertex -1.62958 11.425 29.5428
      vertex -1.72995 11.0941 29.5428
      vertex -1.87711 11.1234 29.1806
    endloop
  endfacet
  facet normal 0.284617 -0.938783 0.194113
    outer loop
      vertex -0.373379 12.6271 28.0194
      vertex -0.388301 12.7021 28.404
      vertex -0.761681 12.5889 28.404
    endloop
  endfacet
  facet normal 0.290135 -0.956986 0
    outer loop
      vertex -0.761681 12.5889 28.404
      vertex -0.388301 12.7021 28.796
      vertex -0.761681 12.5889 28.796
    endloop
  endfacet
  facet normal 0.290135 -0.956986 0
    outer loop
      vertex -0.388301 12.7021 28.796
      vertex -0.761681 12.5889 28.404
      vertex -0.388301 12.7021 28.404
    endloop
  endfacet
  facet normal -0.268355 -0.884734 0.381093
    outer loop
      vertex 0.674993 12.3796 27.6572
      vertex 0.732409 12.5182 28.0194
      vertex 0.373379 12.6271 28.0194
    endloop
  endfacet
  facet normal -0.268185 -0.884726 0.38123
    outer loop
      vertex 0.674993 12.3796 27.6572
      vertex 0.373379 12.6271 28.0194
      vertex 0.344109 12.4799 27.6572
    endloop
  endfacet
  facet normal -0.334001 -0.625168 0.705414
    outer loop
      vertex 0.858923 12.0355 27.3312
      vertex 0.591636 12.1783 27.3312
      vertex 0.485543 11.9222 27.054
    endloop
  endfacet
  facet normal -0.430901 -0.353579 0.830245
    outer loop
      vertex 1.05496 11.4549 27.054
      vertex 0.897167 11.6472 27.054
      vertex 0.666656 11.4167 26.8362
    endloop
  endfacet
  facet normal -0.678248 -0.205743 0.705443
    outer loop
      vertex 1.51631 11.0516 27.3312
      vertex 1.42834 11.3416 27.3312
      vertex 1.17221 11.2355 27.054
    endloop
  endfacet
  facet normal -0.67825 -0.205755 0.705438
    outer loop
      vertex 1.24441 10.9975 27.054
      vertex 1.51631 11.0516 27.3312
      vertex 1.17221 11.2355 27.054
    endloop
  endfacet
  facet normal -0.528335 -0.643665 0.553677
    outer loop
      vertex 1.0932 11.8432 27.3312
      vertex 1.24722 11.9972 27.6572
      vertex 0.858923 12.0355 27.3312
    endloop
  endfacet
  facet normal -0.643731 -0.528255 0.553677
    outer loop
      vertex 1.28547 11.6089 27.3312
      vertex 1.24722 11.9972 27.6572
      vertex 1.0932 11.8432 27.3312
    endloop
  endfacet
  facet normal -0.262645 -0.491579 0.830282
    outer loop
      vertex 0.523787 11.5339 26.8362
      vertex 0.7049 11.805 27.054
      vertex 0.485543 11.9222 27.054
    endloop
  endfacet
  facet normal -0.11169 -0.367852 0.923153
    outer loop
      vertex 0.222174 11.2864 26.6861
      vertex 0.360791 11.621 26.8362
      vertex 0.183929 11.6747 26.8362
    endloop
  endfacet
  facet normal -0.43583 -0.815364 -0.381096
    outer loop
      vertex 0.732409 12.5182 29.1806
      vertex 0.979938 12.2166 29.5428
      vertex 0.674993 12.3796 29.5428
    endloop
  endfacet
  facet normal -0.334001 -0.625168 -0.705414
    outer loop
      vertex 0.591636 12.1783 29.8688
      vertex 0.858923 12.0355 29.8688
      vertex 0.485543 11.9222 30.146
    endloop
  endfacet
  facet normal -0.758282 -0.62234 0.194167
    outer loop
      vertex 1.59133 11.8133 28.0194
      vertex 1.4074 12.1574 28.404
      vertex 1.35332 12.1033 28.0194
    endloop
  endfacet
  facet normal -0.758283 -0.62234 0.194166
    outer loop
      vertex 1.59133 11.8133 28.0194
      vertex 1.65493 11.8558 28.404
      vertex 1.4074 12.1574 28.404
    endloop
  endfacet
  facet normal -0.0906768 -0.920023 -0.38123
    outer loop
      vertex 0.373379 12.6271 29.1806
      vertex 0.344109 12.4799 29.5428
      vertex 0 12.6639 29.1806
    endloop
  endfacet
  facet normal -0.24176 -0.796772 -0.553811
    outer loop
      vertex 0.674993 12.3796 29.5428
      vertex 0.591636 12.1783 29.8688
      vertex 0.301613 12.2663 29.8688
    endloop
  endfacet
  facet normal 0.069461 -0.705399 -0.705399
    outer loop
      vertex 0 12.296 29.8688
      vertex 0 12.0188 30.146
      vertex -0.301613 12.2663 29.8688
    endloop
  endfacet
  facet normal 0.0816052 -0.828727 -0.553671
    outer loop
      vertex 0 12.5138 29.5428
      vertex 0 12.296 29.8688
      vertex -0.301613 12.2663 29.8688
    endloop
  endfacet
  facet normal -0.297144 -0.243797 -0.923184
    outer loop
      vertex 0.783904 11.2738 30.3638
      vertex 0.482725 11.0725 30.5139
      vertex 0.410524 11.1605 30.5139
    endloop
  endfacet
  facet normal -0.35348 -0.430899 -0.830288
    outer loop
      vertex 0.7049 11.805 30.146
      vertex 0.666656 11.4167 30.3638
      vertex 0.523787 11.5339 30.3638
    endloop
  endfacet
  facet normal -0.151553 -0.124344 -0.980597
    outer loop
      vertex 0.410524 11.1605 30.5139
      vertex 0.482725 11.0725 30.5139
      vertex 0.162996 10.8589 30.5904
    endloop
  endfacet
  facet normal -0.491595 -0.262756 -0.830237
    outer loop
      vertex 1.17221 11.2355 30.146
      vertex 0.871027 11.1108 30.3638
      vertex 0.783904 11.2738 30.3638
    endloop
  endfacet
  facet normal -0.297142 -0.243802 -0.923183
    outer loop
      vertex 0.666656 11.4167 30.3638
      vertex 0.783904 11.2738 30.3638
      vertex 0.410524 11.1605 30.5139
    endloop
  endfacet
  facet normal -0.243771 -0.297161 -0.923185
    outer loop
      vertex 0.523787 11.5339 30.3638
      vertex 0.666656 11.4167 30.3638
      vertex 0.410524 11.1605 30.5139
    endloop
  endfacet
  facet normal -0.195079 -0.0192083 -0.980599
    outer loop
      vertex 0.569413 10.8633 30.5139
      vertex 0.580569 10.75 30.5139
      vertex 0.192267 10.7882 30.5904
    endloop
  endfacet
  facet normal -0.382553 -0.0376678 -0.923165
    outer loop
      vertex 0.924678 10.9339 30.3638
      vertex 0.580569 10.75 30.5139
      vertex 0.569413 10.8633 30.5139
    endloop
  endfacet
  facet normal 0.622282 -0.75833 -0.194167
    outer loop
      vertex -1.10579 12.4049 28.796
      vertex -1.06329 12.3413 29.1806
      vertex -1.4074 12.1574 28.796
    endloop
  endfacet
  facet normal 0.622286 -0.758326 -0.194172
    outer loop
      vertex -1.06329 12.3413 29.1806
      vertex -1.35332 12.1033 29.1806
      vertex -1.4074 12.1574 28.796
    endloop
  endfacet
  facet normal 0.353623 -0.430862 -0.830246
    outer loop
      vertex -0.7049 11.805 30.146
      vertex -0.666656 11.4167 30.3638
      vertex -0.897167 11.6472 30.146
    endloop
  endfacet
  facet normal 0.625079 -0.3341 -0.705446
    outer loop
      vertex -1.28547 11.6089 29.8688
      vertex -1.17221 11.2355 30.146
      vertex -1.42834 11.3416 29.8688
    endloop
  endfacet
  facet normal 0.449677 -0.547896 -0.705408
    outer loop
      vertex -0.7049 11.805 30.146
      vertex -0.897167 11.6472 30.146
      vertex -1.0932 11.8432 29.8688
    endloop
  endfacet
  facet normal 0.181184 -0.339061 -0.923152
    outer loop
      vertex -0.360791 11.621 30.3638
      vertex -0.222174 11.2864 30.5139
      vertex -0.523787 11.5339 30.3638
    endloop
  endfacet
  facet normal 0.53338 -0.161807 -0.830255
    outer loop
      vertex -1.17221 11.2355 30.146
      vertex -0.924678 10.9339 30.3638
      vertex -1.24441 10.9975 30.146
    endloop
  endfacet
  facet normal 0.533409 -0.161775 -0.830243
    outer loop
      vertex -0.871027 11.1108 30.3638
      vertex -0.924678 10.9339 30.3638
      vertex -1.17221 11.2355 30.146
    endloop
  endfacet
  facet normal -0.0923331 -0.172893 -0.980603
    outer loop
      vertex 0.222174 11.2864 30.5139
      vertex 0.108911 10.913 30.5904
      vertex 0.0750189 10.9311 30.5904
    endloop
  endfacet
  facet normal -0.111456 -0.367841 -0.923185
    outer loop
      vertex 0.183929 11.6747 30.3638
      vertex 0.222174 11.2864 30.5139
      vertex 0.113263 11.3194 30.5139
    endloop
  endfacet
  facet normal -0.11169 -0.367852 -0.923153
    outer loop
      vertex 0.360791 11.621 30.3638
      vertex 0.222174 11.2864 30.5139
      vertex 0.183929 11.6747 30.3638
    endloop
  endfacet
  facet normal 0.205743 -0.678258 -0.705433
    outer loop
      vertex -0.301613 12.2663 29.8688
      vertex -0.247527 11.9944 30.146
      vertex -0.485543 11.9222 30.146
    endloop
  endfacet
  facet normal 0.0376476 -0.382568 -0.92316
    outer loop
      vertex 0 11.6928 30.3638
      vertex 0 11.3306 30.5139
      vertex -0.183929 11.6747 30.3638
    endloop
  endfacet
  facet normal 0.0378222 -0.382487 -0.923187
    outer loop
      vertex 0 11.3306 30.5139
      vertex -0.113263 11.3194 30.5139
      vertex -0.183929 11.6747 30.3638
    endloop
  endfacet
  facet normal 0.0571002 -0.187486 -0.980606
    outer loop
      vertex -0.0382442 10.9423 30.5904
      vertex -0.0750189 10.9311 30.5904
      vertex -0.222174 11.2864 30.5139
    endloop
  endfacet
  facet normal 0.554698 -0.0546403 0.830256
    outer loop
      vertex -0.942793 10.75 26.8362
      vertex -0.924678 10.9339 26.8362
      vertex -1.26879 10.75 27.054
    endloop
  endfacet
  facet normal 0.449677 -0.547896 0.705408
    outer loop
      vertex -0.897167 11.6472 27.054
      vertex -0.7049 11.805 27.054
      vertex -1.0932 11.8432 27.3312
    endloop
  endfacet
  facet normal 0.353623 -0.430862 0.830246
    outer loop
      vertex -0.666656 11.4167 26.8362
      vertex -0.7049 11.805 27.054
      vertex -0.897167 11.6472 27.054
    endloop
  endfacet
  facet normal 0.528335 -0.643665 0.553677
    outer loop
      vertex -1.0932 11.8432 27.3312
      vertex -0.858923 12.0355 27.3312
      vertex -1.24722 11.9972 27.6572
    endloop
  endfacet
  facet normal 0.435914 -0.815351 0.381028
    outer loop
      vertex -0.979938 12.2166 27.6572
      vertex -0.732409 12.5182 28.0194
      vertex -1.06329 12.3413 28.0194
    endloop
  endfacet
  facet normal 0.18132 -0.338913 0.92318
    outer loop
      vertex -0.322547 11.2327 26.6861
      vertex -0.222174 11.2864 26.6861
      vertex -0.523787 11.5339 26.8362
    endloop
  endfacet
  facet normal 0.243848 -0.297133 0.923174
    outer loop
      vertex -0.410524 11.1605 26.6861
      vertex -0.322547 11.2327 26.6861
      vertex -0.523787 11.5339 26.8362
    endloop
  endfacet
  facet normal 0.73437 -0.392516 0.553744
    outer loop
      vertex -1.42834 11.3416 27.3312
      vertex -1.28547 11.6089 27.3312
      vertex -1.62958 11.425 27.6572
    endloop
  endfacet
  facet normal 0.491595 -0.262756 0.830237
    outer loop
      vertex -0.871027 11.1108 26.8362
      vertex -0.783904 11.2738 26.8362
      vertex -1.17221 11.2355 27.054
    endloop
  endfacet
  facet normal -0.705361 -0.0694816 -0.705435
    outer loop
      vertex 1.51631 11.0516 29.8688
      vertex 1.26879 10.75 30.146
      vertex 1.24441 10.9975 30.146
    endloop
  endfacet
  facet normal -0.554698 -0.0546405 -0.830256
    outer loop
      vertex 1.24441 10.9975 30.146
      vertex 1.26879 10.75 30.146
      vertex 0.924678 10.9339 30.3638
    endloop
  endfacet
  facet normal -0.554698 -0.0546403 -0.830256
    outer loop
      vertex 1.26879 10.75 30.146
      vertex 0.942793 10.75 30.3638
      vertex 0.924678 10.9339 30.3638
    endloop
  endfacet
  facet normal -0.920064 -0.090602 0.381147
    outer loop
      vertex 1.91388 10.75 28.0194
      vertex 1.87711 11.1234 28.0194
      vertex 1.72995 11.0941 27.6572
    endloop
  endfacet
  facet normal -0.920068 -0.0906164 0.381135
    outer loop
      vertex 1.76384 10.75 27.6572
      vertex 1.91388 10.75 28.0194
      vertex 1.72995 11.0941 27.6572
    endloop
  endfacet
  facet normal -0.70536 -0.0694835 0.705436
    outer loop
      vertex 1.54602 10.75 27.3312
      vertex 1.51631 11.0516 27.3312
      vertex 1.26879 10.75 27.054
    endloop
  endfacet
  facet normal -0.828702 -0.0816337 0.553705
    outer loop
      vertex 1.54602 10.75 27.3312
      vertex 1.76384 10.75 27.6572
      vertex 1.51631 11.0516 27.3312
    endloop
  endfacet
  facet normal -0.195079 -0.0192083 0.980599
    outer loop
      vertex 0.580569 10.75 26.6861
      vertex 0.569413 10.8633 26.6861
      vertex 0.192267 10.7882 26.6096
    endloop
  endfacet
  facet normal -0.554698 -0.0546403 0.830256
    outer loop
      vertex 0.942793 10.75 26.8362
      vertex 1.26879 10.75 27.054
      vertex 0.924678 10.9339 26.8362
    endloop
  endfacet
  facet normal -0.382553 -0.0376678 0.923165
    outer loop
      vertex 0.580569 10.75 26.6861
      vertex 0.924678 10.9339 26.8362
      vertex 0.569413 10.8633 26.6861
    endloop
  endfacet
  facet normal -0.382546 -0.0376826 0.923168
    outer loop
      vertex 0.942793 10.75 26.8362
      vertex 0.924678 10.9339 26.8362
      vertex 0.580569 10.75 26.6861
    endloop
  endfacet
  facet normal -0.18132 -0.338913 0.92318
    outer loop
      vertex 0.322547 11.2327 26.6861
      vertex 0.523787 11.5339 26.8362
      vertex 0.222174 11.2864 26.6861
    endloop
  endfacet
  facet normal -0.0568483 -0.187618 0.980596
    outer loop
      vertex 0.222174 11.2864 26.6861
      vertex 0.113263 11.3194 26.6861
      vertex 0.0382442 10.9423 26.6096
    endloop
  endfacet
  facet normal -0.297142 -0.243802 0.923183
    outer loop
      vertex 0.783904 11.2738 26.8362
      vertex 0.666656 11.4167 26.8362
      vertex 0.410524 11.1605 26.6861
    endloop
  endfacet
  facet normal -0.430907 -0.353555 0.830252
    outer loop
      vertex 0.783904 11.2738 26.8362
      vertex 1.05496 11.4549 27.054
      vertex 0.666656 11.4167 26.8362
    endloop
  endfacet
  facet normal 0.0924749 -0.172849 0.980598
    outer loop
      vertex -0.108911 10.913 26.6096
      vertex -0.222174 11.2864 26.6861
      vertex -0.322547 11.2327 26.6861
    endloop
  endfacet
  facet normal -0.0376476 -0.382568 0.92316
    outer loop
      vertex 0.183929 11.6747 26.8362
      vertex 0 11.6928 26.8362
      vertex 0 11.3306 26.6861
    endloop
  endfacet
  facet normal -0.0545862 -0.554696 0.830261
    outer loop
      vertex 0.183929 11.6747 26.8362
      vertex 0 12.0188 27.054
      vertex 0 11.6928 26.8362
    endloop
  endfacet
  facet normal 0.161927 -0.533311 0.830276
    outer loop
      vertex -0.360791 11.621 26.8362
      vertex -0.183929 11.6747 26.8362
      vertex -0.485543 11.9222 27.054
    endloop
  endfacet
  facet normal 0.161807 -0.533418 0.830231
    outer loop
      vertex -0.183929 11.6747 26.8362
      vertex -0.247527 11.9944 27.054
      vertex -0.485543 11.9222 27.054
    endloop
  endfacet
  facet normal -0.634355 -0.773042 0
    outer loop
      vertex 1.10579 12.4049 28.404
      vertex 1.4074 12.1574 28.796
      vertex 1.10579 12.4049 28.796
    endloop
  endfacet
  facet normal -0.634355 -0.773042 -0
    outer loop
      vertex 1.4074 12.1574 28.796
      vertex 1.10579 12.4049 28.404
      vertex 1.4074 12.1574 28.404
    endloop
  endfacet
  facet normal -0.528335 -0.643665 -0.553677
    outer loop
      vertex 1.24722 11.9972 29.5428
      vertex 1.0932 11.8432 29.8688
      vertex 0.858923 12.0355 29.8688
    endloop
  endfacet
  facet normal -0.262645 -0.491579 -0.830282
    outer loop
      vertex 0.7049 11.805 30.146
      vertex 0.523787 11.5339 30.3638
      vertex 0.485543 11.9222 30.146
    endloop
  endfacet
  facet normal -0.884706 -0.268353 -0.38116
    outer loop
      vertex 1.87711 11.1234 29.1806
      vertex 1.72995 11.0941 29.5428
      vertex 1.62958 11.425 29.5428
    endloop
  endfacet
  facet normal -0.796853 -0.241705 -0.553718
    outer loop
      vertex 1.62958 11.425 29.5428
      vertex 1.72995 11.0941 29.5428
      vertex 1.51631 11.0516 29.8688
    endloop
  endfacet
  facet normal -0.865135 -0.462425 0.194175
    outer loop
      vertex 1.7682 11.4824 28.0194
      vertex 1.83886 11.5117 28.404
      vertex 1.59133 11.8133 28.0194
    endloop
  endfacet
  facet normal -0.435914 -0.815351 -0.381028
    outer loop
      vertex 1.06329 12.3413 29.1806
      vertex 0.979938 12.2166 29.5428
      vertex 0.732409 12.5182 29.1806
    endloop
  endfacet
  facet normal -0.714642 -0.586524 -0.381153
    outer loop
      vertex 1.35332 12.1033 29.1806
      vertex 1.59133 11.8133 29.1806
      vertex 1.24722 11.9972 29.5428
    endloop
  endfacet
  facet normal 0.471536 -0.881847 0
    outer loop
      vertex -1.10579 12.4049 28.404
      vertex -0.761681 12.5889 28.796
      vertex -1.10579 12.4049 28.796
    endloop
  endfacet
  facet normal 0.471536 -0.881847 0
    outer loop
      vertex -0.761681 12.5889 28.796
      vertex -1.10579 12.4049 28.404
      vertex -0.761681 12.5889 28.404
    endloop
  endfacet
  facet normal 0.462562 -0.865064 0.194168
    outer loop
      vertex -1.06329 12.3413 28.0194
      vertex -0.761681 12.5889 28.404
      vertex -1.10579 12.4049 28.404
    endloop
  endfacet
  facet normal 0.758282 -0.62234 0.194167
    outer loop
      vertex -1.35332 12.1033 28.0194
      vertex -1.4074 12.1574 28.404
      vertex -1.59133 11.8133 28.0194
    endloop
  endfacet
  facet normal 0.622286 -0.758326 0.194172
    outer loop
      vertex -1.35332 12.1033 28.0194
      vertex -1.06329 12.3413 28.0194
      vertex -1.4074 12.1574 28.404
    endloop
  endfacet
  facet normal 0.796853 -0.241705 0.553718
    outer loop
      vertex -1.51631 11.0516 27.3312
      vertex -1.62958 11.425 27.6572
      vertex -1.72995 11.0941 27.6572
    endloop
  endfacet
  facet normal 0.81534 -0.435809 0.381171
    outer loop
      vertex -1.46658 11.7299 27.6572
      vertex -1.59133 11.8133 28.0194
      vertex -1.7682 11.4824 28.0194
    endloop
  endfacet
  facet normal 0.976254 -0.0961352 0.194127
    outer loop
      vertex -1.91388 10.75 28.0194
      vertex -1.87711 11.1234 28.0194
      vertex -1.95212 11.1383 28.404
    endloop
  endfacet
  facet normal 0.976245 -0.0961663 0.194158
    outer loop
      vertex -1.91388 10.75 28.0194
      vertex -1.95212 11.1383 28.404
      vertex -1.99037 10.75 28.404
    endloop
  endfacet
  facet normal 0.796842 -0.241718 0.553729
    outer loop
      vertex -1.51631 11.0516 27.3312
      vertex -1.42834 11.3416 27.3312
      vertex -1.62958 11.425 27.6572
    endloop
  endfacet
  facet normal 0.81533 -0.435876 -0.381116
    outer loop
      vertex -1.46658 11.7299 29.5428
      vertex -1.62958 11.425 29.5428
      vertex -1.7682 11.4824 29.1806
    endloop
  endfacet
  facet normal 0.81534 -0.435809 -0.381171
    outer loop
      vertex -1.59133 11.8133 29.1806
      vertex -1.46658 11.7299 29.5428
      vertex -1.7682 11.4824 29.1806
    endloop
  endfacet
  facet normal 0.268185 -0.884726 0.38123
    outer loop
      vertex -0.344109 12.4799 27.6572
      vertex -0.373379 12.6271 28.0194
      vertex -0.674993 12.3796 27.6572
    endloop
  endfacet
  facet normal 0.43583 -0.815364 0.381096
    outer loop
      vertex -0.674993 12.3796 27.6572
      vertex -0.732409 12.5182 28.0194
      vertex -0.979938 12.2166 27.6572
    endloop
  endfacet
  facet normal -0.262683 -0.491576 0.830271
    outer loop
      vertex 0.523787 11.5339 26.8362
      vertex 0.485543 11.9222 27.054
      vertex 0.360791 11.621 26.8362
    endloop
  endfacet
  facet normal -0.161927 -0.533311 0.830276
    outer loop
      vertex 0.360791 11.621 26.8362
      vertex 0.485543 11.9222 27.054
      vertex 0.183929 11.6747 26.8362
    endloop
  endfacet
  facet normal -0.353623 -0.430862 0.830246
    outer loop
      vertex 0.897167 11.6472 27.054
      vertex 0.7049 11.805 27.054
      vertex 0.666656 11.4167 26.8362
    endloop
  endfacet
  facet normal -0.449677 -0.547896 0.705408
    outer loop
      vertex 0.897167 11.6472 27.054
      vertex 1.0932 11.8432 27.3312
      vertex 0.7049 11.805 27.054
    endloop
  endfacet
  facet normal -0.262683 -0.491576 -0.830271
    outer loop
      vertex 0.485543 11.9222 30.146
      vertex 0.523787 11.5339 30.3638
      vertex 0.360791 11.621 30.3638
    endloop
  endfacet
  facet normal -0.334012 -0.625152 -0.705422
    outer loop
      vertex 0.858923 12.0355 29.8688
      vertex 0.7049 11.805 30.146
      vertex 0.485543 11.9222 30.146
    endloop
  endfacet
  facet normal -0.069461 -0.705399 -0.705399
    outer loop
      vertex 0 12.296 29.8688
      vertex 0.301613 12.2663 29.8688
      vertex 0 12.0188 30.146
    endloop
  endfacet
  facet normal -0.205743 -0.678258 -0.705433
    outer loop
      vertex 0.301613 12.2663 29.8688
      vertex 0.485543 11.9222 30.146
      vertex 0.247527 11.9944 30.146
    endloop
  endfacet
  facet normal -0.462502 -0.865083 0.194227
    outer loop
      vertex 1.06329 12.3413 28.0194
      vertex 0.761681 12.5889 28.404
      vertex 0.732409 12.5182 28.0194
    endloop
  endfacet
  facet normal -0.284731 -0.938723 0.194234
    outer loop
      vertex 0.732409 12.5182 28.0194
      vertex 0.761681 12.5889 28.404
      vertex 0.373379 12.6271 28.0194
    endloop
  endfacet
  facet normal -0.392361 -0.734404 -0.553808
    outer loop
      vertex 0.674993 12.3796 29.5428
      vertex 0.858923 12.0355 29.8688
      vertex 0.591636 12.1783 29.8688
    endloop
  endfacet
  facet normal -0.268185 -0.884726 -0.38123
    outer loop
      vertex 0.373379 12.6271 29.1806
      vertex 0.674993 12.3796 29.5428
      vertex 0.344109 12.4799 29.5428
    endloop
  endfacet
  facet normal -0.241573 -0.796937 -0.553655
    outer loop
      vertex 0.344109 12.4799 29.5428
      vertex 0.674993 12.3796 29.5428
      vertex 0.301613 12.2663 29.8688
    endloop
  endfacet
  facet normal 0.449694 -0.547857 -0.705427
    outer loop
      vertex -0.858923 12.0355 29.8688
      vertex -0.7049 11.805 30.146
      vertex -1.0932 11.8432 29.8688
    endloop
  endfacet
  facet normal 0.241573 -0.796937 -0.553655
    outer loop
      vertex -0.344109 12.4799 29.5428
      vertex -0.301613 12.2663 29.8688
      vertex -0.674993 12.3796 29.5428
    endloop
  endfacet
  facet normal -0.339017 -0.181203 -0.923165
    outer loop
      vertex 0.783904 11.2738 30.3638
      vertex 0.871027 11.1108 30.3638
      vertex 0.536376 10.9722 30.5139
    endloop
  endfacet
  facet normal -0.367858 -0.111566 -0.923165
    outer loop
      vertex 0.871027 11.1108 30.3638
      vertex 0.924678 10.9339 30.3638
      vertex 0.536376 10.9722 30.5139
    endloop
  endfacet
  facet normal -0.243848 -0.297133 -0.923174
    outer loop
      vertex 0.523787 11.5339 30.3638
      vertex 0.410524 11.1605 30.5139
      vertex 0.322547 11.2327 30.5139
    endloop
  endfacet
  facet normal -0.172853 -0.0924602 -0.980598
    outer loop
      vertex 0.482725 11.0725 30.5139
      vertex 0.536376 10.9722 30.5139
      vertex 0.162996 10.8589 30.5904
    endloop
  endfacet
  facet normal -0.338921 -0.181291 -0.923183
    outer loop
      vertex 0.783904 11.2738 30.3638
      vertex 0.536376 10.9722 30.5139
      vertex 0.482725 11.0725 30.5139
    endloop
  endfacet
  facet normal 0.430901 -0.353579 -0.830245
    outer loop
      vertex -0.897167 11.6472 30.146
      vertex -0.666656 11.4167 30.3638
      vertex -1.05496 11.4549 30.146
    endloop
  endfacet
  facet normal 0.491595 -0.262756 -0.830237
    outer loop
      vertex -0.783904 11.2738 30.3638
      vertex -0.871027 11.1108 30.3638
      vertex -1.17221 11.2355 30.146
    endloop
  endfacet
  facet normal 0.262645 -0.491579 -0.830282
    outer loop
      vertex -0.485543 11.9222 30.146
      vertex -0.523787 11.5339 30.3638
      vertex -0.7049 11.805 30.146
    endloop
  endfacet
  facet normal 0.297142 -0.243802 -0.923183
    outer loop
      vertex -0.666656 11.4167 30.3638
      vertex -0.410524 11.1605 30.5139
      vertex -0.783904 11.2738 30.3638
    endloop
  endfacet
  facet normal 0.35348 -0.430899 -0.830288
    outer loop
      vertex -0.523787 11.5339 30.3638
      vertex -0.666656 11.4167 30.3638
      vertex -0.7049 11.805 30.146
    endloop
  endfacet
  facet normal 0.243771 -0.297161 -0.923185
    outer loop
      vertex -0.523787 11.5339 30.3638
      vertex -0.410524 11.1605 30.5139
      vertex -0.666656 11.4167 30.3638
    endloop
  endfacet
  facet normal 0.0546825 -0.554729 -0.830232
    outer loop
      vertex 0 12.0188 30.146
      vertex -0.183929 11.6747 30.3638
      vertex -0.247527 11.9944 30.146
    endloop
  endfacet
  facet normal 0.0695305 -0.705355 -0.705436
    outer loop
      vertex 0 12.0188 30.146
      vertex -0.247527 11.9944 30.146
      vertex -0.301613 12.2663 29.8688
    endloop
  endfacet
  facet normal -0.0378222 -0.382487 -0.923187
    outer loop
      vertex 0.183929 11.6747 30.3638
      vertex 0.113263 11.3194 30.5139
      vertex 0 11.3306 30.5139
    endloop
  endfacet
  facet normal -0.0192914 -0.19509 -0.980596
    outer loop
      vertex 0.113263 11.3194 30.5139
      vertex 0.0382442 10.9423 30.5904
      vertex 0 11.3306 30.5139
    endloop
  endfacet
  facet normal 0.0568483 -0.187618 -0.980596
    outer loop
      vertex -0.113263 11.3194 30.5139
      vertex -0.0382442 10.9423 30.5904
      vertex -0.222174 11.2864 30.5139
    endloop
  endfacet
  facet normal -0.0188706 -0.195051 -0.980611
    outer loop
      vertex 0 11.3306 30.5139
      vertex 0.0382442 10.9423 30.5904
      vertex 0 10.946 30.5904
    endloop
  endfacet
  facet normal 0.195079 -0.0192083 -0.980599
    outer loop
      vertex -0.569413 10.8633 30.5139
      vertex -0.192267 10.7882 30.5904
      vertex -0.580569 10.75 30.5139
    endloop
  endfacet
  facet normal 0.195081 -0.0192324 -0.980598
    outer loop
      vertex -0.192267 10.7882 30.5904
      vertex -0.196033 10.75 30.5904
      vertex -0.580569 10.75 30.5139
    endloop
  endfacet
  facet normal 0.976245 -0.0961663 -0.194158
    outer loop
      vertex -1.95212 11.1383 28.796
      vertex -1.91388 10.75 29.1806
      vertex -1.99037 10.75 28.796
    endloop
  endfacet
  facet normal 0.995183 -0.0980318 0
    outer loop
      vertex -1.99037 10.75 28.796
      vertex -1.95212 11.1383 28.404
      vertex -1.95212 11.1383 28.796
    endloop
  endfacet
  facet normal 0.995183 -0.0980318 0
    outer loop
      vertex -1.95212 11.1383 28.404
      vertex -1.99037 10.75 28.796
      vertex -1.99037 10.75 28.404
    endloop
  endfacet
  facet normal 0.528343 -0.643649 0.553688
    outer loop
      vertex -0.858923 12.0355 27.3312
      vertex -0.979938 12.2166 27.6572
      vertex -1.24722 11.9972 27.6572
    endloop
  endfacet
  facet normal 0.586611 -0.714634 0.381033
    outer loop
      vertex -0.979938 12.2166 27.6572
      vertex -1.06329 12.3413 28.0194
      vertex -1.24722 11.9972 27.6572
    endloop
  endfacet
  facet normal 0.172878 -0.0923803 0.980601
    outer loop
      vertex -0.181111 10.825 26.6096
      vertex -0.162996 10.8589 26.6096
      vertex -0.536376 10.9722 26.6861
    endloop
  endfacet
  facet normal 0.339017 -0.181203 0.923165
    outer loop
      vertex -0.536376 10.9722 26.6861
      vertex -0.783904 11.2738 26.8362
      vertex -0.871027 11.1108 26.8362
    endloop
  endfacet
  facet normal 0.62512 -0.334071 0.705423
    outer loop
      vertex -1.17221 11.2355 27.054
      vertex -1.05496 11.4549 27.054
      vertex -1.28547 11.6089 27.3312
    endloop
  endfacet
  facet normal 0.53338 -0.161807 0.830255
    outer loop
      vertex -0.924678 10.9339 26.8362
      vertex -1.17221 11.2355 27.054
      vertex -1.24441 10.9975 27.054
    endloop
  endfacet
  facet normal 0.67825 -0.205755 0.705438
    outer loop
      vertex -1.24441 10.9975 27.054
      vertex -1.17221 11.2355 27.054
      vertex -1.51631 11.0516 27.3312
    endloop
  endfacet
  facet normal -0.243848 -0.297133 0.923174
    outer loop
      vertex 0.410524 11.1605 26.6861
      vertex 0.523787 11.5339 26.8362
      vertex 0.322547 11.2327 26.6861
    endloop
  endfacet
  facet normal -0.0924749 -0.172849 0.980598
    outer loop
      vertex 0.322547 11.2327 26.6861
      vertex 0.222174 11.2864 26.6861
      vertex 0.108911 10.913 26.6096
    endloop
  endfacet
  facet normal -0.172853 -0.0924602 0.980598
    outer loop
      vertex 0.536376 10.9722 26.6861
      vertex 0.482725 11.0725 26.6861
      vertex 0.162996 10.8589 26.6096
    endloop
  endfacet
  facet normal -0.151553 -0.124344 0.980597
    outer loop
      vertex 0.482725 11.0725 26.6861
      vertex 0.410524 11.1605 26.6861
      vertex 0.162996 10.8589 26.6096
    endloop
  endfacet
  facet normal 0.0188706 -0.195051 0.980611
    outer loop
      vertex 0 10.946 26.6096
      vertex 0 11.3306 26.6861
      vertex -0.0382442 10.9423 26.6096
    endloop
  endfacet
  facet normal -0.195081 -0.0192324 0.980598
    outer loop
      vertex 0.196033 10.75 26.6096
      vertex 0.580569 10.75 26.6861
      vertex 0.192267 10.7882 26.6096
    endloop
  endfacet
  facet normal 0.0568483 -0.187618 0.980596
    outer loop
      vertex -0.0382442 10.9423 26.6096
      vertex -0.113263 11.3194 26.6861
      vertex -0.222174 11.2864 26.6861
    endloop
  endfacet
  facet normal 0.111456 -0.367841 0.923185
    outer loop
      vertex -0.113263 11.3194 26.6861
      vertex -0.183929 11.6747 26.8362
      vertex -0.222174 11.2864 26.6861
    endloop
  endfacet
  facet normal 0.0695305 -0.705355 0.705436
    outer loop
      vertex -0.247527 11.9944 27.054
      vertex 0 12.0188 27.054
      vertex -0.301613 12.2663 27.3312
    endloop
  endfacet
  facet normal 0.0546825 -0.554729 0.830232
    outer loop
      vertex -0.183929 11.6747 26.8362
      vertex 0 12.0188 27.054
      vertex -0.247527 11.9944 27.054
    endloop
  endfacet
  facet normal -0.586473 -0.714684 0.381151
    outer loop
      vertex 1.24722 11.9972 27.6572
      vertex 1.35332 12.1033 28.0194
      vertex 1.06329 12.3413 28.0194
    endloop
  endfacet
  facet normal -0.622286 -0.758326 0.194172
    outer loop
      vertex 1.35332 12.1033 28.0194
      vertex 1.4074 12.1574 28.404
      vertex 1.06329 12.3413 28.0194
    endloop
  endfacet
  facet normal -0.758283 -0.62234 -0.194166
    outer loop
      vertex 1.65493 11.8558 28.796
      vertex 1.59133 11.8133 29.1806
      vertex 1.4074 12.1574 28.796
    endloop
  endfacet
  facet normal -0.772994 -0.634414 0
    outer loop
      vertex 1.65493 11.8558 28.404
      vertex 1.4074 12.1574 28.796
      vertex 1.4074 12.1574 28.404
    endloop
  endfacet
  facet normal -0.772994 -0.634414 0
    outer loop
      vertex 1.4074 12.1574 28.796
      vertex 1.65493 11.8558 28.404
      vertex 1.65493 11.8558 28.796
    endloop
  endfacet
  facet normal -0.734365 -0.392593 -0.553695
    outer loop
      vertex 1.46658 11.7299 29.5428
      vertex 1.62958 11.425 29.5428
      vertex 1.28547 11.6089 29.8688
    endloop
  endfacet
  facet normal -0.643731 -0.528255 -0.553677
    outer loop
      vertex 1.24722 11.9972 29.5428
      vertex 1.28547 11.6089 29.8688
      vertex 1.0932 11.8432 29.8688
    endloop
  endfacet
  facet normal -0.881916 -0.471406 0
    outer loop
      vertex 1.83886 11.5117 28.404
      vertex 1.65493 11.8558 28.796
      vertex 1.65493 11.8558 28.404
    endloop
  endfacet
  facet normal -0.881916 -0.471406 0
    outer loop
      vertex 1.65493 11.8558 28.796
      vertex 1.83886 11.5117 28.404
      vertex 1.83886 11.5117 28.796
    endloop
  endfacet
  facet normal -0.956947 -0.290262 0
    outer loop
      vertex 1.95212 11.1383 28.404
      vertex 1.83886 11.5117 28.796
      vertex 1.83886 11.5117 28.404
    endloop
  endfacet
  facet normal -0.956947 -0.290262 0
    outer loop
      vertex 1.83886 11.5117 28.796
      vertex 1.95212 11.1383 28.404
      vertex 1.95212 11.1383 28.796
    endloop
  endfacet
  facet normal -0.586611 -0.714634 -0.381033
    outer loop
      vertex 1.06329 12.3413 29.1806
      vertex 1.24722 11.9972 29.5428
      vertex 0.979938 12.2166 29.5428
    endloop
  endfacet
  facet normal -0.586473 -0.714684 -0.381151
    outer loop
      vertex 1.35332 12.1033 29.1806
      vertex 1.24722 11.9972 29.5428
      vertex 1.06329 12.3413 29.1806
    endloop
  endfacet
  facet normal 0.956947 -0.290262 0
    outer loop
      vertex -1.95212 11.1383 28.796
      vertex -1.83886 11.5117 28.404
      vertex -1.83886 11.5117 28.796
    endloop
  endfacet
  facet normal 0.956947 -0.290262 0
    outer loop
      vertex -1.83886 11.5117 28.404
      vertex -1.95212 11.1383 28.796
      vertex -1.95212 11.1383 28.404
    endloop
  endfacet
  facet normal 0.938744 -0.284741 0.194118
    outer loop
      vertex -1.87711 11.1234 28.0194
      vertex -1.83886 11.5117 28.404
      vertex -1.95212 11.1383 28.404
    endloop
  endfacet
  facet normal 0.884707 -0.268394 0.381126
    outer loop
      vertex -1.62958 11.425 27.6572
      vertex -1.7682 11.4824 28.0194
      vertex -1.87711 11.1234 28.0194
    endloop
  endfacet
  facet normal 0.81533 -0.435876 0.381116
    outer loop
      vertex -1.62958 11.425 27.6572
      vertex -1.46658 11.7299 27.6572
      vertex -1.7682 11.4824 28.0194
    endloop
  endfacet
  facet normal 0.828702 -0.0816337 0.553705
    outer loop
      vertex -1.54602 10.75 27.3312
      vertex -1.51631 11.0516 27.3312
      vertex -1.76384 10.75 27.6572
    endloop
  endfacet
  facet normal 0.462502 -0.865083 0.194227
    outer loop
      vertex -0.732409 12.5182 28.0194
      vertex -0.761681 12.5889 28.404
      vertex -1.06329 12.3413 28.0194
    endloop
  endfacet
  facet normal 0.284731 -0.938723 0.194234
    outer loop
      vertex -0.732409 12.5182 28.0194
      vertex -0.373379 12.6271 28.0194
      vertex -0.761681 12.5889 28.404
    endloop
  endfacet
  facet normal -0.205743 -0.678258 0.705433
    outer loop
      vertex 0.485543 11.9222 27.054
      vertex 0.301613 12.2663 27.3312
      vertex 0.247527 11.9944 27.054
    endloop
  endfacet
  facet normal -0.161807 -0.533418 0.830231
    outer loop
      vertex 0.485543 11.9222 27.054
      vertex 0.247527 11.9944 27.054
      vertex 0.183929 11.6747 26.8362
    endloop
  endfacet
  facet normal -0.353623 -0.430862 -0.830246
    outer loop
      vertex 0.7049 11.805 30.146
      vertex 0.897167 11.6472 30.146
      vertex 0.666656 11.4167 30.3638
    endloop
  endfacet
  facet normal -0.449677 -0.547896 -0.705408
    outer loop
      vertex 1.0932 11.8432 29.8688
      vertex 0.897167 11.6472 30.146
      vertex 0.7049 11.805 30.146
    endloop
  endfacet
  facet normal -0.0546825 -0.554729 -0.830232
    outer loop
      vertex 0.247527 11.9944 30.146
      vertex 0.183929 11.6747 30.3638
      vertex 0 12.0188 30.146
    endloop
  endfacet
  facet normal -0.161807 -0.533418 -0.830231
    outer loop
      vertex 0.247527 11.9944 30.146
      vertex 0.485543 11.9222 30.146
      vertex 0.183929 11.6747 30.3638
    endloop
  endfacet
  facet normal -0.462562 -0.865064 -0.194168
    outer loop
      vertex 1.10579 12.4049 28.796
      vertex 1.06329 12.3413 29.1806
      vertex 0.761681 12.5889 28.796
    endloop
  endfacet
  facet normal -0.471536 -0.881847 0
    outer loop
      vertex 0.761681 12.5889 28.404
      vertex 1.10579 12.4049 28.796
      vertex 0.761681 12.5889 28.796
    endloop
  endfacet
  facet normal -0.471536 -0.881847 -0
    outer loop
      vertex 1.10579 12.4049 28.796
      vertex 0.761681 12.5889 28.404
      vertex 1.10579 12.4049 28.404
    endloop
  endfacet
  facet normal 0.268355 -0.884734 -0.381093
    outer loop
      vertex -0.373379 12.6271 29.1806
      vertex -0.674993 12.3796 29.5428
      vertex -0.732409 12.5182 29.1806
    endloop
  endfacet
  facet normal 0.43583 -0.815364 -0.381096
    outer loop
      vertex -0.732409 12.5182 29.1806
      vertex -0.674993 12.3796 29.5428
      vertex -0.979938 12.2166 29.5428
    endloop
  endfacet
  facet normal 0.334001 -0.625168 -0.705414
    outer loop
      vertex -0.591636 12.1783 29.8688
      vertex -0.485543 11.9222 30.146
      vertex -0.858923 12.0355 29.8688
    endloop
  endfacet
  facet normal 0.392549 -0.734393 -0.55369
    outer loop
      vertex -0.674993 12.3796 29.5428
      vertex -0.858923 12.0355 29.8688
      vertex -0.979938 12.2166 29.5428
    endloop
  endfacet
  facet normal -0.124364 -0.151539 -0.980597
    outer loop
      vertex 0.322547 11.2327 30.5139
      vertex 0.410524 11.1605 30.5139
      vertex 0.108911 10.913 30.5904
    endloop
  endfacet
  facet normal 0.62512 -0.334071 -0.705423
    outer loop
      vertex -1.05496 11.4549 30.146
      vertex -1.17221 11.2355 30.146
      vertex -1.28547 11.6089 29.8688
    endloop
  endfacet
  facet normal 0.491597 -0.262715 -0.830249
    outer loop
      vertex -1.05496 11.4549 30.146
      vertex -0.783904 11.2738 30.3638
      vertex -1.17221 11.2355 30.146
    endloop
  endfacet
  facet normal 0.151553 -0.124344 -0.980597
    outer loop
      vertex -0.410524 11.1605 30.5139
      vertex -0.162996 10.8589 30.5904
      vertex -0.482725 11.0725 30.5139
    endloop
  endfacet
  facet normal 0.297144 -0.243797 -0.923184
    outer loop
      vertex -0.410524 11.1605 30.5139
      vertex -0.482725 11.0725 30.5139
      vertex -0.783904 11.2738 30.3638
    endloop
  endfacet
  facet normal 0.0923331 -0.172893 -0.980603
    outer loop
      vertex -0.0750189 10.9311 30.5904
      vertex -0.108911 10.913 30.5904
      vertex -0.222174 11.2864 30.5139
    endloop
  endfacet
  facet normal 0.124364 -0.151539 -0.980597
    outer loop
      vertex -0.322547 11.2327 30.5139
      vertex -0.108911 10.913 30.5904
      vertex -0.410524 11.1605 30.5139
    endloop
  endfacet
  facet normal 0.161807 -0.533418 -0.830231
    outer loop
      vertex -0.247527 11.9944 30.146
      vertex -0.183929 11.6747 30.3638
      vertex -0.485543 11.9222 30.146
    endloop
  endfacet
  facet normal 0.11169 -0.367852 -0.923153
    outer loop
      vertex -0.183929 11.6747 30.3638
      vertex -0.222174 11.2864 30.5139
      vertex -0.360791 11.621 30.3638
    endloop
  endfacet
  facet normal 0.0188706 -0.195051 -0.980611
    outer loop
      vertex 0 11.3306 30.5139
      vertex 0 10.946 30.5904
      vertex -0.0382442 10.9423 30.5904
    endloop
  endfacet
  facet normal 0.0192914 -0.19509 -0.980596
    outer loop
      vertex 0 11.3306 30.5139
      vertex -0.0382442 10.9423 30.5904
      vertex -0.113263 11.3194 30.5139
    endloop
  endfacet
  facet normal 0.172878 -0.0923803 -0.980601
    outer loop
      vertex -0.162996 10.8589 30.5904
      vertex -0.181111 10.825 30.5904
      vertex -0.536376 10.9722 30.5139
    endloop
  endfacet
  facet normal 0.187592 -0.0568688 -0.980599
    outer loop
      vertex -0.181111 10.825 30.5904
      vertex -0.192267 10.7882 30.5904
      vertex -0.536376 10.9722 30.5139
    endloop
  endfacet
  facet normal 0 0 -1
    outer loop
      vertex 0.196033 10.75 30.5904
      vertex 0.181111 10.825 30.5904
      vertex 0.192267 10.7882 30.5904
    endloop
  endfacet
  facet normal 0 0 -1
    outer loop
      vertex 0.196033 10.75 30.5904
      vertex 0.162996 10.8589 30.5904
      vertex 0.181111 10.825 30.5904
    endloop
  endfacet
  facet normal 0 0 -1
    outer loop
      vertex 0.196033 10.75 30.5904
      vertex 0.138617 10.8886 30.5904
      vertex 0.162996 10.8589 30.5904
    endloop
  endfacet
  facet normal 0 0 -1
    outer loop
      vertex 0.196033 10.75 30.5904
      vertex 0.108911 10.913 30.5904
      vertex 0.138617 10.8886 30.5904
    endloop
  endfacet
  facet normal 0 0 -1
    outer loop
      vertex 0.196033 10.75 30.5904
      vertex 0.0750189 10.9311 30.5904
      vertex 0.108911 10.913 30.5904
    endloop
  endfacet
  facet normal 0 0 -1
    outer loop
      vertex 0.196033 10.75 30.5904
      vertex 0.0382442 10.9423 30.5904
      vertex 0.0750189 10.9311 30.5904
    endloop
  endfacet
  facet normal 0 0 -1
    outer loop
      vertex 0.196033 10.75 30.5904
      vertex 0 10.946 30.5904
      vertex 0.0382442 10.9423 30.5904
    endloop
  endfacet
  facet normal 0 0 -1
    outer loop
      vertex 0.196033 10.75 30.5904
      vertex -0.0382442 10.9423 30.5904
      vertex 0 10.946 30.5904
    endloop
  endfacet
  facet normal 0 0 -1
    outer loop
      vertex 0.196033 10.75 30.5904
      vertex -0.0750189 10.9311 30.5904
      vertex -0.0382442 10.9423 30.5904
    endloop
  endfacet
  facet normal 0 0 -1
    outer loop
      vertex 0.196033 10.75 30.5904
      vertex -0.108911 10.913 30.5904
      vertex -0.0750189 10.9311 30.5904
    endloop
  endfacet
  facet normal 0 0 -1
    outer loop
      vertex 0.196033 10.75 30.5904
      vertex -0.138617 10.8886 30.5904
      vertex -0.108911 10.913 30.5904
    endloop
  endfacet
  facet normal 0 0 -1
    outer loop
      vertex 0.196033 10.75 30.5904
      vertex -0.162996 10.8589 30.5904
      vertex -0.138617 10.8886 30.5904
    endloop
  endfacet
  facet normal 0 0 -1
    outer loop
      vertex 0.196033 10.75 30.5904
      vertex -0.181111 10.825 30.5904
      vertex -0.162996 10.8589 30.5904
    endloop
  endfacet
  facet normal 0 0 -1
    outer loop
      vertex 0.196033 10.75 30.5904
      vertex -0.192267 10.7882 30.5904
      vertex -0.181111 10.825 30.5904
    endloop
  endfacet
  facet normal 0 -0 -1
    outer loop
      vertex -0.192267 10.7882 30.5904
      vertex 0.196033 10.75 30.5904
      vertex -0.196033 10.75 30.5904
    endloop
  endfacet
  facet normal 0.430907 -0.353555 0.830252
    outer loop
      vertex -0.783904 11.2738 26.8362
      vertex -0.666656 11.4167 26.8362
      vertex -1.05496 11.4549 27.054
    endloop
  endfacet
  facet normal 0.430901 -0.353579 0.830245
    outer loop
      vertex -0.666656 11.4167 26.8362
      vertex -0.897167 11.6472 27.054
      vertex -1.05496 11.4549 27.054
    endloop
  endfacet
  facet normal 0.382546 -0.0376826 0.923168
    outer loop
      vertex -0.580569 10.75 26.6861
      vertex -0.924678 10.9339 26.8362
      vertex -0.942793 10.75 26.8362
    endloop
  endfacet
  facet normal -0.297144 -0.243797 0.923184
    outer loop
      vertex 0.482725 11.0725 26.6861
      vertex 0.783904 11.2738 26.8362
      vertex 0.410524 11.1605 26.6861
    endloop
  endfacet
  facet normal -0.338921 -0.181291 0.923183
    outer loop
      vertex 0.536376 10.9722 26.6861
      vertex 0.783904 11.2738 26.8362
      vertex 0.482725 11.0725 26.6861
    endloop
  endfacet
  facet normal 0.187592 -0.0568688 0.980599
    outer loop
      vertex -0.192267 10.7882 26.6096
      vertex -0.181111 10.825 26.6096
      vertex -0.536376 10.9722 26.6861
    endloop
  endfacet
  facet normal -0.0923331 -0.172893 0.980603
    outer loop
      vertex 0.108911 10.913 26.6096
      vertex 0.222174 11.2864 26.6861
      vertex 0.0750189 10.9311 26.6096
    endloop
  endfacet
  facet normal -0.187592 -0.0568688 0.980599
    outer loop
      vertex 0.192267 10.7882 26.6096
      vertex 0.536376 10.9722 26.6861
      vertex 0.181111 10.825 26.6096
    endloop
  endfacet
  facet normal -0.796842 -0.241718 -0.553729
    outer loop
      vertex 1.62958 11.425 29.5428
      vertex 1.51631 11.0516 29.8688
      vertex 1.42834 11.3416 29.8688
    endloop
  endfacet
  facet normal -0.73437 -0.392516 -0.553744
    outer loop
      vertex 1.62958 11.425 29.5428
      vertex 1.42834 11.3416 29.8688
      vertex 1.28547 11.6089 29.8688
    endloop
  endfacet
  facet normal -0.714656 -0.586483 -0.381187
    outer loop
      vertex 1.59133 11.8133 29.1806
      vertex 1.46658 11.7299 29.5428
      vertex 1.24722 11.9972 29.5428
    endloop
  endfacet
  facet normal -0.643713 -0.528263 -0.553689
    outer loop
      vertex 1.46658 11.7299 29.5428
      vertex 1.28547 11.6089 29.8688
      vertex 1.24722 11.9972 29.5428
    endloop
  endfacet
  facet normal 0.625079 -0.3341 0.705446
    outer loop
      vertex -1.17221 11.2355 27.054
      vertex -1.28547 11.6089 27.3312
      vertex -1.42834 11.3416 27.3312
    endloop
  endfacet
  facet normal 0.678248 -0.205743 0.705443
    outer loop
      vertex -1.17221 11.2355 27.054
      vertex -1.42834 11.3416 27.3312
      vertex -1.51631 11.0516 27.3312
    endloop
  endfacet
  facet normal 0.70536 -0.0694835 0.705436
    outer loop
      vertex -1.26879 10.75 27.054
      vertex -1.51631 11.0516 27.3312
      vertex -1.54602 10.75 27.3312
    endloop
  endfacet
  facet normal 0.920068 -0.0906164 0.381135
    outer loop
      vertex -1.76384 10.75 27.6572
      vertex -1.72995 11.0941 27.6572
      vertex -1.91388 10.75 28.0194
    endloop
  endfacet
  facet normal 0.828696 -0.0816173 0.553716
    outer loop
      vertex -1.51631 11.0516 27.3312
      vertex -1.72995 11.0941 27.6572
      vertex -1.76384 10.75 27.6572
    endloop
  endfacet
  facet normal -0.0962901 -0.976229 -0.19418
    outer loop
      vertex 0 12.7404 28.796
      vertex 0.388301 12.7021 28.796
      vertex 0 12.6639 29.1806
    endloop
  endfacet
  facet normal -0.0962186 -0.97625 -0.194109
    outer loop
      vertex 0.388301 12.7021 28.796
      vertex 0.373379 12.6271 29.1806
      vertex 0 12.6639 29.1806
    endloop
  endfacet
  facet normal 0.205803 -0.678268 -0.705406
    outer loop
      vertex -0.301613 12.2663 29.8688
      vertex -0.485543 11.9222 30.146
      vertex -0.591636 12.1783 29.8688
    endloop
  endfacet
  facet normal 0.24176 -0.796772 -0.553811
    outer loop
      vertex -0.301613 12.2663 29.8688
      vertex -0.591636 12.1783 29.8688
      vertex -0.674993 12.3796 29.5428
    endloop
  endfacet
  facet normal -0.0571002 -0.187486 -0.980606
    outer loop
      vertex 0.222174 11.2864 30.5139
      vertex 0.0750189 10.9311 30.5904
      vertex 0.0382442 10.9423 30.5904
    endloop
  endfacet
  facet normal -0.151518 -0.124373 -0.980599
    outer loop
      vertex 0.410524 11.1605 30.5139
      vertex 0.162996 10.8589 30.5904
      vertex 0.138617 10.8886 30.5904
    endloop
  endfacet
  facet normal -0.124418 -0.151474 -0.9806
    outer loop
      vertex 0.410524 11.1605 30.5139
      vertex 0.138617 10.8886 30.5904
      vertex 0.108911 10.913 30.5904
    endloop
  endfacet
  facet normal 0.124418 -0.151474 -0.9806
    outer loop
      vertex -0.108911 10.913 30.5904
      vertex -0.138617 10.8886 30.5904
      vertex -0.410524 11.1605 30.5139
    endloop
  endfacet
  facet normal 0.18132 -0.338913 -0.92318
    outer loop
      vertex -0.222174 11.2864 30.5139
      vertex -0.322547 11.2327 30.5139
      vertex -0.523787 11.5339 30.3638
    endloop
  endfacet
  facet normal 0.243848 -0.297133 -0.923174
    outer loop
      vertex -0.322547 11.2327 30.5139
      vertex -0.410524 11.1605 30.5139
      vertex -0.523787 11.5339 30.3638
    endloop
  endfacet
  facet normal 0.161927 -0.533311 -0.830276
    outer loop
      vertex -0.183929 11.6747 30.3638
      vertex -0.360791 11.621 30.3638
      vertex -0.485543 11.9222 30.146
    endloop
  endfacet
  facet normal 0.262683 -0.491576 -0.830271
    outer loop
      vertex -0.485543 11.9222 30.146
      vertex -0.360791 11.621 30.3638
      vertex -0.523787 11.5339 30.3638
    endloop
  endfacet
  facet normal 0.35348 -0.430899 0.830288
    outer loop
      vertex -0.666656 11.4167 26.8362
      vertex -0.523787 11.5339 26.8362
      vertex -0.7049 11.805 27.054
    endloop
  endfacet
  facet normal 0.243771 -0.297161 0.923185
    outer loop
      vertex -0.410524 11.1605 26.6861
      vertex -0.523787 11.5339 26.8362
      vertex -0.666656 11.4167 26.8362
    endloop
  endfacet
  facet normal 0.187573 -0.0569041 0.980601
    outer loop
      vertex -0.192267 10.7882 26.6096
      vertex -0.536376 10.9722 26.6861
      vertex -0.569413 10.8633 26.6861
    endloop
  endfacet
  facet normal 0.382553 -0.0376678 0.923165
    outer loop
      vertex -0.580569 10.75 26.6861
      vertex -0.569413 10.8633 26.6861
      vertex -0.924678 10.9339 26.8362
    endloop
  endfacet
  facet normal -0.491597 -0.262715 0.830249
    outer loop
      vertex 1.17221 11.2355 27.054
      vertex 1.05496 11.4549 27.054
      vertex 0.783904 11.2738 26.8362
    endloop
  endfacet
  facet normal -0.491595 -0.262756 0.830237
    outer loop
      vertex 0.871027 11.1108 26.8362
      vertex 1.17221 11.2355 27.054
      vertex 0.783904 11.2738 26.8362
    endloop
  endfacet
  facet normal 0.124418 -0.151474 0.9806
    outer loop
      vertex -0.138617 10.8886 26.6096
      vertex -0.108911 10.913 26.6096
      vertex -0.410524 11.1605 26.6861
    endloop
  endfacet
  facet normal 0.195079 -0.0192083 0.980599
    outer loop
      vertex -0.192267 10.7882 26.6096
      vertex -0.569413 10.8633 26.6861
      vertex -0.580569 10.75 26.6861
    endloop
  endfacet
  facet normal 0.338921 -0.181291 0.923183
    outer loop
      vertex -0.536376 10.9722 26.6861
      vertex -0.482725 11.0725 26.6861
      vertex -0.783904 11.2738 26.8362
    endloop
  endfacet
  facet normal 0.297144 -0.243797 0.923184
    outer loop
      vertex -0.482725 11.0725 26.6861
      vertex -0.410524 11.1605 26.6861
      vertex -0.783904 11.2738 26.8362
    endloop
  endfacet
  facet normal -0.0188706 -0.195051 0.980611
    outer loop
      vertex 0.0382442 10.9423 26.6096
      vertex 0 11.3306 26.6861
      vertex 0 10.946 26.6096
    endloop
  endfacet
  facet normal -0.0192914 -0.19509 0.980596
    outer loop
      vertex 0.0382442 10.9423 26.6096
      vertex 0.113263 11.3194 26.6861
      vertex 0 11.3306 26.6861
    endloop
  endfacet
  facet normal -0.0378222 -0.382487 0.923187
    outer loop
      vertex 0.113263 11.3194 26.6861
      vertex 0.183929 11.6747 26.8362
      vertex 0 11.3306 26.6861
    endloop
  endfacet
  facet normal -0.124364 -0.151539 0.980597
    outer loop
      vertex 0.410524 11.1605 26.6861
      vertex 0.322547 11.2327 26.6861
      vertex 0.108911 10.913 26.6096
    endloop
  endfacet
  facet normal 0.0923331 -0.172893 0.980603
    outer loop
      vertex -0.108911 10.913 26.6096
      vertex -0.0750189 10.9311 26.6096
      vertex -0.222174 11.2864 26.6861
    endloop
  endfacet
  facet normal 0.0571002 -0.187486 0.980606
    outer loop
      vertex -0.0750189 10.9311 26.6096
      vertex -0.0382442 10.9423 26.6096
      vertex -0.222174 11.2864 26.6861
    endloop
  endfacet
  facet normal 0.172853 -0.0924602 0.980598
    outer loop
      vertex -0.162996 10.8589 26.6096
      vertex -0.482725 11.0725 26.6861
      vertex -0.536376 10.9722 26.6861
    endloop
  endfacet
  facet normal 0.151553 -0.124344 0.980597
    outer loop
      vertex -0.162996 10.8589 26.6096
      vertex -0.410524 11.1605 26.6861
      vertex -0.482725 11.0725 26.6861
    endloop
  endfacet
  facet normal 0.195081 -0.0192324 0.980598
    outer loop
      vertex -0.196033 10.75 26.6096
      vertex -0.192267 10.7882 26.6096
      vertex -0.580569 10.75 26.6861
    endloop
  endfacet
  facet normal -0.0571002 -0.187486 0.980606
    outer loop
      vertex 0.0750189 10.9311 26.6096
      vertex 0.222174 11.2864 26.6861
      vertex 0.0382442 10.9423 26.6096
    endloop
  endfacet
  facet normal -0.124418 -0.151474 0.9806
    outer loop
      vertex 0.138617 10.8886 26.6096
      vertex 0.410524 11.1605 26.6861
      vertex 0.108911 10.913 26.6096
    endloop
  endfacet
  facet normal -0.151518 -0.124373 0.980599
    outer loop
      vertex 0.162996 10.8589 26.6096
      vertex 0.410524 11.1605 26.6861
      vertex 0.138617 10.8886 26.6096
    endloop
  endfacet
  facet normal 0.151518 -0.124373 0.980599
    outer loop
      vertex -0.162996 10.8589 26.6096
      vertex -0.138617 10.8886 26.6096
      vertex -0.410524 11.1605 26.6861
    endloop
  endfacet
  facet normal 0 0 1
    outer loop
      vertex 0.181111 10.825 26.6096
      vertex 0.196033 10.75 26.6096
      vertex 0.192267 10.7882 26.6096
    endloop
  endfacet
  facet normal 0 0 1
    outer loop
      vertex 0.162996 10.8589 26.6096
      vertex 0.196033 10.75 26.6096
      vertex 0.181111 10.825 26.6096
    endloop
  endfacet
  facet normal 0 0 1
    outer loop
      vertex 0.138617 10.8886 26.6096
      vertex 0.196033 10.75 26.6096
      vertex 0.162996 10.8589 26.6096
    endloop
  endfacet
  facet normal 0 0 1
    outer loop
      vertex 0.108911 10.913 26.6096
      vertex 0.196033 10.75 26.6096
      vertex 0.138617 10.8886 26.6096
    endloop
  endfacet
  facet normal 0 0 1
    outer loop
      vertex 0.0750189 10.9311 26.6096
      vertex 0.196033 10.75 26.6096
      vertex 0.108911 10.913 26.6096
    endloop
  endfacet
  facet normal 0 0 1
    outer loop
      vertex 0.0382442 10.9423 26.6096
      vertex 0.196033 10.75 26.6096
      vertex 0.0750189 10.9311 26.6096
    endloop
  endfacet
  facet normal 0 0 1
    outer loop
      vertex 0 10.946 26.6096
      vertex 0.196033 10.75 26.6096
      vertex 0.0382442 10.9423 26.6096
    endloop
  endfacet
  facet normal -0 0 1
    outer loop
      vertex -0.0382442 10.9423 26.6096
      vertex 0.196033 10.75 26.6096
      vertex 0 10.946 26.6096
    endloop
  endfacet
  facet normal -0 0 1
    outer loop
      vertex -0.0750189 10.9311 26.6096
      vertex 0.196033 10.75 26.6096
      vertex -0.0382442 10.9423 26.6096
    endloop
  endfacet
  facet normal -0 0 1
    outer loop
      vertex -0.108911 10.913 26.6096
      vertex 0.196033 10.75 26.6096
      vertex -0.0750189 10.9311 26.6096
    endloop
  endfacet
  facet normal -0 0 1
    outer loop
      vertex -0.138617 10.8886 26.6096
      vertex 0.196033 10.75 26.6096
      vertex -0.108911 10.913 26.6096
    endloop
  endfacet
  facet normal -0 0 1
    outer loop
      vertex -0.162996 10.8589 26.6096
      vertex 0.196033 10.75 26.6096
      vertex -0.138617 10.8886 26.6096
    endloop
  endfacet
  facet normal -0 0 1
    outer loop
      vertex -0.181111 10.825 26.6096
      vertex 0.196033 10.75 26.6096
      vertex -0.162996 10.8589 26.6096
    endloop
  endfacet
  facet normal -0 0 1
    outer loop
      vertex -0.192267 10.7882 26.6096
      vertex 0.196033 10.75 26.6096
      vertex -0.181111 10.825 26.6096
    endloop
  endfacet
  facet normal 0 0 1
    outer loop
      vertex 0.196033 10.75 26.6096
      vertex -0.192267 10.7882 26.6096
      vertex -0.196033 10.75 26.6096
    endloop
  endfacet
  facet normal -0.471549 0.88184 0
    outer loop
      vertex 8.36115 -10.4129 25.98
      vertex 8.01537 -10.5978 31.6
      vertex 8.36115 -10.4129 31.6
    endloop
  endfacet
  facet normal -0.471549 0.88184 0
    outer loop
      vertex 8.01537 -10.5978 31.6
      vertex 8.36115 -10.4129 25.98
      vertex 8.01537 -10.5978 25.98
    endloop
  endfacet
  facet normal -0.290255 0.956949 0
    outer loop
      vertex 8.01537 -10.5978 25.98
      vertex 7.64018 -10.7116 31.6
      vertex 8.01537 -10.5978 31.6
    endloop
  endfacet
  facet normal -0.290255 0.956949 0
    outer loop
      vertex 7.64018 -10.7116 31.6
      vertex 8.01537 -10.5978 25.98
      vertex 7.64018 -10.7116 25.98
    endloop
  endfacet
  facet normal 1 -0 0
    outer loop
      vertex -9.25 -8.75 31.6
      vertex -9.25 8.75 25.98
      vertex -9.25 8.75 31.6
    endloop
  endfacet
  facet normal 1 0 0
    outer loop
      vertex -9.25 8.75 25.98
      vertex -9.25 -8.75 31.6
      vertex -9.25 -8.75 25.98
    endloop
  endfacet
  facet normal -0.0979429 0.995192 0
    outer loop
      vertex 7.64018 -10.7116 25.98
      vertex 7.25 -10.75 31.6
      vertex 7.64018 -10.7116 31.6
    endloop
  endfacet
  facet normal -0.0979429 0.995192 0
    outer loop
      vertex 7.25 -10.75 31.6
      vertex 7.64018 -10.7116 25.98
      vertex 7.25 -10.75 25.98
    endloop
  endfacet
  facet normal -0.773006 -0.634398 0
    outer loop
      vertex 8.91293 9.86115 26.01
      vertex 8.66422 10.1642 31.6
      vertex 8.66422 10.1642 26.01
    endloop
  endfacet
  facet normal -0.773006 -0.634398 0
    outer loop
      vertex 8.66422 10.1642 31.6
      vertex 8.91293 9.86115 26.01
      vertex 8.91293 9.86115 31.6
    endloop
  endfacet
  facet normal 0.0979429 0.995192 -0
    outer loop
      vertex -7.25 -10.75 25.98
      vertex -7.64018 -10.7116 31.6
      vertex -7.25 -10.75 31.6
    endloop
  endfacet
  facet normal 0.0979429 0.995192 0
    outer loop
      vertex -7.64018 -10.7116 31.6
      vertex -7.25 -10.75 25.98
      vertex -7.64018 -10.7116 25.98
    endloop
  endfacet
  facet normal 0 1 0
    outer loop
      vertex 7.25 -10.75 31.6
      vertex 0.196033 -10.75 30.5904
      vertex -7.25 -10.75 31.6
    endloop
  endfacet
  facet normal 0 1 0
    outer loop
      vertex 7.25 -10.75 31.6
      vertex 0.580569 -10.75 30.5139
      vertex 0.196033 -10.75 30.5904
    endloop
  endfacet
  facet normal 0 1 0
    outer loop
      vertex 7.25 -10.75 31.6
      vertex 0.942793 -10.75 30.3638
      vertex 0.580569 -10.75 30.5139
    endloop
  endfacet
  facet normal 0 1 0
    outer loop
      vertex 7.25 -10.75 31.6
      vertex 1.26879 -10.75 30.146
      vertex 0.942793 -10.75 30.3638
    endloop
  endfacet
  facet normal 0 1 0
    outer loop
      vertex 7.25 -10.75 31.6
      vertex 1.54602 -10.75 29.8688
      vertex 1.26879 -10.75 30.146
    endloop
  endfacet
  facet normal 0 1 0
    outer loop
      vertex 7.25 -10.75 31.6
      vertex 1.76384 -10.75 29.5428
      vertex 1.54602 -10.75 29.8688
    endloop
  endfacet
  facet normal 0 1 0
    outer loop
      vertex 7.25 -10.75 31.6
      vertex 1.91388 -10.75 29.1806
      vertex 1.76384 -10.75 29.5428
    endloop
  endfacet
  facet normal 0 1 0
    outer loop
      vertex 7.25 -10.75 31.6
      vertex 1.99037 -10.75 28.796
      vertex 1.91388 -10.75 29.1806
    endloop
  endfacet
  facet normal 0 1 -0
    outer loop
      vertex 7.25 -10.75 25.98
      vertex 1.99037 -10.75 28.796
      vertex 7.25 -10.75 31.6
    endloop
  endfacet
  facet normal 0 1 0
    outer loop
      vertex 1.99037 -10.75 28.796
      vertex 7.25 -10.75 25.98
      vertex 1.99037 -10.75 28.404
    endloop
  endfacet
  facet normal 0 1 0
    outer loop
      vertex 1.99037 -10.75 28.404
      vertex 7.25 -10.75 25.98
      vertex 1.91388 -10.75 28.0194
    endloop
  endfacet
  facet normal 0 1 0
    outer loop
      vertex 1.91388 -10.75 28.0194
      vertex 7.25 -10.75 25.98
      vertex 1.76384 -10.75 27.6572
    endloop
  endfacet
  facet normal 0 1 0
    outer loop
      vertex 1.76384 -10.75 27.6572
      vertex 7.25 -10.75 25.98
      vertex 1.54602 -10.75 27.3312
    endloop
  endfacet
  facet normal 0 1 0
    outer loop
      vertex 0.196033 -10.75 26.6096
      vertex 7.25 -10.75 25.98
      vertex -0.196033 -10.75 26.6096
    endloop
  endfacet
  facet normal 0 1 0
    outer loop
      vertex 0.580569 -10.75 26.6861
      vertex 7.25 -10.75 25.98
      vertex 0.196033 -10.75 26.6096
    endloop
  endfacet
  facet normal 0 1 0
    outer loop
      vertex 0.942793 -10.75 26.8362
      vertex 7.25 -10.75 25.98
      vertex 0.580569 -10.75 26.6861
    endloop
  endfacet
  facet normal 0 1 0
    outer loop
      vertex 1.26879 -10.75 27.054
      vertex 7.25 -10.75 25.98
      vertex 0.942793 -10.75 26.8362
    endloop
  endfacet
  facet normal 0 1 0
    outer loop
      vertex 1.54602 -10.75 27.3312
      vertex 7.25 -10.75 25.98
      vertex 1.26879 -10.75 27.054
    endloop
  endfacet
  facet normal 0 1 -0
    outer loop
      vertex -0.196033 -10.75 30.5904
      vertex -7.25 -10.75 31.6
      vertex 0.196033 -10.75 30.5904
    endloop
  endfacet
  facet normal 0 1 -0
    outer loop
      vertex -0.580569 -10.75 30.5139
      vertex -7.25 -10.75 31.6
      vertex -0.196033 -10.75 30.5904
    endloop
  endfacet
  facet normal 0 1 -0
    outer loop
      vertex -0.942793 -10.75 30.3638
      vertex -7.25 -10.75 31.6
      vertex -0.580569 -10.75 30.5139
    endloop
  endfacet
  facet normal 0 1 -0
    outer loop
      vertex -1.26879 -10.75 30.146
      vertex -7.25 -10.75 31.6
      vertex -0.942793 -10.75 30.3638
    endloop
  endfacet
  facet normal 0 1 -0
    outer loop
      vertex -1.54602 -10.75 29.8688
      vertex -7.25 -10.75 31.6
      vertex -1.26879 -10.75 30.146
    endloop
  endfacet
  facet normal 0 1 -0
    outer loop
      vertex -1.76384 -10.75 29.5428
      vertex -7.25 -10.75 31.6
      vertex -1.54602 -10.75 29.8688
    endloop
  endfacet
  facet normal 0 1 -0
    outer loop
      vertex -1.91388 -10.75 29.1806
      vertex -7.25 -10.75 31.6
      vertex -1.76384 -10.75 29.5428
    endloop
  endfacet
  facet normal 0 1 -0
    outer loop
      vertex -1.99037 -10.75 28.796
      vertex -7.25 -10.75 31.6
      vertex -1.91388 -10.75 29.1806
    endloop
  endfacet
  facet normal 0 1 0
    outer loop
      vertex -7.25 -10.75 25.98
      vertex -1.99037 -10.75 28.796
      vertex -1.99037 -10.75 28.404
    endloop
  endfacet
  facet normal 0 1 0
    outer loop
      vertex -7.25 -10.75 25.98
      vertex -1.99037 -10.75 28.404
      vertex -1.91388 -10.75 28.0194
    endloop
  endfacet
  facet normal 0 1 0
    outer loop
      vertex -7.25 -10.75 25.98
      vertex -1.91388 -10.75 28.0194
      vertex -1.76384 -10.75 27.6572
    endloop
  endfacet
  facet normal 0 1 0
    outer loop
      vertex -7.25 -10.75 25.98
      vertex -1.76384 -10.75 27.6572
      vertex -1.54602 -10.75 27.3312
    endloop
  endfacet
  facet normal 0 1 0
    outer loop
      vertex -7.25 -10.75 25.98
      vertex -1.54602 -10.75 27.3312
      vertex -1.26879 -10.75 27.054
    endloop
  endfacet
  facet normal 0 1 0
    outer loop
      vertex -1.99037 -10.75 28.796
      vertex -7.25 -10.75 25.98
      vertex -7.25 -10.75 31.6
    endloop
  endfacet
  facet normal 0 1 0
    outer loop
      vertex -0.942793 -10.75 26.8362
      vertex -7.25 -10.75 25.98
      vertex -1.26879 -10.75 27.054
    endloop
  endfacet
  facet normal 0 1 0
    outer loop
      vertex -0.580569 -10.75 26.6861
      vertex -7.25 -10.75 25.98
      vertex -0.942793 -10.75 26.8362
    endloop
  endfacet
  facet normal 0 1 0
    outer loop
      vertex -0.196033 -10.75 26.6096
      vertex -7.25 -10.75 25.98
      vertex -0.580569 -10.75 26.6861
    endloop
  endfacet
  facet normal 0 1 0
    outer loop
      vertex -7.25 -10.75 25.98
      vertex -0.196033 -10.75 26.6096
      vertex 7.25 -10.75 25.98
    endloop
  endfacet
  facet normal 0 -1 0
    outer loop
      vertex -7.25 10.75 31.6
      vertex -0.196033 10.75 30.5904
      vertex 7.25 10.75 31.6
    endloop
  endfacet
  facet normal 0 -1 0
    outer loop
      vertex -7.25 10.75 31.6
      vertex -0.580569 10.75 30.5139
      vertex -0.196033 10.75 30.5904
    endloop
  endfacet
  facet normal 0 -1 0
    outer loop
      vertex -7.25 10.75 31.6
      vertex -0.942793 10.75 30.3638
      vertex -0.580569 10.75 30.5139
    endloop
  endfacet
  facet normal 0 -1 0
    outer loop
      vertex -7.25 10.75 31.6
      vertex -1.26879 10.75 30.146
      vertex -0.942793 10.75 30.3638
    endloop
  endfacet
  facet normal 0 -1 0
    outer loop
      vertex -7.25 10.75 31.6
      vertex -1.54602 10.75 29.8688
      vertex -1.26879 10.75 30.146
    endloop
  endfacet
  facet normal 0 -1 0
    outer loop
      vertex -7.25 10.75 31.6
      vertex -1.76384 10.75 29.5428
      vertex -1.54602 10.75 29.8688
    endloop
  endfacet
  facet normal 0 -1 0
    outer loop
      vertex -7.25 10.75 31.6
      vertex -1.91388 10.75 29.1806
      vertex -1.76384 10.75 29.5428
    endloop
  endfacet
  facet normal 0 -1 0
    outer loop
      vertex -7.25 10.75 31.6
      vertex -1.99037 10.75 28.796
      vertex -1.91388 10.75 29.1806
    endloop
  endfacet
  facet normal 0 -1 0
    outer loop
      vertex -7.25 10.75 26.01
      vertex -1.99037 10.75 28.796
      vertex -7.25 10.75 31.6
    endloop
  endfacet
  facet normal 0 -1 -0
    outer loop
      vertex -1.99037 10.75 28.796
      vertex -7.25 10.75 26.01
      vertex -1.99037 10.75 28.404
    endloop
  endfacet
  facet normal 0 -1 -0
    outer loop
      vertex -1.99037 10.75 28.404
      vertex -7.25 10.75 26.01
      vertex -1.91388 10.75 28.0194
    endloop
  endfacet
  facet normal 0 -1 -0
    outer loop
      vertex -1.91388 10.75 28.0194
      vertex -7.25 10.75 26.01
      vertex -1.76384 10.75 27.6572
    endloop
  endfacet
  facet normal 0 -1 -0
    outer loop
      vertex -1.76384 10.75 27.6572
      vertex -7.25 10.75 26.01
      vertex -1.54602 10.75 27.3312
    endloop
  endfacet
  facet normal 0 -1 -0
    outer loop
      vertex -0.196033 10.75 26.6096
      vertex -7.25 10.75 26.01
      vertex 0.196033 10.75 26.6096
    endloop
  endfacet
  facet normal 0 -1 -0
    outer loop
      vertex -0.580569 10.75 26.6861
      vertex -7.25 10.75 26.01
      vertex -0.196033 10.75 26.6096
    endloop
  endfacet
  facet normal 0 -1 -0
    outer loop
      vertex -0.942793 10.75 26.8362
      vertex -7.25 10.75 26.01
      vertex -0.580569 10.75 26.6861
    endloop
  endfacet
  facet normal 0 -1 -0
    outer loop
      vertex -1.26879 10.75 27.054
      vertex -7.25 10.75 26.01
      vertex -0.942793 10.75 26.8362
    endloop
  endfacet
  facet normal 0 -1 -0
    outer loop
      vertex -1.54602 10.75 27.3312
      vertex -7.25 10.75 26.01
      vertex -1.26879 10.75 27.054
    endloop
  endfacet
  facet normal 0 -1 0
    outer loop
      vertex 0.196033 10.75 30.5904
      vertex 7.25 10.75 31.6
      vertex -0.196033 10.75 30.5904
    endloop
  endfacet
  facet normal 0 -1 0
    outer loop
      vertex 0.580569 10.75 30.5139
      vertex 7.25 10.75 31.6
      vertex 0.196033 10.75 30.5904
    endloop
  endfacet
  facet normal 0 -1 0
    outer loop
      vertex 0.942793 10.75 30.3638
      vertex 7.25 10.75 31.6
      vertex 0.580569 10.75 30.5139
    endloop
  endfacet
  facet normal 0 -1 0
    outer loop
      vertex 1.26879 10.75 30.146
      vertex 7.25 10.75 31.6
      vertex 0.942793 10.75 30.3638
    endloop
  endfacet
  facet normal 0 -1 0
    outer loop
      vertex 1.54602 10.75 29.8688
      vertex 7.25 10.75 31.6
      vertex 1.26879 10.75 30.146
    endloop
  endfacet
  facet normal 0 -1 0
    outer loop
      vertex 1.76384 10.75 29.5428
      vertex 7.25 10.75 31.6
      vertex 1.54602 10.75 29.8688
    endloop
  endfacet
  facet normal 0 -1 0
    outer loop
      vertex 1.91388 10.75 29.1806
      vertex 7.25 10.75 31.6
      vertex 1.76384 10.75 29.5428
    endloop
  endfacet
  facet normal 0 -1 0
    outer loop
      vertex 1.99037 10.75 28.796
      vertex 7.25 10.75 31.6
      vertex 1.91388 10.75 29.1806
    endloop
  endfacet
  facet normal 0 -1 0
    outer loop
      vertex 7.25 10.75 26.01
      vertex 1.99037 10.75 28.796
      vertex 1.99037 10.75 28.404
    endloop
  endfacet
  facet normal 0 -1 0
    outer loop
      vertex 7.25 10.75 26.01
      vertex 1.99037 10.75 28.404
      vertex 1.91388 10.75 28.0194
    endloop
  endfacet
  facet normal 0 -1 0
    outer loop
      vertex 7.25 10.75 26.01
      vertex 1.91388 10.75 28.0194
      vertex 1.76384 10.75 27.6572
    endloop
  endfacet
  facet normal 0 -1 0
    outer loop
      vertex 7.25 10.75 26.01
      vertex 1.76384 10.75 27.6572
      vertex 1.54602 10.75 27.3312
    endloop
  endfacet
  facet normal 0 -1 0
    outer loop
      vertex 7.25 10.75 26.01
      vertex 1.54602 10.75 27.3312
      vertex 1.26879 10.75 27.054
    endloop
  endfacet
  facet normal 0 -1 0
    outer loop
      vertex 1.99037 10.75 28.796
      vertex 7.25 10.75 26.01
      vertex 7.25 10.75 31.6
    endloop
  endfacet
  facet normal 0 -1 0
    outer loop
      vertex 0.942793 10.75 26.8362
      vertex 7.25 10.75 26.01
      vertex 1.26879 10.75 27.054
    endloop
  endfacet
  facet normal 0 -1 0
    outer loop
      vertex 0.580569 10.75 26.6861
      vertex 7.25 10.75 26.01
      vertex 0.942793 10.75 26.8362
    endloop
  endfacet
  facet normal 0 -1 0
    outer loop
      vertex 0.196033 10.75 26.6096
      vertex 7.25 10.75 26.01
      vertex 0.580569 10.75 26.6861
    endloop
  endfacet
  facet normal 0 -1 0
    outer loop
      vertex 7.25 10.75 26.01
      vertex 0.196033 10.75 26.6096
      vertex -7.25 10.75 26.01
    endloop
  endfacet
  facet normal -1 0 0
    outer loop
      vertex 9.25 -8.75 25.98
      vertex 9.25 8.75 31.6
      vertex 9.25 8.75 25.98
    endloop
  endfacet
  facet normal -1 -0 0
    outer loop
      vertex 9.25 8.75 31.6
      vertex 9.25 -8.75 25.98
      vertex 9.25 -8.75 31.6
    endloop
  endfacet
  facet normal -0.881914 0.47141 0
    outer loop
      vertex 8.91293 -9.86115 25.98
      vertex 9.09776 -9.51537 31.6
      vertex 9.09776 -9.51537 25.98
    endloop
  endfacet
  facet normal -0.881914 0.47141 0
    outer loop
      vertex 9.09776 -9.51537 31.6
      vertex 8.91293 -9.86115 25.98
      vertex 8.91293 -9.86115 31.6
    endloop
  endfacet
  facet normal -0 0 1
    outer loop
      vertex -9.21156 9.14018 25.98
      vertex -9.24944 8.75287 25.98
      vertex -9.21116 9.14151 25.98
    endloop
  endfacet
  facet normal 0 0 1
    outer loop
      vertex -9.24944 8.75287 25.98
      vertex -9.25 8.75 25.98
      vertex -9.24944 -8.74546 25.98
    endloop
  endfacet
  facet normal 0 0 1
    outer loop
      vertex -9.25 8.75 25.98
      vertex -9.24944 8.75287 25.98
      vertex -9.21156 9.14018 25.98
    endloop
  endfacet
  facet normal 0 0 1
    outer loop
      vertex 9.24944 -8.74546 25.98
      vertex 9.25 8.75 25.98
      vertex 9.24944 8.75287 25.98
    endloop
  endfacet
  facet normal 0 0 1
    outer loop
      vertex 9.21156 9.14018 25.98
      vertex 9.24944 8.75287 25.98
      vertex 9.25 8.75 25.98
    endloop
  endfacet
  facet normal 0 0 1
    outer loop
      vertex 9.24944 8.75287 25.98
      vertex 9.21156 9.14018 25.98
      vertex 9.21116 9.14151 25.98
    endloop
  endfacet
  facet normal 0 0 1
    outer loop
      vertex 9.25 8.75 25.98
      vertex 9.24944 -8.74546 25.98
      vertex 9.25 -8.75 25.98
    endloop
  endfacet
  facet normal 0 0 1
    outer loop
      vertex 9.21101 -9.13564 25.98
      vertex 9.25 -8.75 25.98
      vertex 9.24944 -8.74546 25.98
    endloop
  endfacet
  facet normal 0 0 1
    outer loop
      vertex 9.25 -8.75 25.98
      vertex 9.21101 -9.13564 25.98
      vertex 9.21156 -9.14018 25.98
    endloop
  endfacet
  facet normal 0 0 1
    outer loop
      vertex 9.09721 -9.51083 25.98
      vertex 9.21156 -9.14018 25.98
      vertex 9.21101 -9.13564 25.98
    endloop
  endfacet
  facet normal 0 0 1
    outer loop
      vertex 9.21156 -9.14018 25.98
      vertex 9.09721 -9.51083 25.98
      vertex 9.09776 -9.51537 25.98
    endloop
  endfacet
  facet normal 0 0 1
    outer loop
      vertex 8.91238 -9.85661 25.98
      vertex 9.09776 -9.51537 25.98
      vertex 9.09721 -9.51083 25.98
    endloop
  endfacet
  facet normal 0 0 1
    outer loop
      vertex 9.09776 -9.51537 25.98
      vertex 8.91238 -9.85661 25.98
      vertex 8.91293 -9.86115 25.98
    endloop
  endfacet
  facet normal 0 0 1
    outer loop
      vertex 8.66366 -10.1597 25.98
      vertex 8.91293 -9.86115 25.98
      vertex 8.91238 -9.85661 25.98
    endloop
  endfacet
  facet normal 0 0 1
    outer loop
      vertex 8.91293 -9.86115 25.98
      vertex 8.66366 -10.1597 25.98
      vertex 8.66422 -10.1642 25.98
    endloop
  endfacet
  facet normal 0 0 1
    outer loop
      vertex 8.36059 -10.4084 25.98
      vertex 8.66422 -10.1642 25.98
      vertex 8.66366 -10.1597 25.98
    endloop
  endfacet
  facet normal 0 0 1
    outer loop
      vertex 8.66422 -10.1642 25.98
      vertex 8.36059 -10.4084 25.98
      vertex 8.36115 -10.4129 25.98
    endloop
  endfacet
  facet normal 0 0 1
    outer loop
      vertex 8.01481 -10.5932 25.98
      vertex 8.36115 -10.4129 25.98
      vertex 8.36059 -10.4084 25.98
    endloop
  endfacet
  facet normal 0 0 1
    outer loop
      vertex 8.36115 -10.4129 25.98
      vertex 8.01481 -10.5932 25.98
      vertex 8.01537 -10.5978 25.98
    endloop
  endfacet
  facet normal 0 0 1
    outer loop
      vertex 7.63963 -10.707 25.98
      vertex 8.01537 -10.5978 25.98
      vertex 8.01481 -10.5932 25.98
    endloop
  endfacet
  facet normal 0 0 1
    outer loop
      vertex 8.01537 -10.5978 25.98
      vertex 7.63963 -10.707 25.98
      vertex 7.64018 -10.7116 25.98
    endloop
  endfacet
  facet normal 0 0 1
    outer loop
      vertex 7.63963 -10.707 25.98
      vertex 7.25 -10.75 25.98
      vertex 7.64018 -10.7116 25.98
    endloop
  endfacet
  facet normal -0 0 1
    outer loop
      vertex 7.24944 -10.7455 25.98
      vertex 7.25 -10.75 25.98
      vertex 7.63963 -10.707 25.98
    endloop
  endfacet
  facet normal -0 0 1
    outer loop
      vertex -7.24944 -10.7455 25.98
      vertex 7.25 -10.75 25.98
      vertex 7.24944 -10.7455 25.98
    endloop
  endfacet
  facet normal 0 0 1
    outer loop
      vertex -7.24944 -10.7455 25.98
      vertex -7.25 -10.75 25.98
      vertex 7.25 -10.75 25.98
    endloop
  endfacet
  facet normal 0 0 1
    outer loop
      vertex -7.63963 -10.707 25.98
      vertex -7.25 -10.75 25.98
      vertex -7.24944 -10.7455 25.98
    endloop
  endfacet
  facet normal 0 0 1
    outer loop
      vertex -7.63963 -10.707 25.98
      vertex -7.64018 -10.7116 25.98
      vertex -7.25 -10.75 25.98
    endloop
  endfacet
  facet normal -0 0 1
    outer loop
      vertex -8.01537 -10.5978 25.98
      vertex -7.63963 -10.707 25.98
      vertex -8.01481 -10.5932 25.98
    endloop
  endfacet
  facet normal 0 0 1
    outer loop
      vertex -7.63963 -10.707 25.98
      vertex -8.01537 -10.5978 25.98
      vertex -7.64018 -10.7116 25.98
    endloop
  endfacet
  facet normal -0 0 1
    outer loop
      vertex -8.36115 -10.4129 25.98
      vertex -8.01481 -10.5932 25.98
      vertex -8.36059 -10.4084 25.98
    endloop
  endfacet
  facet normal 0 0 1
    outer loop
      vertex -8.01481 -10.5932 25.98
      vertex -8.36115 -10.4129 25.98
      vertex -8.01537 -10.5978 25.98
    endloop
  endfacet
  facet normal -0 0 1
    outer loop
      vertex -8.66422 -10.1642 25.98
      vertex -8.36059 -10.4084 25.98
      vertex -8.66366 -10.1597 25.98
    endloop
  endfacet
  facet normal 0 0 1
    outer loop
      vertex -8.36059 -10.4084 25.98
      vertex -8.66422 -10.1642 25.98
      vertex -8.36115 -10.4129 25.98
    endloop
  endfacet
  facet normal -0 0 1
    outer loop
      vertex -8.91293 -9.86115 25.98
      vertex -8.66366 -10.1597 25.98
      vertex -8.91238 -9.85661 25.98
    endloop
  endfacet
  facet normal 0 0 1
    outer loop
      vertex -8.66366 -10.1597 25.98
      vertex -8.91293 -9.86115 25.98
      vertex -8.66422 -10.1642 25.98
    endloop
  endfacet
  facet normal -0 0 1
    outer loop
      vertex -9.09776 -9.51537 25.98
      vertex -8.91238 -9.85661 25.98
      vertex -9.09721 -9.51083 25.98
    endloop
  endfacet
  facet normal 0 0 1
    outer loop
      vertex -8.91238 -9.85661 25.98
      vertex -9.09776 -9.51537 25.98
      vertex -8.91293 -9.86115 25.98
    endloop
  endfacet
  facet normal -0 0 1
    outer loop
      vertex -9.21156 -9.14018 25.98
      vertex -9.09721 -9.51083 25.98
      vertex -9.21101 -9.13564 25.98
    endloop
  endfacet
  facet normal 0 0 1
    outer loop
      vertex -9.09721 -9.51083 25.98
      vertex -9.21156 -9.14018 25.98
      vertex -9.09776 -9.51537 25.98
    endloop
  endfacet
  facet normal -0 0 1
    outer loop
      vertex -9.25 -8.75 25.98
      vertex -9.21101 -9.13564 25.98
      vertex -9.24944 -8.74546 25.98
    endloop
  endfacet
  facet normal 0 0 1
    outer loop
      vertex -9.21101 -9.13564 25.98
      vertex -9.25 -8.75 25.98
      vertex -9.21156 -9.14018 25.98
    endloop
  endfacet
  facet normal 0 0 1
    outer loop
      vertex -9.25 -8.75 25.98
      vertex -9.24944 -8.74546 25.98
      vertex -9.25 8.75 25.98
    endloop
  endfacet
  facet normal 0.881914 0.47141 0
    outer loop
      vertex -8.91293 -9.86115 31.6
      vertex -9.09776 -9.51537 25.98
      vertex -9.09776 -9.51537 31.6
    endloop
  endfacet
  facet normal 0.881914 0.47141 0
    outer loop
      vertex -9.09776 -9.51537 25.98
      vertex -8.91293 -9.86115 31.6
      vertex -8.91293 -9.86115 25.98
    endloop
  endfacet
  facet normal 0.773006 0.634398 0
    outer loop
      vertex -8.66422 -10.1642 31.6
      vertex -8.91293 -9.86115 25.98
      vertex -8.91293 -9.86115 31.6
    endloop
  endfacet
  facet normal 0.773006 0.634398 0
    outer loop
      vertex -8.91293 -9.86115 25.98
      vertex -8.66422 -10.1642 31.6
      vertex -8.66422 -10.1642 25.98
    endloop
  endfacet
  facet normal 0.471549 0.88184 -0
    outer loop
      vertex -8.01537 -10.5978 25.98
      vertex -8.36115 -10.4129 31.6
      vertex -8.01537 -10.5978 31.6
    endloop
  endfacet
  facet normal 0.471549 0.88184 0
    outer loop
      vertex -8.36115 -10.4129 31.6
      vertex -8.01537 -10.5978 25.98
      vertex -8.36115 -10.4129 25.98
    endloop
  endfacet
  facet normal 0.290255 0.956949 -0
    outer loop
      vertex -7.64018 -10.7116 25.98
      vertex -8.01537 -10.5978 31.6
      vertex -7.64018 -10.7116 31.6
    endloop
  endfacet
  facet normal 0.290255 0.956949 0
    outer loop
      vertex -8.01537 -10.5978 31.6
      vertex -7.64018 -10.7116 25.98
      vertex -8.01537 -10.5978 25.98
    endloop
  endfacet
  facet normal 0.290255 -0.956949 0
    outer loop
      vertex -8.01537 10.5978 26.01
      vertex -7.64018 10.7116 31.6
      vertex -8.01537 10.5978 31.6
    endloop
  endfacet
  facet normal 0.290255 -0.956949 0
    outer loop
      vertex -7.64018 10.7116 31.6
      vertex -8.01537 10.5978 26.01
      vertex -7.64018 10.7116 26.01
    endloop
  endfacet
  facet normal -0.471549 -0.88184 0
    outer loop
      vertex 8.01537 10.5978 26.01
      vertex 8.36115 10.4129 31.6
      vertex 8.01537 10.5978 31.6
    endloop
  endfacet
  facet normal -0.471549 -0.88184 -0
    outer loop
      vertex 8.36115 10.4129 31.6
      vertex 8.01537 10.5978 26.01
      vertex 8.36115 10.4129 26.01
    endloop
  endfacet
  facet normal -0.0979429 -0.995192 0
    outer loop
      vertex 7.25 10.75 26.01
      vertex 7.64018 10.7116 31.6
      vertex 7.25 10.75 31.6
    endloop
  endfacet
  facet normal -0.0979429 -0.995192 -0
    outer loop
      vertex 7.64018 10.7116 31.6
      vertex 7.25 10.75 26.01
      vertex 7.64018 10.7116 26.01
    endloop
  endfacet
  facet normal -0.290255 -0.956949 0
    outer loop
      vertex 7.64018 10.7116 26.01
      vertex 8.01537 10.5978 31.6
      vertex 7.64018 10.7116 31.6
    endloop
  endfacet
  facet normal -0.290255 -0.956949 -0
    outer loop
      vertex 8.01537 10.5978 31.6
      vertex 7.64018 10.7116 26.01
      vertex 8.01537 10.5978 26.01
    endloop
  endfacet
  facet normal -0.956949 0.290255 0
    outer loop
      vertex 9.09776 -9.51537 25.98
      vertex 9.21156 -9.14018 31.6
      vertex 9.21156 -9.14018 25.98
    endloop
  endfacet
  facet normal -0.956949 0.290255 0
    outer loop
      vertex 9.21156 -9.14018 31.6
      vertex 9.09776 -9.51537 25.98
      vertex 9.09776 -9.51537 31.6
    endloop
  endfacet
  facet normal -0.634358 0.773039 0
    outer loop
      vertex 8.66422 -10.1642 25.98
      vertex 8.36115 -10.4129 31.6
      vertex 8.66422 -10.1642 31.6
    endloop
  endfacet
  facet normal -0.634358 0.773039 0
    outer loop
      vertex 8.36115 -10.4129 31.6
      vertex 8.66422 -10.1642 25.98
      vertex 8.36115 -10.4129 25.98
    endloop
  endfacet
  facet normal -0.881914 -0.47141 0
    outer loop
      vertex 9.09776 9.51537 26.01
      vertex 8.91293 9.86115 31.6
      vertex 8.91293 9.86115 26.01
    endloop
  endfacet
  facet normal -0.881914 -0.47141 0
    outer loop
      vertex 8.91293 9.86115 31.6
      vertex 9.09776 9.51537 26.01
      vertex 9.09776 9.51537 31.6
    endloop
  endfacet
  facet normal 0.471549 -0.88184 0
    outer loop
      vertex -8.36115 10.4129 26.01
      vertex -8.01537 10.5978 31.6
      vertex -8.36115 10.4129 31.6
    endloop
  endfacet
  facet normal 0.471549 -0.88184 0
    outer loop
      vertex -8.01537 10.5978 31.6
      vertex -8.36115 10.4129 26.01
      vertex -8.01537 10.5978 26.01
    endloop
  endfacet
  facet normal 0.881914 -0.47141 0
    outer loop
      vertex -9.09776 9.51537 31.6
      vertex -8.91293 9.86115 26.01
      vertex -8.91293 9.86115 31.6
    endloop
  endfacet
  facet normal 0.881914 -0.47141 0
    outer loop
      vertex -8.91293 9.86115 26.01
      vertex -9.09776 9.51537 31.6
      vertex -9.09776 9.51537 26.01
    endloop
  endfacet
  facet normal 0.634358 -0.773039 0
    outer loop
      vertex -8.66422 10.1642 26.01
      vertex -8.36115 10.4129 31.6
      vertex -8.66422 10.1642 31.6
    endloop
  endfacet
  facet normal 0.634358 -0.773039 0
    outer loop
      vertex -8.36115 10.4129 31.6
      vertex -8.66422 10.1642 26.01
      vertex -8.36115 10.4129 26.01
    endloop
  endfacet
  facet normal 0.773006 -0.634398 0
    outer loop
      vertex -8.91293 9.86115 31.6
      vertex -8.66422 10.1642 26.01
      vertex -8.66422 10.1642 31.6
    endloop
  endfacet
  facet normal 0.773006 -0.634398 0
    outer loop
      vertex -8.66422 10.1642 26.01
      vertex -8.91293 9.86115 31.6
      vertex -8.91293 9.86115 26.01
    endloop
  endfacet
  facet normal 0.995182 0.098044 0
    outer loop
      vertex -9.21156 -9.14018 31.6
      vertex -9.25 -8.75 25.98
      vertex -9.25 -8.75 31.6
    endloop
  endfacet
  facet normal 0.995182 0.098044 0
    outer loop
      vertex -9.25 -8.75 25.98
      vertex -9.21156 -9.14018 31.6
      vertex -9.21156 -9.14018 25.98
    endloop
  endfacet
  facet normal 0.634358 0.773039 -0
    outer loop
      vertex -8.36115 -10.4129 25.98
      vertex -8.66422 -10.1642 31.6
      vertex -8.36115 -10.4129 31.6
    endloop
  endfacet
  facet normal 0.634358 0.773039 0
    outer loop
      vertex -8.66422 -10.1642 31.6
      vertex -8.36115 -10.4129 25.98
      vertex -8.66422 -10.1642 25.98
    endloop
  endfacet
  facet normal -0.634358 -0.773039 0
    outer loop
      vertex 8.36115 10.4129 26.01
      vertex 8.66422 10.1642 31.6
      vertex 8.36115 10.4129 31.6
    endloop
  endfacet
  facet normal -0.634358 -0.773039 -0
    outer loop
      vertex 8.66422 10.1642 31.6
      vertex 8.36115 10.4129 26.01
      vertex 8.66422 10.1642 26.01
    endloop
  endfacet
  facet normal 0.0979429 -0.995192 0
    outer loop
      vertex -7.64018 10.7116 26.01
      vertex -7.25 10.75 31.6
      vertex -7.64018 10.7116 31.6
    endloop
  endfacet
  facet normal 0.0979429 -0.995192 0
    outer loop
      vertex -7.25 10.75 31.6
      vertex -7.64018 10.7116 26.01
      vertex -7.25 10.75 26.01
    endloop
  endfacet
  facet normal -0.995182 0.098044 0
    outer loop
      vertex 9.21156 -9.14018 25.98
      vertex 9.25 -8.75 31.6
      vertex 9.25 -8.75 25.98
    endloop
  endfacet
  facet normal -0.995182 0.098044 0
    outer loop
      vertex 9.25 -8.75 31.6
      vertex 9.21156 -9.14018 25.98
      vertex 9.21156 -9.14018 31.6
    endloop
  endfacet
  facet normal -0.773006 0.634398 0
    outer loop
      vertex 8.66422 -10.1642 25.98
      vertex 8.91293 -9.86115 31.6
      vertex 8.91293 -9.86115 25.98
    endloop
  endfacet
  facet normal -0.773006 0.634398 0
    outer loop
      vertex 8.91293 -9.86115 31.6
      vertex 8.66422 -10.1642 25.98
      vertex 8.66422 -10.1642 31.6
    endloop
  endfacet
  facet normal -0.957628 -0.288008 0
    outer loop
      vertex 9.21156 9.14018 25.98
      vertex 9.21156 9.14018 25.99
      vertex 9.21116 9.14151 25.98
    endloop
  endfacet
  facet normal -0.956949 -0.290255 0
    outer loop
      vertex 9.21156 9.14018 26.01
      vertex 9.09776 9.51537 31.6
      vertex 9.09776 9.51537 26.01
    endloop
  endfacet
  facet normal -0.956949 -0.290255 0
    outer loop
      vertex 9.09776 9.51537 31.6
      vertex 9.21156 9.14018 26.01
      vertex 9.21156 9.14018 31.6
    endloop
  endfacet
  facet normal -0.995182 -0.098044 0
    outer loop
      vertex 9.25 8.75 25.98
      vertex 9.21156 9.14018 25.99
      vertex 9.21156 9.14018 25.98
    endloop
  endfacet
  facet normal -0.995182 -0.098044 0
    outer loop
      vertex 9.21156 9.14018 25.99
      vertex 9.25 8.75 25.98
      vertex 9.21156 9.14018 26.01
    endloop
  endfacet
  facet normal -0.995182 -0.098044 -0
    outer loop
      vertex 9.25 8.75 31.6
      vertex 9.21156 9.14018 26.01
      vertex 9.25 8.75 25.98
    endloop
  endfacet
  facet normal -0.995182 -0.098044 0
    outer loop
      vertex 9.21156 9.14018 26.01
      vertex 9.25 8.75 31.6
      vertex 9.21156 9.14018 31.6
    endloop
  endfacet
  facet normal 0.995182 -0.098044 0
    outer loop
      vertex -9.25 8.75 31.6
      vertex -9.21156 9.14018 26.01
      vertex -9.21156 9.14018 31.6
    endloop
  endfacet
  facet normal 0.995182 -0.098044 0
    outer loop
      vertex -9.25 8.75 25.98
      vertex -9.21156 9.14018 26.01
      vertex -9.25 8.75 31.6
    endloop
  endfacet
  facet normal 0.995182 -0.098044 0
    outer loop
      vertex -9.21156 9.14018 26.01
      vertex -9.25 8.75 25.98
      vertex -9.21156 9.14018 25.99
    endloop
  endfacet
  facet normal 0.995182 -0.098044 0
    outer loop
      vertex -9.21156 9.14018 25.99
      vertex -9.25 8.75 25.98
      vertex -9.21156 9.14018 25.98
    endloop
  endfacet
  facet normal 0.957628 -0.288008 0
    outer loop
      vertex -9.21116 9.14151 25.98
      vertex -9.21156 9.14018 25.99
      vertex -9.21156 9.14018 25.98
    endloop
  endfacet
  facet normal 0.956949 -0.290255 0
    outer loop
      vertex -9.21156 9.14018 31.6
      vertex -9.09776 9.51537 26.01
      vertex -9.09776 9.51537 31.6
    endloop
  endfacet
  facet normal 0.956949 -0.290255 0
    outer loop
      vertex -9.09776 9.51537 26.01
      vertex -9.21156 9.14018 31.6
      vertex -9.21156 9.14018 26.01
    endloop
  endfacet
  facet normal 0.956949 0.290255 0
    outer loop
      vertex -9.09776 -9.51537 31.6
      vertex -9.21156 -9.14018 25.98
      vertex -9.21156 -9.14018 31.6
    endloop
  endfacet
  facet normal 0.956949 0.290255 0
    outer loop
      vertex -9.21156 -9.14018 25.98
      vertex -9.09776 -9.51537 31.6
      vertex -9.09776 -9.51537 25.98
    endloop
  endfacet
  facet normal -0.0893043 0.905082 0.415754
    outer loop
      vertex 6.19576 1.08457 0
      vertex 7.24944 -10.7455 25.98
      vertex 7.63963 -10.707 25.98
    endloop
  endfacet
  facet normal -0.0891687 0.905095 0.415754
    outer loop
      vertex 7.24944 -10.7455 25.98
      vertex 6.19576 1.08457 0
      vertex 5.80558 1.04613 0
    endloop
  endfacet
  facet normal 0.733881 0.602273 0.314141
    outer loop
      vertex -8.91238 -9.85661 25.98
      vertex -7.21979 1.63191 0
      vertex -7.46851 1.93498 0
    endloop
  endfacet
  facet normal 0.733903 0.602251 0.314133
    outer loop
      vertex -7.21979 1.63191 0
      vertex -8.91238 -9.85661 25.98
      vertex -8.66366 -10.1597 25.98
    endloop
  endfacet
  facet normal -0.990262 0.0975593 0.099314
    outer loop
      vertex 7.76714 2.65595 0
      vertex 9.24944 -8.74546 25.98
      vertex 7.80558 3.04613 0
    endloop
  endfacet
  facet normal -0.990266 0.0975342 0.0993033
    outer loop
      vertex 9.24944 -8.74546 25.98
      vertex 7.76714 2.65595 0
      vertex 9.21101 -9.13564 25.98
    endloop
  endfacet
  facet normal 0.765107 -0.627812 -0.14305
    outer loop
      vertex -8.66422 10.1642 26.01
      vertex -7.41293 17.6111 0.0199995
      vertex -7.16422 17.9142 0.0199995
    endloop
  endfacet
  facet normal 0.765054 -0.627872 -0.14307
    outer loop
      vertex -7.41293 17.6111 0.0199995
      vertex -8.66422 10.1642 26.01
      vertex -8.91293 9.86115 26.01
    endloop
  endfacet
  facet normal -0.852915 0.455909 0.254326
    outer loop
      vertex 7.46851 1.93498 0
      vertex 9.09721 -9.51083 25.98
      vertex 7.65334 2.28076 0
    endloop
  endfacet
  facet normal -0.852915 0.455909 0.254326
    outer loop
      vertex 9.09721 -9.51083 25.98
      vertex 7.46851 1.93498 0
      vertex 8.91238 -9.85661 25.98
    endloop
  endfacet
  facet normal 0.956482 -0.290106 -0.0313045
    outer loop
      vertex -9.09776 9.51537 26.01
      vertex -7.71156 16.8902 0.0199995
      vertex -7.59776 17.2654 0.0199995
    endloop
  endfacet
  facet normal 0.95648 -0.290113 -0.0313067
    outer loop
      vertex -7.71156 16.8902 0.0199995
      vertex -9.09776 9.51537 26.01
      vertex -9.21156 9.14018 26.01
    endloop
  endfacet
  facet normal 0.591808 0.721129 0.36019
    outer loop
      vertex -7.21979 1.63191 0
      vertex -8.36059 -10.4084 25.98
      vertex -6.91672 1.38319 0
    endloop
  endfacet
  facet normal 0.591777 0.72115 0.360199
    outer loop
      vertex -8.36059 -10.4084 25.98
      vertex -7.21979 1.63191 0
      vertex -8.66366 -10.1597 25.98
    endloop
  endfacet
  facet normal 0 0.910597 0.413296
    outer loop
      vertex 5.80558 1.04613 0
      vertex -7.24944 -10.7455 25.98
      vertex 7.24944 -10.7455 25.98
    endloop
  endfacet
  facet normal 0 0.910597 0.413296
    outer loop
      vertex -7.24944 -10.7455 25.98
      vertex 5.80558 1.04613 0
      vertex -5.80558 1.04613 0
    endloop
  endfacet
  facet normal 0.264651 0.87251 0.410715
    outer loop
      vertex -6.57094 1.19837 0
      vertex -7.63963 -10.707 25.98
      vertex -6.19576 1.08457 0
    endloop
  endfacet
  facet normal 0.264651 0.87251 0.410715
    outer loop
      vertex -7.63963 -10.707 25.98
      vertex -6.57094 1.19837 0
      vertex -8.01481 -10.5932 25.98
    endloop
  endfacet
  facet normal 0.998459 0 0.0554902
    outer loop
      vertex -9.24944 8.75287 25.98
      vertex -7.80558 3.04613 0
      vertex -7.80558 16.2129 0
    endloop
  endfacet
  facet normal 0.998459 0 0.0554902
    outer loop
      vertex -7.80558 3.04613 0
      vertex -9.24944 8.75287 25.98
      vertex -9.24944 -8.74546 25.98
    endloop
  endfacet
  facet normal -0.0940394 -0.955528 -0.279503
    outer loop
      vertex 6.14018 18.4616 0.0199995
      vertex 7.25 10.75 26.01
      vertex 5.75 18.5 0.0199995
    endloop
  endfacet
  facet normal -0.0940394 -0.955528 -0.279503
    outer loop
      vertex 7.25 10.75 26.01
      vertex 6.14018 18.4616 0.0199995
      vertex 7.64018 10.7116 26.01
    endloop
  endfacet
  facet normal -0.458968 -0.858312 -0.229452
    outer loop
      vertex 6.86115 18.1629 0.0199995
      vertex 8.01537 10.5978 26.01
      vertex 6.51537 18.3478 0.0199995
    endloop
  endfacet
  facet normal -0.458968 -0.858312 -0.229452
    outer loop
      vertex 8.01537 10.5978 26.01
      vertex 6.86115 18.1629 0.0199995
      vertex 8.36115 10.4129 26.01
    endloop
  endfacet
  facet normal 0 -0.958302 -0.285758
    outer loop
      vertex -5.75 18.5 0.0199995
      vertex 7.25 10.75 26.01
      vertex -7.25 10.75 26.01
    endloop
  endfacet
  facet normal 0 -0.958302 -0.285758
    outer loop
      vertex 7.25 10.75 26.01
      vertex -5.75 18.5 0.0199995
      vertex 5.75 18.5 0.0199995
    endloop
  endfacet
  facet normal 0.0940394 -0.955528 -0.279503
    outer loop
      vertex -6.14018 18.4616 0.0199995
      vertex -7.25 10.75 26.01
      vertex -7.64018 10.7116 26.01
    endloop
  endfacet
  facet normal 0.0940394 -0.955528 -0.279503
    outer loop
      vertex -7.25 10.75 26.01
      vertex -6.14018 18.4616 0.0199995
      vertex -5.75 18.5 0.0199995
    endloop
  endfacet
  facet normal 0 -1 0
    outer loop
      vertex -5.75 18.5 0
      vertex 5.75 18.5 0.0199995
      vertex -5.75 18.5 0.0199995
    endloop
  endfacet
  facet normal 0 -1 -0
    outer loop
      vertex 5.75 18.5 0.0199995
      vertex -5.75 18.5 0
      vertex 5.75 18.5 0
    endloop
  endfacet
  facet normal -0.940995 0.285416 0.181839
    outer loop
      vertex 7.65334 2.28076 0
      vertex 9.21101 -9.13564 25.98
      vertex 7.76714 2.65595 0
    endloop
  endfacet
  facet normal -0.940995 0.285416 0.181839
    outer loop
      vertex 9.21101 -9.13564 25.98
      vertex 7.65334 2.28076 0
      vertex 9.09721 -9.51083 25.98
    endloop
  endfacet
  facet normal -0.433566 0.811247 0.392298
    outer loop
      vertex 6.91672 1.38319 0
      vertex 8.01481 -10.5932 25.98
      vertex 8.36059 -10.4084 25.98
    endloop
  endfacet
  facet normal -0.433604 0.81123 0.392292
    outer loop
      vertex 8.01481 -10.5932 25.98
      vertex 6.91672 1.38319 0
      vertex 6.57094 1.19837 0
    endloop
  endfacet
  facet normal -0.733881 0.602273 0.314141
    outer loop
      vertex 7.21979 1.63191 0
      vertex 8.91238 -9.85661 25.98
      vertex 7.46851 1.93498 0
    endloop
  endfacet
  facet normal -0.733903 0.602251 0.314133
    outer loop
      vertex 8.91238 -9.85661 25.98
      vertex 7.21979 1.63191 0
      vertex 8.66366 -10.1597 25.98
    endloop
  endfacet
  facet normal -0.591777 0.72115 0.360199
    outer loop
      vertex 7.21979 1.63191 0
      vertex 8.36059 -10.4084 25.98
      vertex 8.66366 -10.1597 25.98
    endloop
  endfacet
  facet normal -0.591808 0.721129 0.36019
    outer loop
      vertex 8.36059 -10.4084 25.98
      vertex 7.21979 1.63191 0
      vertex 6.91672 1.38319 0
    endloop
  endfacet
  facet normal -0.264651 0.87251 0.410715
    outer loop
      vertex 6.57094 1.19837 0
      vertex 7.63963 -10.707 25.98
      vertex 8.01481 -10.5932 25.98
    endloop
  endfacet
  facet normal -0.264651 0.87251 0.410715
    outer loop
      vertex 7.63963 -10.707 25.98
      vertex 6.57094 1.19837 0
      vertex 6.19576 1.08457 0
    endloop
  endfacet
  facet normal 0.940995 0.285416 0.181839
    outer loop
      vertex -9.21101 -9.13564 25.98
      vertex -7.65334 2.28076 0
      vertex -7.76714 2.65595 0
    endloop
  endfacet
  facet normal 0.940995 0.285416 0.181839
    outer loop
      vertex -7.65334 2.28076 0
      vertex -9.21101 -9.13564 25.98
      vertex -9.09721 -9.51083 25.98
    endloop
  endfacet
  facet normal 0.990262 0.0975593 0.099314
    outer loop
      vertex -9.24944 -8.74546 25.98
      vertex -7.76714 2.65595 0
      vertex -7.80558 3.04613 0
    endloop
  endfacet
  facet normal 0.990266 0.0975342 0.0993033
    outer loop
      vertex -7.76714 2.65595 0
      vertex -9.24944 -8.74546 25.98
      vertex -9.21101 -9.13564 25.98
    endloop
  endfacet
  facet normal -0.881869 -0.471495 0
    outer loop
      vertex 7.59776 17.2654 0
      vertex 7.41293 17.6111 0.0199995
      vertex 7.41293 17.6111 0
    endloop
  endfacet
  facet normal -0.881869 -0.471495 0
    outer loop
      vertex 7.41293 17.6111 0.0199995
      vertex 7.59776 17.2654 0
      vertex 7.59776 17.2654 0.0199995
    endloop
  endfacet
  facet normal -0.994817 -0.0979868 0.0271514
    outer loop
      vertex 7.80558 16.2129 0
      vertex 9.24944 8.75287 25.98
      vertex 9.21116 9.14151 25.98
    endloop
  endfacet
  facet normal -0.994814 -0.0980278 0.02714
    outer loop
      vertex 9.21116 9.14151 25.98
      vertex 7.76714 16.603 0
      vertex 7.80558 16.2129 0
    endloop
  endfacet
  facet normal -0.994586 -0.100503 0.0264166
    outer loop
      vertex 7.76714 16.603 0
      vertex 9.21116 9.14151 25.98
      vertex 9.21156 9.14018 25.99
    endloop
  endfacet
  facet normal -0.998459 0 0.0554902
    outer loop
      vertex 7.80558 3.04613 0
      vertex 9.24944 8.75287 25.98
      vertex 7.80558 16.2129 0
    endloop
  endfacet
  facet normal -0.998459 0 0.0554902
    outer loop
      vertex 9.24944 8.75287 25.98
      vertex 7.80558 3.04613 0
      vertex 9.24944 -8.74546 25.98
    endloop
  endfacet
  facet normal -0.956482 -0.290106 -0.0313045
    outer loop
      vertex 7.71156 16.8902 0.0199995
      vertex 9.09776 9.51537 26.01
      vertex 7.59776 17.2654 0.0199995
    endloop
  endfacet
  facet normal -0.95648 -0.290113 -0.0313067
    outer loop
      vertex 9.09776 9.51537 26.01
      vertex 7.71156 16.8902 0.0199995
      vertex 9.21156 9.14018 26.01
    endloop
  endfacet
  facet normal -0.280319 -0.924191 -0.259408
    outer loop
      vertex 6.51537 18.3478 0.0199995
      vertex 7.64018 10.7116 26.01
      vertex 6.14018 18.4616 0.0199995
    endloop
  endfacet
  facet normal -0.280319 -0.924191 -0.259408
    outer loop
      vertex 7.64018 10.7116 26.01
      vertex 6.51537 18.3478 0.0199995
      vertex 8.01537 10.5978 26.01
    endloop
  endfacet
  facet normal -0.622759 -0.758904 -0.190357
    outer loop
      vertex 7.16422 17.9142 0.0199995
      vertex 8.36115 10.4129 26.01
      vertex 6.86115 18.1629 0.0199995
    endloop
  endfacet
  facet normal -0.622759 -0.758904 -0.190357
    outer loop
      vertex 8.36115 10.4129 26.01
      vertex 7.16422 17.9142 0.0199995
      vertex 8.66422 10.1642 26.01
    endloop
  endfacet
  facet normal -0.956951 -0.290248 0
    outer loop
      vertex 7.71156 16.8902 0
      vertex 7.59776 17.2654 0.0199995
      vertex 7.59776 17.2654 0
    endloop
  endfacet
  facet normal -0.956951 -0.290248 0
    outer loop
      vertex 7.59776 17.2654 0.0199995
      vertex 7.71156 16.8902 0
      vertex 7.71156 16.8902 0.0199995
    endloop
  endfacet
  facet normal 0.622759 -0.758904 -0.190357
    outer loop
      vertex -7.16422 17.9142 0.0199995
      vertex -8.36115 10.4129 26.01
      vertex -8.66422 10.1642 26.01
    endloop
  endfacet
  facet normal 0.622759 -0.758904 -0.190357
    outer loop
      vertex -8.36115 10.4129 26.01
      vertex -7.16422 17.9142 0.0199995
      vertex -6.86115 18.1629 0.0199995
    endloop
  endfacet
  facet normal 0.280319 -0.924191 -0.259408
    outer loop
      vertex -6.51537 18.3478 0.0199995
      vertex -7.64018 10.7116 26.01
      vertex -8.01537 10.5978 26.01
    endloop
  endfacet
  facet normal 0.280319 -0.924191 -0.259408
    outer loop
      vertex -7.64018 10.7116 26.01
      vertex -6.51537 18.3478 0.0199995
      vertex -6.14018 18.4616 0.0199995
    endloop
  endfacet
  facet normal 0.878342 -0.46961 -0.0893396
    outer loop
      vertex -8.91293 9.86115 26.01
      vertex -7.59776 17.2654 0.0199995
      vertex -7.41293 17.6111 0.0199995
    endloop
  endfacet
  facet normal 0.87839 -0.469526 -0.0893135
    outer loop
      vertex -7.59776 17.2654 0.0199995
      vertex -8.91293 9.86115 26.01
      vertex -9.09776 9.51537 26.01
    endloop
  endfacet
  facet normal 0.994814 -0.0980278 0.02714
    outer loop
      vertex -7.76714 16.603 0
      vertex -9.21116 9.14151 25.98
      vertex -7.80558 16.2129 0
    endloop
  endfacet
  facet normal 0.994586 -0.100503 0.0264166
    outer loop
      vertex -9.21116 9.14151 25.98
      vertex -7.76714 16.603 0
      vertex -9.21156 9.14018 25.99
    endloop
  endfacet
  facet normal 0.994817 -0.0979868 0.0271514
    outer loop
      vertex -7.80558 16.2129 0
      vertex -9.21116 9.14151 25.98
      vertex -9.24944 8.75287 25.98
    endloop
  endfacet
  facet normal 0.433604 0.81123 0.392292
    outer loop
      vertex -6.91672 1.38319 0
      vertex -8.01481 -10.5932 25.98
      vertex -6.57094 1.19837 0
    endloop
  endfacet
  facet normal 0.433566 0.811247 0.392298
    outer loop
      vertex -8.01481 -10.5932 25.98
      vertex -6.91672 1.38319 0
      vertex -8.36059 -10.4084 25.98
    endloop
  endfacet
  facet normal 0.0891687 0.905095 0.415754
    outer loop
      vertex -6.19576 1.08457 0
      vertex -7.24944 -10.7455 25.98
      vertex -5.80558 1.04613 0
    endloop
  endfacet
  facet normal 0.0893043 0.905082 0.415754
    outer loop
      vertex -7.24944 -10.7455 25.98
      vertex -6.19576 1.08457 0
      vertex -7.63963 -10.707 25.98
    endloop
  endfacet
  facet normal 0.852915 0.455909 0.254326
    outer loop
      vertex -9.09721 -9.51083 25.98
      vertex -7.46851 1.93498 0
      vertex -7.65334 2.28076 0
    endloop
  endfacet
  facet normal 0.852915 0.455909 0.254326
    outer loop
      vertex -7.46851 1.93498 0
      vertex -9.09721 -9.51083 25.98
      vertex -8.91238 -9.85661 25.98
    endloop
  endfacet
  facet normal -0.765107 -0.627812 -0.14305
    outer loop
      vertex 7.41293 17.6111 0.0199995
      vertex 8.66422 10.1642 26.01
      vertex 7.16422 17.9142 0.0199995
    endloop
  endfacet
  facet normal -0.765054 -0.627872 -0.14307
    outer loop
      vertex 8.66422 10.1642 26.01
      vertex 7.41293 17.6111 0.0199995
      vertex 8.91293 9.86115 26.01
    endloop
  endfacet
  facet normal -0.878342 -0.46961 -0.0893396
    outer loop
      vertex 7.59776 17.2654 0.0199995
      vertex 8.91293 9.86115 26.01
      vertex 7.41293 17.6111 0.0199995
    endloop
  endfacet
  facet normal -0.87839 -0.469526 -0.0893135
    outer loop
      vertex 8.91293 9.86115 26.01
      vertex 7.59776 17.2654 0.0199995
      vertex 9.09776 9.51537 26.01
    endloop
  endfacet
  facet normal -0.0979429 -0.995192 0
    outer loop
      vertex 5.75 18.5 0
      vertex 6.14018 18.4616 0.0199995
      vertex 5.75 18.5 0.0199995
    endloop
  endfacet
  facet normal -0.0979429 -0.995192 -0
    outer loop
      vertex 6.14018 18.4616 0.0199995
      vertex 5.75 18.5 0
      vertex 6.14018 18.4616 0
    endloop
  endfacet
  facet normal 0.458968 -0.858312 -0.229452
    outer loop
      vertex -6.86115 18.1629 0.0199995
      vertex -8.01537 10.5978 26.01
      vertex -8.36115 10.4129 26.01
    endloop
  endfacet
  facet normal 0.458968 -0.858312 -0.229452
    outer loop
      vertex -8.01537 10.5978 26.01
      vertex -6.86115 18.1629 0.0199995
      vertex -6.51537 18.3478 0.0199995
    endloop
  endfacet
  facet normal 0.634358 -0.773039 0
    outer loop
      vertex -7.16422 17.9142 0
      vertex -6.86115 18.1629 0.0199995
      vertex -7.16422 17.9142 0.0199995
    endloop
  endfacet
  facet normal 0.634358 -0.773039 0
    outer loop
      vertex -6.86115 18.1629 0.0199995
      vertex -7.16422 17.9142 0
      vertex -6.86115 18.1629 0
    endloop
  endfacet
  facet normal -0.981784 -0.189999 0
    outer loop
      vertex 7.76714 16.603 0
      vertex 7.71156 16.8902 0.0199995
      vertex 7.71156 16.8902 0
    endloop
  endfacet
  facet normal -0.981784 -0.189999 6.949e-06
    outer loop
      vertex 9.21156 9.14018 25.99
      vertex 7.71156 16.8902 0.0199995
      vertex 7.76714 16.603 0
    endloop
  endfacet
  facet normal -0.98178 -0.190021 0
    outer loop
      vertex 7.71156 16.8902 0.0199995
      vertex 9.21156 9.14018 25.99
      vertex 9.21156 9.14018 26.01
    endloop
  endfacet
  facet normal -0.471549 -0.88184 0
    outer loop
      vertex 6.51537 18.3478 0
      vertex 6.86115 18.1629 0.0199995
      vertex 6.51537 18.3478 0.0199995
    endloop
  endfacet
  facet normal -0.471549 -0.88184 -0
    outer loop
      vertex 6.86115 18.1629 0.0199995
      vertex 6.51537 18.3478 0
      vertex 6.86115 18.1629 0
    endloop
  endfacet
  facet normal 0.290255 -0.956949 0
    outer loop
      vertex -6.51537 18.3478 0
      vertex -6.14018 18.4616 0.0199995
      vertex -6.51537 18.3478 0.0199995
    endloop
  endfacet
  facet normal 0.290255 -0.956949 0
    outer loop
      vertex -6.14018 18.4616 0.0199995
      vertex -6.51537 18.3478 0
      vertex -6.14018 18.4616 0
    endloop
  endfacet
  facet normal 0.0979429 -0.995192 0
    outer loop
      vertex -6.14018 18.4616 0
      vertex -5.75 18.5 0.0199995
      vertex -6.14018 18.4616 0.0199995
    endloop
  endfacet
  facet normal 0.0979429 -0.995192 0
    outer loop
      vertex -5.75 18.5 0.0199995
      vertex -6.14018 18.4616 0
      vertex -5.75 18.5 0
    endloop
  endfacet
  facet normal 0.471549 -0.88184 0
    outer loop
      vertex -6.86115 18.1629 0
      vertex -6.51537 18.3478 0.0199995
      vertex -6.86115 18.1629 0.0199995
    endloop
  endfacet
  facet normal 0.471549 -0.88184 0
    outer loop
      vertex -6.51537 18.3478 0.0199995
      vertex -6.86115 18.1629 0
      vertex -6.51537 18.3478 0
    endloop
  endfacet
  facet normal 0.881869 -0.471495 0
    outer loop
      vertex -7.59776 17.2654 0.0199995
      vertex -7.41293 17.6111 0
      vertex -7.41293 17.6111 0.0199995
    endloop
  endfacet
  facet normal 0.881869 -0.471495 0
    outer loop
      vertex -7.41293 17.6111 0
      vertex -7.59776 17.2654 0.0199995
      vertex -7.59776 17.2654 0
    endloop
  endfacet
  facet normal 0.773058 -0.634336 0
    outer loop
      vertex -7.41293 17.6111 0.0199995
      vertex -7.16422 17.9142 0
      vertex -7.16422 17.9142 0.0199995
    endloop
  endfacet
  facet normal 0.773058 -0.634336 0
    outer loop
      vertex -7.16422 17.9142 0
      vertex -7.41293 17.6111 0.0199995
      vertex -7.41293 17.6111 0
    endloop
  endfacet
  facet normal 0.956951 -0.290248 0
    outer loop
      vertex -7.71156 16.8902 0.0199995
      vertex -7.59776 17.2654 0
      vertex -7.59776 17.2654 0.0199995
    endloop
  endfacet
  facet normal 0.956951 -0.290248 0
    outer loop
      vertex -7.59776 17.2654 0
      vertex -7.71156 16.8902 0.0199995
      vertex -7.71156 16.8902 0
    endloop
  endfacet
  facet normal -0.634358 -0.773039 0
    outer loop
      vertex 6.86115 18.1629 0
      vertex 7.16422 17.9142 0.0199995
      vertex 6.86115 18.1629 0.0199995
    endloop
  endfacet
  facet normal -0.634358 -0.773039 -0
    outer loop
      vertex 7.16422 17.9142 0.0199995
      vertex 6.86115 18.1629 0
      vertex 7.16422 17.9142 0
    endloop
  endfacet
  facet normal -0.773058 -0.634336 0
    outer loop
      vertex 7.41293 17.6111 0
      vertex 7.16422 17.9142 0.0199995
      vertex 7.16422 17.9142 0
    endloop
  endfacet
  facet normal -0.773058 -0.634336 0
    outer loop
      vertex 7.16422 17.9142 0.0199995
      vertex 7.41293 17.6111 0
      vertex 7.41293 17.6111 0.0199995
    endloop
  endfacet
  facet normal -0.290255 -0.956949 0
    outer loop
      vertex 6.14018 18.4616 0
      vertex 6.51537 18.3478 0.0199995
      vertex 6.14018 18.4616 0.0199995
    endloop
  endfacet
  facet normal -0.290255 -0.956949 -0
    outer loop
      vertex 6.51537 18.3478 0.0199995
      vertex 6.14018 18.4616 0
      vertex 6.51537 18.3478 0
    endloop
  endfacet
  facet normal 0.981784 -0.189999 0
    outer loop
      vertex -7.71156 16.8902 0.0199995
      vertex -7.76714 16.603 0
      vertex -7.71156 16.8902 0
    endloop
  endfacet
  facet normal 0.98178 -0.190021 0
    outer loop
      vertex -9.21156 9.14018 25.99
      vertex -7.71156 16.8902 0.0199995
      vertex -9.21156 9.14018 26.01
    endloop
  endfacet
  facet normal 0.981784 -0.189999 6.949e-06
    outer loop
      vertex -7.71156 16.8902 0.0199995
      vertex -9.21156 9.14018 25.99
      vertex -7.76714 16.603 0
    endloop
  endfacet
endsolid OpenSCAD_Model
