solid OpenSCAD_Model
  facet normal 0.321574 -0.946885 0
    outer loop
      vertex 10.5764 -12.6978 -19
      vertex 10.948 -12.5716 -9
      vertex 10.5764 -12.6978 -9
    endloop
  endfacet
  facet normal 0.321574 -0.946885 0
    outer loop
      vertex 10.948 -12.5716 -9
      vertex 10.5764 -12.6978 -19
      vertex 10.948 -12.5716 -19
    endloop
  endfacet
  facet normal 0.194989 -0.980806 0
    outer loop
      vertex 10.1916 -12.7743 -19
      vertex 10.5764 -12.6978 -9
      vertex 10.1916 -12.7743 -9
    endloop
  endfacet
  facet normal 0.194989 -0.980806 0
    outer loop
      vertex 10.5764 -12.6978 -9
      vertex 10.1916 -12.7743 -19
      vertex 10.5764 -12.6978 -19
    endloop
  endfacet
  facet normal -0.997854 0.0654856 0
    outer loop
      vertex -12.8 9.79999 -19
      vertex -12.7743 10.1916 -9
      vertex -12.7743 10.1916 -19
    endloop
  endfacet
  facet normal -0.997854 0.0654856 0
    outer loop
      vertex -12.7743 10.1916 -9
      vertex -12.8 9.79999 -19
      vertex -12.8 9.79999 -9
    endloop
  endfacet
  facet normal 0.0654856 -0.997854 0
    outer loop
      vertex 9.79999 -12.8 -19
      vertex 10.1916 -12.7743 -9
      vertex 9.79999 -12.8 -9
    endloop
  endfacet
  facet normal 0.0654856 -0.997854 0
    outer loop
      vertex 10.1916 -12.7743 -9
      vertex 9.79999 -12.8 -19
      vertex 10.1916 -12.7743 -19
    endloop
  endfacet
  facet normal 0.751724 0.659478 0
    outer loop
      vertex 12.1801 11.6263 -9
      vertex 11.9213 11.9213 -19
      vertex 11.9213 11.9213 -9
    endloop
  endfacet
  facet normal 0.751724 0.659478 0
    outer loop
      vertex 11.9213 11.9213 -19
      vertex 12.1801 11.6263 -9
      vertex 12.1801 11.6263 -19
    endloop
  endfacet
  facet normal 0 -1 0
    outer loop
      vertex -9.79999 -12.8 -19
      vertex 9.79999 -12.8 -9
      vertex -9.79999 -12.8 -9
    endloop
  endfacet
  facet normal 0 -1 -0
    outer loop
      vertex 9.79999 -12.8 -9
      vertex -9.79999 -12.8 -19
      vertex 9.79999 -12.8 -19
    endloop
  endfacet
  facet normal -0.0654856 0.997854 0
    outer loop
      vertex -9.79999 12.8 -19
      vertex -10.1916 12.7743 -9
      vertex -9.79999 12.8 -9
    endloop
  endfacet
  facet normal -0.0654856 0.997854 0
    outer loop
      vertex -10.1916 12.7743 -9
      vertex -9.79999 12.8 -19
      vertex -10.1916 12.7743 -19
    endloop
  endfacet
  facet normal 1 -0 0
    outer loop
      vertex 12.8 -9.79999 -9
      vertex 12.8 9.79999 -19
      vertex 12.8 9.79999 -9
    endloop
  endfacet
  facet normal 1 0 0
    outer loop
      vertex 12.8 9.79999 -19
      vertex 12.8 -9.79999 -9
      vertex 12.8 -9.79999 -19
    endloop
  endfacet
  facet normal -0.751724 0.659478 0
    outer loop
      vertex -12.1801 11.6263 -19
      vertex -11.9213 11.9213 -9
      vertex -11.9213 11.9213 -19
    endloop
  endfacet
  facet normal -0.751724 0.659478 0
    outer loop
      vertex -11.9213 11.9213 -9
      vertex -12.1801 11.6263 -19
      vertex -12.1801 11.6263 -9
    endloop
  endfacet
  facet normal -1 0 0
    outer loop
      vertex -12.8 -9.79999 -19
      vertex -12.8 9.79999 -9
      vertex -12.8 9.79999 -19
    endloop
  endfacet
  facet normal -1 -0 0
    outer loop
      vertex -12.8 9.79999 -9
      vertex -12.8 -9.79999 -19
      vertex -12.8 -9.79999 -9
    endloop
  endfacet
  facet normal 0 0 -1
    outer loop
      vertex 10.4478 -9.36536 -19
      vertex 12.8 -9.79999 -19
      vertex 12.7743 -10.1916 -19
    endloop
  endfacet
  facet normal 0 0 -1
    outer loop
      vertex 12.8 -9.79999 -19
      vertex 10.6 -8.59999 -19
      vertex 12.8 9.79999 -19
    endloop
  endfacet
  facet normal 0 0 -1
    outer loop
      vertex 10.4478 -9.36536 -19
      vertex 12.7743 -10.1916 -19
      vertex 12.6978 -10.5764 -19
    endloop
  endfacet
  facet normal 0 0 -1
    outer loop
      vertex 10.6 8.59999 -19
      vertex 12.8 9.79999 -19
      vertex 10.6 -8.59999 -19
    endloop
  endfacet
  facet normal 0 0 -1
    outer loop
      vertex 10.2629 -9.71114 -19
      vertex 12.6978 -10.5764 -19
      vertex 12.5716 -10.948 -19
    endloop
  endfacet
  facet normal 0 0 -1
    outer loop
      vertex 10.5616 8.99017 -19
      vertex 12.8 9.79999 -19
      vertex 10.6 8.59999 -19
    endloop
  endfacet
  facet normal 0 0 -1
    outer loop
      vertex 10.2629 -9.71114 -19
      vertex 12.5716 -10.948 -19
      vertex 12.3981 -11.3 -19
    endloop
  endfacet
  facet normal 0 0 -1
    outer loop
      vertex 10.4478 9.36536 -19
      vertex 12.8 9.79999 -19
      vertex 10.5616 8.99017 -19
    endloop
  endfacet
  facet normal 0 0 -1
    outer loop
      vertex 10.2629 -9.71114 -19
      vertex 12.3981 -11.3 -19
      vertex 12.1801 -11.6263 -19
    endloop
  endfacet
  facet normal -0 0 -1
    outer loop
      vertex 12.8 9.79999 -19
      vertex 10.4478 9.36536 -19
      vertex 12.7743 10.1916 -19
    endloop
  endfacet
  facet normal 0 0 -1
    outer loop
      vertex 10.0142 -10.0142 -19
      vertex 12.1801 -11.6263 -19
      vertex 11.9213 -11.9213 -19
    endloop
  endfacet
  facet normal -0 0 -1
    outer loop
      vertex 12.7743 10.1916 -19
      vertex 10.4478 9.36536 -19
      vertex 12.6978 10.5764 -19
    endloop
  endfacet
  facet normal 0 0 -1
    outer loop
      vertex 10.0142 -10.0142 -19
      vertex 11.9213 -11.9213 -19
      vertex 11.6263 -12.1801 -19
    endloop
  endfacet
  facet normal 0 0 -1
    outer loop
      vertex 10.2629 9.71114 -19
      vertex 12.6978 10.5764 -19
      vertex 10.4478 9.36536 -19
    endloop
  endfacet
  facet normal 0 0 -1
    outer loop
      vertex 10.0142 -10.0142 -19
      vertex 11.6263 -12.1801 -19
      vertex 11.3 -12.3981 -19
    endloop
  endfacet
  facet normal -0 0 -1
    outer loop
      vertex 12.6978 10.5764 -19
      vertex 10.2629 9.71114 -19
      vertex 12.5716 10.948 -19
    endloop
  endfacet
  facet normal 0 0 -1
    outer loop
      vertex 9.71114 -10.2629 -19
      vertex 11.3 -12.3981 -19
      vertex 10.948 -12.5716 -19
    endloop
  endfacet
  facet normal -0 0 -1
    outer loop
      vertex 12.5716 10.948 -19
      vertex 10.2629 9.71114 -19
      vertex 12.3981 11.3 -19
    endloop
  endfacet
  facet normal -0 0 -1
    outer loop
      vertex 12.3981 11.3 -19
      vertex 10.2629 9.71114 -19
      vertex 12.1801 11.6263 -19
    endloop
  endfacet
  facet normal 0 0 -1
    outer loop
      vertex 9.71114 -10.2629 -19
      vertex 10.948 -12.5716 -19
      vertex 10.5764 -12.6978 -19
    endloop
  endfacet
  facet normal 0 0 -1
    outer loop
      vertex 12.8 -9.79999 -19
      vertex 10.5616 -8.99017 -19
      vertex 10.6 -8.59999 -19
    endloop
  endfacet
  facet normal 0 0 -1
    outer loop
      vertex 12.8 -9.79999 -19
      vertex 10.4478 -9.36536 -19
      vertex 10.5616 -8.99017 -19
    endloop
  endfacet
  facet normal 0 0 -1
    outer loop
      vertex 12.6978 -10.5764 -19
      vertex 10.2629 -9.71114 -19
      vertex 10.4478 -9.36536 -19
    endloop
  endfacet
  facet normal 0 0 -1
    outer loop
      vertex 9.71114 -10.2629 -19
      vertex 10.5764 -12.6978 -19
      vertex 10.1916 -12.7743 -19
    endloop
  endfacet
  facet normal 0 0 -1
    outer loop
      vertex 12.1801 -11.6263 -19
      vertex 10.0142 -10.0142 -19
      vertex 10.2629 -9.71114 -19
    endloop
  endfacet
  facet normal 0 0 -1
    outer loop
      vertex 9.36536 -10.4478 -19
      vertex 10.1916 -12.7743 -19
      vertex 9.79999 -12.8 -19
    endloop
  endfacet
  facet normal 0 0 -1
    outer loop
      vertex 11.3 -12.3981 -19
      vertex 9.71114 -10.2629 -19
      vertex 10.0142 -10.0142 -19
    endloop
  endfacet
  facet normal 0 0 -1
    outer loop
      vertex 10.1916 -12.7743 -19
      vertex 9.36536 -10.4478 -19
      vertex 9.71114 -10.2629 -19
    endloop
  endfacet
  facet normal 0 0 -1
    outer loop
      vertex 9.79999 -12.8 -19
      vertex 8.99017 -10.5616 -19
      vertex 9.36536 -10.4478 -19
    endloop
  endfacet
  facet normal 0 0 -1
    outer loop
      vertex 9.79999 -12.8 -19
      vertex 8.59999 -10.6 -19
      vertex 8.99017 -10.5616 -19
    endloop
  endfacet
  facet normal 0 0 -1
    outer loop
      vertex 9.79999 -12.8 -19
      vertex -8.59999 -10.6 -19
      vertex 8.59999 -10.6 -19
    endloop
  endfacet
  facet normal 0 0 -1
    outer loop
      vertex -9.79999 -12.8 -19
      vertex -8.59999 -10.6 -19
      vertex 9.79999 -12.8 -19
    endloop
  endfacet
  facet normal -0 0 -1
    outer loop
      vertex -8.59999 -10.6 -19
      vertex -9.79999 -12.8 -19
      vertex -8.99017 -10.5616 -19
    endloop
  endfacet
  facet normal 0 0 -1
    outer loop
      vertex -9.79999 -12.8 -19
      vertex -9.36536 -10.4478 -19
      vertex -8.99017 -10.5616 -19
    endloop
  endfacet
  facet normal 0 0 -1
    outer loop
      vertex -10.1916 -12.7743 -19
      vertex -9.36536 -10.4478 -19
      vertex -9.79999 -12.8 -19
    endloop
  endfacet
  facet normal -0 0 -1
    outer loop
      vertex -9.36536 -10.4478 -19
      vertex -10.1916 -12.7743 -19
      vertex -9.71114 -10.2629 -19
    endloop
  endfacet
  facet normal 0 0 -1
    outer loop
      vertex -10.5764 -12.6978 -19
      vertex -9.71114 -10.2629 -19
      vertex -10.1916 -12.7743 -19
    endloop
  endfacet
  facet normal 0 0 -1
    outer loop
      vertex -10.948 -12.5716 -19
      vertex -9.71114 -10.2629 -19
      vertex -10.5764 -12.6978 -19
    endloop
  endfacet
  facet normal 0 0 -1
    outer loop
      vertex -11.3 -12.3981 -19
      vertex -9.71114 -10.2629 -19
      vertex -10.948 -12.5716 -19
    endloop
  endfacet
  facet normal -0 0 -1
    outer loop
      vertex -9.71114 -10.2629 -19
      vertex -11.3 -12.3981 -19
      vertex -10.0142 -10.0142 -19
    endloop
  endfacet
  facet normal 0 0 -1
    outer loop
      vertex -11.6263 -12.1801 -19
      vertex -10.0142 -10.0142 -19
      vertex -11.3 -12.3981 -19
    endloop
  endfacet
  facet normal 0 0 -1
    outer loop
      vertex -11.9213 -11.9213 -19
      vertex -10.0142 -10.0142 -19
      vertex -11.6263 -12.1801 -19
    endloop
  endfacet
  facet normal -0 0 -1
    outer loop
      vertex -10.0142 -10.0142 -19
      vertex -12.1801 -11.6263 -19
      vertex -10.2629 -9.71114 -19
    endloop
  endfacet
  facet normal 0 0 -1
    outer loop
      vertex -12.1801 -11.6263 -19
      vertex -10.0142 -10.0142 -19
      vertex -11.9213 -11.9213 -19
    endloop
  endfacet
  facet normal 0 0 -1
    outer loop
      vertex 10.0142 10.0142 -19
      vertex 12.1801 11.6263 -19
      vertex 10.2629 9.71114 -19
    endloop
  endfacet
  facet normal -0 0 -1
    outer loop
      vertex 12.1801 11.6263 -19
      vertex 10.0142 10.0142 -19
      vertex 11.9213 11.9213 -19
    endloop
  endfacet
  facet normal -0 0 -1
    outer loop
      vertex 11.9213 11.9213 -19
      vertex 10.0142 10.0142 -19
      vertex 11.6263 12.1801 -19
    endloop
  endfacet
  facet normal -0 0 -1
    outer loop
      vertex 11.6263 12.1801 -19
      vertex 10.0142 10.0142 -19
      vertex 11.3 12.3981 -19
    endloop
  endfacet
  facet normal 0 0 -1
    outer loop
      vertex 9.71114 10.2629 -19
      vertex 11.3 12.3981 -19
      vertex 10.0142 10.0142 -19
    endloop
  endfacet
  facet normal -0 0 -1
    outer loop
      vertex 11.3 12.3981 -19
      vertex 9.71114 10.2629 -19
      vertex 10.948 12.5716 -19
    endloop
  endfacet
  facet normal -0 0 -1
    outer loop
      vertex 10.948 12.5716 -19
      vertex 9.71114 10.2629 -19
      vertex 10.5764 12.6978 -19
    endloop
  endfacet
  facet normal -0 0 -1
    outer loop
      vertex 10.5764 12.6978 -19
      vertex 9.71114 10.2629 -19
      vertex 10.1916 12.7743 -19
    endloop
  endfacet
  facet normal 0 0 -1
    outer loop
      vertex 9.36536 10.4478 -19
      vertex 10.1916 12.7743 -19
      vertex 9.71114 10.2629 -19
    endloop
  endfacet
  facet normal -0 0 -1
    outer loop
      vertex 10.1916 12.7743 -19
      vertex 9.36536 10.4478 -19
      vertex 9.79999 12.8 -19
    endloop
  endfacet
  facet normal 0 0 -1
    outer loop
      vertex 8.99017 10.5616 -19
      vertex 9.79999 12.8 -19
      vertex 9.36536 10.4478 -19
    endloop
  endfacet
  facet normal 0 0 -1
    outer loop
      vertex 8.59999 10.6 -19
      vertex 9.79999 12.8 -19
      vertex 8.99017 10.5616 -19
    endloop
  endfacet
  facet normal 0 0 -1
    outer loop
      vertex -8.59999 10.6 -19
      vertex 9.79999 12.8 -19
      vertex 8.59999 10.6 -19
    endloop
  endfacet
  facet normal 0 0 -1
    outer loop
      vertex -9.79999 12.8 -19
      vertex -8.59999 10.6 -19
      vertex -8.99017 10.5616 -19
    endloop
  endfacet
  facet normal 0 0 -1
    outer loop
      vertex -8.59999 10.6 -19
      vertex -9.79999 12.8 -19
      vertex 9.79999 12.8 -19
    endloop
  endfacet
  facet normal 0 0 -1
    outer loop
      vertex -9.36536 10.4478 -19
      vertex -9.79999 12.8 -19
      vertex -8.99017 10.5616 -19
    endloop
  endfacet
  facet normal 0 0 -1
    outer loop
      vertex -10.1916 12.7743 -19
      vertex -9.36536 10.4478 -19
      vertex -9.71114 10.2629 -19
    endloop
  endfacet
  facet normal 0 0 -1
    outer loop
      vertex -11.3 12.3981 -19
      vertex -9.71114 10.2629 -19
      vertex -10.0142 10.0142 -19
    endloop
  endfacet
  facet normal 0 0 -1
    outer loop
      vertex -9.36536 10.4478 -19
      vertex -10.1916 12.7743 -19
      vertex -9.79999 12.8 -19
    endloop
  endfacet
  facet normal 0 0 -1
    outer loop
      vertex -12.1801 11.6263 -19
      vertex -10.0142 10.0142 -19
      vertex -10.2629 9.71114 -19
    endloop
  endfacet
  facet normal 0 0 -1
    outer loop
      vertex -12.6978 10.5764 -19
      vertex -10.2629 9.71114 -19
      vertex -10.4478 9.36536 -19
    endloop
  endfacet
  facet normal 0 0 -1
    outer loop
      vertex -12.8 9.79999 -19
      vertex -10.4478 9.36536 -19
      vertex -10.5616 8.99017 -19
    endloop
  endfacet
  facet normal 0 0 -1
    outer loop
      vertex -9.71114 10.2629 -19
      vertex -10.5764 12.6978 -19
      vertex -10.1916 12.7743 -19
    endloop
  endfacet
  facet normal 0 0 -1
    outer loop
      vertex -12.8 9.79999 -19
      vertex -10.5616 8.99017 -19
      vertex -10.6 8.59999 -19
    endloop
  endfacet
  facet normal -0 0 -1
    outer loop
      vertex -10.6 -8.59999 -19
      vertex -12.8 -9.79999 -19
      vertex -10.6 8.59999 -19
    endloop
  endfacet
  facet normal 0 0 -1
    outer loop
      vertex -12.8 9.79999 -19
      vertex -10.6 8.59999 -19
      vertex -12.8 -9.79999 -19
    endloop
  endfacet
  facet normal 0 0 -1
    outer loop
      vertex -12.3981 -11.3 -19
      vertex -10.2629 -9.71114 -19
      vertex -12.1801 -11.6263 -19
    endloop
  endfacet
  facet normal 0 0 -1
    outer loop
      vertex -10.4478 9.36536 -19
      vertex -12.8 9.79999 -19
      vertex -12.7743 10.1916 -19
    endloop
  endfacet
  facet normal 0 0 -1
    outer loop
      vertex -12.5716 -10.948 -19
      vertex -10.2629 -9.71114 -19
      vertex -12.3981 -11.3 -19
    endloop
  endfacet
  facet normal 0 0 -1
    outer loop
      vertex -9.71114 10.2629 -19
      vertex -10.948 12.5716 -19
      vertex -10.5764 12.6978 -19
    endloop
  endfacet
  facet normal 0 0 -1
    outer loop
      vertex -12.6978 -10.5764 -19
      vertex -10.2629 -9.71114 -19
      vertex -12.5716 -10.948 -19
    endloop
  endfacet
  facet normal 0 0 -1
    outer loop
      vertex -9.71114 10.2629 -19
      vertex -11.3 12.3981 -19
      vertex -10.948 12.5716 -19
    endloop
  endfacet
  facet normal -0 0 -1
    outer loop
      vertex -10.2629 -9.71114 -19
      vertex -12.6978 -10.5764 -19
      vertex -10.4478 -9.36536 -19
    endloop
  endfacet
  facet normal 0 0 -1
    outer loop
      vertex -10.0142 10.0142 -19
      vertex -11.6263 12.1801 -19
      vertex -11.3 12.3981 -19
    endloop
  endfacet
  facet normal 0 0 -1
    outer loop
      vertex -12.7743 -10.1916 -19
      vertex -10.4478 -9.36536 -19
      vertex -12.6978 -10.5764 -19
    endloop
  endfacet
  facet normal 0 0 -1
    outer loop
      vertex -10.0142 10.0142 -19
      vertex -11.9213 11.9213 -19
      vertex -11.6263 12.1801 -19
    endloop
  endfacet
  facet normal 0 0 -1
    outer loop
      vertex -12.8 -9.79999 -19
      vertex -10.4478 -9.36536 -19
      vertex -12.7743 -10.1916 -19
    endloop
  endfacet
  facet normal 0 0 -1
    outer loop
      vertex -10.0142 10.0142 -19
      vertex -12.1801 11.6263 -19
      vertex -11.9213 11.9213 -19
    endloop
  endfacet
  facet normal -0 0 -1
    outer loop
      vertex -10.4478 -9.36536 -19
      vertex -12.8 -9.79999 -19
      vertex -10.5616 -8.99017 -19
    endloop
  endfacet
  facet normal 0 0 -1
    outer loop
      vertex -10.2629 9.71114 -19
      vertex -12.3981 11.3 -19
      vertex -12.1801 11.6263 -19
    endloop
  endfacet
  facet normal -0 0 -1
    outer loop
      vertex -10.5616 -8.99017 -19
      vertex -12.8 -9.79999 -19
      vertex -10.6 -8.59999 -19
    endloop
  endfacet
  facet normal 0 0 -1
    outer loop
      vertex -10.2629 9.71114 -19
      vertex -12.5716 10.948 -19
      vertex -12.3981 11.3 -19
    endloop
  endfacet
  facet normal 0 0 -1
    outer loop
      vertex -10.2629 9.71114 -19
      vertex -12.6978 10.5764 -19
      vertex -12.5716 10.948 -19
    endloop
  endfacet
  facet normal 0 0 -1
    outer loop
      vertex -10.4478 9.36536 -19
      vertex -12.7743 10.1916 -19
      vertex -12.6978 10.5764 -19
    endloop
  endfacet
  facet normal -0.751724 -0.659478 0
    outer loop
      vertex -11.9213 -11.9213 -19
      vertex -12.1801 -11.6263 -9
      vertex -12.1801 -11.6263 -19
    endloop
  endfacet
  facet normal -0.751724 -0.659478 0
    outer loop
      vertex -12.1801 -11.6263 -9
      vertex -11.9213 -11.9213 -19
      vertex -11.9213 -11.9213 -9
    endloop
  endfacet
  facet normal -0.194989 0.980806 0
    outer loop
      vertex -10.1916 12.7743 -19
      vertex -10.5764 12.6978 -9
      vertex -10.1916 12.7743 -9
    endloop
  endfacet
  facet normal -0.194989 0.980806 0
    outer loop
      vertex -10.5764 12.6978 -9
      vertex -10.1916 12.7743 -19
      vertex -10.5764 12.6978 -19
    endloop
  endfacet
  facet normal 0.555523 0.831501 -0
    outer loop
      vertex 11.6263 12.1801 -19
      vertex 11.3 12.3981 -9
      vertex 11.6263 12.1801 -9
    endloop
  endfacet
  facet normal 0.555523 0.831501 0
    outer loop
      vertex 11.3 12.3981 -9
      vertex 11.6263 12.1801 -19
      vertex 11.3 12.3981 -19
    endloop
  endfacet
  facet normal 0.321574 0.946885 -0
    outer loop
      vertex 10.948 12.5716 -19
      vertex 10.5764 12.6978 -9
      vertex 10.948 12.5716 -9
    endloop
  endfacet
  facet normal 0.321574 0.946885 0
    outer loop
      vertex 10.5764 12.6978 -9
      vertex 10.948 12.5716 -19
      vertex 10.5764 12.6978 -19
    endloop
  endfacet
  facet normal 0 1 -0
    outer loop
      vertex 9.79999 12.8 -19
      vertex -9.79999 12.8 -9
      vertex 9.79999 12.8 -9
    endloop
  endfacet
  facet normal 0 1 0
    outer loop
      vertex -9.79999 12.8 -9
      vertex 9.79999 12.8 -19
      vertex -9.79999 12.8 -19
    endloop
  endfacet
  facet normal -0.321574 0.946885 0
    outer loop
      vertex -10.5764 12.6978 -19
      vertex -10.948 12.5716 -9
      vertex -10.5764 12.6978 -9
    endloop
  endfacet
  facet normal -0.321574 0.946885 0
    outer loop
      vertex -10.948 12.5716 -9
      vertex -10.5764 12.6978 -19
      vertex -10.948 12.5716 -19
    endloop
  endfacet
  facet normal -0.980806 0.194989 0
    outer loop
      vertex -12.7743 10.1916 -19
      vertex -12.6978 10.5764 -9
      vertex -12.6978 10.5764 -19
    endloop
  endfacet
  facet normal -0.980806 0.194989 0
    outer loop
      vertex -12.6978 10.5764 -9
      vertex -12.7743 10.1916 -19
      vertex -12.7743 10.1916 -9
    endloop
  endfacet
  facet normal -0.659478 0.751724 0
    outer loop
      vertex -11.6263 12.1801 -19
      vertex -11.9213 11.9213 -9
      vertex -11.6263 12.1801 -9
    endloop
  endfacet
  facet normal -0.659478 0.751724 0
    outer loop
      vertex -11.9213 11.9213 -9
      vertex -11.6263 12.1801 -19
      vertex -11.9213 11.9213 -19
    endloop
  endfacet
  facet normal -0.997854 -0.0654856 0
    outer loop
      vertex -12.7743 -10.1916 -19
      vertex -12.8 -9.79999 -9
      vertex -12.8 -9.79999 -19
    endloop
  endfacet
  facet normal -0.997854 -0.0654856 0
    outer loop
      vertex -12.8 -9.79999 -9
      vertex -12.7743 -10.1916 -19
      vertex -12.7743 -10.1916 -9
    endloop
  endfacet
  facet normal -0.659478 -0.751724 0
    outer loop
      vertex -11.9213 -11.9213 -19
      vertex -11.6263 -12.1801 -9
      vertex -11.9213 -11.9213 -9
    endloop
  endfacet
  facet normal -0.659478 -0.751724 -0
    outer loop
      vertex -11.6263 -12.1801 -9
      vertex -11.9213 -11.9213 -19
      vertex -11.6263 -12.1801 -19
    endloop
  endfacet
  facet normal -0.0654856 -0.997854 0
    outer loop
      vertex -10.1916 -12.7743 -19
      vertex -9.79999 -12.8 -9
      vertex -10.1916 -12.7743 -9
    endloop
  endfacet
  facet normal -0.0654856 -0.997854 -0
    outer loop
      vertex -9.79999 -12.8 -9
      vertex -10.1916 -12.7743 -19
      vertex -9.79999 -12.8 -19
    endloop
  endfacet
  facet normal -0.194989 -0.980806 0
    outer loop
      vertex -10.5764 -12.6978 -19
      vertex -10.1916 -12.7743 -9
      vertex -10.5764 -12.6978 -9
    endloop
  endfacet
  facet normal -0.194989 -0.980806 -0
    outer loop
      vertex -10.1916 -12.7743 -9
      vertex -10.5764 -12.6978 -19
      vertex -10.1916 -12.7743 -19
    endloop
  endfacet
  facet normal -0.44211 -0.896961 0
    outer loop
      vertex -11.3 -12.3981 -19
      vertex -10.948 -12.5716 -9
      vertex -11.3 -12.3981 -9
    endloop
  endfacet
  facet normal -0.44211 -0.896961 -0
    outer loop
      vertex -10.948 -12.5716 -9
      vertex -11.3 -12.3981 -19
      vertex -10.948 -12.5716 -19
    endloop
  endfacet
  facet normal 0.659478 0.751724 -0
    outer loop
      vertex 11.9213 11.9213 -19
      vertex 11.6263 12.1801 -9
      vertex 11.9213 11.9213 -9
    endloop
  endfacet
  facet normal 0.659478 0.751724 0
    outer loop
      vertex 11.6263 12.1801 -9
      vertex 11.9213 11.9213 -19
      vertex 11.6263 12.1801 -19
    endloop
  endfacet
  facet normal 0.0654856 0.997854 -0
    outer loop
      vertex 10.1916 12.7743 -19
      vertex 9.79999 12.8 -9
      vertex 10.1916 12.7743 -9
    endloop
  endfacet
  facet normal 0.0654856 0.997854 0
    outer loop
      vertex 9.79999 12.8 -9
      vertex 10.1916 12.7743 -19
      vertex 9.79999 12.8 -19
    endloop
  endfacet
  facet normal 0.194989 0.980806 -0
    outer loop
      vertex 10.5764 12.6978 -19
      vertex 10.1916 12.7743 -9
      vertex 10.5764 12.6978 -9
    endloop
  endfacet
  facet normal 0.194989 0.980806 0
    outer loop
      vertex 10.1916 12.7743 -9
      vertex 10.5764 12.6978 -19
      vertex 10.1916 12.7743 -19
    endloop
  endfacet
  facet normal 0.44211 0.896961 -0
    outer loop
      vertex 11.3 12.3981 -19
      vertex 10.948 12.5716 -9
      vertex 11.3 12.3981 -9
    endloop
  endfacet
  facet normal 0.44211 0.896961 0
    outer loop
      vertex 10.948 12.5716 -9
      vertex 11.3 12.3981 -19
      vertex 10.948 12.5716 -19
    endloop
  endfacet
  facet normal 0.896961 -0.44211 0
    outer loop
      vertex 12.3981 -11.3 -9
      vertex 12.5716 -10.948 -19
      vertex 12.5716 -10.948 -9
    endloop
  endfacet
  facet normal 0.896961 -0.44211 0
    outer loop
      vertex 12.5716 -10.948 -19
      vertex 12.3981 -11.3 -9
      vertex 12.3981 -11.3 -19
    endloop
  endfacet
  facet normal 0.980806 -0.194989 0
    outer loop
      vertex 12.6978 -10.5764 -9
      vertex 12.7743 -10.1916 -19
      vertex 12.7743 -10.1916 -9
    endloop
  endfacet
  facet normal 0.980806 -0.194989 0
    outer loop
      vertex 12.7743 -10.1916 -19
      vertex 12.6978 -10.5764 -9
      vertex 12.6978 -10.5764 -19
    endloop
  endfacet
  facet normal 0.751724 -0.659478 0
    outer loop
      vertex 11.9213 -11.9213 -9
      vertex 12.1801 -11.6263 -19
      vertex 12.1801 -11.6263 -9
    endloop
  endfacet
  facet normal 0.751724 -0.659478 0
    outer loop
      vertex 12.1801 -11.6263 -19
      vertex 11.9213 -11.9213 -9
      vertex 11.9213 -11.9213 -19
    endloop
  endfacet
  facet normal 0.659478 -0.751724 0
    outer loop
      vertex 11.6263 -12.1801 -19
      vertex 11.9213 -11.9213 -9
      vertex 11.6263 -12.1801 -9
    endloop
  endfacet
  facet normal 0.659478 -0.751724 0
    outer loop
      vertex 11.9213 -11.9213 -9
      vertex 11.6263 -12.1801 -19
      vertex 11.9213 -11.9213 -19
    endloop
  endfacet
  facet normal 0.44211 -0.896961 0
    outer loop
      vertex 10.948 -12.5716 -19
      vertex 11.3 -12.3981 -9
      vertex 10.948 -12.5716 -9
    endloop
  endfacet
  facet normal 0.44211 -0.896961 0
    outer loop
      vertex 11.3 -12.3981 -9
      vertex 10.948 -12.5716 -19
      vertex 11.3 -12.3981 -19
    endloop
  endfacet
  facet normal 0.980806 0.194989 0
    outer loop
      vertex 12.7743 10.1916 -9
      vertex 12.6978 10.5764 -19
      vertex 12.6978 10.5764 -9
    endloop
  endfacet
  facet normal 0.980806 0.194989 0
    outer loop
      vertex 12.6978 10.5764 -19
      vertex 12.7743 10.1916 -9
      vertex 12.7743 10.1916 -19
    endloop
  endfacet
  facet normal 0.997854 0.0654856 0
    outer loop
      vertex 12.8 9.79999 -9
      vertex 12.7743 10.1916 -19
      vertex 12.7743 10.1916 -9
    endloop
  endfacet
  facet normal 0.997854 0.0654856 0
    outer loop
      vertex 12.7743 10.1916 -19
      vertex 12.8 9.79999 -9
      vertex 12.8 9.79999 -19
    endloop
  endfacet
  facet normal 0.831501 0.555523 0
    outer loop
      vertex 12.3981 11.3 -9
      vertex 12.1801 11.6263 -19
      vertex 12.1801 11.6263 -9
    endloop
  endfacet
  facet normal 0.831501 0.555523 0
    outer loop
      vertex 12.1801 11.6263 -19
      vertex 12.3981 11.3 -9
      vertex 12.3981 11.3 -19
    endloop
  endfacet
  facet normal -0.831501 0.555523 0
    outer loop
      vertex -12.3981 11.3 -19
      vertex -12.1801 11.6263 -9
      vertex -12.1801 11.6263 -19
    endloop
  endfacet
  facet normal -0.831501 0.555523 0
    outer loop
      vertex -12.1801 11.6263 -9
      vertex -12.3981 11.3 -19
      vertex -12.3981 11.3 -9
    endloop
  endfacet
  facet normal -0.44211 0.896961 0
    outer loop
      vertex -10.948 12.5716 -19
      vertex -11.3 12.3981 -9
      vertex -10.948 12.5716 -9
    endloop
  endfacet
  facet normal -0.44211 0.896961 0
    outer loop
      vertex -11.3 12.3981 -9
      vertex -10.948 12.5716 -19
      vertex -11.3 12.3981 -19
    endloop
  endfacet
  facet normal -0.555523 0.831501 0
    outer loop
      vertex -11.3 12.3981 -19
      vertex -11.6263 12.1801 -9
      vertex -11.3 12.3981 -9
    endloop
  endfacet
  facet normal -0.555523 0.831501 0
    outer loop
      vertex -11.6263 12.1801 -9
      vertex -11.3 12.3981 -19
      vertex -11.6263 12.1801 -19
    endloop
  endfacet
  facet normal -0.946885 -0.321574 0
    outer loop
      vertex -12.5716 -10.948 -19
      vertex -12.6978 -10.5764 -9
      vertex -12.6978 -10.5764 -19
    endloop
  endfacet
  facet normal -0.946885 -0.321574 0
    outer loop
      vertex -12.6978 -10.5764 -9
      vertex -12.5716 -10.948 -19
      vertex -12.5716 -10.948 -9
    endloop
  endfacet
  facet normal -0.831501 -0.555523 0
    outer loop
      vertex -12.1801 -11.6263 -19
      vertex -12.3981 -11.3 -9
      vertex -12.3981 -11.3 -19
    endloop
  endfacet
  facet normal -0.831501 -0.555523 0
    outer loop
      vertex -12.3981 -11.3 -9
      vertex -12.1801 -11.6263 -19
      vertex -12.1801 -11.6263 -9
    endloop
  endfacet
  facet normal -0.980806 -0.194989 0
    outer loop
      vertex -12.6978 -10.5764 -19
      vertex -12.7743 -10.1916 -9
      vertex -12.7743 -10.1916 -19
    endloop
  endfacet
  facet normal -0.980806 -0.194989 0
    outer loop
      vertex -12.7743 -10.1916 -9
      vertex -12.6978 -10.5764 -19
      vertex -12.6978 -10.5764 -9
    endloop
  endfacet
  facet normal -0.555523 -0.831501 0
    outer loop
      vertex -11.6263 -12.1801 -19
      vertex -11.3 -12.3981 -9
      vertex -11.6263 -12.1801 -9
    endloop
  endfacet
  facet normal -0.555523 -0.831501 -0
    outer loop
      vertex -11.3 -12.3981 -9
      vertex -11.6263 -12.1801 -19
      vertex -11.3 -12.3981 -19
    endloop
  endfacet
  facet normal -0.321574 -0.946885 0
    outer loop
      vertex -10.948 -12.5716 -19
      vertex -10.5764 -12.6978 -9
      vertex -10.948 -12.5716 -9
    endloop
  endfacet
  facet normal -0.321574 -0.946885 -0
    outer loop
      vertex -10.5764 -12.6978 -9
      vertex -10.948 -12.5716 -19
      vertex -10.5764 -12.6978 -19
    endloop
  endfacet
  facet normal 0.946885 -0.321574 0
    outer loop
      vertex 12.5716 -10.948 -9
      vertex 12.6978 -10.5764 -19
      vertex 12.6978 -10.5764 -9
    endloop
  endfacet
  facet normal 0.946885 -0.321574 0
    outer loop
      vertex 12.6978 -10.5764 -19
      vertex 12.5716 -10.948 -9
      vertex 12.5716 -10.948 -19
    endloop
  endfacet
  facet normal 0.997854 -0.0654856 0
    outer loop
      vertex 12.7743 -10.1916 -9
      vertex 12.8 -9.79999 -19
      vertex 12.8 -9.79999 -9
    endloop
  endfacet
  facet normal 0.997854 -0.0654856 0
    outer loop
      vertex 12.8 -9.79999 -19
      vertex 12.7743 -10.1916 -9
      vertex 12.7743 -10.1916 -19
    endloop
  endfacet
  facet normal 0.831501 -0.555523 0
    outer loop
      vertex 12.1801 -11.6263 -9
      vertex 12.3981 -11.3 -19
      vertex 12.3981 -11.3 -9
    endloop
  endfacet
  facet normal 0.831501 -0.555523 0
    outer loop
      vertex 12.3981 -11.3 -19
      vertex 12.1801 -11.6263 -9
      vertex 12.1801 -11.6263 -19
    endloop
  endfacet
  facet normal 0.555523 -0.831501 0
    outer loop
      vertex 11.3 -12.3981 -19
      vertex 11.6263 -12.1801 -9
      vertex 11.3 -12.3981 -9
    endloop
  endfacet
  facet normal 0.555523 -0.831501 0
    outer loop
      vertex 11.6263 -12.1801 -9
      vertex 11.3 -12.3981 -19
      vertex 11.6263 -12.1801 -19
    endloop
  endfacet
  facet normal 0.946885 0.321574 0
    outer loop
      vertex 12.6978 10.5764 -9
      vertex 12.5716 10.948 -19
      vertex 12.5716 10.948 -9
    endloop
  endfacet
  facet normal 0.946885 0.321574 0
    outer loop
      vertex 12.5716 10.948 -19
      vertex 12.6978 10.5764 -9
      vertex 12.6978 10.5764 -19
    endloop
  endfacet
  facet normal 0.896961 0.44211 0
    outer loop
      vertex 12.5716 10.948 -9
      vertex 12.3981 11.3 -19
      vertex 12.3981 11.3 -9
    endloop
  endfacet
  facet normal 0.896961 0.44211 0
    outer loop
      vertex 12.3981 11.3 -19
      vertex 12.5716 10.948 -9
      vertex 12.5716 10.948 -19
    endloop
  endfacet
  facet normal -0.946885 0.321574 0
    outer loop
      vertex -12.6978 10.5764 -19
      vertex -12.5716 10.948 -9
      vertex -12.5716 10.948 -19
    endloop
  endfacet
  facet normal -0.946885 0.321574 0
    outer loop
      vertex -12.5716 10.948 -9
      vertex -12.6978 10.5764 -19
      vertex -12.6978 10.5764 -9
    endloop
  endfacet
  facet normal -0.896961 0.44211 0
    outer loop
      vertex -12.5716 10.948 -19
      vertex -12.3981 11.3 -9
      vertex -12.3981 11.3 -19
    endloop
  endfacet
  facet normal -0.896961 0.44211 0
    outer loop
      vertex -12.3981 11.3 -9
      vertex -12.5716 10.948 -19
      vertex -12.5716 10.948 -9
    endloop
  endfacet
  facet normal -0.896961 -0.44211 0
    outer loop
      vertex -12.3981 -11.3 -19
      vertex -12.5716 -10.948 -9
      vertex -12.5716 -10.948 -19
    endloop
  endfacet
  facet normal -0.896961 -0.44211 0
    outer loop
      vertex -12.5716 -10.948 -9
      vertex -12.3981 -11.3 -19
      vertex -12.3981 -11.3 -9
    endloop
  endfacet
  facet normal 0.997853 0.0654873 0
    outer loop
      vertex 17 17.5 3.2
      vertex 16.9743 17.8916 -0.00999928
      vertex 16.9743 17.8916 3.2
    endloop
  endfacet
  facet normal 0.997853 0.0654873 0
    outer loop
      vertex 16.9743 17.8916 -0.00999928
      vertex 17 17.5 3.2
      vertex 17 17.5 -0.00999928
    endloop
  endfacet
  facet normal 0.231834 -0.682643 -0.693001
    outer loop
      vertex 14.7765 -20.3978 -0.00999928
      vertex 10.948 -12.5716 -9
      vertex 15.1481 -20.2716 -0.00999928
    endloop
  endfacet
  facet normal 0.231834 -0.682643 -0.693001
    outer loop
      vertex 10.948 -12.5716 -9
      vertex 14.7765 -20.3978 -0.00999928
      vertex 10.5764 -12.6978 -9
    endloop
  endfacet
  facet normal 0 -0.759495 -0.650513
    outer loop
      vertex -9.79999 -12.8 -9
      vertex 14 -20.5 -0.00999928
      vertex -14 -20.5 -0.00999928
    endloop
  endfacet
  facet normal 0 -0.759495 -0.650513
    outer loop
      vertex 14 -20.5 -0.00999928
      vertex -9.79999 -12.8 -9
      vertex 9.79999 -12.8 -9
    endloop
  endfacet
  facet normal -0.831501 -0.555523 0
    outer loop
      vertex -16.3801 -19.3263 -0.00999928
      vertex -16.5981 -19 3.2
      vertex -16.5981 -19 -0.00999928
    endloop
  endfacet
  facet normal -0.831501 -0.555523 0
    outer loop
      vertex -16.5981 -19 3.2
      vertex -16.3801 -19.3263 -0.00999928
      vertex -16.3801 -19.3263 3.2
    endloop
  endfacet
  facet normal 0.142702 -0.7178 -0.681469
    outer loop
      vertex 10.5764 -12.6978 -9
      vertex 14.3916 -20.4743 -0.00999928
      vertex 10.1916 -12.7743 -9
    endloop
  endfacet
  facet normal 0.142667 -0.717811 -0.681464
    outer loop
      vertex 14.3916 -20.4743 -0.00999928
      vertex 10.5764 -12.6978 -9
      vertex 14.7765 -20.3978 -0.00999928
    endloop
  endfacet
  facet normal 0.980815 -0.19494 0
    outer loop
      vertex 16.8978 -18.2765 3.2
      vertex 16.9743 -17.8916 -0.00999928
      vertex 16.9743 -17.8916 3.2
    endloop
  endfacet
  facet normal 0.980815 -0.19494 0
    outer loop
      vertex 16.9743 -17.8916 -0.00999928
      vertex 16.8978 -18.2765 3.2
      vertex 16.8978 -18.2765 -0.00999928
    endloop
  endfacet
  facet normal 1 -0 0
    outer loop
      vertex 17 -17.5 3.2
      vertex 17 17.5 -0.00999928
      vertex 17 17.5 3.2
    endloop
  endfacet
  facet normal 1 0 0
    outer loop
      vertex 17 17.5 -0.00999928
      vertex 17 -17.5 3.2
      vertex 17 -17.5 -0.00999928
    endloop
  endfacet
  facet normal 0.442211 -0.896911 0
    outer loop
      vertex 15.1481 -20.2716 -0.00999928
      vertex 15.5 -20.0981 3.2
      vertex 15.1481 -20.2716 3.2
    endloop
  endfacet
  facet normal 0.442211 -0.896911 0
    outer loop
      vertex 15.5 -20.0981 3.2
      vertex 15.1481 -20.2716 -0.00999928
      vertex 15.5 -20.0981 -0.00999928
    endloop
  endfacet
  facet normal 0.0490328 -0.747149 -0.662846
    outer loop
      vertex 10.1916 -12.7743 -9
      vertex 14 -20.5 -0.00999928
      vertex 9.79999 -12.8 -9
    endloop
  endfacet
  facet normal 0.049034 -0.747148 -0.662846
    outer loop
      vertex 14 -20.5 -0.00999928
      vertex 10.1916 -12.7743 -9
      vertex 14.3916 -20.4743 -0.00999928
    endloop
  endfacet
  facet normal -0.0654873 -0.997853 0
    outer loop
      vertex -14.3916 -20.4743 -0.00999928
      vertex -14 -20.5 3.2
      vertex -14.3916 -20.4743 3.2
    endloop
  endfacet
  facet normal -0.0654873 -0.997853 -0
    outer loop
      vertex -14 -20.5 3.2
      vertex -14.3916 -20.4743 -0.00999928
      vertex -14 -20.5 -0.00999928
    endloop
  endfacet
  facet normal -1 0 0
    outer loop
      vertex -17 -17.5 -0.00999928
      vertex -17 17.5 3.2
      vertex -17 17.5 -0.00999928
    endloop
  endfacet
  facet normal -1 -0 0
    outer loop
      vertex -17 17.5 3.2
      vertex -17 -17.5 -0.00999928
      vertex -17 -17.5 3.2
    endloop
  endfacet
  facet normal -0.831501 0.555523 0
    outer loop
      vertex -16.5981 19 -0.00999928
      vertex -16.3801 19.3263 3.2
      vertex -16.3801 19.3263 -0.00999928
    endloop
  endfacet
  facet normal -0.831501 0.555523 0
    outer loop
      vertex -16.3801 19.3263 3.2
      vertex -16.5981 19 -0.00999928
      vertex -16.5981 19 3.2
    endloop
  endfacet
  facet normal -0.442211 0.896911 0
    outer loop
      vertex -15.1481 20.2716 -0.00999928
      vertex -15.5 20.0981 3.2
      vertex -15.1481 20.2716 3.2
    endloop
  endfacet
  facet normal -0.442211 0.896911 0
    outer loop
      vertex -15.5 20.0981 3.2
      vertex -15.1481 20.2716 -0.00999928
      vertex -15.5 20.0981 -0.00999928
    endloop
  endfacet
  facet normal 0 1 -0
    outer loop
      vertex 14 20.5 -0.00999928
      vertex -14 20.5 3.2
      vertex 14 20.5 3.2
    endloop
  endfacet
  facet normal 0 1 0
    outer loop
      vertex -14 20.5 3.2
      vertex 14 20.5 -0.00999928
      vertex -14 20.5 -0.00999928
    endloop
  endfacet
  facet normal 0.0654873 0.997853 -0
    outer loop
      vertex 14.3916 20.4743 -0.00999928
      vertex 14 20.5 3.2
      vertex 14.3916 20.4743 3.2
    endloop
  endfacet
  facet normal 0.0654873 0.997853 0
    outer loop
      vertex 14 20.5 3.2
      vertex 14.3916 20.4743 -0.00999928
      vertex 14 20.5 -0.00999928
    endloop
  endfacet
  facet normal 0 0.759495 -0.650513
    outer loop
      vertex 9.79999 12.8 -9
      vertex -14 20.5 -0.00999928
      vertex 14 20.5 -0.00999928
    endloop
  endfacet
  facet normal 0 0.759495 -0.650513
    outer loop
      vertex -14 20.5 -0.00999928
      vertex 9.79999 12.8 -9
      vertex -9.79999 12.8 -9
    endloop
  endfacet
  facet normal 0.6291 0.4203 -0.653897
    outer loop
      vertex 12.1801 11.6263 -9
      vertex 16.5981 19 -0.00999928
      vertex 12.3981 11.3 -9
    endloop
  endfacet
  facet normal 0.6291 0.4203 -0.653897
    outer loop
      vertex 16.5981 19 -0.00999928
      vertex 12.1801 11.6263 -9
      vertex 16.3801 19.3263 -0.00999928
    endloop
  endfacet
  facet normal 0.554309 -0.486288 -0.675474
    outer loop
      vertex 11.9213 -11.9213 -9
      vertex 16.3801 -19.3263 -0.00999928
      vertex 16.1213 -19.6213 -0.00999928
    endloop
  endfacet
  facet normal 0.554309 -0.486288 -0.675474
    outer loop
      vertex 16.3801 -19.3263 -0.00999928
      vertex 11.9213 -11.9213 -9
      vertex 12.1801 -11.6263 -9
    endloop
  endfacet
  facet normal 0.555523 -0.831501 0
    outer loop
      vertex 15.5 -20.0981 -0.00999928
      vertex 15.8263 -19.8801 3.2
      vertex 15.5 -20.0981 3.2
    endloop
  endfacet
  facet normal 0.555523 -0.831501 0
    outer loop
      vertex 15.8263 -19.8801 3.2
      vertex 15.5 -20.0981 -0.00999928
      vertex 15.8263 -19.8801 -0.00999928
    endloop
  endfacet
  facet normal 0 -1 0
    outer loop
      vertex -14 -20.5 -0.00999928
      vertex 14 -20.5 3.2
      vertex -14 -20.5 3.2
    endloop
  endfacet
  facet normal 0 -1 -0
    outer loop
      vertex 14 -20.5 3.2
      vertex -14 -20.5 -0.00999928
      vertex 14 -20.5 -0.00999928
    endloop
  endfacet
  facet normal -0.906003 0 -0.423272
    outer loop
      vertex -12.8 -9.79999 -9
      vertex -17 17.5 -0.00999928
      vertex -12.8 9.79999 -9
    endloop
  endfacet
  facet normal -0.906003 -0 -0.423272
    outer loop
      vertex -17 17.5 -0.00999928
      vertex -12.8 -9.79999 -9
      vertex -17 -17.5 -0.00999928
    endloop
  endfacet
  facet normal 0.701128 0.345683 -0.623637
    outer loop
      vertex 16.7716 18.6481 -0.00999928
      vertex 12.3981 11.3 -9
      vertex 16.5981 19 -0.00999928
    endloop
  endfacet
  facet normal 0.701187 0.345614 -0.623609
    outer loop
      vertex 12.3981 11.3 -9
      vertex 16.7716 18.6481 -0.00999928
      vertex 12.5716 10.948 -9
    endloop
  endfacet
  facet normal 0.316654 0.642251 -0.698029
    outer loop
      vertex 11.3 12.3981 -9
      vertex 15.1481 20.2716 -0.00999928
      vertex 15.5 20.0981 -0.00999928
    endloop
  endfacet
  facet normal 0.316582 0.642286 -0.698029
    outer loop
      vertex 15.1481 20.2716 -0.00999928
      vertex 11.3 12.3981 -9
      vertex 10.948 12.5716 -9
    endloop
  endfacet
  facet normal 0.398407 0.596332 -0.696893
    outer loop
      vertex 11.3 12.3981 -9
      vertex 15.8263 19.8801 -0.00999928
      vertex 11.6263 12.1801 -9
    endloop
  endfacet
  facet normal 0.398407 0.596332 -0.696893
    outer loop
      vertex 15.8263 19.8801 -0.00999928
      vertex 11.3 12.3981 -9
      vertex 15.5 20.0981 -0.00999928
    endloop
  endfacet
  facet normal 0.831658 0.165294 -0.530116
    outer loop
      vertex 16.9743 17.8916 -0.00999928
      vertex 12.6978 10.5764 -9
      vertex 16.8978 18.2765 -0.00999928
    endloop
  endfacet
  facet normal 0.831636 0.165333 -0.530138
    outer loop
      vertex 12.6978 10.5764 -9
      vertex 16.9743 17.8916 -0.00999928
      vertex 12.7743 10.1916 -9
    endloop
  endfacet
  facet normal 0.906003 0 -0.423272
    outer loop
      vertex 17 17.5 -0.00999928
      vertex 12.8 -9.79999 -9
      vertex 12.8 9.79999 -9
    endloop
  endfacet
  facet normal 0.906003 0 -0.423272
    outer loop
      vertex 12.8 -9.79999 -9
      vertex 17 17.5 -0.00999928
      vertex 17 -17.5 -0.00999928
    endloop
  endfacet
  facet normal 0.6291 -0.4203 -0.653897
    outer loop
      vertex 12.1801 -11.6263 -9
      vertex 16.5981 -19 -0.00999928
      vertex 16.3801 -19.3263 -0.00999928
    endloop
  endfacet
  facet normal 0.6291 -0.4203 -0.653897
    outer loop
      vertex 16.5981 -19 -0.00999928
      vertex 12.1801 -11.6263 -9
      vertex 12.3981 -11.3 -9
    endloop
  endfacet
  facet normal 0.884488 -0.0580459 -0.462937
    outer loop
      vertex 17 -17.5 -0.00999928
      vertex 12.7743 -10.1916 -9
      vertex 12.8 -9.79999 -9
    endloop
  endfacet
  facet normal 0.884488 -0.0580473 -0.462938
    outer loop
      vertex 12.7743 -10.1916 -9
      vertex 17 -17.5 -0.00999928
      vertex 16.9743 -17.8916 -0.00999928
    endloop
  endfacet
  facet normal 0.769229 -0.26124 -0.58313
    outer loop
      vertex 16.8978 -18.2765 -0.00999928
      vertex 12.5716 -10.948 -9
      vertex 12.6978 -10.5764 -9
    endloop
  endfacet
  facet normal 0.769229 -0.26124 -0.58313
    outer loop
      vertex 12.5716 -10.948 -9
      vertex 16.8978 -18.2765 -0.00999928
      vertex 16.7716 -18.6481 -0.00999928
    endloop
  endfacet
  facet normal 0.316654 -0.642251 -0.698029
    outer loop
      vertex 15.1481 -20.2716 -0.00999928
      vertex 11.3 -12.3981 -9
      vertex 15.5 -20.0981 -0.00999928
    endloop
  endfacet
  facet normal 0.316582 -0.642286 -0.698029
    outer loop
      vertex 11.3 -12.3981 -9
      vertex 15.1481 -20.2716 -0.00999928
      vertex 10.948 -12.5716 -9
    endloop
  endfacet
  facet normal 0.19494 -0.980815 0
    outer loop
      vertex 14.3916 -20.4743 -0.00999928
      vertex 14.7765 -20.3978 3.2
      vertex 14.3916 -20.4743 3.2
    endloop
  endfacet
  facet normal 0.19494 -0.980815 0
    outer loop
      vertex 14.7765 -20.3978 3.2
      vertex 14.3916 -20.4743 -0.00999928
      vertex 14.7765 -20.3978 -0.00999928
    endloop
  endfacet
  facet normal -0.142667 -0.717811 -0.681464
    outer loop
      vertex -10.5764 -12.6978 -9
      vertex -14.3916 -20.4743 -0.00999928
      vertex -14.7765 -20.3978 -0.00999928
    endloop
  endfacet
  facet normal -0.142702 -0.7178 -0.681469
    outer loop
      vertex -14.3916 -20.4743 -0.00999928
      vertex -10.5764 -12.6978 -9
      vertex -10.1916 -12.7743 -9
    endloop
  endfacet
  facet normal -0.049034 -0.747148 -0.662846
    outer loop
      vertex -10.1916 -12.7743 -9
      vertex -14 -20.5 -0.00999928
      vertex -14.3916 -20.4743 -0.00999928
    endloop
  endfacet
  facet normal -0.0490328 -0.747149 -0.662846
    outer loop
      vertex -14 -20.5 -0.00999928
      vertex -10.1916 -12.7743 -9
      vertex -9.79999 -12.8 -9
    endloop
  endfacet
  facet normal -0.19494 -0.980815 0
    outer loop
      vertex -14.7765 -20.3978 -0.00999928
      vertex -14.3916 -20.4743 3.2
      vertex -14.7765 -20.3978 3.2
    endloop
  endfacet
  facet normal -0.19494 -0.980815 -0
    outer loop
      vertex -14.3916 -20.4743 3.2
      vertex -14.7765 -20.3978 -0.00999928
      vertex -14.3916 -20.4743 -0.00999928
    endloop
  endfacet
  facet normal -0.231834 -0.682643 -0.693001
    outer loop
      vertex -14.7765 -20.3978 -0.00999928
      vertex -10.948 -12.5716 -9
      vertex -10.5764 -12.6978 -9
    endloop
  endfacet
  facet normal -0.231834 -0.682643 -0.693001
    outer loop
      vertex -10.948 -12.5716 -9
      vertex -14.7765 -20.3978 -0.00999928
      vertex -15.1481 -20.2716 -0.00999928
    endloop
  endfacet
  facet normal -0.398407 -0.596332 -0.696893
    outer loop
      vertex -15.8263 -19.8801 -0.00999928
      vertex -11.3 -12.3981 -9
      vertex -15.5 -20.0981 -0.00999928
    endloop
  endfacet
  facet normal -0.398407 -0.596332 -0.696893
    outer loop
      vertex -11.3 -12.3981 -9
      vertex -15.8263 -19.8801 -0.00999928
      vertex -11.6263 -12.1801 -9
    endloop
  endfacet
  facet normal -0.321574 -0.946885 0
    outer loop
      vertex -15.1481 -20.2716 -0.00999928
      vertex -14.7765 -20.3978 3.2
      vertex -15.1481 -20.2716 3.2
    endloop
  endfacet
  facet normal -0.321574 -0.946885 -0
    outer loop
      vertex -14.7765 -20.3978 3.2
      vertex -15.1481 -20.2716 -0.00999928
      vertex -14.7765 -20.3978 -0.00999928
    endloop
  endfacet
  facet normal -0.896911 -0.442211 0
    outer loop
      vertex -16.5981 -19 -0.00999928
      vertex -16.7716 -18.6481 3.2
      vertex -16.7716 -18.6481 -0.00999928
    endloop
  endfacet
  facet normal -0.896911 -0.442211 0
    outer loop
      vertex -16.7716 -18.6481 3.2
      vertex -16.5981 -19 -0.00999928
      vertex -16.5981 -19 3.2
    endloop
  endfacet
  facet normal -0.398407 0.596332 -0.696893
    outer loop
      vertex -15.8263 19.8801 -0.00999928
      vertex -11.3 12.3981 -9
      vertex -11.6263 12.1801 -9
    endloop
  endfacet
  facet normal -0.398407 0.596332 -0.696893
    outer loop
      vertex -11.3 12.3981 -9
      vertex -15.8263 19.8801 -0.00999928
      vertex -15.5 20.0981 -0.00999928
    endloop
  endfacet
  facet normal 0.142667 0.717811 -0.681464
    outer loop
      vertex 10.5764 12.6978 -9
      vertex 14.3916 20.4743 -0.00999928
      vertex 14.7765 20.3978 -0.00999928
    endloop
  endfacet
  facet normal 0.142702 0.7178 -0.681469
    outer loop
      vertex 14.3916 20.4743 -0.00999928
      vertex 10.5764 12.6978 -9
      vertex 10.1916 12.7743 -9
    endloop
  endfacet
  facet normal 0.442211 0.896911 -0
    outer loop
      vertex 15.5 20.0981 -0.00999928
      vertex 15.1481 20.2716 3.2
      vertex 15.5 20.0981 3.2
    endloop
  endfacet
  facet normal 0.442211 0.896911 0
    outer loop
      vertex 15.1481 20.2716 3.2
      vertex 15.5 20.0981 -0.00999928
      vertex 15.1481 20.2716 -0.00999928
    endloop
  endfacet
  facet normal 0.321574 0.946885 -0
    outer loop
      vertex 15.1481 20.2716 -0.00999928
      vertex 14.7765 20.3978 3.2
      vertex 15.1481 20.2716 3.2
    endloop
  endfacet
  facet normal 0.321574 0.946885 0
    outer loop
      vertex 14.7765 20.3978 3.2
      vertex 15.1481 20.2716 -0.00999928
      vertex 14.7765 20.3978 -0.00999928
    endloop
  endfacet
  facet normal 0.19494 0.980815 -0
    outer loop
      vertex 14.7765 20.3978 -0.00999928
      vertex 14.3916 20.4743 3.2
      vertex 14.7765 20.3978 3.2
    endloop
  endfacet
  facet normal 0.19494 0.980815 0
    outer loop
      vertex 14.3916 20.4743 3.2
      vertex 14.7765 20.3978 -0.00999928
      vertex 14.3916 20.4743 -0.00999928
    endloop
  endfacet
  facet normal -0.0654873 0.997853 0
    outer loop
      vertex -14 20.5 -0.00999928
      vertex -14.3916 20.4743 3.2
      vertex -14 20.5 3.2
    endloop
  endfacet
  facet normal -0.0654873 0.997853 0
    outer loop
      vertex -14.3916 20.4743 3.2
      vertex -14 20.5 -0.00999928
      vertex -14.3916 20.4743 -0.00999928
    endloop
  endfacet
  facet normal 0.769229 0.26124 -0.58313
    outer loop
      vertex 16.8978 18.2765 -0.00999928
      vertex 12.5716 10.948 -9
      vertex 16.7716 18.6481 -0.00999928
    endloop
  endfacet
  facet normal 0.769229 0.26124 -0.58313
    outer loop
      vertex 12.5716 10.948 -9
      vertex 16.8978 18.2765 -0.00999928
      vertex 12.6978 10.5764 -9
    endloop
  endfacet
  facet normal 0.751724 0.659478 0
    outer loop
      vertex 16.3801 19.3263 3.2
      vertex 16.1213 19.6213 -0.00999928
      vertex 16.1213 19.6213 3.2
    endloop
  endfacet
  facet normal 0.751724 0.659478 0
    outer loop
      vertex 16.1213 19.6213 -0.00999928
      vertex 16.3801 19.3263 3.2
      vertex 16.3801 19.3263 -0.00999928
    endloop
  endfacet
  facet normal 0.231834 0.682643 -0.693001
    outer loop
      vertex 10.948 12.5716 -9
      vertex 14.7765 20.3978 -0.00999928
      vertex 15.1481 20.2716 -0.00999928
    endloop
  endfacet
  facet normal 0.231834 0.682643 -0.693001
    outer loop
      vertex 14.7765 20.3978 -0.00999928
      vertex 10.948 12.5716 -9
      vertex 10.5764 12.6978 -9
    endloop
  endfacet
  facet normal 0.555523 0.831501 -0
    outer loop
      vertex 15.8263 19.8801 -0.00999928
      vertex 15.5 20.0981 3.2
      vertex 15.8263 19.8801 3.2
    endloop
  endfacet
  facet normal 0.555523 0.831501 0
    outer loop
      vertex 15.5 20.0981 3.2
      vertex 15.8263 19.8801 -0.00999928
      vertex 15.5 20.0981 -0.00999928
    endloop
  endfacet
  facet normal 0.997853 -0.0654873 0
    outer loop
      vertex 16.9743 -17.8916 3.2
      vertex 17 -17.5 -0.00999928
      vertex 17 -17.5 3.2
    endloop
  endfacet
  facet normal 0.997853 -0.0654873 0
    outer loop
      vertex 17 -17.5 -0.00999928
      vertex 16.9743 -17.8916 3.2
      vertex 16.9743 -17.8916 -0.00999928
    endloop
  endfacet
  facet normal 0.896911 -0.442211 0
    outer loop
      vertex 16.5981 -19 3.2
      vertex 16.7716 -18.6481 -0.00999928
      vertex 16.7716 -18.6481 3.2
    endloop
  endfacet
  facet normal 0.896911 -0.442211 0
    outer loop
      vertex 16.7716 -18.6481 -0.00999928
      vertex 16.5981 -19 3.2
      vertex 16.5981 -19 -0.00999928
    endloop
  endfacet
  facet normal 0.701187 -0.345614 -0.623609
    outer loop
      vertex 16.7716 -18.6481 -0.00999928
      vertex 12.3981 -11.3 -9
      vertex 12.5716 -10.948 -9
    endloop
  endfacet
  facet normal 0.701128 -0.345683 -0.623637
    outer loop
      vertex 12.3981 -11.3 -9
      vertex 16.7716 -18.6481 -0.00999928
      vertex 16.5981 -19 -0.00999928
    endloop
  endfacet
  facet normal 0.751724 -0.659478 0
    outer loop
      vertex 16.1213 -19.6213 3.2
      vertex 16.3801 -19.3263 -0.00999928
      vertex 16.3801 -19.3263 3.2
    endloop
  endfacet
  facet normal 0.751724 -0.659478 0
    outer loop
      vertex 16.3801 -19.3263 -0.00999928
      vertex 16.1213 -19.6213 3.2
      vertex 16.1213 -19.6213 -0.00999928
    endloop
  endfacet
  facet normal 0.0654873 -0.997853 0
    outer loop
      vertex 14 -20.5 -0.00999928
      vertex 14.3916 -20.4743 3.2
      vertex 14 -20.5 3.2
    endloop
  endfacet
  facet normal 0.0654873 -0.997853 0
    outer loop
      vertex 14.3916 -20.4743 3.2
      vertex 14 -20.5 -0.00999928
      vertex 14.3916 -20.4743 -0.00999928
    endloop
  endfacet
  facet normal 0.321574 -0.946885 0
    outer loop
      vertex 14.7765 -20.3978 -0.00999928
      vertex 15.1481 -20.2716 3.2
      vertex 14.7765 -20.3978 3.2
    endloop
  endfacet
  facet normal 0.321574 -0.946885 0
    outer loop
      vertex 15.1481 -20.2716 3.2
      vertex 14.7765 -20.3978 -0.00999928
      vertex 15.1481 -20.2716 -0.00999928
    endloop
  endfacet
  facet normal -0.997853 -0.0654873 0
    outer loop
      vertex -16.9743 -17.8916 -0.00999928
      vertex -17 -17.5 3.2
      vertex -17 -17.5 -0.00999928
    endloop
  endfacet
  facet normal -0.997853 -0.0654873 0
    outer loop
      vertex -17 -17.5 3.2
      vertex -16.9743 -17.8916 -0.00999928
      vertex -16.9743 -17.8916 3.2
    endloop
  endfacet
  facet normal -0.659478 -0.751724 0
    outer loop
      vertex -16.1213 -19.6213 -0.00999928
      vertex -15.8263 -19.8801 3.2
      vertex -16.1213 -19.6213 3.2
    endloop
  endfacet
  facet normal -0.659478 -0.751724 -0
    outer loop
      vertex -15.8263 -19.8801 3.2
      vertex -16.1213 -19.6213 -0.00999928
      vertex -15.8263 -19.8801 -0.00999928
    endloop
  endfacet
  facet normal -0.316582 0.642286 -0.698029
    outer loop
      vertex -11.3 12.3981 -9
      vertex -15.1481 20.2716 -0.00999928
      vertex -10.948 12.5716 -9
    endloop
  endfacet
  facet normal -0.316654 0.642251 -0.698029
    outer loop
      vertex -15.1481 20.2716 -0.00999928
      vertex -11.3 12.3981 -9
      vertex -15.5 20.0981 -0.00999928
    endloop
  endfacet
  facet normal -0.751724 0.659478 0
    outer loop
      vertex -16.3801 19.3263 -0.00999928
      vertex -16.1213 19.6213 3.2
      vertex -16.1213 19.6213 -0.00999928
    endloop
  endfacet
  facet normal -0.751724 0.659478 0
    outer loop
      vertex -16.1213 19.6213 3.2
      vertex -16.3801 19.3263 -0.00999928
      vertex -16.3801 19.3263 3.2
    endloop
  endfacet
  facet normal -0.946885 0.321574 0
    outer loop
      vertex -16.8978 18.2765 -0.00999928
      vertex -16.7716 18.6481 3.2
      vertex -16.7716 18.6481 -0.00999928
    endloop
  endfacet
  facet normal -0.946885 0.321574 0
    outer loop
      vertex -16.7716 18.6481 3.2
      vertex -16.8978 18.2765 -0.00999928
      vertex -16.8978 18.2765 3.2
    endloop
  endfacet
  facet normal -0.321574 0.946885 0
    outer loop
      vertex -14.7765 20.3978 -0.00999928
      vertex -15.1481 20.2716 3.2
      vertex -14.7765 20.3978 3.2
    endloop
  endfacet
  facet normal -0.321574 0.946885 0
    outer loop
      vertex -15.1481 20.2716 3.2
      vertex -14.7765 20.3978 -0.00999928
      vertex -15.1481 20.2716 -0.00999928
    endloop
  endfacet
  facet normal -0.231834 0.682643 -0.693001
    outer loop
      vertex -10.948 12.5716 -9
      vertex -14.7765 20.3978 -0.00999928
      vertex -10.5764 12.6978 -9
    endloop
  endfacet
  facet normal -0.231834 0.682643 -0.693001
    outer loop
      vertex -14.7765 20.3978 -0.00999928
      vertex -10.948 12.5716 -9
      vertex -15.1481 20.2716 -0.00999928
    endloop
  endfacet
  facet normal -0.0490328 0.747149 -0.662846
    outer loop
      vertex -10.1916 12.7743 -9
      vertex -14 20.5 -0.00999928
      vertex -9.79999 12.8 -9
    endloop
  endfacet
  facet normal -0.049034 0.747148 -0.662846
    outer loop
      vertex -14 20.5 -0.00999928
      vertex -10.1916 12.7743 -9
      vertex -14.3916 20.4743 -0.00999928
    endloop
  endfacet
  facet normal 0.980815 0.19494 0
    outer loop
      vertex 16.9743 17.8916 3.2
      vertex 16.8978 18.2765 -0.00999928
      vertex 16.8978 18.2765 3.2
    endloop
  endfacet
  facet normal 0.980815 0.19494 0
    outer loop
      vertex 16.8978 18.2765 -0.00999928
      vertex 16.9743 17.8916 3.2
      vertex 16.9743 17.8916 -0.00999928
    endloop
  endfacet
  facet normal 0.884488 0.0580473 -0.462938
    outer loop
      vertex 17 17.5 -0.00999928
      vertex 12.7743 10.1916 -9
      vertex 16.9743 17.8916 -0.00999928
    endloop
  endfacet
  facet normal 0.884488 0.0580459 -0.462937
    outer loop
      vertex 12.7743 10.1916 -9
      vertex 17 17.5 -0.00999928
      vertex 12.8 9.79999 -9
    endloop
  endfacet
  facet normal 0.554309 0.486288 -0.675474
    outer loop
      vertex 11.9213 11.9213 -9
      vertex 16.3801 19.3263 -0.00999928
      vertex 12.1801 11.6263 -9
    endloop
  endfacet
  facet normal 0.554309 0.486288 -0.675474
    outer loop
      vertex 16.3801 19.3263 -0.00999928
      vertex 11.9213 11.9213 -9
      vertex 16.1213 19.6213 -0.00999928
    endloop
  endfacet
  facet normal 0.831501 0.555523 0
    outer loop
      vertex 16.5981 19 3.2
      vertex 16.3801 19.3263 -0.00999928
      vertex 16.3801 19.3263 3.2
    endloop
  endfacet
  facet normal 0.831501 0.555523 0
    outer loop
      vertex 16.3801 19.3263 -0.00999928
      vertex 16.5981 19 3.2
      vertex 16.5981 19 -0.00999928
    endloop
  endfacet
  facet normal 0.049034 0.747148 -0.662846
    outer loop
      vertex 10.1916 12.7743 -9
      vertex 14 20.5 -0.00999928
      vertex 14.3916 20.4743 -0.00999928
    endloop
  endfacet
  facet normal 0.0490328 0.747149 -0.662846
    outer loop
      vertex 14 20.5 -0.00999928
      vertex 10.1916 12.7743 -9
      vertex 9.79999 12.8 -9
    endloop
  endfacet
  facet normal 0.477655 0.544467 -0.689494
    outer loop
      vertex 11.6263 12.1801 -9
      vertex 16.1213 19.6213 -0.00999928
      vertex 11.9213 11.9213 -9
    endloop
  endfacet
  facet normal 0.477655 0.544467 -0.689494
    outer loop
      vertex 16.1213 19.6213 -0.00999928
      vertex 11.6263 12.1801 -9
      vertex 15.8263 19.8801 -0.00999928
    endloop
  endfacet
  facet normal 0.659478 0.751724 -0
    outer loop
      vertex 16.1213 19.6213 -0.00999928
      vertex 15.8263 19.8801 3.2
      vertex 16.1213 19.6213 3.2
    endloop
  endfacet
  facet normal 0.659478 0.751724 0
    outer loop
      vertex 15.8263 19.8801 3.2
      vertex 16.1213 19.6213 -0.00999928
      vertex 15.8263 19.8801 -0.00999928
    endloop
  endfacet
  facet normal 0.946885 -0.321574 0
    outer loop
      vertex 16.7716 -18.6481 3.2
      vertex 16.8978 -18.2765 -0.00999928
      vertex 16.8978 -18.2765 3.2
    endloop
  endfacet
  facet normal 0.946885 -0.321574 0
    outer loop
      vertex 16.8978 -18.2765 -0.00999928
      vertex 16.7716 -18.6481 3.2
      vertex 16.7716 -18.6481 -0.00999928
    endloop
  endfacet
  facet normal 0.831501 -0.555523 0
    outer loop
      vertex 16.3801 -19.3263 3.2
      vertex 16.5981 -19 -0.00999928
      vertex 16.5981 -19 3.2
    endloop
  endfacet
  facet normal 0.831501 -0.555523 0
    outer loop
      vertex 16.5981 -19 -0.00999928
      vertex 16.3801 -19.3263 3.2
      vertex 16.3801 -19.3263 -0.00999928
    endloop
  endfacet
  facet normal 0.477655 -0.544467 -0.689494
    outer loop
      vertex 11.6263 -12.1801 -9
      vertex 16.1213 -19.6213 -0.00999928
      vertex 15.8263 -19.8801 -0.00999928
    endloop
  endfacet
  facet normal 0.477655 -0.544467 -0.689494
    outer loop
      vertex 16.1213 -19.6213 -0.00999928
      vertex 11.6263 -12.1801 -9
      vertex 11.9213 -11.9213 -9
    endloop
  endfacet
  facet normal 0.659478 -0.751724 0
    outer loop
      vertex 15.8263 -19.8801 -0.00999928
      vertex 16.1213 -19.6213 3.2
      vertex 15.8263 -19.8801 3.2
    endloop
  endfacet
  facet normal 0.659478 -0.751724 0
    outer loop
      vertex 16.1213 -19.6213 3.2
      vertex 15.8263 -19.8801 -0.00999928
      vertex 16.1213 -19.6213 -0.00999928
    endloop
  endfacet
  facet normal 0.398407 -0.596332 -0.696893
    outer loop
      vertex 11.3 -12.3981 -9
      vertex 15.8263 -19.8801 -0.00999928
      vertex 15.5 -20.0981 -0.00999928
    endloop
  endfacet
  facet normal 0.398407 -0.596332 -0.696893
    outer loop
      vertex 15.8263 -19.8801 -0.00999928
      vertex 11.3 -12.3981 -9
      vertex 11.6263 -12.1801 -9
    endloop
  endfacet
  facet normal -0.316582 -0.642286 -0.698029
    outer loop
      vertex -15.1481 -20.2716 -0.00999928
      vertex -11.3 -12.3981 -9
      vertex -10.948 -12.5716 -9
    endloop
  endfacet
  facet normal -0.316654 -0.642251 -0.698029
    outer loop
      vertex -11.3 -12.3981 -9
      vertex -15.1481 -20.2716 -0.00999928
      vertex -15.5 -20.0981 -0.00999928
    endloop
  endfacet
  facet normal -0.555523 -0.831501 0
    outer loop
      vertex -15.8263 -19.8801 -0.00999928
      vertex -15.5 -20.0981 3.2
      vertex -15.8263 -19.8801 3.2
    endloop
  endfacet
  facet normal -0.555523 -0.831501 -0
    outer loop
      vertex -15.5 -20.0981 3.2
      vertex -15.8263 -19.8801 -0.00999928
      vertex -15.5 -20.0981 -0.00999928
    endloop
  endfacet
  facet normal -0.701187 -0.345614 -0.623609
    outer loop
      vertex -12.3981 -11.3 -9
      vertex -16.7716 -18.6481 -0.00999928
      vertex -12.5716 -10.948 -9
    endloop
  endfacet
  facet normal -0.701128 -0.345683 -0.623637
    outer loop
      vertex -16.7716 -18.6481 -0.00999928
      vertex -12.3981 -11.3 -9
      vertex -16.5981 -19 -0.00999928
    endloop
  endfacet
  facet normal -0.946885 -0.321574 0
    outer loop
      vertex -16.7716 -18.6481 -0.00999928
      vertex -16.8978 -18.2765 3.2
      vertex -16.8978 -18.2765 -0.00999928
    endloop
  endfacet
  facet normal -0.946885 -0.321574 0
    outer loop
      vertex -16.8978 -18.2765 3.2
      vertex -16.7716 -18.6481 -0.00999928
      vertex -16.7716 -18.6481 3.2
    endloop
  endfacet
  facet normal -0.477655 -0.544467 -0.689494
    outer loop
      vertex -16.1213 -19.6213 -0.00999928
      vertex -11.6263 -12.1801 -9
      vertex -15.8263 -19.8801 -0.00999928
    endloop
  endfacet
  facet normal -0.477655 -0.544467 -0.689494
    outer loop
      vertex -11.6263 -12.1801 -9
      vertex -16.1213 -19.6213 -0.00999928
      vertex -11.9213 -11.9213 -9
    endloop
  endfacet
  facet normal -0.6291 -0.4203 -0.653897
    outer loop
      vertex -16.5981 -19 -0.00999928
      vertex -12.1801 -11.6263 -9
      vertex -16.3801 -19.3263 -0.00999928
    endloop
  endfacet
  facet normal -0.6291 -0.4203 -0.653897
    outer loop
      vertex -12.1801 -11.6263 -9
      vertex -16.5981 -19 -0.00999928
      vertex -12.3981 -11.3 -9
    endloop
  endfacet
  facet normal -0.142702 0.7178 -0.681469
    outer loop
      vertex -10.5764 12.6978 -9
      vertex -14.3916 20.4743 -0.00999928
      vertex -10.1916 12.7743 -9
    endloop
  endfacet
  facet normal -0.142667 0.717811 -0.681464
    outer loop
      vertex -14.3916 20.4743 -0.00999928
      vertex -10.5764 12.6978 -9
      vertex -14.7765 20.3978 -0.00999928
    endloop
  endfacet
  facet normal -0.477655 0.544467 -0.689494
    outer loop
      vertex -16.1213 19.6213 -0.00999928
      vertex -11.6263 12.1801 -9
      vertex -11.9213 11.9213 -9
    endloop
  endfacet
  facet normal -0.477655 0.544467 -0.689494
    outer loop
      vertex -11.6263 12.1801 -9
      vertex -16.1213 19.6213 -0.00999928
      vertex -15.8263 19.8801 -0.00999928
    endloop
  endfacet
  facet normal -0.555523 0.831501 0
    outer loop
      vertex -15.5 20.0981 -0.00999928
      vertex -15.8263 19.8801 3.2
      vertex -15.5 20.0981 3.2
    endloop
  endfacet
  facet normal -0.555523 0.831501 0
    outer loop
      vertex -15.8263 19.8801 3.2
      vertex -15.5 20.0981 -0.00999928
      vertex -15.8263 19.8801 -0.00999928
    endloop
  endfacet
  facet normal -0.884488 0.0580473 -0.462938
    outer loop
      vertex -12.7743 10.1916 -9
      vertex -17 17.5 -0.00999928
      vertex -16.9743 17.8916 -0.00999928
    endloop
  endfacet
  facet normal -0.884488 0.0580459 -0.462937
    outer loop
      vertex -17 17.5 -0.00999928
      vertex -12.7743 10.1916 -9
      vertex -12.8 9.79999 -9
    endloop
  endfacet
  facet normal -0.769229 0.26124 -0.58313
    outer loop
      vertex -12.5716 10.948 -9
      vertex -16.8978 18.2765 -0.00999928
      vertex -16.7716 18.6481 -0.00999928
    endloop
  endfacet
  facet normal -0.769229 0.26124 -0.58313
    outer loop
      vertex -16.8978 18.2765 -0.00999928
      vertex -12.5716 10.948 -9
      vertex -12.6978 10.5764 -9
    endloop
  endfacet
  facet normal -0.997853 0.0654873 0
    outer loop
      vertex -17 17.5 -0.00999928
      vertex -16.9743 17.8916 3.2
      vertex -16.9743 17.8916 -0.00999928
    endloop
  endfacet
  facet normal -0.997853 0.0654873 0
    outer loop
      vertex -16.9743 17.8916 3.2
      vertex -17 17.5 -0.00999928
      vertex -17 17.5 3.2
    endloop
  endfacet
  facet normal -0.6291 0.4203 -0.653897
    outer loop
      vertex -16.5981 19 -0.00999928
      vertex -12.1801 11.6263 -9
      vertex -12.3981 11.3 -9
    endloop
  endfacet
  facet normal -0.6291 0.4203 -0.653897
    outer loop
      vertex -12.1801 11.6263 -9
      vertex -16.5981 19 -0.00999928
      vertex -16.3801 19.3263 -0.00999928
    endloop
  endfacet
  facet normal -0.554309 0.486288 -0.675474
    outer loop
      vertex -16.3801 19.3263 -0.00999928
      vertex -11.9213 11.9213 -9
      vertex -12.1801 11.6263 -9
    endloop
  endfacet
  facet normal -0.554309 0.486288 -0.675474
    outer loop
      vertex -11.9213 11.9213 -9
      vertex -16.3801 19.3263 -0.00999928
      vertex -16.1213 19.6213 -0.00999928
    endloop
  endfacet
  facet normal -0.659478 0.751724 0
    outer loop
      vertex -15.8263 19.8801 -0.00999928
      vertex -16.1213 19.6213 3.2
      vertex -15.8263 19.8801 3.2
    endloop
  endfacet
  facet normal -0.659478 0.751724 0
    outer loop
      vertex -16.1213 19.6213 3.2
      vertex -15.8263 19.8801 -0.00999928
      vertex -16.1213 19.6213 -0.00999928
    endloop
  endfacet
  facet normal -0.19494 0.980815 0
    outer loop
      vertex -14.3916 20.4743 -0.00999928
      vertex -14.7765 20.3978 3.2
      vertex -14.3916 20.4743 3.2
    endloop
  endfacet
  facet normal -0.19494 0.980815 0
    outer loop
      vertex -14.7765 20.3978 3.2
      vertex -14.3916 20.4743 -0.00999928
      vertex -14.7765 20.3978 -0.00999928
    endloop
  endfacet
  facet normal 0.896911 0.442211 0
    outer loop
      vertex 16.7716 18.6481 3.2
      vertex 16.5981 19 -0.00999928
      vertex 16.5981 19 3.2
    endloop
  endfacet
  facet normal 0.896911 0.442211 0
    outer loop
      vertex 16.5981 19 -0.00999928
      vertex 16.7716 18.6481 3.2
      vertex 16.7716 18.6481 -0.00999928
    endloop
  endfacet
  facet normal -0.442211 -0.896911 0
    outer loop
      vertex -15.5 -20.0981 -0.00999928
      vertex -15.1481 -20.2716 3.2
      vertex -15.5 -20.0981 3.2
    endloop
  endfacet
  facet normal -0.442211 -0.896911 -0
    outer loop
      vertex -15.1481 -20.2716 3.2
      vertex -15.5 -20.0981 -0.00999928
      vertex -15.1481 -20.2716 -0.00999928
    endloop
  endfacet
  facet normal -0.831636 -0.165333 -0.530138
    outer loop
      vertex -12.6978 -10.5764 -9
      vertex -16.9743 -17.8916 -0.00999928
      vertex -12.7743 -10.1916 -9
    endloop
  endfacet
  facet normal -0.831658 -0.165294 -0.530116
    outer loop
      vertex -16.9743 -17.8916 -0.00999928
      vertex -12.6978 -10.5764 -9
      vertex -16.8978 -18.2765 -0.00999928
    endloop
  endfacet
  facet normal -0.554309 -0.486288 -0.675474
    outer loop
      vertex -16.3801 -19.3263 -0.00999928
      vertex -11.9213 -11.9213 -9
      vertex -16.1213 -19.6213 -0.00999928
    endloop
  endfacet
  facet normal -0.554309 -0.486288 -0.675474
    outer loop
      vertex -11.9213 -11.9213 -9
      vertex -16.3801 -19.3263 -0.00999928
      vertex -12.1801 -11.6263 -9
    endloop
  endfacet
  facet normal -0.751724 -0.659478 0
    outer loop
      vertex -16.1213 -19.6213 -0.00999928
      vertex -16.3801 -19.3263 3.2
      vertex -16.3801 -19.3263 -0.00999928
    endloop
  endfacet
  facet normal -0.751724 -0.659478 0
    outer loop
      vertex -16.3801 -19.3263 3.2
      vertex -16.1213 -19.6213 -0.00999928
      vertex -16.1213 -19.6213 3.2
    endloop
  endfacet
  facet normal -0.831658 0.165294 -0.530116
    outer loop
      vertex -12.6978 10.5764 -9
      vertex -16.9743 17.8916 -0.00999928
      vertex -16.8978 18.2765 -0.00999928
    endloop
  endfacet
  facet normal -0.831636 0.165333 -0.530138
    outer loop
      vertex -16.9743 17.8916 -0.00999928
      vertex -12.6978 10.5764 -9
      vertex -12.7743 10.1916 -9
    endloop
  endfacet
  facet normal -0.980815 0.19494 0
    outer loop
      vertex -16.9743 17.8916 -0.00999928
      vertex -16.8978 18.2765 3.2
      vertex -16.8978 18.2765 -0.00999928
    endloop
  endfacet
  facet normal -0.980815 0.19494 0
    outer loop
      vertex -16.8978 18.2765 3.2
      vertex -16.9743 17.8916 -0.00999928
      vertex -16.9743 17.8916 3.2
    endloop
  endfacet
  facet normal -0.896911 0.442211 0
    outer loop
      vertex -16.7716 18.6481 -0.00999928
      vertex -16.5981 19 3.2
      vertex -16.5981 19 -0.00999928
    endloop
  endfacet
  facet normal -0.896911 0.442211 0
    outer loop
      vertex -16.5981 19 3.2
      vertex -16.7716 18.6481 -0.00999928
      vertex -16.7716 18.6481 3.2
    endloop
  endfacet
  facet normal -0.701128 0.345683 -0.623637
    outer loop
      vertex -12.3981 11.3 -9
      vertex -16.7716 18.6481 -0.00999928
      vertex -16.5981 19 -0.00999928
    endloop
  endfacet
  facet normal -0.701187 0.345614 -0.623609
    outer loop
      vertex -16.7716 18.6481 -0.00999928
      vertex -12.3981 11.3 -9
      vertex -12.5716 10.948 -9
    endloop
  endfacet
  facet normal 0.946885 0.321574 0
    outer loop
      vertex 16.8978 18.2765 3.2
      vertex 16.7716 18.6481 -0.00999928
      vertex 16.7716 18.6481 3.2
    endloop
  endfacet
  facet normal 0.946885 0.321574 0
    outer loop
      vertex 16.7716 18.6481 -0.00999928
      vertex 16.8978 18.2765 3.2
      vertex 16.8978 18.2765 -0.00999928
    endloop
  endfacet
  facet normal 0.831636 -0.165333 -0.530138
    outer loop
      vertex 16.9743 -17.8916 -0.00999928
      vertex 12.6978 -10.5764 -9
      vertex 12.7743 -10.1916 -9
    endloop
  endfacet
  facet normal 0.831658 -0.165294 -0.530116
    outer loop
      vertex 12.6978 -10.5764 -9
      vertex 16.9743 -17.8916 -0.00999928
      vertex 16.8978 -18.2765 -0.00999928
    endloop
  endfacet
  facet normal -0.980815 -0.19494 0
    outer loop
      vertex -16.8978 -18.2765 -0.00999928
      vertex -16.9743 -17.8916 3.2
      vertex -16.9743 -17.8916 -0.00999928
    endloop
  endfacet
  facet normal -0.980815 -0.19494 0
    outer loop
      vertex -16.9743 -17.8916 3.2
      vertex -16.8978 -18.2765 -0.00999928
      vertex -16.8978 -18.2765 3.2
    endloop
  endfacet
  facet normal -0.769229 -0.26124 -0.58313
    outer loop
      vertex -12.5716 -10.948 -9
      vertex -16.8978 -18.2765 -0.00999928
      vertex -12.6978 -10.5764 -9
    endloop
  endfacet
  facet normal -0.769229 -0.26124 -0.58313
    outer loop
      vertex -16.8978 -18.2765 -0.00999928
      vertex -12.5716 -10.948 -9
      vertex -16.7716 -18.6481 -0.00999928
    endloop
  endfacet
  facet normal -0.884488 -0.0580459 -0.462937
    outer loop
      vertex -12.7743 -10.1916 -9
      vertex -17 -17.5 -0.00999928
      vertex -12.8 -9.79999 -9
    endloop
  endfacet
  facet normal -0.884488 -0.0580473 -0.462938
    outer loop
      vertex -17 -17.5 -0.00999928
      vertex -12.7743 -10.1916 -9
      vertex -16.9743 -17.8916 -0.00999928
    endloop
  endfacet
  facet normal 0 0 1
    outer loop
      vertex 9.79999 -12.8 3.2
      vertex 1.60205 -15.6051 3.2
      vertex 1.65 -16 3.2
    endloop
  endfacet
  facet normal 0 0 1
    outer loop
      vertex 9.79999 -12.8 3.2
      vertex 1.461 -15.2332 3.2
      vertex 1.60205 -15.6051 3.2
    endloop
  endfacet
  facet normal 0 0 1
    outer loop
      vertex 9.79999 -12.8 3.2
      vertex 1.23504 -14.9058 3.2
      vertex 1.461 -15.2332 3.2
    endloop
  endfacet
  facet normal 0 0 1
    outer loop
      vertex 9.79999 -12.8 3.2
      vertex 0.937306 -14.6421 3.2
      vertex 1.23504 -14.9058 3.2
    endloop
  endfacet
  facet normal 0 0 1
    outer loop
      vertex 9.79999 -12.8 3.2
      vertex 0.585097 -14.4572 3.2
      vertex 0.937306 -14.6421 3.2
    endloop
  endfacet
  facet normal 0 0 1
    outer loop
      vertex 9.79999 -12.8 3.2
      vertex 0.198885 -14.362 3.2
      vertex 0.585097 -14.4572 3.2
    endloop
  endfacet
  facet normal 0 0 1
    outer loop
      vertex 9.79999 -12.8 3.2
      vertex -0.198885 -14.362 3.2
      vertex 0.198885 -14.362 3.2
    endloop
  endfacet
  facet normal 0 0 1
    outer loop
      vertex -1.60205 -15.6051 3.2
      vertex -9.79999 -12.8 3.2
      vertex -1.65 -16 3.2
    endloop
  endfacet
  facet normal 0 0 1
    outer loop
      vertex -1.461 -15.2332 3.2
      vertex -9.79999 -12.8 3.2
      vertex -1.60205 -15.6051 3.2
    endloop
  endfacet
  facet normal 0 0 1
    outer loop
      vertex -1.23504 -14.9058 3.2
      vertex -9.79999 -12.8 3.2
      vertex -1.461 -15.2332 3.2
    endloop
  endfacet
  facet normal 0 0 1
    outer loop
      vertex -0.937306 -14.6421 3.2
      vertex -9.79999 -12.8 3.2
      vertex -1.23504 -14.9058 3.2
    endloop
  endfacet
  facet normal 0 0 1
    outer loop
      vertex -0.585097 -14.4572 3.2
      vertex -9.79999 -12.8 3.2
      vertex -0.937306 -14.6421 3.2
    endloop
  endfacet
  facet normal 0 0 1
    outer loop
      vertex -0.198885 -14.362 3.2
      vertex -9.79999 -12.8 3.2
      vertex -0.585097 -14.4572 3.2
    endloop
  endfacet
  facet normal -0 0 1
    outer loop
      vertex -9.79999 -12.8 3.2
      vertex -0.198885 -14.362 3.2
      vertex 9.79999 -12.8 3.2
    endloop
  endfacet
  facet normal 0 0 1
    outer loop
      vertex 14 20.5 3.2
      vertex 17 17.5 3.2
      vertex 16.9743 17.8916 3.2
    endloop
  endfacet
  facet normal 0 0 1
    outer loop
      vertex 17 17.5 3.2
      vertex 12.8 9.79999 3.2
      vertex 17 -17.5 3.2
    endloop
  endfacet
  facet normal 0 0 1
    outer loop
      vertex 14 20.5 3.2
      vertex 16.9743 17.8916 3.2
      vertex 16.8978 18.2765 3.2
    endloop
  endfacet
  facet normal -0 0 1
    outer loop
      vertex 12.8 -9.79999 3.2
      vertex 17 -17.5 3.2
      vertex 12.8 9.79999 3.2
    endloop
  endfacet
  facet normal 0 0 1
    outer loop
      vertex 14 20.5 3.2
      vertex 16.8978 18.2765 3.2
      vertex 16.7716 18.6481 3.2
    endloop
  endfacet
  facet normal -0 0 1
    outer loop
      vertex 12.7743 -10.1916 3.2
      vertex 17 -17.5 3.2
      vertex 12.8 -9.79999 3.2
    endloop
  endfacet
  facet normal 0 0 1
    outer loop
      vertex 14 20.5 3.2
      vertex 16.7716 18.6481 3.2
      vertex 16.5981 19 3.2
    endloop
  endfacet
  facet normal -0 0 1
    outer loop
      vertex 12.6978 -10.5764 3.2
      vertex 17 -17.5 3.2
      vertex 12.7743 -10.1916 3.2
    endloop
  endfacet
  facet normal 0 0 1
    outer loop
      vertex 14 20.5 3.2
      vertex 16.5981 19 3.2
      vertex 16.3801 19.3263 3.2
    endloop
  endfacet
  facet normal -0 0 1
    outer loop
      vertex 12.5716 -10.948 3.2
      vertex 17 -17.5 3.2
      vertex 12.6978 -10.5764 3.2
    endloop
  endfacet
  facet normal 0 0 1
    outer loop
      vertex 14 20.5 3.2
      vertex 16.3801 19.3263 3.2
      vertex 16.1213 19.6213 3.2
    endloop
  endfacet
  facet normal -0 0 1
    outer loop
      vertex 12.3981 -11.3 3.2
      vertex 17 -17.5 3.2
      vertex 12.5716 -10.948 3.2
    endloop
  endfacet
  facet normal 0 0 1
    outer loop
      vertex 14 20.5 3.2
      vertex 16.1213 19.6213 3.2
      vertex 15.8263 19.8801 3.2
    endloop
  endfacet
  facet normal -0 0 1
    outer loop
      vertex 12.1801 -11.6263 3.2
      vertex 17 -17.5 3.2
      vertex 12.3981 -11.3 3.2
    endloop
  endfacet
  facet normal 0 0 1
    outer loop
      vertex 14 20.5 3.2
      vertex 15.8263 19.8801 3.2
      vertex 15.5 20.0981 3.2
    endloop
  endfacet
  facet normal -0 0 1
    outer loop
      vertex 11.9213 -11.9213 3.2
      vertex 17 -17.5 3.2
      vertex 12.1801 -11.6263 3.2
    endloop
  endfacet
  facet normal 0 0 1
    outer loop
      vertex 14 20.5 3.2
      vertex 15.5 20.0981 3.2
      vertex 15.1481 20.2716 3.2
    endloop
  endfacet
  facet normal -0 0 1
    outer loop
      vertex 11.6263 -12.1801 3.2
      vertex 17 -17.5 3.2
      vertex 11.9213 -11.9213 3.2
    endloop
  endfacet
  facet normal 0 0 1
    outer loop
      vertex 14 20.5 3.2
      vertex 15.1481 20.2716 3.2
      vertex 14.7765 20.3978 3.2
    endloop
  endfacet
  facet normal -0 0 1
    outer loop
      vertex 11.3 -12.3981 3.2
      vertex 17 -17.5 3.2
      vertex 11.6263 -12.1801 3.2
    endloop
  endfacet
  facet normal 0 0 1
    outer loop
      vertex 14 20.5 3.2
      vertex 14.7765 20.3978 3.2
      vertex 14.3916 20.4743 3.2
    endloop
  endfacet
  facet normal -0 0 1
    outer loop
      vertex 10.948 -12.5716 3.2
      vertex 17 -17.5 3.2
      vertex 11.3 -12.3981 3.2
    endloop
  endfacet
  facet normal 0 0 1
    outer loop
      vertex 10.948 12.5716 3.2
      vertex 17 17.5 3.2
      vertex 14 20.5 3.2
    endloop
  endfacet
  facet normal 0 0 1
    outer loop
      vertex 17 -17.5 3.2
      vertex 14 -20.5 3.2
      vertex 16.9743 -17.8916 3.2
    endloop
  endfacet
  facet normal 0 0 1
    outer loop
      vertex 16.9743 -17.8916 3.2
      vertex 14 -20.5 3.2
      vertex 16.8978 -18.2765 3.2
    endloop
  endfacet
  facet normal 0 0 1
    outer loop
      vertex 17 17.5 3.2
      vertex 12.7743 10.1916 3.2
      vertex 12.8 9.79999 3.2
    endloop
  endfacet
  facet normal 0 0 1
    outer loop
      vertex 17 17.5 3.2
      vertex 12.6978 10.5764 3.2
      vertex 12.7743 10.1916 3.2
    endloop
  endfacet
  facet normal 0 0 1
    outer loop
      vertex 17 17.5 3.2
      vertex 12.5716 10.948 3.2
      vertex 12.6978 10.5764 3.2
    endloop
  endfacet
  facet normal 0 0 1
    outer loop
      vertex 17 17.5 3.2
      vertex 12.3981 11.3 3.2
      vertex 12.5716 10.948 3.2
    endloop
  endfacet
  facet normal 0 0 1
    outer loop
      vertex 17 17.5 3.2
      vertex 12.1801 11.6263 3.2
      vertex 12.3981 11.3 3.2
    endloop
  endfacet
  facet normal 0 0 1
    outer loop
      vertex 17 17.5 3.2
      vertex 11.9213 11.9213 3.2
      vertex 12.1801 11.6263 3.2
    endloop
  endfacet
  facet normal 0 0 1
    outer loop
      vertex 17 17.5 3.2
      vertex 11.6263 12.1801 3.2
      vertex 11.9213 11.9213 3.2
    endloop
  endfacet
  facet normal 0 0 1
    outer loop
      vertex 17 17.5 3.2
      vertex 11.3 12.3981 3.2
      vertex 11.6263 12.1801 3.2
    endloop
  endfacet
  facet normal 0 0 1
    outer loop
      vertex 17 17.5 3.2
      vertex 10.948 12.5716 3.2
      vertex 11.3 12.3981 3.2
    endloop
  endfacet
  facet normal 0 0 1
    outer loop
      vertex 14 20.5 3.2
      vertex 10.5764 12.6978 3.2
      vertex 10.948 12.5716 3.2
    endloop
  endfacet
  facet normal 0 0 1
    outer loop
      vertex 14 20.5 3.2
      vertex 10.1916 12.7743 3.2
      vertex 10.5764 12.6978 3.2
    endloop
  endfacet
  facet normal 0 0 1
    outer loop
      vertex 14 20.5 3.2
      vertex 9.79999 12.8 3.2
      vertex 10.1916 12.7743 3.2
    endloop
  endfacet
  facet normal -0 0 1
    outer loop
      vertex 1.461 16.7668 3.2
      vertex 9.79999 12.8 3.2
      vertex 14 20.5 3.2
    endloop
  endfacet
  facet normal 0 0 1
    outer loop
      vertex 9.79999 12.8 3.2
      vertex 1.60205 16.3949 3.2
      vertex 1.65 16 3.2
    endloop
  endfacet
  facet normal 0 0 1
    outer loop
      vertex 9.79999 12.8 3.2
      vertex 1.461 16.7668 3.2
      vertex 1.60205 16.3949 3.2
    endloop
  endfacet
  facet normal 0 0 1
    outer loop
      vertex 14 20.5 3.2
      vertex 1.23504 17.0942 3.2
      vertex 1.461 16.7668 3.2
    endloop
  endfacet
  facet normal 0 0 1
    outer loop
      vertex 14 20.5 3.2
      vertex 0.937306 17.3579 3.2
      vertex 1.23504 17.0942 3.2
    endloop
  endfacet
  facet normal 0 0 1
    outer loop
      vertex 14 20.5 3.2
      vertex 0.585097 17.5428 3.2
      vertex 0.937306 17.3579 3.2
    endloop
  endfacet
  facet normal 0 0 1
    outer loop
      vertex 14 20.5 3.2
      vertex 0.198885 17.638 3.2
      vertex 0.585097 17.5428 3.2
    endloop
  endfacet
  facet normal 0 0 1
    outer loop
      vertex 14 20.5 3.2
      vertex -0.198885 17.638 3.2
      vertex 0.198885 17.638 3.2
    endloop
  endfacet
  facet normal 0 0 1
    outer loop
      vertex -1.60205 16.3949 3.2
      vertex -9.79999 12.8 3.2
      vertex -1.65 16 3.2
    endloop
  endfacet
  facet normal 0 0 1
    outer loop
      vertex -1.461 16.7668 3.2
      vertex -9.79999 12.8 3.2
      vertex -1.60205 16.3949 3.2
    endloop
  endfacet
  facet normal 0 0 1
    outer loop
      vertex -14 20.5 3.2
      vertex -1.461 16.7668 3.2
      vertex -1.23504 17.0942 3.2
    endloop
  endfacet
  facet normal 0 0 1
    outer loop
      vertex -14 20.5 3.2
      vertex -1.23504 17.0942 3.2
      vertex -0.937306 17.3579 3.2
    endloop
  endfacet
  facet normal 0 0 1
    outer loop
      vertex -14 20.5 3.2
      vertex -0.937306 17.3579 3.2
      vertex -0.585097 17.5428 3.2
    endloop
  endfacet
  facet normal 0 0 1
    outer loop
      vertex -1.461 16.7668 3.2
      vertex -14 20.5 3.2
      vertex -9.79999 12.8 3.2
    endloop
  endfacet
  facet normal 0 0 1
    outer loop
      vertex -9.79999 12.8 3.2
      vertex -14 20.5 3.2
      vertex -10.1916 12.7743 3.2
    endloop
  endfacet
  facet normal 0 0 1
    outer loop
      vertex -10.1916 12.7743 3.2
      vertex -14 20.5 3.2
      vertex -10.5764 12.6978 3.2
    endloop
  endfacet
  facet normal 0 0 1
    outer loop
      vertex -12.7743 10.1916 3.2
      vertex -17 17.5 3.2
      vertex -12.8 9.79999 3.2
    endloop
  endfacet
  facet normal 0 0 1
    outer loop
      vertex -12.6978 10.5764 3.2
      vertex -17 17.5 3.2
      vertex -12.7743 10.1916 3.2
    endloop
  endfacet
  facet normal 0 0 1
    outer loop
      vertex -12.5716 10.948 3.2
      vertex -17 17.5 3.2
      vertex -12.6978 10.5764 3.2
    endloop
  endfacet
  facet normal 0 0 1
    outer loop
      vertex -12.3981 11.3 3.2
      vertex -17 17.5 3.2
      vertex -12.5716 10.948 3.2
    endloop
  endfacet
  facet normal 0 0 1
    outer loop
      vertex -12.1801 11.6263 3.2
      vertex -17 17.5 3.2
      vertex -12.3981 11.3 3.2
    endloop
  endfacet
  facet normal 0 0 1
    outer loop
      vertex -11.9213 11.9213 3.2
      vertex -17 17.5 3.2
      vertex -12.1801 11.6263 3.2
    endloop
  endfacet
  facet normal 0 0 1
    outer loop
      vertex -11.6263 12.1801 3.2
      vertex -17 17.5 3.2
      vertex -11.9213 11.9213 3.2
    endloop
  endfacet
  facet normal 0 0 1
    outer loop
      vertex -11.3 12.3981 3.2
      vertex -17 17.5 3.2
      vertex -11.6263 12.1801 3.2
    endloop
  endfacet
  facet normal 0 0 1
    outer loop
      vertex -10.948 12.5716 3.2
      vertex -17 17.5 3.2
      vertex -11.3 12.3981 3.2
    endloop
  endfacet
  facet normal -0 0 1
    outer loop
      vertex -17 17.5 3.2
      vertex -10.948 12.5716 3.2
      vertex -14 20.5 3.2
    endloop
  endfacet
  facet normal 0 0 1
    outer loop
      vertex -10.5764 12.6978 3.2
      vertex -14 20.5 3.2
      vertex -10.948 12.5716 3.2
    endloop
  endfacet
  facet normal 0 0 1
    outer loop
      vertex -0.198885 17.638 3.2
      vertex -14 20.5 3.2
      vertex -0.585097 17.5428 3.2
    endloop
  endfacet
  facet normal -0 0 1
    outer loop
      vertex -14 20.5 3.2
      vertex -0.198885 17.638 3.2
      vertex 14 20.5 3.2
    endloop
  endfacet
  facet normal 0 0 1
    outer loop
      vertex 16.8978 -18.2765 3.2
      vertex 14 -20.5 3.2
      vertex 16.7716 -18.6481 3.2
    endloop
  endfacet
  facet normal 0 0 1
    outer loop
      vertex 16.7716 -18.6481 3.2
      vertex 14 -20.5 3.2
      vertex 16.5981 -19 3.2
    endloop
  endfacet
  facet normal 0 0 1
    outer loop
      vertex 16.5981 -19 3.2
      vertex 14 -20.5 3.2
      vertex 16.3801 -19.3263 3.2
    endloop
  endfacet
  facet normal 0 0 1
    outer loop
      vertex 16.3801 -19.3263 3.2
      vertex 14 -20.5 3.2
      vertex 16.1213 -19.6213 3.2
    endloop
  endfacet
  facet normal 0 0 1
    outer loop
      vertex 16.1213 -19.6213 3.2
      vertex 14 -20.5 3.2
      vertex 15.8263 -19.8801 3.2
    endloop
  endfacet
  facet normal 0 0 1
    outer loop
      vertex 15.8263 -19.8801 3.2
      vertex 14 -20.5 3.2
      vertex 15.5 -20.0981 3.2
    endloop
  endfacet
  facet normal 0 0 1
    outer loop
      vertex 15.5 -20.0981 3.2
      vertex 14 -20.5 3.2
      vertex 15.1481 -20.2716 3.2
    endloop
  endfacet
  facet normal 0 0 1
    outer loop
      vertex 15.1481 -20.2716 3.2
      vertex 14 -20.5 3.2
      vertex 14.7765 -20.3978 3.2
    endloop
  endfacet
  facet normal 0 0 1
    outer loop
      vertex 14.7765 -20.3978 3.2
      vertex 14 -20.5 3.2
      vertex 14.3916 -20.4743 3.2
    endloop
  endfacet
  facet normal 0 0 1
    outer loop
      vertex 17 -17.5 3.2
      vertex 10.948 -12.5716 3.2
      vertex 14 -20.5 3.2
    endloop
  endfacet
  facet normal -0 0 1
    outer loop
      vertex 10.5764 -12.6978 3.2
      vertex 14 -20.5 3.2
      vertex 10.948 -12.5716 3.2
    endloop
  endfacet
  facet normal -0 0 1
    outer loop
      vertex 10.1916 -12.7743 3.2
      vertex 14 -20.5 3.2
      vertex 10.5764 -12.6978 3.2
    endloop
  endfacet
  facet normal -0 0 1
    outer loop
      vertex 9.79999 -12.8 3.2
      vertex 14 -20.5 3.2
      vertex 10.1916 -12.7743 3.2
    endloop
  endfacet
  facet normal 0 0 1
    outer loop
      vertex 1.60205 -16.3949 3.2
      vertex 9.79999 -12.8 3.2
      vertex 1.65 -16 3.2
    endloop
  endfacet
  facet normal 0 0 1
    outer loop
      vertex 1.461 -16.7668 3.2
      vertex 9.79999 -12.8 3.2
      vertex 1.60205 -16.3949 3.2
    endloop
  endfacet
  facet normal 0 0 1
    outer loop
      vertex 9.79999 -12.8 3.2
      vertex 1.461 -16.7668 3.2
      vertex 14 -20.5 3.2
    endloop
  endfacet
  facet normal -0 0 1
    outer loop
      vertex 1.23504 -17.0942 3.2
      vertex 14 -20.5 3.2
      vertex 1.461 -16.7668 3.2
    endloop
  endfacet
  facet normal -0 0 1
    outer loop
      vertex 0.937306 -17.3579 3.2
      vertex 14 -20.5 3.2
      vertex 1.23504 -17.0942 3.2
    endloop
  endfacet
  facet normal -0 0 1
    outer loop
      vertex 0.585097 -17.5428 3.2
      vertex 14 -20.5 3.2
      vertex 0.937306 -17.3579 3.2
    endloop
  endfacet
  facet normal -0 0 1
    outer loop
      vertex 0.198885 -17.638 3.2
      vertex 14 -20.5 3.2
      vertex 0.585097 -17.5428 3.2
    endloop
  endfacet
  facet normal -0 0 1
    outer loop
      vertex -0.198885 -17.638 3.2
      vertex 14 -20.5 3.2
      vertex 0.198885 -17.638 3.2
    endloop
  endfacet
  facet normal 0 0 1
    outer loop
      vertex -9.79999 -12.8 3.2
      vertex -1.60205 -16.3949 3.2
      vertex -1.65 -16 3.2
    endloop
  endfacet
  facet normal 0 0 1
    outer loop
      vertex -9.79999 -12.8 3.2
      vertex -1.461 -16.7668 3.2
      vertex -1.60205 -16.3949 3.2
    endloop
  endfacet
  facet normal 0 0 1
    outer loop
      vertex -14 -20.5 3.2
      vertex -1.461 -16.7668 3.2
      vertex -9.79999 -12.8 3.2
    endloop
  endfacet
  facet normal 0 0 1
    outer loop
      vertex -1.461 -16.7668 3.2
      vertex -14 -20.5 3.2
      vertex -1.23504 -17.0942 3.2
    endloop
  endfacet
  facet normal 0 0 1
    outer loop
      vertex -1.23504 -17.0942 3.2
      vertex -14 -20.5 3.2
      vertex -0.937306 -17.3579 3.2
    endloop
  endfacet
  facet normal 0 0 1
    outer loop
      vertex -14 -20.5 3.2
      vertex -9.79999 -12.8 3.2
      vertex -10.1916 -12.7743 3.2
    endloop
  endfacet
  facet normal 0 0 1
    outer loop
      vertex -14 -20.5 3.2
      vertex -10.1916 -12.7743 3.2
      vertex -10.5764 -12.6978 3.2
    endloop
  endfacet
  facet normal 0 0 1
    outer loop
      vertex -14 -20.5 3.2
      vertex -10.5764 -12.6978 3.2
      vertex -10.948 -12.5716 3.2
    endloop
  endfacet
  facet normal 0 0 1
    outer loop
      vertex -0.198885 -17.638 3.2
      vertex -14 -20.5 3.2
      vertex 14 -20.5 3.2
    endloop
  endfacet
  facet normal 0 0 1
    outer loop
      vertex -0.585097 -17.5428 3.2
      vertex -14 -20.5 3.2
      vertex -0.198885 -17.638 3.2
    endloop
  endfacet
  facet normal 0 0 1
    outer loop
      vertex -0.937306 -17.3579 3.2
      vertex -14 -20.5 3.2
      vertex -0.585097 -17.5428 3.2
    endloop
  endfacet
  facet normal 0 0 1
    outer loop
      vertex -17 -17.5 3.2
      vertex -10.948 -12.5716 3.2
      vertex -11.3 -12.3981 3.2
    endloop
  endfacet
  facet normal 0 0 1
    outer loop
      vertex -17 -17.5 3.2
      vertex -11.3 -12.3981 3.2
      vertex -11.6263 -12.1801 3.2
    endloop
  endfacet
  facet normal 0 0 1
    outer loop
      vertex -17 -17.5 3.2
      vertex -11.6263 -12.1801 3.2
      vertex -11.9213 -11.9213 3.2
    endloop
  endfacet
  facet normal 0 0 1
    outer loop
      vertex -17 -17.5 3.2
      vertex -11.9213 -11.9213 3.2
      vertex -12.1801 -11.6263 3.2
    endloop
  endfacet
  facet normal 0 0 1
    outer loop
      vertex -17 -17.5 3.2
      vertex -12.1801 -11.6263 3.2
      vertex -12.3981 -11.3 3.2
    endloop
  endfacet
  facet normal 0 0 1
    outer loop
      vertex -17 -17.5 3.2
      vertex -12.3981 -11.3 3.2
      vertex -12.5716 -10.948 3.2
    endloop
  endfacet
  facet normal 0 0 1
    outer loop
      vertex -17 -17.5 3.2
      vertex -12.5716 -10.948 3.2
      vertex -12.6978 -10.5764 3.2
    endloop
  endfacet
  facet normal 0 0 1
    outer loop
      vertex -17 -17.5 3.2
      vertex -12.6978 -10.5764 3.2
      vertex -12.7743 -10.1916 3.2
    endloop
  endfacet
  facet normal 0 0 1
    outer loop
      vertex -17 -17.5 3.2
      vertex -12.7743 -10.1916 3.2
      vertex -12.8 -9.79999 3.2
    endloop
  endfacet
  facet normal 0 0 1
    outer loop
      vertex -12.8 9.79999 3.2
      vertex -17 17.5 3.2
      vertex -12.8 -9.79999 3.2
    endloop
  endfacet
  facet normal 0 0 1
    outer loop
      vertex -17 17.5 3.2
      vertex -14 20.5 3.2
      vertex -14.3916 20.4743 3.2
    endloop
  endfacet
  facet normal 0 0 1
    outer loop
      vertex -17 -17.5 3.2
      vertex -12.8 -9.79999 3.2
      vertex -17 17.5 3.2
    endloop
  endfacet
  facet normal 0 0 1
    outer loop
      vertex -17 17.5 3.2
      vertex -14.3916 20.4743 3.2
      vertex -14.7765 20.3978 3.2
    endloop
  endfacet
  facet normal 0 0 1
    outer loop
      vertex -10.948 -12.5716 3.2
      vertex -17 -17.5 3.2
      vertex -14 -20.5 3.2
    endloop
  endfacet
  facet normal 0 0 1
    outer loop
      vertex -17 17.5 3.2
      vertex -14.7765 20.3978 3.2
      vertex -15.1481 20.2716 3.2
    endloop
  endfacet
  facet normal 0 0 1
    outer loop
      vertex -14 -20.5 3.2
      vertex -17 -17.5 3.2
      vertex -14.3916 -20.4743 3.2
    endloop
  endfacet
  facet normal 0 0 1
    outer loop
      vertex -17 17.5 3.2
      vertex -15.1481 20.2716 3.2
      vertex -15.5 20.0981 3.2
    endloop
  endfacet
  facet normal 0 0 1
    outer loop
      vertex -14.3916 -20.4743 3.2
      vertex -17 -17.5 3.2
      vertex -14.7765 -20.3978 3.2
    endloop
  endfacet
  facet normal 0 0 1
    outer loop
      vertex -17 17.5 3.2
      vertex -15.5 20.0981 3.2
      vertex -15.8263 19.8801 3.2
    endloop
  endfacet
  facet normal 0 0 1
    outer loop
      vertex -14.7765 -20.3978 3.2
      vertex -17 -17.5 3.2
      vertex -15.1481 -20.2716 3.2
    endloop
  endfacet
  facet normal 0 0 1
    outer loop
      vertex -17 17.5 3.2
      vertex -15.8263 19.8801 3.2
      vertex -16.1213 19.6213 3.2
    endloop
  endfacet
  facet normal 0 0 1
    outer loop
      vertex -15.1481 -20.2716 3.2
      vertex -17 -17.5 3.2
      vertex -15.5 -20.0981 3.2
    endloop
  endfacet
  facet normal 0 0 1
    outer loop
      vertex -17 17.5 3.2
      vertex -16.1213 19.6213 3.2
      vertex -16.3801 19.3263 3.2
    endloop
  endfacet
  facet normal 0 0 1
    outer loop
      vertex -15.5 -20.0981 3.2
      vertex -17 -17.5 3.2
      vertex -15.8263 -19.8801 3.2
    endloop
  endfacet
  facet normal 0 0 1
    outer loop
      vertex -17 17.5 3.2
      vertex -16.3801 19.3263 3.2
      vertex -16.5981 19 3.2
    endloop
  endfacet
  facet normal 0 0 1
    outer loop
      vertex -15.8263 -19.8801 3.2
      vertex -17 -17.5 3.2
      vertex -16.1213 -19.6213 3.2
    endloop
  endfacet
  facet normal 0 0 1
    outer loop
      vertex -17 17.5 3.2
      vertex -16.5981 19 3.2
      vertex -16.7716 18.6481 3.2
    endloop
  endfacet
  facet normal 0 0 1
    outer loop
      vertex -16.1213 -19.6213 3.2
      vertex -17 -17.5 3.2
      vertex -16.3801 -19.3263 3.2
    endloop
  endfacet
  facet normal 0 0 1
    outer loop
      vertex -17 17.5 3.2
      vertex -16.7716 18.6481 3.2
      vertex -16.8978 18.2765 3.2
    endloop
  endfacet
  facet normal 0 0 1
    outer loop
      vertex -16.3801 -19.3263 3.2
      vertex -17 -17.5 3.2
      vertex -16.5981 -19 3.2
    endloop
  endfacet
  facet normal 0 0 1
    outer loop
      vertex -17 17.5 3.2
      vertex -16.8978 18.2765 3.2
      vertex -16.9743 17.8916 3.2
    endloop
  endfacet
  facet normal 0 0 1
    outer loop
      vertex -16.5981 -19 3.2
      vertex -17 -17.5 3.2
      vertex -16.7716 -18.6481 3.2
    endloop
  endfacet
  facet normal 0 0 1
    outer loop
      vertex -16.7716 -18.6481 3.2
      vertex -17 -17.5 3.2
      vertex -16.8978 -18.2765 3.2
    endloop
  endfacet
  facet normal 0 0 1
    outer loop
      vertex -16.8978 -18.2765 3.2
      vertex -17 -17.5 3.2
      vertex -16.9743 -17.8916 3.2
    endloop
  endfacet
  facet normal -0 0 1
    outer loop
      vertex 1.60205 15.6051 3.2
      vertex 9.79999 12.8 3.2
      vertex 1.65 16 3.2
    endloop
  endfacet
  facet normal -0 0 1
    outer loop
      vertex 1.461 15.2332 3.2
      vertex 9.79999 12.8 3.2
      vertex 1.60205 15.6051 3.2
    endloop
  endfacet
  facet normal -0 0 1
    outer loop
      vertex 1.23504 14.9058 3.2
      vertex 9.79999 12.8 3.2
      vertex 1.461 15.2332 3.2
    endloop
  endfacet
  facet normal -0 0 1
    outer loop
      vertex 0.937306 14.6421 3.2
      vertex 9.79999 12.8 3.2
      vertex 1.23504 14.9058 3.2
    endloop
  endfacet
  facet normal -0 0 1
    outer loop
      vertex 0.585097 14.4572 3.2
      vertex 9.79999 12.8 3.2
      vertex 0.937306 14.6421 3.2
    endloop
  endfacet
  facet normal -0 0 1
    outer loop
      vertex 0.198885 14.362 3.2
      vertex 9.79999 12.8 3.2
      vertex 0.585097 14.4572 3.2
    endloop
  endfacet
  facet normal -0 0 1
    outer loop
      vertex -0.198885 14.362 3.2
      vertex 9.79999 12.8 3.2
      vertex 0.198885 14.362 3.2
    endloop
  endfacet
  facet normal 0 0 1
    outer loop
      vertex -0.198885 14.362 3.2
      vertex -9.79999 12.8 3.2
      vertex 9.79999 12.8 3.2
    endloop
  endfacet
  facet normal 0 0 1
    outer loop
      vertex -0.585097 14.4572 3.2
      vertex -9.79999 12.8 3.2
      vertex -0.198885 14.362 3.2
    endloop
  endfacet
  facet normal 0 0 1
    outer loop
      vertex -0.937306 14.6421 3.2
      vertex -9.79999 12.8 3.2
      vertex -0.585097 14.4572 3.2
    endloop
  endfacet
  facet normal 0 0 1
    outer loop
      vertex -1.23504 14.9058 3.2
      vertex -9.79999 12.8 3.2
      vertex -0.937306 14.6421 3.2
    endloop
  endfacet
  facet normal 0 0 1
    outer loop
      vertex -1.461 15.2332 3.2
      vertex -9.79999 12.8 3.2
      vertex -1.23504 14.9058 3.2
    endloop
  endfacet
  facet normal 0 0 1
    outer loop
      vertex -1.60205 15.6051 3.2
      vertex -9.79999 12.8 3.2
      vertex -1.461 15.2332 3.2
    endloop
  endfacet
  facet normal 0 0 1
    outer loop
      vertex -9.79999 12.8 3.2
      vertex -1.60205 15.6051 3.2
      vertex -1.65 16 3.2
    endloop
  endfacet
  facet normal 0.300167 -0.884277 -0.357707
    outer loop
      vertex 35.5276 -42.6534 98.19
      vertex 10.5764 -12.6978 3.2
      vertex 36.7758 -42.2297 98.19
    endloop
  endfacet
  facet normal 0.0620439 -0.94671 -0.316055
    outer loop
      vertex 32.9194 -42.9968 98.19
      vertex 10.1916 -12.7743 3.2
      vertex 34.2347 -42.9106 98.19
    endloop
  endfacet
  facet normal 0.300294 -0.884226 -0.357726
    outer loop
      vertex 10.948 -12.5716 3.2
      vertex 36.7758 -42.2297 98.19
      vertex 10.5764 -12.6978 3.2
    endloop
  endfacet
  facet normal 0 -0.954555 -0.298034
    outer loop
      vertex 36.7758 -42.2297 98.19
      vertex 10.948 -12.5716 3.2
      vertex 36.7759 -42.2297 98.19
    endloop
  endfacet
  facet normal 0.183432 -0.922674 -0.339154
    outer loop
      vertex 10.5764 -12.6978 3.2
      vertex 34.2347 -42.9106 98.19
      vertex 10.1916 -12.7743 3.2
    endloop
  endfacet
  facet normal 0 -0.952959 -0.303101
    outer loop
      vertex 34.2347 -42.9106 98.19
      vertex 10.5764 -12.6978 3.2
      vertex 34.2348 -42.9106 98.19
    endloop
  endfacet
  facet normal 0.183558 -0.922641 -0.339175
    outer loop
      vertex 34.2348 -42.9106 98.19
      vertex 10.5764 -12.6978 3.2
      vertex 35.5276 -42.6534 98.19
    endloop
  endfacet
  facet normal 0 -0.953005 -0.302955
    outer loop
      vertex -9.79999 -12.8 3.2
      vertex 32.9194 -42.9968 98.19
      vertex -32.9194 -42.9968 98.19
    endloop
  endfacet
  facet normal 0 -0.953005 -0.302955
    outer loop
      vertex 32.9194 -42.9968 98.19
      vertex -9.79999 -12.8 3.2
      vertex 9.79999 -12.8 3.2
    endloop
  endfacet
  facet normal 0.946699 -0.0621285 -0.316072
    outer loop
      vertex 42.9968 -32.9194 98.19
      vertex 12.7743 -10.1916 3.2
      vertex 12.8 -9.79999 3.2
    endloop
  endfacet
  facet normal 0.0621285 -0.946699 -0.316072
    outer loop
      vertex 10.1916 -12.7743 3.2
      vertex 32.9194 -42.9968 98.19
      vertex 9.79999 -12.8 3.2
    endloop
  endfacet
  facet normal 0.94671 0.0620439 -0.316055
    outer loop
      vertex 42.9968 32.9194 98.19
      vertex 12.7743 10.1916 3.2
      vertex 42.9106 34.2347 98.19
    endloop
  endfacet
  facet normal 0.884226 -0.300294 -0.357726
    outer loop
      vertex 42.2297 -36.7758 98.19
      vertex 12.5716 -10.948 3.2
      vertex 12.6978 -10.5764 3.2
    endloop
  endfacet
  facet normal 0.954555 0 -0.298034
    outer loop
      vertex 12.5716 -10.948 3.2
      vertex 42.2297 -36.7758 98.19
      vertex 42.2297 -36.7759 98.19
    endloop
  endfacet
  facet normal -0.183558 0.922641 -0.339175
    outer loop
      vertex -10.5764 12.6978 3.2
      vertex -35.5276 42.6534 98.19
      vertex -34.2348 42.9106 98.19
    endloop
  endfacet
  facet normal -0.513729 -0.76877 -0.380887
    outer loop
      vertex -37.9581 -41.6467 98.19
      vertex -39.0541 -40.9143 98.19
      vertex -11.6263 -12.1801 3.2
    endloop
  endfacet
  facet normal -0.183558 -0.922641 -0.339175
    outer loop
      vertex -34.2348 -42.9106 98.19
      vertex -35.5276 -42.6534 98.19
      vertex -10.5764 -12.6978 3.2
    endloop
  endfacet
  facet normal -0.953005 0 -0.302955
    outer loop
      vertex -12.8 -9.79999 3.2
      vertex -42.9968 32.9194 98.19
      vertex -12.8 9.79999 3.2
    endloop
  endfacet
  facet normal -0.953005 -0 -0.302955
    outer loop
      vertex -42.9968 32.9194 98.19
      vertex -12.8 -9.79999 3.2
      vertex -42.9968 -32.9194 98.19
    endloop
  endfacet
  facet normal -0.76877 -0.513729 -0.380887
    outer loop
      vertex -40.9143 -39.0541 98.19
      vertex -41.6467 -37.9581 98.19
      vertex -12.1801 -11.6263 3.2
    endloop
  endfacet
  facet normal -0.952959 0 -0.303101
    outer loop
      vertex -12.6978 10.5764 3.2
      vertex -42.9106 34.2347 98.19
      vertex -42.9106 34.2348 98.19
    endloop
  endfacet
  facet normal -0.922674 0.183432 -0.339154
    outer loop
      vertex -42.9106 34.2347 98.19
      vertex -12.6978 10.5764 3.2
      vertex -12.7743 10.1916 3.2
    endloop
  endfacet
  facet normal -0.768825 0.51365 -0.380882
    outer loop
      vertex -41.6467 37.9581 98.19
      vertex -12.1801 11.6263 3.2
      vertex -12.3981 11.3 3.2
    endloop
  endfacet
  facet normal 0.693748 0.608351 -0.385515
    outer loop
      vertex 40.9143 39.0541 98.19
      vertex 11.9213 11.9213 3.2
      vertex 40.0452 40.0452 98.19
    endloop
  endfacet
  facet normal 0.922641 -0.183558 -0.339175
    outer loop
      vertex 42.6534 -35.5276 98.19
      vertex 12.6978 -10.5764 3.2
      vertex 42.9106 -34.2348 98.19
    endloop
  endfacet
  facet normal 0.410617 -0.832643 -0.371618
    outer loop
      vertex 36.7759 -42.2297 98.19
      vertex 10.948 -12.5716 3.2
      vertex 37.9581 -41.6467 98.19
    endloop
  endfacet
  facet normal -0.51365 -0.768825 -0.380882
    outer loop
      vertex -37.9581 -41.6467 98.19
      vertex -11.6263 -12.1801 3.2
      vertex -11.3 -12.3981 3.2
    endloop
  endfacet
  facet normal 0 -0.954555 -0.298034
    outer loop
      vertex -10.948 -12.5716 3.2
      vertex -36.7758 -42.2297 98.19
      vertex -36.7759 -42.2297 98.19
    endloop
  endfacet
  facet normal -0.300294 -0.884226 -0.357726
    outer loop
      vertex -36.7758 -42.2297 98.19
      vertex -10.948 -12.5716 3.2
      vertex -10.5764 -12.6978 3.2
    endloop
  endfacet
  facet normal -0.0621285 -0.946699 -0.316072
    outer loop
      vertex -32.9194 -42.9968 98.19
      vertex -10.1916 -12.7743 3.2
      vertex -9.79999 -12.8 3.2
    endloop
  endfacet
  facet normal -0.94671 0.0620439 -0.316055
    outer loop
      vertex -12.7743 10.1916 3.2
      vertex -42.9968 32.9194 98.19
      vertex -42.9106 34.2347 98.19
    endloop
  endfacet
  facet normal -0.946699 -0.0621285 -0.316072
    outer loop
      vertex -12.7743 -10.1916 3.2
      vertex -42.9968 -32.9194 98.19
      vertex -12.8 -9.79999 3.2
    endloop
  endfacet
  facet normal -0.608351 -0.693748 -0.385515
    outer loop
      vertex -39.0541 -40.9143 98.19
      vertex -40.0452 -40.0452 98.19
      vertex -11.9213 -11.9213 3.2
    endloop
  endfacet
  facet normal -0.693748 -0.608351 -0.385515
    outer loop
      vertex -40.0452 -40.0452 98.19
      vertex -40.9143 -39.0541 98.19
      vertex -11.9213 -11.9213 3.2
    endloop
  endfacet
  facet normal -0.922641 0.183558 -0.339175
    outer loop
      vertex -12.6978 10.5764 3.2
      vertex -42.9106 34.2348 98.19
      vertex -42.6534 35.5276 98.19
    endloop
  endfacet
  facet normal -0.693748 0.608351 -0.385515
    outer loop
      vertex -11.9213 11.9213 3.2
      vertex -40.9143 39.0541 98.19
      vertex -40.0452 40.0452 98.19
    endloop
  endfacet
  facet normal -0.76877 0.513729 -0.380887
    outer loop
      vertex -12.1801 11.6263 3.2
      vertex -41.6467 37.9581 98.19
      vertex -40.9143 39.0541 98.19
    endloop
  endfacet
  facet normal 0.410452 0.832733 -0.371598
    outer loop
      vertex 37.9581 41.6467 98.19
      vertex 11.3 12.3981 3.2
      vertex 10.948 12.5716 3.2
    endloop
  endfacet
  facet normal -0.0621285 0.946699 -0.316072
    outer loop
      vertex -10.1916 12.7743 3.2
      vertex -32.9194 42.9968 98.19
      vertex -9.79999 12.8 3.2
    endloop
  endfacet
  facet normal 0 0.953005 -0.302955
    outer loop
      vertex 9.79999 12.8 3.2
      vertex -32.9194 42.9968 98.19
      vertex 32.9194 42.9968 98.19
    endloop
  endfacet
  facet normal 0 0.953005 -0.302955
    outer loop
      vertex -32.9194 42.9968 98.19
      vertex 9.79999 12.8 3.2
      vertex -9.79999 12.8 3.2
    endloop
  endfacet
  facet normal -0.0620439 0.94671 -0.316055
    outer loop
      vertex -10.1916 12.7743 3.2
      vertex -34.2347 42.9106 98.19
      vertex -32.9194 42.9968 98.19
    endloop
  endfacet
  facet normal -0.183432 0.922674 -0.339154
    outer loop
      vertex -10.5764 12.6978 3.2
      vertex -34.2347 42.9106 98.19
      vertex -10.1916 12.7743 3.2
    endloop
  endfacet
  facet normal 0 0.952959 -0.303101
    outer loop
      vertex -34.2347 42.9106 98.19
      vertex -10.5764 12.6978 3.2
      vertex -34.2348 42.9106 98.19
    endloop
  endfacet
  facet normal 0.300167 0.884277 -0.357707
    outer loop
      vertex 36.7758 42.2297 98.19
      vertex 10.5764 12.6978 3.2
      vertex 35.5276 42.6534 98.19
    endloop
  endfacet
  facet normal 0.608351 0.693748 -0.385515
    outer loop
      vertex 40.0452 40.0452 98.19
      vertex 11.9213 11.9213 3.2
      vertex 39.0541 40.9143 98.19
    endloop
  endfacet
  facet normal 0.946699 0.0621285 -0.316072
    outer loop
      vertex 12.7743 10.1916 3.2
      vertex 42.9968 32.9194 98.19
      vertex 12.8 9.79999 3.2
    endloop
  endfacet
  facet normal 0.832643 0.410617 -0.371618
    outer loop
      vertex 42.2297 36.7759 98.19
      vertex 12.5716 10.948 3.2
      vertex 41.6467 37.9581 98.19
    endloop
  endfacet
  facet normal 0.953005 0 -0.302955
    outer loop
      vertex 42.9968 32.9194 98.19
      vertex 12.8 -9.79999 3.2
      vertex 12.8 9.79999 3.2
    endloop
  endfacet
  facet normal 0.953005 0 -0.302955
    outer loop
      vertex 12.8 -9.79999 3.2
      vertex 42.9968 32.9194 98.19
      vertex 42.9968 -32.9194 98.19
    endloop
  endfacet
  facet normal 0.884277 -0.300167 -0.357707
    outer loop
      vertex 42.2297 -36.7758 98.19
      vertex 12.6978 -10.5764 3.2
      vertex 42.6534 -35.5276 98.19
    endloop
  endfacet
  facet normal 0.94671 -0.0620439 -0.316055
    outer loop
      vertex 42.9106 -34.2347 98.19
      vertex 12.7743 -10.1916 3.2
      vertex 42.9968 -32.9194 98.19
    endloop
  endfacet
  facet normal 0.832733 -0.410452 -0.371598
    outer loop
      vertex 41.6467 -37.9581 98.19
      vertex 12.3981 -11.3 3.2
      vertex 12.5716 -10.948 3.2
    endloop
  endfacet
  facet normal 0.76877 -0.513729 -0.380887
    outer loop
      vertex 40.9143 -39.0541 98.19
      vertex 12.1801 -11.6263 3.2
      vertex 41.6467 -37.9581 98.19
    endloop
  endfacet
  facet normal 0.608351 -0.693748 -0.385515
    outer loop
      vertex 39.0541 -40.9143 98.19
      vertex 11.9213 -11.9213 3.2
      vertex 40.0452 -40.0452 98.19
    endloop
  endfacet
  facet normal -0.300167 -0.884277 -0.357707
    outer loop
      vertex -35.5276 -42.6534 98.19
      vertex -36.7758 -42.2297 98.19
      vertex -10.5764 -12.6978 3.2
    endloop
  endfacet
  facet normal 0 -0.952959 -0.303101
    outer loop
      vertex -10.5764 -12.6978 3.2
      vertex -34.2347 -42.9106 98.19
      vertex -34.2348 -42.9106 98.19
    endloop
  endfacet
  facet normal -0.183432 -0.922674 -0.339154
    outer loop
      vertex -34.2347 -42.9106 98.19
      vertex -10.5764 -12.6978 3.2
      vertex -10.1916 -12.7743 3.2
    endloop
  endfacet
  facet normal -0.0620439 -0.94671 -0.316055
    outer loop
      vertex -32.9194 -42.9968 98.19
      vertex -34.2347 -42.9106 98.19
      vertex -10.1916 -12.7743 3.2
    endloop
  endfacet
  facet normal -0.946699 0.0621285 -0.316072
    outer loop
      vertex -42.9968 32.9194 98.19
      vertex -12.7743 10.1916 3.2
      vertex -12.8 9.79999 3.2
    endloop
  endfacet
  facet normal -0.922641 -0.183558 -0.339175
    outer loop
      vertex -42.6534 -35.5276 98.19
      vertex -42.9106 -34.2348 98.19
      vertex -12.6978 -10.5764 3.2
    endloop
  endfacet
  facet normal -0.94671 -0.0620439 -0.316055
    outer loop
      vertex -42.9106 -34.2347 98.19
      vertex -42.9968 -32.9194 98.19
      vertex -12.7743 -10.1916 3.2
    endloop
  endfacet
  facet normal -0.832733 -0.410452 -0.371598
    outer loop
      vertex -12.3981 -11.3 3.2
      vertex -41.6467 -37.9581 98.19
      vertex -12.5716 -10.948 3.2
    endloop
  endfacet
  facet normal -0.768825 -0.51365 -0.380882
    outer loop
      vertex -12.1801 -11.6263 3.2
      vertex -41.6467 -37.9581 98.19
      vertex -12.3981 -11.3 3.2
    endloop
  endfacet
  facet normal -0.693616 -0.608501 -0.385518
    outer loop
      vertex -11.9213 -11.9213 3.2
      vertex -40.9143 -39.0541 98.19
      vertex -12.1801 -11.6263 3.2
    endloop
  endfacet
  facet normal -0.608501 -0.693616 -0.385518
    outer loop
      vertex -39.0541 -40.9143 98.19
      vertex -11.9213 -11.9213 3.2
      vertex -11.6263 -12.1801 3.2
    endloop
  endfacet
  facet normal -0.410452 0.832733 -0.371598
    outer loop
      vertex -11.3 12.3981 3.2
      vertex -37.9581 41.6467 98.19
      vertex -10.948 12.5716 3.2
    endloop
  endfacet
  facet normal -0.300167 0.884277 -0.357707
    outer loop
      vertex -10.5764 12.6978 3.2
      vertex -36.7758 42.2297 98.19
      vertex -35.5276 42.6534 98.19
    endloop
  endfacet
  facet normal -0.608351 0.693748 -0.385515
    outer loop
      vertex -11.9213 11.9213 3.2
      vertex -40.0452 40.0452 98.19
      vertex -39.0541 40.9143 98.19
    endloop
  endfacet
  facet normal -0.693616 0.608501 -0.385518
    outer loop
      vertex -40.9143 39.0541 98.19
      vertex -11.9213 11.9213 3.2
      vertex -12.1801 11.6263 3.2
    endloop
  endfacet
  facet normal 0.410617 0.832643 -0.371618
    outer loop
      vertex 37.9581 41.6467 98.19
      vertex 10.948 12.5716 3.2
      vertex 36.7759 42.2297 98.19
    endloop
  endfacet
  facet normal 0 0.954555 -0.298034
    outer loop
      vertex 10.948 12.5716 3.2
      vertex 36.7758 42.2297 98.19
      vertex 36.7759 42.2297 98.19
    endloop
  endfacet
  facet normal 0.300294 0.884226 -0.357726
    outer loop
      vertex 36.7758 42.2297 98.19
      vertex 10.948 12.5716 3.2
      vertex 10.5764 12.6978 3.2
    endloop
  endfacet
  facet normal 0.51365 0.768825 -0.380882
    outer loop
      vertex 37.9581 41.6467 98.19
      vertex 11.6263 12.1801 3.2
      vertex 11.3 12.3981 3.2
    endloop
  endfacet
  facet normal 0 0.952959 -0.303101
    outer loop
      vertex 10.5764 12.6978 3.2
      vertex 34.2347 42.9106 98.19
      vertex 34.2348 42.9106 98.19
    endloop
  endfacet
  facet normal 0.183432 0.922674 -0.339154
    outer loop
      vertex 34.2347 42.9106 98.19
      vertex 10.5764 12.6978 3.2
      vertex 10.1916 12.7743 3.2
    endloop
  endfacet
  facet normal 0.183558 0.922641 -0.339175
    outer loop
      vertex 35.5276 42.6534 98.19
      vertex 10.5764 12.6978 3.2
      vertex 34.2348 42.9106 98.19
    endloop
  endfacet
  facet normal 0.513729 0.76877 -0.380887
    outer loop
      vertex 39.0541 40.9143 98.19
      vertex 11.6263 12.1801 3.2
      vertex 37.9581 41.6467 98.19
    endloop
  endfacet
  facet normal 0.952959 0 -0.303101
    outer loop
      vertex 42.9106 34.2347 98.19
      vertex 12.6978 10.5764 3.2
      vertex 42.9106 34.2348 98.19
    endloop
  endfacet
  facet normal 0.922674 0.183432 -0.339154
    outer loop
      vertex 12.6978 10.5764 3.2
      vertex 42.9106 34.2347 98.19
      vertex 12.7743 10.1916 3.2
    endloop
  endfacet
  facet normal 0.76877 0.513729 -0.380887
    outer loop
      vertex 41.6467 37.9581 98.19
      vertex 12.1801 11.6263 3.2
      vertex 40.9143 39.0541 98.19
    endloop
  endfacet
  facet normal 0.832733 0.410452 -0.371598
    outer loop
      vertex 12.3981 11.3 3.2
      vertex 41.6467 37.9581 98.19
      vertex 12.5716 10.948 3.2
    endloop
  endfacet
  facet normal 0.922674 -0.183432 -0.339154
    outer loop
      vertex 42.9106 -34.2347 98.19
      vertex 12.6978 -10.5764 3.2
      vertex 12.7743 -10.1916 3.2
    endloop
  endfacet
  facet normal 0.952959 0 -0.303101
    outer loop
      vertex 12.6978 -10.5764 3.2
      vertex 42.9106 -34.2347 98.19
      vertex 42.9106 -34.2348 98.19
    endloop
  endfacet
  facet normal 0.832643 -0.410617 -0.371618
    outer loop
      vertex 41.6467 -37.9581 98.19
      vertex 12.5716 -10.948 3.2
      vertex 42.2297 -36.7759 98.19
    endloop
  endfacet
  facet normal 0.693616 -0.608501 -0.385518
    outer loop
      vertex 40.9143 -39.0541 98.19
      vertex 11.9213 -11.9213 3.2
      vertex 12.1801 -11.6263 3.2
    endloop
  endfacet
  facet normal 0.693748 -0.608351 -0.385515
    outer loop
      vertex 40.0452 -40.0452 98.19
      vertex 11.9213 -11.9213 3.2
      vertex 40.9143 -39.0541 98.19
    endloop
  endfacet
  facet normal -0.410617 -0.832643 -0.371618
    outer loop
      vertex -36.7759 -42.2297 98.19
      vertex -37.9581 -41.6467 98.19
      vertex -10.948 -12.5716 3.2
    endloop
  endfacet
  facet normal -0.410452 -0.832733 -0.371598
    outer loop
      vertex -37.9581 -41.6467 98.19
      vertex -11.3 -12.3981 3.2
      vertex -10.948 -12.5716 3.2
    endloop
  endfacet
  facet normal -0.922674 -0.183432 -0.339154
    outer loop
      vertex -12.6978 -10.5764 3.2
      vertex -42.9106 -34.2347 98.19
      vertex -12.7743 -10.1916 3.2
    endloop
  endfacet
  facet normal -0.952959 -0 -0.303101
    outer loop
      vertex -42.9106 -34.2347 98.19
      vertex -12.6978 -10.5764 3.2
      vertex -42.9106 -34.2348 98.19
    endloop
  endfacet
  facet normal -0.832643 -0.410617 -0.371618
    outer loop
      vertex -41.6467 -37.9581 98.19
      vertex -42.2297 -36.7759 98.19
      vertex -12.5716 -10.948 3.2
    endloop
  endfacet
  facet normal -0.300294 0.884226 -0.357726
    outer loop
      vertex -10.948 12.5716 3.2
      vertex -36.7758 42.2297 98.19
      vertex -10.5764 12.6978 3.2
    endloop
  endfacet
  facet normal 0 0.954555 -0.298034
    outer loop
      vertex -36.7758 42.2297 98.19
      vertex -10.948 12.5716 3.2
      vertex -36.7759 42.2297 98.19
    endloop
  endfacet
  facet normal -0.51365 0.768825 -0.380882
    outer loop
      vertex -11.6263 12.1801 3.2
      vertex -37.9581 41.6467 98.19
      vertex -11.3 12.3981 3.2
    endloop
  endfacet
  facet normal -0.410617 0.832643 -0.371618
    outer loop
      vertex -10.948 12.5716 3.2
      vertex -37.9581 41.6467 98.19
      vertex -36.7759 42.2297 98.19
    endloop
  endfacet
  facet normal -0.954555 0 -0.298034
    outer loop
      vertex -12.5716 10.948 3.2
      vertex -42.2297 36.7758 98.19
      vertex -42.2297 36.7759 98.19
    endloop
  endfacet
  facet normal -0.884226 0.300294 -0.357726
    outer loop
      vertex -42.2297 36.7758 98.19
      vertex -12.5716 10.948 3.2
      vertex -12.6978 10.5764 3.2
    endloop
  endfacet
  facet normal -0.884277 0.300167 -0.357707
    outer loop
      vertex -12.6978 10.5764 3.2
      vertex -42.6534 35.5276 98.19
      vertex -42.2297 36.7758 98.19
    endloop
  endfacet
  facet normal 0.0621285 0.946699 -0.316072
    outer loop
      vertex 32.9194 42.9968 98.19
      vertex 10.1916 12.7743 3.2
      vertex 9.79999 12.8 3.2
    endloop
  endfacet
  facet normal 0.0620439 0.94671 -0.316055
    outer loop
      vertex 34.2347 42.9106 98.19
      vertex 10.1916 12.7743 3.2
      vertex 32.9194 42.9968 98.19
    endloop
  endfacet
  facet normal 0.608501 0.693616 -0.385518
    outer loop
      vertex 39.0541 40.9143 98.19
      vertex 11.9213 11.9213 3.2
      vertex 11.6263 12.1801 3.2
    endloop
  endfacet
  facet normal 0.922641 0.183558 -0.339175
    outer loop
      vertex 42.9106 34.2348 98.19
      vertex 12.6978 10.5764 3.2
      vertex 42.6534 35.5276 98.19
    endloop
  endfacet
  facet normal 0.884277 0.300167 -0.357707
    outer loop
      vertex 42.6534 35.5276 98.19
      vertex 12.6978 10.5764 3.2
      vertex 42.2297 36.7758 98.19
    endloop
  endfacet
  facet normal 0.954555 0 -0.298034
    outer loop
      vertex 42.2297 36.7758 98.19
      vertex 12.5716 10.948 3.2
      vertex 42.2297 36.7759 98.19
    endloop
  endfacet
  facet normal 0.884226 0.300294 -0.357726
    outer loop
      vertex 12.5716 10.948 3.2
      vertex 42.2297 36.7758 98.19
      vertex 12.6978 10.5764 3.2
    endloop
  endfacet
  facet normal 0.768825 0.51365 -0.380882
    outer loop
      vertex 12.1801 11.6263 3.2
      vertex 41.6467 37.9581 98.19
      vertex 12.3981 11.3 3.2
    endloop
  endfacet
  facet normal 0.768825 -0.51365 -0.380882
    outer loop
      vertex 41.6467 -37.9581 98.19
      vertex 12.1801 -11.6263 3.2
      vertex 12.3981 -11.3 3.2
    endloop
  endfacet
  facet normal 0.608501 -0.693616 -0.385518
    outer loop
      vertex 11.9213 -11.9213 3.2
      vertex 39.0541 -40.9143 98.19
      vertex 11.6263 -12.1801 3.2
    endloop
  endfacet
  facet normal -0.884226 -0.300294 -0.357726
    outer loop
      vertex -12.5716 -10.948 3.2
      vertex -42.2297 -36.7758 98.19
      vertex -12.6978 -10.5764 3.2
    endloop
  endfacet
  facet normal -0.954555 -0 -0.298034
    outer loop
      vertex -42.2297 -36.7758 98.19
      vertex -12.5716 -10.948 3.2
      vertex -42.2297 -36.7759 98.19
    endloop
  endfacet
  facet normal -0.884277 -0.300167 -0.357707
    outer loop
      vertex -42.2297 -36.7758 98.19
      vertex -42.6534 -35.5276 98.19
      vertex -12.6978 -10.5764 3.2
    endloop
  endfacet
  facet normal -0.608501 0.693616 -0.385518
    outer loop
      vertex -11.9213 11.9213 3.2
      vertex -39.0541 40.9143 98.19
      vertex -11.6263 12.1801 3.2
    endloop
  endfacet
  facet normal -0.513729 0.76877 -0.380887
    outer loop
      vertex -11.6263 12.1801 3.2
      vertex -39.0541 40.9143 98.19
      vertex -37.9581 41.6467 98.19
    endloop
  endfacet
  facet normal -0.832643 0.410617 -0.371618
    outer loop
      vertex -12.5716 10.948 3.2
      vertex -42.2297 36.7759 98.19
      vertex -41.6467 37.9581 98.19
    endloop
  endfacet
  facet normal -0.832733 0.410452 -0.371598
    outer loop
      vertex -41.6467 37.9581 98.19
      vertex -12.3981 11.3 3.2
      vertex -12.5716 10.948 3.2
    endloop
  endfacet
  facet normal 0.693616 0.608501 -0.385518
    outer loop
      vertex 11.9213 11.9213 3.2
      vertex 40.9143 39.0541 98.19
      vertex 12.1801 11.6263 3.2
    endloop
  endfacet
  facet normal 0.513729 -0.76877 -0.380887
    outer loop
      vertex 37.9581 -41.6467 98.19
      vertex 11.6263 -12.1801 3.2
      vertex 39.0541 -40.9143 98.19
    endloop
  endfacet
  facet normal 0.51365 -0.768825 -0.380882
    outer loop
      vertex 11.6263 -12.1801 3.2
      vertex 37.9581 -41.6467 98.19
      vertex 11.3 -12.3981 3.2
    endloop
  endfacet
  facet normal 0.410452 -0.832733 -0.371598
    outer loop
      vertex 11.3 -12.3981 3.2
      vertex 37.9581 -41.6467 98.19
      vertex 10.948 -12.5716 3.2
    endloop
  endfacet
  facet normal 0.144836 -0.821931 -0.550864
    outer loop
      vertex 36.6633 -42.8252 98.19
      vertex 38.1134 -44.9221 101.7
      vertex 36.1134 -42.9221 98.19
    endloop
  endfacet
  facet normal 0.144836 -0.821931 -0.550864
    outer loop
      vertex 38.1134 -44.9221 101.7
      vertex 36.6633 -42.8252 98.19
      vertex 38.6633 -44.8252 101.7
    endloop
  endfacet
  facet normal 0.0886274 -0.84287 -0.530768
    outer loop
      vertex 36.1134 -42.9221 98.19
      vertex 37.558 -44.9805 101.7
      vertex 35.558 -42.9805 98.19
    endloop
  endfacet
  facet normal 0.0886274 -0.84287 -0.530768
    outer loop
      vertex 37.558 -44.9805 101.7
      vertex 36.1134 -42.9221 98.19
      vertex 38.1134 -44.9221 101.7
    endloop
  endfacet
  facet normal -0.578942 -0.521326 -0.626933
    outer loop
      vertex -43.1284 -42.1423 101.7
      vertex -40.7547 -40.5573 98.19
      vertex -42.7547 -42.5573 101.7
    endloop
  endfacet
  facet normal -0.578942 -0.521326 -0.626933
    outer loop
      vertex -40.7547 -40.5573 98.19
      vertex -43.1284 -42.1423 101.7
      vertex -41.1284 -40.1423 98.19
    endloop
  endfacet
  facet normal 0.0349249 -0.99939 0
    outer loop
      vertex 37 -45 101.7
      vertex 37.558 -44.9805 104.7
      vertex 37 -45 104.7
    endloop
  endfacet
  facet normal 0.0349249 -0.99939 0
    outer loop
      vertex 37.558 -44.9805 104.7
      vertex 37 -45 101.7
      vertex 37.558 -44.9805 101.7
    endloop
  endfacet
  facet normal -0.984827 -0.17354 0
    outer loop
      vertex -44.8252 -38.6633 101.7
      vertex -44.9221 -38.1134 104.7
      vertex -44.9221 -38.1134 101.7
    endloop
  endfacet
  facet normal -0.984827 -0.17354 0
    outer loop
      vertex -44.9221 -38.1134 104.7
      vertex -44.8252 -38.6633 101.7
      vertex -44.8252 -38.6633 104.7
    endloop
  endfacet
  facet normal 0.17354 -0.984827 0
    outer loop
      vertex 38.1134 -44.9221 101.7
      vertex 38.6633 -44.8252 104.7
      vertex 38.1134 -44.9221 104.7
    endloop
  endfacet
  facet normal 0.17354 -0.984827 0
    outer loop
      vertex 38.6633 -44.8252 104.7
      vertex 38.1134 -44.9221 101.7
      vertex 38.6633 -44.8252 101.7
    endloop
  endfacet
  facet normal 0 -1 0
    outer loop
      vertex -37 -45 101.7
      vertex 37 -45 104.7
      vertex -37 -45 104.7
    endloop
  endfacet
  facet normal 0 -1 -0
    outer loop
      vertex 37 -45 104.7
      vertex -37 -45 101.7
      vertex 37 -45 101.7
    endloop
  endfacet
  facet normal 0.207914 0.978147 -0
    outer loop
      vertex 38.9354 44.7624 101.7
      vertex 38.3892 44.8785 104.7
      vertex 38.9354 44.7624 104.7
    endloop
  endfacet
  facet normal 0.207914 0.978147 0
    outer loop
      vertex 38.3892 44.8785 104.7
      vertex 38.9354 44.7624 101.7
      vertex 38.3892 44.8785 101.7
    endloop
  endfacet
  facet normal 0.40672 0.913553 -0
    outer loop
      vertex 40.507 44.1904 101.7
      vertex 39.9969 44.4175 104.7
      vertex 40.507 44.1904 104.7
    endloop
  endfacet
  facet normal 0.40672 0.913553 0
    outer loop
      vertex 39.9969 44.4175 104.7
      vertex 40.507 44.1904 101.7
      vertex 39.9969 44.4175 101.7
    endloop
  endfacet
  facet normal -0.978147 0.207914 0
    outer loop
      vertex -44.8785 38.3892 101.7
      vertex -44.7624 38.9354 104.7
      vertex -44.7624 38.9354 101.7
    endloop
  endfacet
  facet normal -0.978147 0.207914 0
    outer loop
      vertex -44.7624 38.9354 104.7
      vertex -44.8785 38.3892 101.7
      vertex -44.8785 38.3892 104.7
    endloop
  endfacet
  facet normal -1 0 0
    outer loop
      vertex -45 -37 101.7
      vertex -45 37 104.7
      vertex -45 37 101.7
    endloop
  endfacet
  facet normal -1 -0 0
    outer loop
      vertex -45 37 104.7
      vertex -45 -37 101.7
      vertex -45 -37 104.7
    endloop
  endfacet
  facet normal -0.865986 -0.500069 0
    outer loop
      vertex -43.7844 -41.2393 101.7
      vertex -44.0636 -40.7558 104.7
      vertex -44.0636 -40.7558 101.7
    endloop
  endfacet
  facet normal -0.865986 -0.500069 0
    outer loop
      vertex -44.0636 -40.7558 104.7
      vertex -43.7844 -41.2393 101.7
      vertex -43.7844 -41.2393 104.7
    endloop
  endfacet
  facet normal -0.015181 -0.865006 -0.501531
    outer loop
      vertex -35.2792 -42.9951 98.19
      vertex -37 -45 101.7
      vertex -37.2792 -44.9951 101.7
    endloop
  endfacet
  facet normal -0.015181 -0.865006 -0.501531
    outer loop
      vertex -37 -45 101.7
      vertex -35.2792 -42.9951 98.19
      vertex -35 -43 98.19
    endloop
  endfacet
  facet normal 0.0300883 -0.860987 -0.507735
    outer loop
      vertex 35.558 -42.9805 98.19
      vertex 37 -45 101.7
      vertex 35 -43 98.19
    endloop
  endfacet
  facet normal 0.0300883 -0.860987 -0.507735
    outer loop
      vertex 37 -45 101.7
      vertex 35.558 -42.9805 98.19
      vertex 37.558 -44.9805 101.7
    endloop
  endfacet
  facet normal 0 -0.868852 -0.495072
    outer loop
      vertex -35 -43 98.19
      vertex 37 -45 101.7
      vertex -37 -45 101.7
    endloop
  endfacet
  facet normal 0 -0.868852 -0.495072
    outer loop
      vertex 37 -45 101.7
      vertex -35 -43 98.19
      vertex 35 -43 98.19
    endloop
  endfacet
  facet normal 0.104573 -0.994517 0
    outer loop
      vertex 37.558 -44.9805 101.7
      vertex 38.1134 -44.9221 104.7
      vertex 37.558 -44.9805 104.7
    endloop
  endfacet
  facet normal 0.104573 -0.994517 0
    outer loop
      vertex 38.1134 -44.9221 104.7
      vertex 37.558 -44.9805 101.7
      vertex 38.1134 -44.9221 101.7
    endloop
  endfacet
  facet normal -0.342002 -0.939699 0
    outer loop
      vertex -39.9969 -44.4175 101.7
      vertex -39.4721 -44.6085 104.7
      vertex -39.9969 -44.4175 104.7
    endloop
  endfacet
  facet normal -0.342002 -0.939699 -0
    outer loop
      vertex -39.4721 -44.6085 104.7
      vertex -39.9969 -44.4175 101.7
      vertex -39.4721 -44.6085 101.7
    endloop
  endfacet
  facet normal -0.0886274 0.84287 -0.530768
    outer loop
      vertex -36.1134 42.9221 98.19
      vertex -37.558 44.9805 101.7
      vertex -35.558 42.9805 98.19
    endloop
  endfacet
  facet normal -0.0886274 0.84287 -0.530768
    outer loop
      vertex -37.558 44.9805 101.7
      vertex -36.1134 42.9221 98.19
      vertex -38.1134 44.9221 101.7
    endloop
  endfacet
  facet normal -0.650208 -0.438574 -0.620389
    outer loop
      vertex -41.4721 -39.7023 98.19
      vertex -43.7844 -41.2393 101.7
      vertex -41.7844 -39.2393 98.19
    endloop
  endfacet
  facet normal -0.650208 -0.438574 -0.620389
    outer loop
      vertex -43.7844 -41.2393 101.7
      vertex -41.4721 -39.7023 98.19
      vertex -43.4721 -41.7023 101.7
    endloop
  endfacet
  facet normal -0.743116 -0.669163 0
    outer loop
      vertex -42.7547 -42.5573 101.7
      vertex -43.1284 -42.1423 104.7
      vertex -43.1284 -42.1423 101.7
    endloop
  endfacet
  facet normal -0.743116 -0.669163 0
    outer loop
      vertex -43.1284 -42.1423 104.7
      vertex -42.7547 -42.5573 101.7
      vertex -42.7547 -42.5573 104.7
    endloop
  endfacet
  facet normal -0.459856 -0.633038 -0.622732
    outer loop
      vertex -39.9253 -41.3041 98.19
      vertex -41.4735 -43.6323 101.7
      vertex -41.9253 -43.3041 101.7
    endloop
  endfacet
  facet normal -0.459856 -0.633038 -0.622732
    outer loop
      vertex -41.4735 -43.6323 101.7
      vertex -39.9253 -41.3041 98.19
      vertex -39.4735 -41.6323 98.19
    endloop
  endfacet
  facet normal -0.529951 -0.848028 0
    outer loop
      vertex -41.4735 -43.6323 101.7
      vertex -41 -43.9282 104.7
      vertex -41.4735 -43.6323 104.7
    endloop
  endfacet
  facet normal -0.529951 -0.848028 -0
    outer loop
      vertex -41 -43.9282 104.7
      vertex -41.4735 -43.6323 101.7
      vertex -41 -43.9282 101.7
    endloop
  endfacet
  facet normal -0.276189 -0.758869 -0.589777
    outer loop
      vertex -37.9969 -42.4175 98.19
      vertex -39.4721 -44.6085 101.7
      vertex -39.9969 -44.4175 101.7
    endloop
  endfacet
  facet normal -0.276189 -0.758869 -0.589777
    outer loop
      vertex -39.4721 -44.6085 101.7
      vertex -37.9969 -42.4175 98.19
      vertex -37.4721 -42.6085 98.19
    endloop
  endfacet
  facet normal 0.172264 0.810428 -0.559939
    outer loop
      vertex 36.9354 42.7624 98.19
      vertex 38.3892 44.8785 101.7
      vertex 38.9354 44.7624 101.7
    endloop
  endfacet
  facet normal 0.172264 0.810428 -0.559939
    outer loop
      vertex 38.3892 44.8785 101.7
      vertex 36.9354 42.7624 98.19
      vertex 36.3892 42.8785 98.19
    endloop
  endfacet
  facet normal -0.3487 0.71492 -0.606051
    outer loop
      vertex -38.7558 42.0636 98.19
      vertex -40.2539 44.3084 101.7
      vertex -38.2539 42.3084 98.19
    endloop
  endfacet
  facet normal -0.3487 0.71492 -0.606051
    outer loop
      vertex -40.2539 44.3084 101.7
      vertex -38.7558 42.0636 98.19
      vertex -40.7558 44.0636 101.7
    endloop
  endfacet
  facet normal -0.96126 0.275644 0
    outer loop
      vertex -44.7624 38.9354 101.7
      vertex -44.6085 39.4721 104.7
      vertex -44.6085 39.4721 101.7
    endloop
  endfacet
  facet normal -0.96126 0.275644 0
    outer loop
      vertex -44.6085 39.4721 104.7
      vertex -44.7624 38.9354 101.7
      vertex -44.7624 38.9354 104.7
    endloop
  endfacet
  facet normal -0.865006 0.015181 -0.501531
    outer loop
      vertex -42.9951 35.2792 98.19
      vertex -45 37 101.7
      vertex -44.9951 37.2792 101.7
    endloop
  endfacet
  facet normal -0.865006 0.015181 -0.501531
    outer loop
      vertex -45 37 101.7
      vertex -42.9951 35.2792 98.19
      vertex -43 35 98.19
    endloop
  endfacet
  facet normal -0.868852 0 -0.495072
    outer loop
      vertex -43 -35 98.19
      vertex -45 37 101.7
      vertex -43 35 98.19
    endloop
  endfacet
  facet normal -0.868852 -0 -0.495072
    outer loop
      vertex -45 37 101.7
      vertex -43 -35 98.19
      vertex -45 -37 101.7
    endloop
  endfacet
  facet normal 0 0.868852 -0.495072
    outer loop
      vertex 35 43 98.19
      vertex -37 45 101.7
      vertex 37 45 101.7
    endloop
  endfacet
  facet normal 0 0.868852 -0.495072
    outer loop
      vertex -37 45 101.7
      vertex 35 43 98.19
      vertex -35 43 98.19
    endloop
  endfacet
  facet normal 0 1 -0
    outer loop
      vertex 37 45 101.7
      vertex -37 45 104.7
      vertex 37 45 104.7
    endloop
  endfacet
  facet normal 0 1 0
    outer loop
      vertex -37 45 104.7
      vertex 37 45 101.7
      vertex -37 45 101.7
    endloop
  endfacet
  facet normal 0.015181 0.865006 -0.501531
    outer loop
      vertex 35.2792 42.9951 98.19
      vertex 37 45 101.7
      vertex 37.2792 44.9951 101.7
    endloop
  endfacet
  facet normal 0.015181 0.865006 -0.501531
    outer loop
      vertex 37 45 101.7
      vertex 35.2792 42.9951 98.19
      vertex 35 43 98.19
    endloop
  endfacet
  facet normal 0.694642 0.719355 -0
    outer loop
      vertex 42.7547 42.5573 101.7
      vertex 42.353 42.9452 104.7
      vertex 42.7547 42.5573 104.7
    endloop
  endfacet
  facet normal 0.694642 0.719355 0
    outer loop
      vertex 42.353 42.9452 104.7
      vertex 42.7547 42.5573 101.7
      vertex 42.353 42.9452 101.7
    endloop
  endfacet
  facet normal 0.0696687 0.99757 -0
    outer loop
      vertex 37.8362 44.9562 101.7
      vertex 37.2792 44.9951 104.7
      vertex 37.8362 44.9562 104.7
    endloop
  endfacet
  facet normal 0.0696687 0.99757 0
    outer loop
      vertex 37.2792 44.9951 104.7
      vertex 37.8362 44.9562 101.7
      vertex 37.2792 44.9951 101.7
    endloop
  endfacet
  facet normal 0.13914 0.990273 -0
    outer loop
      vertex 38.3892 44.8785 101.7
      vertex 37.8362 44.9562 104.7
      vertex 38.3892 44.8785 104.7
    endloop
  endfacet
  facet normal 0.13914 0.990273 0
    outer loop
      vertex 37.8362 44.9562 104.7
      vertex 38.3892 44.8785 101.7
      vertex 37.8362 44.9562 101.7
    endloop
  endfacet
  facet normal -0.927224 -0.374507 0
    outer loop
      vertex -44.3084 -40.2539 101.7
      vertex -44.5175 -39.7362 104.7
      vertex -44.5175 -39.7362 101.7
    endloop
  endfacet
  facet normal -0.927224 -0.374507 0
    outer loop
      vertex -44.5175 -39.7362 104.7
      vertex -44.3084 -40.2539 101.7
      vertex -44.3084 -40.2539 104.7
    endloop
  endfacet
  facet normal -0.829035 -0.559196 0
    outer loop
      vertex -43.4721 -41.7023 101.7
      vertex -43.7844 -41.2393 104.7
      vertex -43.7844 -41.2393 101.7
    endloop
  endfacet
  facet normal -0.829035 -0.559196 0
    outer loop
      vertex -43.7844 -41.2393 104.7
      vertex -43.4721 -41.7023 101.7
      vertex -43.4721 -41.7023 104.7
    endloop
  endfacet
  facet normal -0.798353 -0.199072 -0.568333
    outer loop
      vertex -42.6901 -37.2051 98.19
      vertex -44.8252 -38.6633 101.7
      vertex -42.8252 -36.6633 98.19
    endloop
  endfacet
  facet normal -0.798353 -0.199072 -0.568333
    outer loop
      vertex -44.8252 -38.6633 101.7
      vertex -42.6901 -37.2051 98.19
      vertex -44.6901 -39.2051 101.7
    endloop
  endfacet
  facet normal -0.951038 -0.309074 0
    outer loop
      vertex -44.5175 -39.7362 101.7
      vertex -44.6901 -39.2051 104.7
      vertex -44.6901 -39.2051 101.7
    endloop
  endfacet
  facet normal -0.951038 -0.309074 0
    outer loop
      vertex -44.6901 -39.2051 104.7
      vertex -44.5175 -39.7362 101.7
      vertex -44.5175 -39.7362 104.7
    endloop
  endfacet
  facet normal -0.821931 -0.144836 -0.550864
    outer loop
      vertex -42.8252 -36.6633 98.19
      vertex -44.9221 -38.1134 101.7
      vertex -42.9221 -36.1134 98.19
    endloop
  endfacet
  facet normal -0.821931 -0.144836 -0.550864
    outer loop
      vertex -44.9221 -38.1134 101.7
      vertex -42.8252 -36.6633 98.19
      vertex -44.8252 -38.6633 101.7
    endloop
  endfacet
  facet normal -0.84287 -0.0886274 -0.530768
    outer loop
      vertex -42.9221 -36.1134 98.19
      vertex -44.9805 -37.558 101.7
      vertex -42.9805 -35.558 98.19
    endloop
  endfacet
  facet normal -0.84287 -0.0886274 -0.530768
    outer loop
      vertex -44.9805 -37.558 101.7
      vertex -42.9221 -36.1134 98.19
      vertex -44.9221 -38.1134 101.7
    endloop
  endfacet
  facet normal -0.0595263 -0.852343 -0.519584
    outer loop
      vertex -35.8362 -42.9562 98.19
      vertex -37.2792 -44.9951 101.7
      vertex -37.8362 -44.9562 101.7
    endloop
  endfacet
  facet normal -0.0595263 -0.852343 -0.519584
    outer loop
      vertex -37.2792 -44.9951 101.7
      vertex -35.8362 -42.9562 98.19
      vertex -35.2792 -42.9951 98.19
    endloop
  endfacet
  facet normal -0.587724 -0.809061 0
    outer loop
      vertex -41.9253 -43.3041 101.7
      vertex -41.4735 -43.6323 104.7
      vertex -41.9253 -43.3041 104.7
    endloop
  endfacet
  facet normal -0.587724 -0.809061 -0
    outer loop
      vertex -41.4735 -43.6323 104.7
      vertex -41.9253 -43.3041 101.7
      vertex -41.4735 -43.6323 101.7
    endloop
  endfacet
  facet normal -0.694642 -0.719355 0
    outer loop
      vertex -42.7547 -42.5573 101.7
      vertex -42.353 -42.9452 104.7
      vertex -42.7547 -42.5573 104.7
    endloop
  endfacet
  facet normal -0.694642 -0.719355 -0
    outer loop
      vertex -42.353 -42.9452 104.7
      vertex -42.7547 -42.5573 101.7
      vertex -42.353 -42.9452 101.7
    endloop
  endfacet
  facet normal -0.416819 -0.666996 -0.617558
    outer loop
      vertex -39.4735 -41.6323 98.19
      vertex -41 -43.9282 101.7
      vertex -41.4735 -43.6323 101.7
    endloop
  endfacet
  facet normal -0.416819 -0.666996 -0.617558
    outer loop
      vertex -41 -43.9282 101.7
      vertex -39.4735 -41.6323 98.19
      vertex -39 -41.9282 98.19
    endloop
  endfacet
  facet normal 0.999846 -0.0175474 0
    outer loop
      vertex 44.9951 -37.2792 104.7
      vertex 45 -37 101.7
      vertex 45 -37 104.7
    endloop
  endfacet
  facet normal 0.999846 -0.0175474 0
    outer loop
      vertex 45 -37 101.7
      vertex 44.9951 -37.2792 104.7
      vertex 44.9951 -37.2792 101.7
    endloop
  endfacet
  facet normal 0.860987 0.0300883 -0.507735
    outer loop
      vertex 45 37 101.7
      vertex 42.9805 35.558 98.19
      vertex 44.9805 37.558 101.7
    endloop
  endfacet
  facet normal 0.860987 0.0300883 -0.507735
    outer loop
      vertex 42.9805 35.558 98.19
      vertex 45 37 101.7
      vertex 43 35 98.19
    endloop
  endfacet
  facet normal 0.865006 -0.015181 -0.501531
    outer loop
      vertex 45 -37 101.7
      vertex 42.9951 -35.2792 98.19
      vertex 43 -35 98.19
    endloop
  endfacet
  facet normal 0.865006 -0.015181 -0.501531
    outer loop
      vertex 42.9951 -35.2792 98.19
      vertex 45 -37 101.7
      vertex 44.9951 -37.2792 101.7
    endloop
  endfacet
  facet normal 0.642806 0.766029 -0
    outer loop
      vertex 42.353 42.9452 101.7
      vertex 41.9253 43.3041 104.7
      vertex 42.353 42.9452 104.7
    endloop
  endfacet
  facet normal 0.642806 0.766029 0
    outer loop
      vertex 41.9253 43.3041 104.7
      vertex 42.353 42.9452 101.7
      vertex 41.9253 43.3041 101.7
    endloop
  endfacet
  facet normal 0.633038 -0.459856 -0.622732
    outer loop
      vertex 43.6323 -41.4735 101.7
      vertex 41.3041 -39.9253 98.19
      vertex 41.6323 -39.4735 98.19
    endloop
  endfacet
  facet normal 0.633038 -0.459856 -0.622732
    outer loop
      vertex 41.3041 -39.9253 98.19
      vertex 43.6323 -41.4735 101.7
      vertex 43.3041 -41.9253 101.7
    endloop
  endfacet
  facet normal 0.809061 -0.587724 0
    outer loop
      vertex 43.3041 -41.9253 104.7
      vertex 43.6323 -41.4735 101.7
      vertex 43.6323 -41.4735 104.7
    endloop
  endfacet
  facet normal 0.809061 -0.587724 0
    outer loop
      vertex 43.6323 -41.4735 101.7
      vertex 43.3041 -41.9253 104.7
      vertex 43.3041 -41.9253 101.7
    endloop
  endfacet
  facet normal 0.990273 -0.13914 0
    outer loop
      vertex 44.8785 -38.3892 104.7
      vertex 44.9562 -37.8362 101.7
      vertex 44.9562 -37.8362 104.7
    endloop
  endfacet
  facet normal 0.990273 -0.13914 0
    outer loop
      vertex 44.9562 -37.8362 101.7
      vertex 44.8785 -38.3892 104.7
      vertex 44.8785 -38.3892 101.7
    endloop
  endfacet
  facet normal 0.832737 -0.117005 -0.541164
    outer loop
      vertex 44.9562 -37.8362 101.7
      vertex 42.8785 -36.3892 98.19
      vertex 42.9562 -35.8362 98.19
    endloop
  endfacet
  facet normal 0.832737 -0.117005 -0.541164
    outer loop
      vertex 42.8785 -36.3892 98.19
      vertex 44.9562 -37.8362 101.7
      vertex 44.8785 -38.3892 101.7
    endloop
  endfacet
  facet normal 0.559196 -0.829035 0
    outer loop
      vertex 41.2393 -43.7844 101.7
      vertex 41.7023 -43.4721 104.7
      vertex 41.2393 -43.7844 104.7
    endloop
  endfacet
  facet normal 0.559196 -0.829035 0
    outer loop
      vertex 41.7023 -43.4721 104.7
      vertex 41.2393 -43.7844 101.7
      vertex 41.7023 -43.4721 101.7
    endloop
  endfacet
  facet normal -0.394615 0.683369 -0.614236
    outer loop
      vertex -39.2393 41.7844 98.19
      vertex -40.7558 44.0636 101.7
      vertex -38.7558 42.0636 98.19
    endloop
  endfacet
  facet normal -0.394615 0.683369 -0.614236
    outer loop
      vertex -40.7558 44.0636 101.7
      vertex -39.2393 41.7844 98.19
      vertex -41.2393 43.7844 101.7
    endloop
  endfacet
  facet normal -0.374507 0.927224 0
    outer loop
      vertex -39.7362 44.5175 101.7
      vertex -40.2539 44.3084 104.7
      vertex -39.7362 44.5175 104.7
    endloop
  endfacet
  facet normal -0.374507 0.927224 0
    outer loop
      vertex -40.2539 44.3084 104.7
      vertex -39.7362 44.5175 101.7
      vertex -40.2539 44.3084 101.7
    endloop
  endfacet
  facet normal -0.766029 0.642806 0
    outer loop
      vertex -43.3041 41.9253 101.7
      vertex -42.9452 42.353 104.7
      vertex -42.9452 42.353 101.7
    endloop
  endfacet
  facet normal -0.766029 0.642806 0
    outer loop
      vertex -42.9452 42.353 104.7
      vertex -43.3041 41.9253 101.7
      vertex -43.3041 41.9253 104.7
    endloop
  endfacet
  facet normal -0.758869 0.276189 -0.589777
    outer loop
      vertex -42.4175 37.9969 98.19
      vertex -44.6085 39.4721 101.7
      vertex -44.4175 39.9969 101.7
    endloop
  endfacet
  facet normal -0.758869 0.276189 -0.589777
    outer loop
      vertex -44.6085 39.4721 101.7
      vertex -42.4175 37.9969 98.19
      vertex -42.6085 37.4721 98.19
    endloop
  endfacet
  facet normal 0.0175474 0.999846 -0
    outer loop
      vertex 37.2792 44.9951 101.7
      vertex 37 45 104.7
      vertex 37.2792 44.9951 104.7
    endloop
  endfacet
  facet normal 0.0175474 0.999846 0
    outer loop
      vertex 37 45 104.7
      vertex 37.2792 44.9951 101.7
      vertex 37 45 101.7
    endloop
  endfacet
  facet normal 0.0595263 0.852343 -0.519584
    outer loop
      vertex 35.8362 42.9562 98.19
      vertex 37.2792 44.9951 101.7
      vertex 37.8362 44.9562 101.7
    endloop
  endfacet
  facet normal 0.0595263 0.852343 -0.519584
    outer loop
      vertex 37.2792 44.9951 101.7
      vertex 35.8362 42.9562 98.19
      vertex 35.2792 42.9951 98.19
    endloop
  endfacet
  facet normal 0.342002 0.939699 -0
    outer loop
      vertex 39.9969 44.4175 101.7
      vertex 39.4721 44.6085 104.7
      vertex 39.9969 44.4175 104.7
    endloop
  endfacet
  facet normal 0.342002 0.939699 0
    outer loop
      vertex 39.4721 44.6085 104.7
      vertex 39.9969 44.4175 101.7
      vertex 39.4721 44.6085 101.7
    endloop
  endfacet
  facet normal 0.275644 0.96126 -0
    outer loop
      vertex 39.4721 44.6085 101.7
      vertex 38.9354 44.7624 104.7
      vertex 39.4721 44.6085 104.7
    endloop
  endfacet
  facet normal 0.275644 0.96126 0
    outer loop
      vertex 38.9354 44.7624 104.7
      vertex 39.4721 44.6085 101.7
      vertex 38.9354 44.7624 101.7
    endloop
  endfacet
  facet normal 0.117005 0.832737 -0.541164
    outer loop
      vertex 36.3892 42.8785 98.19
      vertex 37.8362 44.9562 101.7
      vertex 38.3892 44.8785 101.7
    endloop
  endfacet
  facet normal 0.117005 0.832737 -0.541164
    outer loop
      vertex 37.8362 44.9562 101.7
      vertex 36.3892 42.8785 98.19
      vertex 35.8362 42.9562 98.19
    endloop
  endfacet
  facet normal 0.469565 0.882898 -0
    outer loop
      vertex 41 43.9282 101.7
      vertex 40.507 44.1904 104.7
      vertex 41 43.9282 104.7
    endloop
  endfacet
  facet normal 0.469565 0.882898 0
    outer loop
      vertex 40.507 44.1904 104.7
      vertex 41 43.9282 101.7
      vertex 40.507 44.1904 101.7
    endloop
  endfacet
  facet normal -0.615436 -0.48074 -0.624602
    outer loop
      vertex -43.4721 -41.7023 101.7
      vertex -41.1284 -40.1423 98.19
      vertex -43.1284 -42.1423 101.7
    endloop
  endfacet
  facet normal -0.615436 -0.48074 -0.624602
    outer loop
      vertex -41.1284 -40.1423 98.19
      vertex -43.4721 -41.7023 101.7
      vertex -41.4721 -39.7023 98.19
    endloop
  endfacet
  facet normal -0.683369 -0.394615 -0.614236
    outer loop
      vertex -41.7844 -39.2393 98.19
      vertex -44.0636 -40.7558 101.7
      vertex -42.0636 -38.7558 98.19
    endloop
  endfacet
  facet normal -0.683369 -0.394615 -0.614236
    outer loop
      vertex -44.0636 -40.7558 101.7
      vertex -41.7844 -39.2393 98.19
      vertex -43.7844 -41.2393 101.7
    endloop
  endfacet
  facet normal -0.744726 -0.300796 -0.595739
    outer loop
      vertex -42.3084 -38.2539 98.19
      vertex -44.5175 -39.7362 101.7
      vertex -42.5175 -37.7362 98.19
    endloop
  endfacet
  facet normal -0.744726 -0.300796 -0.595739
    outer loop
      vertex -44.5175 -39.7362 101.7
      vertex -42.3084 -38.2539 98.19
      vertex -44.3084 -40.2539 101.7
    endloop
  endfacet
  facet normal -0.71492 -0.3487 -0.606051
    outer loop
      vertex -42.0636 -38.7558 98.19
      vertex -44.3084 -40.2539 101.7
      vertex -42.3084 -38.2539 98.19
    endloop
  endfacet
  facet normal -0.71492 -0.3487 -0.606051
    outer loop
      vertex -44.3084 -40.2539 101.7
      vertex -42.0636 -38.7558 98.19
      vertex -44.0636 -40.7558 101.7
    endloop
  endfacet
  facet normal -0.788068 -0.615588 0
    outer loop
      vertex -43.1284 -42.1423 101.7
      vertex -43.4721 -41.7023 104.7
      vertex -43.4721 -41.7023 101.7
    endloop
  endfacet
  facet normal -0.788068 -0.615588 0
    outer loop
      vertex -43.4721 -41.7023 104.7
      vertex -43.1284 -42.1423 101.7
      vertex -43.1284 -42.1423 104.7
    endloop
  endfacet
  facet normal -0.898789 -0.438381 0
    outer loop
      vertex -44.0636 -40.7558 101.7
      vertex -44.3084 -40.2539 104.7
      vertex -44.3084 -40.2539 101.7
    endloop
  endfacet
  facet normal -0.898789 -0.438381 0
    outer loop
      vertex -44.3084 -40.2539 104.7
      vertex -44.0636 -40.7558 101.7
      vertex -44.0636 -40.7558 104.7
    endloop
  endfacet
  facet normal -0.860987 -0.0300883 -0.507735
    outer loop
      vertex -42.9805 -35.558 98.19
      vertex -45 -37 101.7
      vertex -43 -35 98.19
    endloop
  endfacet
  facet normal -0.860987 -0.0300883 -0.507735
    outer loop
      vertex -45 -37 101.7
      vertex -42.9805 -35.558 98.19
      vertex -44.9805 -37.558 101.7
    endloop
  endfacet
  facet normal -0.99939 -0.0349249 0
    outer loop
      vertex -44.9805 -37.558 101.7
      vertex -45 -37 104.7
      vertex -45 -37 101.7
    endloop
  endfacet
  facet normal -0.99939 -0.0349249 0
    outer loop
      vertex -45 -37 104.7
      vertex -44.9805 -37.558 101.7
      vertex -44.9805 -37.558 104.7
    endloop
  endfacet
  facet normal -0.994517 -0.104573 0
    outer loop
      vertex -44.9221 -38.1134 101.7
      vertex -44.9805 -37.558 104.7
      vertex -44.9805 -37.558 101.7
    endloop
  endfacet
  facet normal -0.994517 -0.104573 0
    outer loop
      vertex -44.9805 -37.558 104.7
      vertex -44.9221 -38.1134 101.7
      vertex -44.9221 -38.1134 104.7
    endloop
  endfacet
  facet normal -0.97029 -0.241946 0
    outer loop
      vertex -44.6901 -39.2051 101.7
      vertex -44.8252 -38.6633 104.7
      vertex -44.8252 -38.6633 101.7
    endloop
  endfacet
  facet normal -0.97029 -0.241946 0
    outer loop
      vertex -44.8252 -38.6633 104.7
      vertex -44.6901 -39.2051 101.7
      vertex -44.6901 -39.2051 104.7
    endloop
  endfacet
  facet normal 0 0 -1
    outer loop
      vertex 43 -35 98.19
      vertex 42.9968 -32.9194 98.19
      vertex 43 35 98.19
    endloop
  endfacet
  facet normal 0 0 -1
    outer loop
      vertex 42.6534 -35.5276 98.19
      vertex 43 -35 98.19
      vertex 42.9951 -35.2792 98.19
    endloop
  endfacet
  facet normal 0 0 -1
    outer loop
      vertex 42.6534 -35.5276 98.19
      vertex 42.9951 -35.2792 98.19
      vertex 42.9562 -35.8362 98.19
    endloop
  endfacet
  facet normal 0 0 -1
    outer loop
      vertex 43 -35 98.19
      vertex 42.9106 -34.2347 98.19
      vertex 42.9968 -32.9194 98.19
    endloop
  endfacet
  facet normal 0 0 -1
    outer loop
      vertex 43 -35 98.19
      vertex 42.9106 -34.2348 98.19
      vertex 42.9106 -34.2347 98.19
    endloop
  endfacet
  facet normal 0 0 -1
    outer loop
      vertex 42.6534 -35.5276 98.19
      vertex 42.9562 -35.8362 98.19
      vertex 42.8785 -36.3892 98.19
    endloop
  endfacet
  facet normal 0 0 -1
    outer loop
      vertex 42.2297 -36.7758 98.19
      vertex 42.8785 -36.3892 98.19
      vertex 42.7624 -36.9354 98.19
    endloop
  endfacet
  facet normal -0 0 -1
    outer loop
      vertex 43 -35 98.19
      vertex 42.6534 -35.5276 98.19
      vertex 42.9106 -34.2348 98.19
    endloop
  endfacet
  facet normal 0 0 -1
    outer loop
      vertex 42.2297 -36.7759 98.19
      vertex 42.7624 -36.9354 98.19
      vertex 42.6085 -37.4721 98.19
    endloop
  endfacet
  facet normal 0 0 -1
    outer loop
      vertex 41.6467 -37.9581 98.19
      vertex 42.6085 -37.4721 98.19
      vertex 42.4175 -37.9969 98.19
    endloop
  endfacet
  facet normal -0 0 -1
    outer loop
      vertex 42.8785 -36.3892 98.19
      vertex 42.2297 -36.7758 98.19
      vertex 42.6534 -35.5276 98.19
    endloop
  endfacet
  facet normal 0 0 -1
    outer loop
      vertex 42.7624 -36.9354 98.19
      vertex 42.2297 -36.7759 98.19
      vertex 42.2297 -36.7758 98.19
    endloop
  endfacet
  facet normal 0 0 -1
    outer loop
      vertex 41.6467 -37.9581 98.19
      vertex 42.4175 -37.9969 98.19
      vertex 42.1904 -38.507 98.19
    endloop
  endfacet
  facet normal 0 0 -1
    outer loop
      vertex 41.6467 -37.9581 98.19
      vertex 42.1904 -38.507 98.19
      vertex 41.9282 -39 98.19
    endloop
  endfacet
  facet normal -0 0 -1
    outer loop
      vertex 42.6085 -37.4721 98.19
      vertex 41.6467 -37.9581 98.19
      vertex 42.2297 -36.7759 98.19
    endloop
  endfacet
  facet normal 0 0 -1
    outer loop
      vertex 40.9143 -39.0541 98.19
      vertex 41.9282 -39 98.19
      vertex 41.6323 -39.4735 98.19
    endloop
  endfacet
  facet normal 0 0 -1
    outer loop
      vertex 40.9143 -39.0541 98.19
      vertex 41.6323 -39.4735 98.19
      vertex 41.3041 -39.9253 98.19
    endloop
  endfacet
  facet normal 0 0 -1
    outer loop
      vertex 40.0452 -40.0452 98.19
      vertex 41.3041 -39.9253 98.19
      vertex 40.9452 -40.353 98.19
    endloop
  endfacet
  facet normal -0 0 -1
    outer loop
      vertex 41.9282 -39 98.19
      vertex 40.9143 -39.0541 98.19
      vertex 41.6467 -37.9581 98.19
    endloop
  endfacet
  facet normal 0 0 -1
    outer loop
      vertex 40.0452 -40.0452 98.19
      vertex 40.9452 -40.353 98.19
      vertex 40.5573 -40.7547 98.19
    endloop
  endfacet
  facet normal 0 0 -1
    outer loop
      vertex 40.0452 -40.0452 98.19
      vertex 40.5573 -40.7547 98.19
      vertex 40.1423 -41.1284 98.19
    endloop
  endfacet
  facet normal -0 0 -1
    outer loop
      vertex 41.3041 -39.9253 98.19
      vertex 40.0452 -40.0452 98.19
      vertex 40.9143 -39.0541 98.19
    endloop
  endfacet
  facet normal 0 0 -1
    outer loop
      vertex 39.0541 -40.9143 98.19
      vertex 40.1423 -41.1284 98.19
      vertex 39.7023 -41.4721 98.19
    endloop
  endfacet
  facet normal 0 0 -1
    outer loop
      vertex 39.0541 -40.9143 98.19
      vertex 39.7023 -41.4721 98.19
      vertex 39.2393 -41.7844 98.19
    endloop
  endfacet
  facet normal 0 0 -1
    outer loop
      vertex 40.1423 -41.1284 98.19
      vertex 39.0541 -40.9143 98.19
      vertex 40.0452 -40.0452 98.19
    endloop
  endfacet
  facet normal 0 0 -1
    outer loop
      vertex 38.7558 -42.0636 98.19
      vertex 39.0541 -40.9143 98.19
      vertex 39.2393 -41.7844 98.19
    endloop
  endfacet
  facet normal 0 0 -1
    outer loop
      vertex 37.9581 -41.6467 98.19
      vertex 38.7558 -42.0636 98.19
      vertex 38.2539 -42.3084 98.19
    endloop
  endfacet
  facet normal 0 0 -1
    outer loop
      vertex 38.7558 -42.0636 98.19
      vertex 37.9581 -41.6467 98.19
      vertex 39.0541 -40.9143 98.19
    endloop
  endfacet
  facet normal 0 0 -1
    outer loop
      vertex 37.7362 -42.5175 98.19
      vertex 37.9581 -41.6467 98.19
      vertex 38.2539 -42.3084 98.19
    endloop
  endfacet
  facet normal 0 0 -1
    outer loop
      vertex 36.7759 -42.2297 98.19
      vertex 37.7362 -42.5175 98.19
      vertex 37.2051 -42.6901 98.19
    endloop
  endfacet
  facet normal 0 0 -1
    outer loop
      vertex 37.7362 -42.5175 98.19
      vertex 36.7759 -42.2297 98.19
      vertex 37.9581 -41.6467 98.19
    endloop
  endfacet
  facet normal 0 0 -1
    outer loop
      vertex 36.6633 -42.8252 98.19
      vertex 36.7759 -42.2297 98.19
      vertex 37.2051 -42.6901 98.19
    endloop
  endfacet
  facet normal -0 0 -1
    outer loop
      vertex 36.7759 -42.2297 98.19
      vertex 36.6633 -42.8252 98.19
      vertex 36.7758 -42.2297 98.19
    endloop
  endfacet
  facet normal 0 0 -1
    outer loop
      vertex 36.1134 -42.9221 98.19
      vertex 36.7758 -42.2297 98.19
      vertex 36.6633 -42.8252 98.19
    endloop
  endfacet
  facet normal 0 0 -1
    outer loop
      vertex 35.5276 -42.6534 98.19
      vertex 36.1134 -42.9221 98.19
      vertex 35.558 -42.9805 98.19
    endloop
  endfacet
  facet normal 0 0 -1
    outer loop
      vertex 36.1134 -42.9221 98.19
      vertex 35.5276 -42.6534 98.19
      vertex 36.7758 -42.2297 98.19
    endloop
  endfacet
  facet normal 0 0 -1
    outer loop
      vertex 35 -43 98.19
      vertex 35.5276 -42.6534 98.19
      vertex 35.558 -42.9805 98.19
    endloop
  endfacet
  facet normal 0 0 -1
    outer loop
      vertex 35 -43 98.19
      vertex 34.2348 -42.9106 98.19
      vertex 35.5276 -42.6534 98.19
    endloop
  endfacet
  facet normal 0 0 -1
    outer loop
      vertex 35 -43 98.19
      vertex 34.2347 -42.9106 98.19
      vertex 34.2348 -42.9106 98.19
    endloop
  endfacet
  facet normal 0 0 -1
    outer loop
      vertex 35 -43 98.19
      vertex 32.9194 -42.9968 98.19
      vertex 34.2347 -42.9106 98.19
    endloop
  endfacet
  facet normal 0 0 -1
    outer loop
      vertex 35 -43 98.19
      vertex -32.9194 -42.9968 98.19
      vertex 32.9194 -42.9968 98.19
    endloop
  endfacet
  facet normal 0 0 -1
    outer loop
      vertex -35 -43 98.19
      vertex -32.9194 -42.9968 98.19
      vertex 35 -43 98.19
    endloop
  endfacet
  facet normal -0 0 -1
    outer loop
      vertex -32.9194 -42.9968 98.19
      vertex -35 -43 98.19
      vertex -34.2347 -42.9106 98.19
    endloop
  endfacet
  facet normal 0 0 -1
    outer loop
      vertex -35 -43 98.19
      vertex -34.2348 -42.9106 98.19
      vertex -34.2347 -42.9106 98.19
    endloop
  endfacet
  facet normal 0 0 -1
    outer loop
      vertex -35.5276 -42.6534 98.19
      vertex -35 -43 98.19
      vertex -35.2792 -42.9951 98.19
    endloop
  endfacet
  facet normal 0 0 -1
    outer loop
      vertex -35 -43 98.19
      vertex -35.5276 -42.6534 98.19
      vertex -34.2348 -42.9106 98.19
    endloop
  endfacet
  facet normal 0 0 -1
    outer loop
      vertex -35.8362 -42.9562 98.19
      vertex -35.5276 -42.6534 98.19
      vertex -35.2792 -42.9951 98.19
    endloop
  endfacet
  facet normal 0 0 -1
    outer loop
      vertex -36.3892 -42.8785 98.19
      vertex -35.5276 -42.6534 98.19
      vertex -35.8362 -42.9562 98.19
    endloop
  endfacet
  facet normal 0 0 -1
    outer loop
      vertex -36.3892 -42.8785 98.19
      vertex -36.7758 -42.2297 98.19
      vertex -35.5276 -42.6534 98.19
    endloop
  endfacet
  facet normal 0 0 -1
    outer loop
      vertex -36.9354 -42.7624 98.19
      vertex -36.7758 -42.2297 98.19
      vertex -36.3892 -42.8785 98.19
    endloop
  endfacet
  facet normal -0 0 -1
    outer loop
      vertex -36.7758 -42.2297 98.19
      vertex -36.9354 -42.7624 98.19
      vertex -36.7759 -42.2297 98.19
    endloop
  endfacet
  facet normal 0 0 -1
    outer loop
      vertex -37.4721 -42.6085 98.19
      vertex -36.7759 -42.2297 98.19
      vertex -36.9354 -42.7624 98.19
    endloop
  endfacet
  facet normal 0 0 -1
    outer loop
      vertex -37.4721 -42.6085 98.19
      vertex -37.9581 -41.6467 98.19
      vertex -36.7759 -42.2297 98.19
    endloop
  endfacet
  facet normal 0 0 -1
    outer loop
      vertex -37.9969 -42.4175 98.19
      vertex -37.9581 -41.6467 98.19
      vertex -37.4721 -42.6085 98.19
    endloop
  endfacet
  facet normal 0 0 -1
    outer loop
      vertex -38.507 -42.1904 98.19
      vertex -37.9581 -41.6467 98.19
      vertex -37.9969 -42.4175 98.19
    endloop
  endfacet
  facet normal 0 0 -1
    outer loop
      vertex -39 -41.9282 98.19
      vertex -37.9581 -41.6467 98.19
      vertex -38.507 -42.1904 98.19
    endloop
  endfacet
  facet normal 0 0 -1
    outer loop
      vertex -39 -41.9282 98.19
      vertex -39.0541 -40.9143 98.19
      vertex -37.9581 -41.6467 98.19
    endloop
  endfacet
  facet normal 0 0 -1
    outer loop
      vertex -39.4735 -41.6323 98.19
      vertex -39.0541 -40.9143 98.19
      vertex -39 -41.9282 98.19
    endloop
  endfacet
  facet normal 0 0 -1
    outer loop
      vertex -39.9253 -41.3041 98.19
      vertex -39.0541 -40.9143 98.19
      vertex -39.4735 -41.6323 98.19
    endloop
  endfacet
  facet normal 0 0 -1
    outer loop
      vertex -39.9253 -41.3041 98.19
      vertex -40.0452 -40.0452 98.19
      vertex -39.0541 -40.9143 98.19
    endloop
  endfacet
  facet normal 0 0 -1
    outer loop
      vertex -40.353 -40.9452 98.19
      vertex -40.0452 -40.0452 98.19
      vertex -39.9253 -41.3041 98.19
    endloop
  endfacet
  facet normal 0 0 -1
    outer loop
      vertex -40.7547 -40.5573 98.19
      vertex -40.0452 -40.0452 98.19
      vertex -40.353 -40.9452 98.19
    endloop
  endfacet
  facet normal 0 0 -1
    outer loop
      vertex -41.1284 -40.1423 98.19
      vertex -40.0452 -40.0452 98.19
      vertex -40.7547 -40.5573 98.19
    endloop
  endfacet
  facet normal -0 0 -1
    outer loop
      vertex -40.0452 -40.0452 98.19
      vertex -41.1284 -40.1423 98.19
      vertex -40.9143 -39.0541 98.19
    endloop
  endfacet
  facet normal 0 0 -1
    outer loop
      vertex -41.4721 -39.7023 98.19
      vertex -40.9143 -39.0541 98.19
      vertex -41.1284 -40.1423 98.19
    endloop
  endfacet
  facet normal 0 0 -1
    outer loop
      vertex -41.7844 -39.2393 98.19
      vertex -40.9143 -39.0541 98.19
      vertex -41.4721 -39.7023 98.19
    endloop
  endfacet
  facet normal 0 0 -1
    outer loop
      vertex -42.0636 -38.7558 98.19
      vertex -40.9143 -39.0541 98.19
      vertex -41.7844 -39.2393 98.19
    endloop
  endfacet
  facet normal 0 0 -1
    outer loop
      vertex -40.9143 -39.0541 98.19
      vertex -42.0636 -38.7558 98.19
      vertex -41.6467 -37.9581 98.19
    endloop
  endfacet
  facet normal 0 0 -1
    outer loop
      vertex -42.3084 -38.2539 98.19
      vertex -41.6467 -37.9581 98.19
      vertex -42.0636 -38.7558 98.19
    endloop
  endfacet
  facet normal 0 0 -1
    outer loop
      vertex -42.5175 -37.7362 98.19
      vertex -41.6467 -37.9581 98.19
      vertex -42.3084 -38.2539 98.19
    endloop
  endfacet
  facet normal 0 0 -1
    outer loop
      vertex -41.6467 -37.9581 98.19
      vertex -42.5175 -37.7362 98.19
      vertex -42.2297 -36.7759 98.19
    endloop
  endfacet
  facet normal 0 0 -1
    outer loop
      vertex -42.6901 -37.2051 98.19
      vertex -42.2297 -36.7759 98.19
      vertex -42.5175 -37.7362 98.19
    endloop
  endfacet
  facet normal 0 0 -1
    outer loop
      vertex -42.8252 -36.6633 98.19
      vertex -42.2297 -36.7759 98.19
      vertex -42.6901 -37.2051 98.19
    endloop
  endfacet
  facet normal 0 0 -1
    outer loop
      vertex -42.2297 -36.7759 98.19
      vertex -42.8252 -36.6633 98.19
      vertex -42.2297 -36.7758 98.19
    endloop
  endfacet
  facet normal 0 0 -1
    outer loop
      vertex -42.9221 -36.1134 98.19
      vertex -42.2297 -36.7758 98.19
      vertex -42.8252 -36.6633 98.19
    endloop
  endfacet
  facet normal 0 0 -1
    outer loop
      vertex -42.2297 -36.7758 98.19
      vertex -42.9221 -36.1134 98.19
      vertex -42.6534 -35.5276 98.19
    endloop
  endfacet
  facet normal 0 0 -1
    outer loop
      vertex -42.9805 -35.558 98.19
      vertex -42.6534 -35.5276 98.19
      vertex -42.9221 -36.1134 98.19
    endloop
  endfacet
  facet normal 0 0 -1
    outer loop
      vertex -43 -35 98.19
      vertex -42.6534 -35.5276 98.19
      vertex -42.9805 -35.558 98.19
    endloop
  endfacet
  facet normal 0 0 -1
    outer loop
      vertex -42.6534 -35.5276 98.19
      vertex -43 -35 98.19
      vertex -42.9106 -34.2348 98.19
    endloop
  endfacet
  facet normal -0 0 -1
    outer loop
      vertex -42.9106 -34.2348 98.19
      vertex -43 -35 98.19
      vertex -42.9106 -34.2347 98.19
    endloop
  endfacet
  facet normal -0 0 -1
    outer loop
      vertex -42.9106 -34.2347 98.19
      vertex -43 -35 98.19
      vertex -42.9968 -32.9194 98.19
    endloop
  endfacet
  facet normal -0 0 -1
    outer loop
      vertex -42.9968 -32.9194 98.19
      vertex -43 -35 98.19
      vertex -42.9968 32.9194 98.19
    endloop
  endfacet
  facet normal 0 0 -1
    outer loop
      vertex 42.9968 32.9194 98.19
      vertex 43 35 98.19
      vertex 42.9968 -32.9194 98.19
    endloop
  endfacet
  facet normal 0 0 -1
    outer loop
      vertex 42.9106 34.2347 98.19
      vertex 43 35 98.19
      vertex 42.9968 32.9194 98.19
    endloop
  endfacet
  facet normal 0 0 -1
    outer loop
      vertex 42.9106 34.2348 98.19
      vertex 43 35 98.19
      vertex 42.9106 34.2347 98.19
    endloop
  endfacet
  facet normal 0 0 -1
    outer loop
      vertex 42.6534 35.5276 98.19
      vertex 43 35 98.19
      vertex 42.9106 34.2348 98.19
    endloop
  endfacet
  facet normal 0 0 -1
    outer loop
      vertex 43 35 98.19
      vertex 42.6534 35.5276 98.19
      vertex 42.9805 35.558 98.19
    endloop
  endfacet
  facet normal -0 0 -1
    outer loop
      vertex 42.9805 35.558 98.19
      vertex 42.6534 35.5276 98.19
      vertex 42.9221 36.1134 98.19
    endloop
  endfacet
  facet normal 0 0 -1
    outer loop
      vertex 42.2297 36.7758 98.19
      vertex 42.9221 36.1134 98.19
      vertex 42.6534 35.5276 98.19
    endloop
  endfacet
  facet normal 0 0 -1
    outer loop
      vertex 42.9221 36.1134 98.19
      vertex 42.2297 36.7758 98.19
      vertex 42.8252 36.6633 98.19
    endloop
  endfacet
  facet normal 0 0 -1
    outer loop
      vertex 42.2297 36.7759 98.19
      vertex 42.8252 36.6633 98.19
      vertex 42.2297 36.7758 98.19
    endloop
  endfacet
  facet normal 0 0 -1
    outer loop
      vertex 42.8252 36.6633 98.19
      vertex 42.2297 36.7759 98.19
      vertex 42.6901 37.2051 98.19
    endloop
  endfacet
  facet normal -0 0 -1
    outer loop
      vertex 42.6901 37.2051 98.19
      vertex 42.2297 36.7759 98.19
      vertex 42.5175 37.7362 98.19
    endloop
  endfacet
  facet normal 0 0 -1
    outer loop
      vertex 41.6467 37.9581 98.19
      vertex 42.5175 37.7362 98.19
      vertex 42.2297 36.7759 98.19
    endloop
  endfacet
  facet normal 0 0 -1
    outer loop
      vertex 42.5175 37.7362 98.19
      vertex 41.6467 37.9581 98.19
      vertex 42.3084 38.2539 98.19
    endloop
  endfacet
  facet normal -0 0 -1
    outer loop
      vertex 42.3084 38.2539 98.19
      vertex 41.6467 37.9581 98.19
      vertex 42.0636 38.7558 98.19
    endloop
  endfacet
  facet normal 0 0 -1
    outer loop
      vertex 40.9143 39.0541 98.19
      vertex 42.0636 38.7558 98.19
      vertex 41.6467 37.9581 98.19
    endloop
  endfacet
  facet normal 0 0 -1
    outer loop
      vertex 42.0636 38.7558 98.19
      vertex 40.9143 39.0541 98.19
      vertex 41.7844 39.2393 98.19
    endloop
  endfacet
  facet normal -0 0 -1
    outer loop
      vertex 41.7844 39.2393 98.19
      vertex 40.9143 39.0541 98.19
      vertex 41.4721 39.7023 98.19
    endloop
  endfacet
  facet normal -0 0 -1
    outer loop
      vertex 41.4721 39.7023 98.19
      vertex 40.9143 39.0541 98.19
      vertex 41.1284 40.1423 98.19
    endloop
  endfacet
  facet normal 0 0 -1
    outer loop
      vertex 40.0452 40.0452 98.19
      vertex 41.1284 40.1423 98.19
      vertex 40.9143 39.0541 98.19
    endloop
  endfacet
  facet normal -0 0 -1
    outer loop
      vertex 41.1284 40.1423 98.19
      vertex 40.0452 40.0452 98.19
      vertex 40.7547 40.5573 98.19
    endloop
  endfacet
  facet normal -0 0 -1
    outer loop
      vertex 40.7547 40.5573 98.19
      vertex 40.0452 40.0452 98.19
      vertex 40.353 40.9452 98.19
    endloop
  endfacet
  facet normal 0 0 -1
    outer loop
      vertex 40.0452 40.0452 98.19
      vertex 39.9253 41.3041 98.19
      vertex 40.353 40.9452 98.19
    endloop
  endfacet
  facet normal 0 0 -1
    outer loop
      vertex 39.0541 40.9143 98.19
      vertex 39.9253 41.3041 98.19
      vertex 40.0452 40.0452 98.19
    endloop
  endfacet
  facet normal -0 0 -1
    outer loop
      vertex 39.9253 41.3041 98.19
      vertex 39.0541 40.9143 98.19
      vertex 39.4735 41.6323 98.19
    endloop
  endfacet
  facet normal 0 0 -1
    outer loop
      vertex 39.0541 40.9143 98.19
      vertex 39 41.9282 98.19
      vertex 39.4735 41.6323 98.19
    endloop
  endfacet
  facet normal 0 0 -1
    outer loop
      vertex 37.9581 41.6467 98.19
      vertex 39 41.9282 98.19
      vertex 39.0541 40.9143 98.19
    endloop
  endfacet
  facet normal -0 0 -1
    outer loop
      vertex 39 41.9282 98.19
      vertex 37.9581 41.6467 98.19
      vertex 38.507 42.1904 98.19
    endloop
  endfacet
  facet normal -0 0 -1
    outer loop
      vertex 38.507 42.1904 98.19
      vertex 37.9581 41.6467 98.19
      vertex 37.9969 42.4175 98.19
    endloop
  endfacet
  facet normal 0 0 -1
    outer loop
      vertex 37.9581 41.6467 98.19
      vertex 37.4721 42.6085 98.19
      vertex 37.9969 42.4175 98.19
    endloop
  endfacet
  facet normal 0 0 -1
    outer loop
      vertex 36.7759 42.2297 98.19
      vertex 37.4721 42.6085 98.19
      vertex 37.9581 41.6467 98.19
    endloop
  endfacet
  facet normal -0 0 -1
    outer loop
      vertex 37.4721 42.6085 98.19
      vertex 36.7759 42.2297 98.19
      vertex 36.9354 42.7624 98.19
    endloop
  endfacet
  facet normal 0 0 -1
    outer loop
      vertex 36.7758 42.2297 98.19
      vertex 36.9354 42.7624 98.19
      vertex 36.7759 42.2297 98.19
    endloop
  endfacet
  facet normal 0 0 -1
    outer loop
      vertex 36.7758 42.2297 98.19
      vertex 36.3892 42.8785 98.19
      vertex 36.9354 42.7624 98.19
    endloop
  endfacet
  facet normal 0 0 -1
    outer loop
      vertex 35.5276 42.6534 98.19
      vertex 36.3892 42.8785 98.19
      vertex 36.7758 42.2297 98.19
    endloop
  endfacet
  facet normal -0 0 -1
    outer loop
      vertex 36.3892 42.8785 98.19
      vertex 35.5276 42.6534 98.19
      vertex 35.8362 42.9562 98.19
    endloop
  endfacet
  facet normal 0 0 -1
    outer loop
      vertex 35.5276 42.6534 98.19
      vertex 35.2792 42.9951 98.19
      vertex 35.8362 42.9562 98.19
    endloop
  endfacet
  facet normal 0 0 -1
    outer loop
      vertex 35.5276 42.6534 98.19
      vertex 35 43 98.19
      vertex 35.2792 42.9951 98.19
    endloop
  endfacet
  facet normal 0 0 -1
    outer loop
      vertex 34.2348 42.9106 98.19
      vertex 35 43 98.19
      vertex 35.5276 42.6534 98.19
    endloop
  endfacet
  facet normal 0 0 -1
    outer loop
      vertex 34.2347 42.9106 98.19
      vertex 35 43 98.19
      vertex 34.2348 42.9106 98.19
    endloop
  endfacet
  facet normal 0 0 -1
    outer loop
      vertex 32.9194 42.9968 98.19
      vertex 35 43 98.19
      vertex 34.2347 42.9106 98.19
    endloop
  endfacet
  facet normal 0 0 -1
    outer loop
      vertex -32.9194 42.9968 98.19
      vertex 35 43 98.19
      vertex 32.9194 42.9968 98.19
    endloop
  endfacet
  facet normal 0 0 -1
    outer loop
      vertex -35 43 98.19
      vertex -32.9194 42.9968 98.19
      vertex -34.2347 42.9106 98.19
    endloop
  endfacet
  facet normal 0 0 -1
    outer loop
      vertex -32.9194 42.9968 98.19
      vertex -35 43 98.19
      vertex 35 43 98.19
    endloop
  endfacet
  facet normal 0 0 -1
    outer loop
      vertex -34.2348 42.9106 98.19
      vertex -35 43 98.19
      vertex -34.2347 42.9106 98.19
    endloop
  endfacet
  facet normal 0 0 -1
    outer loop
      vertex -35.5276 42.6534 98.19
      vertex -35 43 98.19
      vertex -34.2348 42.9106 98.19
    endloop
  endfacet
  facet normal 0 0 -1
    outer loop
      vertex -35.5276 42.6534 98.19
      vertex -35.558 42.9805 98.19
      vertex -35 43 98.19
    endloop
  endfacet
  facet normal 0 0 -1
    outer loop
      vertex -35.5276 42.6534 98.19
      vertex -36.1134 42.9221 98.19
      vertex -35.558 42.9805 98.19
    endloop
  endfacet
  facet normal 0 0 -1
    outer loop
      vertex -36.7758 42.2297 98.19
      vertex -36.1134 42.9221 98.19
      vertex -35.5276 42.6534 98.19
    endloop
  endfacet
  facet normal 0 0 -1
    outer loop
      vertex -36.1134 42.9221 98.19
      vertex -36.7758 42.2297 98.19
      vertex -36.6633 42.8252 98.19
    endloop
  endfacet
  facet normal 0 0 -1
    outer loop
      vertex -36.7759 42.2297 98.19
      vertex -36.6633 42.8252 98.19
      vertex -36.7758 42.2297 98.19
    endloop
  endfacet
  facet normal 0 0 -1
    outer loop
      vertex -36.7759 42.2297 98.19
      vertex -37.2051 42.6901 98.19
      vertex -36.6633 42.8252 98.19
    endloop
  endfacet
  facet normal 0 0 -1
    outer loop
      vertex -36.7759 42.2297 98.19
      vertex -37.7362 42.5175 98.19
      vertex -37.2051 42.6901 98.19
    endloop
  endfacet
  facet normal 0 0 -1
    outer loop
      vertex -37.9581 41.6467 98.19
      vertex -37.7362 42.5175 98.19
      vertex -36.7759 42.2297 98.19
    endloop
  endfacet
  facet normal 0 0 -1
    outer loop
      vertex -37.9581 41.6467 98.19
      vertex -38.2539 42.3084 98.19
      vertex -37.7362 42.5175 98.19
    endloop
  endfacet
  facet normal 0 0 -1
    outer loop
      vertex -37.9581 41.6467 98.19
      vertex -38.7558 42.0636 98.19
      vertex -38.2539 42.3084 98.19
    endloop
  endfacet
  facet normal 0 0 -1
    outer loop
      vertex -39.0541 40.9143 98.19
      vertex -38.7558 42.0636 98.19
      vertex -37.9581 41.6467 98.19
    endloop
  endfacet
  facet normal 0 0 -1
    outer loop
      vertex -39.0541 40.9143 98.19
      vertex -39.2393 41.7844 98.19
      vertex -38.7558 42.0636 98.19
    endloop
  endfacet
  facet normal 0 0 -1
    outer loop
      vertex -39.0541 40.9143 98.19
      vertex -39.7023 41.4721 98.19
      vertex -39.2393 41.7844 98.19
    endloop
  endfacet
  facet normal 0 0 -1
    outer loop
      vertex -40.1423 41.1284 98.19
      vertex -39.0541 40.9143 98.19
      vertex -40.0452 40.0452 98.19
    endloop
  endfacet
  facet normal 0 0 -1
    outer loop
      vertex -39.0541 40.9143 98.19
      vertex -40.1423 41.1284 98.19
      vertex -39.7023 41.4721 98.19
    endloop
  endfacet
  facet normal 0 0 -1
    outer loop
      vertex -40.0452 40.0452 98.19
      vertex -40.5573 40.7547 98.19
      vertex -40.1423 41.1284 98.19
    endloop
  endfacet
  facet normal 0 0 -1
    outer loop
      vertex -41.3041 39.9253 98.19
      vertex -40.0452 40.0452 98.19
      vertex -40.9143 39.0541 98.19
    endloop
  endfacet
  facet normal 0 0 -1
    outer loop
      vertex -40.0452 40.0452 98.19
      vertex -40.9452 40.353 98.19
      vertex -40.5573 40.7547 98.19
    endloop
  endfacet
  facet normal -0 0 -1
    outer loop
      vertex -40.0452 40.0452 98.19
      vertex -41.3041 39.9253 98.19
      vertex -40.9452 40.353 98.19
    endloop
  endfacet
  facet normal 0 0 -1
    outer loop
      vertex -40.9143 39.0541 98.19
      vertex -41.6323 39.4735 98.19
      vertex -41.3041 39.9253 98.19
    endloop
  endfacet
  facet normal 0 0 -1
    outer loop
      vertex -41.9282 39 98.19
      vertex -40.9143 39.0541 98.19
      vertex -41.6467 37.9581 98.19
    endloop
  endfacet
  facet normal -0 0 -1
    outer loop
      vertex -40.9143 39.0541 98.19
      vertex -41.9282 39 98.19
      vertex -41.6323 39.4735 98.19
    endloop
  endfacet
  facet normal 0 0 -1
    outer loop
      vertex -41.6467 37.9581 98.19
      vertex -42.1904 38.507 98.19
      vertex -41.9282 39 98.19
    endloop
  endfacet
  facet normal 0 0 -1
    outer loop
      vertex -42.6085 37.4721 98.19
      vertex -41.6467 37.9581 98.19
      vertex -42.2297 36.7759 98.19
    endloop
  endfacet
  facet normal 0 0 -1
    outer loop
      vertex -42.7624 36.9354 98.19
      vertex -42.2297 36.7759 98.19
      vertex -42.2297 36.7758 98.19
    endloop
  endfacet
  facet normal 0 0 -1
    outer loop
      vertex -41.6467 37.9581 98.19
      vertex -42.4175 37.9969 98.19
      vertex -42.1904 38.507 98.19
    endloop
  endfacet
  facet normal -0 0 -1
    outer loop
      vertex -41.6467 37.9581 98.19
      vertex -42.6085 37.4721 98.19
      vertex -42.4175 37.9969 98.19
    endloop
  endfacet
  facet normal 0 0 -1
    outer loop
      vertex -42.8785 36.3892 98.19
      vertex -42.2297 36.7758 98.19
      vertex -42.6534 35.5276 98.19
    endloop
  endfacet
  facet normal 0 0 -1
    outer loop
      vertex -42.2297 36.7759 98.19
      vertex -42.7624 36.9354 98.19
      vertex -42.6085 37.4721 98.19
    endloop
  endfacet
  facet normal -0 0 -1
    outer loop
      vertex -42.2297 36.7758 98.19
      vertex -42.8785 36.3892 98.19
      vertex -42.7624 36.9354 98.19
    endloop
  endfacet
  facet normal 0 0 -1
    outer loop
      vertex -43 35 98.19
      vertex -42.6534 35.5276 98.19
      vertex -42.9106 34.2348 98.19
    endloop
  endfacet
  facet normal 0 0 -1
    outer loop
      vertex -43 35 98.19
      vertex -42.9106 34.2348 98.19
      vertex -42.9106 34.2347 98.19
    endloop
  endfacet
  facet normal 0 0 -1
    outer loop
      vertex -42.6534 35.5276 98.19
      vertex -42.9562 35.8362 98.19
      vertex -42.8785 36.3892 98.19
    endloop
  endfacet
  facet normal -0 0 -1
    outer loop
      vertex -42.6534 35.5276 98.19
      vertex -42.9951 35.2792 98.19
      vertex -42.9562 35.8362 98.19
    endloop
  endfacet
  facet normal 0 0 -1
    outer loop
      vertex -43 35 98.19
      vertex -42.9106 34.2347 98.19
      vertex -42.9968 32.9194 98.19
    endloop
  endfacet
  facet normal 0 0 -1
    outer loop
      vertex -42.6534 35.5276 98.19
      vertex -43 35 98.19
      vertex -42.9951 35.2792 98.19
    endloop
  endfacet
  facet normal 0 0 -1
    outer loop
      vertex -43 35 98.19
      vertex -42.9968 32.9194 98.19
      vertex -43 -35 98.19
    endloop
  endfacet
  facet normal -0.13914 -0.990273 0
    outer loop
      vertex -38.3892 -44.8785 101.7
      vertex -37.8362 -44.9562 104.7
      vertex -38.3892 -44.8785 104.7
    endloop
  endfacet
  facet normal -0.13914 -0.990273 -0
    outer loop
      vertex -37.8362 -44.9562 104.7
      vertex -38.3892 -44.8785 101.7
      vertex -37.8362 -44.9562 101.7
    endloop
  endfacet
  facet normal -0.540918 -0.560162 -0.627396
    outer loop
      vertex -42.353 -42.9452 101.7
      vertex -40.7547 -40.5573 98.19
      vertex -40.353 -40.9452 98.19
    endloop
  endfacet
  facet normal -0.540918 -0.560162 -0.627396
    outer loop
      vertex -40.7547 -40.5573 98.19
      vertex -42.353 -42.9452 101.7
      vertex -42.7547 -42.5573 101.7
    endloop
  endfacet
  facet normal -0.501272 -0.597365 -0.626004
    outer loop
      vertex -41.9253 -43.3041 101.7
      vertex -40.353 -40.9452 98.19
      vertex -39.9253 -41.3041 98.19
    endloop
  endfacet
  facet normal -0.501272 -0.597365 -0.626004
    outer loop
      vertex -40.353 -40.9452 98.19
      vertex -41.9253 -43.3041 101.7
      vertex -42.353 -42.9452 101.7
    endloop
  endfacet
  facet normal -0.642806 -0.766029 0
    outer loop
      vertex -42.353 -42.9452 101.7
      vertex -41.9253 -43.3041 104.7
      vertex -42.353 -42.9452 104.7
    endloop
  endfacet
  facet normal -0.642806 -0.766029 -0
    outer loop
      vertex -41.9253 -43.3041 104.7
      vertex -42.353 -42.9452 101.7
      vertex -41.9253 -43.3041 101.7
    endloop
  endfacet
  facet normal 0.927224 0.374507 0
    outer loop
      vertex 44.5175 39.7362 104.7
      vertex 44.3084 40.2539 101.7
      vertex 44.3084 40.2539 104.7
    endloop
  endfacet
  facet normal 0.927224 0.374507 0
    outer loop
      vertex 44.3084 40.2539 101.7
      vertex 44.5175 39.7362 104.7
      vertex 44.5175 39.7362 101.7
    endloop
  endfacet
  facet normal 0.868852 0 -0.495072
    outer loop
      vertex 45 37 101.7
      vertex 43 -35 98.19
      vertex 43 35 98.19
    endloop
  endfacet
  facet normal 0.868852 0 -0.495072
    outer loop
      vertex 43 -35 98.19
      vertex 45 37 101.7
      vertex 45 -37 101.7
    endloop
  endfacet
  facet normal 0.821931 0.144836 -0.550864
    outer loop
      vertex 44.9221 38.1134 101.7
      vertex 42.8252 36.6633 98.19
      vertex 44.8252 38.6633 101.7
    endloop
  endfacet
  facet normal 0.821931 0.144836 -0.550864
    outer loop
      vertex 42.8252 36.6633 98.19
      vertex 44.9221 38.1134 101.7
      vertex 42.9221 36.1134 98.19
    endloop
  endfacet
  facet normal 0.758869 -0.276189 -0.589777
    outer loop
      vertex 44.6085 -39.4721 101.7
      vertex 42.4175 -37.9969 98.19
      vertex 42.6085 -37.4721 98.19
    endloop
  endfacet
  facet normal 0.758869 -0.276189 -0.589777
    outer loop
      vertex 42.4175 -37.9969 98.19
      vertex 44.6085 -39.4721 101.7
      vertex 44.4175 -39.9969 101.7
    endloop
  endfacet
  facet normal 0.666996 -0.416819 -0.617558
    outer loop
      vertex 43.9282 -41 101.7
      vertex 41.6323 -39.4735 98.19
      vertex 41.9282 -39 98.19
    endloop
  endfacet
  facet normal 0.666996 -0.416819 -0.617558
    outer loop
      vertex 41.6323 -39.4735 98.19
      vertex 43.9282 -41 101.7
      vertex 43.6323 -41.4735 101.7
    endloop
  endfacet
  facet normal 0.785723 -0.225308 -0.576086
    outer loop
      vertex 44.7624 -38.9354 101.7
      vertex 42.6085 -37.4721 98.19
      vertex 42.7624 -36.9354 98.19
    endloop
  endfacet
  facet normal 0.785723 -0.225308 -0.576086
    outer loop
      vertex 42.6085 -37.4721 98.19
      vertex 44.7624 -38.9354 101.7
      vertex 44.6085 -39.4721 101.7
    endloop
  endfacet
  facet normal 0.438574 -0.650208 -0.620389
    outer loop
      vertex 39.7023 -41.4721 98.19
      vertex 41.2393 -43.7844 101.7
      vertex 39.2393 -41.7844 98.19
    endloop
  endfacet
  facet normal 0.438574 -0.650208 -0.620389
    outer loop
      vertex 41.2393 -43.7844 101.7
      vertex 39.7023 -41.4721 98.19
      vertex 41.7023 -43.4721 101.7
    endloop
  endfacet
  facet normal 0.374507 -0.927224 0
    outer loop
      vertex 39.7362 -44.5175 101.7
      vertex 40.2539 -44.3084 104.7
      vertex 39.7362 -44.5175 104.7
    endloop
  endfacet
  facet normal 0.374507 -0.927224 0
    outer loop
      vertex 40.2539 -44.3084 104.7
      vertex 39.7362 -44.5175 101.7
      vertex 40.2539 -44.3084 101.7
    endloop
  endfacet
  facet normal 0.241946 -0.97029 0
    outer loop
      vertex 38.6633 -44.8252 101.7
      vertex 39.2051 -44.6901 104.7
      vertex 38.6633 -44.8252 104.7
    endloop
  endfacet
  facet normal 0.241946 -0.97029 0
    outer loop
      vertex 39.2051 -44.6901 104.7
      vertex 38.6633 -44.8252 101.7
      vertex 39.2051 -44.6901 101.7
    endloop
  endfacet
  facet normal 0.199072 -0.798353 -0.568333
    outer loop
      vertex 37.2051 -42.6901 98.19
      vertex 38.6633 -44.8252 101.7
      vertex 36.6633 -42.8252 98.19
    endloop
  endfacet
  facet normal 0.199072 -0.798353 -0.568333
    outer loop
      vertex 38.6633 -44.8252 101.7
      vertex 37.2051 -42.6901 98.19
      vertex 39.2051 -44.6901 101.7
    endloop
  endfacet
  facet normal -0.48074 0.615436 -0.624602
    outer loop
      vertex -40.1423 41.1284 98.19
      vertex -41.7023 43.4721 101.7
      vertex -39.7023 41.4721 98.19
    endloop
  endfacet
  facet normal -0.48074 0.615436 -0.624602
    outer loop
      vertex -41.7023 43.4721 101.7
      vertex -40.1423 41.1284 98.19
      vertex -42.1423 43.1284 101.7
    endloop
  endfacet
  facet normal -0.104573 0.994517 0
    outer loop
      vertex -37.558 44.9805 101.7
      vertex -38.1134 44.9221 104.7
      vertex -37.558 44.9805 104.7
    endloop
  endfacet
  facet normal -0.104573 0.994517 0
    outer loop
      vertex -38.1134 44.9221 104.7
      vertex -37.558 44.9805 101.7
      vertex -38.1134 44.9221 101.7
    endloop
  endfacet
  facet normal -0.852343 0.0595263 -0.519584
    outer loop
      vertex -42.9562 35.8362 98.19
      vertex -44.9951 37.2792 101.7
      vertex -44.9562 37.8362 101.7
    endloop
  endfacet
  facet normal -0.852343 0.0595263 -0.519584
    outer loop
      vertex -44.9951 37.2792 101.7
      vertex -42.9562 35.8362 98.19
      vertex -42.9951 35.2792 98.19
    endloop
  endfacet
  facet normal -0.939699 0.342002 0
    outer loop
      vertex -44.6085 39.4721 101.7
      vertex -44.4175 39.9969 104.7
      vertex -44.4175 39.9969 101.7
    endloop
  endfacet
  facet normal -0.939699 0.342002 0
    outer loop
      vertex -44.4175 39.9969 104.7
      vertex -44.6085 39.4721 101.7
      vertex -44.6085 39.4721 104.7
    endloop
  endfacet
  facet normal -0.560162 0.540918 -0.627396
    outer loop
      vertex -42.9452 42.353 101.7
      vertex -40.5573 40.7547 98.19
      vertex -40.9452 40.353 98.19
    endloop
  endfacet
  facet normal -0.560162 0.540918 -0.627396
    outer loop
      vertex -40.5573 40.7547 98.19
      vertex -42.9452 42.353 101.7
      vertex -42.5573 42.7547 101.7
    endloop
  endfacet
  facet normal -0.699331 0.371936 -0.610409
    outer loop
      vertex -41.9282 39 98.19
      vertex -44.1904 40.507 101.7
      vertex -43.9282 41 101.7
    endloop
  endfacet
  facet normal -0.699331 0.371936 -0.610409
    outer loop
      vertex -44.1904 40.507 101.7
      vertex -41.9282 39 98.19
      vertex -42.1904 38.507 98.19
    endloop
  endfacet
  facet normal -0.785723 0.225308 -0.576086
    outer loop
      vertex -42.6085 37.4721 98.19
      vertex -44.7624 38.9354 101.7
      vertex -44.6085 39.4721 101.7
    endloop
  endfacet
  facet normal -0.785723 0.225308 -0.576086
    outer loop
      vertex -44.7624 38.9354 101.7
      vertex -42.6085 37.4721 98.19
      vertex -42.7624 36.9354 98.19
    endloop
  endfacet
  facet normal 0.501272 0.597365 -0.626004
    outer loop
      vertex 40.353 40.9452 98.19
      vertex 41.9253 43.3041 101.7
      vertex 42.353 42.9452 101.7
    endloop
  endfacet
  facet normal 0.501272 0.597365 -0.626004
    outer loop
      vertex 41.9253 43.3041 101.7
      vertex 40.353 40.9452 98.19
      vertex 39.9253 41.3041 98.19
    endloop
  endfacet
  facet normal 0.540918 0.560162 -0.627396
    outer loop
      vertex 40.7547 40.5573 98.19
      vertex 42.353 42.9452 101.7
      vertex 42.7547 42.5573 101.7
    endloop
  endfacet
  facet normal 0.540918 0.560162 -0.627396
    outer loop
      vertex 42.353 42.9452 101.7
      vertex 40.7547 40.5573 98.19
      vertex 40.353 40.9452 98.19
    endloop
  endfacet
  facet normal 0.578942 0.521326 -0.626933
    outer loop
      vertex 40.7547 40.5573 98.19
      vertex 43.1284 42.1423 101.7
      vertex 41.1284 40.1423 98.19
    endloop
  endfacet
  facet normal 0.578942 0.521326 -0.626933
    outer loop
      vertex 43.1284 42.1423 101.7
      vertex 40.7547 40.5573 98.19
      vertex 42.7547 42.5573 101.7
    endloop
  endfacet
  facet normal 0.371936 0.699331 -0.610409
    outer loop
      vertex 39 41.9282 98.19
      vertex 40.507 44.1904 101.7
      vertex 41 43.9282 101.7
    endloop
  endfacet
  facet normal 0.371936 0.699331 -0.610409
    outer loop
      vertex 40.507 44.1904 101.7
      vertex 39 41.9282 98.19
      vertex 38.507 42.1904 98.19
    endloop
  endfacet
  facet normal 0.529951 0.848028 -0
    outer loop
      vertex 41.4735 43.6323 101.7
      vertex 41 43.9282 104.7
      vertex 41.4735 43.6323 104.7
    endloop
  endfacet
  facet normal 0.529951 0.848028 0
    outer loop
      vertex 41 43.9282 104.7
      vertex 41.4735 43.6323 101.7
      vertex 41 43.9282 101.7
    endloop
  endfacet
  facet normal 0.587724 0.809061 -0
    outer loop
      vertex 41.9253 43.3041 101.7
      vertex 41.4735 43.6323 104.7
      vertex 41.9253 43.3041 104.7
    endloop
  endfacet
  facet normal 0.587724 0.809061 0
    outer loop
      vertex 41.4735 43.6323 104.7
      vertex 41.9253 43.3041 101.7
      vertex 41.4735 43.6323 101.7
    endloop
  endfacet
  facet normal -0.772527 -0.25106 -0.583241
    outer loop
      vertex -42.5175 -37.7362 98.19
      vertex -44.6901 -39.2051 101.7
      vertex -42.6901 -37.2051 98.19
    endloop
  endfacet
  facet normal -0.772527 -0.25106 -0.583241
    outer loop
      vertex -44.6901 -39.2051 101.7
      vertex -42.5175 -37.7362 98.19
      vertex -44.5175 -39.7362 101.7
    endloop
  endfacet
  facet normal -0.225308 -0.785723 -0.576086
    outer loop
      vertex -37.4721 -42.6085 98.19
      vertex -38.9354 -44.7624 101.7
      vertex -39.4721 -44.6085 101.7
    endloop
  endfacet
  facet normal -0.225308 -0.785723 -0.576086
    outer loop
      vertex -38.9354 -44.7624 101.7
      vertex -37.4721 -42.6085 98.19
      vertex -36.9354 -42.7624 98.19
    endloop
  endfacet
  facet normal -0.371936 -0.699331 -0.610409
    outer loop
      vertex -39 -41.9282 98.19
      vertex -40.507 -44.1904 101.7
      vertex -41 -43.9282 101.7
    endloop
  endfacet
  facet normal -0.371936 -0.699331 -0.610409
    outer loop
      vertex -40.507 -44.1904 101.7
      vertex -39 -41.9282 98.19
      vertex -38.507 -42.1904 98.19
    endloop
  endfacet
  facet normal -0.325018 -0.730038 -0.601172
    outer loop
      vertex -38.507 -42.1904 98.19
      vertex -39.9969 -44.4175 101.7
      vertex -40.507 -44.1904 101.7
    endloop
  endfacet
  facet normal -0.325018 -0.730038 -0.601172
    outer loop
      vertex -39.9969 -44.4175 101.7
      vertex -38.507 -42.1904 98.19
      vertex -37.9969 -42.4175 98.19
    endloop
  endfacet
  facet normal 0.744726 0.300796 -0.595739
    outer loop
      vertex 44.5175 39.7362 101.7
      vertex 42.3084 38.2539 98.19
      vertex 44.3084 40.2539 101.7
    endloop
  endfacet
  facet normal 0.744726 0.300796 -0.595739
    outer loop
      vertex 42.3084 38.2539 98.19
      vertex 44.5175 39.7362 101.7
      vertex 42.5175 37.7362 98.19
    endloop
  endfacet
  facet normal 0.994517 0.104573 0
    outer loop
      vertex 44.9805 37.558 104.7
      vertex 44.9221 38.1134 101.7
      vertex 44.9221 38.1134 104.7
    endloop
  endfacet
  facet normal 0.994517 0.104573 0
    outer loop
      vertex 44.9221 38.1134 101.7
      vertex 44.9805 37.558 104.7
      vertex 44.9805 37.558 101.7
    endloop
  endfacet
  facet normal 0.898789 0.438381 0
    outer loop
      vertex 44.3084 40.2539 104.7
      vertex 44.0636 40.7558 101.7
      vertex 44.0636 40.7558 104.7
    endloop
  endfacet
  facet normal 0.898789 0.438381 0
    outer loop
      vertex 44.0636 40.7558 101.7
      vertex 44.3084 40.2539 104.7
      vertex 44.3084 40.2539 101.7
    endloop
  endfacet
  facet normal 1 -0 0
    outer loop
      vertex 45 -37 104.7
      vertex 45 37 101.7
      vertex 45 37 104.7
    endloop
  endfacet
  facet normal 1 0 0
    outer loop
      vertex 45 37 101.7
      vertex 45 -37 104.7
      vertex 45 -37 101.7
    endloop
  endfacet
  facet normal 0.84287 0.0886274 -0.530768
    outer loop
      vertex 44.9805 37.558 101.7
      vertex 42.9221 36.1134 98.19
      vertex 44.9221 38.1134 101.7
    endloop
  endfacet
  facet normal 0.84287 0.0886274 -0.530768
    outer loop
      vertex 42.9221 36.1134 98.19
      vertex 44.9805 37.558 101.7
      vertex 42.9805 35.558 98.19
    endloop
  endfacet
  facet normal 0.71492 0.3487 -0.606051
    outer loop
      vertex 44.3084 40.2539 101.7
      vertex 42.0636 38.7558 98.19
      vertex 44.0636 40.7558 101.7
    endloop
  endfacet
  facet normal 0.71492 0.3487 -0.606051
    outer loop
      vertex 42.0636 38.7558 98.19
      vertex 44.3084 40.2539 101.7
      vertex 42.3084 38.2539 98.19
    endloop
  endfacet
  facet normal 0.615436 0.48074 -0.624602
    outer loop
      vertex 41.1284 40.1423 98.19
      vertex 43.4721 41.7023 101.7
      vertex 41.4721 39.7023 98.19
    endloop
  endfacet
  facet normal 0.615436 0.48074 -0.624602
    outer loop
      vertex 43.4721 41.7023 101.7
      vertex 41.1284 40.1423 98.19
      vertex 43.1284 42.1423 101.7
    endloop
  endfacet
  facet normal 0.3487 -0.71492 -0.606051
    outer loop
      vertex 38.7558 -42.0636 98.19
      vertex 40.2539 -44.3084 101.7
      vertex 38.2539 -42.3084 98.19
    endloop
  endfacet
  facet normal 0.3487 -0.71492 -0.606051
    outer loop
      vertex 40.2539 -44.3084 101.7
      vertex 38.7558 -42.0636 98.19
      vertex 40.7558 -44.0636 101.7
    endloop
  endfacet
  facet normal 0.730038 -0.325018 -0.601172
    outer loop
      vertex 44.4175 -39.9969 101.7
      vertex 42.1904 -38.507 98.19
      vertex 42.4175 -37.9969 98.19
    endloop
  endfacet
  facet normal 0.730038 -0.325018 -0.601172
    outer loop
      vertex 42.1904 -38.507 98.19
      vertex 44.4175 -39.9969 101.7
      vertex 44.1904 -40.507 101.7
    endloop
  endfacet
  facet normal 0.96126 -0.275644 0
    outer loop
      vertex 44.6085 -39.4721 104.7
      vertex 44.7624 -38.9354 101.7
      vertex 44.7624 -38.9354 104.7
    endloop
  endfacet
  facet normal 0.96126 -0.275644 0
    outer loop
      vertex 44.7624 -38.9354 101.7
      vertex 44.6085 -39.4721 104.7
      vertex 44.6085 -39.4721 101.7
    endloop
  endfacet
  facet normal 0.913553 -0.40672 0
    outer loop
      vertex 44.1904 -40.507 104.7
      vertex 44.4175 -39.9969 101.7
      vertex 44.4175 -39.9969 104.7
    endloop
  endfacet
  facet normal 0.913553 -0.40672 0
    outer loop
      vertex 44.4175 -39.9969 101.7
      vertex 44.1904 -40.507 104.7
      vertex 44.1904 -40.507 101.7
    endloop
  endfacet
  facet normal 0.743116 0.669163 0
    outer loop
      vertex 43.1284 42.1423 104.7
      vertex 42.7547 42.5573 101.7
      vertex 42.7547 42.5573 104.7
    endloop
  endfacet
  facet normal 0.743116 0.669163 0
    outer loop
      vertex 42.7547 42.5573 101.7
      vertex 43.1284 42.1423 104.7
      vertex 43.1284 42.1423 101.7
    endloop
  endfacet
  facet normal 0.810428 -0.172264 -0.559939
    outer loop
      vertex 44.8785 -38.3892 101.7
      vertex 42.7624 -36.9354 98.19
      vertex 42.8785 -36.3892 98.19
    endloop
  endfacet
  facet normal 0.810428 -0.172264 -0.559939
    outer loop
      vertex 42.7624 -36.9354 98.19
      vertex 44.8785 -38.3892 101.7
      vertex 44.7624 -38.9354 101.7
    endloop
  endfacet
  facet normal 0.669163 -0.743116 0
    outer loop
      vertex 42.1423 -43.1284 101.7
      vertex 42.5573 -42.7547 104.7
      vertex 42.1423 -43.1284 104.7
    endloop
  endfacet
  facet normal 0.669163 -0.743116 0
    outer loop
      vertex 42.5573 -42.7547 104.7
      vertex 42.1423 -43.1284 101.7
      vertex 42.5573 -42.7547 101.7
    endloop
  endfacet
  facet normal 0.438381 -0.898789 0
    outer loop
      vertex 40.2539 -44.3084 101.7
      vertex 40.7558 -44.0636 104.7
      vertex 40.2539 -44.3084 104.7
    endloop
  endfacet
  facet normal 0.438381 -0.898789 0
    outer loop
      vertex 40.7558 -44.0636 104.7
      vertex 40.2539 -44.3084 101.7
      vertex 40.7558 -44.0636 101.7
    endloop
  endfacet
  facet normal 0.300796 -0.744726 -0.595739
    outer loop
      vertex 38.2539 -42.3084 98.19
      vertex 39.7362 -44.5175 101.7
      vertex 37.7362 -42.5175 98.19
    endloop
  endfacet
  facet normal 0.300796 -0.744726 -0.595739
    outer loop
      vertex 39.7362 -44.5175 101.7
      vertex 38.2539 -42.3084 98.19
      vertex 40.2539 -44.3084 101.7
    endloop
  endfacet
  facet normal 0.25106 -0.772527 -0.583241
    outer loop
      vertex 37.7362 -42.5175 98.19
      vertex 39.2051 -44.6901 101.7
      vertex 37.2051 -42.6901 98.19
    endloop
  endfacet
  facet normal 0.25106 -0.772527 -0.583241
    outer loop
      vertex 39.2051 -44.6901 101.7
      vertex 37.7362 -42.5175 98.19
      vertex 39.7362 -44.5175 101.7
    endloop
  endfacet
  facet normal -0.719355 0.694642 0
    outer loop
      vertex -42.9452 42.353 101.7
      vertex -42.5573 42.7547 104.7
      vertex -42.5573 42.7547 101.7
    endloop
  endfacet
  facet normal -0.719355 0.694642 0
    outer loop
      vertex -42.5573 42.7547 104.7
      vertex -42.9452 42.353 101.7
      vertex -42.9452 42.353 104.7
    endloop
  endfacet
  facet normal -0.438574 0.650208 -0.620389
    outer loop
      vertex -39.7023 41.4721 98.19
      vertex -41.2393 43.7844 101.7
      vertex -39.2393 41.7844 98.19
    endloop
  endfacet
  facet normal -0.438574 0.650208 -0.620389
    outer loop
      vertex -41.2393 43.7844 101.7
      vertex -39.7023 41.4721 98.19
      vertex -41.7023 43.4721 101.7
    endloop
  endfacet
  facet normal -0.144836 0.821931 -0.550864
    outer loop
      vertex -36.6633 42.8252 98.19
      vertex -38.1134 44.9221 101.7
      vertex -36.1134 42.9221 98.19
    endloop
  endfacet
  facet normal -0.144836 0.821931 -0.550864
    outer loop
      vertex -38.1134 44.9221 101.7
      vertex -36.6633 42.8252 98.19
      vertex -38.6633 44.8252 101.7
    endloop
  endfacet
  facet normal -0.300796 0.744726 -0.595739
    outer loop
      vertex -38.2539 42.3084 98.19
      vertex -39.7362 44.5175 101.7
      vertex -37.7362 42.5175 98.19
    endloop
  endfacet
  facet normal -0.300796 0.744726 -0.595739
    outer loop
      vertex -39.7362 44.5175 101.7
      vertex -38.2539 42.3084 98.19
      vertex -40.2539 44.3084 101.7
    endloop
  endfacet
  facet normal -0.309074 0.951038 0
    outer loop
      vertex -39.2051 44.6901 101.7
      vertex -39.7362 44.5175 104.7
      vertex -39.2051 44.6901 104.7
    endloop
  endfacet
  facet normal -0.309074 0.951038 0
    outer loop
      vertex -39.7362 44.5175 104.7
      vertex -39.2051 44.6901 101.7
      vertex -39.7362 44.5175 101.7
    endloop
  endfacet
  facet normal -0.17354 0.984827 0
    outer loop
      vertex -38.1134 44.9221 101.7
      vertex -38.6633 44.8252 104.7
      vertex -38.1134 44.9221 104.7
    endloop
  endfacet
  facet normal -0.17354 0.984827 0
    outer loop
      vertex -38.6633 44.8252 104.7
      vertex -38.1134 44.9221 101.7
      vertex -38.6633 44.8252 101.7
    endloop
  endfacet
  facet normal -0.999846 0.0175474 0
    outer loop
      vertex -45 37 101.7
      vertex -44.9951 37.2792 104.7
      vertex -44.9951 37.2792 101.7
    endloop
  endfacet
  facet normal -0.999846 0.0175474 0
    outer loop
      vertex -44.9951 37.2792 104.7
      vertex -45 37 101.7
      vertex -45 37 104.7
    endloop
  endfacet
  facet normal -0.99757 0.0696687 0
    outer loop
      vertex -44.9951 37.2792 101.7
      vertex -44.9562 37.8362 104.7
      vertex -44.9562 37.8362 101.7
    endloop
  endfacet
  facet normal -0.99757 0.0696687 0
    outer loop
      vertex -44.9562 37.8362 104.7
      vertex -44.9951 37.2792 101.7
      vertex -44.9951 37.2792 104.7
    endloop
  endfacet
  facet normal -0.810428 0.172264 -0.559939
    outer loop
      vertex -42.7624 36.9354 98.19
      vertex -44.8785 38.3892 101.7
      vertex -44.7624 38.9354 101.7
    endloop
  endfacet
  facet normal -0.810428 0.172264 -0.559939
    outer loop
      vertex -44.8785 38.3892 101.7
      vertex -42.7624 36.9354 98.19
      vertex -42.8785 36.3892 98.19
    endloop
  endfacet
  facet normal -0.666996 0.416819 -0.617558
    outer loop
      vertex -41.6323 39.4735 98.19
      vertex -43.9282 41 101.7
      vertex -43.6323 41.4735 101.7
    endloop
  endfacet
  facet normal -0.666996 0.416819 -0.617558
    outer loop
      vertex -43.9282 41 101.7
      vertex -41.6323 39.4735 98.19
      vertex -41.9282 39 98.19
    endloop
  endfacet
  facet normal -0.882898 0.469565 0
    outer loop
      vertex -44.1904 40.507 101.7
      vertex -43.9282 41 104.7
      vertex -43.9282 41 101.7
    endloop
  endfacet
  facet normal -0.882898 0.469565 0
    outer loop
      vertex -43.9282 41 104.7
      vertex -44.1904 40.507 101.7
      vertex -44.1904 40.507 104.7
    endloop
  endfacet
  facet normal -0.913553 0.40672 0
    outer loop
      vertex -44.4175 39.9969 101.7
      vertex -44.1904 40.507 104.7
      vertex -44.1904 40.507 101.7
    endloop
  endfacet
  facet normal -0.913553 0.40672 0
    outer loop
      vertex -44.1904 40.507 104.7
      vertex -44.4175 39.9969 101.7
      vertex -44.4175 39.9969 104.7
    endloop
  endfacet
  facet normal -0.730038 0.325018 -0.601172
    outer loop
      vertex -42.1904 38.507 98.19
      vertex -44.4175 39.9969 101.7
      vertex -44.1904 40.507 101.7
    endloop
  endfacet
  facet normal -0.730038 0.325018 -0.601172
    outer loop
      vertex -44.4175 39.9969 101.7
      vertex -42.1904 38.507 98.19
      vertex -42.4175 37.9969 98.19
    endloop
  endfacet
  facet normal -0.597365 0.501272 -0.626004
    outer loop
      vertex -43.3041 41.9253 101.7
      vertex -40.9452 40.353 98.19
      vertex -41.3041 39.9253 98.19
    endloop
  endfacet
  facet normal -0.597365 0.501272 -0.626004
    outer loop
      vertex -40.9452 40.353 98.19
      vertex -43.3041 41.9253 101.7
      vertex -42.9452 42.353 101.7
    endloop
  endfacet
  facet normal 0.325018 0.730038 -0.601172
    outer loop
      vertex 38.507 42.1904 98.19
      vertex 39.9969 44.4175 101.7
      vertex 40.507 44.1904 101.7
    endloop
  endfacet
  facet normal 0.325018 0.730038 -0.601172
    outer loop
      vertex 39.9969 44.4175 101.7
      vertex 38.507 42.1904 98.19
      vertex 37.9969 42.4175 98.19
    endloop
  endfacet
  facet normal 0.416819 0.666996 -0.617558
    outer loop
      vertex 39.4735 41.6323 98.19
      vertex 41 43.9282 101.7
      vertex 41.4735 43.6323 101.7
    endloop
  endfacet
  facet normal 0.416819 0.666996 -0.617558
    outer loop
      vertex 41 43.9282 101.7
      vertex 39.4735 41.6323 98.19
      vertex 39 41.9282 98.19
    endloop
  endfacet
  facet normal 0.459856 0.633038 -0.622732
    outer loop
      vertex 39.9253 41.3041 98.19
      vertex 41.4735 43.6323 101.7
      vertex 41.9253 43.3041 101.7
    endloop
  endfacet
  facet normal 0.459856 0.633038 -0.622732
    outer loop
      vertex 41.4735 43.6323 101.7
      vertex 39.9253 41.3041 98.19
      vertex 39.4735 41.6323 98.19
    endloop
  endfacet
  facet normal -0.207914 -0.978147 0
    outer loop
      vertex -38.9354 -44.7624 101.7
      vertex -38.3892 -44.8785 104.7
      vertex -38.9354 -44.7624 104.7
    endloop
  endfacet
  facet normal -0.207914 -0.978147 -0
    outer loop
      vertex -38.3892 -44.8785 104.7
      vertex -38.9354 -44.7624 101.7
      vertex -38.3892 -44.8785 101.7
    endloop
  endfacet
  facet normal -0.275644 -0.96126 0
    outer loop
      vertex -39.4721 -44.6085 101.7
      vertex -38.9354 -44.7624 104.7
      vertex -39.4721 -44.6085 104.7
    endloop
  endfacet
  facet normal -0.275644 -0.96126 -0
    outer loop
      vertex -38.9354 -44.7624 104.7
      vertex -39.4721 -44.6085 101.7
      vertex -38.9354 -44.7624 101.7
    endloop
  endfacet
  facet normal -0.0175474 -0.999846 0
    outer loop
      vertex -37.2792 -44.9951 101.7
      vertex -37 -45 104.7
      vertex -37.2792 -44.9951 104.7
    endloop
  endfacet
  facet normal -0.0175474 -0.999846 -0
    outer loop
      vertex -37 -45 104.7
      vertex -37.2792 -44.9951 101.7
      vertex -37 -45 101.7
    endloop
  endfacet
  facet normal -0.0696687 -0.99757 0
    outer loop
      vertex -37.8362 -44.9562 101.7
      vertex -37.2792 -44.9951 104.7
      vertex -37.8362 -44.9562 104.7
    endloop
  endfacet
  facet normal -0.0696687 -0.99757 -0
    outer loop
      vertex -37.2792 -44.9951 104.7
      vertex -37.8362 -44.9562 101.7
      vertex -37.2792 -44.9951 101.7
    endloop
  endfacet
  facet normal -0.40672 -0.913553 0
    outer loop
      vertex -40.507 -44.1904 101.7
      vertex -39.9969 -44.4175 104.7
      vertex -40.507 -44.1904 104.7
    endloop
  endfacet
  facet normal -0.40672 -0.913553 -0
    outer loop
      vertex -39.9969 -44.4175 104.7
      vertex -40.507 -44.1904 101.7
      vertex -39.9969 -44.4175 101.7
    endloop
  endfacet
  facet normal -0.469565 -0.882898 0
    outer loop
      vertex -41 -43.9282 101.7
      vertex -40.507 -44.1904 104.7
      vertex -41 -43.9282 104.7
    endloop
  endfacet
  facet normal -0.469565 -0.882898 -0
    outer loop
      vertex -40.507 -44.1904 104.7
      vertex -41 -43.9282 101.7
      vertex -40.507 -44.1904 101.7
    endloop
  endfacet
  facet normal 0.788068 0.615588 0
    outer loop
      vertex 43.4721 41.7023 104.7
      vertex 43.1284 42.1423 101.7
      vertex 43.1284 42.1423 104.7
    endloop
  endfacet
  facet normal 0.788068 0.615588 0
    outer loop
      vertex 43.1284 42.1423 101.7
      vertex 43.4721 41.7023 104.7
      vertex 43.4721 41.7023 101.7
    endloop
  endfacet
  facet normal 0.99939 0.0349249 0
    outer loop
      vertex 45 37 104.7
      vertex 44.9805 37.558 101.7
      vertex 44.9805 37.558 104.7
    endloop
  endfacet
  facet normal 0.99939 0.0349249 0
    outer loop
      vertex 44.9805 37.558 101.7
      vertex 45 37 104.7
      vertex 45 37 101.7
    endloop
  endfacet
  facet normal 0.798353 0.199072 -0.568333
    outer loop
      vertex 44.8252 38.6633 101.7
      vertex 42.6901 37.2051 98.19
      vertex 44.6901 39.2051 101.7
    endloop
  endfacet
  facet normal 0.798353 0.199072 -0.568333
    outer loop
      vertex 42.6901 37.2051 98.19
      vertex 44.8252 38.6633 101.7
      vertex 42.8252 36.6633 98.19
    endloop
  endfacet
  facet normal 0.772527 0.25106 -0.583241
    outer loop
      vertex 44.6901 39.2051 101.7
      vertex 42.5175 37.7362 98.19
      vertex 44.5175 39.7362 101.7
    endloop
  endfacet
  facet normal 0.772527 0.25106 -0.583241
    outer loop
      vertex 42.5175 37.7362 98.19
      vertex 44.6901 39.2051 101.7
      vertex 42.6901 37.2051 98.19
    endloop
  endfacet
  facet normal 0.984827 0.17354 0
    outer loop
      vertex 44.9221 38.1134 104.7
      vertex 44.8252 38.6633 101.7
      vertex 44.8252 38.6633 104.7
    endloop
  endfacet
  facet normal 0.984827 0.17354 0
    outer loop
      vertex 44.8252 38.6633 101.7
      vertex 44.9221 38.1134 104.7
      vertex 44.9221 38.1134 101.7
    endloop
  endfacet
  facet normal 0.97029 0.241946 0
    outer loop
      vertex 44.8252 38.6633 104.7
      vertex 44.6901 39.2051 101.7
      vertex 44.6901 39.2051 104.7
    endloop
  endfacet
  facet normal 0.97029 0.241946 0
    outer loop
      vertex 44.6901 39.2051 101.7
      vertex 44.8252 38.6633 104.7
      vertex 44.8252 38.6633 101.7
    endloop
  endfacet
  facet normal 0.650208 0.438574 -0.620389
    outer loop
      vertex 43.7844 41.2393 101.7
      vertex 41.4721 39.7023 98.19
      vertex 43.4721 41.7023 101.7
    endloop
  endfacet
  facet normal 0.650208 0.438574 -0.620389
    outer loop
      vertex 41.4721 39.7023 98.19
      vertex 43.7844 41.2393 101.7
      vertex 41.7844 39.2393 98.19
    endloop
  endfacet
  facet normal 0.683369 0.394615 -0.614236
    outer loop
      vertex 44.0636 40.7558 101.7
      vertex 41.7844 39.2393 98.19
      vertex 43.7844 41.2393 101.7
    endloop
  endfacet
  facet normal 0.683369 0.394615 -0.614236
    outer loop
      vertex 41.7844 39.2393 98.19
      vertex 44.0636 40.7558 101.7
      vertex 42.0636 38.7558 98.19
    endloop
  endfacet
  facet normal 0.309074 -0.951038 0
    outer loop
      vertex 39.2051 -44.6901 101.7
      vertex 39.7362 -44.5175 104.7
      vertex 39.2051 -44.6901 104.7
    endloop
  endfacet
  facet normal 0.309074 -0.951038 0
    outer loop
      vertex 39.7362 -44.5175 104.7
      vertex 39.2051 -44.6901 101.7
      vertex 39.7362 -44.5175 101.7
    endloop
  endfacet
  facet normal 0.615588 -0.788068 0
    outer loop
      vertex 41.7023 -43.4721 101.7
      vertex 42.1423 -43.1284 104.7
      vertex 41.7023 -43.4721 104.7
    endloop
  endfacet
  facet normal 0.615588 -0.788068 0
    outer loop
      vertex 42.1423 -43.1284 104.7
      vertex 41.7023 -43.4721 101.7
      vertex 42.1423 -43.1284 101.7
    endloop
  endfacet
  facet normal 0.882898 -0.469565 0
    outer loop
      vertex 43.9282 -41 104.7
      vertex 44.1904 -40.507 101.7
      vertex 44.1904 -40.507 104.7
    endloop
  endfacet
  facet normal 0.882898 -0.469565 0
    outer loop
      vertex 44.1904 -40.507 101.7
      vertex 43.9282 -41 104.7
      vertex 43.9282 -41 101.7
    endloop
  endfacet
  facet normal 0.848028 -0.529951 0
    outer loop
      vertex 43.6323 -41.4735 104.7
      vertex 43.9282 -41 101.7
      vertex 43.9282 -41 104.7
    endloop
  endfacet
  facet normal 0.848028 -0.529951 0
    outer loop
      vertex 43.9282 -41 101.7
      vertex 43.6323 -41.4735 104.7
      vertex 43.6323 -41.4735 101.7
    endloop
  endfacet
  facet normal 0.939699 -0.342002 0
    outer loop
      vertex 44.4175 -39.9969 104.7
      vertex 44.6085 -39.4721 101.7
      vertex 44.6085 -39.4721 104.7
    endloop
  endfacet
  facet normal 0.939699 -0.342002 0
    outer loop
      vertex 44.6085 -39.4721 101.7
      vertex 44.4175 -39.9969 104.7
      vertex 44.4175 -39.9969 101.7
    endloop
  endfacet
  facet normal 0.99757 -0.0696687 0
    outer loop
      vertex 44.9562 -37.8362 104.7
      vertex 44.9951 -37.2792 101.7
      vertex 44.9951 -37.2792 104.7
    endloop
  endfacet
  facet normal 0.99757 -0.0696687 0
    outer loop
      vertex 44.9951 -37.2792 101.7
      vertex 44.9562 -37.8362 104.7
      vertex 44.9562 -37.8362 101.7
    endloop
  endfacet
  facet normal 0.852343 -0.0595263 -0.519584
    outer loop
      vertex 44.9951 -37.2792 101.7
      vertex 42.9562 -35.8362 98.19
      vertex 42.9951 -35.2792 98.19
    endloop
  endfacet
  facet normal 0.852343 -0.0595263 -0.519584
    outer loop
      vertex 42.9562 -35.8362 98.19
      vertex 44.9951 -37.2792 101.7
      vertex 44.9562 -37.8362 101.7
    endloop
  endfacet
  facet normal 0.766029 -0.642806 0
    outer loop
      vertex 42.9452 -42.353 104.7
      vertex 43.3041 -41.9253 101.7
      vertex 43.3041 -41.9253 104.7
    endloop
  endfacet
  facet normal 0.766029 -0.642806 0
    outer loop
      vertex 43.3041 -41.9253 101.7
      vertex 42.9452 -42.353 104.7
      vertex 42.9452 -42.353 101.7
    endloop
  endfacet
  facet normal 0.560162 -0.540918 -0.627396
    outer loop
      vertex 40.5573 -40.7547 98.19
      vertex 42.9452 -42.353 101.7
      vertex 42.5573 -42.7547 101.7
    endloop
  endfacet
  facet normal 0.560162 -0.540918 -0.627396
    outer loop
      vertex 42.9452 -42.353 101.7
      vertex 40.5573 -40.7547 98.19
      vertex 40.9452 -40.353 98.19
    endloop
  endfacet
  facet normal 0.394615 -0.683369 -0.614236
    outer loop
      vertex 39.2393 -41.7844 98.19
      vertex 40.7558 -44.0636 101.7
      vertex 38.7558 -42.0636 98.19
    endloop
  endfacet
  facet normal 0.394615 -0.683369 -0.614236
    outer loop
      vertex 40.7558 -44.0636 101.7
      vertex 39.2393 -41.7844 98.19
      vertex 41.2393 -43.7844 101.7
    endloop
  endfacet
  facet normal -0.521326 0.578942 -0.626933
    outer loop
      vertex -40.5573 40.7547 98.19
      vertex -42.1423 43.1284 101.7
      vertex -40.1423 41.1284 98.19
    endloop
  endfacet
  facet normal -0.521326 0.578942 -0.626933
    outer loop
      vertex -42.1423 43.1284 101.7
      vertex -40.5573 40.7547 98.19
      vertex -42.5573 42.7547 101.7
    endloop
  endfacet
  facet normal -0.438381 0.898789 0
    outer loop
      vertex -40.2539 44.3084 101.7
      vertex -40.7558 44.0636 104.7
      vertex -40.2539 44.3084 104.7
    endloop
  endfacet
  facet normal -0.438381 0.898789 0
    outer loop
      vertex -40.7558 44.0636 104.7
      vertex -40.2539 44.3084 101.7
      vertex -40.7558 44.0636 101.7
    endloop
  endfacet
  facet normal -0.241946 0.97029 0
    outer loop
      vertex -38.6633 44.8252 101.7
      vertex -39.2051 44.6901 104.7
      vertex -38.6633 44.8252 104.7
    endloop
  endfacet
  facet normal -0.241946 0.97029 0
    outer loop
      vertex -39.2051 44.6901 104.7
      vertex -38.6633 44.8252 101.7
      vertex -39.2051 44.6901 101.7
    endloop
  endfacet
  facet normal -0.199072 0.798353 -0.568333
    outer loop
      vertex -37.2051 42.6901 98.19
      vertex -38.6633 44.8252 101.7
      vertex -36.6633 42.8252 98.19
    endloop
  endfacet
  facet normal -0.199072 0.798353 -0.568333
    outer loop
      vertex -38.6633 44.8252 101.7
      vertex -37.2051 42.6901 98.19
      vertex -39.2051 44.6901 101.7
    endloop
  endfacet
  facet normal -0.25106 0.772527 -0.583241
    outer loop
      vertex -37.7362 42.5175 98.19
      vertex -39.2051 44.6901 101.7
      vertex -37.2051 42.6901 98.19
    endloop
  endfacet
  facet normal -0.25106 0.772527 -0.583241
    outer loop
      vertex -39.2051 44.6901 101.7
      vertex -37.7362 42.5175 98.19
      vertex -39.7362 44.5175 101.7
    endloop
  endfacet
  facet normal -0.0349249 0.99939 0
    outer loop
      vertex -37 45 101.7
      vertex -37.558 44.9805 104.7
      vertex -37 45 104.7
    endloop
  endfacet
  facet normal -0.0349249 0.99939 0
    outer loop
      vertex -37.558 44.9805 104.7
      vertex -37 45 101.7
      vertex -37.558 44.9805 101.7
    endloop
  endfacet
  facet normal -0.0300883 0.860987 -0.507735
    outer loop
      vertex -35.558 42.9805 98.19
      vertex -37 45 101.7
      vertex -35 43 98.19
    endloop
  endfacet
  facet normal -0.0300883 0.860987 -0.507735
    outer loop
      vertex -37 45 101.7
      vertex -35.558 42.9805 98.19
      vertex -37.558 44.9805 101.7
    endloop
  endfacet
  facet normal -0.848028 0.529951 0
    outer loop
      vertex -43.9282 41 101.7
      vertex -43.6323 41.4735 104.7
      vertex -43.6323 41.4735 101.7
    endloop
  endfacet
  facet normal -0.848028 0.529951 0
    outer loop
      vertex -43.6323 41.4735 104.7
      vertex -43.9282 41 101.7
      vertex -43.9282 41 104.7
    endloop
  endfacet
  facet normal -0.809061 0.587724 0
    outer loop
      vertex -43.6323 41.4735 101.7
      vertex -43.3041 41.9253 104.7
      vertex -43.3041 41.9253 101.7
    endloop
  endfacet
  facet normal -0.809061 0.587724 0
    outer loop
      vertex -43.3041 41.9253 104.7
      vertex -43.6323 41.4735 101.7
      vertex -43.6323 41.4735 104.7
    endloop
  endfacet
  facet normal -0.832737 0.117005 -0.541164
    outer loop
      vertex -42.8785 36.3892 98.19
      vertex -44.9562 37.8362 101.7
      vertex -44.8785 38.3892 101.7
    endloop
  endfacet
  facet normal -0.832737 0.117005 -0.541164
    outer loop
      vertex -44.9562 37.8362 101.7
      vertex -42.8785 36.3892 98.19
      vertex -42.9562 35.8362 98.19
    endloop
  endfacet
  facet normal -0.990273 0.13914 0
    outer loop
      vertex -44.9562 37.8362 101.7
      vertex -44.8785 38.3892 104.7
      vertex -44.8785 38.3892 101.7
    endloop
  endfacet
  facet normal -0.990273 0.13914 0
    outer loop
      vertex -44.8785 38.3892 104.7
      vertex -44.9562 37.8362 101.7
      vertex -44.9562 37.8362 104.7
    endloop
  endfacet
  facet normal 0.225308 0.785723 -0.576086
    outer loop
      vertex 37.4721 42.6085 98.19
      vertex 38.9354 44.7624 101.7
      vertex 39.4721 44.6085 101.7
    endloop
  endfacet
  facet normal 0.225308 0.785723 -0.576086
    outer loop
      vertex 38.9354 44.7624 101.7
      vertex 37.4721 42.6085 98.19
      vertex 36.9354 42.7624 98.19
    endloop
  endfacet
  facet normal 0.276189 0.758869 -0.589777
    outer loop
      vertex 37.9969 42.4175 98.19
      vertex 39.4721 44.6085 101.7
      vertex 39.9969 44.4175 101.7
    endloop
  endfacet
  facet normal 0.276189 0.758869 -0.589777
    outer loop
      vertex 39.4721 44.6085 101.7
      vertex 37.9969 42.4175 98.19
      vertex 37.4721 42.6085 98.19
    endloop
  endfacet
  facet normal -0.172264 -0.810428 -0.559939
    outer loop
      vertex -36.9354 -42.7624 98.19
      vertex -38.3892 -44.8785 101.7
      vertex -38.9354 -44.7624 101.7
    endloop
  endfacet
  facet normal -0.172264 -0.810428 -0.559939
    outer loop
      vertex -38.3892 -44.8785 101.7
      vertex -36.9354 -42.7624 98.19
      vertex -36.3892 -42.8785 98.19
    endloop
  endfacet
  facet normal -0.117005 -0.832737 -0.541164
    outer loop
      vertex -36.3892 -42.8785 98.19
      vertex -37.8362 -44.9562 101.7
      vertex -38.3892 -44.8785 101.7
    endloop
  endfacet
  facet normal -0.117005 -0.832737 -0.541164
    outer loop
      vertex -37.8362 -44.9562 101.7
      vertex -36.3892 -42.8785 98.19
      vertex -35.8362 -42.9562 98.19
    endloop
  endfacet
  facet normal 0.829035 0.559196 0
    outer loop
      vertex 43.7844 41.2393 104.7
      vertex 43.4721 41.7023 101.7
      vertex 43.4721 41.7023 104.7
    endloop
  endfacet
  facet normal 0.829035 0.559196 0
    outer loop
      vertex 43.4721 41.7023 101.7
      vertex 43.7844 41.2393 104.7
      vertex 43.7844 41.2393 101.7
    endloop
  endfacet
  facet normal 0.951038 0.309074 0
    outer loop
      vertex 44.6901 39.2051 104.7
      vertex 44.5175 39.7362 101.7
      vertex 44.5175 39.7362 104.7
    endloop
  endfacet
  facet normal 0.951038 0.309074 0
    outer loop
      vertex 44.5175 39.7362 101.7
      vertex 44.6901 39.2051 104.7
      vertex 44.6901 39.2051 101.7
    endloop
  endfacet
  facet normal 0.865986 0.500069 0
    outer loop
      vertex 44.0636 40.7558 104.7
      vertex 43.7844 41.2393 101.7
      vertex 43.7844 41.2393 104.7
    endloop
  endfacet
  facet normal 0.865986 0.500069 0
    outer loop
      vertex 43.7844 41.2393 101.7
      vertex 44.0636 40.7558 104.7
      vertex 44.0636 40.7558 101.7
    endloop
  endfacet
  facet normal 0.500069 -0.865986 0
    outer loop
      vertex 40.7558 -44.0636 101.7
      vertex 41.2393 -43.7844 104.7
      vertex 40.7558 -44.0636 104.7
    endloop
  endfacet
  facet normal 0.500069 -0.865986 0
    outer loop
      vertex 41.2393 -43.7844 104.7
      vertex 40.7558 -44.0636 101.7
      vertex 41.2393 -43.7844 101.7
    endloop
  endfacet
  facet normal 0.699331 -0.371936 -0.610409
    outer loop
      vertex 44.1904 -40.507 101.7
      vertex 41.9282 -39 98.19
      vertex 42.1904 -38.507 98.19
    endloop
  endfacet
  facet normal 0.699331 -0.371936 -0.610409
    outer loop
      vertex 41.9282 -39 98.19
      vertex 44.1904 -40.507 101.7
      vertex 43.9282 -41 101.7
    endloop
  endfacet
  facet normal 0.978147 -0.207914 0
    outer loop
      vertex 44.7624 -38.9354 104.7
      vertex 44.8785 -38.3892 101.7
      vertex 44.8785 -38.3892 104.7
    endloop
  endfacet
  facet normal 0.978147 -0.207914 0
    outer loop
      vertex 44.8785 -38.3892 101.7
      vertex 44.7624 -38.9354 104.7
      vertex 44.7624 -38.9354 101.7
    endloop
  endfacet
  facet normal 0.719355 -0.694642 0
    outer loop
      vertex 42.5573 -42.7547 104.7
      vertex 42.9452 -42.353 101.7
      vertex 42.9452 -42.353 104.7
    endloop
  endfacet
  facet normal 0.719355 -0.694642 0
    outer loop
      vertex 42.9452 -42.353 101.7
      vertex 42.5573 -42.7547 104.7
      vertex 42.5573 -42.7547 101.7
    endloop
  endfacet
  facet normal 0.521326 -0.578942 -0.626933
    outer loop
      vertex 42.1423 -43.1284 101.7
      vertex 40.5573 -40.7547 98.19
      vertex 42.5573 -42.7547 101.7
    endloop
  endfacet
  facet normal 0.521326 -0.578942 -0.626933
    outer loop
      vertex 40.5573 -40.7547 98.19
      vertex 42.1423 -43.1284 101.7
      vertex 40.1423 -41.1284 98.19
    endloop
  endfacet
  facet normal 0.48074 -0.615436 -0.624602
    outer loop
      vertex 41.7023 -43.4721 101.7
      vertex 40.1423 -41.1284 98.19
      vertex 42.1423 -43.1284 101.7
    endloop
  endfacet
  facet normal 0.48074 -0.615436 -0.624602
    outer loop
      vertex 40.1423 -41.1284 98.19
      vertex 41.7023 -43.4721 101.7
      vertex 39.7023 -41.4721 98.19
    endloop
  endfacet
  facet normal 0.597365 -0.501272 -0.626004
    outer loop
      vertex 40.9452 -40.353 98.19
      vertex 43.3041 -41.9253 101.7
      vertex 42.9452 -42.353 101.7
    endloop
  endfacet
  facet normal 0.597365 -0.501272 -0.626004
    outer loop
      vertex 43.3041 -41.9253 101.7
      vertex 40.9452 -40.353 98.19
      vertex 41.3041 -39.9253 98.19
    endloop
  endfacet
  facet normal -0.559196 0.829035 0
    outer loop
      vertex -41.2393 43.7844 101.7
      vertex -41.7023 43.4721 104.7
      vertex -41.2393 43.7844 104.7
    endloop
  endfacet
  facet normal -0.559196 0.829035 0
    outer loop
      vertex -41.7023 43.4721 104.7
      vertex -41.2393 43.7844 101.7
      vertex -41.7023 43.4721 101.7
    endloop
  endfacet
  facet normal -0.669163 0.743116 0
    outer loop
      vertex -42.1423 43.1284 101.7
      vertex -42.5573 42.7547 104.7
      vertex -42.1423 43.1284 104.7
    endloop
  endfacet
  facet normal -0.669163 0.743116 0
    outer loop
      vertex -42.5573 42.7547 104.7
      vertex -42.1423 43.1284 101.7
      vertex -42.5573 42.7547 101.7
    endloop
  endfacet
  facet normal -0.615588 0.788068 0
    outer loop
      vertex -41.7023 43.4721 101.7
      vertex -42.1423 43.1284 104.7
      vertex -41.7023 43.4721 104.7
    endloop
  endfacet
  facet normal -0.615588 0.788068 0
    outer loop
      vertex -42.1423 43.1284 104.7
      vertex -41.7023 43.4721 101.7
      vertex -42.1423 43.1284 101.7
    endloop
  endfacet
  facet normal -0.500069 0.865986 0
    outer loop
      vertex -40.7558 44.0636 101.7
      vertex -41.2393 43.7844 104.7
      vertex -40.7558 44.0636 104.7
    endloop
  endfacet
  facet normal -0.500069 0.865986 0
    outer loop
      vertex -41.2393 43.7844 104.7
      vertex -40.7558 44.0636 101.7
      vertex -41.2393 43.7844 101.7
    endloop
  endfacet
  facet normal -0.633038 0.459856 -0.622732
    outer loop
      vertex -41.3041 39.9253 98.19
      vertex -43.6323 41.4735 101.7
      vertex -43.3041 41.9253 101.7
    endloop
  endfacet
  facet normal -0.633038 0.459856 -0.622732
    outer loop
      vertex -43.6323 41.4735 101.7
      vertex -41.3041 39.9253 98.19
      vertex -41.6323 39.4735 98.19
    endloop
  endfacet
  facet normal 0 0 1
    outer loop
      vertex 45 37 104.7
      vertex 40.6461 34.5986 104.7
      vertex 40.794 33.097 104.7
    endloop
  endfacet
  facet normal 0 0 1
    outer loop
      vertex 37.3733 39.4968 104.7
      vertex 41 43.9282 104.7
      vertex 40.507 44.1904 104.7
    endloop
  endfacet
  facet normal 0 0 1
    outer loop
      vertex 41.4735 43.6323 104.7
      vertex 40.2082 36.0425 104.7
      vertex 40.6461 34.5986 104.7
    endloop
  endfacet
  facet normal 0 0 1
    outer loop
      vertex 41.4735 43.6323 104.7
      vertex 40.2081 36.0425 104.7
      vertex 40.2082 36.0425 104.7
    endloop
  endfacet
  facet normal 0 0 1
    outer loop
      vertex 41.4735 43.6323 104.7
      vertex 40.2081 36.0426 104.7
      vertex 40.2081 36.0425 104.7
    endloop
  endfacet
  facet normal 0 0 1
    outer loop
      vertex 37.3733 39.4968 104.7
      vertex 40.507 44.1904 104.7
      vertex 39.9969 44.4175 104.7
    endloop
  endfacet
  facet normal 0 0 1
    outer loop
      vertex 41.4735 43.6323 104.7
      vertex 39.4968 37.3733 104.7
      vertex 40.2081 36.0426 104.7
    endloop
  endfacet
  facet normal 0 0 1
    outer loop
      vertex 37.3733 39.4968 104.7
      vertex 39.9969 44.4175 104.7
      vertex 39.4721 44.6085 104.7
    endloop
  endfacet
  facet normal 0 0 1
    outer loop
      vertex 37.3733 39.4968 104.7
      vertex 39.4721 44.6085 104.7
      vertex 38.9354 44.7624 104.7
    endloop
  endfacet
  facet normal 0 0 1
    outer loop
      vertex 41.4735 43.6323 104.7
      vertex 38.5397 38.5396 104.7
      vertex 39.4968 37.3733 104.7
    endloop
  endfacet
  facet normal 0 0 1
    outer loop
      vertex 41.4735 43.6323 104.7
      vertex 38.5396 38.5396 104.7
      vertex 38.5397 38.5396 104.7
    endloop
  endfacet
  facet normal 0 0 1
    outer loop
      vertex 41.4735 43.6323 104.7
      vertex 38.5396 38.5397 104.7
      vertex 38.5396 38.5396 104.7
    endloop
  endfacet
  facet normal 0 0 1
    outer loop
      vertex 37.3733 39.4968 104.7
      vertex 38.9354 44.7624 104.7
      vertex 38.3892 44.8785 104.7
    endloop
  endfacet
  facet normal 0 0 1
    outer loop
      vertex 36.0426 40.2081 104.7
      vertex 38.3892 44.8785 104.7
      vertex 37.8362 44.9562 104.7
    endloop
  endfacet
  facet normal 0 0 1
    outer loop
      vertex 41.4735 43.6323 104.7
      vertex 37.3733 39.4968 104.7
      vertex 38.5396 38.5397 104.7
    endloop
  endfacet
  facet normal 0 0 1
    outer loop
      vertex 36.0426 40.2081 104.7
      vertex 37.8362 44.9562 104.7
      vertex 37.2792 44.9951 104.7
    endloop
  endfacet
  facet normal 0 0 1
    outer loop
      vertex 36.0425 40.2081 104.7
      vertex 37.2792 44.9951 104.7
      vertex 37 45 104.7
    endloop
  endfacet
  facet normal 0 0 1
    outer loop
      vertex 38.3892 44.8785 104.7
      vertex 36.0426 40.2081 104.7
      vertex 37.3733 39.4968 104.7
    endloop
  endfacet
  facet normal 0 0 1
    outer loop
      vertex 37.2792 44.9951 104.7
      vertex 36.0425 40.2081 104.7
      vertex 36.0426 40.2081 104.7
    endloop
  endfacet
  facet normal 0 0 1
    outer loop
      vertex 37 45 104.7
      vertex 36.0425 40.2082 104.7
      vertex 36.0425 40.2081 104.7
    endloop
  endfacet
  facet normal 0 0 1
    outer loop
      vertex 37 45 104.7
      vertex 34.5986 40.6461 104.7
      vertex 36.0425 40.2082 104.7
    endloop
  endfacet
  facet normal 0 0 1
    outer loop
      vertex 37 45 104.7
      vertex 33.097 40.794 104.7
      vertex 34.5986 40.6461 104.7
    endloop
  endfacet
  facet normal 0 0 1
    outer loop
      vertex 37 45 104.7
      vertex -33.097 40.794 104.7
      vertex 33.097 40.794 104.7
    endloop
  endfacet
  facet normal -0 0 1
    outer loop
      vertex -37 45 104.7
      vertex -33.097 40.794 104.7
      vertex 37 45 104.7
    endloop
  endfacet
  facet normal 0 0 1
    outer loop
      vertex -37 45 104.7
      vertex -34.5986 40.6461 104.7
      vertex -33.097 40.794 104.7
    endloop
  endfacet
  facet normal 0 0 1
    outer loop
      vertex -37 45 104.7
      vertex -36.0425 40.2082 104.7
      vertex -34.5986 40.6461 104.7
    endloop
  endfacet
  facet normal 0 0 1
    outer loop
      vertex -37 45 104.7
      vertex -36.0425 40.2081 104.7
      vertex -36.0425 40.2082 104.7
    endloop
  endfacet
  facet normal -0 0 1
    outer loop
      vertex -37.558 44.9805 104.7
      vertex -36.0425 40.2081 104.7
      vertex -37 45 104.7
    endloop
  endfacet
  facet normal 0 0 1
    outer loop
      vertex -36.0425 40.2081 104.7
      vertex -37.558 44.9805 104.7
      vertex -36.0426 40.2081 104.7
    endloop
  endfacet
  facet normal -0 0 1
    outer loop
      vertex -38.1134 44.9221 104.7
      vertex -36.0426 40.2081 104.7
      vertex -37.558 44.9805 104.7
    endloop
  endfacet
  facet normal -0 0 1
    outer loop
      vertex -38.6633 44.8252 104.7
      vertex -36.0426 40.2081 104.7
      vertex -38.1134 44.9221 104.7
    endloop
  endfacet
  facet normal 0 0 1
    outer loop
      vertex -36.0426 40.2081 104.7
      vertex -38.6633 44.8252 104.7
      vertex -37.3733 39.4968 104.7
    endloop
  endfacet
  facet normal -0 0 1
    outer loop
      vertex -39.2051 44.6901 104.7
      vertex -37.3733 39.4968 104.7
      vertex -38.6633 44.8252 104.7
    endloop
  endfacet
  facet normal -0 0 1
    outer loop
      vertex -39.7362 44.5175 104.7
      vertex -37.3733 39.4968 104.7
      vertex -39.2051 44.6901 104.7
    endloop
  endfacet
  facet normal -0 0 1
    outer loop
      vertex -40.2539 44.3084 104.7
      vertex -37.3733 39.4968 104.7
      vertex -39.7362 44.5175 104.7
    endloop
  endfacet
  facet normal -0 0 1
    outer loop
      vertex -40.7558 44.0636 104.7
      vertex -37.3733 39.4968 104.7
      vertex -40.2539 44.3084 104.7
    endloop
  endfacet
  facet normal -0 0 1
    outer loop
      vertex -41.2393 43.7844 104.7
      vertex -37.3733 39.4968 104.7
      vertex -40.7558 44.0636 104.7
    endloop
  endfacet
  facet normal 0 0 1
    outer loop
      vertex -37.3733 39.4968 104.7
      vertex -41.2393 43.7844 104.7
      vertex -38.5396 38.5397 104.7
    endloop
  endfacet
  facet normal -0 0 1
    outer loop
      vertex -41.7023 43.4721 104.7
      vertex -38.5396 38.5397 104.7
      vertex -41.2393 43.7844 104.7
    endloop
  endfacet
  facet normal -0 0 1
    outer loop
      vertex -42.1423 43.1284 104.7
      vertex -38.5396 38.5397 104.7
      vertex -41.7023 43.4721 104.7
    endloop
  endfacet
  facet normal 0 0 1
    outer loop
      vertex -38.5396 38.5397 104.7
      vertex -42.1423 43.1284 104.7
      vertex -38.5396 38.5396 104.7
    endloop
  endfacet
  facet normal -0 0 1
    outer loop
      vertex -42.5573 42.7547 104.7
      vertex -38.5396 38.5396 104.7
      vertex -42.1423 43.1284 104.7
    endloop
  endfacet
  facet normal -0 0 1
    outer loop
      vertex -42.9452 42.353 104.7
      vertex -38.5396 38.5396 104.7
      vertex -42.5573 42.7547 104.7
    endloop
  endfacet
  facet normal 0 0 1
    outer loop
      vertex -38.5396 38.5396 104.7
      vertex -42.9452 42.353 104.7
      vertex -38.5397 38.5396 104.7
    endloop
  endfacet
  facet normal -0 0 1
    outer loop
      vertex -43.3041 41.9253 104.7
      vertex -38.5397 38.5396 104.7
      vertex -42.9452 42.353 104.7
    endloop
  endfacet
  facet normal -0 0 1
    outer loop
      vertex -43.6323 41.4735 104.7
      vertex -38.5397 38.5396 104.7
      vertex -43.3041 41.9253 104.7
    endloop
  endfacet
  facet normal 0 0 1
    outer loop
      vertex -45 -37 104.7
      vertex -40.794 -33.097 104.7
      vertex -40.794 33.097 104.7
    endloop
  endfacet
  facet normal 0 0 1
    outer loop
      vertex -38.5397 38.5396 104.7
      vertex -43.6323 41.4735 104.7
      vertex -39.4968 37.3733 104.7
    endloop
  endfacet
  facet normal -0 0 1
    outer loop
      vertex -43.9282 41 104.7
      vertex -39.4968 37.3733 104.7
      vertex -43.6323 41.4735 104.7
    endloop
  endfacet
  facet normal 0 0 1
    outer loop
      vertex -45 -37 104.7
      vertex -40.794 33.097 104.7
      vertex -45 37 104.7
    endloop
  endfacet
  facet normal -0 0 1
    outer loop
      vertex -44.1904 40.507 104.7
      vertex -39.4968 37.3733 104.7
      vertex -43.9282 41 104.7
    endloop
  endfacet
  facet normal 0 -0 1
    outer loop
      vertex -44.9805 -37.558 104.7
      vertex -40.794 -33.097 104.7
      vertex -45 -37 104.7
    endloop
  endfacet
  facet normal -0 0 1
    outer loop
      vertex -44.4175 39.9969 104.7
      vertex -39.4968 37.3733 104.7
      vertex -44.1904 40.507 104.7
    endloop
  endfacet
  facet normal 0 0 1
    outer loop
      vertex -40.794 -33.097 104.7
      vertex -41.4735 -43.6323 104.7
      vertex -41 -43.9282 104.7
    endloop
  endfacet
  facet normal -0 0 1
    outer loop
      vertex -44.6085 39.4721 104.7
      vertex -39.4968 37.3733 104.7
      vertex -44.4175 39.9969 104.7
    endloop
  endfacet
  facet normal 0 0 1
    outer loop
      vertex -40.794 -33.097 104.7
      vertex -41.9253 -43.3041 104.7
      vertex -41.4735 -43.6323 104.7
    endloop
  endfacet
  facet normal -0 0 1
    outer loop
      vertex -44.7624 38.9354 104.7
      vertex -39.4968 37.3733 104.7
      vertex -44.6085 39.4721 104.7
    endloop
  endfacet
  facet normal 0 0 1
    outer loop
      vertex -40.794 -33.097 104.7
      vertex -42.353 -42.9452 104.7
      vertex -41.9253 -43.3041 104.7
    endloop
  endfacet
  facet normal -0 0 1
    outer loop
      vertex -44.8785 38.3892 104.7
      vertex -39.4968 37.3733 104.7
      vertex -44.7624 38.9354 104.7
    endloop
  endfacet
  facet normal 0 0 1
    outer loop
      vertex -40.794 -33.097 104.7
      vertex -42.7547 -42.5573 104.7
      vertex -42.353 -42.9452 104.7
    endloop
  endfacet
  facet normal 0 0 1
    outer loop
      vertex -39.4968 37.3733 104.7
      vertex -44.8785 38.3892 104.7
      vertex -40.2081 36.0426 104.7
    endloop
  endfacet
  facet normal 0 0 1
    outer loop
      vertex -40.794 -33.097 104.7
      vertex -43.1284 -42.1423 104.7
      vertex -42.7547 -42.5573 104.7
    endloop
  endfacet
  facet normal -0 0 1
    outer loop
      vertex -44.9562 37.8362 104.7
      vertex -40.2081 36.0426 104.7
      vertex -44.8785 38.3892 104.7
    endloop
  endfacet
  facet normal 0 0 1
    outer loop
      vertex -40.794 -33.097 104.7
      vertex -43.4721 -41.7023 104.7
      vertex -43.1284 -42.1423 104.7
    endloop
  endfacet
  facet normal -0 0 1
    outer loop
      vertex -44.9951 37.2792 104.7
      vertex -40.2081 36.0426 104.7
      vertex -44.9562 37.8362 104.7
    endloop
  endfacet
  facet normal 0 0 1
    outer loop
      vertex -40.794 -33.097 104.7
      vertex -43.7844 -41.2393 104.7
      vertex -43.4721 -41.7023 104.7
    endloop
  endfacet
  facet normal 0 0 1
    outer loop
      vertex -40.2081 36.0426 104.7
      vertex -44.9951 37.2792 104.7
      vertex -40.2081 36.0425 104.7
    endloop
  endfacet
  facet normal 0 0 1
    outer loop
      vertex -40.794 -33.097 104.7
      vertex -44.0636 -40.7558 104.7
      vertex -43.7844 -41.2393 104.7
    endloop
  endfacet
  facet normal -0 0 1
    outer loop
      vertex -45 37 104.7
      vertex -40.2081 36.0425 104.7
      vertex -44.9951 37.2792 104.7
    endloop
  endfacet
  facet normal 0 0 1
    outer loop
      vertex -40.794 -33.097 104.7
      vertex -44.3084 -40.2539 104.7
      vertex -44.0636 -40.7558 104.7
    endloop
  endfacet
  facet normal 0 0 1
    outer loop
      vertex -40.2081 36.0425 104.7
      vertex -45 37 104.7
      vertex -40.2082 36.0425 104.7
    endloop
  endfacet
  facet normal 0 0 1
    outer loop
      vertex -40.794 -33.097 104.7
      vertex -44.5175 -39.7362 104.7
      vertex -44.3084 -40.2539 104.7
    endloop
  endfacet
  facet normal 0 0 1
    outer loop
      vertex -40.2082 36.0425 104.7
      vertex -45 37 104.7
      vertex -40.6461 34.5986 104.7
    endloop
  endfacet
  facet normal 0 0 1
    outer loop
      vertex -40.794 -33.097 104.7
      vertex -44.6901 -39.2051 104.7
      vertex -44.5175 -39.7362 104.7
    endloop
  endfacet
  facet normal 0 0 1
    outer loop
      vertex -40.794 -33.097 104.7
      vertex -44.8252 -38.6633 104.7
      vertex -44.6901 -39.2051 104.7
    endloop
  endfacet
  facet normal 0 0 1
    outer loop
      vertex -40.6461 34.5986 104.7
      vertex -45 37 104.7
      vertex -40.794 33.097 104.7
    endloop
  endfacet
  facet normal 0 0 1
    outer loop
      vertex -40.794 -33.097 104.7
      vertex -44.9221 -38.1134 104.7
      vertex -44.8252 -38.6633 104.7
    endloop
  endfacet
  facet normal 0 0 1
    outer loop
      vertex -40.794 -33.097 104.7
      vertex -44.9805 -37.558 104.7
      vertex -44.9221 -38.1134 104.7
    endloop
  endfacet
  facet normal -0 0 1
    outer loop
      vertex 40.794 -33.097 104.7
      vertex 45 -37 104.7
      vertex 45 37 104.7
    endloop
  endfacet
  facet normal 0 0 1
    outer loop
      vertex 40.6461 34.5986 104.7
      vertex 45 37 104.7
      vertex 44.9805 37.558 104.7
    endloop
  endfacet
  facet normal 0 0 1
    outer loop
      vertex 40.794 -33.097 104.7
      vertex 45 37 104.7
      vertex 40.794 33.097 104.7
    endloop
  endfacet
  facet normal 0 0 1
    outer loop
      vertex 40.6461 34.5986 104.7
      vertex 44.9805 37.558 104.7
      vertex 44.9221 38.1134 104.7
    endloop
  endfacet
  facet normal -0 0 1
    outer loop
      vertex 40.6461 -34.5986 104.7
      vertex 45 -37 104.7
      vertex 40.794 -33.097 104.7
    endloop
  endfacet
  facet normal 0 0 1
    outer loop
      vertex 40.6461 34.5986 104.7
      vertex 44.9221 38.1134 104.7
      vertex 44.8252 38.6633 104.7
    endloop
  endfacet
  facet normal 0 0 1
    outer loop
      vertex 40.6461 34.5986 104.7
      vertex 44.8252 38.6633 104.7
      vertex 44.6901 39.2051 104.7
    endloop
  endfacet
  facet normal -0 0 1
    outer loop
      vertex 40.2082 -36.0425 104.7
      vertex 45 -37 104.7
      vertex 40.6461 -34.5986 104.7
    endloop
  endfacet
  facet normal 0 0 1
    outer loop
      vertex 40.6461 34.5986 104.7
      vertex 44.6901 39.2051 104.7
      vertex 44.5175 39.7362 104.7
    endloop
  endfacet
  facet normal -0 0 1
    outer loop
      vertex 40.2081 -36.0425 104.7
      vertex 45 -37 104.7
      vertex 40.2082 -36.0425 104.7
    endloop
  endfacet
  facet normal 0 0 1
    outer loop
      vertex 40.6461 34.5986 104.7
      vertex 44.5175 39.7362 104.7
      vertex 44.3084 40.2539 104.7
    endloop
  endfacet
  facet normal 0 0 1
    outer loop
      vertex 45 -37 104.7
      vertex 40.2081 -36.0425 104.7
      vertex 44.9951 -37.2792 104.7
    endloop
  endfacet
  facet normal 0 0 1
    outer loop
      vertex 40.6461 34.5986 104.7
      vertex 44.3084 40.2539 104.7
      vertex 44.0636 40.7558 104.7
    endloop
  endfacet
  facet normal -0 0 1
    outer loop
      vertex 40.2081 -36.0426 104.7
      vertex 44.9951 -37.2792 104.7
      vertex 40.2081 -36.0425 104.7
    endloop
  endfacet
  facet normal 0 0 1
    outer loop
      vertex 40.6461 34.5986 104.7
      vertex 44.0636 40.7558 104.7
      vertex 43.7844 41.2393 104.7
    endloop
  endfacet
  facet normal 0 0 1
    outer loop
      vertex 44.9951 -37.2792 104.7
      vertex 40.2081 -36.0426 104.7
      vertex 44.9562 -37.8362 104.7
    endloop
  endfacet
  facet normal 0 0 1
    outer loop
      vertex 40.6461 34.5986 104.7
      vertex 43.7844 41.2393 104.7
      vertex 43.4721 41.7023 104.7
    endloop
  endfacet
  facet normal 0 0 1
    outer loop
      vertex 44.9562 -37.8362 104.7
      vertex 40.2081 -36.0426 104.7
      vertex 44.8785 -38.3892 104.7
    endloop
  endfacet
  facet normal 0 0 1
    outer loop
      vertex 40.6461 34.5986 104.7
      vertex 43.4721 41.7023 104.7
      vertex 43.1284 42.1423 104.7
    endloop
  endfacet
  facet normal -0 0 1
    outer loop
      vertex 39.4968 -37.3733 104.7
      vertex 44.8785 -38.3892 104.7
      vertex 40.2081 -36.0426 104.7
    endloop
  endfacet
  facet normal 0 0 1
    outer loop
      vertex 40.6461 34.5986 104.7
      vertex 43.1284 42.1423 104.7
      vertex 42.7547 42.5573 104.7
    endloop
  endfacet
  facet normal 0 0 1
    outer loop
      vertex 44.8785 -38.3892 104.7
      vertex 39.4968 -37.3733 104.7
      vertex 44.7624 -38.9354 104.7
    endloop
  endfacet
  facet normal 0 0 1
    outer loop
      vertex 40.6461 34.5986 104.7
      vertex 42.7547 42.5573 104.7
      vertex 42.353 42.9452 104.7
    endloop
  endfacet
  facet normal 0 0 1
    outer loop
      vertex 44.7624 -38.9354 104.7
      vertex 39.4968 -37.3733 104.7
      vertex 44.6085 -39.4721 104.7
    endloop
  endfacet
  facet normal 0 0 1
    outer loop
      vertex 40.6461 34.5986 104.7
      vertex 42.353 42.9452 104.7
      vertex 41.9253 43.3041 104.7
    endloop
  endfacet
  facet normal 0 0 1
    outer loop
      vertex 44.6085 -39.4721 104.7
      vertex 39.4968 -37.3733 104.7
      vertex 44.4175 -39.9969 104.7
    endloop
  endfacet
  facet normal 0 0 1
    outer loop
      vertex 40.6461 34.5986 104.7
      vertex 41.9253 43.3041 104.7
      vertex 41.4735 43.6323 104.7
    endloop
  endfacet
  facet normal 0 0 1
    outer loop
      vertex 44.4175 -39.9969 104.7
      vertex 39.4968 -37.3733 104.7
      vertex 44.1904 -40.507 104.7
    endloop
  endfacet
  facet normal 0 0 1
    outer loop
      vertex 37.3733 39.4968 104.7
      vertex 41.4735 43.6323 104.7
      vertex 41 43.9282 104.7
    endloop
  endfacet
  facet normal 0 0 1
    outer loop
      vertex 44.1904 -40.507 104.7
      vertex 39.4968 -37.3733 104.7
      vertex 43.9282 -41 104.7
    endloop
  endfacet
  facet normal 0 0 1
    outer loop
      vertex 43.9282 -41 104.7
      vertex 39.4968 -37.3733 104.7
      vertex 43.6323 -41.4735 104.7
    endloop
  endfacet
  facet normal -0 0 1
    outer loop
      vertex 38.5397 -38.5396 104.7
      vertex 43.6323 -41.4735 104.7
      vertex 39.4968 -37.3733 104.7
    endloop
  endfacet
  facet normal 0 0 1
    outer loop
      vertex 43.6323 -41.4735 104.7
      vertex 38.5397 -38.5396 104.7
      vertex 43.3041 -41.9253 104.7
    endloop
  endfacet
  facet normal 0 0 1
    outer loop
      vertex 43.3041 -41.9253 104.7
      vertex 38.5397 -38.5396 104.7
      vertex 42.9452 -42.353 104.7
    endloop
  endfacet
  facet normal -0 0 1
    outer loop
      vertex 38.5396 -38.5396 104.7
      vertex 42.9452 -42.353 104.7
      vertex 38.5397 -38.5396 104.7
    endloop
  endfacet
  facet normal 0 0 1
    outer loop
      vertex 42.9452 -42.353 104.7
      vertex 38.5396 -38.5396 104.7
      vertex 42.5573 -42.7547 104.7
    endloop
  endfacet
  facet normal 0 0 1
    outer loop
      vertex 42.5573 -42.7547 104.7
      vertex 38.5396 -38.5396 104.7
      vertex 42.1423 -43.1284 104.7
    endloop
  endfacet
  facet normal -0 0 1
    outer loop
      vertex 38.5396 -38.5397 104.7
      vertex 42.1423 -43.1284 104.7
      vertex 38.5396 -38.5396 104.7
    endloop
  endfacet
  facet normal 0 0 1
    outer loop
      vertex 42.1423 -43.1284 104.7
      vertex 38.5396 -38.5397 104.7
      vertex 41.7023 -43.4721 104.7
    endloop
  endfacet
  facet normal 0 0 1
    outer loop
      vertex 41.7023 -43.4721 104.7
      vertex 38.5396 -38.5397 104.7
      vertex 41.2393 -43.7844 104.7
    endloop
  endfacet
  facet normal -0 0 1
    outer loop
      vertex 37.3733 -39.4968 104.7
      vertex 41.2393 -43.7844 104.7
      vertex 38.5396 -38.5397 104.7
    endloop
  endfacet
  facet normal 0 0 1
    outer loop
      vertex 41.2393 -43.7844 104.7
      vertex 37.3733 -39.4968 104.7
      vertex 40.7558 -44.0636 104.7
    endloop
  endfacet
  facet normal 0 0 1
    outer loop
      vertex 40.7558 -44.0636 104.7
      vertex 37.3733 -39.4968 104.7
      vertex 40.2539 -44.3084 104.7
    endloop
  endfacet
  facet normal 0 0 1
    outer loop
      vertex 40.2539 -44.3084 104.7
      vertex 37.3733 -39.4968 104.7
      vertex 39.7362 -44.5175 104.7
    endloop
  endfacet
  facet normal 0 0 1
    outer loop
      vertex 39.7362 -44.5175 104.7
      vertex 37.3733 -39.4968 104.7
      vertex 39.2051 -44.6901 104.7
    endloop
  endfacet
  facet normal 0 0 1
    outer loop
      vertex 39.2051 -44.6901 104.7
      vertex 37.3733 -39.4968 104.7
      vertex 38.6633 -44.8252 104.7
    endloop
  endfacet
  facet normal -0 0 1
    outer loop
      vertex 36.0426 -40.2081 104.7
      vertex 38.6633 -44.8252 104.7
      vertex 37.3733 -39.4968 104.7
    endloop
  endfacet
  facet normal 0 0 1
    outer loop
      vertex 38.6633 -44.8252 104.7
      vertex 36.0426 -40.2081 104.7
      vertex 38.1134 -44.9221 104.7
    endloop
  endfacet
  facet normal 0 0 1
    outer loop
      vertex 38.1134 -44.9221 104.7
      vertex 36.0426 -40.2081 104.7
      vertex 37.558 -44.9805 104.7
    endloop
  endfacet
  facet normal -0 0 1
    outer loop
      vertex 36.0425 -40.2081 104.7
      vertex 37.558 -44.9805 104.7
      vertex 36.0426 -40.2081 104.7
    endloop
  endfacet
  facet normal 0 0 1
    outer loop
      vertex 37.558 -44.9805 104.7
      vertex 36.0425 -40.2081 104.7
      vertex 37 -45 104.7
    endloop
  endfacet
  facet normal -0 0 1
    outer loop
      vertex 36.0425 -40.2082 104.7
      vertex 37 -45 104.7
      vertex 36.0425 -40.2081 104.7
    endloop
  endfacet
  facet normal -0 0 1
    outer loop
      vertex 34.5986 -40.6461 104.7
      vertex 37 -45 104.7
      vertex 36.0425 -40.2082 104.7
    endloop
  endfacet
  facet normal -0 0 1
    outer loop
      vertex 33.097 -40.794 104.7
      vertex 37 -45 104.7
      vertex 34.5986 -40.6461 104.7
    endloop
  endfacet
  facet normal -0 0 1
    outer loop
      vertex -33.097 -40.794 104.7
      vertex 37 -45 104.7
      vertex 33.097 -40.794 104.7
    endloop
  endfacet
  facet normal 0 0 1
    outer loop
      vertex -33.097 -40.794 104.7
      vertex -37 -45 104.7
      vertex 37 -45 104.7
    endloop
  endfacet
  facet normal 0 0 1
    outer loop
      vertex -34.5986 -40.6461 104.7
      vertex -37 -45 104.7
      vertex -33.097 -40.794 104.7
    endloop
  endfacet
  facet normal 0 0 1
    outer loop
      vertex -36.0425 -40.2082 104.7
      vertex -37 -45 104.7
      vertex -34.5986 -40.6461 104.7
    endloop
  endfacet
  facet normal 0 0 1
    outer loop
      vertex -36.0425 -40.2081 104.7
      vertex -37 -45 104.7
      vertex -36.0425 -40.2082 104.7
    endloop
  endfacet
  facet normal 0 0 1
    outer loop
      vertex -37.2792 -44.9951 104.7
      vertex -36.0425 -40.2081 104.7
      vertex -36.0426 -40.2081 104.7
    endloop
  endfacet
  facet normal 0 0 1
    outer loop
      vertex -36.0425 -40.2081 104.7
      vertex -37.2792 -44.9951 104.7
      vertex -37 -45 104.7
    endloop
  endfacet
  facet normal 0 0 1
    outer loop
      vertex -38.3892 -44.8785 104.7
      vertex -36.0426 -40.2081 104.7
      vertex -37.3733 -39.4968 104.7
    endloop
  endfacet
  facet normal 0 0 1
    outer loop
      vertex -36.0426 -40.2081 104.7
      vertex -37.8362 -44.9562 104.7
      vertex -37.2792 -44.9951 104.7
    endloop
  endfacet
  facet normal 0 0 1
    outer loop
      vertex -36.0426 -40.2081 104.7
      vertex -38.3892 -44.8785 104.7
      vertex -37.8362 -44.9562 104.7
    endloop
  endfacet
  facet normal 0 0 1
    outer loop
      vertex -41 -43.9282 104.7
      vertex -37.3733 -39.4968 104.7
      vertex -38.5396 -38.5397 104.7
    endloop
  endfacet
  facet normal 0 0 1
    outer loop
      vertex -41 -43.9282 104.7
      vertex -38.5396 -38.5397 104.7
      vertex -38.5396 -38.5396 104.7
    endloop
  endfacet
  facet normal 0 0 1
    outer loop
      vertex -41 -43.9282 104.7
      vertex -38.5396 -38.5396 104.7
      vertex -38.5397 -38.5396 104.7
    endloop
  endfacet
  facet normal 0 0 1
    outer loop
      vertex -37.3733 -39.4968 104.7
      vertex -38.9354 -44.7624 104.7
      vertex -38.3892 -44.8785 104.7
    endloop
  endfacet
  facet normal 0 0 1
    outer loop
      vertex -37.3733 -39.4968 104.7
      vertex -39.4721 -44.6085 104.7
      vertex -38.9354 -44.7624 104.7
    endloop
  endfacet
  facet normal 0 0 1
    outer loop
      vertex -41 -43.9282 104.7
      vertex -38.5397 -38.5396 104.7
      vertex -39.4968 -37.3733 104.7
    endloop
  endfacet
  facet normal 0 0 1
    outer loop
      vertex -37.3733 -39.4968 104.7
      vertex -39.9969 -44.4175 104.7
      vertex -39.4721 -44.6085 104.7
    endloop
  endfacet
  facet normal 0 0 1
    outer loop
      vertex -41 -43.9282 104.7
      vertex -39.4968 -37.3733 104.7
      vertex -40.2081 -36.0426 104.7
    endloop
  endfacet
  facet normal 0 0 1
    outer loop
      vertex -41 -43.9282 104.7
      vertex -40.2081 -36.0426 104.7
      vertex -40.2081 -36.0425 104.7
    endloop
  endfacet
  facet normal 0 0 1
    outer loop
      vertex -41 -43.9282 104.7
      vertex -40.2081 -36.0425 104.7
      vertex -40.2082 -36.0425 104.7
    endloop
  endfacet
  facet normal 0 0 1
    outer loop
      vertex -37.3733 -39.4968 104.7
      vertex -40.507 -44.1904 104.7
      vertex -39.9969 -44.4175 104.7
    endloop
  endfacet
  facet normal 0 0 1
    outer loop
      vertex -41 -43.9282 104.7
      vertex -40.2082 -36.0425 104.7
      vertex -40.6461 -34.5986 104.7
    endloop
  endfacet
  facet normal 0 0 1
    outer loop
      vertex -41 -43.9282 104.7
      vertex -40.6461 -34.5986 104.7
      vertex -40.794 -33.097 104.7
    endloop
  endfacet
  facet normal 0 0 1
    outer loop
      vertex -37.3733 -39.4968 104.7
      vertex -41 -43.9282 104.7
      vertex -40.507 -44.1904 104.7
    endloop
  endfacet
  facet normal -0.823017 -0.568017 0
    outer loop
      vertex 1.461 -15.2332 -1
      vertex 1.23504 -14.9058 3.2
      vertex 1.23504 -14.9058 -1
    endloop
  endfacet
  facet normal -0.823017 -0.568017 0
    outer loop
      vertex 1.23504 -14.9058 3.2
      vertex 1.461 -15.2332 -1
      vertex 1.461 -15.2332 3.2
    endloop
  endfacet
  facet normal -0.992709 -0.120538 0
    outer loop
      vertex 1.65 -16 -1
      vertex 1.60205 -15.6051 3.2
      vertex 1.60205 -15.6051 -1
    endloop
  endfacet
  facet normal -0.992709 -0.120538 0
    outer loop
      vertex 1.60205 -15.6051 3.2
      vertex 1.65 -16 -1
      vertex 1.65 -16 3.2
    endloop
  endfacet
  facet normal 0.992709 -0.120538 0
    outer loop
      vertex -1.65 -16 3.2
      vertex -1.60205 -15.6051 -1
      vertex -1.60205 -15.6051 3.2
    endloop
  endfacet
  facet normal 0.992709 -0.120538 0
    outer loop
      vertex -1.60205 -15.6051 -1
      vertex -1.65 -16 3.2
      vertex -1.65 -16 -1
    endloop
  endfacet
  facet normal 0.992709 0.120538 0
    outer loop
      vertex -1.60205 -16.3949 3.2
      vertex -1.65 -16 -1
      vertex -1.65 -16 3.2
    endloop
  endfacet
  facet normal 0.992709 0.120538 0
    outer loop
      vertex -1.65 -16 -1
      vertex -1.60205 -16.3949 3.2
      vertex -1.60205 -16.3949 -1
    endloop
  endfacet
  facet normal -0.663025 -0.748597 0
    outer loop
      vertex 0.937306 -14.6421 -1
      vertex 1.23504 -14.9058 3.2
      vertex 0.937306 -14.6421 3.2
    endloop
  endfacet
  facet normal -0.663025 -0.748597 -0
    outer loop
      vertex 1.23504 -14.9058 3.2
      vertex 0.937306 -14.6421 -1
      vertex 1.23504 -14.9058 -1
    endloop
  endfacet
  facet normal 0.464815 -0.885408 0
    outer loop
      vertex -0.937306 -14.6421 -1
      vertex -0.585097 -14.4572 3.2
      vertex -0.937306 -14.6421 3.2
    endloop
  endfacet
  facet normal 0.464815 -0.885408 0
    outer loop
      vertex -0.585097 -14.4572 3.2
      vertex -0.937306 -14.6421 -1
      vertex -0.585097 -14.4572 -1
    endloop
  endfacet
  facet normal 0.93501 -0.35462 0
    outer loop
      vertex -1.60205 -15.6051 3.2
      vertex -1.461 -15.2332 -1
      vertex -1.461 -15.2332 3.2
    endloop
  endfacet
  facet normal 0.93501 -0.35462 0
    outer loop
      vertex -1.461 -15.2332 -1
      vertex -1.60205 -15.6051 3.2
      vertex -1.60205 -15.6051 -1
    endloop
  endfacet
  facet normal 0.663025 -0.748597 0
    outer loop
      vertex -1.23504 -14.9058 -1
      vertex -0.937306 -14.6421 3.2
      vertex -1.23504 -14.9058 3.2
    endloop
  endfacet
  facet normal 0.663025 -0.748597 0
    outer loop
      vertex -0.937306 -14.6421 3.2
      vertex -1.23504 -14.9058 -1
      vertex -0.937306 -14.6421 -1
    endloop
  endfacet
  facet normal 0 -1 0
    outer loop
      vertex -0.198885 -14.362 -1
      vertex 0.198885 -14.362 3.2
      vertex -0.198885 -14.362 3.2
    endloop
  endfacet
  facet normal 0 -1 -0
    outer loop
      vertex 0.198885 -14.362 3.2
      vertex -0.198885 -14.362 -1
      vertex 0.198885 -14.362 -1
    endloop
  endfacet
  facet normal -0.464815 -0.885408 0
    outer loop
      vertex 0.585097 -14.4572 -1
      vertex 0.937306 -14.6421 3.2
      vertex 0.585097 -14.4572 3.2
    endloop
  endfacet
  facet normal -0.464815 -0.885408 -0
    outer loop
      vertex 0.937306 -14.6421 3.2
      vertex 0.585097 -14.4572 -1
      vertex 0.937306 -14.6421 -1
    endloop
  endfacet
  facet normal 0.823017 -0.568017 0
    outer loop
      vertex -1.461 -15.2332 3.2
      vertex -1.23504 -14.9058 -1
      vertex -1.23504 -14.9058 3.2
    endloop
  endfacet
  facet normal 0.823017 -0.568017 0
    outer loop
      vertex -1.23504 -14.9058 -1
      vertex -1.461 -15.2332 3.2
      vertex -1.461 -15.2332 -1
    endloop
  endfacet
  facet normal 0.239333 -0.970938 0
    outer loop
      vertex -0.585097 -14.4572 -1
      vertex -0.198885 -14.362 3.2
      vertex -0.585097 -14.4572 3.2
    endloop
  endfacet
  facet normal 0.239333 -0.970938 0
    outer loop
      vertex -0.198885 -14.362 3.2
      vertex -0.585097 -14.4572 -1
      vertex -0.198885 -14.362 -1
    endloop
  endfacet
  facet normal -0.93501 0.35462 0
    outer loop
      vertex 1.461 -16.7668 -1
      vertex 1.60205 -16.3949 3.2
      vertex 1.60205 -16.3949 -1
    endloop
  endfacet
  facet normal -0.93501 0.35462 0
    outer loop
      vertex 1.60205 -16.3949 3.2
      vertex 1.461 -16.7668 -1
      vertex 1.461 -16.7668 3.2
    endloop
  endfacet
  facet normal 0.663025 0.748597 -0
    outer loop
      vertex -0.937306 -17.3579 -1
      vertex -1.23504 -17.0942 3.2
      vertex -0.937306 -17.3579 3.2
    endloop
  endfacet
  facet normal 0.663025 0.748597 0
    outer loop
      vertex -1.23504 -17.0942 3.2
      vertex -0.937306 -17.3579 -1
      vertex -1.23504 -17.0942 -1
    endloop
  endfacet
  facet normal 0.93501 0.35462 0
    outer loop
      vertex -1.461 -16.7668 3.2
      vertex -1.60205 -16.3949 -1
      vertex -1.60205 -16.3949 3.2
    endloop
  endfacet
  facet normal 0.93501 0.35462 0
    outer loop
      vertex -1.60205 -16.3949 -1
      vertex -1.461 -16.7668 3.2
      vertex -1.461 -16.7668 -1
    endloop
  endfacet
  facet normal -0.663025 0.748597 0
    outer loop
      vertex 1.23504 -17.0942 -1
      vertex 0.937306 -17.3579 3.2
      vertex 1.23504 -17.0942 3.2
    endloop
  endfacet
  facet normal -0.663025 0.748597 0
    outer loop
      vertex 0.937306 -17.3579 3.2
      vertex 1.23504 -17.0942 -1
      vertex 0.937306 -17.3579 -1
    endloop
  endfacet
  facet normal -0.992709 0.120538 0
    outer loop
      vertex 1.60205 -16.3949 -1
      vertex 1.65 -16 3.2
      vertex 1.65 -16 -1
    endloop
  endfacet
  facet normal -0.992709 0.120538 0
    outer loop
      vertex 1.65 -16 3.2
      vertex 1.60205 -16.3949 -1
      vertex 1.60205 -16.3949 3.2
    endloop
  endfacet
  facet normal -0.93501 -0.35462 0
    outer loop
      vertex 1.60205 -15.6051 -1
      vertex 1.461 -15.2332 3.2
      vertex 1.461 -15.2332 -1
    endloop
  endfacet
  facet normal -0.93501 -0.35462 0
    outer loop
      vertex 1.461 -15.2332 3.2
      vertex 1.60205 -15.6051 -1
      vertex 1.60205 -15.6051 3.2
    endloop
  endfacet
  facet normal -0.239333 -0.970938 0
    outer loop
      vertex 0.198885 -14.362 -1
      vertex 0.585097 -14.4572 3.2
      vertex 0.198885 -14.362 3.2
    endloop
  endfacet
  facet normal -0.239333 -0.970938 -0
    outer loop
      vertex 0.585097 -14.4572 3.2
      vertex 0.198885 -14.362 -1
      vertex 0.585097 -14.4572 -1
    endloop
  endfacet
  facet normal 0 0 1
    outer loop
      vertex 1.60205 -15.6051 -1
      vertex 1.60205 -16.3949 -1
      vertex 1.65 -16 -1
    endloop
  endfacet
  facet normal 0 0 1
    outer loop
      vertex 1.461 -15.2332 -1
      vertex 1.60205 -16.3949 -1
      vertex 1.60205 -15.6051 -1
    endloop
  endfacet
  facet normal 0 0 1
    outer loop
      vertex 1.461 -15.2332 -1
      vertex 1.461 -16.7668 -1
      vertex 1.60205 -16.3949 -1
    endloop
  endfacet
  facet normal 0 0 1
    outer loop
      vertex 1.23504 -14.9058 -1
      vertex 1.461 -16.7668 -1
      vertex 1.461 -15.2332 -1
    endloop
  endfacet
  facet normal 0 0 1
    outer loop
      vertex 1.23504 -14.9058 -1
      vertex 1.23504 -17.0942 -1
      vertex 1.461 -16.7668 -1
    endloop
  endfacet
  facet normal 0 0 1
    outer loop
      vertex 0.937306 -14.6421 -1
      vertex 1.23504 -17.0942 -1
      vertex 1.23504 -14.9058 -1
    endloop
  endfacet
  facet normal 0 0 1
    outer loop
      vertex 0.937306 -14.6421 -1
      vertex 0.937306 -17.3579 -1
      vertex 1.23504 -17.0942 -1
    endloop
  endfacet
  facet normal 0 0 1
    outer loop
      vertex 0.585097 -14.4572 -1
      vertex 0.937306 -17.3579 -1
      vertex 0.937306 -14.6421 -1
    endloop
  endfacet
  facet normal 0 0 1
    outer loop
      vertex 0.585097 -14.4572 -1
      vertex 0.585097 -17.5428 -1
      vertex 0.937306 -17.3579 -1
    endloop
  endfacet
  facet normal 0 0 1
    outer loop
      vertex 0.198885 -14.362 -1
      vertex 0.585097 -17.5428 -1
      vertex 0.585097 -14.4572 -1
    endloop
  endfacet
  facet normal 0 0 1
    outer loop
      vertex 0.198885 -14.362 -1
      vertex 0.198885 -17.638 -1
      vertex 0.585097 -17.5428 -1
    endloop
  endfacet
  facet normal -0 0 1
    outer loop
      vertex -0.198885 -14.362 -1
      vertex 0.198885 -17.638 -1
      vertex 0.198885 -14.362 -1
    endloop
  endfacet
  facet normal 0 0 1
    outer loop
      vertex -0.198885 -14.362 -1
      vertex -0.198885 -17.638 -1
      vertex 0.198885 -17.638 -1
    endloop
  endfacet
  facet normal -0 0 1
    outer loop
      vertex -0.585097 -14.4572 -1
      vertex -0.198885 -17.638 -1
      vertex -0.198885 -14.362 -1
    endloop
  endfacet
  facet normal 0 0 1
    outer loop
      vertex -0.585097 -14.4572 -1
      vertex -0.585097 -17.5428 -1
      vertex -0.198885 -17.638 -1
    endloop
  endfacet
  facet normal -0 0 1
    outer loop
      vertex -0.937306 -14.6421 -1
      vertex -0.585097 -17.5428 -1
      vertex -0.585097 -14.4572 -1
    endloop
  endfacet
  facet normal 0 0 1
    outer loop
      vertex -0.937306 -14.6421 -1
      vertex -0.937306 -17.3579 -1
      vertex -0.585097 -17.5428 -1
    endloop
  endfacet
  facet normal -0 0 1
    outer loop
      vertex -1.23504 -14.9058 -1
      vertex -0.937306 -17.3579 -1
      vertex -0.937306 -14.6421 -1
    endloop
  endfacet
  facet normal 0 0 1
    outer loop
      vertex -1.23504 -14.9058 -1
      vertex -1.23504 -17.0942 -1
      vertex -0.937306 -17.3579 -1
    endloop
  endfacet
  facet normal -0 0 1
    outer loop
      vertex -1.461 -15.2332 -1
      vertex -1.23504 -17.0942 -1
      vertex -1.23504 -14.9058 -1
    endloop
  endfacet
  facet normal 0 0 1
    outer loop
      vertex -1.461 -15.2332 -1
      vertex -1.461 -16.7668 -1
      vertex -1.23504 -17.0942 -1
    endloop
  endfacet
  facet normal -0 0 1
    outer loop
      vertex -1.60205 -15.6051 -1
      vertex -1.461 -16.7668 -1
      vertex -1.461 -15.2332 -1
    endloop
  endfacet
  facet normal 0 0 1
    outer loop
      vertex -1.60205 -15.6051 -1
      vertex -1.60205 -16.3949 -1
      vertex -1.461 -16.7668 -1
    endloop
  endfacet
  facet normal 0 -0 1
    outer loop
      vertex -1.60205 -16.3949 -1
      vertex -1.60205 -15.6051 -1
      vertex -1.65 -16 -1
    endloop
  endfacet
  facet normal 0.823017 0.568017 0
    outer loop
      vertex -1.23504 -17.0942 3.2
      vertex -1.461 -16.7668 -1
      vertex -1.461 -16.7668 3.2
    endloop
  endfacet
  facet normal 0.823017 0.568017 0
    outer loop
      vertex -1.461 -16.7668 -1
      vertex -1.23504 -17.0942 3.2
      vertex -1.23504 -17.0942 -1
    endloop
  endfacet
  facet normal -0.239333 0.970938 0
    outer loop
      vertex 0.585097 -17.5428 -1
      vertex 0.198885 -17.638 3.2
      vertex 0.585097 -17.5428 3.2
    endloop
  endfacet
  facet normal -0.239333 0.970938 0
    outer loop
      vertex 0.198885 -17.638 3.2
      vertex 0.585097 -17.5428 -1
      vertex 0.198885 -17.638 -1
    endloop
  endfacet
  facet normal -0.464815 0.885408 0
    outer loop
      vertex 0.937306 -17.3579 -1
      vertex 0.585097 -17.5428 3.2
      vertex 0.937306 -17.3579 3.2
    endloop
  endfacet
  facet normal -0.464815 0.885408 0
    outer loop
      vertex 0.585097 -17.5428 3.2
      vertex 0.937306 -17.3579 -1
      vertex 0.585097 -17.5428 -1
    endloop
  endfacet
  facet normal 0.464815 0.885408 -0
    outer loop
      vertex -0.585097 -17.5428 -1
      vertex -0.937306 -17.3579 3.2
      vertex -0.585097 -17.5428 3.2
    endloop
  endfacet
  facet normal 0.464815 0.885408 0
    outer loop
      vertex -0.937306 -17.3579 3.2
      vertex -0.585097 -17.5428 -1
      vertex -0.937306 -17.3579 -1
    endloop
  endfacet
  facet normal 0 1 -0
    outer loop
      vertex 0.198885 -17.638 -1
      vertex -0.198885 -17.638 3.2
      vertex 0.198885 -17.638 3.2
    endloop
  endfacet
  facet normal 0 1 0
    outer loop
      vertex -0.198885 -17.638 3.2
      vertex 0.198885 -17.638 -1
      vertex -0.198885 -17.638 -1
    endloop
  endfacet
  facet normal -0.823017 0.568017 0
    outer loop
      vertex 1.23504 -17.0942 -1
      vertex 1.461 -16.7668 3.2
      vertex 1.461 -16.7668 -1
    endloop
  endfacet
  facet normal -0.823017 0.568017 0
    outer loop
      vertex 1.461 -16.7668 3.2
      vertex 1.23504 -17.0942 -1
      vertex 1.23504 -17.0942 3.2
    endloop
  endfacet
  facet normal 0.239333 0.970938 -0
    outer loop
      vertex -0.198885 -17.638 -1
      vertex -0.585097 -17.5428 3.2
      vertex -0.198885 -17.638 3.2
    endloop
  endfacet
  facet normal 0.239333 0.970938 0
    outer loop
      vertex -0.585097 -17.5428 3.2
      vertex -0.198885 -17.638 -1
      vertex -0.585097 -17.5428 -1
    endloop
  endfacet
  facet normal -0.823017 -0.568017 0
    outer loop
      vertex 1.461 16.7668 -1
      vertex 1.23504 17.0942 3.2
      vertex 1.23504 17.0942 -1
    endloop
  endfacet
  facet normal -0.823017 -0.568017 0
    outer loop
      vertex 1.23504 17.0942 3.2
      vertex 1.461 16.7668 -1
      vertex 1.461 16.7668 3.2
    endloop
  endfacet
  facet normal 0.992709 0.120538 0
    outer loop
      vertex -1.60205 15.6051 3.2
      vertex -1.65 16 -1
      vertex -1.65 16 3.2
    endloop
  endfacet
  facet normal 0.992709 0.120538 0
    outer loop
      vertex -1.65 16 -1
      vertex -1.60205 15.6051 3.2
      vertex -1.60205 15.6051 -1
    endloop
  endfacet
  facet normal -0.992709 0.120538 0
    outer loop
      vertex 1.60205 15.6051 -1
      vertex 1.65 16 3.2
      vertex 1.65 16 -1
    endloop
  endfacet
  facet normal -0.992709 0.120538 0
    outer loop
      vertex 1.65 16 3.2
      vertex 1.60205 15.6051 -1
      vertex 1.60205 15.6051 3.2
    endloop
  endfacet
  facet normal -0.663025 -0.748597 0
    outer loop
      vertex 0.937306 17.3579 -1
      vertex 1.23504 17.0942 3.2
      vertex 0.937306 17.3579 3.2
    endloop
  endfacet
  facet normal -0.663025 -0.748597 -0
    outer loop
      vertex 1.23504 17.0942 3.2
      vertex 0.937306 17.3579 -1
      vertex 1.23504 17.0942 -1
    endloop
  endfacet
  facet normal -0.239333 -0.970938 0
    outer loop
      vertex 0.198885 17.638 -1
      vertex 0.585097 17.5428 3.2
      vertex 0.198885 17.638 3.2
    endloop
  endfacet
  facet normal -0.239333 -0.970938 -0
    outer loop
      vertex 0.585097 17.5428 3.2
      vertex 0.198885 17.638 -1
      vertex 0.585097 17.5428 -1
    endloop
  endfacet
  facet normal 0.663025 -0.748597 0
    outer loop
      vertex -1.23504 17.0942 -1
      vertex -0.937306 17.3579 3.2
      vertex -1.23504 17.0942 3.2
    endloop
  endfacet
  facet normal 0.663025 -0.748597 0
    outer loop
      vertex -0.937306 17.3579 3.2
      vertex -1.23504 17.0942 -1
      vertex -0.937306 17.3579 -1
    endloop
  endfacet
  facet normal 0.992709 -0.120538 0
    outer loop
      vertex -1.65 16 3.2
      vertex -1.60205 16.3949 -1
      vertex -1.60205 16.3949 3.2
    endloop
  endfacet
  facet normal 0.992709 -0.120538 0
    outer loop
      vertex -1.60205 16.3949 -1
      vertex -1.65 16 3.2
      vertex -1.65 16 -1
    endloop
  endfacet
  facet normal 0.823017 -0.568017 0
    outer loop
      vertex -1.461 16.7668 3.2
      vertex -1.23504 17.0942 -1
      vertex -1.23504 17.0942 3.2
    endloop
  endfacet
  facet normal 0.823017 -0.568017 0
    outer loop
      vertex -1.23504 17.0942 -1
      vertex -1.461 16.7668 3.2
      vertex -1.461 16.7668 -1
    endloop
  endfacet
  facet normal 0.239333 -0.970938 0
    outer loop
      vertex -0.585097 17.5428 -1
      vertex -0.198885 17.638 3.2
      vertex -0.585097 17.5428 3.2
    endloop
  endfacet
  facet normal 0.239333 -0.970938 0
    outer loop
      vertex -0.198885 17.638 3.2
      vertex -0.585097 17.5428 -1
      vertex -0.198885 17.638 -1
    endloop
  endfacet
  facet normal -0.464815 -0.885408 0
    outer loop
      vertex 0.585097 17.5428 -1
      vertex 0.937306 17.3579 3.2
      vertex 0.585097 17.5428 3.2
    endloop
  endfacet
  facet normal -0.464815 -0.885408 -0
    outer loop
      vertex 0.937306 17.3579 3.2
      vertex 0.585097 17.5428 -1
      vertex 0.937306 17.3579 -1
    endloop
  endfacet
  facet normal 0.93501 -0.35462 0
    outer loop
      vertex -1.60205 16.3949 3.2
      vertex -1.461 16.7668 -1
      vertex -1.461 16.7668 3.2
    endloop
  endfacet
  facet normal 0.93501 -0.35462 0
    outer loop
      vertex -1.461 16.7668 -1
      vertex -1.60205 16.3949 3.2
      vertex -1.60205 16.3949 -1
    endloop
  endfacet
  facet normal 0 0 1
    outer loop
      vertex 1.60205 16.3949 -1
      vertex 1.60205 15.6051 -1
      vertex 1.65 16 -1
    endloop
  endfacet
  facet normal 0 0 1
    outer loop
      vertex 1.461 16.7668 -1
      vertex 1.60205 15.6051 -1
      vertex 1.60205 16.3949 -1
    endloop
  endfacet
  facet normal 0 0 1
    outer loop
      vertex 1.461 16.7668 -1
      vertex 1.461 15.2332 -1
      vertex 1.60205 15.6051 -1
    endloop
  endfacet
  facet normal 0 0 1
    outer loop
      vertex 1.23504 17.0942 -1
      vertex 1.461 15.2332 -1
      vertex 1.461 16.7668 -1
    endloop
  endfacet
  facet normal 0 0 1
    outer loop
      vertex 1.23504 17.0942 -1
      vertex 1.23504 14.9058 -1
      vertex 1.461 15.2332 -1
    endloop
  endfacet
  facet normal 0 0 1
    outer loop
      vertex 0.937306 17.3579 -1
      vertex 1.23504 14.9058 -1
      vertex 1.23504 17.0942 -1
    endloop
  endfacet
  facet normal 0 0 1
    outer loop
      vertex 0.937306 17.3579 -1
      vertex 0.937306 14.6421 -1
      vertex 1.23504 14.9058 -1
    endloop
  endfacet
  facet normal 0 0 1
    outer loop
      vertex 0.585097 17.5428 -1
      vertex 0.937306 14.6421 -1
      vertex 0.937306 17.3579 -1
    endloop
  endfacet
  facet normal 0 0 1
    outer loop
      vertex 0.585097 17.5428 -1
      vertex 0.585097 14.4572 -1
      vertex 0.937306 14.6421 -1
    endloop
  endfacet
  facet normal 0 0 1
    outer loop
      vertex 0.198885 17.638 -1
      vertex 0.585097 14.4572 -1
      vertex 0.585097 17.5428 -1
    endloop
  endfacet
  facet normal 0 0 1
    outer loop
      vertex 0.198885 17.638 -1
      vertex 0.198885 14.362 -1
      vertex 0.585097 14.4572 -1
    endloop
  endfacet
  facet normal -0 0 1
    outer loop
      vertex -0.198885 17.638 -1
      vertex 0.198885 14.362 -1
      vertex 0.198885 17.638 -1
    endloop
  endfacet
  facet normal 0 0 1
    outer loop
      vertex -0.198885 17.638 -1
      vertex -0.198885 14.362 -1
      vertex 0.198885 14.362 -1
    endloop
  endfacet
  facet normal -0 0 1
    outer loop
      vertex -0.585097 17.5428 -1
      vertex -0.198885 14.362 -1
      vertex -0.198885 17.638 -1
    endloop
  endfacet
  facet normal 0 0 1
    outer loop
      vertex -0.585097 17.5428 -1
      vertex -0.585097 14.4572 -1
      vertex -0.198885 14.362 -1
    endloop
  endfacet
  facet normal -0 0 1
    outer loop
      vertex -0.937306 17.3579 -1
      vertex -0.585097 14.4572 -1
      vertex -0.585097 17.5428 -1
    endloop
  endfacet
  facet normal 0 0 1
    outer loop
      vertex -0.937306 17.3579 -1
      vertex -0.937306 14.6421 -1
      vertex -0.585097 14.4572 -1
    endloop
  endfacet
  facet normal -0 0 1
    outer loop
      vertex -1.23504 17.0942 -1
      vertex -0.937306 14.6421 -1
      vertex -0.937306 17.3579 -1
    endloop
  endfacet
  facet normal 0 0 1
    outer loop
      vertex -1.23504 17.0942 -1
      vertex -1.23504 14.9058 -1
      vertex -0.937306 14.6421 -1
    endloop
  endfacet
  facet normal -0 0 1
    outer loop
      vertex -1.461 16.7668 -1
      vertex -1.23504 14.9058 -1
      vertex -1.23504 17.0942 -1
    endloop
  endfacet
  facet normal 0 0 1
    outer loop
      vertex -1.461 16.7668 -1
      vertex -1.461 15.2332 -1
      vertex -1.23504 14.9058 -1
    endloop
  endfacet
  facet normal -0 0 1
    outer loop
      vertex -1.60205 16.3949 -1
      vertex -1.461 15.2332 -1
      vertex -1.461 16.7668 -1
    endloop
  endfacet
  facet normal 0 0 1
    outer loop
      vertex -1.60205 16.3949 -1
      vertex -1.60205 15.6051 -1
      vertex -1.461 15.2332 -1
    endloop
  endfacet
  facet normal 0 -0 1
    outer loop
      vertex -1.60205 15.6051 -1
      vertex -1.60205 16.3949 -1
      vertex -1.65 16 -1
    endloop
  endfacet
  facet normal 0.464815 -0.885408 0
    outer loop
      vertex -0.937306 17.3579 -1
      vertex -0.585097 17.5428 3.2
      vertex -0.937306 17.3579 3.2
    endloop
  endfacet
  facet normal 0.464815 -0.885408 0
    outer loop
      vertex -0.585097 17.5428 3.2
      vertex -0.937306 17.3579 -1
      vertex -0.585097 17.5428 -1
    endloop
  endfacet
  facet normal -0.992709 -0.120538 0
    outer loop
      vertex 1.65 16 -1
      vertex 1.60205 16.3949 3.2
      vertex 1.60205 16.3949 -1
    endloop
  endfacet
  facet normal -0.992709 -0.120538 0
    outer loop
      vertex 1.60205 16.3949 3.2
      vertex 1.65 16 -1
      vertex 1.65 16 3.2
    endloop
  endfacet
  facet normal 0.464815 0.885408 -0
    outer loop
      vertex -0.585097 14.4572 -1
      vertex -0.937306 14.6421 3.2
      vertex -0.585097 14.4572 3.2
    endloop
  endfacet
  facet normal 0.464815 0.885408 0
    outer loop
      vertex -0.937306 14.6421 3.2
      vertex -0.585097 14.4572 -1
      vertex -0.937306 14.6421 -1
    endloop
  endfacet
  facet normal 0.663025 0.748597 -0
    outer loop
      vertex -0.937306 14.6421 -1
      vertex -1.23504 14.9058 3.2
      vertex -0.937306 14.6421 3.2
    endloop
  endfacet
  facet normal 0.663025 0.748597 0
    outer loop
      vertex -1.23504 14.9058 3.2
      vertex -0.937306 14.6421 -1
      vertex -1.23504 14.9058 -1
    endloop
  endfacet
  facet normal -0.823017 0.568017 0
    outer loop
      vertex 1.23504 14.9058 -1
      vertex 1.461 15.2332 3.2
      vertex 1.461 15.2332 -1
    endloop
  endfacet
  facet normal -0.823017 0.568017 0
    outer loop
      vertex 1.461 15.2332 3.2
      vertex 1.23504 14.9058 -1
      vertex 1.23504 14.9058 3.2
    endloop
  endfacet
  facet normal -0.93501 -0.35462 0
    outer loop
      vertex 1.60205 16.3949 -1
      vertex 1.461 16.7668 3.2
      vertex 1.461 16.7668 -1
    endloop
  endfacet
  facet normal -0.93501 -0.35462 0
    outer loop
      vertex 1.461 16.7668 3.2
      vertex 1.60205 16.3949 -1
      vertex 1.60205 16.3949 3.2
    endloop
  endfacet
  facet normal 0 -1 0
    outer loop
      vertex -0.198885 17.638 -1
      vertex 0.198885 17.638 3.2
      vertex -0.198885 17.638 3.2
    endloop
  endfacet
  facet normal 0 -1 -0
    outer loop
      vertex 0.198885 17.638 3.2
      vertex -0.198885 17.638 -1
      vertex 0.198885 17.638 -1
    endloop
  endfacet
  facet normal 0.93501 0.35462 0
    outer loop
      vertex -1.461 15.2332 3.2
      vertex -1.60205 15.6051 -1
      vertex -1.60205 15.6051 3.2
    endloop
  endfacet
  facet normal 0.93501 0.35462 0
    outer loop
      vertex -1.60205 15.6051 -1
      vertex -1.461 15.2332 3.2
      vertex -1.461 15.2332 -1
    endloop
  endfacet
  facet normal -0.93501 0.35462 0
    outer loop
      vertex 1.461 15.2332 -1
      vertex 1.60205 15.6051 3.2
      vertex 1.60205 15.6051 -1
    endloop
  endfacet
  facet normal -0.93501 0.35462 0
    outer loop
      vertex 1.60205 15.6051 3.2
      vertex 1.461 15.2332 -1
      vertex 1.461 15.2332 3.2
    endloop
  endfacet
  facet normal -0.464815 0.885408 0
    outer loop
      vertex 0.937306 14.6421 -1
      vertex 0.585097 14.4572 3.2
      vertex 0.937306 14.6421 3.2
    endloop
  endfacet
  facet normal -0.464815 0.885408 0
    outer loop
      vertex 0.585097 14.4572 3.2
      vertex 0.937306 14.6421 -1
      vertex 0.585097 14.4572 -1
    endloop
  endfacet
  facet normal -0.663025 0.748597 0
    outer loop
      vertex 1.23504 14.9058 -1
      vertex 0.937306 14.6421 3.2
      vertex 1.23504 14.9058 3.2
    endloop
  endfacet
  facet normal -0.663025 0.748597 0
    outer loop
      vertex 0.937306 14.6421 3.2
      vertex 1.23504 14.9058 -1
      vertex 0.937306 14.6421 -1
    endloop
  endfacet
  facet normal 0.239333 0.970938 -0
    outer loop
      vertex -0.198885 14.362 -1
      vertex -0.585097 14.4572 3.2
      vertex -0.198885 14.362 3.2
    endloop
  endfacet
  facet normal 0.239333 0.970938 0
    outer loop
      vertex -0.585097 14.4572 3.2
      vertex -0.198885 14.362 -1
      vertex -0.585097 14.4572 -1
    endloop
  endfacet
  facet normal -0.239333 0.970938 0
    outer loop
      vertex 0.585097 14.4572 -1
      vertex 0.198885 14.362 3.2
      vertex 0.585097 14.4572 3.2
    endloop
  endfacet
  facet normal -0.239333 0.970938 0
    outer loop
      vertex 0.198885 14.362 3.2
      vertex 0.585097 14.4572 -1
      vertex 0.198885 14.362 -1
    endloop
  endfacet
  facet normal 0.823017 0.568017 0
    outer loop
      vertex -1.23504 14.9058 3.2
      vertex -1.461 15.2332 -1
      vertex -1.461 15.2332 3.2
    endloop
  endfacet
  facet normal 0.823017 0.568017 0
    outer loop
      vertex -1.461 15.2332 -1
      vertex -1.23504 14.9058 3.2
      vertex -1.23504 14.9058 -1
    endloop
  endfacet
  facet normal 0 1 -0
    outer loop
      vertex 0.198885 14.362 -1
      vertex -0.198885 14.362 3.2
      vertex 0.198885 14.362 3.2
    endloop
  endfacet
  facet normal 0 1 0
    outer loop
      vertex -0.198885 14.362 3.2
      vertex 0.198885 14.362 -1
      vertex -0.198885 14.362 -1
    endloop
  endfacet
  facet normal -0.471549 0.88184 0
    outer loop
      vertex 9.71114 -10.2629 -19
      vertex 9.36536 -10.4478 3.18
      vertex 9.71114 -10.2629 3.18
    endloop
  endfacet
  facet normal -0.471549 0.88184 0
    outer loop
      vertex 9.36536 -10.4478 3.18
      vertex 9.71114 -10.2629 -19
      vertex 9.36536 -10.4478 -19
    endloop
  endfacet
  facet normal -0.290255 0.956949 0
    outer loop
      vertex 9.36536 -10.4478 -19
      vertex 8.99017 -10.5616 3.18
      vertex 9.36536 -10.4478 3.18
    endloop
  endfacet
  facet normal -0.290255 0.956949 0
    outer loop
      vertex 8.99017 -10.5616 3.18
      vertex 9.36536 -10.4478 -19
      vertex 8.99017 -10.5616 -19
    endloop
  endfacet
  facet normal 1 -0 0
    outer loop
      vertex -10.6 -8.59999 3.18
      vertex -10.6 8.59999 -19
      vertex -10.6 8.59999 3.18
    endloop
  endfacet
  facet normal 1 0 0
    outer loop
      vertex -10.6 8.59999 -19
      vertex -10.6 -8.59999 3.18
      vertex -10.6 -8.59999 -19
    endloop
  endfacet
  facet normal -0.0979429 0.995192 0
    outer loop
      vertex 8.99017 -10.5616 -19
      vertex 8.59999 -10.6 3.18
      vertex 8.99017 -10.5616 3.18
    endloop
  endfacet
  facet normal -0.0979429 0.995192 0
    outer loop
      vertex 8.59999 -10.6 3.18
      vertex 8.99017 -10.5616 -19
      vertex 8.59999 -10.6 -19
    endloop
  endfacet
  facet normal -0.634371 -0.773029 0
    outer loop
      vertex 9.71114 10.2629 -19
      vertex 10.0142 10.0142 3.18
      vertex 9.71114 10.2629 3.18
    endloop
  endfacet
  facet normal -0.634371 -0.773029 -0
    outer loop
      vertex 10.0142 10.0142 3.18
      vertex 9.71114 10.2629 -19
      vertex 10.0142 10.0142 -19
    endloop
  endfacet
  facet normal 0 1 -0
    outer loop
      vertex 8.59999 -10.6 -19
      vertex -8.59999 -10.6 3.18
      vertex 8.59999 -10.6 3.18
    endloop
  endfacet
  facet normal 0 1 0
    outer loop
      vertex -8.59999 -10.6 3.18
      vertex 8.59999 -10.6 -19
      vertex -8.59999 -10.6 -19
    endloop
  endfacet
  facet normal 0.0979429 -0.995192 0
    outer loop
      vertex -8.99017 10.5616 -19
      vertex -8.59999 10.6 3.18
      vertex -8.99017 10.5616 3.18
    endloop
  endfacet
  facet normal 0.0979429 -0.995192 0
    outer loop
      vertex -8.59999 10.6 3.18
      vertex -8.99017 10.5616 -19
      vertex -8.59999 10.6 -19
    endloop
  endfacet
  facet normal -1 0 0
    outer loop
      vertex 10.6 -8.59999 -19
      vertex 10.6 8.59999 3.18
      vertex 10.6 8.59999 -19
    endloop
  endfacet
  facet normal -1 -0 0
    outer loop
      vertex 10.6 8.59999 3.18
      vertex 10.6 -8.59999 -19
      vertex 10.6 -8.59999 3.18
    endloop
  endfacet
  facet normal -0.995192 -0.0979429 0
    outer loop
      vertex 10.6 8.59999 -19
      vertex 10.5616 8.99017 3.18
      vertex 10.5616 8.99017 -19
    endloop
  endfacet
  facet normal -0.995192 -0.0979429 0
    outer loop
      vertex 10.5616 8.99017 3.18
      vertex 10.6 8.59999 -19
      vertex 10.6 8.59999 3.18
    endloop
  endfacet
  facet normal 0.634371 -0.773029 0
    outer loop
      vertex -10.0142 10.0142 -19
      vertex -9.71114 10.2629 3.18
      vertex -10.0142 10.0142 3.18
    endloop
  endfacet
  facet normal 0.634371 -0.773029 0
    outer loop
      vertex -9.71114 10.2629 3.18
      vertex -10.0142 10.0142 -19
      vertex -9.71114 10.2629 -19
    endloop
  endfacet
  facet normal 0.773029 -0.634371 0
    outer loop
      vertex -10.2629 9.71114 3.18
      vertex -10.0142 10.0142 -19
      vertex -10.0142 10.0142 3.18
    endloop
  endfacet
  facet normal 0.773029 -0.634371 0
    outer loop
      vertex -10.0142 10.0142 -19
      vertex -10.2629 9.71114 3.18
      vertex -10.2629 9.71114 -19
    endloop
  endfacet
  facet normal 0.773029 0.634371 0
    outer loop
      vertex -10.0142 -10.0142 3.18
      vertex -10.2629 -9.71114 -19
      vertex -10.2629 -9.71114 3.18
    endloop
  endfacet
  facet normal 0.773029 0.634371 0
    outer loop
      vertex -10.2629 -9.71114 -19
      vertex -10.0142 -10.0142 3.18
      vertex -10.0142 -10.0142 -19
    endloop
  endfacet
  facet normal 0.634371 0.773029 -0
    outer loop
      vertex -9.71114 -10.2629 -19
      vertex -10.0142 -10.0142 3.18
      vertex -9.71114 -10.2629 3.18
    endloop
  endfacet
  facet normal 0.634371 0.773029 0
    outer loop
      vertex -10.0142 -10.0142 3.18
      vertex -9.71114 -10.2629 -19
      vertex -10.0142 -10.0142 -19
    endloop
  endfacet
  facet normal 0.471549 0.88184 -0
    outer loop
      vertex -9.36536 -10.4478 -19
      vertex -9.71114 -10.2629 3.18
      vertex -9.36536 -10.4478 3.18
    endloop
  endfacet
  facet normal 0.471549 0.88184 0
    outer loop
      vertex -9.71114 -10.2629 3.18
      vertex -9.36536 -10.4478 -19
      vertex -9.71114 -10.2629 -19
    endloop
  endfacet
  facet normal 0.290255 0.956949 -0
    outer loop
      vertex -8.99017 -10.5616 -19
      vertex -9.36536 -10.4478 3.18
      vertex -8.99017 -10.5616 3.18
    endloop
  endfacet
  facet normal 0.290255 0.956949 0
    outer loop
      vertex -9.36536 -10.4478 3.18
      vertex -8.99017 -10.5616 -19
      vertex -9.36536 -10.4478 -19
    endloop
  endfacet
  facet normal 0.290255 -0.956949 0
    outer loop
      vertex -9.36536 10.4478 -19
      vertex -8.99017 10.5616 3.18
      vertex -9.36536 10.4478 3.18
    endloop
  endfacet
  facet normal 0.290255 -0.956949 0
    outer loop
      vertex -8.99017 10.5616 3.18
      vertex -9.36536 10.4478 -19
      vertex -8.99017 10.5616 -19
    endloop
  endfacet
  facet normal -0.471549 -0.88184 0
    outer loop
      vertex 9.36536 10.4478 -19
      vertex 9.71114 10.2629 3.18
      vertex 9.36536 10.4478 3.18
    endloop
  endfacet
  facet normal -0.471549 -0.88184 -0
    outer loop
      vertex 9.71114 10.2629 3.18
      vertex 9.36536 10.4478 -19
      vertex 9.71114 10.2629 -19
    endloop
  endfacet
  facet normal -0.0979429 -0.995192 0
    outer loop
      vertex 8.59999 10.6 -19
      vertex 8.99017 10.5616 3.18
      vertex 8.59999 10.6 3.18
    endloop
  endfacet
  facet normal -0.0979429 -0.995192 -0
    outer loop
      vertex 8.99017 10.5616 3.18
      vertex 8.59999 10.6 -19
      vertex 8.99017 10.5616 -19
    endloop
  endfacet
  facet normal -0.290255 -0.956949 0
    outer loop
      vertex 8.99017 10.5616 -19
      vertex 9.36536 10.4478 3.18
      vertex 8.99017 10.5616 3.18
    endloop
  endfacet
  facet normal -0.290255 -0.956949 -0
    outer loop
      vertex 9.36536 10.4478 3.18
      vertex 8.99017 10.5616 -19
      vertex 9.36536 10.4478 -19
    endloop
  endfacet
  facet normal 0 -1 0
    outer loop
      vertex -8.59999 10.6 -19
      vertex 8.59999 10.6 3.18
      vertex -8.59999 10.6 3.18
    endloop
  endfacet
  facet normal 0 -1 -0
    outer loop
      vertex 8.59999 10.6 3.18
      vertex -8.59999 10.6 -19
      vertex 8.59999 10.6 -19
    endloop
  endfacet
  facet normal -0.88184 0.471549 0
    outer loop
      vertex 10.2629 -9.71114 -19
      vertex 10.4478 -9.36536 3.18
      vertex 10.4478 -9.36536 -19
    endloop
  endfacet
  facet normal -0.88184 0.471549 0
    outer loop
      vertex 10.4478 -9.36536 3.18
      vertex 10.2629 -9.71114 -19
      vertex 10.2629 -9.71114 3.18
    endloop
  endfacet
  facet normal -0.956949 0.290255 0
    outer loop
      vertex 10.4478 -9.36536 -19
      vertex 10.5616 -8.99017 3.18
      vertex 10.5616 -8.99017 -19
    endloop
  endfacet
  facet normal -0.956949 0.290255 0
    outer loop
      vertex 10.5616 -8.99017 3.18
      vertex 10.4478 -9.36536 -19
      vertex 10.4478 -9.36536 3.18
    endloop
  endfacet
  facet normal -0.634371 0.773029 0
    outer loop
      vertex 10.0142 -10.0142 -19
      vertex 9.71114 -10.2629 3.18
      vertex 10.0142 -10.0142 3.18
    endloop
  endfacet
  facet normal -0.634371 0.773029 0
    outer loop
      vertex 9.71114 -10.2629 3.18
      vertex 10.0142 -10.0142 -19
      vertex 9.71114 -10.2629 -19
    endloop
  endfacet
  facet normal 0.88184 -0.471549 0
    outer loop
      vertex -10.4478 9.36536 3.18
      vertex -10.2629 9.71114 -19
      vertex -10.2629 9.71114 3.18
    endloop
  endfacet
  facet normal 0.88184 -0.471549 0
    outer loop
      vertex -10.2629 9.71114 -19
      vertex -10.4478 9.36536 3.18
      vertex -10.4478 9.36536 -19
    endloop
  endfacet
  facet normal 0.956949 0.290255 0
    outer loop
      vertex -10.4478 -9.36536 3.18
      vertex -10.5616 -8.99017 -19
      vertex -10.5616 -8.99017 3.18
    endloop
  endfacet
  facet normal 0.956949 0.290255 0
    outer loop
      vertex -10.5616 -8.99017 -19
      vertex -10.4478 -9.36536 3.18
      vertex -10.4478 -9.36536 -19
    endloop
  endfacet
  facet normal 0.995192 0.0979429 0
    outer loop
      vertex -10.5616 -8.99017 3.18
      vertex -10.6 -8.59999 -19
      vertex -10.6 -8.59999 3.18
    endloop
  endfacet
  facet normal 0.995192 0.0979429 0
    outer loop
      vertex -10.6 -8.59999 -19
      vertex -10.5616 -8.99017 3.18
      vertex -10.5616 -8.99017 -19
    endloop
  endfacet
  facet normal 0.88184 0.471549 0
    outer loop
      vertex -10.2629 -9.71114 3.18
      vertex -10.4478 -9.36536 -19
      vertex -10.4478 -9.36536 3.18
    endloop
  endfacet
  facet normal 0.88184 0.471549 0
    outer loop
      vertex -10.4478 -9.36536 -19
      vertex -10.2629 -9.71114 3.18
      vertex -10.2629 -9.71114 -19
    endloop
  endfacet
  facet normal 0.0979429 0.995192 -0
    outer loop
      vertex -8.59999 -10.6 -19
      vertex -8.99017 -10.5616 3.18
      vertex -8.59999 -10.6 3.18
    endloop
  endfacet
  facet normal 0.0979429 0.995192 0
    outer loop
      vertex -8.99017 -10.5616 3.18
      vertex -8.59999 -10.6 -19
      vertex -8.99017 -10.5616 -19
    endloop
  endfacet
  facet normal -0.995192 0.0979429 0
    outer loop
      vertex 10.5616 -8.99017 -19
      vertex 10.6 -8.59999 3.18
      vertex 10.6 -8.59999 -19
    endloop
  endfacet
  facet normal -0.995192 0.0979429 0
    outer loop
      vertex 10.6 -8.59999 3.18
      vertex 10.5616 -8.99017 -19
      vertex 10.5616 -8.99017 3.18
    endloop
  endfacet
  facet normal -0.773029 0.634371 0
    outer loop
      vertex 10.0142 -10.0142 -19
      vertex 10.2629 -9.71114 3.18
      vertex 10.2629 -9.71114 -19
    endloop
  endfacet
  facet normal -0.773029 0.634371 0
    outer loop
      vertex 10.2629 -9.71114 3.18
      vertex 10.0142 -10.0142 -19
      vertex 10.0142 -10.0142 3.18
    endloop
  endfacet
  facet normal -0.956949 -0.290255 0
    outer loop
      vertex 10.5616 8.99017 -19
      vertex 10.4478 9.36536 3.18
      vertex 10.4478 9.36536 -19
    endloop
  endfacet
  facet normal -0.956949 -0.290255 0
    outer loop
      vertex 10.4478 9.36536 3.18
      vertex 10.5616 8.99017 -19
      vertex 10.5616 8.99017 3.18
    endloop
  endfacet
  facet normal -0.773029 -0.634371 0
    outer loop
      vertex 10.2629 9.71114 -19
      vertex 10.0142 10.0142 3.18
      vertex 10.0142 10.0142 -19
    endloop
  endfacet
  facet normal -0.773029 -0.634371 0
    outer loop
      vertex 10.0142 10.0142 3.18
      vertex 10.2629 9.71114 -19
      vertex 10.2629 9.71114 3.18
    endloop
  endfacet
  facet normal 0.995192 -0.0979429 0
    outer loop
      vertex -10.6 8.59999 3.18
      vertex -10.5616 8.99017 -19
      vertex -10.5616 8.99017 3.18
    endloop
  endfacet
  facet normal 0.995192 -0.0979429 0
    outer loop
      vertex -10.5616 8.99017 -19
      vertex -10.6 8.59999 3.18
      vertex -10.6 8.59999 -19
    endloop
  endfacet
  facet normal 0.956949 -0.290255 0
    outer loop
      vertex -10.5616 8.99017 3.18
      vertex -10.4478 9.36536 -19
      vertex -10.4478 9.36536 3.18
    endloop
  endfacet
  facet normal 0.956949 -0.290255 0
    outer loop
      vertex -10.4478 9.36536 -19
      vertex -10.5616 8.99017 3.18
      vertex -10.5616 8.99017 -19
    endloop
  endfacet
  facet normal 0.471549 -0.88184 0
    outer loop
      vertex -9.71114 10.2629 -19
      vertex -9.36536 10.4478 3.18
      vertex -9.71114 10.2629 3.18
    endloop
  endfacet
  facet normal 0.471549 -0.88184 0
    outer loop
      vertex -9.36536 10.4478 3.18
      vertex -9.71114 10.2629 -19
      vertex -9.36536 10.4478 -19
    endloop
  endfacet
  facet normal -0.88184 -0.471549 0
    outer loop
      vertex 10.4478 9.36536 -19
      vertex 10.2629 9.71114 3.18
      vertex 10.2629 9.71114 -19
    endloop
  endfacet
  facet normal -0.88184 -0.471549 0
    outer loop
      vertex 10.2629 9.71114 3.18
      vertex 10.4478 9.36536 -19
      vertex 10.4478 9.36536 3.18
    endloop
  endfacet
  facet normal 0 0.959144 0.282917
    outer loop
      vertex 9.71114 -10.2629 3.18
      vertex 36.0425 -40.2081 104.7
      vertex 36.0426 -40.2081 104.7
    endloop
  endfacet
  facet normal -0.440441 0.823665 0.357193
    outer loop
      vertex 36.0425 -40.2081 104.7
      vertex 9.71114 -10.2629 3.18
      vertex 9.36536 -10.4478 3.18
    endloop
  endfacet
  facet normal -0.440314 0.823738 0.357182
    outer loop
      vertex 36.0426 -40.2081 104.7
      vertex 37.3733 -39.4968 104.7
      vertex 9.71114 -10.2629 3.18
    endloop
  endfacet
  facet normal -0.967165 0 0.254149
    outer loop
      vertex 9.36536 -10.4478 3.18
      vertex 36.0425 -40.2082 104.7
      vertex 36.0425 -40.2081 104.7
    endloop
  endfacet
  facet normal -0.273375 0.901297 0.33605
    outer loop
      vertex 36.0425 -40.2082 104.7
      vertex 9.36536 -10.4478 3.18
      vertex 8.99017 -10.5616 3.18
    endloop
  endfacet
  facet normal 0 0.958504 0.285078
    outer loop
      vertex 8.59999 -10.6 3.18
      vertex -33.097 -40.794 104.7
      vertex 33.097 -40.794 104.7
    endloop
  endfacet
  facet normal 0 0.958504 0.285078
    outer loop
      vertex -33.097 -40.794 104.7
      vertex 8.59999 -10.6 3.18
      vertex -8.59999 -10.6 3.18
    endloop
  endfacet
  facet normal 0 -0.958504 0.285078
    outer loop
      vertex -8.59999 10.6 3.18
      vertex 33.097 40.794 104.7
      vertex -33.097 40.794 104.7
    endloop
  endfacet
  facet normal 0 -0.958504 0.285078
    outer loop
      vertex 33.097 40.794 104.7
      vertex -8.59999 10.6 3.18
      vertex 8.59999 10.6 3.18
    endloop
  endfacet
  facet normal 0.093367 0.947937 0.304464
    outer loop
      vertex -33.097 -40.794 104.7
      vertex -8.59999 -10.6 3.18
      vertex -34.5986 -40.6461 104.7
    endloop
  endfacet
  facet normal -0.962718 0 0.270507
    outer loop
      vertex 10.0142 -10.0142 3.18
      vertex 38.5396 -38.5397 104.7
      vertex 38.5396 -38.5396 104.7
    endloop
  endfacet
  facet normal -0.589918 0.71886 0.367745
    outer loop
      vertex 38.5396 -38.5397 104.7
      vertex 10.0142 -10.0142 3.18
      vertex 9.71114 -10.2629 3.18
    endloop
  endfacet
  facet normal 0.947949 0.0932934 0.304449
    outer loop
      vertex -40.6461 -34.5986 104.7
      vertex -10.5616 -8.99017 3.18
      vertex -10.6 -8.59999 3.18
    endloop
  endfacet
  facet normal -0.71886 -0.589918 0.367745
    outer loop
      vertex 39.4968 37.3733 104.7
      vertex 38.5397 38.5396 104.7
      vertex 10.2629 9.71114 3.18
    endloop
  endfacet
  facet normal -0.959144 0 0.282917
    outer loop
      vertex 10.2629 9.71114 3.18
      vertex 40.2081 36.0425 104.7
      vertex 40.2081 36.0426 104.7
    endloop
  endfacet
  facet normal -0.823665 -0.440441 0.357193
    outer loop
      vertex 40.2081 36.0425 104.7
      vertex 10.2629 9.71114 3.18
      vertex 10.4478 9.36536 3.18
    endloop
  endfacet
  facet normal 0.71886 -0.589918 0.367745
    outer loop
      vertex -10.2629 9.71114 3.18
      vertex -38.5397 38.5396 104.7
      vertex -39.4968 37.3733 104.7
    endloop
  endfacet
  facet normal -0.093367 -0.947937 0.304464
    outer loop
      vertex 34.5986 40.6461 104.7
      vertex 33.097 40.794 104.7
      vertex 8.59999 10.6 3.18
    endloop
  endfacet
  facet normal -0.958504 0 0.285078
    outer loop
      vertex 10.6 -8.59999 3.18
      vertex 40.794 33.097 104.7
      vertex 10.6 8.59999 3.18
    endloop
  endfacet
  facet normal -0.958504 0 0.285078
    outer loop
      vertex 40.794 33.097 104.7
      vertex 10.6 -8.59999 3.18
      vertex 40.794 -33.097 104.7
    endloop
  endfacet
  facet normal -0.273345 0.901308 0.336045
    outer loop
      vertex 34.5986 -40.6461 104.7
      vertex 36.0425 -40.2082 104.7
      vertex 8.99017 -10.5616 3.18
    endloop
  endfacet
  facet normal -0.589918 0.71886 0.367745
    outer loop
      vertex 37.3733 -39.4968 104.7
      vertex 38.5396 -38.5397 104.7
      vertex 9.71114 -10.2629 3.18
    endloop
  endfacet
  facet normal 0.0932934 0.947949 0.304449
    outer loop
      vertex -8.99017 -10.5616 3.18
      vertex -34.5986 -40.6461 104.7
      vertex -8.59999 -10.6 3.18
    endloop
  endfacet
  facet normal -0.0932934 0.947949 0.304449
    outer loop
      vertex 34.5986 -40.6461 104.7
      vertex 8.99017 -10.5616 3.18
      vertex 8.59999 -10.6 3.18
    endloop
  endfacet
  facet normal -0.093367 0.947937 0.304464
    outer loop
      vertex 33.097 -40.794 104.7
      vertex 34.5986 -40.6461 104.7
      vertex 8.59999 -10.6 3.18
    endloop
  endfacet
  facet normal 0 -0.959144 0.282917
    outer loop
      vertex -9.71114 10.2629 3.18
      vertex -36.0425 40.2081 104.7
      vertex -36.0426 40.2081 104.7
    endloop
  endfacet
  facet normal 0.440441 -0.823665 0.357193
    outer loop
      vertex -36.0425 40.2081 104.7
      vertex -9.71114 10.2629 3.18
      vertex -9.36536 10.4478 3.18
    endloop
  endfacet
  facet normal 0.823738 -0.440314 0.357182
    outer loop
      vertex -10.2629 9.71114 3.18
      vertex -39.4968 37.3733 104.7
      vertex -40.2081 36.0426 104.7
    endloop
  endfacet
  facet normal 0.958504 0 0.285078
    outer loop
      vertex -40.794 33.097 104.7
      vertex -10.6 -8.59999 3.18
      vertex -10.6 8.59999 3.18
    endloop
  endfacet
  facet normal 0.958504 0 0.285078
    outer loop
      vertex -10.6 -8.59999 3.18
      vertex -40.794 33.097 104.7
      vertex -40.794 -33.097 104.7
    endloop
  endfacet
  facet normal 0.0932934 -0.947949 0.304449
    outer loop
      vertex -34.5986 40.6461 104.7
      vertex -8.99017 10.5616 3.18
      vertex -8.59999 10.6 3.18
    endloop
  endfacet
  facet normal 0.093367 -0.947937 0.304464
    outer loop
      vertex -8.59999 10.6 3.18
      vertex -33.097 40.794 104.7
      vertex -34.5986 40.6461 104.7
    endloop
  endfacet
  facet normal -0.947937 -0.093367 0.304464
    outer loop
      vertex 40.794 33.097 104.7
      vertex 40.6461 34.5986 104.7
      vertex 10.6 8.59999 3.18
    endloop
  endfacet
  facet normal -0.947937 0.093367 0.304464
    outer loop
      vertex 40.6461 -34.5986 104.7
      vertex 40.794 -33.097 104.7
      vertex 10.6 -8.59999 3.18
    endloop
  endfacet
  facet normal -0.901297 0.273375 0.33605
    outer loop
      vertex 10.4478 -9.36536 3.18
      vertex 40.2082 -36.0425 104.7
      vertex 10.5616 -8.99017 3.18
    endloop
  endfacet
  facet normal 0 0.967165 0.254149
    outer loop
      vertex 40.2082 -36.0425 104.7
      vertex 10.4478 -9.36536 3.18
      vertex 40.2081 -36.0425 104.7
    endloop
  endfacet
  facet normal 0.273345 0.901308 0.336045
    outer loop
      vertex -34.5986 -40.6461 104.7
      vertex -8.99017 -10.5616 3.18
      vertex -36.0425 -40.2082 104.7
    endloop
  endfacet
  facet normal 0.440314 0.823738 0.357182
    outer loop
      vertex -36.0426 -40.2081 104.7
      vertex -9.71114 -10.2629 3.18
      vertex -37.3733 -39.4968 104.7
    endloop
  endfacet
  facet normal 0.589918 0.71886 0.367745
    outer loop
      vertex -10.0142 -10.0142 3.18
      vertex -38.5396 -38.5397 104.7
      vertex -9.71114 -10.2629 3.18
    endloop
  endfacet
  facet normal 0.962718 -0 0.270507
    outer loop
      vertex -38.5396 -38.5397 104.7
      vertex -10.0142 -10.0142 3.18
      vertex -38.5396 -38.5396 104.7
    endloop
  endfacet
  facet normal 0.589918 0.71886 0.367745
    outer loop
      vertex -37.3733 -39.4968 104.7
      vertex -9.71114 -10.2629 3.18
      vertex -38.5396 -38.5397 104.7
    endloop
  endfacet
  facet normal 0.589918 -0.71886 0.367745
    outer loop
      vertex -9.71114 10.2629 3.18
      vertex -37.3733 39.4968 104.7
      vertex -38.5396 38.5397 104.7
    endloop
  endfacet
  facet normal 0.440314 -0.823738 0.357182
    outer loop
      vertex -9.71114 10.2629 3.18
      vertex -36.0426 40.2081 104.7
      vertex -37.3733 39.4968 104.7
    endloop
  endfacet
  facet normal 0.959144 -0 0.282917
    outer loop
      vertex -40.2081 36.0425 104.7
      vertex -10.2629 9.71114 3.18
      vertex -40.2081 36.0426 104.7
    endloop
  endfacet
  facet normal 0.823665 -0.440441 0.357193
    outer loop
      vertex -10.2629 9.71114 3.18
      vertex -40.2081 36.0425 104.7
      vertex -10.4478 9.36536 3.18
    endloop
  endfacet
  facet normal 0.947937 -0.093367 0.304464
    outer loop
      vertex -10.6 8.59999 3.18
      vertex -40.6461 34.5986 104.7
      vertex -40.794 33.097 104.7
    endloop
  endfacet
  facet normal 0.71886 0.589918 0.367745
    outer loop
      vertex -38.5397 -38.5396 104.7
      vertex -10.0142 -10.0142 3.18
      vertex -10.2629 -9.71114 3.18
    endloop
  endfacet
  facet normal 0 0.962718 0.270507
    outer loop
      vertex -10.0142 -10.0142 3.18
      vertex -38.5397 -38.5396 104.7
      vertex -38.5396 -38.5396 104.7
    endloop
  endfacet
  facet normal 0.901297 0.273375 0.33605
    outer loop
      vertex -40.2082 -36.0425 104.7
      vertex -10.4478 -9.36536 3.18
      vertex -10.5616 -8.99017 3.18
    endloop
  endfacet
  facet normal 0 0.967165 0.254149
    outer loop
      vertex -10.4478 -9.36536 3.18
      vertex -40.2082 -36.0425 104.7
      vertex -40.2081 -36.0425 104.7
    endloop
  endfacet
  facet normal 0.901308 0.273345 0.336045
    outer loop
      vertex -40.2082 -36.0425 104.7
      vertex -10.5616 -8.99017 3.18
      vertex -40.6461 -34.5986 104.7
    endloop
  endfacet
  facet normal 0.967165 0 0.254149
    outer loop
      vertex -9.36536 10.4478 3.18
      vertex -36.0425 40.2082 104.7
      vertex -36.0425 40.2081 104.7
    endloop
  endfacet
  facet normal 0.273375 -0.901297 0.33605
    outer loop
      vertex -36.0425 40.2082 104.7
      vertex -9.36536 10.4478 3.18
      vertex -8.99017 10.5616 3.18
    endloop
  endfacet
  facet normal 0.273345 -0.901308 0.336045
    outer loop
      vertex -8.99017 10.5616 3.18
      vertex -34.5986 40.6461 104.7
      vertex -36.0425 40.2082 104.7
    endloop
  endfacet
  facet normal -0.440314 -0.823738 0.357182
    outer loop
      vertex 37.3733 39.4968 104.7
      vertex 36.0426 40.2081 104.7
      vertex 9.71114 10.2629 3.18
    endloop
  endfacet
  facet normal -0.0932934 -0.947949 0.304449
    outer loop
      vertex 8.99017 10.5616 3.18
      vertex 34.5986 40.6461 104.7
      vertex 8.59999 10.6 3.18
    endloop
  endfacet
  facet normal -0.273345 -0.901308 0.336045
    outer loop
      vertex 36.0425 40.2082 104.7
      vertex 34.5986 40.6461 104.7
      vertex 8.99017 10.5616 3.18
    endloop
  endfacet
  facet normal -0.823738 -0.440314 0.357182
    outer loop
      vertex 40.2081 36.0426 104.7
      vertex 39.4968 37.3733 104.7
      vertex 10.2629 9.71114 3.18
    endloop
  endfacet
  facet normal -0.901308 -0.273345 0.336045
    outer loop
      vertex 40.6461 34.5986 104.7
      vertex 40.2082 36.0425 104.7
      vertex 10.5616 8.99017 3.18
    endloop
  endfacet
  facet normal -0.947949 -0.0932934 0.304449
    outer loop
      vertex 40.6461 34.5986 104.7
      vertex 10.5616 8.99017 3.18
      vertex 10.6 8.59999 3.18
    endloop
  endfacet
  facet normal -0.823738 0.440314 0.357182
    outer loop
      vertex 39.4968 -37.3733 104.7
      vertex 40.2081 -36.0426 104.7
      vertex 10.2629 -9.71114 3.18
    endloop
  endfacet
  facet normal -0.71886 0.589918 0.367745
    outer loop
      vertex 38.5397 -38.5396 104.7
      vertex 39.4968 -37.3733 104.7
      vertex 10.2629 -9.71114 3.18
    endloop
  endfacet
  facet normal -0.947949 0.0932934 0.304449
    outer loop
      vertex 10.5616 -8.99017 3.18
      vertex 40.6461 -34.5986 104.7
      vertex 10.6 -8.59999 3.18
    endloop
  endfacet
  facet normal -0.901308 0.273345 0.336045
    outer loop
      vertex 40.2082 -36.0425 104.7
      vertex 40.6461 -34.5986 104.7
      vertex 10.5616 -8.99017 3.18
    endloop
  endfacet
  facet normal 0.440441 0.823665 0.357193
    outer loop
      vertex -9.71114 -10.2629 3.18
      vertex -36.0425 -40.2081 104.7
      vertex -9.36536 -10.4478 3.18
    endloop
  endfacet
  facet normal 0 0.959144 0.282917
    outer loop
      vertex -36.0425 -40.2081 104.7
      vertex -9.71114 -10.2629 3.18
      vertex -36.0426 -40.2081 104.7
    endloop
  endfacet
  facet normal 0.273375 0.901297 0.33605
    outer loop
      vertex -9.36536 -10.4478 3.18
      vertex -36.0425 -40.2082 104.7
      vertex -8.99017 -10.5616 3.18
    endloop
  endfacet
  facet normal 0.967165 -0 0.254149
    outer loop
      vertex -36.0425 -40.2082 104.7
      vertex -9.36536 -10.4478 3.18
      vertex -36.0425 -40.2081 104.7
    endloop
  endfacet
  facet normal 0.962718 0 0.270507
    outer loop
      vertex -10.0142 10.0142 3.18
      vertex -38.5396 38.5397 104.7
      vertex -38.5396 38.5396 104.7
    endloop
  endfacet
  facet normal 0.589918 -0.71886 0.367745
    outer loop
      vertex -38.5396 38.5397 104.7
      vertex -10.0142 10.0142 3.18
      vertex -9.71114 10.2629 3.18
    endloop
  endfacet
  facet normal 0.947949 -0.0932934 0.304449
    outer loop
      vertex -10.5616 8.99017 3.18
      vertex -40.6461 34.5986 104.7
      vertex -10.6 8.59999 3.18
    endloop
  endfacet
  facet normal 0.71886 0.589918 0.367745
    outer loop
      vertex -38.5397 -38.5396 104.7
      vertex -10.2629 -9.71114 3.18
      vertex -39.4968 -37.3733 104.7
    endloop
  endfacet
  facet normal 0.823738 0.440314 0.357182
    outer loop
      vertex -39.4968 -37.3733 104.7
      vertex -10.2629 -9.71114 3.18
      vertex -40.2081 -36.0426 104.7
    endloop
  endfacet
  facet normal 0.823665 0.440441 0.357193
    outer loop
      vertex -40.2081 -36.0425 104.7
      vertex -10.2629 -9.71114 3.18
      vertex -10.4478 -9.36536 3.18
    endloop
  endfacet
  facet normal 0.959144 0 0.282917
    outer loop
      vertex -10.2629 -9.71114 3.18
      vertex -40.2081 -36.0425 104.7
      vertex -40.2081 -36.0426 104.7
    endloop
  endfacet
  facet normal -0.440441 -0.823665 0.357193
    outer loop
      vertex 9.71114 10.2629 3.18
      vertex 36.0425 40.2081 104.7
      vertex 9.36536 10.4478 3.18
    endloop
  endfacet
  facet normal 0 -0.959144 0.282917
    outer loop
      vertex 36.0425 40.2081 104.7
      vertex 9.71114 10.2629 3.18
      vertex 36.0426 40.2081 104.7
    endloop
  endfacet
  facet normal -0.273375 -0.901297 0.33605
    outer loop
      vertex 9.36536 10.4478 3.18
      vertex 36.0425 40.2082 104.7
      vertex 8.99017 10.5616 3.18
    endloop
  endfacet
  facet normal -0.967165 0 0.254149
    outer loop
      vertex 36.0425 40.2082 104.7
      vertex 9.36536 10.4478 3.18
      vertex 36.0425 40.2081 104.7
    endloop
  endfacet
  facet normal 0 -0.967165 0.254149
    outer loop
      vertex 10.4478 9.36536 3.18
      vertex 40.2082 36.0425 104.7
      vertex 40.2081 36.0425 104.7
    endloop
  endfacet
  facet normal -0.901297 -0.273375 0.33605
    outer loop
      vertex 40.2082 36.0425 104.7
      vertex 10.4478 9.36536 3.18
      vertex 10.5616 8.99017 3.18
    endloop
  endfacet
  facet normal -0.823665 0.440441 0.357193
    outer loop
      vertex 10.2629 -9.71114 3.18
      vertex 40.2081 -36.0425 104.7
      vertex 10.4478 -9.36536 3.18
    endloop
  endfacet
  facet normal -0.959144 0 0.282917
    outer loop
      vertex 40.2081 -36.0425 104.7
      vertex 10.2629 -9.71114 3.18
      vertex 40.2081 -36.0426 104.7
    endloop
  endfacet
  facet normal 0 -0.962718 0.270507
    outer loop
      vertex -38.5397 38.5396 104.7
      vertex -10.0142 10.0142 3.18
      vertex -38.5396 38.5396 104.7
    endloop
  endfacet
  facet normal 0.71886 -0.589918 0.367745
    outer loop
      vertex -10.0142 10.0142 3.18
      vertex -38.5397 38.5396 104.7
      vertex -10.2629 9.71114 3.18
    endloop
  endfacet
  facet normal 0.901308 -0.273345 0.336045
    outer loop
      vertex -10.5616 8.99017 3.18
      vertex -40.2082 36.0425 104.7
      vertex -40.6461 34.5986 104.7
    endloop
  endfacet
  facet normal 0 -0.967165 0.254149
    outer loop
      vertex -40.2082 36.0425 104.7
      vertex -10.4478 9.36536 3.18
      vertex -40.2081 36.0425 104.7
    endloop
  endfacet
  facet normal 0.901297 -0.273375 0.33605
    outer loop
      vertex -10.4478 9.36536 3.18
      vertex -40.2082 36.0425 104.7
      vertex -10.5616 8.99017 3.18
    endloop
  endfacet
  facet normal 0.947937 0.093367 0.304464
    outer loop
      vertex -40.6461 -34.5986 104.7
      vertex -10.6 -8.59999 3.18
      vertex -40.794 -33.097 104.7
    endloop
  endfacet
  facet normal -0.589918 -0.71886 0.367745
    outer loop
      vertex 38.5396 38.5397 104.7
      vertex 37.3733 39.4968 104.7
      vertex 9.71114 10.2629 3.18
    endloop
  endfacet
  facet normal -0.71886 0.589918 0.367745
    outer loop
      vertex 10.0142 -10.0142 3.18
      vertex 38.5397 -38.5396 104.7
      vertex 10.2629 -9.71114 3.18
    endloop
  endfacet
  facet normal 0 0.962718 0.270507
    outer loop
      vertex 38.5397 -38.5396 104.7
      vertex 10.0142 -10.0142 3.18
      vertex 38.5396 -38.5396 104.7
    endloop
  endfacet
  facet normal -0.589918 -0.71886 0.367745
    outer loop
      vertex 10.0142 10.0142 3.18
      vertex 38.5396 38.5397 104.7
      vertex 9.71114 10.2629 3.18
    endloop
  endfacet
  facet normal -0.962718 0 0.270507
    outer loop
      vertex 38.5396 38.5397 104.7
      vertex 10.0142 10.0142 3.18
      vertex 38.5396 38.5396 104.7
    endloop
  endfacet
  facet normal 0 -0.962718 0.270507
    outer loop
      vertex 10.0142 10.0142 3.18
      vertex 38.5397 38.5396 104.7
      vertex 38.5396 38.5396 104.7
    endloop
  endfacet
  facet normal -0.71886 -0.589918 0.367745
    outer loop
      vertex 38.5397 38.5396 104.7
      vertex 10.0142 10.0142 3.18
      vertex 10.2629 9.71114 3.18
    endloop
  endfacet
endsolid OpenSCAD_Model
