solid OpenSCAD_Model
  facet normal 0.321574 -0.946885 0
    outer loop
      vertex 10.5764 -12.6978 -10
      vertex 10.948 -12.5716 0
      vertex 10.5764 -12.6978 0
    endloop
  endfacet
  facet normal 0.321574 -0.946885 0
    outer loop
      vertex 10.948 -12.5716 0
      vertex 10.5764 -12.6978 -10
      vertex 10.948 -12.5716 -10
    endloop
  endfacet
  facet normal 0.194989 -0.980806 0
    outer loop
      vertex 10.1916 -12.7743 -10
      vertex 10.5764 -12.6978 0
      vertex 10.1916 -12.7743 0
    endloop
  endfacet
  facet normal 0.194989 -0.980806 0
    outer loop
      vertex 10.5764 -12.6978 0
      vertex 10.1916 -12.7743 -10
      vertex 10.5764 -12.6978 -10
    endloop
  endfacet
  facet normal -0.997854 0.0654856 0
    outer loop
      vertex -12.8 9.79999 -10
      vertex -12.7743 10.1916 0
      vertex -12.7743 10.1916 -10
    endloop
  endfacet
  facet normal -0.997854 0.0654856 0
    outer loop
      vertex -12.7743 10.1916 0
      vertex -12.8 9.79999 -10
      vertex -12.8 9.79999 0
    endloop
  endfacet
  facet normal 0.0654856 -0.997854 0
    outer loop
      vertex 9.79999 -12.8 -10
      vertex 10.1916 -12.7743 0
      vertex 9.79999 -12.8 0
    endloop
  endfacet
  facet normal 0.0654856 -0.997854 0
    outer loop
      vertex 10.1916 -12.7743 0
      vertex 9.79999 -12.8 -10
      vertex 10.1916 -12.7743 -10
    endloop
  endfacet
  facet normal 0.751724 0.659478 0
    outer loop
      vertex 12.1801 11.6263 0
      vertex 11.9213 11.9213 -10
      vertex 11.9213 11.9213 0
    endloop
  endfacet
  facet normal 0.751724 0.659478 0
    outer loop
      vertex 11.9213 11.9213 -10
      vertex 12.1801 11.6263 0
      vertex 12.1801 11.6263 -10
    endloop
  endfacet
  facet normal 0 -1 0
    outer loop
      vertex -9.79999 -12.8 -10
      vertex 9.79999 -12.8 0
      vertex -9.79999 -12.8 0
    endloop
  endfacet
  facet normal 0 -1 -0
    outer loop
      vertex 9.79999 -12.8 0
      vertex -9.79999 -12.8 -10
      vertex 9.79999 -12.8 -10
    endloop
  endfacet
  facet normal -0.0654856 0.997854 0
    outer loop
      vertex -9.79999 12.8 -10
      vertex -10.1916 12.7743 0
      vertex -9.79999 12.8 0
    endloop
  endfacet
  facet normal -0.0654856 0.997854 0
    outer loop
      vertex -10.1916 12.7743 0
      vertex -9.79999 12.8 -10
      vertex -10.1916 12.7743 -10
    endloop
  endfacet
  facet normal 1 -0 0
    outer loop
      vertex 12.8 -9.79999 0
      vertex 12.8 9.79999 -10
      vertex 12.8 9.79999 0
    endloop
  endfacet
  facet normal 1 0 0
    outer loop
      vertex 12.8 9.79999 -10
      vertex 12.8 -9.79999 0
      vertex 12.8 -9.79999 -10
    endloop
  endfacet
  facet normal 0.997854 0.0654856 0
    outer loop
      vertex 12.8 9.79999 0
      vertex 12.7743 10.1916 -10
      vertex 12.7743 10.1916 0
    endloop
  endfacet
  facet normal 0.997854 0.0654856 0
    outer loop
      vertex 12.7743 10.1916 -10
      vertex 12.8 9.79999 0
      vertex 12.8 9.79999 -10
    endloop
  endfacet
  facet normal -0.659478 0.751724 0
    outer loop
      vertex -11.6263 12.1801 -10
      vertex -11.9213 11.9213 0
      vertex -11.6263 12.1801 0
    endloop
  endfacet
  facet normal -0.659478 0.751724 0
    outer loop
      vertex -11.9213 11.9213 0
      vertex -11.6263 12.1801 -10
      vertex -11.9213 11.9213 -10
    endloop
  endfacet
  facet normal -1 0 0
    outer loop
      vertex -12.8 -9.79999 -10
      vertex -12.8 9.79999 0
      vertex -12.8 9.79999 -10
    endloop
  endfacet
  facet normal -1 -0 0
    outer loop
      vertex -12.8 9.79999 0
      vertex -12.8 -9.79999 -10
      vertex -12.8 -9.79999 0
    endloop
  endfacet
  facet normal 0 0 -1
    outer loop
      vertex 10.4478 -9.36536 -10
      vertex 12.8 -9.79999 -10
      vertex 12.7743 -10.1916 -10
    endloop
  endfacet
  facet normal 0 0 -1
    outer loop
      vertex 12.8 -9.79999 -10
      vertex 10.6 -8.59999 -10
      vertex 12.8 9.79999 -10
    endloop
  endfacet
  facet normal 0 0 -1
    outer loop
      vertex 10.4478 -9.36536 -10
      vertex 12.7743 -10.1916 -10
      vertex 12.6978 -10.5764 -10
    endloop
  endfacet
  facet normal 0 0 -1
    outer loop
      vertex 10.6 8.59999 -10
      vertex 12.8 9.79999 -10
      vertex 10.6 -8.59999 -10
    endloop
  endfacet
  facet normal 0 0 -1
    outer loop
      vertex 10.2629 -9.71114 -10
      vertex 12.6978 -10.5764 -10
      vertex 12.5716 -10.948 -10
    endloop
  endfacet
  facet normal 0 0 -1
    outer loop
      vertex 10.5616 8.99017 -10
      vertex 12.8 9.79999 -10
      vertex 10.6 8.59999 -10
    endloop
  endfacet
  facet normal 0 0 -1
    outer loop
      vertex 10.2629 -9.71114 -10
      vertex 12.5716 -10.948 -10
      vertex 12.3981 -11.3 -10
    endloop
  endfacet
  facet normal 0 0 -1
    outer loop
      vertex 10.4478 9.36536 -10
      vertex 12.8 9.79999 -10
      vertex 10.5616 8.99017 -10
    endloop
  endfacet
  facet normal 0 0 -1
    outer loop
      vertex 10.2629 -9.71114 -10
      vertex 12.3981 -11.3 -10
      vertex 12.1801 -11.6263 -10
    endloop
  endfacet
  facet normal -0 0 -1
    outer loop
      vertex 12.8 9.79999 -10
      vertex 10.4478 9.36536 -10
      vertex 12.7743 10.1916 -10
    endloop
  endfacet
  facet normal 0 0 -1
    outer loop
      vertex 10.0142 -10.0142 -10
      vertex 12.1801 -11.6263 -10
      vertex 11.9213 -11.9213 -10
    endloop
  endfacet
  facet normal -0 0 -1
    outer loop
      vertex 12.7743 10.1916 -10
      vertex 10.4478 9.36536 -10
      vertex 12.6978 10.5764 -10
    endloop
  endfacet
  facet normal 0 0 -1
    outer loop
      vertex 10.0142 -10.0142 -10
      vertex 11.9213 -11.9213 -10
      vertex 11.6263 -12.1801 -10
    endloop
  endfacet
  facet normal 0 0 -1
    outer loop
      vertex 10.2629 9.71114 -10
      vertex 12.6978 10.5764 -10
      vertex 10.4478 9.36536 -10
    endloop
  endfacet
  facet normal 0 0 -1
    outer loop
      vertex 10.0142 -10.0142 -10
      vertex 11.6263 -12.1801 -10
      vertex 11.3 -12.3981 -10
    endloop
  endfacet
  facet normal -0 0 -1
    outer loop
      vertex 12.6978 10.5764 -10
      vertex 10.2629 9.71114 -10
      vertex 12.5716 10.948 -10
    endloop
  endfacet
  facet normal 0 0 -1
    outer loop
      vertex 9.71114 -10.2629 -10
      vertex 11.3 -12.3981 -10
      vertex 10.948 -12.5716 -10
    endloop
  endfacet
  facet normal -0 0 -1
    outer loop
      vertex 12.5716 10.948 -10
      vertex 10.2629 9.71114 -10
      vertex 12.3981 11.3 -10
    endloop
  endfacet
  facet normal -0 0 -1
    outer loop
      vertex 12.3981 11.3 -10
      vertex 10.2629 9.71114 -10
      vertex 12.1801 11.6263 -10
    endloop
  endfacet
  facet normal 0 0 -1
    outer loop
      vertex 9.71114 -10.2629 -10
      vertex 10.948 -12.5716 -10
      vertex 10.5764 -12.6978 -10
    endloop
  endfacet
  facet normal 0 0 -1
    outer loop
      vertex 12.8 -9.79999 -10
      vertex 10.5616 -8.99017 -10
      vertex 10.6 -8.59999 -10
    endloop
  endfacet
  facet normal 0 0 -1
    outer loop
      vertex 12.8 -9.79999 -10
      vertex 10.4478 -9.36536 -10
      vertex 10.5616 -8.99017 -10
    endloop
  endfacet
  facet normal 0 0 -1
    outer loop
      vertex 12.6978 -10.5764 -10
      vertex 10.2629 -9.71114 -10
      vertex 10.4478 -9.36536 -10
    endloop
  endfacet
  facet normal 0 0 -1
    outer loop
      vertex 9.71114 -10.2629 -10
      vertex 10.5764 -12.6978 -10
      vertex 10.1916 -12.7743 -10
    endloop
  endfacet
  facet normal 0 0 -1
    outer loop
      vertex 12.1801 -11.6263 -10
      vertex 10.0142 -10.0142 -10
      vertex 10.2629 -9.71114 -10
    endloop
  endfacet
  facet normal 0 0 -1
    outer loop
      vertex 9.36536 -10.4478 -10
      vertex 10.1916 -12.7743 -10
      vertex 9.79999 -12.8 -10
    endloop
  endfacet
  facet normal 0 0 -1
    outer loop
      vertex 11.3 -12.3981 -10
      vertex 9.71114 -10.2629 -10
      vertex 10.0142 -10.0142 -10
    endloop
  endfacet
  facet normal 0 0 -1
    outer loop
      vertex 10.1916 -12.7743 -10
      vertex 9.36536 -10.4478 -10
      vertex 9.71114 -10.2629 -10
    endloop
  endfacet
  facet normal 0 0 -1
    outer loop
      vertex 9.79999 -12.8 -10
      vertex 8.99017 -10.5616 -10
      vertex 9.36536 -10.4478 -10
    endloop
  endfacet
  facet normal 0 0 -1
    outer loop
      vertex 9.79999 -12.8 -10
      vertex 8.59999 -10.6 -10
      vertex 8.99017 -10.5616 -10
    endloop
  endfacet
  facet normal 0 0 -1
    outer loop
      vertex 9.79999 -12.8 -10
      vertex -8.59999 -10.6 -10
      vertex 8.59999 -10.6 -10
    endloop
  endfacet
  facet normal 0 0 -1
    outer loop
      vertex -9.79999 -12.8 -10
      vertex -8.59999 -10.6 -10
      vertex 9.79999 -12.8 -10
    endloop
  endfacet
  facet normal -0 0 -1
    outer loop
      vertex -8.59999 -10.6 -10
      vertex -9.79999 -12.8 -10
      vertex -8.99017 -10.5616 -10
    endloop
  endfacet
  facet normal 0 0 -1
    outer loop
      vertex -9.79999 -12.8 -10
      vertex -9.36536 -10.4478 -10
      vertex -8.99017 -10.5616 -10
    endloop
  endfacet
  facet normal 0 0 -1
    outer loop
      vertex -10.1916 -12.7743 -10
      vertex -9.36536 -10.4478 -10
      vertex -9.79999 -12.8 -10
    endloop
  endfacet
  facet normal -0 0 -1
    outer loop
      vertex -9.36536 -10.4478 -10
      vertex -10.1916 -12.7743 -10
      vertex -9.71114 -10.2629 -10
    endloop
  endfacet
  facet normal 0 0 -1
    outer loop
      vertex -10.5764 -12.6978 -10
      vertex -9.71114 -10.2629 -10
      vertex -10.1916 -12.7743 -10
    endloop
  endfacet
  facet normal 0 0 -1
    outer loop
      vertex -10.948 -12.5716 -10
      vertex -9.71114 -10.2629 -10
      vertex -10.5764 -12.6978 -10
    endloop
  endfacet
  facet normal 0 0 -1
    outer loop
      vertex -11.3 -12.3981 -10
      vertex -9.71114 -10.2629 -10
      vertex -10.948 -12.5716 -10
    endloop
  endfacet
  facet normal -0 0 -1
    outer loop
      vertex -9.71114 -10.2629 -10
      vertex -11.3 -12.3981 -10
      vertex -10.0142 -10.0142 -10
    endloop
  endfacet
  facet normal 0 0 -1
    outer loop
      vertex -11.6263 -12.1801 -10
      vertex -10.0142 -10.0142 -10
      vertex -11.3 -12.3981 -10
    endloop
  endfacet
  facet normal 0 0 -1
    outer loop
      vertex -11.9213 -11.9213 -10
      vertex -10.0142 -10.0142 -10
      vertex -11.6263 -12.1801 -10
    endloop
  endfacet
  facet normal -0 0 -1
    outer loop
      vertex -10.0142 -10.0142 -10
      vertex -12.1801 -11.6263 -10
      vertex -10.2629 -9.71114 -10
    endloop
  endfacet
  facet normal 0 0 -1
    outer loop
      vertex -12.1801 -11.6263 -10
      vertex -10.0142 -10.0142 -10
      vertex -11.9213 -11.9213 -10
    endloop
  endfacet
  facet normal 0 0 -1
    outer loop
      vertex 10.0142 10.0142 -10
      vertex 12.1801 11.6263 -10
      vertex 10.2629 9.71114 -10
    endloop
  endfacet
  facet normal -0 0 -1
    outer loop
      vertex 12.1801 11.6263 -10
      vertex 10.0142 10.0142 -10
      vertex 11.9213 11.9213 -10
    endloop
  endfacet
  facet normal -0 0 -1
    outer loop
      vertex 11.9213 11.9213 -10
      vertex 10.0142 10.0142 -10
      vertex 11.6263 12.1801 -10
    endloop
  endfacet
  facet normal -0 0 -1
    outer loop
      vertex 11.6263 12.1801 -10
      vertex 10.0142 10.0142 -10
      vertex 11.3 12.3981 -10
    endloop
  endfacet
  facet normal 0 0 -1
    outer loop
      vertex 9.71114 10.2629 -10
      vertex 11.3 12.3981 -10
      vertex 10.0142 10.0142 -10
    endloop
  endfacet
  facet normal -0 0 -1
    outer loop
      vertex 11.3 12.3981 -10
      vertex 9.71114 10.2629 -10
      vertex 10.948 12.5716 -10
    endloop
  endfacet
  facet normal -0 0 -1
    outer loop
      vertex 10.948 12.5716 -10
      vertex 9.71114 10.2629 -10
      vertex 10.5764 12.6978 -10
    endloop
  endfacet
  facet normal -0 0 -1
    outer loop
      vertex 10.5764 12.6978 -10
      vertex 9.71114 10.2629 -10
      vertex 10.1916 12.7743 -10
    endloop
  endfacet
  facet normal 0 0 -1
    outer loop
      vertex 9.36536 10.4478 -10
      vertex 10.1916 12.7743 -10
      vertex 9.71114 10.2629 -10
    endloop
  endfacet
  facet normal -0 0 -1
    outer loop
      vertex 10.1916 12.7743 -10
      vertex 9.36536 10.4478 -10
      vertex 9.79999 12.8 -10
    endloop
  endfacet
  facet normal 0 0 -1
    outer loop
      vertex 8.99017 10.5616 -10
      vertex 9.79999 12.8 -10
      vertex 9.36536 10.4478 -10
    endloop
  endfacet
  facet normal 0 0 -1
    outer loop
      vertex 8.59999 10.6 -10
      vertex 9.79999 12.8 -10
      vertex 8.99017 10.5616 -10
    endloop
  endfacet
  facet normal 0 0 -1
    outer loop
      vertex -8.59999 10.6 -10
      vertex 9.79999 12.8 -10
      vertex 8.59999 10.6 -10
    endloop
  endfacet
  facet normal 0 0 -1
    outer loop
      vertex -9.79999 12.8 -10
      vertex -8.59999 10.6 -10
      vertex -8.99017 10.5616 -10
    endloop
  endfacet
  facet normal 0 0 -1
    outer loop
      vertex -8.59999 10.6 -10
      vertex -9.79999 12.8 -10
      vertex 9.79999 12.8 -10
    endloop
  endfacet
  facet normal 0 0 -1
    outer loop
      vertex -9.36536 10.4478 -10
      vertex -9.79999 12.8 -10
      vertex -8.99017 10.5616 -10
    endloop
  endfacet
  facet normal 0 0 -1
    outer loop
      vertex -10.1916 12.7743 -10
      vertex -9.36536 10.4478 -10
      vertex -9.71114 10.2629 -10
    endloop
  endfacet
  facet normal 0 0 -1
    outer loop
      vertex -11.3 12.3981 -10
      vertex -9.71114 10.2629 -10
      vertex -10.0142 10.0142 -10
    endloop
  endfacet
  facet normal 0 0 -1
    outer loop
      vertex -9.36536 10.4478 -10
      vertex -10.1916 12.7743 -10
      vertex -9.79999 12.8 -10
    endloop
  endfacet
  facet normal 0 0 -1
    outer loop
      vertex -12.1801 11.6263 -10
      vertex -10.0142 10.0142 -10
      vertex -10.2629 9.71114 -10
    endloop
  endfacet
  facet normal 0 0 -1
    outer loop
      vertex -12.6978 10.5764 -10
      vertex -10.2629 9.71114 -10
      vertex -10.4478 9.36536 -10
    endloop
  endfacet
  facet normal 0 0 -1
    outer loop
      vertex -12.8 9.79999 -10
      vertex -10.4478 9.36536 -10
      vertex -10.5616 8.99017 -10
    endloop
  endfacet
  facet normal 0 0 -1
    outer loop
      vertex -9.71114 10.2629 -10
      vertex -10.5764 12.6978 -10
      vertex -10.1916 12.7743 -10
    endloop
  endfacet
  facet normal 0 0 -1
    outer loop
      vertex -12.8 9.79999 -10
      vertex -10.5616 8.99017 -10
      vertex -10.6 8.59999 -10
    endloop
  endfacet
  facet normal -0 0 -1
    outer loop
      vertex -10.6 -8.59999 -10
      vertex -12.8 -9.79999 -10
      vertex -10.6 8.59999 -10
    endloop
  endfacet
  facet normal 0 0 -1
    outer loop
      vertex -12.8 9.79999 -10
      vertex -10.6 8.59999 -10
      vertex -12.8 -9.79999 -10
    endloop
  endfacet
  facet normal 0 0 -1
    outer loop
      vertex -12.3981 -11.3 -10
      vertex -10.2629 -9.71114 -10
      vertex -12.1801 -11.6263 -10
    endloop
  endfacet
  facet normal 0 0 -1
    outer loop
      vertex -10.4478 9.36536 -10
      vertex -12.8 9.79999 -10
      vertex -12.7743 10.1916 -10
    endloop
  endfacet
  facet normal 0 0 -1
    outer loop
      vertex -12.5716 -10.948 -10
      vertex -10.2629 -9.71114 -10
      vertex -12.3981 -11.3 -10
    endloop
  endfacet
  facet normal 0 0 -1
    outer loop
      vertex -9.71114 10.2629 -10
      vertex -10.948 12.5716 -10
      vertex -10.5764 12.6978 -10
    endloop
  endfacet
  facet normal 0 0 -1
    outer loop
      vertex -12.6978 -10.5764 -10
      vertex -10.2629 -9.71114 -10
      vertex -12.5716 -10.948 -10
    endloop
  endfacet
  facet normal 0 0 -1
    outer loop
      vertex -9.71114 10.2629 -10
      vertex -11.3 12.3981 -10
      vertex -10.948 12.5716 -10
    endloop
  endfacet
  facet normal -0 0 -1
    outer loop
      vertex -10.2629 -9.71114 -10
      vertex -12.6978 -10.5764 -10
      vertex -10.4478 -9.36536 -10
    endloop
  endfacet
  facet normal 0 0 -1
    outer loop
      vertex -10.0142 10.0142 -10
      vertex -11.6263 12.1801 -10
      vertex -11.3 12.3981 -10
    endloop
  endfacet
  facet normal 0 0 -1
    outer loop
      vertex -12.7743 -10.1916 -10
      vertex -10.4478 -9.36536 -10
      vertex -12.6978 -10.5764 -10
    endloop
  endfacet
  facet normal 0 0 -1
    outer loop
      vertex -10.0142 10.0142 -10
      vertex -11.9213 11.9213 -10
      vertex -11.6263 12.1801 -10
    endloop
  endfacet
  facet normal 0 0 -1
    outer loop
      vertex -12.8 -9.79999 -10
      vertex -10.4478 -9.36536 -10
      vertex -12.7743 -10.1916 -10
    endloop
  endfacet
  facet normal 0 0 -1
    outer loop
      vertex -10.0142 10.0142 -10
      vertex -12.1801 11.6263 -10
      vertex -11.9213 11.9213 -10
    endloop
  endfacet
  facet normal -0 0 -1
    outer loop
      vertex -10.4478 -9.36536 -10
      vertex -12.8 -9.79999 -10
      vertex -10.5616 -8.99017 -10
    endloop
  endfacet
  facet normal 0 0 -1
    outer loop
      vertex -10.2629 9.71114 -10
      vertex -12.3981 11.3 -10
      vertex -12.1801 11.6263 -10
    endloop
  endfacet
  facet normal -0 0 -1
    outer loop
      vertex -10.5616 -8.99017 -10
      vertex -12.8 -9.79999 -10
      vertex -10.6 -8.59999 -10
    endloop
  endfacet
  facet normal 0 0 -1
    outer loop
      vertex -10.2629 9.71114 -10
      vertex -12.5716 10.948 -10
      vertex -12.3981 11.3 -10
    endloop
  endfacet
  facet normal 0 0 -1
    outer loop
      vertex -10.2629 9.71114 -10
      vertex -12.6978 10.5764 -10
      vertex -12.5716 10.948 -10
    endloop
  endfacet
  facet normal 0 0 -1
    outer loop
      vertex -10.4478 9.36536 -10
      vertex -12.7743 10.1916 -10
      vertex -12.6978 10.5764 -10
    endloop
  endfacet
  facet normal -0.831501 -0.555523 0
    outer loop
      vertex -12.1801 -11.6263 -10
      vertex -12.3981 -11.3 0
      vertex -12.3981 -11.3 -10
    endloop
  endfacet
  facet normal -0.831501 -0.555523 0
    outer loop
      vertex -12.3981 -11.3 0
      vertex -12.1801 -11.6263 -10
      vertex -12.1801 -11.6263 0
    endloop
  endfacet
  facet normal 0 0 1
    outer loop
      vertex 9.79999 -12.8 3.2
      vertex 1.60205 -18.9051 3.2
      vertex 1.65 -19.3 3.2
    endloop
  endfacet
  facet normal 0 0 1
    outer loop
      vertex 9.79999 -12.8 3.2
      vertex 1.461 -18.5332 3.2
      vertex 1.60205 -18.9051 3.2
    endloop
  endfacet
  facet normal 0 0 1
    outer loop
      vertex 9.79999 -12.8 3.2
      vertex 1.23504 -18.2058 3.2
      vertex 1.461 -18.5332 3.2
    endloop
  endfacet
  facet normal 0 0 1
    outer loop
      vertex 9.79999 -12.8 3.2
      vertex 0.937306 -17.9421 3.2
      vertex 1.23504 -18.2058 3.2
    endloop
  endfacet
  facet normal 0 0 1
    outer loop
      vertex 9.79999 -12.8 3.2
      vertex 0.585097 -17.7572 3.2
      vertex 0.937306 -17.9421 3.2
    endloop
  endfacet
  facet normal 0 0 1
    outer loop
      vertex 9.79999 -12.8 3.2
      vertex 0.198885 -17.662 3.2
      vertex 0.585097 -17.7572 3.2
    endloop
  endfacet
  facet normal 0 0 1
    outer loop
      vertex 9.79999 -12.8 3.2
      vertex -0.198885 -17.662 3.2
      vertex 0.198885 -17.662 3.2
    endloop
  endfacet
  facet normal -0 0 1
    outer loop
      vertex -9.79999 -12.8 3.2
      vertex -0.198885 -17.662 3.2
      vertex 9.79999 -12.8 3.2
    endloop
  endfacet
  facet normal 0 0 1
    outer loop
      vertex -1.60205 -18.9051 3.2
      vertex -9.79999 -12.8 3.2
      vertex -1.65 -19.3 3.2
    endloop
  endfacet
  facet normal 0 0 1
    outer loop
      vertex -1.461 -18.5332 3.2
      vertex -9.79999 -12.8 3.2
      vertex -1.60205 -18.9051 3.2
    endloop
  endfacet
  facet normal 0 0 1
    outer loop
      vertex -1.23504 -18.2058 3.2
      vertex -9.79999 -12.8 3.2
      vertex -1.461 -18.5332 3.2
    endloop
  endfacet
  facet normal 0 0 1
    outer loop
      vertex -0.937306 -17.9421 3.2
      vertex -9.79999 -12.8 3.2
      vertex -1.23504 -18.2058 3.2
    endloop
  endfacet
  facet normal 0 0 1
    outer loop
      vertex -0.585097 -17.7572 3.2
      vertex -9.79999 -12.8 3.2
      vertex -0.937306 -17.9421 3.2
    endloop
  endfacet
  facet normal 0 0 1
    outer loop
      vertex -0.198885 -17.662 3.2
      vertex -9.79999 -12.8 3.2
      vertex -0.585097 -17.7572 3.2
    endloop
  endfacet
  facet normal 0 0 1
    outer loop
      vertex 14 26 3.2
      vertex 17 23 3.2
      vertex 16.9743 23.3916 3.2
    endloop
  endfacet
  facet normal 0 0 1
    outer loop
      vertex 17 23 3.2
      vertex 12.8 9.79999 3.2
      vertex 17 -23 3.2
    endloop
  endfacet
  facet normal 0 0 1
    outer loop
      vertex 14 26 3.2
      vertex 16.9743 23.3916 3.2
      vertex 16.8978 23.7765 3.2
    endloop
  endfacet
  facet normal -0 0 1
    outer loop
      vertex 12.8 -9.79999 3.2
      vertex 17 -23 3.2
      vertex 12.8 9.79999 3.2
    endloop
  endfacet
  facet normal 0 0 1
    outer loop
      vertex 14 26 3.2
      vertex 16.8978 23.7765 3.2
      vertex 16.7716 24.1481 3.2
    endloop
  endfacet
  facet normal -0 0 1
    outer loop
      vertex 12.7743 -10.1916 3.2
      vertex 17 -23 3.2
      vertex 12.8 -9.79999 3.2
    endloop
  endfacet
  facet normal 0 0 1
    outer loop
      vertex 14 26 3.2
      vertex 16.7716 24.1481 3.2
      vertex 16.5981 24.5 3.2
    endloop
  endfacet
  facet normal -0 0 1
    outer loop
      vertex 12.6978 -10.5764 3.2
      vertex 17 -23 3.2
      vertex 12.7743 -10.1916 3.2
    endloop
  endfacet
  facet normal 0 0 1
    outer loop
      vertex 14 26 3.2
      vertex 16.5981 24.5 3.2
      vertex 16.3801 24.8263 3.2
    endloop
  endfacet
  facet normal -0 0 1
    outer loop
      vertex 12.5716 -10.948 3.2
      vertex 17 -23 3.2
      vertex 12.6978 -10.5764 3.2
    endloop
  endfacet
  facet normal 0 0 1
    outer loop
      vertex 14 26 3.2
      vertex 16.3801 24.8263 3.2
      vertex 16.1213 25.1213 3.2
    endloop
  endfacet
  facet normal -0 0 1
    outer loop
      vertex 12.3981 -11.3 3.2
      vertex 17 -23 3.2
      vertex 12.5716 -10.948 3.2
    endloop
  endfacet
  facet normal 0 0 1
    outer loop
      vertex 14 26 3.2
      vertex 16.1213 25.1213 3.2
      vertex 15.8263 25.3801 3.2
    endloop
  endfacet
  facet normal -0 0 1
    outer loop
      vertex 12.1801 -11.6263 3.2
      vertex 17 -23 3.2
      vertex 12.3981 -11.3 3.2
    endloop
  endfacet
  facet normal 0 0 1
    outer loop
      vertex 14 26 3.2
      vertex 15.8263 25.3801 3.2
      vertex 15.5 25.5981 3.2
    endloop
  endfacet
  facet normal -0 0 1
    outer loop
      vertex 11.9213 -11.9213 3.2
      vertex 17 -23 3.2
      vertex 12.1801 -11.6263 3.2
    endloop
  endfacet
  facet normal 0 0 1
    outer loop
      vertex 14 26 3.2
      vertex 15.5 25.5981 3.2
      vertex 15.1481 25.7716 3.2
    endloop
  endfacet
  facet normal -0 0 1
    outer loop
      vertex 11.6263 -12.1801 3.2
      vertex 17 -23 3.2
      vertex 11.9213 -11.9213 3.2
    endloop
  endfacet
  facet normal 0 0 1
    outer loop
      vertex 14 26 3.2
      vertex 15.1481 25.7716 3.2
      vertex 14.7765 25.8978 3.2
    endloop
  endfacet
  facet normal -0 0 1
    outer loop
      vertex 11.3 -12.3981 3.2
      vertex 17 -23 3.2
      vertex 11.6263 -12.1801 3.2
    endloop
  endfacet
  facet normal 0 0 1
    outer loop
      vertex 14 26 3.2
      vertex 14.7765 25.8978 3.2
      vertex 14.3916 25.9743 3.2
    endloop
  endfacet
  facet normal -0 0 1
    outer loop
      vertex 10.948 -12.5716 3.2
      vertex 17 -23 3.2
      vertex 11.3 -12.3981 3.2
    endloop
  endfacet
  facet normal 0 0 1
    outer loop
      vertex 17 23 3.2
      vertex 14 26 3.2
      vertex 10.1916 12.7743 3.2
    endloop
  endfacet
  facet normal -0 0 1
    outer loop
      vertex 10.5764 -12.6978 3.2
      vertex 17 -23 3.2
      vertex 10.948 -12.5716 3.2
    endloop
  endfacet
  facet normal -0 0 1
    outer loop
      vertex 10.1916 -12.7743 3.2
      vertex 17 -23 3.2
      vertex 10.5764 -12.6978 3.2
    endloop
  endfacet
  facet normal 0 0 1
    outer loop
      vertex 17 23 3.2
      vertex 12.7743 10.1916 3.2
      vertex 12.8 9.79999 3.2
    endloop
  endfacet
  facet normal 0 0 1
    outer loop
      vertex 17 23 3.2
      vertex 12.6978 10.5764 3.2
      vertex 12.7743 10.1916 3.2
    endloop
  endfacet
  facet normal 0 0 1
    outer loop
      vertex 17 23 3.2
      vertex 12.5716 10.948 3.2
      vertex 12.6978 10.5764 3.2
    endloop
  endfacet
  facet normal 0 0 1
    outer loop
      vertex 17 23 3.2
      vertex 12.3981 11.3 3.2
      vertex 12.5716 10.948 3.2
    endloop
  endfacet
  facet normal 0 0 1
    outer loop
      vertex 17 23 3.2
      vertex 12.1801 11.6263 3.2
      vertex 12.3981 11.3 3.2
    endloop
  endfacet
  facet normal 0 0 1
    outer loop
      vertex 17 23 3.2
      vertex 11.9213 11.9213 3.2
      vertex 12.1801 11.6263 3.2
    endloop
  endfacet
  facet normal 0 0 1
    outer loop
      vertex 17 23 3.2
      vertex 11.6263 12.1801 3.2
      vertex 11.9213 11.9213 3.2
    endloop
  endfacet
  facet normal 0 0 1
    outer loop
      vertex 17 23 3.2
      vertex 11.3 12.3981 3.2
      vertex 11.6263 12.1801 3.2
    endloop
  endfacet
  facet normal 0 0 1
    outer loop
      vertex 17 23 3.2
      vertex 10.948 12.5716 3.2
      vertex 11.3 12.3981 3.2
    endloop
  endfacet
  facet normal 0 0 1
    outer loop
      vertex 17 23 3.2
      vertex 10.5764 12.6978 3.2
      vertex 10.948 12.5716 3.2
    endloop
  endfacet
  facet normal 0 0 1
    outer loop
      vertex 17 23 3.2
      vertex 10.1916 12.7743 3.2
      vertex 10.5764 12.6978 3.2
    endloop
  endfacet
  facet normal 0 0 1
    outer loop
      vertex 14 26 3.2
      vertex 9.79999 12.8 3.2
      vertex 10.1916 12.7743 3.2
    endloop
  endfacet
  facet normal 0 0 1
    outer loop
      vertex 14 26 3.2
      vertex 1.65 19.3 3.2
      vertex 9.79999 12.8 3.2
    endloop
  endfacet
  facet normal 0 0 1
    outer loop
      vertex 14 26 3.2
      vertex 1.60205 19.6949 3.2
      vertex 1.65 19.3 3.2
    endloop
  endfacet
  facet normal 0 0 1
    outer loop
      vertex 14 26 3.2
      vertex 1.461 20.0668 3.2
      vertex 1.60205 19.6949 3.2
    endloop
  endfacet
  facet normal 0 0 1
    outer loop
      vertex 14 26 3.2
      vertex 1.23504 20.3942 3.2
      vertex 1.461 20.0668 3.2
    endloop
  endfacet
  facet normal 0 0 1
    outer loop
      vertex 14 26 3.2
      vertex 0.937306 20.6579 3.2
      vertex 1.23504 20.3942 3.2
    endloop
  endfacet
  facet normal 0 0 1
    outer loop
      vertex 14 26 3.2
      vertex 0.585097 20.8428 3.2
      vertex 0.937306 20.6579 3.2
    endloop
  endfacet
  facet normal 0 0 1
    outer loop
      vertex 14 26 3.2
      vertex 0.198885 20.938 3.2
      vertex 0.585097 20.8428 3.2
    endloop
  endfacet
  facet normal 0 0 1
    outer loop
      vertex 14 26 3.2
      vertex -0.198885 20.938 3.2
      vertex 0.198885 20.938 3.2
    endloop
  endfacet
  facet normal -0 0 1
    outer loop
      vertex -14 26 3.2
      vertex -0.198885 20.938 3.2
      vertex 14 26 3.2
    endloop
  endfacet
  facet normal 0 0 1
    outer loop
      vertex -14 26 3.2
      vertex -1.65 19.3 3.2
      vertex -1.60205 19.6949 3.2
    endloop
  endfacet
  facet normal 0 0 1
    outer loop
      vertex -14 26 3.2
      vertex -1.60205 19.6949 3.2
      vertex -1.461 20.0668 3.2
    endloop
  endfacet
  facet normal 0 0 1
    outer loop
      vertex -14 26 3.2
      vertex -1.461 20.0668 3.2
      vertex -1.23504 20.3942 3.2
    endloop
  endfacet
  facet normal 0 0 1
    outer loop
      vertex -1.65 19.3 3.2
      vertex -14 26 3.2
      vertex -9.79999 12.8 3.2
    endloop
  endfacet
  facet normal 0 0 1
    outer loop
      vertex -14 26 3.2
      vertex -1.23504 20.3942 3.2
      vertex -0.937306 20.6579 3.2
    endloop
  endfacet
  facet normal 0 0 1
    outer loop
      vertex -9.79999 12.8 3.2
      vertex -14 26 3.2
      vertex -10.1916 12.7743 3.2
    endloop
  endfacet
  facet normal -0 0 1
    outer loop
      vertex -17 23 3.2
      vertex -10.1916 12.7743 3.2
      vertex -14 26 3.2
    endloop
  endfacet
  facet normal 0 0 1
    outer loop
      vertex -10.1916 12.7743 3.2
      vertex -17 23 3.2
      vertex -10.5764 12.6978 3.2
    endloop
  endfacet
  facet normal 0 0 1
    outer loop
      vertex -10.5764 12.6978 3.2
      vertex -17 23 3.2
      vertex -10.948 12.5716 3.2
    endloop
  endfacet
  facet normal 0 0 1
    outer loop
      vertex -12.7743 10.1916 3.2
      vertex -17 23 3.2
      vertex -12.8 9.79999 3.2
    endloop
  endfacet
  facet normal 0 0 1
    outer loop
      vertex -12.6978 10.5764 3.2
      vertex -17 23 3.2
      vertex -12.7743 10.1916 3.2
    endloop
  endfacet
  facet normal 0 0 1
    outer loop
      vertex -12.5716 10.948 3.2
      vertex -17 23 3.2
      vertex -12.6978 10.5764 3.2
    endloop
  endfacet
  facet normal 0 0 1
    outer loop
      vertex -12.3981 11.3 3.2
      vertex -17 23 3.2
      vertex -12.5716 10.948 3.2
    endloop
  endfacet
  facet normal 0 0 1
    outer loop
      vertex -12.1801 11.6263 3.2
      vertex -17 23 3.2
      vertex -12.3981 11.3 3.2
    endloop
  endfacet
  facet normal 0 0 1
    outer loop
      vertex -11.9213 11.9213 3.2
      vertex -17 23 3.2
      vertex -12.1801 11.6263 3.2
    endloop
  endfacet
  facet normal 0 0 1
    outer loop
      vertex -11.6263 12.1801 3.2
      vertex -17 23 3.2
      vertex -11.9213 11.9213 3.2
    endloop
  endfacet
  facet normal 0 0 1
    outer loop
      vertex -11.3 12.3981 3.2
      vertex -17 23 3.2
      vertex -11.6263 12.1801 3.2
    endloop
  endfacet
  facet normal 0 0 1
    outer loop
      vertex -10.948 12.5716 3.2
      vertex -17 23 3.2
      vertex -11.3 12.3981 3.2
    endloop
  endfacet
  facet normal 0 0 1
    outer loop
      vertex -0.585097 20.8428 3.2
      vertex -14 26 3.2
      vertex -0.937306 20.6579 3.2
    endloop
  endfacet
  facet normal 0 0 1
    outer loop
      vertex -0.198885 20.938 3.2
      vertex -14 26 3.2
      vertex -0.585097 20.8428 3.2
    endloop
  endfacet
  facet normal 0 -0 1
    outer loop
      vertex 14 -26 3.2
      vertex 17 -23 3.2
      vertex 10.1916 -12.7743 3.2
    endloop
  endfacet
  facet normal 0 0 1
    outer loop
      vertex 17 -23 3.2
      vertex 14 -26 3.2
      vertex 16.9743 -23.3916 3.2
    endloop
  endfacet
  facet normal 0 0 1
    outer loop
      vertex 16.8978 -23.7765 3.2
      vertex 14 -26 3.2
      vertex 16.7716 -24.1481 3.2
    endloop
  endfacet
  facet normal 0 0 1
    outer loop
      vertex 16.7716 -24.1481 3.2
      vertex 14 -26 3.2
      vertex 16.5981 -24.5 3.2
    endloop
  endfacet
  facet normal 0 0 1
    outer loop
      vertex 16.5981 -24.5 3.2
      vertex 14 -26 3.2
      vertex 16.3801 -24.8263 3.2
    endloop
  endfacet
  facet normal 0 0 1
    outer loop
      vertex 16.3801 -24.8263 3.2
      vertex 14 -26 3.2
      vertex 16.1213 -25.1213 3.2
    endloop
  endfacet
  facet normal 0 0 1
    outer loop
      vertex 15.8263 -25.3801 3.2
      vertex 14 -26 3.2
      vertex 15.5 -25.5981 3.2
    endloop
  endfacet
  facet normal 0 0 1
    outer loop
      vertex 15.5 -25.5981 3.2
      vertex 14 -26 3.2
      vertex 15.1481 -25.7716 3.2
    endloop
  endfacet
  facet normal 0 0 1
    outer loop
      vertex 15.1481 -25.7716 3.2
      vertex 14 -26 3.2
      vertex 14.7765 -25.8978 3.2
    endloop
  endfacet
  facet normal 0 0 1
    outer loop
      vertex 14.7765 -25.8978 3.2
      vertex 14 -26 3.2
      vertex 14.3916 -25.9743 3.2
    endloop
  endfacet
  facet normal 0 0 1
    outer loop
      vertex 16.1213 -25.1213 3.2
      vertex 14 -26 3.2
      vertex 15.8263 -25.3801 3.2
    endloop
  endfacet
  facet normal 0 0 1
    outer loop
      vertex 16.9743 -23.3916 3.2
      vertex 14 -26 3.2
      vertex 16.8978 -23.7765 3.2
    endloop
  endfacet
  facet normal -0 0 1
    outer loop
      vertex 9.79999 -12.8 3.2
      vertex 14 -26 3.2
      vertex 10.1916 -12.7743 3.2
    endloop
  endfacet
  facet normal -0 0 1
    outer loop
      vertex 1.65 -19.3 3.2
      vertex 14 -26 3.2
      vertex 9.79999 -12.8 3.2
    endloop
  endfacet
  facet normal -0 0 1
    outer loop
      vertex 1.60205 -19.6949 3.2
      vertex 14 -26 3.2
      vertex 1.65 -19.3 3.2
    endloop
  endfacet
  facet normal -0 0 1
    outer loop
      vertex 1.461 -20.0668 3.2
      vertex 14 -26 3.2
      vertex 1.60205 -19.6949 3.2
    endloop
  endfacet
  facet normal -0 0 1
    outer loop
      vertex 1.23504 -20.3942 3.2
      vertex 14 -26 3.2
      vertex 1.461 -20.0668 3.2
    endloop
  endfacet
  facet normal -0 0 1
    outer loop
      vertex 0.937306 -20.6579 3.2
      vertex 14 -26 3.2
      vertex 1.23504 -20.3942 3.2
    endloop
  endfacet
  facet normal -0 0 1
    outer loop
      vertex 0.585097 -20.8428 3.2
      vertex 14 -26 3.2
      vertex 0.937306 -20.6579 3.2
    endloop
  endfacet
  facet normal -0 0 1
    outer loop
      vertex 0.198885 -20.938 3.2
      vertex 14 -26 3.2
      vertex 0.585097 -20.8428 3.2
    endloop
  endfacet
  facet normal -0 0 1
    outer loop
      vertex -0.198885 -20.938 3.2
      vertex 14 -26 3.2
      vertex 0.198885 -20.938 3.2
    endloop
  endfacet
  facet normal 0 0 1
    outer loop
      vertex -14 -26 3.2
      vertex -0.198885 -20.938 3.2
      vertex -0.585097 -20.8428 3.2
    endloop
  endfacet
  facet normal 0 0 1
    outer loop
      vertex -14 -26 3.2
      vertex -1.65 -19.3 3.2
      vertex -9.79999 -12.8 3.2
    endloop
  endfacet
  facet normal 0 0 1
    outer loop
      vertex -1.65 -19.3 3.2
      vertex -14 -26 3.2
      vertex -1.60205 -19.6949 3.2
    endloop
  endfacet
  facet normal 0 0 1
    outer loop
      vertex -1.60205 -19.6949 3.2
      vertex -14 -26 3.2
      vertex -1.461 -20.0668 3.2
    endloop
  endfacet
  facet normal 0 0 1
    outer loop
      vertex -14 -26 3.2
      vertex -9.79999 -12.8 3.2
      vertex -10.1916 -12.7743 3.2
    endloop
  endfacet
  facet normal 0 0 1
    outer loop
      vertex -1.461 -20.0668 3.2
      vertex -14 -26 3.2
      vertex -1.23504 -20.3942 3.2
    endloop
  endfacet
  facet normal 0 0 1
    outer loop
      vertex -17 -23 3.2
      vertex -10.1916 -12.7743 3.2
      vertex -10.5764 -12.6978 3.2
    endloop
  endfacet
  facet normal 0 0 1
    outer loop
      vertex -17 -23 3.2
      vertex -10.5764 -12.6978 3.2
      vertex -10.948 -12.5716 3.2
    endloop
  endfacet
  facet normal 0 0 1
    outer loop
      vertex -17 -23 3.2
      vertex -10.948 -12.5716 3.2
      vertex -11.3 -12.3981 3.2
    endloop
  endfacet
  facet normal 0 0 1
    outer loop
      vertex -17 -23 3.2
      vertex -11.3 -12.3981 3.2
      vertex -11.6263 -12.1801 3.2
    endloop
  endfacet
  facet normal 0 0 1
    outer loop
      vertex -0.198885 -20.938 3.2
      vertex -14 -26 3.2
      vertex 14 -26 3.2
    endloop
  endfacet
  facet normal 0 0 1
    outer loop
      vertex -0.937306 -20.6579 3.2
      vertex -14 -26 3.2
      vertex -0.585097 -20.8428 3.2
    endloop
  endfacet
  facet normal 0 0 1
    outer loop
      vertex -1.23504 -20.3942 3.2
      vertex -14 -26 3.2
      vertex -0.937306 -20.6579 3.2
    endloop
  endfacet
  facet normal 0 0 1
    outer loop
      vertex -17 -23 3.2
      vertex -11.6263 -12.1801 3.2
      vertex -11.9213 -11.9213 3.2
    endloop
  endfacet
  facet normal 0 0 1
    outer loop
      vertex -17 -23 3.2
      vertex -11.9213 -11.9213 3.2
      vertex -12.1801 -11.6263 3.2
    endloop
  endfacet
  facet normal 0 0 1
    outer loop
      vertex -17 -23 3.2
      vertex -12.1801 -11.6263 3.2
      vertex -12.3981 -11.3 3.2
    endloop
  endfacet
  facet normal 0 0 1
    outer loop
      vertex -17 -23 3.2
      vertex -12.3981 -11.3 3.2
      vertex -12.5716 -10.948 3.2
    endloop
  endfacet
  facet normal 0 0 1
    outer loop
      vertex -17 -23 3.2
      vertex -12.5716 -10.948 3.2
      vertex -12.6978 -10.5764 3.2
    endloop
  endfacet
  facet normal 0 0 1
    outer loop
      vertex -17 -23 3.2
      vertex -12.6978 -10.5764 3.2
      vertex -12.7743 -10.1916 3.2
    endloop
  endfacet
  facet normal 0 0 1
    outer loop
      vertex -17 -23 3.2
      vertex -12.7743 -10.1916 3.2
      vertex -12.8 -9.79999 3.2
    endloop
  endfacet
  facet normal 0 0 1
    outer loop
      vertex -12.8 9.79999 3.2
      vertex -17 23 3.2
      vertex -12.8 -9.79999 3.2
    endloop
  endfacet
  facet normal 0 0 1
    outer loop
      vertex -17 23 3.2
      vertex -14 26 3.2
      vertex -14.3916 25.9743 3.2
    endloop
  endfacet
  facet normal 0 0 1
    outer loop
      vertex -17 -23 3.2
      vertex -12.8 -9.79999 3.2
      vertex -17 23 3.2
    endloop
  endfacet
  facet normal 0 0 1
    outer loop
      vertex -17 23 3.2
      vertex -14.3916 25.9743 3.2
      vertex -14.7765 25.8978 3.2
    endloop
  endfacet
  facet normal 0 0 1
    outer loop
      vertex -10.1916 -12.7743 3.2
      vertex -17 -23 3.2
      vertex -14 -26 3.2
    endloop
  endfacet
  facet normal 0 0 1
    outer loop
      vertex -17 23 3.2
      vertex -14.7765 25.8978 3.2
      vertex -15.1481 25.7716 3.2
    endloop
  endfacet
  facet normal 0 0 1
    outer loop
      vertex -14 -26 3.2
      vertex -17 -23 3.2
      vertex -14.3916 -25.9743 3.2
    endloop
  endfacet
  facet normal 0 0 1
    outer loop
      vertex -17 23 3.2
      vertex -15.1481 25.7716 3.2
      vertex -15.5 25.5981 3.2
    endloop
  endfacet
  facet normal 0 0 1
    outer loop
      vertex -14.3916 -25.9743 3.2
      vertex -17 -23 3.2
      vertex -14.7765 -25.8978 3.2
    endloop
  endfacet
  facet normal 0 0 1
    outer loop
      vertex -17 23 3.2
      vertex -15.5 25.5981 3.2
      vertex -15.8263 25.3801 3.2
    endloop
  endfacet
  facet normal 0 0 1
    outer loop
      vertex -14.7765 -25.8978 3.2
      vertex -17 -23 3.2
      vertex -15.1481 -25.7716 3.2
    endloop
  endfacet
  facet normal 0 0 1
    outer loop
      vertex -17 23 3.2
      vertex -15.8263 25.3801 3.2
      vertex -16.1213 25.1213 3.2
    endloop
  endfacet
  facet normal 0 0 1
    outer loop
      vertex -15.1481 -25.7716 3.2
      vertex -17 -23 3.2
      vertex -15.5 -25.5981 3.2
    endloop
  endfacet
  facet normal 0 0 1
    outer loop
      vertex -17 23 3.2
      vertex -16.1213 25.1213 3.2
      vertex -16.3801 24.8263 3.2
    endloop
  endfacet
  facet normal 0 0 1
    outer loop
      vertex -15.5 -25.5981 3.2
      vertex -17 -23 3.2
      vertex -15.8263 -25.3801 3.2
    endloop
  endfacet
  facet normal 0 0 1
    outer loop
      vertex -17 23 3.2
      vertex -16.3801 24.8263 3.2
      vertex -16.5981 24.5 3.2
    endloop
  endfacet
  facet normal 0 0 1
    outer loop
      vertex -15.8263 -25.3801 3.2
      vertex -17 -23 3.2
      vertex -16.1213 -25.1213 3.2
    endloop
  endfacet
  facet normal 0 0 1
    outer loop
      vertex -17 23 3.2
      vertex -16.5981 24.5 3.2
      vertex -16.7716 24.1481 3.2
    endloop
  endfacet
  facet normal 0 0 1
    outer loop
      vertex -16.1213 -25.1213 3.2
      vertex -17 -23 3.2
      vertex -16.3801 -24.8263 3.2
    endloop
  endfacet
  facet normal 0 0 1
    outer loop
      vertex -17 23 3.2
      vertex -16.7716 24.1481 3.2
      vertex -16.8978 23.7765 3.2
    endloop
  endfacet
  facet normal 0 0 1
    outer loop
      vertex -16.3801 -24.8263 3.2
      vertex -17 -23 3.2
      vertex -16.5981 -24.5 3.2
    endloop
  endfacet
  facet normal 0 0 1
    outer loop
      vertex -17 23 3.2
      vertex -16.8978 23.7765 3.2
      vertex -16.9743 23.3916 3.2
    endloop
  endfacet
  facet normal 0 0 1
    outer loop
      vertex -16.5981 -24.5 3.2
      vertex -17 -23 3.2
      vertex -16.7716 -24.1481 3.2
    endloop
  endfacet
  facet normal 0 0 1
    outer loop
      vertex -16.7716 -24.1481 3.2
      vertex -17 -23 3.2
      vertex -16.8978 -23.7765 3.2
    endloop
  endfacet
  facet normal 0 0 1
    outer loop
      vertex -16.8978 -23.7765 3.2
      vertex -17 -23 3.2
      vertex -16.9743 -23.3916 3.2
    endloop
  endfacet
  facet normal -0 0 1
    outer loop
      vertex 1.60205 18.9051 3.2
      vertex 9.79999 12.8 3.2
      vertex 1.65 19.3 3.2
    endloop
  endfacet
  facet normal -0 0 1
    outer loop
      vertex 1.461 18.5332 3.2
      vertex 9.79999 12.8 3.2
      vertex 1.60205 18.9051 3.2
    endloop
  endfacet
  facet normal -0 0 1
    outer loop
      vertex 1.23504 18.2058 3.2
      vertex 9.79999 12.8 3.2
      vertex 1.461 18.5332 3.2
    endloop
  endfacet
  facet normal -0 0 1
    outer loop
      vertex 0.937306 17.9421 3.2
      vertex 9.79999 12.8 3.2
      vertex 1.23504 18.2058 3.2
    endloop
  endfacet
  facet normal -0 0 1
    outer loop
      vertex 0.585097 17.7572 3.2
      vertex 9.79999 12.8 3.2
      vertex 0.937306 17.9421 3.2
    endloop
  endfacet
  facet normal -0 0 1
    outer loop
      vertex 0.198885 17.662 3.2
      vertex 9.79999 12.8 3.2
      vertex 0.585097 17.7572 3.2
    endloop
  endfacet
  facet normal -0 0 1
    outer loop
      vertex -0.198885 17.662 3.2
      vertex 9.79999 12.8 3.2
      vertex 0.198885 17.662 3.2
    endloop
  endfacet
  facet normal 0 0 1
    outer loop
      vertex -9.79999 12.8 3.2
      vertex -0.198885 17.662 3.2
      vertex -0.585097 17.7572 3.2
    endloop
  endfacet
  facet normal 0 0 1
    outer loop
      vertex -0.198885 17.662 3.2
      vertex -9.79999 12.8 3.2
      vertex 9.79999 12.8 3.2
    endloop
  endfacet
  facet normal 0 0 1
    outer loop
      vertex -0.937306 17.9421 3.2
      vertex -9.79999 12.8 3.2
      vertex -0.585097 17.7572 3.2
    endloop
  endfacet
  facet normal 0 0 1
    outer loop
      vertex -1.23504 18.2058 3.2
      vertex -9.79999 12.8 3.2
      vertex -0.937306 17.9421 3.2
    endloop
  endfacet
  facet normal 0 0 1
    outer loop
      vertex -1.461 18.5332 3.2
      vertex -9.79999 12.8 3.2
      vertex -1.23504 18.2058 3.2
    endloop
  endfacet
  facet normal 0 0 1
    outer loop
      vertex -1.60205 18.9051 3.2
      vertex -9.79999 12.8 3.2
      vertex -1.461 18.5332 3.2
    endloop
  endfacet
  facet normal 0 0 1
    outer loop
      vertex -9.79999 12.8 3.2
      vertex -1.60205 18.9051 3.2
      vertex -1.65 19.3 3.2
    endloop
  endfacet
  facet normal -0.751724 -0.659478 0
    outer loop
      vertex -11.9213 -11.9213 -10
      vertex -12.1801 -11.6263 0
      vertex -12.1801 -11.6263 -10
    endloop
  endfacet
  facet normal -0.751724 -0.659478 0
    outer loop
      vertex -12.1801 -11.6263 0
      vertex -11.9213 -11.9213 -10
      vertex -11.9213 -11.9213 0
    endloop
  endfacet
  facet normal -0.659478 -0.751724 0
    outer loop
      vertex -11.9213 -11.9213 -10
      vertex -11.6263 -12.1801 0
      vertex -11.9213 -11.9213 0
    endloop
  endfacet
  facet normal -0.659478 -0.751724 -0
    outer loop
      vertex -11.6263 -12.1801 0
      vertex -11.9213 -11.9213 -10
      vertex -11.6263 -12.1801 -10
    endloop
  endfacet
  facet normal -0.0654856 -0.997854 0
    outer loop
      vertex -10.1916 -12.7743 -10
      vertex -9.79999 -12.8 0
      vertex -10.1916 -12.7743 0
    endloop
  endfacet
  facet normal -0.0654856 -0.997854 -0
    outer loop
      vertex -9.79999 -12.8 0
      vertex -10.1916 -12.7743 -10
      vertex -9.79999 -12.8 -10
    endloop
  endfacet
  facet normal -0.194989 0.980806 0
    outer loop
      vertex -10.1916 12.7743 -10
      vertex -10.5764 12.6978 0
      vertex -10.1916 12.7743 0
    endloop
  endfacet
  facet normal -0.194989 0.980806 0
    outer loop
      vertex -10.5764 12.6978 0
      vertex -10.1916 12.7743 -10
      vertex -10.5764 12.6978 -10
    endloop
  endfacet
  facet normal 0.659478 0.751724 -0
    outer loop
      vertex 11.9213 11.9213 -10
      vertex 11.6263 12.1801 0
      vertex 11.9213 11.9213 0
    endloop
  endfacet
  facet normal 0.659478 0.751724 0
    outer loop
      vertex 11.6263 12.1801 0
      vertex 11.9213 11.9213 -10
      vertex 11.6263 12.1801 -10
    endloop
  endfacet
  facet normal 0 1 -0
    outer loop
      vertex 9.79999 12.8 -10
      vertex -9.79999 12.8 0
      vertex 9.79999 12.8 0
    endloop
  endfacet
  facet normal 0 1 0
    outer loop
      vertex -9.79999 12.8 0
      vertex 9.79999 12.8 -10
      vertex -9.79999 12.8 -10
    endloop
  endfacet
  facet normal 0.751724 -0.659478 0
    outer loop
      vertex 11.9213 -11.9213 0
      vertex 12.1801 -11.6263 -10
      vertex 12.1801 -11.6263 0
    endloop
  endfacet
  facet normal 0.751724 -0.659478 0
    outer loop
      vertex 12.1801 -11.6263 -10
      vertex 11.9213 -11.9213 0
      vertex 11.9213 -11.9213 -10
    endloop
  endfacet
  facet normal 0.997854 -0.0654856 0
    outer loop
      vertex 12.7743 -10.1916 0
      vertex 12.8 -9.79999 -10
      vertex 12.8 -9.79999 0
    endloop
  endfacet
  facet normal 0.997854 -0.0654856 0
    outer loop
      vertex 12.8 -9.79999 -10
      vertex 12.7743 -10.1916 0
      vertex 12.7743 -10.1916 -10
    endloop
  endfacet
  facet normal -0.321574 0.946885 0
    outer loop
      vertex -10.5764 12.6978 -10
      vertex -10.948 12.5716 0
      vertex -10.5764 12.6978 0
    endloop
  endfacet
  facet normal -0.321574 0.946885 0
    outer loop
      vertex -10.948 12.5716 0
      vertex -10.5764 12.6978 -10
      vertex -10.948 12.5716 -10
    endloop
  endfacet
  facet normal -0.831501 0.555523 0
    outer loop
      vertex -12.3981 11.3 -10
      vertex -12.1801 11.6263 0
      vertex -12.1801 11.6263 -10
    endloop
  endfacet
  facet normal -0.831501 0.555523 0
    outer loop
      vertex -12.1801 11.6263 0
      vertex -12.3981 11.3 -10
      vertex -12.3981 11.3 0
    endloop
  endfacet
  facet normal -0.44211 0.896961 0
    outer loop
      vertex -10.948 12.5716 -10
      vertex -11.3 12.3981 0
      vertex -10.948 12.5716 0
    endloop
  endfacet
  facet normal -0.44211 0.896961 0
    outer loop
      vertex -11.3 12.3981 0
      vertex -10.948 12.5716 -10
      vertex -11.3 12.3981 -10
    endloop
  endfacet
  facet normal -0.555523 0.831501 0
    outer loop
      vertex -11.3 12.3981 -10
      vertex -11.6263 12.1801 0
      vertex -11.3 12.3981 0
    endloop
  endfacet
  facet normal -0.555523 0.831501 0
    outer loop
      vertex -11.6263 12.1801 0
      vertex -11.3 12.3981 -10
      vertex -11.6263 12.1801 -10
    endloop
  endfacet
  facet normal -0.980806 -0.194989 0
    outer loop
      vertex -12.6978 -10.5764 -10
      vertex -12.7743 -10.1916 0
      vertex -12.7743 -10.1916 -10
    endloop
  endfacet
  facet normal -0.980806 -0.194989 0
    outer loop
      vertex -12.7743 -10.1916 0
      vertex -12.6978 -10.5764 -10
      vertex -12.6978 -10.5764 0
    endloop
  endfacet
  facet normal -0.997854 -0.0654856 0
    outer loop
      vertex -12.7743 -10.1916 -10
      vertex -12.8 -9.79999 0
      vertex -12.8 -9.79999 -10
    endloop
  endfacet
  facet normal -0.997854 -0.0654856 0
    outer loop
      vertex -12.8 -9.79999 0
      vertex -12.7743 -10.1916 -10
      vertex -12.7743 -10.1916 0
    endloop
  endfacet
  facet normal -0.44211 -0.896961 0
    outer loop
      vertex -11.3 -12.3981 -10
      vertex -10.948 -12.5716 0
      vertex -11.3 -12.3981 0
    endloop
  endfacet
  facet normal -0.44211 -0.896961 -0
    outer loop
      vertex -10.948 -12.5716 0
      vertex -11.3 -12.3981 -10
      vertex -10.948 -12.5716 -10
    endloop
  endfacet
  facet normal -0.194989 -0.980806 0
    outer loop
      vertex -10.5764 -12.6978 -10
      vertex -10.1916 -12.7743 0
      vertex -10.5764 -12.6978 0
    endloop
  endfacet
  facet normal -0.194989 -0.980806 -0
    outer loop
      vertex -10.1916 -12.7743 0
      vertex -10.5764 -12.6978 -10
      vertex -10.1916 -12.7743 -10
    endloop
  endfacet
  facet normal -0.321574 -0.946885 0
    outer loop
      vertex -10.948 -12.5716 -10
      vertex -10.5764 -12.6978 0
      vertex -10.948 -12.5716 0
    endloop
  endfacet
  facet normal -0.321574 -0.946885 -0
    outer loop
      vertex -10.5764 -12.6978 0
      vertex -10.948 -12.5716 -10
      vertex -10.5764 -12.6978 -10
    endloop
  endfacet
  facet normal 0.555523 0.831501 -0
    outer loop
      vertex 11.6263 12.1801 -10
      vertex 11.3 12.3981 0
      vertex 11.6263 12.1801 0
    endloop
  endfacet
  facet normal 0.555523 0.831501 0
    outer loop
      vertex 11.3 12.3981 0
      vertex 11.6263 12.1801 -10
      vertex 11.3 12.3981 -10
    endloop
  endfacet
  facet normal 0.0654856 0.997854 -0
    outer loop
      vertex 10.1916 12.7743 -10
      vertex 9.79999 12.8 0
      vertex 10.1916 12.7743 0
    endloop
  endfacet
  facet normal 0.0654856 0.997854 0
    outer loop
      vertex 9.79999 12.8 0
      vertex 10.1916 12.7743 -10
      vertex 9.79999 12.8 -10
    endloop
  endfacet
  facet normal 0.44211 0.896961 -0
    outer loop
      vertex 11.3 12.3981 -10
      vertex 10.948 12.5716 0
      vertex 11.3 12.3981 0
    endloop
  endfacet
  facet normal 0.44211 0.896961 0
    outer loop
      vertex 10.948 12.5716 0
      vertex 11.3 12.3981 -10
      vertex 10.948 12.5716 -10
    endloop
  endfacet
  facet normal 0.194989 0.980806 -0
    outer loop
      vertex 10.5764 12.6978 -10
      vertex 10.1916 12.7743 0
      vertex 10.5764 12.6978 0
    endloop
  endfacet
  facet normal 0.194989 0.980806 0
    outer loop
      vertex 10.1916 12.7743 0
      vertex 10.5764 12.6978 -10
      vertex 10.1916 12.7743 -10
    endloop
  endfacet
  facet normal 0.321574 0.946885 -0
    outer loop
      vertex 10.948 12.5716 -10
      vertex 10.5764 12.6978 0
      vertex 10.948 12.5716 0
    endloop
  endfacet
  facet normal 0.321574 0.946885 0
    outer loop
      vertex 10.5764 12.6978 0
      vertex 10.948 12.5716 -10
      vertex 10.5764 12.6978 -10
    endloop
  endfacet
  facet normal 0.946885 -0.321574 0
    outer loop
      vertex 12.5716 -10.948 0
      vertex 12.6978 -10.5764 -10
      vertex 12.6978 -10.5764 0
    endloop
  endfacet
  facet normal 0.946885 -0.321574 0
    outer loop
      vertex 12.6978 -10.5764 -10
      vertex 12.5716 -10.948 0
      vertex 12.5716 -10.948 -10
    endloop
  endfacet
  facet normal 0.896961 -0.44211 0
    outer loop
      vertex 12.3981 -11.3 0
      vertex 12.5716 -10.948 -10
      vertex 12.5716 -10.948 0
    endloop
  endfacet
  facet normal 0.896961 -0.44211 0
    outer loop
      vertex 12.5716 -10.948 -10
      vertex 12.3981 -11.3 0
      vertex 12.3981 -11.3 -10
    endloop
  endfacet
  facet normal 0.980806 -0.194989 0
    outer loop
      vertex 12.6978 -10.5764 0
      vertex 12.7743 -10.1916 -10
      vertex 12.7743 -10.1916 0
    endloop
  endfacet
  facet normal 0.980806 -0.194989 0
    outer loop
      vertex 12.7743 -10.1916 -10
      vertex 12.6978 -10.5764 0
      vertex 12.6978 -10.5764 -10
    endloop
  endfacet
  facet normal 0.831501 -0.555523 0
    outer loop
      vertex 12.1801 -11.6263 0
      vertex 12.3981 -11.3 -10
      vertex 12.3981 -11.3 0
    endloop
  endfacet
  facet normal 0.831501 -0.555523 0
    outer loop
      vertex 12.3981 -11.3 -10
      vertex 12.1801 -11.6263 0
      vertex 12.1801 -11.6263 -10
    endloop
  endfacet
  facet normal 0.44211 -0.896961 0
    outer loop
      vertex 10.948 -12.5716 -10
      vertex 11.3 -12.3981 0
      vertex 10.948 -12.5716 0
    endloop
  endfacet
  facet normal 0.44211 -0.896961 0
    outer loop
      vertex 11.3 -12.3981 0
      vertex 10.948 -12.5716 -10
      vertex 11.3 -12.3981 -10
    endloop
  endfacet
  facet normal 0.980806 0.194989 0
    outer loop
      vertex 12.7743 10.1916 0
      vertex 12.6978 10.5764 -10
      vertex 12.6978 10.5764 0
    endloop
  endfacet
  facet normal 0.980806 0.194989 0
    outer loop
      vertex 12.6978 10.5764 -10
      vertex 12.7743 10.1916 0
      vertex 12.7743 10.1916 -10
    endloop
  endfacet
  facet normal 0.831501 0.555523 0
    outer loop
      vertex 12.3981 11.3 0
      vertex 12.1801 11.6263 -10
      vertex 12.1801 11.6263 0
    endloop
  endfacet
  facet normal 0.831501 0.555523 0
    outer loop
      vertex 12.1801 11.6263 -10
      vertex 12.3981 11.3 0
      vertex 12.3981 11.3 -10
    endloop
  endfacet
  facet normal -0.980806 0.194989 0
    outer loop
      vertex -12.7743 10.1916 -10
      vertex -12.6978 10.5764 0
      vertex -12.6978 10.5764 -10
    endloop
  endfacet
  facet normal -0.980806 0.194989 0
    outer loop
      vertex -12.6978 10.5764 0
      vertex -12.7743 10.1916 -10
      vertex -12.7743 10.1916 0
    endloop
  endfacet
  facet normal -0.946885 -0.321574 0
    outer loop
      vertex -12.5716 -10.948 -10
      vertex -12.6978 -10.5764 0
      vertex -12.6978 -10.5764 -10
    endloop
  endfacet
  facet normal -0.946885 -0.321574 0
    outer loop
      vertex -12.6978 -10.5764 0
      vertex -12.5716 -10.948 -10
      vertex -12.5716 -10.948 0
    endloop
  endfacet
  facet normal -0.555523 -0.831501 0
    outer loop
      vertex -11.6263 -12.1801 -10
      vertex -11.3 -12.3981 0
      vertex -11.6263 -12.1801 0
    endloop
  endfacet
  facet normal -0.555523 -0.831501 -0
    outer loop
      vertex -11.3 -12.3981 0
      vertex -11.6263 -12.1801 -10
      vertex -11.3 -12.3981 -10
    endloop
  endfacet
  facet normal 0.555523 -0.831501 0
    outer loop
      vertex 11.3 -12.3981 -10
      vertex 11.6263 -12.1801 0
      vertex 11.3 -12.3981 0
    endloop
  endfacet
  facet normal 0.555523 -0.831501 0
    outer loop
      vertex 11.6263 -12.1801 0
      vertex 11.3 -12.3981 -10
      vertex 11.6263 -12.1801 -10
    endloop
  endfacet
  facet normal 0.946885 0.321574 0
    outer loop
      vertex 12.6978 10.5764 0
      vertex 12.5716 10.948 -10
      vertex 12.5716 10.948 0
    endloop
  endfacet
  facet normal 0.946885 0.321574 0
    outer loop
      vertex 12.5716 10.948 -10
      vertex 12.6978 10.5764 0
      vertex 12.6978 10.5764 -10
    endloop
  endfacet
  facet normal 0.896961 0.44211 0
    outer loop
      vertex 12.5716 10.948 0
      vertex 12.3981 11.3 -10
      vertex 12.3981 11.3 0
    endloop
  endfacet
  facet normal 0.896961 0.44211 0
    outer loop
      vertex 12.3981 11.3 -10
      vertex 12.5716 10.948 0
      vertex 12.5716 10.948 -10
    endloop
  endfacet
  facet normal -0.946885 0.321574 0
    outer loop
      vertex -12.6978 10.5764 -10
      vertex -12.5716 10.948 0
      vertex -12.5716 10.948 -10
    endloop
  endfacet
  facet normal -0.946885 0.321574 0
    outer loop
      vertex -12.5716 10.948 0
      vertex -12.6978 10.5764 -10
      vertex -12.6978 10.5764 0
    endloop
  endfacet
  facet normal -0.896961 0.44211 0
    outer loop
      vertex -12.5716 10.948 -10
      vertex -12.3981 11.3 0
      vertex -12.3981 11.3 -10
    endloop
  endfacet
  facet normal -0.896961 0.44211 0
    outer loop
      vertex -12.3981 11.3 0
      vertex -12.5716 10.948 -10
      vertex -12.5716 10.948 0
    endloop
  endfacet
  facet normal -0.751724 0.659478 0
    outer loop
      vertex -12.1801 11.6263 -10
      vertex -11.9213 11.9213 0
      vertex -11.9213 11.9213 -10
    endloop
  endfacet
  facet normal -0.751724 0.659478 0
    outer loop
      vertex -11.9213 11.9213 0
      vertex -12.1801 11.6263 -10
      vertex -12.1801 11.6263 0
    endloop
  endfacet
  facet normal -0.896961 -0.44211 0
    outer loop
      vertex -12.3981 -11.3 -10
      vertex -12.5716 -10.948 0
      vertex -12.5716 -10.948 -10
    endloop
  endfacet
  facet normal -0.896961 -0.44211 0
    outer loop
      vertex -12.5716 -10.948 0
      vertex -12.3981 -11.3 -10
      vertex -12.3981 -11.3 0
    endloop
  endfacet
  facet normal 0.659478 -0.751724 0
    outer loop
      vertex 11.6263 -12.1801 -10
      vertex 11.9213 -11.9213 0
      vertex 11.6263 -12.1801 0
    endloop
  endfacet
  facet normal 0.659478 -0.751724 0
    outer loop
      vertex 11.9213 -11.9213 0
      vertex 11.6263 -12.1801 -10
      vertex 11.9213 -11.9213 -10
    endloop
  endfacet
  facet normal 0.321574 -0.946885 0
    outer loop
      vertex 14.7765 -25.8978 0
      vertex 15.1481 -25.7716 3.2
      vertex 14.7765 -25.8978 3.2
    endloop
  endfacet
  facet normal 0.321574 -0.946885 0
    outer loop
      vertex 15.1481 -25.7716 3.2
      vertex 14.7765 -25.8978 0
      vertex 15.1481 -25.7716 0
    endloop
  endfacet
  facet normal 0.19494 -0.980815 0
    outer loop
      vertex 14.3916 -25.9743 0
      vertex 14.7765 -25.8978 3.2
      vertex 14.3916 -25.9743 3.2
    endloop
  endfacet
  facet normal 0.19494 -0.980815 0
    outer loop
      vertex 14.7765 -25.8978 3.2
      vertex 14.3916 -25.9743 0
      vertex 14.7765 -25.8978 0
    endloop
  endfacet
  facet normal 0.997853 -0.0654873 0
    outer loop
      vertex 16.9743 -23.3916 3.2
      vertex 17 -23 0
      vertex 17 -23 3.2
    endloop
  endfacet
  facet normal 0.997853 -0.0654873 0
    outer loop
      vertex 17 -23 0
      vertex 16.9743 -23.3916 3.2
      vertex 16.9743 -23.3916 0
    endloop
  endfacet
  facet normal -1 0 0
    outer loop
      vertex -17 -23 0
      vertex -17 23 3.2
      vertex -17 23 0
    endloop
  endfacet
  facet normal -1 -0 0
    outer loop
      vertex -17 23 3.2
      vertex -17 -23 0
      vertex -17 -23 3.2
    endloop
  endfacet
  facet normal 0.0654873 -0.997853 0
    outer loop
      vertex 14 -26 0
      vertex 14.3916 -25.9743 3.2
      vertex 14 -26 3.2
    endloop
  endfacet
  facet normal 0.0654873 -0.997853 0
    outer loop
      vertex 14.3916 -25.9743 3.2
      vertex 14 -26 0
      vertex 14.3916 -25.9743 0
    endloop
  endfacet
  facet normal 0.831501 0.555523 0
    outer loop
      vertex 16.5981 24.5 3.2
      vertex 16.3801 24.8263 0
      vertex 16.3801 24.8263 3.2
    endloop
  endfacet
  facet normal 0.831501 0.555523 0
    outer loop
      vertex 16.3801 24.8263 0
      vertex 16.5981 24.5 3.2
      vertex 16.5981 24.5 0
    endloop
  endfacet
  facet normal 0 -1 0
    outer loop
      vertex -14 -26 0
      vertex 14 -26 3.2
      vertex -14 -26 3.2
    endloop
  endfacet
  facet normal 0 -1 -0
    outer loop
      vertex 14 -26 3.2
      vertex -14 -26 0
      vertex 14 -26 0
    endloop
  endfacet
  facet normal 0 1 -0
    outer loop
      vertex 14 26 0
      vertex -14 26 3.2
      vertex 14 26 3.2
    endloop
  endfacet
  facet normal 0 1 0
    outer loop
      vertex -14 26 3.2
      vertex 14 26 0
      vertex -14 26 0
    endloop
  endfacet
  facet normal 1 -0 0
    outer loop
      vertex 17 -23 3.2
      vertex 17 23 0
      vertex 17 23 3.2
    endloop
  endfacet
  facet normal 1 0 0
    outer loop
      vertex 17 23 0
      vertex 17 -23 3.2
      vertex 17 -23 0
    endloop
  endfacet
  facet normal 0.831501 -0.555523 0
    outer loop
      vertex 16.3801 -24.8263 3.2
      vertex 16.5981 -24.5 0
      vertex 16.5981 -24.5 3.2
    endloop
  endfacet
  facet normal 0.831501 -0.555523 0
    outer loop
      vertex 16.5981 -24.5 0
      vertex 16.3801 -24.8263 3.2
      vertex 16.3801 -24.8263 0
    endloop
  endfacet
  facet normal 0 0 -1
    outer loop
      vertex 9.79999 12.8 0
      vertex 1.60205 18.9051 0
      vertex 1.65 19.3 0
    endloop
  endfacet
  facet normal 0 0 -1
    outer loop
      vertex 9.79999 12.8 0
      vertex 1.461 18.5332 0
      vertex 1.60205 18.9051 0
    endloop
  endfacet
  facet normal 0 0 -1
    outer loop
      vertex 9.79999 12.8 0
      vertex 1.23504 18.2058 0
      vertex 1.461 18.5332 0
    endloop
  endfacet
  facet normal 0 0 -1
    outer loop
      vertex 9.79999 12.8 0
      vertex 0.937306 17.9421 0
      vertex 1.23504 18.2058 0
    endloop
  endfacet
  facet normal 0 0 -1
    outer loop
      vertex 9.79999 12.8 0
      vertex 0.585097 17.7572 0
      vertex 0.937306 17.9421 0
    endloop
  endfacet
  facet normal 0 0 -1
    outer loop
      vertex 9.79999 12.8 0
      vertex 0.198885 17.662 0
      vertex 0.585097 17.7572 0
    endloop
  endfacet
  facet normal 0 0 -1
    outer loop
      vertex 9.79999 12.8 0
      vertex -0.198885 17.662 0
      vertex 0.198885 17.662 0
    endloop
  endfacet
  facet normal 0 0 -1
    outer loop
      vertex -9.79999 12.8 0
      vertex -0.198885 17.662 0
      vertex 9.79999 12.8 0
    endloop
  endfacet
  facet normal -0 0 -1
    outer loop
      vertex -1.60205 18.9051 0
      vertex -9.79999 12.8 0
      vertex -1.65 19.3 0
    endloop
  endfacet
  facet normal -0 0 -1
    outer loop
      vertex -1.461 18.5332 0
      vertex -9.79999 12.8 0
      vertex -1.60205 18.9051 0
    endloop
  endfacet
  facet normal -0 0 -1
    outer loop
      vertex -1.23504 18.2058 0
      vertex -9.79999 12.8 0
      vertex -1.461 18.5332 0
    endloop
  endfacet
  facet normal -0 0 -1
    outer loop
      vertex -0.937306 17.9421 0
      vertex -9.79999 12.8 0
      vertex -1.23504 18.2058 0
    endloop
  endfacet
  facet normal -0 0 -1
    outer loop
      vertex -0.585097 17.7572 0
      vertex -9.79999 12.8 0
      vertex -0.937306 17.9421 0
    endloop
  endfacet
  facet normal -0 0 -1
    outer loop
      vertex -0.198885 17.662 0
      vertex -9.79999 12.8 0
      vertex -0.585097 17.7572 0
    endloop
  endfacet
  facet normal 0 0 -1
    outer loop
      vertex 14 -26 0
      vertex 17 -23 0
      vertex 16.9743 -23.3916 0
    endloop
  endfacet
  facet normal 0 0 -1
    outer loop
      vertex 17 -23 0
      vertex 12.8 -9.79999 0
      vertex 17 23 0
    endloop
  endfacet
  facet normal 0 0 -1
    outer loop
      vertex 14 -26 0
      vertex 16.9743 -23.3916 0
      vertex 16.8978 -23.7765 0
    endloop
  endfacet
  facet normal 0 0 -1
    outer loop
      vertex 12.8 9.79999 0
      vertex 17 23 0
      vertex 12.8 -9.79999 0
    endloop
  endfacet
  facet normal 0 0 -1
    outer loop
      vertex 14 -26 0
      vertex 16.8978 -23.7765 0
      vertex 16.7716 -24.1481 0
    endloop
  endfacet
  facet normal 0 0 -1
    outer loop
      vertex 12.7743 10.1916 0
      vertex 17 23 0
      vertex 12.8 9.79999 0
    endloop
  endfacet
  facet normal 0 0 -1
    outer loop
      vertex 14 -26 0
      vertex 16.7716 -24.1481 0
      vertex 16.5981 -24.5 0
    endloop
  endfacet
  facet normal 0 0 -1
    outer loop
      vertex 12.6978 10.5764 0
      vertex 17 23 0
      vertex 12.7743 10.1916 0
    endloop
  endfacet
  facet normal 0 0 -1
    outer loop
      vertex 14 -26 0
      vertex 16.5981 -24.5 0
      vertex 16.3801 -24.8263 0
    endloop
  endfacet
  facet normal 0 0 -1
    outer loop
      vertex 12.5716 10.948 0
      vertex 17 23 0
      vertex 12.6978 10.5764 0
    endloop
  endfacet
  facet normal 0 0 -1
    outer loop
      vertex 14 -26 0
      vertex 16.3801 -24.8263 0
      vertex 16.1213 -25.1213 0
    endloop
  endfacet
  facet normal 0 0 -1
    outer loop
      vertex 12.3981 11.3 0
      vertex 17 23 0
      vertex 12.5716 10.948 0
    endloop
  endfacet
  facet normal 0 0 -1
    outer loop
      vertex 14 -26 0
      vertex 16.1213 -25.1213 0
      vertex 15.8263 -25.3801 0
    endloop
  endfacet
  facet normal 0 0 -1
    outer loop
      vertex 12.1801 11.6263 0
      vertex 17 23 0
      vertex 12.3981 11.3 0
    endloop
  endfacet
  facet normal 0 0 -1
    outer loop
      vertex 14 -26 0
      vertex 15.8263 -25.3801 0
      vertex 15.5 -25.5981 0
    endloop
  endfacet
  facet normal 0 0 -1
    outer loop
      vertex 11.9213 11.9213 0
      vertex 17 23 0
      vertex 12.1801 11.6263 0
    endloop
  endfacet
  facet normal 0 0 -1
    outer loop
      vertex 14 -26 0
      vertex 15.5 -25.5981 0
      vertex 15.1481 -25.7716 0
    endloop
  endfacet
  facet normal 0 0 -1
    outer loop
      vertex 11.6263 12.1801 0
      vertex 17 23 0
      vertex 11.9213 11.9213 0
    endloop
  endfacet
  facet normal 0 0 -1
    outer loop
      vertex 14 -26 0
      vertex 15.1481 -25.7716 0
      vertex 14.7765 -25.8978 0
    endloop
  endfacet
  facet normal 0 0 -1
    outer loop
      vertex 11.3 12.3981 0
      vertex 17 23 0
      vertex 11.6263 12.1801 0
    endloop
  endfacet
  facet normal 0 0 -1
    outer loop
      vertex 14 -26 0
      vertex 14.7765 -25.8978 0
      vertex 14.3916 -25.9743 0
    endloop
  endfacet
  facet normal 0 0 -1
    outer loop
      vertex 10.948 12.5716 0
      vertex 17 23 0
      vertex 11.3 12.3981 0
    endloop
  endfacet
  facet normal -0 0 -1
    outer loop
      vertex 17 -23 0
      vertex 14 -26 0
      vertex 10.1916 -12.7743 0
    endloop
  endfacet
  facet normal 0 0 -1
    outer loop
      vertex 10.5764 12.6978 0
      vertex 17 23 0
      vertex 10.948 12.5716 0
    endloop
  endfacet
  facet normal 0 0 -1
    outer loop
      vertex 10.1916 12.7743 0
      vertex 17 23 0
      vertex 10.5764 12.6978 0
    endloop
  endfacet
  facet normal 0 0 -1
    outer loop
      vertex 17 -23 0
      vertex 12.7743 -10.1916 0
      vertex 12.8 -9.79999 0
    endloop
  endfacet
  facet normal 0 0 -1
    outer loop
      vertex 17 -23 0
      vertex 12.6978 -10.5764 0
      vertex 12.7743 -10.1916 0
    endloop
  endfacet
  facet normal 0 0 -1
    outer loop
      vertex 17 -23 0
      vertex 12.5716 -10.948 0
      vertex 12.6978 -10.5764 0
    endloop
  endfacet
  facet normal 0 0 -1
    outer loop
      vertex 17 -23 0
      vertex 12.3981 -11.3 0
      vertex 12.5716 -10.948 0
    endloop
  endfacet
  facet normal 0 0 -1
    outer loop
      vertex 17 -23 0
      vertex 12.1801 -11.6263 0
      vertex 12.3981 -11.3 0
    endloop
  endfacet
  facet normal 0 0 -1
    outer loop
      vertex 17 -23 0
      vertex 11.9213 -11.9213 0
      vertex 12.1801 -11.6263 0
    endloop
  endfacet
  facet normal 0 0 -1
    outer loop
      vertex 17 -23 0
      vertex 11.6263 -12.1801 0
      vertex 11.9213 -11.9213 0
    endloop
  endfacet
  facet normal 0 0 -1
    outer loop
      vertex 17 -23 0
      vertex 11.3 -12.3981 0
      vertex 11.6263 -12.1801 0
    endloop
  endfacet
  facet normal 0 0 -1
    outer loop
      vertex 17 -23 0
      vertex 10.948 -12.5716 0
      vertex 11.3 -12.3981 0
    endloop
  endfacet
  facet normal 0 0 -1
    outer loop
      vertex 17 -23 0
      vertex 10.5764 -12.6978 0
      vertex 10.948 -12.5716 0
    endloop
  endfacet
  facet normal 0 0 -1
    outer loop
      vertex 17 -23 0
      vertex 10.1916 -12.7743 0
      vertex 10.5764 -12.6978 0
    endloop
  endfacet
  facet normal 0 0 -1
    outer loop
      vertex 14 -26 0
      vertex 9.79999 -12.8 0
      vertex 10.1916 -12.7743 0
    endloop
  endfacet
  facet normal 0 0 -1
    outer loop
      vertex 14 -26 0
      vertex 1.65 -19.3 0
      vertex 9.79999 -12.8 0
    endloop
  endfacet
  facet normal 0 0 -1
    outer loop
      vertex 14 -26 0
      vertex 1.60205 -19.6949 0
      vertex 1.65 -19.3 0
    endloop
  endfacet
  facet normal 0 0 -1
    outer loop
      vertex 14 -26 0
      vertex 1.461 -20.0668 0
      vertex 1.60205 -19.6949 0
    endloop
  endfacet
  facet normal 0 0 -1
    outer loop
      vertex 14 -26 0
      vertex 1.23504 -20.3942 0
      vertex 1.461 -20.0668 0
    endloop
  endfacet
  facet normal 0 0 -1
    outer loop
      vertex 14 -26 0
      vertex 0.937306 -20.6579 0
      vertex 1.23504 -20.3942 0
    endloop
  endfacet
  facet normal 0 0 -1
    outer loop
      vertex 14 -26 0
      vertex 0.585097 -20.8428 0
      vertex 0.937306 -20.6579 0
    endloop
  endfacet
  facet normal 0 0 -1
    outer loop
      vertex 14 -26 0
      vertex 0.198885 -20.938 0
      vertex 0.585097 -20.8428 0
    endloop
  endfacet
  facet normal 0 0 -1
    outer loop
      vertex 14 -26 0
      vertex -0.198885 -20.938 0
      vertex 0.198885 -20.938 0
    endloop
  endfacet
  facet normal 0 0 -1
    outer loop
      vertex -14 -26 0
      vertex -0.198885 -20.938 0
      vertex 14 -26 0
    endloop
  endfacet
  facet normal 0 0 -1
    outer loop
      vertex -14 -26 0
      vertex -1.65 -19.3 0
      vertex -1.60205 -19.6949 0
    endloop
  endfacet
  facet normal 0 0 -1
    outer loop
      vertex -14 -26 0
      vertex -1.60205 -19.6949 0
      vertex -1.461 -20.0668 0
    endloop
  endfacet
  facet normal 0 0 -1
    outer loop
      vertex -14 -26 0
      vertex -1.461 -20.0668 0
      vertex -1.23504 -20.3942 0
    endloop
  endfacet
  facet normal -0 0 -1
    outer loop
      vertex -1.65 -19.3 0
      vertex -14 -26 0
      vertex -9.79999 -12.8 0
    endloop
  endfacet
  facet normal 0 0 -1
    outer loop
      vertex -14 -26 0
      vertex -1.23504 -20.3942 0
      vertex -0.937306 -20.6579 0
    endloop
  endfacet
  facet normal -0 0 -1
    outer loop
      vertex -9.79999 -12.8 0
      vertex -14 -26 0
      vertex -10.1916 -12.7743 0
    endloop
  endfacet
  facet normal 0 0 -1
    outer loop
      vertex -17 -23 0
      vertex -10.1916 -12.7743 0
      vertex -14 -26 0
    endloop
  endfacet
  facet normal -0 0 -1
    outer loop
      vertex -10.1916 -12.7743 0
      vertex -17 -23 0
      vertex -10.5764 -12.6978 0
    endloop
  endfacet
  facet normal -0 0 -1
    outer loop
      vertex -10.5764 -12.6978 0
      vertex -17 -23 0
      vertex -10.948 -12.5716 0
    endloop
  endfacet
  facet normal -0 0 -1
    outer loop
      vertex -12.7743 -10.1916 0
      vertex -17 -23 0
      vertex -12.8 -9.79999 0
    endloop
  endfacet
  facet normal -0 0 -1
    outer loop
      vertex -12.6978 -10.5764 0
      vertex -17 -23 0
      vertex -12.7743 -10.1916 0
    endloop
  endfacet
  facet normal -0 0 -1
    outer loop
      vertex -12.5716 -10.948 0
      vertex -17 -23 0
      vertex -12.6978 -10.5764 0
    endloop
  endfacet
  facet normal -0 0 -1
    outer loop
      vertex -12.3981 -11.3 0
      vertex -17 -23 0
      vertex -12.5716 -10.948 0
    endloop
  endfacet
  facet normal -0 0 -1
    outer loop
      vertex -12.1801 -11.6263 0
      vertex -17 -23 0
      vertex -12.3981 -11.3 0
    endloop
  endfacet
  facet normal -0 0 -1
    outer loop
      vertex -11.9213 -11.9213 0
      vertex -17 -23 0
      vertex -12.1801 -11.6263 0
    endloop
  endfacet
  facet normal -0 0 -1
    outer loop
      vertex -11.6263 -12.1801 0
      vertex -17 -23 0
      vertex -11.9213 -11.9213 0
    endloop
  endfacet
  facet normal -0 0 -1
    outer loop
      vertex -11.3 -12.3981 0
      vertex -17 -23 0
      vertex -11.6263 -12.1801 0
    endloop
  endfacet
  facet normal -0 0 -1
    outer loop
      vertex -10.948 -12.5716 0
      vertex -17 -23 0
      vertex -11.3 -12.3981 0
    endloop
  endfacet
  facet normal -0 0 -1
    outer loop
      vertex -0.585097 -20.8428 0
      vertex -14 -26 0
      vertex -0.937306 -20.6579 0
    endloop
  endfacet
  facet normal -0 0 -1
    outer loop
      vertex -0.198885 -20.938 0
      vertex -14 -26 0
      vertex -0.585097 -20.8428 0
    endloop
  endfacet
  facet normal 0 -0 -1
    outer loop
      vertex 14 26 0
      vertex 17 23 0
      vertex 10.1916 12.7743 0
    endloop
  endfacet
  facet normal 0 0 -1
    outer loop
      vertex 17 23 0
      vertex 14 26 0
      vertex 16.9743 23.3916 0
    endloop
  endfacet
  facet normal 0 0 -1
    outer loop
      vertex 16.8978 23.7765 0
      vertex 14 26 0
      vertex 16.7716 24.1481 0
    endloop
  endfacet
  facet normal 0 0 -1
    outer loop
      vertex 16.7716 24.1481 0
      vertex 14 26 0
      vertex 16.5981 24.5 0
    endloop
  endfacet
  facet normal 0 0 -1
    outer loop
      vertex 16.5981 24.5 0
      vertex 14 26 0
      vertex 16.3801 24.8263 0
    endloop
  endfacet
  facet normal 0 0 -1
    outer loop
      vertex 16.3801 24.8263 0
      vertex 14 26 0
      vertex 16.1213 25.1213 0
    endloop
  endfacet
  facet normal 0 0 -1
    outer loop
      vertex 15.8263 25.3801 0
      vertex 14 26 0
      vertex 15.5 25.5981 0
    endloop
  endfacet
  facet normal 0 0 -1
    outer loop
      vertex 15.5 25.5981 0
      vertex 14 26 0
      vertex 15.1481 25.7716 0
    endloop
  endfacet
  facet normal 0 0 -1
    outer loop
      vertex 15.1481 25.7716 0
      vertex 14 26 0
      vertex 14.7765 25.8978 0
    endloop
  endfacet
  facet normal 0 0 -1
    outer loop
      vertex 14.7765 25.8978 0
      vertex 14 26 0
      vertex 14.3916 25.9743 0
    endloop
  endfacet
  facet normal 0 0 -1
    outer loop
      vertex 16.1213 25.1213 0
      vertex 14 26 0
      vertex 15.8263 25.3801 0
    endloop
  endfacet
  facet normal 0 0 -1
    outer loop
      vertex 16.9743 23.3916 0
      vertex 14 26 0
      vertex 16.8978 23.7765 0
    endloop
  endfacet
  facet normal 0 0 -1
    outer loop
      vertex 9.79999 12.8 0
      vertex 14 26 0
      vertex 10.1916 12.7743 0
    endloop
  endfacet
  facet normal 0 0 -1
    outer loop
      vertex 1.65 19.3 0
      vertex 14 26 0
      vertex 9.79999 12.8 0
    endloop
  endfacet
  facet normal 0 0 -1
    outer loop
      vertex 1.60205 19.6949 0
      vertex 14 26 0
      vertex 1.65 19.3 0
    endloop
  endfacet
  facet normal 0 0 -1
    outer loop
      vertex 1.461 20.0668 0
      vertex 14 26 0
      vertex 1.60205 19.6949 0
    endloop
  endfacet
  facet normal 0 0 -1
    outer loop
      vertex 1.23504 20.3942 0
      vertex 14 26 0
      vertex 1.461 20.0668 0
    endloop
  endfacet
  facet normal 0 0 -1
    outer loop
      vertex 0.937306 20.6579 0
      vertex 14 26 0
      vertex 1.23504 20.3942 0
    endloop
  endfacet
  facet normal 0 0 -1
    outer loop
      vertex 0.585097 20.8428 0
      vertex 14 26 0
      vertex 0.937306 20.6579 0
    endloop
  endfacet
  facet normal 0 0 -1
    outer loop
      vertex 0.198885 20.938 0
      vertex 14 26 0
      vertex 0.585097 20.8428 0
    endloop
  endfacet
  facet normal 0 0 -1
    outer loop
      vertex -0.198885 20.938 0
      vertex 14 26 0
      vertex 0.198885 20.938 0
    endloop
  endfacet
  facet normal 0 0 -1
    outer loop
      vertex -14 26 0
      vertex -0.198885 20.938 0
      vertex -0.585097 20.8428 0
    endloop
  endfacet
  facet normal 0 0 -1
    outer loop
      vertex -14 26 0
      vertex -1.65 19.3 0
      vertex -9.79999 12.8 0
    endloop
  endfacet
  facet normal 0 0 -1
    outer loop
      vertex -1.65 19.3 0
      vertex -14 26 0
      vertex -1.60205 19.6949 0
    endloop
  endfacet
  facet normal 0 0 -1
    outer loop
      vertex -1.60205 19.6949 0
      vertex -14 26 0
      vertex -1.461 20.0668 0
    endloop
  endfacet
  facet normal 0 0 -1
    outer loop
      vertex -14 26 0
      vertex -9.79999 12.8 0
      vertex -10.1916 12.7743 0
    endloop
  endfacet
  facet normal 0 0 -1
    outer loop
      vertex -1.461 20.0668 0
      vertex -14 26 0
      vertex -1.23504 20.3942 0
    endloop
  endfacet
  facet normal 0 0 -1
    outer loop
      vertex -17 23 0
      vertex -10.1916 12.7743 0
      vertex -10.5764 12.6978 0
    endloop
  endfacet
  facet normal 0 0 -1
    outer loop
      vertex -17 23 0
      vertex -10.5764 12.6978 0
      vertex -10.948 12.5716 0
    endloop
  endfacet
  facet normal 0 0 -1
    outer loop
      vertex -17 23 0
      vertex -10.948 12.5716 0
      vertex -11.3 12.3981 0
    endloop
  endfacet
  facet normal 0 0 -1
    outer loop
      vertex -17 23 0
      vertex -11.3 12.3981 0
      vertex -11.6263 12.1801 0
    endloop
  endfacet
  facet normal 0 0 -1
    outer loop
      vertex -0.198885 20.938 0
      vertex -14 26 0
      vertex 14 26 0
    endloop
  endfacet
  facet normal 0 0 -1
    outer loop
      vertex -0.937306 20.6579 0
      vertex -14 26 0
      vertex -0.585097 20.8428 0
    endloop
  endfacet
  facet normal 0 0 -1
    outer loop
      vertex -1.23504 20.3942 0
      vertex -14 26 0
      vertex -0.937306 20.6579 0
    endloop
  endfacet
  facet normal 0 0 -1
    outer loop
      vertex -17 23 0
      vertex -11.6263 12.1801 0
      vertex -11.9213 11.9213 0
    endloop
  endfacet
  facet normal 0 0 -1
    outer loop
      vertex -17 23 0
      vertex -11.9213 11.9213 0
      vertex -12.1801 11.6263 0
    endloop
  endfacet
  facet normal 0 0 -1
    outer loop
      vertex -17 23 0
      vertex -12.1801 11.6263 0
      vertex -12.3981 11.3 0
    endloop
  endfacet
  facet normal 0 0 -1
    outer loop
      vertex -17 23 0
      vertex -12.3981 11.3 0
      vertex -12.5716 10.948 0
    endloop
  endfacet
  facet normal 0 0 -1
    outer loop
      vertex -17 23 0
      vertex -12.5716 10.948 0
      vertex -12.6978 10.5764 0
    endloop
  endfacet
  facet normal 0 0 -1
    outer loop
      vertex -17 23 0
      vertex -12.6978 10.5764 0
      vertex -12.7743 10.1916 0
    endloop
  endfacet
  facet normal 0 0 -1
    outer loop
      vertex -17 23 0
      vertex -12.7743 10.1916 0
      vertex -12.8 9.79999 0
    endloop
  endfacet
  facet normal -0 0 -1
    outer loop
      vertex -12.8 -9.79999 0
      vertex -17 -23 0
      vertex -12.8 9.79999 0
    endloop
  endfacet
  facet normal 0 0 -1
    outer loop
      vertex -17 -23 0
      vertex -14 -26 0
      vertex -14.3916 -25.9743 0
    endloop
  endfacet
  facet normal 0 0 -1
    outer loop
      vertex -17 23 0
      vertex -12.8 9.79999 0
      vertex -17 -23 0
    endloop
  endfacet
  facet normal 0 0 -1
    outer loop
      vertex -17 -23 0
      vertex -14.3916 -25.9743 0
      vertex -14.7765 -25.8978 0
    endloop
  endfacet
  facet normal 0 0 -1
    outer loop
      vertex -10.1916 12.7743 0
      vertex -17 23 0
      vertex -14 26 0
    endloop
  endfacet
  facet normal 0 0 -1
    outer loop
      vertex -17 -23 0
      vertex -14.7765 -25.8978 0
      vertex -15.1481 -25.7716 0
    endloop
  endfacet
  facet normal 0 0 -1
    outer loop
      vertex -14 26 0
      vertex -17 23 0
      vertex -14.3916 25.9743 0
    endloop
  endfacet
  facet normal 0 0 -1
    outer loop
      vertex -17 -23 0
      vertex -15.1481 -25.7716 0
      vertex -15.5 -25.5981 0
    endloop
  endfacet
  facet normal 0 0 -1
    outer loop
      vertex -14.3916 25.9743 0
      vertex -17 23 0
      vertex -14.7765 25.8978 0
    endloop
  endfacet
  facet normal 0 0 -1
    outer loop
      vertex -17 -23 0
      vertex -15.5 -25.5981 0
      vertex -15.8263 -25.3801 0
    endloop
  endfacet
  facet normal 0 0 -1
    outer loop
      vertex -14.7765 25.8978 0
      vertex -17 23 0
      vertex -15.1481 25.7716 0
    endloop
  endfacet
  facet normal 0 0 -1
    outer loop
      vertex -17 -23 0
      vertex -15.8263 -25.3801 0
      vertex -16.1213 -25.1213 0
    endloop
  endfacet
  facet normal 0 0 -1
    outer loop
      vertex -15.1481 25.7716 0
      vertex -17 23 0
      vertex -15.5 25.5981 0
    endloop
  endfacet
  facet normal 0 0 -1
    outer loop
      vertex -17 -23 0
      vertex -16.1213 -25.1213 0
      vertex -16.3801 -24.8263 0
    endloop
  endfacet
  facet normal 0 0 -1
    outer loop
      vertex -15.5 25.5981 0
      vertex -17 23 0
      vertex -15.8263 25.3801 0
    endloop
  endfacet
  facet normal 0 0 -1
    outer loop
      vertex -17 -23 0
      vertex -16.3801 -24.8263 0
      vertex -16.5981 -24.5 0
    endloop
  endfacet
  facet normal 0 0 -1
    outer loop
      vertex -15.8263 25.3801 0
      vertex -17 23 0
      vertex -16.1213 25.1213 0
    endloop
  endfacet
  facet normal 0 0 -1
    outer loop
      vertex -17 -23 0
      vertex -16.5981 -24.5 0
      vertex -16.7716 -24.1481 0
    endloop
  endfacet
  facet normal 0 0 -1
    outer loop
      vertex -16.1213 25.1213 0
      vertex -17 23 0
      vertex -16.3801 24.8263 0
    endloop
  endfacet
  facet normal 0 0 -1
    outer loop
      vertex -17 -23 0
      vertex -16.7716 -24.1481 0
      vertex -16.8978 -23.7765 0
    endloop
  endfacet
  facet normal 0 0 -1
    outer loop
      vertex -16.3801 24.8263 0
      vertex -17 23 0
      vertex -16.5981 24.5 0
    endloop
  endfacet
  facet normal 0 0 -1
    outer loop
      vertex -17 -23 0
      vertex -16.8978 -23.7765 0
      vertex -16.9743 -23.3916 0
    endloop
  endfacet
  facet normal 0 0 -1
    outer loop
      vertex -16.5981 24.5 0
      vertex -17 23 0
      vertex -16.7716 24.1481 0
    endloop
  endfacet
  facet normal 0 0 -1
    outer loop
      vertex -16.7716 24.1481 0
      vertex -17 23 0
      vertex -16.8978 23.7765 0
    endloop
  endfacet
  facet normal 0 0 -1
    outer loop
      vertex -16.8978 23.7765 0
      vertex -17 23 0
      vertex -16.9743 23.3916 0
    endloop
  endfacet
  facet normal 0 0 -1
    outer loop
      vertex 1.60205 -18.9051 0
      vertex 9.79999 -12.8 0
      vertex 1.65 -19.3 0
    endloop
  endfacet
  facet normal 0 0 -1
    outer loop
      vertex 1.461 -18.5332 0
      vertex 9.79999 -12.8 0
      vertex 1.60205 -18.9051 0
    endloop
  endfacet
  facet normal 0 0 -1
    outer loop
      vertex 1.23504 -18.2058 0
      vertex 9.79999 -12.8 0
      vertex 1.461 -18.5332 0
    endloop
  endfacet
  facet normal 0 0 -1
    outer loop
      vertex 0.937306 -17.9421 0
      vertex 9.79999 -12.8 0
      vertex 1.23504 -18.2058 0
    endloop
  endfacet
  facet normal 0 0 -1
    outer loop
      vertex 0.585097 -17.7572 0
      vertex 9.79999 -12.8 0
      vertex 0.937306 -17.9421 0
    endloop
  endfacet
  facet normal 0 0 -1
    outer loop
      vertex 0.198885 -17.662 0
      vertex 9.79999 -12.8 0
      vertex 0.585097 -17.7572 0
    endloop
  endfacet
  facet normal 0 0 -1
    outer loop
      vertex -0.198885 -17.662 0
      vertex 9.79999 -12.8 0
      vertex 0.198885 -17.662 0
    endloop
  endfacet
  facet normal 0 0 -1
    outer loop
      vertex -9.79999 -12.8 0
      vertex -0.198885 -17.662 0
      vertex -0.585097 -17.7572 0
    endloop
  endfacet
  facet normal 0 0 -1
    outer loop
      vertex -0.198885 -17.662 0
      vertex -9.79999 -12.8 0
      vertex 9.79999 -12.8 0
    endloop
  endfacet
  facet normal 0 0 -1
    outer loop
      vertex -0.937306 -17.9421 0
      vertex -9.79999 -12.8 0
      vertex -0.585097 -17.7572 0
    endloop
  endfacet
  facet normal 0 0 -1
    outer loop
      vertex -1.23504 -18.2058 0
      vertex -9.79999 -12.8 0
      vertex -0.937306 -17.9421 0
    endloop
  endfacet
  facet normal 0 0 -1
    outer loop
      vertex -1.461 -18.5332 0
      vertex -9.79999 -12.8 0
      vertex -1.23504 -18.2058 0
    endloop
  endfacet
  facet normal 0 0 -1
    outer loop
      vertex -1.60205 -18.9051 0
      vertex -9.79999 -12.8 0
      vertex -1.461 -18.5332 0
    endloop
  endfacet
  facet normal 0 0 -1
    outer loop
      vertex -9.79999 -12.8 0
      vertex -1.60205 -18.9051 0
      vertex -1.65 -19.3 0
    endloop
  endfacet
  facet normal -0.946885 -0.321574 0
    outer loop
      vertex -16.7716 -24.1481 0
      vertex -16.8978 -23.7765 3.2
      vertex -16.8978 -23.7765 0
    endloop
  endfacet
  facet normal -0.946885 -0.321574 0
    outer loop
      vertex -16.8978 -23.7765 3.2
      vertex -16.7716 -24.1481 0
      vertex -16.7716 -24.1481 3.2
    endloop
  endfacet
  facet normal -0.19494 0.980815 0
    outer loop
      vertex -14.3916 25.9743 0
      vertex -14.7765 25.8978 3.2
      vertex -14.3916 25.9743 3.2
    endloop
  endfacet
  facet normal -0.19494 0.980815 0
    outer loop
      vertex -14.7765 25.8978 3.2
      vertex -14.3916 25.9743 0
      vertex -14.7765 25.8978 0
    endloop
  endfacet
  facet normal 0.555523 0.831501 -0
    outer loop
      vertex 15.8263 25.3801 0
      vertex 15.5 25.5981 3.2
      vertex 15.8263 25.3801 3.2
    endloop
  endfacet
  facet normal 0.555523 0.831501 0
    outer loop
      vertex 15.5 25.5981 3.2
      vertex 15.8263 25.3801 0
      vertex 15.5 25.5981 0
    endloop
  endfacet
  facet normal 0.321574 0.946885 -0
    outer loop
      vertex 15.1481 25.7716 0
      vertex 14.7765 25.8978 3.2
      vertex 15.1481 25.7716 3.2
    endloop
  endfacet
  facet normal 0.321574 0.946885 0
    outer loop
      vertex 14.7765 25.8978 3.2
      vertex 15.1481 25.7716 0
      vertex 14.7765 25.8978 0
    endloop
  endfacet
  facet normal -0.321574 0.946885 0
    outer loop
      vertex -14.7765 25.8978 0
      vertex -15.1481 25.7716 3.2
      vertex -14.7765 25.8978 3.2
    endloop
  endfacet
  facet normal -0.321574 0.946885 0
    outer loop
      vertex -15.1481 25.7716 3.2
      vertex -14.7765 25.8978 0
      vertex -15.1481 25.7716 0
    endloop
  endfacet
  facet normal -0.997853 0.0654873 0
    outer loop
      vertex -17 23 0
      vertex -16.9743 23.3916 3.2
      vertex -16.9743 23.3916 0
    endloop
  endfacet
  facet normal -0.997853 0.0654873 0
    outer loop
      vertex -16.9743 23.3916 3.2
      vertex -17 23 0
      vertex -17 23 3.2
    endloop
  endfacet
  facet normal -0.997853 -0.0654873 0
    outer loop
      vertex -16.9743 -23.3916 0
      vertex -17 -23 3.2
      vertex -17 -23 0
    endloop
  endfacet
  facet normal -0.997853 -0.0654873 0
    outer loop
      vertex -17 -23 3.2
      vertex -16.9743 -23.3916 0
      vertex -16.9743 -23.3916 3.2
    endloop
  endfacet
  facet normal -0.831501 -0.555523 0
    outer loop
      vertex -16.3801 -24.8263 0
      vertex -16.5981 -24.5 3.2
      vertex -16.5981 -24.5 0
    endloop
  endfacet
  facet normal -0.831501 -0.555523 0
    outer loop
      vertex -16.5981 -24.5 3.2
      vertex -16.3801 -24.8263 0
      vertex -16.3801 -24.8263 3.2
    endloop
  endfacet
  facet normal -0.659478 -0.751724 0
    outer loop
      vertex -16.1213 -25.1213 0
      vertex -15.8263 -25.3801 3.2
      vertex -16.1213 -25.1213 3.2
    endloop
  endfacet
  facet normal -0.659478 -0.751724 -0
    outer loop
      vertex -15.8263 -25.3801 3.2
      vertex -16.1213 -25.1213 0
      vertex -15.8263 -25.3801 0
    endloop
  endfacet
  facet normal -0.19494 -0.980815 0
    outer loop
      vertex -14.7765 -25.8978 0
      vertex -14.3916 -25.9743 3.2
      vertex -14.7765 -25.8978 3.2
    endloop
  endfacet
  facet normal -0.19494 -0.980815 -0
    outer loop
      vertex -14.3916 -25.9743 3.2
      vertex -14.7765 -25.8978 0
      vertex -14.3916 -25.9743 0
    endloop
  endfacet
  facet normal -0.442211 -0.896911 0
    outer loop
      vertex -15.5 -25.5981 0
      vertex -15.1481 -25.7716 3.2
      vertex -15.5 -25.5981 3.2
    endloop
  endfacet
  facet normal -0.442211 -0.896911 -0
    outer loop
      vertex -15.1481 -25.7716 3.2
      vertex -15.5 -25.5981 0
      vertex -15.1481 -25.7716 0
    endloop
  endfacet
  facet normal 0.751724 0.659478 0
    outer loop
      vertex 16.3801 24.8263 3.2
      vertex 16.1213 25.1213 0
      vertex 16.1213 25.1213 3.2
    endloop
  endfacet
  facet normal 0.751724 0.659478 0
    outer loop
      vertex 16.1213 25.1213 0
      vertex 16.3801 24.8263 3.2
      vertex 16.3801 24.8263 0
    endloop
  endfacet
  facet normal 0.659478 0.751724 -0
    outer loop
      vertex 16.1213 25.1213 0
      vertex 15.8263 25.3801 3.2
      vertex 16.1213 25.1213 3.2
    endloop
  endfacet
  facet normal 0.659478 0.751724 0
    outer loop
      vertex 15.8263 25.3801 3.2
      vertex 16.1213 25.1213 0
      vertex 15.8263 25.3801 0
    endloop
  endfacet
  facet normal 0.0654873 0.997853 -0
    outer loop
      vertex 14.3916 25.9743 0
      vertex 14 26 3.2
      vertex 14.3916 25.9743 3.2
    endloop
  endfacet
  facet normal 0.0654873 0.997853 0
    outer loop
      vertex 14 26 3.2
      vertex 14.3916 25.9743 0
      vertex 14 26 0
    endloop
  endfacet
  facet normal 0.19494 0.980815 -0
    outer loop
      vertex 14.7765 25.8978 0
      vertex 14.3916 25.9743 3.2
      vertex 14.7765 25.8978 3.2
    endloop
  endfacet
  facet normal 0.19494 0.980815 0
    outer loop
      vertex 14.3916 25.9743 3.2
      vertex 14.7765 25.8978 0
      vertex 14.3916 25.9743 0
    endloop
  endfacet
  facet normal 0.442211 0.896911 -0
    outer loop
      vertex 15.5 25.5981 0
      vertex 15.1481 25.7716 3.2
      vertex 15.5 25.5981 3.2
    endloop
  endfacet
  facet normal 0.442211 0.896911 0
    outer loop
      vertex 15.1481 25.7716 3.2
      vertex 15.5 25.5981 0
      vertex 15.1481 25.7716 0
    endloop
  endfacet
  facet normal -0.0654873 0.997853 0
    outer loop
      vertex -14 26 0
      vertex -14.3916 25.9743 3.2
      vertex -14 26 3.2
    endloop
  endfacet
  facet normal -0.0654873 0.997853 0
    outer loop
      vertex -14.3916 25.9743 3.2
      vertex -14 26 0
      vertex -14.3916 25.9743 0
    endloop
  endfacet
  facet normal 0.896911 -0.442211 0
    outer loop
      vertex 16.5981 -24.5 3.2
      vertex 16.7716 -24.1481 0
      vertex 16.7716 -24.1481 3.2
    endloop
  endfacet
  facet normal 0.896911 -0.442211 0
    outer loop
      vertex 16.7716 -24.1481 0
      vertex 16.5981 -24.5 3.2
      vertex 16.5981 -24.5 0
    endloop
  endfacet
  facet normal 0.980815 -0.19494 0
    outer loop
      vertex 16.8978 -23.7765 3.2
      vertex 16.9743 -23.3916 0
      vertex 16.9743 -23.3916 3.2
    endloop
  endfacet
  facet normal 0.980815 -0.19494 0
    outer loop
      vertex 16.9743 -23.3916 0
      vertex 16.8978 -23.7765 3.2
      vertex 16.8978 -23.7765 0
    endloop
  endfacet
  facet normal 0.751724 -0.659478 0
    outer loop
      vertex 16.1213 -25.1213 3.2
      vertex 16.3801 -24.8263 0
      vertex 16.3801 -24.8263 3.2
    endloop
  endfacet
  facet normal 0.751724 -0.659478 0
    outer loop
      vertex 16.3801 -24.8263 0
      vertex 16.1213 -25.1213 3.2
      vertex 16.1213 -25.1213 0
    endloop
  endfacet
  facet normal 0.442211 -0.896911 0
    outer loop
      vertex 15.1481 -25.7716 0
      vertex 15.5 -25.5981 3.2
      vertex 15.1481 -25.7716 3.2
    endloop
  endfacet
  facet normal 0.442211 -0.896911 0
    outer loop
      vertex 15.5 -25.5981 3.2
      vertex 15.1481 -25.7716 0
      vertex 15.5 -25.5981 0
    endloop
  endfacet
  facet normal 0.980815 0.19494 0
    outer loop
      vertex 16.9743 23.3916 3.2
      vertex 16.8978 23.7765 0
      vertex 16.8978 23.7765 3.2
    endloop
  endfacet
  facet normal 0.980815 0.19494 0
    outer loop
      vertex 16.8978 23.7765 0
      vertex 16.9743 23.3916 3.2
      vertex 16.9743 23.3916 0
    endloop
  endfacet
  facet normal 0.946885 0.321574 0
    outer loop
      vertex 16.8978 23.7765 3.2
      vertex 16.7716 24.1481 0
      vertex 16.7716 24.1481 3.2
    endloop
  endfacet
  facet normal 0.946885 0.321574 0
    outer loop
      vertex 16.7716 24.1481 0
      vertex 16.8978 23.7765 3.2
      vertex 16.8978 23.7765 0
    endloop
  endfacet
  facet normal 0.997853 0.0654873 0
    outer loop
      vertex 17 23 3.2
      vertex 16.9743 23.3916 0
      vertex 16.9743 23.3916 3.2
    endloop
  endfacet
  facet normal 0.997853 0.0654873 0
    outer loop
      vertex 16.9743 23.3916 0
      vertex 17 23 3.2
      vertex 17 23 0
    endloop
  endfacet
  facet normal 0.896911 0.442211 0
    outer loop
      vertex 16.7716 24.1481 3.2
      vertex 16.5981 24.5 0
      vertex 16.5981 24.5 3.2
    endloop
  endfacet
  facet normal 0.896911 0.442211 0
    outer loop
      vertex 16.5981 24.5 0
      vertex 16.7716 24.1481 3.2
      vertex 16.7716 24.1481 0
    endloop
  endfacet
  facet normal -0.751724 0.659478 0
    outer loop
      vertex -16.3801 24.8263 0
      vertex -16.1213 25.1213 3.2
      vertex -16.1213 25.1213 0
    endloop
  endfacet
  facet normal -0.751724 0.659478 0
    outer loop
      vertex -16.1213 25.1213 3.2
      vertex -16.3801 24.8263 0
      vertex -16.3801 24.8263 3.2
    endloop
  endfacet
  facet normal -0.831501 0.555523 0
    outer loop
      vertex -16.5981 24.5 0
      vertex -16.3801 24.8263 3.2
      vertex -16.3801 24.8263 0
    endloop
  endfacet
  facet normal -0.831501 0.555523 0
    outer loop
      vertex -16.3801 24.8263 3.2
      vertex -16.5981 24.5 0
      vertex -16.5981 24.5 3.2
    endloop
  endfacet
  facet normal -0.980815 0.19494 0
    outer loop
      vertex -16.9743 23.3916 0
      vertex -16.8978 23.7765 3.2
      vertex -16.8978 23.7765 0
    endloop
  endfacet
  facet normal -0.980815 0.19494 0
    outer loop
      vertex -16.8978 23.7765 3.2
      vertex -16.9743 23.3916 0
      vertex -16.9743 23.3916 3.2
    endloop
  endfacet
  facet normal -0.896911 -0.442211 0
    outer loop
      vertex -16.5981 -24.5 0
      vertex -16.7716 -24.1481 3.2
      vertex -16.7716 -24.1481 0
    endloop
  endfacet
  facet normal -0.896911 -0.442211 0
    outer loop
      vertex -16.7716 -24.1481 3.2
      vertex -16.5981 -24.5 0
      vertex -16.5981 -24.5 3.2
    endloop
  endfacet
  facet normal -0.980815 -0.19494 0
    outer loop
      vertex -16.8978 -23.7765 0
      vertex -16.9743 -23.3916 3.2
      vertex -16.9743 -23.3916 0
    endloop
  endfacet
  facet normal -0.980815 -0.19494 0
    outer loop
      vertex -16.9743 -23.3916 3.2
      vertex -16.8978 -23.7765 0
      vertex -16.8978 -23.7765 3.2
    endloop
  endfacet
  facet normal -0.751724 -0.659478 0
    outer loop
      vertex -16.1213 -25.1213 0
      vertex -16.3801 -24.8263 3.2
      vertex -16.3801 -24.8263 0
    endloop
  endfacet
  facet normal -0.751724 -0.659478 0
    outer loop
      vertex -16.3801 -24.8263 3.2
      vertex -16.1213 -25.1213 0
      vertex -16.1213 -25.1213 3.2
    endloop
  endfacet
  facet normal -0.555523 -0.831501 0
    outer loop
      vertex -15.8263 -25.3801 0
      vertex -15.5 -25.5981 3.2
      vertex -15.8263 -25.3801 3.2
    endloop
  endfacet
  facet normal -0.555523 -0.831501 -0
    outer loop
      vertex -15.5 -25.5981 3.2
      vertex -15.8263 -25.3801 0
      vertex -15.5 -25.5981 0
    endloop
  endfacet
  facet normal -0.0654873 -0.997853 0
    outer loop
      vertex -14.3916 -25.9743 0
      vertex -14 -26 3.2
      vertex -14.3916 -25.9743 3.2
    endloop
  endfacet
  facet normal -0.0654873 -0.997853 -0
    outer loop
      vertex -14 -26 3.2
      vertex -14.3916 -25.9743 0
      vertex -14 -26 0
    endloop
  endfacet
  facet normal -0.321574 -0.946885 0
    outer loop
      vertex -15.1481 -25.7716 0
      vertex -14.7765 -25.8978 3.2
      vertex -15.1481 -25.7716 3.2
    endloop
  endfacet
  facet normal -0.321574 -0.946885 -0
    outer loop
      vertex -14.7765 -25.8978 3.2
      vertex -15.1481 -25.7716 0
      vertex -14.7765 -25.8978 0
    endloop
  endfacet
  facet normal 0.946885 -0.321574 0
    outer loop
      vertex 16.7716 -24.1481 3.2
      vertex 16.8978 -23.7765 0
      vertex 16.8978 -23.7765 3.2
    endloop
  endfacet
  facet normal 0.946885 -0.321574 0
    outer loop
      vertex 16.8978 -23.7765 0
      vertex 16.7716 -24.1481 3.2
      vertex 16.7716 -24.1481 0
    endloop
  endfacet
  facet normal 0.555523 -0.831501 0
    outer loop
      vertex 15.5 -25.5981 0
      vertex 15.8263 -25.3801 3.2
      vertex 15.5 -25.5981 3.2
    endloop
  endfacet
  facet normal 0.555523 -0.831501 0
    outer loop
      vertex 15.8263 -25.3801 3.2
      vertex 15.5 -25.5981 0
      vertex 15.8263 -25.3801 0
    endloop
  endfacet
  facet normal -0.442211 0.896911 0
    outer loop
      vertex -15.1481 25.7716 0
      vertex -15.5 25.5981 3.2
      vertex -15.1481 25.7716 3.2
    endloop
  endfacet
  facet normal -0.442211 0.896911 0
    outer loop
      vertex -15.5 25.5981 3.2
      vertex -15.1481 25.7716 0
      vertex -15.5 25.5981 0
    endloop
  endfacet
  facet normal -0.946885 0.321574 0
    outer loop
      vertex -16.8978 23.7765 0
      vertex -16.7716 24.1481 3.2
      vertex -16.7716 24.1481 0
    endloop
  endfacet
  facet normal -0.946885 0.321574 0
    outer loop
      vertex -16.7716 24.1481 3.2
      vertex -16.8978 23.7765 0
      vertex -16.8978 23.7765 3.2
    endloop
  endfacet
  facet normal -0.896911 0.442211 0
    outer loop
      vertex -16.7716 24.1481 0
      vertex -16.5981 24.5 3.2
      vertex -16.5981 24.5 0
    endloop
  endfacet
  facet normal -0.896911 0.442211 0
    outer loop
      vertex -16.5981 24.5 3.2
      vertex -16.7716 24.1481 0
      vertex -16.7716 24.1481 3.2
    endloop
  endfacet
  facet normal 0.659478 -0.751724 0
    outer loop
      vertex 15.8263 -25.3801 0
      vertex 16.1213 -25.1213 3.2
      vertex 15.8263 -25.3801 3.2
    endloop
  endfacet
  facet normal 0.659478 -0.751724 0
    outer loop
      vertex 16.1213 -25.1213 3.2
      vertex 15.8263 -25.3801 0
      vertex 16.1213 -25.1213 0
    endloop
  endfacet
  facet normal -0.659478 0.751724 0
    outer loop
      vertex -15.8263 25.3801 0
      vertex -16.1213 25.1213 3.2
      vertex -15.8263 25.3801 3.2
    endloop
  endfacet
  facet normal -0.659478 0.751724 0
    outer loop
      vertex -16.1213 25.1213 3.2
      vertex -15.8263 25.3801 0
      vertex -16.1213 25.1213 0
    endloop
  endfacet
  facet normal -0.555523 0.831501 0
    outer loop
      vertex -15.5 25.5981 0
      vertex -15.8263 25.3801 3.2
      vertex -15.5 25.5981 3.2
    endloop
  endfacet
  facet normal -0.555523 0.831501 0
    outer loop
      vertex -15.8263 25.3801 3.2
      vertex -15.5 25.5981 0
      vertex -15.8263 25.3801 0
    endloop
  endfacet
  facet normal 0.300208 -0.88426 -0.357713
    outer loop
      vertex 35.5303 -42.6566 98.2
      vertex 10.5764 -12.6978 3.2
      vertex 36.7786 -42.2328 98.2
    endloop
  endfacet
  facet normal 0.0621059 -0.946702 -0.316067
    outer loop
      vertex 32.9218 -43 98.2
      vertex 10.1916 -12.7743 3.2
      vertex 34.2373 -42.9137 98.2
    endloop
  endfacet
  facet normal 0.300294 -0.884226 -0.357726
    outer loop
      vertex 36.7786 -42.2328 98.2
      vertex 10.5764 -12.6978 3.2
      vertex 10.948 -12.5716 3.2
    endloop
  endfacet
  facet normal 0.183432 -0.922674 -0.339154
    outer loop
      vertex 34.2373 -42.9137 98.2
      vertex 10.1916 -12.7743 3.2
      vertex 10.5764 -12.6978 3.2
    endloop
  endfacet
  facet normal 0.183463 -0.922666 -0.339159
    outer loop
      vertex 34.2373 -42.9137 98.2
      vertex 10.5764 -12.6978 3.2
      vertex 35.5303 -42.6566 98.2
    endloop
  endfacet
  facet normal 0 -0.953005 -0.302955
    outer loop
      vertex -9.79999 -12.8 3.2
      vertex 32.9218 -43 98.2
      vertex -32.9218 -43 98.2
    endloop
  endfacet
  facet normal 0 -0.953005 -0.302955
    outer loop
      vertex 32.9218 -43 98.2
      vertex -9.79999 -12.8 3.2
      vertex 9.79999 -12.8 3.2
    endloop
  endfacet
  facet normal 0.953005 0 -0.302955
    outer loop
      vertex 43 32.9218 98.2
      vertex 12.8 -9.79999 3.2
      vertex 12.8 9.79999 3.2
    endloop
  endfacet
  facet normal 0.953005 0 -0.302955
    outer loop
      vertex 12.8 -9.79999 3.2
      vertex 43 32.9218 98.2
      vertex 43 -32.9218 98.2
    endloop
  endfacet
  facet normal 0.0621285 -0.946699 -0.316072
    outer loop
      vertex 32.9218 -43 98.2
      vertex 9.79999 -12.8 3.2
      vertex 10.1916 -12.7743 3.2
    endloop
  endfacet
  facet normal -0.946702 0.0621059 -0.316067
    outer loop
      vertex -12.7743 10.1916 3.2
      vertex -43 32.9218 98.2
      vertex -42.9137 34.2373 98.2
    endloop
  endfacet
  facet normal 0.946699 0.0621285 -0.316072
    outer loop
      vertex 12.8 9.79999 3.2
      vertex 12.7743 10.1916 3.2
      vertex 43 32.9218 98.2
    endloop
  endfacet
  facet normal -0.410452 -0.832733 -0.371599
    outer loop
      vertex -10.948 -12.5716 3.2
      vertex -37.9609 -41.6498 98.2
      vertex -11.3 -12.3981 3.2
    endloop
  endfacet
  facet normal -0.300208 0.88426 -0.357713
    outer loop
      vertex -10.5764 12.6978 3.2
      vertex -36.7786 42.2328 98.2
      vertex -35.5303 42.6566 98.2
    endloop
  endfacet
  facet normal 0.0621285 0.946699 -0.316072
    outer loop
      vertex 10.1916 12.7743 3.2
      vertex 9.79999 12.8 3.2
      vertex 32.9218 43 98.2
    endloop
  endfacet
  facet normal 0.608356 -0.693744 -0.385516
    outer loop
      vertex 39.057 -40.9174 98.2
      vertex 11.9213 -11.9213 3.2
      vertex 40.0482 -40.0482 98.2
    endloop
  endfacet
  facet normal 0.768792 -0.513697 -0.380885
    outer loop
      vertex 40.9174 -39.057 98.2
      vertex 12.1801 -11.6263 3.2
      vertex 41.6498 -37.9609 98.2
    endloop
  endfacet
  facet normal -0.0621285 -0.946699 -0.316072
    outer loop
      vertex -9.79999 -12.8 3.2
      vertex -32.9218 -43 98.2
      vertex -10.1916 -12.7743 3.2
    endloop
  endfacet
  facet normal -0.693744 -0.608356 -0.385516
    outer loop
      vertex -40.0482 -40.0482 98.2
      vertex -40.9174 -39.057 98.2
      vertex -11.9213 -11.9213 3.2
    endloop
  endfacet
  facet normal -0.768825 -0.51365 -0.380882
    outer loop
      vertex -12.1801 -11.6263 3.2
      vertex -41.6498 -37.9609 98.2
      vertex -12.3981 -11.3 3.2
    endloop
  endfacet
  facet normal -0.768792 0.513697 -0.380885
    outer loop
      vertex -12.1801 11.6263 3.2
      vertex -41.6498 37.9609 98.2
      vertex -40.9174 39.057 98.2
    endloop
  endfacet
  facet normal -0.693744 0.608356 -0.385516
    outer loop
      vertex -11.9213 11.9213 3.2
      vertex -40.9174 39.057 98.2
      vertex -40.0482 40.0482 98.2
    endloop
  endfacet
  facet normal 0.410589 0.832658 -0.371615
    outer loop
      vertex 37.9609 41.6498 98.2
      vertex 10.948 12.5716 3.2
      vertex 36.7786 42.2328 98.2
    endloop
  endfacet
  facet normal 0.410452 -0.832733 -0.371599
    outer loop
      vertex 37.9609 -41.6498 98.2
      vertex 10.948 -12.5716 3.2
      vertex 11.3 -12.3981 3.2
    endloop
  endfacet
  facet normal 0.410589 -0.832658 -0.371615
    outer loop
      vertex 36.7786 -42.2328 98.2
      vertex 10.948 -12.5716 3.2
      vertex 37.9609 -41.6498 98.2
    endloop
  endfacet
  facet normal 0.922666 -0.183463 -0.339159
    outer loop
      vertex 42.6566 -35.5303 98.2
      vertex 12.6978 -10.5764 3.2
      vertex 42.9137 -34.2373 98.2
    endloop
  endfacet
  facet normal 0.922674 -0.183432 -0.339154
    outer loop
      vertex 42.9137 -34.2373 98.2
      vertex 12.6978 -10.5764 3.2
      vertex 12.7743 -10.1916 3.2
    endloop
  endfacet
  facet normal -0.608501 -0.693616 -0.385518
    outer loop
      vertex -11.6263 -12.1801 3.2
      vertex -39.057 -40.9174 98.2
      vertex -11.9213 -11.9213 3.2
    endloop
  endfacet
  facet normal -0.300208 -0.88426 -0.357713
    outer loop
      vertex -35.5303 -42.6566 98.2
      vertex -36.7786 -42.2328 98.2
      vertex -10.5764 -12.6978 3.2
    endloop
  endfacet
  facet normal -0.946699 0.0621285 -0.316072
    outer loop
      vertex -12.8 9.79999 3.2
      vertex -43 32.9218 98.2
      vertex -12.7743 10.1916 3.2
    endloop
  endfacet
  facet normal 0 0 -1
    outer loop
      vertex 42.2328 -36.7786 98.2
      vertex 45 -37 98.2
      vertex 44.9951 -37.2792 98.2
    endloop
  endfacet
  facet normal 0 0 -1
    outer loop
      vertex 45 -37 98.2
      vertex 43 -32.9218 98.2
      vertex 45 37 98.2
    endloop
  endfacet
  facet normal 0 0 -1
    outer loop
      vertex 42.2328 -36.7786 98.2
      vertex 44.9951 -37.2792 98.2
      vertex 44.9562 -37.8362 98.2
    endloop
  endfacet
  facet normal 0 0 -1
    outer loop
      vertex 45 37 98.2
      vertex 43 -32.9218 98.2
      vertex 43 32.9218 98.2
    endloop
  endfacet
  facet normal 0 0 -1
    outer loop
      vertex 42.2328 -36.7786 98.2
      vertex 44.9562 -37.8362 98.2
      vertex 44.8785 -38.3892 98.2
    endloop
  endfacet
  facet normal 0 0 -1
    outer loop
      vertex 42.9137 34.2373 98.2
      vertex 45 37 98.2
      vertex 43 32.9218 98.2
    endloop
  endfacet
  facet normal 0 0 -1
    outer loop
      vertex 41.6498 -37.9609 98.2
      vertex 44.8785 -38.3892 98.2
      vertex 44.7624 -38.9354 98.2
    endloop
  endfacet
  facet normal 0 0 -1
    outer loop
      vertex 42.6566 35.5303 98.2
      vertex 45 37 98.2
      vertex 42.9137 34.2373 98.2
    endloop
  endfacet
  facet normal 0 0 -1
    outer loop
      vertex 41.6498 -37.9609 98.2
      vertex 44.7624 -38.9354 98.2
      vertex 44.6085 -39.4721 98.2
    endloop
  endfacet
  facet normal 0 0 -1
    outer loop
      vertex 42.2328 36.7786 98.2
      vertex 45 37 98.2
      vertex 42.6566 35.5303 98.2
    endloop
  endfacet
  facet normal 0 0 -1
    outer loop
      vertex 41.6498 -37.9609 98.2
      vertex 44.6085 -39.4721 98.2
      vertex 44.4175 -39.9969 98.2
    endloop
  endfacet
  facet normal -0 0 -1
    outer loop
      vertex 45 37 98.2
      vertex 42.2328 36.7786 98.2
      vertex 44.9805 37.558 98.2
    endloop
  endfacet
  facet normal 0 0 -1
    outer loop
      vertex 40.9174 -39.057 98.2
      vertex 44.4175 -39.9969 98.2
      vertex 44.1904 -40.507 98.2
    endloop
  endfacet
  facet normal -0 0 -1
    outer loop
      vertex 44.9805 37.558 98.2
      vertex 42.2328 36.7786 98.2
      vertex 44.9221 38.1134 98.2
    endloop
  endfacet
  facet normal 0 0 -1
    outer loop
      vertex 40.9174 -39.057 98.2
      vertex 44.1904 -40.507 98.2
      vertex 43.9282 -41 98.2
    endloop
  endfacet
  facet normal 0 0 -1
    outer loop
      vertex 41.6498 37.9609 98.2
      vertex 44.9221 38.1134 98.2
      vertex 42.2328 36.7786 98.2
    endloop
  endfacet
  facet normal 0 0 -1
    outer loop
      vertex 40.9174 -39.057 98.2
      vertex 43.9282 -41 98.2
      vertex 43.6323 -41.4735 98.2
    endloop
  endfacet
  facet normal -0 0 -1
    outer loop
      vertex 44.9221 38.1134 98.2
      vertex 41.6498 37.9609 98.2
      vertex 44.8252 38.6633 98.2
    endloop
  endfacet
  facet normal 0 0 -1
    outer loop
      vertex 40.9174 -39.057 98.2
      vertex 43.6323 -41.4735 98.2
      vertex 43.3041 -41.9253 98.2
    endloop
  endfacet
  facet normal -0 0 -1
    outer loop
      vertex 44.8252 38.6633 98.2
      vertex 41.6498 37.9609 98.2
      vertex 44.6901 39.2051 98.2
    endloop
  endfacet
  facet normal -0 0 -1
    outer loop
      vertex 44.6901 39.2051 98.2
      vertex 41.6498 37.9609 98.2
      vertex 44.5175 39.7362 98.2
    endloop
  endfacet
  facet normal 0 0 -1
    outer loop
      vertex 40.0482 -40.0482 98.2
      vertex 43.3041 -41.9253 98.2
      vertex 42.9452 -42.353 98.2
    endloop
  endfacet
  facet normal 0 0 -1
    outer loop
      vertex 45 -37 98.2
      vertex 42.9137 -34.2373 98.2
      vertex 43 -32.9218 98.2
    endloop
  endfacet
  facet normal 0 0 -1
    outer loop
      vertex 45 -37 98.2
      vertex 42.6566 -35.5303 98.2
      vertex 42.9137 -34.2373 98.2
    endloop
  endfacet
  facet normal 0 0 -1
    outer loop
      vertex 40.0482 -40.0482 98.2
      vertex 42.9452 -42.353 98.2
      vertex 42.5573 -42.7547 98.2
    endloop
  endfacet
  facet normal 0 0 -1
    outer loop
      vertex 45 -37 98.2
      vertex 42.2328 -36.7786 98.2
      vertex 42.6566 -35.5303 98.2
    endloop
  endfacet
  facet normal 0 0 -1
    outer loop
      vertex 40.0482 -40.0482 98.2
      vertex 42.5573 -42.7547 98.2
      vertex 42.1423 -43.1284 98.2
    endloop
  endfacet
  facet normal 0 0 -1
    outer loop
      vertex 40.0482 -40.0482 98.2
      vertex 42.1423 -43.1284 98.2
      vertex 41.7023 -43.4721 98.2
    endloop
  endfacet
  facet normal 0 0 -1
    outer loop
      vertex 44.8785 -38.3892 98.2
      vertex 41.6498 -37.9609 98.2
      vertex 42.2328 -36.7786 98.2
    endloop
  endfacet
  facet normal 0 0 -1
    outer loop
      vertex 39.057 -40.9174 98.2
      vertex 41.7023 -43.4721 98.2
      vertex 41.2393 -43.7844 98.2
    endloop
  endfacet
  facet normal 0 0 -1
    outer loop
      vertex 44.4175 -39.9969 98.2
      vertex 40.9174 -39.057 98.2
      vertex 41.6498 -37.9609 98.2
    endloop
  endfacet
  facet normal 0 0 -1
    outer loop
      vertex 39.057 -40.9174 98.2
      vertex 41.2393 -43.7844 98.2
      vertex 40.7558 -44.0636 98.2
    endloop
  endfacet
  facet normal 0 0 -1
    outer loop
      vertex 39.057 -40.9174 98.2
      vertex 40.7558 -44.0636 98.2
      vertex 40.2539 -44.3084 98.2
    endloop
  endfacet
  facet normal 0 0 -1
    outer loop
      vertex 43.3041 -41.9253 98.2
      vertex 40.0482 -40.0482 98.2
      vertex 40.9174 -39.057 98.2
    endloop
  endfacet
  facet normal 0 0 -1
    outer loop
      vertex 37.9609 -41.6498 98.2
      vertex 40.2539 -44.3084 98.2
      vertex 39.7362 -44.5175 98.2
    endloop
  endfacet
  facet normal 0 0 -1
    outer loop
      vertex 37.9609 -41.6498 98.2
      vertex 39.7362 -44.5175 98.2
      vertex 39.2051 -44.6901 98.2
    endloop
  endfacet
  facet normal 0 0 -1
    outer loop
      vertex 41.7023 -43.4721 98.2
      vertex 39.057 -40.9174 98.2
      vertex 40.0482 -40.0482 98.2
    endloop
  endfacet
  facet normal 0 0 -1
    outer loop
      vertex 37.9609 -41.6498 98.2
      vertex 39.2051 -44.6901 98.2
      vertex 38.6633 -44.8252 98.2
    endloop
  endfacet
  facet normal 0 0 -1
    outer loop
      vertex 37.9609 -41.6498 98.2
      vertex 38.6633 -44.8252 98.2
      vertex 38.1134 -44.9221 98.2
    endloop
  endfacet
  facet normal 0 0 -1
    outer loop
      vertex 40.2539 -44.3084 98.2
      vertex 37.9609 -41.6498 98.2
      vertex 39.057 -40.9174 98.2
    endloop
  endfacet
  facet normal 0 0 -1
    outer loop
      vertex 36.7786 -42.2328 98.2
      vertex 38.1134 -44.9221 98.2
      vertex 37.558 -44.9805 98.2
    endloop
  endfacet
  facet normal 0 0 -1
    outer loop
      vertex 36.7786 -42.2328 98.2
      vertex 37.558 -44.9805 98.2
      vertex 37 -45 98.2
    endloop
  endfacet
  facet normal 0 0 -1
    outer loop
      vertex 38.1134 -44.9221 98.2
      vertex 36.7786 -42.2328 98.2
      vertex 37.9609 -41.6498 98.2
    endloop
  endfacet
  facet normal 0 0 -1
    outer loop
      vertex 37 -45 98.2
      vertex 35.5303 -42.6566 98.2
      vertex 36.7786 -42.2328 98.2
    endloop
  endfacet
  facet normal 0 0 -1
    outer loop
      vertex 37 -45 98.2
      vertex 34.2373 -42.9137 98.2
      vertex 35.5303 -42.6566 98.2
    endloop
  endfacet
  facet normal 0 0 -1
    outer loop
      vertex 37 -45 98.2
      vertex 32.9218 -43 98.2
      vertex 34.2373 -42.9137 98.2
    endloop
  endfacet
  facet normal 0 0 -1
    outer loop
      vertex 37 -45 98.2
      vertex -32.9218 -43 98.2
      vertex 32.9218 -43 98.2
    endloop
  endfacet
  facet normal 0 0 -1
    outer loop
      vertex -37 -45 98.2
      vertex -32.9218 -43 98.2
      vertex 37 -45 98.2
    endloop
  endfacet
  facet normal 0 0 -1
    outer loop
      vertex -37 -45 98.2
      vertex -34.2373 -42.9137 98.2
      vertex -32.9218 -43 98.2
    endloop
  endfacet
  facet normal 0 0 -1
    outer loop
      vertex -37 -45 98.2
      vertex -35.5303 -42.6566 98.2
      vertex -34.2373 -42.9137 98.2
    endloop
  endfacet
  facet normal 0 0 -1
    outer loop
      vertex -37 -45 98.2
      vertex -36.7786 -42.2328 98.2
      vertex -35.5303 -42.6566 98.2
    endloop
  endfacet
  facet normal 0 0 -1
    outer loop
      vertex -37.2792 -44.9951 98.2
      vertex -36.7786 -42.2328 98.2
      vertex -37 -45 98.2
    endloop
  endfacet
  facet normal 0 0 -1
    outer loop
      vertex -37.8362 -44.9562 98.2
      vertex -36.7786 -42.2328 98.2
      vertex -37.2792 -44.9951 98.2
    endloop
  endfacet
  facet normal 0 0 -1
    outer loop
      vertex -38.3892 -44.8785 98.2
      vertex -36.7786 -42.2328 98.2
      vertex -37.8362 -44.9562 98.2
    endloop
  endfacet
  facet normal -0 0 -1
    outer loop
      vertex -36.7786 -42.2328 98.2
      vertex -38.3892 -44.8785 98.2
      vertex -37.9609 -41.6498 98.2
    endloop
  endfacet
  facet normal 0 0 -1
    outer loop
      vertex -38.9354 -44.7624 98.2
      vertex -37.9609 -41.6498 98.2
      vertex -38.3892 -44.8785 98.2
    endloop
  endfacet
  facet normal 0 0 -1
    outer loop
      vertex -39.4721 -44.6085 98.2
      vertex -37.9609 -41.6498 98.2
      vertex -38.9354 -44.7624 98.2
    endloop
  endfacet
  facet normal 0 0 -1
    outer loop
      vertex -39.9969 -44.4175 98.2
      vertex -37.9609 -41.6498 98.2
      vertex -39.4721 -44.6085 98.2
    endloop
  endfacet
  facet normal -0 0 -1
    outer loop
      vertex -37.9609 -41.6498 98.2
      vertex -39.9969 -44.4175 98.2
      vertex -39.057 -40.9174 98.2
    endloop
  endfacet
  facet normal 0 0 -1
    outer loop
      vertex -40.507 -44.1904 98.2
      vertex -39.057 -40.9174 98.2
      vertex -39.9969 -44.4175 98.2
    endloop
  endfacet
  facet normal 0 0 -1
    outer loop
      vertex -41 -43.9282 98.2
      vertex -39.057 -40.9174 98.2
      vertex -40.507 -44.1904 98.2
    endloop
  endfacet
  facet normal 0 0 -1
    outer loop
      vertex -41.4735 -43.6323 98.2
      vertex -39.057 -40.9174 98.2
      vertex -41 -43.9282 98.2
    endloop
  endfacet
  facet normal 0 0 -1
    outer loop
      vertex -41.9253 -43.3041 98.2
      vertex -39.057 -40.9174 98.2
      vertex -41.4735 -43.6323 98.2
    endloop
  endfacet
  facet normal -0 0 -1
    outer loop
      vertex -39.057 -40.9174 98.2
      vertex -41.9253 -43.3041 98.2
      vertex -40.0482 -40.0482 98.2
    endloop
  endfacet
  facet normal 0 0 -1
    outer loop
      vertex -42.353 -42.9452 98.2
      vertex -40.0482 -40.0482 98.2
      vertex -41.9253 -43.3041 98.2
    endloop
  endfacet
  facet normal 0 0 -1
    outer loop
      vertex -42.7547 -42.5573 98.2
      vertex -40.0482 -40.0482 98.2
      vertex -42.353 -42.9452 98.2
    endloop
  endfacet
  facet normal 0 0 -1
    outer loop
      vertex -43.1284 -42.1423 98.2
      vertex -40.0482 -40.0482 98.2
      vertex -42.7547 -42.5573 98.2
    endloop
  endfacet
  facet normal 0 0 -1
    outer loop
      vertex -43.4721 -41.7023 98.2
      vertex -40.0482 -40.0482 98.2
      vertex -43.1284 -42.1423 98.2
    endloop
  endfacet
  facet normal -0 0 -1
    outer loop
      vertex -40.0482 -40.0482 98.2
      vertex -43.4721 -41.7023 98.2
      vertex -40.9174 -39.057 98.2
    endloop
  endfacet
  facet normal 0 0 -1
    outer loop
      vertex -43.7844 -41.2393 98.2
      vertex -40.9174 -39.057 98.2
      vertex -43.4721 -41.7023 98.2
    endloop
  endfacet
  facet normal 0 0 -1
    outer loop
      vertex -44.0636 -40.7558 98.2
      vertex -40.9174 -39.057 98.2
      vertex -43.7844 -41.2393 98.2
    endloop
  endfacet
  facet normal 0 0 -1
    outer loop
      vertex -44.3084 -40.2539 98.2
      vertex -40.9174 -39.057 98.2
      vertex -44.0636 -40.7558 98.2
    endloop
  endfacet
  facet normal 0 0 -1
    outer loop
      vertex -44.5175 -39.7362 98.2
      vertex -41.6498 -37.9609 98.2
      vertex -44.3084 -40.2539 98.2
    endloop
  endfacet
  facet normal -0 0 -1
    outer loop
      vertex -40.9174 -39.057 98.2
      vertex -44.3084 -40.2539 98.2
      vertex -41.6498 -37.9609 98.2
    endloop
  endfacet
  facet normal -0 0 -1
    outer loop
      vertex 44.5175 39.7362 98.2
      vertex 41.6498 37.9609 98.2
      vertex 44.3084 40.2539 98.2
    endloop
  endfacet
  facet normal 0 0 -1
    outer loop
      vertex 40.9174 39.057 98.2
      vertex 44.3084 40.2539 98.2
      vertex 41.6498 37.9609 98.2
    endloop
  endfacet
  facet normal -0 0 -1
    outer loop
      vertex 44.3084 40.2539 98.2
      vertex 40.9174 39.057 98.2
      vertex 44.0636 40.7558 98.2
    endloop
  endfacet
  facet normal -0 0 -1
    outer loop
      vertex 44.0636 40.7558 98.2
      vertex 40.9174 39.057 98.2
      vertex 43.7844 41.2393 98.2
    endloop
  endfacet
  facet normal -0 0 -1
    outer loop
      vertex 43.7844 41.2393 98.2
      vertex 40.9174 39.057 98.2
      vertex 43.4721 41.7023 98.2
    endloop
  endfacet
  facet normal 0 0 -1
    outer loop
      vertex 40.0482 40.0482 98.2
      vertex 43.4721 41.7023 98.2
      vertex 40.9174 39.057 98.2
    endloop
  endfacet
  facet normal -0 0 -1
    outer loop
      vertex 43.4721 41.7023 98.2
      vertex 40.0482 40.0482 98.2
      vertex 43.1284 42.1423 98.2
    endloop
  endfacet
  facet normal -0 0 -1
    outer loop
      vertex 43.1284 42.1423 98.2
      vertex 40.0482 40.0482 98.2
      vertex 42.7547 42.5573 98.2
    endloop
  endfacet
  facet normal -0 0 -1
    outer loop
      vertex 42.7547 42.5573 98.2
      vertex 40.0482 40.0482 98.2
      vertex 42.353 42.9452 98.2
    endloop
  endfacet
  facet normal -0 0 -1
    outer loop
      vertex 42.353 42.9452 98.2
      vertex 40.0482 40.0482 98.2
      vertex 41.9253 43.3041 98.2
    endloop
  endfacet
  facet normal 0 0 -1
    outer loop
      vertex 39.057 40.9174 98.2
      vertex 41.9253 43.3041 98.2
      vertex 40.0482 40.0482 98.2
    endloop
  endfacet
  facet normal -0 0 -1
    outer loop
      vertex 41.9253 43.3041 98.2
      vertex 39.057 40.9174 98.2
      vertex 41.4735 43.6323 98.2
    endloop
  endfacet
  facet normal -0 0 -1
    outer loop
      vertex 41.4735 43.6323 98.2
      vertex 39.057 40.9174 98.2
      vertex 41 43.9282 98.2
    endloop
  endfacet
  facet normal -0 0 -1
    outer loop
      vertex 41 43.9282 98.2
      vertex 39.057 40.9174 98.2
      vertex 40.507 44.1904 98.2
    endloop
  endfacet
  facet normal -0 0 -1
    outer loop
      vertex 40.507 44.1904 98.2
      vertex 39.057 40.9174 98.2
      vertex 39.9969 44.4175 98.2
    endloop
  endfacet
  facet normal 0 0 -1
    outer loop
      vertex 37.9609 41.6498 98.2
      vertex 39.9969 44.4175 98.2
      vertex 39.057 40.9174 98.2
    endloop
  endfacet
  facet normal -0 0 -1
    outer loop
      vertex 39.9969 44.4175 98.2
      vertex 37.9609 41.6498 98.2
      vertex 39.4721 44.6085 98.2
    endloop
  endfacet
  facet normal -0 0 -1
    outer loop
      vertex 39.4721 44.6085 98.2
      vertex 37.9609 41.6498 98.2
      vertex 38.9354 44.7624 98.2
    endloop
  endfacet
  facet normal -0 0 -1
    outer loop
      vertex 38.9354 44.7624 98.2
      vertex 37.9609 41.6498 98.2
      vertex 38.3892 44.8785 98.2
    endloop
  endfacet
  facet normal 0 0 -1
    outer loop
      vertex 36.7786 42.2328 98.2
      vertex 38.3892 44.8785 98.2
      vertex 37.9609 41.6498 98.2
    endloop
  endfacet
  facet normal -0 0 -1
    outer loop
      vertex 38.3892 44.8785 98.2
      vertex 36.7786 42.2328 98.2
      vertex 37.8362 44.9562 98.2
    endloop
  endfacet
  facet normal -0 0 -1
    outer loop
      vertex 37.8362 44.9562 98.2
      vertex 36.7786 42.2328 98.2
      vertex 37.2792 44.9951 98.2
    endloop
  endfacet
  facet normal -0 0 -1
    outer loop
      vertex 37.2792 44.9951 98.2
      vertex 36.7786 42.2328 98.2
      vertex 37 45 98.2
    endloop
  endfacet
  facet normal 0 0 -1
    outer loop
      vertex 35.5303 42.6566 98.2
      vertex 37 45 98.2
      vertex 36.7786 42.2328 98.2
    endloop
  endfacet
  facet normal 0 0 -1
    outer loop
      vertex 34.2373 42.9137 98.2
      vertex 37 45 98.2
      vertex 35.5303 42.6566 98.2
    endloop
  endfacet
  facet normal 0 0 -1
    outer loop
      vertex 32.9218 43 98.2
      vertex 37 45 98.2
      vertex 34.2373 42.9137 98.2
    endloop
  endfacet
  facet normal 0 0 -1
    outer loop
      vertex -32.9218 43 98.2
      vertex 37 45 98.2
      vertex 32.9218 43 98.2
    endloop
  endfacet
  facet normal 0 0 -1
    outer loop
      vertex -32.9218 43 98.2
      vertex -37 45 98.2
      vertex 37 45 98.2
    endloop
  endfacet
  facet normal 0 0 -1
    outer loop
      vertex -34.2373 42.9137 98.2
      vertex -37 45 98.2
      vertex -32.9218 43 98.2
    endloop
  endfacet
  facet normal 0 0 -1
    outer loop
      vertex -35.5303 42.6566 98.2
      vertex -37 45 98.2
      vertex -34.2373 42.9137 98.2
    endloop
  endfacet
  facet normal 0 0 -1
    outer loop
      vertex -36.7786 42.2328 98.2
      vertex -37 45 98.2
      vertex -35.5303 42.6566 98.2
    endloop
  endfacet
  facet normal 0 0 -1
    outer loop
      vertex -36.7786 42.2328 98.2
      vertex -37.558 44.9805 98.2
      vertex -37 45 98.2
    endloop
  endfacet
  facet normal 0 0 -1
    outer loop
      vertex -38.1134 44.9221 98.2
      vertex -36.7786 42.2328 98.2
      vertex -37.9609 41.6498 98.2
    endloop
  endfacet
  facet normal 0 0 -1
    outer loop
      vertex -36.7786 42.2328 98.2
      vertex -38.1134 44.9221 98.2
      vertex -37.558 44.9805 98.2
    endloop
  endfacet
  facet normal 0 0 -1
    outer loop
      vertex -37.9609 41.6498 98.2
      vertex -38.6633 44.8252 98.2
      vertex -38.1134 44.9221 98.2
    endloop
  endfacet
  facet normal 0 0 -1
    outer loop
      vertex -40.2539 44.3084 98.2
      vertex -37.9609 41.6498 98.2
      vertex -39.057 40.9174 98.2
    endloop
  endfacet
  facet normal 0 0 -1
    outer loop
      vertex -37.9609 41.6498 98.2
      vertex -39.2051 44.6901 98.2
      vertex -38.6633 44.8252 98.2
    endloop
  endfacet
  facet normal 0 0 -1
    outer loop
      vertex -37.9609 41.6498 98.2
      vertex -39.7362 44.5175 98.2
      vertex -39.2051 44.6901 98.2
    endloop
  endfacet
  facet normal 0 0 -1
    outer loop
      vertex -41.7023 43.4721 98.2
      vertex -39.057 40.9174 98.2
      vertex -40.0482 40.0482 98.2
    endloop
  endfacet
  facet normal 0 0 -1
    outer loop
      vertex -37.9609 41.6498 98.2
      vertex -40.2539 44.3084 98.2
      vertex -39.7362 44.5175 98.2
    endloop
  endfacet
  facet normal 0 0 -1
    outer loop
      vertex -39.057 40.9174 98.2
      vertex -40.7558 44.0636 98.2
      vertex -40.2539 44.3084 98.2
    endloop
  endfacet
  facet normal 0 0 -1
    outer loop
      vertex -43.3041 41.9253 98.2
      vertex -40.0482 40.0482 98.2
      vertex -40.9174 39.057 98.2
    endloop
  endfacet
  facet normal 0 0 -1
    outer loop
      vertex -39.057 40.9174 98.2
      vertex -41.2393 43.7844 98.2
      vertex -40.7558 44.0636 98.2
    endloop
  endfacet
  facet normal 0 0 -1
    outer loop
      vertex -44.4175 39.9969 98.2
      vertex -40.9174 39.057 98.2
      vertex -41.6498 37.9609 98.2
    endloop
  endfacet
  facet normal 0 0 -1
    outer loop
      vertex -39.057 40.9174 98.2
      vertex -41.7023 43.4721 98.2
      vertex -41.2393 43.7844 98.2
    endloop
  endfacet
  facet normal 0 0 -1
    outer loop
      vertex -40.0482 40.0482 98.2
      vertex -42.1423 43.1284 98.2
      vertex -41.7023 43.4721 98.2
    endloop
  endfacet
  facet normal 0 0 -1
    outer loop
      vertex -44.8785 38.3892 98.2
      vertex -41.6498 37.9609 98.2
      vertex -42.2328 36.7786 98.2
    endloop
  endfacet
  facet normal 0 0 -1
    outer loop
      vertex -40.0482 40.0482 98.2
      vertex -42.5573 42.7547 98.2
      vertex -42.1423 43.1284 98.2
    endloop
  endfacet
  facet normal 0 0 -1
    outer loop
      vertex -45 37 98.2
      vertex -42.2328 36.7786 98.2
      vertex -42.6566 35.5303 98.2
    endloop
  endfacet
  facet normal 0 0 -1
    outer loop
      vertex -45 37 98.2
      vertex -42.6566 35.5303 98.2
      vertex -42.9137 34.2373 98.2
    endloop
  endfacet
  facet normal 0 0 -1
    outer loop
      vertex -40.0482 40.0482 98.2
      vertex -42.9452 42.353 98.2
      vertex -42.5573 42.7547 98.2
    endloop
  endfacet
  facet normal 0 0 -1
    outer loop
      vertex -45 37 98.2
      vertex -42.9137 34.2373 98.2
      vertex -43 32.9218 98.2
    endloop
  endfacet
  facet normal 0 0 -1
    outer loop
      vertex -40.0482 40.0482 98.2
      vertex -43.3041 41.9253 98.2
      vertex -42.9452 42.353 98.2
    endloop
  endfacet
  facet normal -0 0 -1
    outer loop
      vertex -43 -32.9218 98.2
      vertex -45 -37 98.2
      vertex -43 32.9218 98.2
    endloop
  endfacet
  facet normal 0 0 -1
    outer loop
      vertex -44.6901 -39.2051 98.2
      vertex -41.6498 -37.9609 98.2
      vertex -44.5175 -39.7362 98.2
    endloop
  endfacet
  facet normal -0 0 -1
    outer loop
      vertex -43 32.9218 98.2
      vertex -45 -37 98.2
      vertex -45 37 98.2
    endloop
  endfacet
  facet normal 0 0 -1
    outer loop
      vertex -44.8252 -38.6633 98.2
      vertex -41.6498 -37.9609 98.2
      vertex -44.6901 -39.2051 98.2
    endloop
  endfacet
  facet normal 0 0 -1
    outer loop
      vertex -42.2328 36.7786 98.2
      vertex -45 37 98.2
      vertex -44.9951 37.2792 98.2
    endloop
  endfacet
  facet normal 0 0 -1
    outer loop
      vertex -44.9221 -38.1134 98.2
      vertex -41.6498 -37.9609 98.2
      vertex -44.8252 -38.6633 98.2
    endloop
  endfacet
  facet normal 0 0 -1
    outer loop
      vertex -40.9174 39.057 98.2
      vertex -43.6323 41.4735 98.2
      vertex -43.3041 41.9253 98.2
    endloop
  endfacet
  facet normal -0 0 -1
    outer loop
      vertex -41.6498 -37.9609 98.2
      vertex -44.9221 -38.1134 98.2
      vertex -42.2328 -36.7786 98.2
    endloop
  endfacet
  facet normal 0 0 -1
    outer loop
      vertex -40.9174 39.057 98.2
      vertex -43.9282 41 98.2
      vertex -43.6323 41.4735 98.2
    endloop
  endfacet
  facet normal 0 0 -1
    outer loop
      vertex -44.9805 -37.558 98.2
      vertex -42.2328 -36.7786 98.2
      vertex -44.9221 -38.1134 98.2
    endloop
  endfacet
  facet normal 0 0 -1
    outer loop
      vertex -40.9174 39.057 98.2
      vertex -44.1904 40.507 98.2
      vertex -43.9282 41 98.2
    endloop
  endfacet
  facet normal 0 0 -1
    outer loop
      vertex -45 -37 98.2
      vertex -42.2328 -36.7786 98.2
      vertex -44.9805 -37.558 98.2
    endloop
  endfacet
  facet normal 0 0 -1
    outer loop
      vertex -40.9174 39.057 98.2
      vertex -44.4175 39.9969 98.2
      vertex -44.1904 40.507 98.2
    endloop
  endfacet
  facet normal -0 0 -1
    outer loop
      vertex -42.2328 -36.7786 98.2
      vertex -45 -37 98.2
      vertex -42.6566 -35.5303 98.2
    endloop
  endfacet
  facet normal 0 0 -1
    outer loop
      vertex -41.6498 37.9609 98.2
      vertex -44.6085 39.4721 98.2
      vertex -44.4175 39.9969 98.2
    endloop
  endfacet
  facet normal -0 0 -1
    outer loop
      vertex -42.6566 -35.5303 98.2
      vertex -45 -37 98.2
      vertex -42.9137 -34.2373 98.2
    endloop
  endfacet
  facet normal 0 0 -1
    outer loop
      vertex -41.6498 37.9609 98.2
      vertex -44.7624 38.9354 98.2
      vertex -44.6085 39.4721 98.2
    endloop
  endfacet
  facet normal -0 0 -1
    outer loop
      vertex -42.9137 -34.2373 98.2
      vertex -45 -37 98.2
      vertex -43 -32.9218 98.2
    endloop
  endfacet
  facet normal 0 0 -1
    outer loop
      vertex -41.6498 37.9609 98.2
      vertex -44.8785 38.3892 98.2
      vertex -44.7624 38.9354 98.2
    endloop
  endfacet
  facet normal 0 0 -1
    outer loop
      vertex -42.2328 36.7786 98.2
      vertex -44.9562 37.8362 98.2
      vertex -44.8785 38.3892 98.2
    endloop
  endfacet
  facet normal 0 0 -1
    outer loop
      vertex -42.2328 36.7786 98.2
      vertex -44.9951 37.2792 98.2
      vertex -44.9562 37.8362 98.2
    endloop
  endfacet
  facet normal -0.953005 0 -0.302955
    outer loop
      vertex -12.8 -9.79999 3.2
      vertex -43 32.9218 98.2
      vertex -12.8 9.79999 3.2
    endloop
  endfacet
  facet normal -0.953005 -0 -0.302955
    outer loop
      vertex -43 32.9218 98.2
      vertex -12.8 -9.79999 3.2
      vertex -43 -32.9218 98.2
    endloop
  endfacet
  facet normal -0.513697 -0.768792 -0.380885
    outer loop
      vertex -37.9609 -41.6498 98.2
      vertex -39.057 -40.9174 98.2
      vertex -11.6263 -12.1801 3.2
    endloop
  endfacet
  facet normal -0.608356 -0.693744 -0.385516
    outer loop
      vertex -39.057 -40.9174 98.2
      vertex -40.0482 -40.0482 98.2
      vertex -11.9213 -11.9213 3.2
    endloop
  endfacet
  facet normal -0.608501 0.693616 -0.385518
    outer loop
      vertex -11.9213 11.9213 3.2
      vertex -39.057 40.9174 98.2
      vertex -11.6263 12.1801 3.2
    endloop
  endfacet
  facet normal -0.922666 0.183463 -0.339159
    outer loop
      vertex -12.6978 10.5764 3.2
      vertex -42.9137 34.2373 98.2
      vertex -42.6566 35.5303 98.2
    endloop
  endfacet
  facet normal -0.832733 0.410452 -0.371599
    outer loop
      vertex -12.5716 10.948 3.2
      vertex -41.6498 37.9609 98.2
      vertex -12.3981 11.3 3.2
    endloop
  endfacet
  facet normal -0.693616 0.608501 -0.385518
    outer loop
      vertex -12.1801 11.6263 3.2
      vertex -40.9174 39.057 98.2
      vertex -11.9213 11.9213 3.2
    endloop
  endfacet
  facet normal -0.0621285 0.946699 -0.316072
    outer loop
      vertex -10.1916 12.7743 3.2
      vertex -32.9218 43 98.2
      vertex -9.79999 12.8 3.2
    endloop
  endfacet
  facet normal 0 0.953005 -0.302955
    outer loop
      vertex 9.79999 12.8 3.2
      vertex -32.9218 43 98.2
      vertex 32.9218 43 98.2
    endloop
  endfacet
  facet normal 0 0.953005 -0.302955
    outer loop
      vertex -32.9218 43 98.2
      vertex 9.79999 12.8 3.2
      vertex -9.79999 12.8 3.2
    endloop
  endfacet
  facet normal -0.0621059 0.946702 -0.316067
    outer loop
      vertex -10.1916 12.7743 3.2
      vertex -34.2373 42.9137 98.2
      vertex -32.9218 43 98.2
    endloop
  endfacet
  facet normal 0.300208 0.88426 -0.357713
    outer loop
      vertex 36.7786 42.2328 98.2
      vertex 10.5764 12.6978 3.2
      vertex 35.5303 42.6566 98.2
    endloop
  endfacet
  facet normal 0.693616 0.608501 -0.385518
    outer loop
      vertex 12.1801 11.6263 3.2
      vertex 11.9213 11.9213 3.2
      vertex 40.9174 39.057 98.2
    endloop
  endfacet
  facet normal 0.922666 0.183463 -0.339159
    outer loop
      vertex 42.9137 34.2373 98.2
      vertex 12.6978 10.5764 3.2
      vertex 42.6566 35.5303 98.2
    endloop
  endfacet
  facet normal 0.88426 -0.300208 -0.357713
    outer loop
      vertex 42.2328 -36.7786 98.2
      vertex 12.6978 -10.5764 3.2
      vertex 42.6566 -35.5303 98.2
    endloop
  endfacet
  facet normal -0.300294 -0.884226 -0.357726
    outer loop
      vertex -10.5764 -12.6978 3.2
      vertex -36.7786 -42.2328 98.2
      vertex -10.948 -12.5716 3.2
    endloop
  endfacet
  facet normal -0.410589 -0.832658 -0.371615
    outer loop
      vertex -36.7786 -42.2328 98.2
      vertex -37.9609 -41.6498 98.2
      vertex -10.948 -12.5716 3.2
    endloop
  endfacet
  facet normal -0.0621059 -0.946702 -0.316067
    outer loop
      vertex -32.9218 -43 98.2
      vertex -34.2373 -42.9137 98.2
      vertex -10.1916 -12.7743 3.2
    endloop
  endfacet
  facet normal -0.768792 -0.513697 -0.380885
    outer loop
      vertex -40.9174 -39.057 98.2
      vertex -41.6498 -37.9609 98.2
      vertex -12.1801 -11.6263 3.2
    endloop
  endfacet
  facet normal -0.693616 -0.608501 -0.385518
    outer loop
      vertex -11.9213 -11.9213 3.2
      vertex -40.9174 -39.057 98.2
      vertex -12.1801 -11.6263 3.2
    endloop
  endfacet
  facet normal -0.51365 -0.768825 -0.380882
    outer loop
      vertex -11.3 -12.3981 3.2
      vertex -37.9609 -41.6498 98.2
      vertex -11.6263 -12.1801 3.2
    endloop
  endfacet
  facet normal -0.513697 0.768792 -0.380885
    outer loop
      vertex -11.6263 12.1801 3.2
      vertex -39.057 40.9174 98.2
      vertex -37.9609 41.6498 98.2
    endloop
  endfacet
  facet normal -0.608356 0.693744 -0.385516
    outer loop
      vertex -11.9213 11.9213 3.2
      vertex -40.0482 40.0482 98.2
      vertex -39.057 40.9174 98.2
    endloop
  endfacet
  facet normal -0.922674 0.183432 -0.339154
    outer loop
      vertex -12.7743 10.1916 3.2
      vertex -42.9137 34.2373 98.2
      vertex -12.6978 10.5764 3.2
    endloop
  endfacet
  facet normal -0.768825 0.51365 -0.380882
    outer loop
      vertex -12.3981 11.3 3.2
      vertex -41.6498 37.9609 98.2
      vertex -12.1801 11.6263 3.2
    endloop
  endfacet
  facet normal 0.0621059 0.946702 -0.316067
    outer loop
      vertex 34.2373 42.9137 98.2
      vertex 10.1916 12.7743 3.2
      vertex 32.9218 43 98.2
    endloop
  endfacet
  facet normal 0.608356 0.693744 -0.385516
    outer loop
      vertex 40.0482 40.0482 98.2
      vertex 11.9213 11.9213 3.2
      vertex 39.057 40.9174 98.2
    endloop
  endfacet
  facet normal 0.693744 0.608356 -0.385516
    outer loop
      vertex 40.9174 39.057 98.2
      vertex 11.9213 11.9213 3.2
      vertex 40.0482 40.0482 98.2
    endloop
  endfacet
  facet normal 0.922674 0.183432 -0.339154
    outer loop
      vertex 12.7743 10.1916 3.2
      vertex 12.6978 10.5764 3.2
      vertex 42.9137 34.2373 98.2
    endloop
  endfacet
  facet normal 0.946702 0.0621059 -0.316067
    outer loop
      vertex 43 32.9218 98.2
      vertex 12.7743 10.1916 3.2
      vertex 42.9137 34.2373 98.2
    endloop
  endfacet
  facet normal 0.768792 0.513697 -0.380885
    outer loop
      vertex 41.6498 37.9609 98.2
      vertex 12.1801 11.6263 3.2
      vertex 40.9174 39.057 98.2
    endloop
  endfacet
  facet normal 0.832733 0.410452 -0.371599
    outer loop
      vertex 12.5716 10.948 3.2
      vertex 12.3981 11.3 3.2
      vertex 41.6498 37.9609 98.2
    endloop
  endfacet
  facet normal 0.88426 0.300208 -0.357713
    outer loop
      vertex 42.6566 35.5303 98.2
      vertex 12.6978 10.5764 3.2
      vertex 42.2328 36.7786 98.2
    endloop
  endfacet
  facet normal 0.768825 -0.51365 -0.380882
    outer loop
      vertex 41.6498 -37.9609 98.2
      vertex 12.1801 -11.6263 3.2
      vertex 12.3981 -11.3 3.2
    endloop
  endfacet
  facet normal -0.183432 -0.922674 -0.339154
    outer loop
      vertex -10.1916 -12.7743 3.2
      vertex -34.2373 -42.9137 98.2
      vertex -10.5764 -12.6978 3.2
    endloop
  endfacet
  facet normal -0.183463 -0.922666 -0.339159
    outer loop
      vertex -34.2373 -42.9137 98.2
      vertex -35.5303 -42.6566 98.2
      vertex -10.5764 -12.6978 3.2
    endloop
  endfacet
  facet normal -0.922666 -0.183463 -0.339159
    outer loop
      vertex -42.6566 -35.5303 98.2
      vertex -42.9137 -34.2373 98.2
      vertex -12.6978 -10.5764 3.2
    endloop
  endfacet
  facet normal -0.832733 -0.410452 -0.371599
    outer loop
      vertex -12.3981 -11.3 3.2
      vertex -41.6498 -37.9609 98.2
      vertex -12.5716 -10.948 3.2
    endloop
  endfacet
  facet normal -0.410452 0.832733 -0.371599
    outer loop
      vertex -11.3 12.3981 3.2
      vertex -37.9609 41.6498 98.2
      vertex -10.948 12.5716 3.2
    endloop
  endfacet
  facet normal -0.300294 0.884226 -0.357726
    outer loop
      vertex -10.948 12.5716 3.2
      vertex -36.7786 42.2328 98.2
      vertex -10.5764 12.6978 3.2
    endloop
  endfacet
  facet normal -0.410589 0.832658 -0.371615
    outer loop
      vertex -10.948 12.5716 3.2
      vertex -37.9609 41.6498 98.2
      vertex -36.7786 42.2328 98.2
    endloop
  endfacet
  facet normal -0.183463 0.922666 -0.339159
    outer loop
      vertex -10.5764 12.6978 3.2
      vertex -35.5303 42.6566 98.2
      vertex -34.2373 42.9137 98.2
    endloop
  endfacet
  facet normal -0.183432 0.922674 -0.339154
    outer loop
      vertex -10.5764 12.6978 3.2
      vertex -34.2373 42.9137 98.2
      vertex -10.1916 12.7743 3.2
    endloop
  endfacet
  facet normal -0.88426 0.300208 -0.357713
    outer loop
      vertex -12.6978 10.5764 3.2
      vertex -42.6566 35.5303 98.2
      vertex -42.2328 36.7786 98.2
    endloop
  endfacet
  facet normal 0.300294 0.884226 -0.357726
    outer loop
      vertex 10.948 12.5716 3.2
      vertex 10.5764 12.6978 3.2
      vertex 36.7786 42.2328 98.2
    endloop
  endfacet
  facet normal 0.410452 0.832733 -0.371599
    outer loop
      vertex 11.3 12.3981 3.2
      vertex 10.948 12.5716 3.2
      vertex 37.9609 41.6498 98.2
    endloop
  endfacet
  facet normal 0.513697 0.768792 -0.380885
    outer loop
      vertex 39.057 40.9174 98.2
      vertex 11.6263 12.1801 3.2
      vertex 37.9609 41.6498 98.2
    endloop
  endfacet
  facet normal 0.608501 0.693616 -0.385518
    outer loop
      vertex 11.9213 11.9213 3.2
      vertex 11.6263 12.1801 3.2
      vertex 39.057 40.9174 98.2
    endloop
  endfacet
  facet normal 0.768825 0.51365 -0.380882
    outer loop
      vertex 12.3981 11.3 3.2
      vertex 12.1801 11.6263 3.2
      vertex 41.6498 37.9609 98.2
    endloop
  endfacet
  facet normal 0.832658 0.410589 -0.371615
    outer loop
      vertex 42.2328 36.7786 98.2
      vertex 12.5716 10.948 3.2
      vertex 41.6498 37.9609 98.2
    endloop
  endfacet
  facet normal 0.884226 0.300294 -0.357726
    outer loop
      vertex 12.6978 10.5764 3.2
      vertex 12.5716 10.948 3.2
      vertex 42.2328 36.7786 98.2
    endloop
  endfacet
  facet normal 0.693616 -0.608501 -0.385518
    outer loop
      vertex 40.9174 -39.057 98.2
      vertex 11.9213 -11.9213 3.2
      vertex 12.1801 -11.6263 3.2
    endloop
  endfacet
  facet normal 0.693744 -0.608356 -0.385516
    outer loop
      vertex 40.0482 -40.0482 98.2
      vertex 11.9213 -11.9213 3.2
      vertex 40.9174 -39.057 98.2
    endloop
  endfacet
  facet normal 0.832733 -0.410452 -0.371599
    outer loop
      vertex 41.6498 -37.9609 98.2
      vertex 12.3981 -11.3 3.2
      vertex 12.5716 -10.948 3.2
    endloop
  endfacet
  facet normal 0.946699 -0.0621285 -0.316072
    outer loop
      vertex 43 -32.9218 98.2
      vertex 12.7743 -10.1916 3.2
      vertex 12.8 -9.79999 3.2
    endloop
  endfacet
  facet normal 0.946702 -0.0621059 -0.316067
    outer loop
      vertex 42.9137 -34.2373 98.2
      vertex 12.7743 -10.1916 3.2
      vertex 43 -32.9218 98.2
    endloop
  endfacet
  facet normal -0.922674 -0.183432 -0.339154
    outer loop
      vertex -12.6978 -10.5764 3.2
      vertex -42.9137 -34.2373 98.2
      vertex -12.7743 -10.1916 3.2
    endloop
  endfacet
  facet normal -0.88426 -0.300208 -0.357713
    outer loop
      vertex -42.2328 -36.7786 98.2
      vertex -42.6566 -35.5303 98.2
      vertex -12.6978 -10.5764 3.2
    endloop
  endfacet
  facet normal -0.832658 -0.410589 -0.371615
    outer loop
      vertex -41.6498 -37.9609 98.2
      vertex -42.2328 -36.7786 98.2
      vertex -12.5716 -10.948 3.2
    endloop
  endfacet
  facet normal -0.51365 0.768825 -0.380882
    outer loop
      vertex -11.6263 12.1801 3.2
      vertex -37.9609 41.6498 98.2
      vertex -11.3 12.3981 3.2
    endloop
  endfacet
  facet normal -0.884226 0.300294 -0.357726
    outer loop
      vertex -12.6978 10.5764 3.2
      vertex -42.2328 36.7786 98.2
      vertex -12.5716 10.948 3.2
    endloop
  endfacet
  facet normal -0.832658 0.410589 -0.371615
    outer loop
      vertex -12.5716 10.948 3.2
      vertex -42.2328 36.7786 98.2
      vertex -41.6498 37.9609 98.2
    endloop
  endfacet
  facet normal 0.183432 0.922674 -0.339154
    outer loop
      vertex 10.5764 12.6978 3.2
      vertex 10.1916 12.7743 3.2
      vertex 34.2373 42.9137 98.2
    endloop
  endfacet
  facet normal 0.183463 0.922666 -0.339159
    outer loop
      vertex 35.5303 42.6566 98.2
      vertex 10.5764 12.6978 3.2
      vertex 34.2373 42.9137 98.2
    endloop
  endfacet
  facet normal 0.51365 0.768825 -0.380882
    outer loop
      vertex 11.6263 12.1801 3.2
      vertex 11.3 12.3981 3.2
      vertex 37.9609 41.6498 98.2
    endloop
  endfacet
  facet normal 0.608501 -0.693616 -0.385518
    outer loop
      vertex 39.057 -40.9174 98.2
      vertex 11.6263 -12.1801 3.2
      vertex 11.9213 -11.9213 3.2
    endloop
  endfacet
  facet normal 0.513697 -0.768792 -0.380885
    outer loop
      vertex 37.9609 -41.6498 98.2
      vertex 11.6263 -12.1801 3.2
      vertex 39.057 -40.9174 98.2
    endloop
  endfacet
  facet normal 0.884226 -0.300294 -0.357726
    outer loop
      vertex 42.2328 -36.7786 98.2
      vertex 12.5716 -10.948 3.2
      vertex 12.6978 -10.5764 3.2
    endloop
  endfacet
  facet normal 0.832658 -0.410589 -0.371615
    outer loop
      vertex 41.6498 -37.9609 98.2
      vertex 12.5716 -10.948 3.2
      vertex 42.2328 -36.7786 98.2
    endloop
  endfacet
  facet normal -0.946702 -0.0621059 -0.316067
    outer loop
      vertex -42.9137 -34.2373 98.2
      vertex -43 -32.9218 98.2
      vertex -12.7743 -10.1916 3.2
    endloop
  endfacet
  facet normal -0.946699 -0.0621285 -0.316072
    outer loop
      vertex -12.7743 -10.1916 3.2
      vertex -43 -32.9218 98.2
      vertex -12.8 -9.79999 3.2
    endloop
  endfacet
  facet normal -0.884226 -0.300294 -0.357726
    outer loop
      vertex -12.5716 -10.948 3.2
      vertex -42.2328 -36.7786 98.2
      vertex -12.6978 -10.5764 3.2
    endloop
  endfacet
  facet normal 0.51365 -0.768825 -0.380882
    outer loop
      vertex 37.9609 -41.6498 98.2
      vertex 11.3 -12.3981 3.2
      vertex 11.6263 -12.1801 3.2
    endloop
  endfacet
  facet normal 0.17354 -0.984827 0
    outer loop
      vertex 38.1134 -44.9221 98.2
      vertex 38.6633 -44.8252 101.2
      vertex 38.1134 -44.9221 101.2
    endloop
  endfacet
  facet normal 0.17354 -0.984827 0
    outer loop
      vertex 38.6633 -44.8252 101.2
      vertex 38.1134 -44.9221 98.2
      vertex 38.6633 -44.8252 98.2
    endloop
  endfacet
  facet normal -0.104573 0.994517 0
    outer loop
      vertex -37.558 44.9805 98.2
      vertex -38.1134 44.9221 101.2
      vertex -37.558 44.9805 101.2
    endloop
  endfacet
  facet normal -0.104573 0.994517 0
    outer loop
      vertex -38.1134 44.9221 101.2
      vertex -37.558 44.9805 98.2
      vertex -38.1134 44.9221 98.2
    endloop
  endfacet
  facet normal 0.104573 -0.994517 0
    outer loop
      vertex 37.558 -44.9805 98.2
      vertex 38.1134 -44.9221 101.2
      vertex 37.558 -44.9805 101.2
    endloop
  endfacet
  facet normal 0.104573 -0.994517 0
    outer loop
      vertex 38.1134 -44.9221 101.2
      vertex 37.558 -44.9805 98.2
      vertex 38.1134 -44.9221 98.2
    endloop
  endfacet
  facet normal 0.788068 0.615588 0
    outer loop
      vertex 43.4721 41.7023 101.2
      vertex 43.1284 42.1423 98.2
      vertex 43.1284 42.1423 101.2
    endloop
  endfacet
  facet normal 0.788068 0.615588 0
    outer loop
      vertex 43.1284 42.1423 98.2
      vertex 43.4721 41.7023 101.2
      vertex 43.4721 41.7023 98.2
    endloop
  endfacet
  facet normal -0.99757 0.0696687 0
    outer loop
      vertex -44.9951 37.2792 98.2
      vertex -44.9562 37.8362 101.2
      vertex -44.9562 37.8362 98.2
    endloop
  endfacet
  facet normal -0.99757 0.0696687 0
    outer loop
      vertex -44.9562 37.8362 101.2
      vertex -44.9951 37.2792 98.2
      vertex -44.9951 37.2792 101.2
    endloop
  endfacet
  facet normal 0.0696687 0.99757 -0
    outer loop
      vertex 37.8362 44.9562 98.2
      vertex 37.2792 44.9951 101.2
      vertex 37.8362 44.9562 101.2
    endloop
  endfacet
  facet normal 0.0696687 0.99757 0
    outer loop
      vertex 37.2792 44.9951 101.2
      vertex 37.8362 44.9562 98.2
      vertex 37.2792 44.9951 98.2
    endloop
  endfacet
  facet normal -0.719355 0.694642 0
    outer loop
      vertex -42.9452 42.353 98.2
      vertex -42.5573 42.7547 101.2
      vertex -42.5573 42.7547 98.2
    endloop
  endfacet
  facet normal -0.719355 0.694642 0
    outer loop
      vertex -42.5573 42.7547 101.2
      vertex -42.9452 42.353 98.2
      vertex -42.9452 42.353 101.2
    endloop
  endfacet
  facet normal -1 0 0
    outer loop
      vertex -45 -37 98.2
      vertex -45 37 101.2
      vertex -45 37 98.2
    endloop
  endfacet
  facet normal -1 -0 0
    outer loop
      vertex -45 37 101.2
      vertex -45 -37 98.2
      vertex -45 -37 101.2
    endloop
  endfacet
  facet normal -0.999846 0.0175474 0
    outer loop
      vertex -45 37 98.2
      vertex -44.9951 37.2792 101.2
      vertex -44.9951 37.2792 98.2
    endloop
  endfacet
  facet normal -0.999846 0.0175474 0
    outer loop
      vertex -44.9951 37.2792 101.2
      vertex -45 37 98.2
      vertex -45 37 101.2
    endloop
  endfacet
  facet normal -0.0175474 -0.999846 0
    outer loop
      vertex -37.2792 -44.9951 98.2
      vertex -37 -45 101.2
      vertex -37.2792 -44.9951 101.2
    endloop
  endfacet
  facet normal -0.0175474 -0.999846 -0
    outer loop
      vertex -37 -45 101.2
      vertex -37.2792 -44.9951 98.2
      vertex -37 -45 98.2
    endloop
  endfacet
  facet normal 0.0349249 -0.99939 0
    outer loop
      vertex 37 -45 98.2
      vertex 37.558 -44.9805 101.2
      vertex 37 -45 101.2
    endloop
  endfacet
  facet normal 0.0349249 -0.99939 0
    outer loop
      vertex 37.558 -44.9805 101.2
      vertex 37 -45 98.2
      vertex 37.558 -44.9805 98.2
    endloop
  endfacet
  facet normal 0 1 -0
    outer loop
      vertex 37 45 98.2
      vertex -37 45 101.2
      vertex 37 45 101.2
    endloop
  endfacet
  facet normal 0 1 0
    outer loop
      vertex -37 45 101.2
      vertex 37 45 98.2
      vertex -37 45 98.2
    endloop
  endfacet
  facet normal 0.469565 0.882898 -0
    outer loop
      vertex 41 43.9282 98.2
      vertex 40.507 44.1904 101.2
      vertex 41 43.9282 101.2
    endloop
  endfacet
  facet normal 0.469565 0.882898 0
    outer loop
      vertex 40.507 44.1904 101.2
      vertex 41 43.9282 98.2
      vertex 40.507 44.1904 98.2
    endloop
  endfacet
  facet normal 0.0175474 0.999846 -0
    outer loop
      vertex 37.2792 44.9951 98.2
      vertex 37 45 101.2
      vertex 37.2792 44.9951 101.2
    endloop
  endfacet
  facet normal 0.0175474 0.999846 0
    outer loop
      vertex 37 45 101.2
      vertex 37.2792 44.9951 98.2
      vertex 37 45 98.2
    endloop
  endfacet
  facet normal -0.0349249 0.99939 0
    outer loop
      vertex -37 45 98.2
      vertex -37.558 44.9805 101.2
      vertex -37 45 101.2
    endloop
  endfacet
  facet normal -0.0349249 0.99939 0
    outer loop
      vertex -37.558 44.9805 101.2
      vertex -37 45 98.2
      vertex -37.558 44.9805 98.2
    endloop
  endfacet
  facet normal 0.999846 -0.0175474 0
    outer loop
      vertex 44.9951 -37.2792 101.2
      vertex 45 -37 98.2
      vertex 45 -37 101.2
    endloop
  endfacet
  facet normal 0.999846 -0.0175474 0
    outer loop
      vertex 45 -37 98.2
      vertex 44.9951 -37.2792 101.2
      vertex 44.9951 -37.2792 98.2
    endloop
  endfacet
  facet normal -0.438381 0.898789 0
    outer loop
      vertex -40.2539 44.3084 98.2
      vertex -40.7558 44.0636 101.2
      vertex -40.2539 44.3084 101.2
    endloop
  endfacet
  facet normal -0.438381 0.898789 0
    outer loop
      vertex -40.7558 44.0636 101.2
      vertex -40.2539 44.3084 98.2
      vertex -40.7558 44.0636 98.2
    endloop
  endfacet
  facet normal -0.913553 0.40672 0
    outer loop
      vertex -44.4175 39.9969 98.2
      vertex -44.1904 40.507 101.2
      vertex -44.1904 40.507 98.2
    endloop
  endfacet
  facet normal -0.913553 0.40672 0
    outer loop
      vertex -44.1904 40.507 101.2
      vertex -44.4175 39.9969 98.2
      vertex -44.4175 39.9969 101.2
    endloop
  endfacet
  facet normal -0.848028 0.529951 0
    outer loop
      vertex -43.9282 41 98.2
      vertex -43.6323 41.4735 101.2
      vertex -43.6323 41.4735 98.2
    endloop
  endfacet
  facet normal -0.848028 0.529951 0
    outer loop
      vertex -43.6323 41.4735 101.2
      vertex -43.9282 41 98.2
      vertex -43.9282 41 101.2
    endloop
  endfacet
  facet normal 0 0 1
    outer loop
      vertex 45 37 101.2
      vertex 40.6459 34.5984 101.2
      vertex 40.7938 33.0969 101.2
    endloop
  endfacet
  facet normal 0 0 1
    outer loop
      vertex 41.4735 43.6323 101.2
      vertex 40.6459 34.5985 101.2
      vertex 40.6459 34.5984 101.2
    endloop
  endfacet
  facet normal 0 0 1
    outer loop
      vertex 37.3731 39.4966 101.2
      vertex 41 43.9282 101.2
      vertex 40.507 44.1904 101.2
    endloop
  endfacet
  facet normal 0 0 1
    outer loop
      vertex 41.4735 43.6323 101.2
      vertex 40.2079 36.0423 101.2
      vertex 40.6459 34.5985 101.2
    endloop
  endfacet
  facet normal 0 0 1
    outer loop
      vertex 41.4735 43.6323 101.2
      vertex 40.2079 36.0424 101.2
      vertex 40.2079 36.0423 101.2
    endloop
  endfacet
  facet normal 0 0 1
    outer loop
      vertex 37.3731 39.4966 101.2
      vertex 40.507 44.1904 101.2
      vertex 39.9969 44.4175 101.2
    endloop
  endfacet
  facet normal 0 0 1
    outer loop
      vertex 41.4735 43.6323 101.2
      vertex 39.4966 37.3731 101.2
      vertex 40.2079 36.0424 101.2
    endloop
  endfacet
  facet normal 0 0 1
    outer loop
      vertex 37.3731 39.4966 101.2
      vertex 39.9969 44.4175 101.2
      vertex 39.4721 44.6085 101.2
    endloop
  endfacet
  facet normal 0 0 1
    outer loop
      vertex 37.3731 39.4966 101.2
      vertex 39.4721 44.6085 101.2
      vertex 38.9354 44.7624 101.2
    endloop
  endfacet
  facet normal 0 0 1
    outer loop
      vertex 41.4735 43.6323 101.2
      vertex 38.5395 38.5394 101.2
      vertex 39.4966 37.3731 101.2
    endloop
  endfacet
  facet normal 0 0 1
    outer loop
      vertex 41.4735 43.6323 101.2
      vertex 38.5394 38.5394 101.2
      vertex 38.5395 38.5394 101.2
    endloop
  endfacet
  facet normal 0 0 1
    outer loop
      vertex 41.4735 43.6323 101.2
      vertex 38.5394 38.5395 101.2
      vertex 38.5394 38.5394 101.2
    endloop
  endfacet
  facet normal 0 0 1
    outer loop
      vertex 37.3731 39.4966 101.2
      vertex 38.9354 44.7624 101.2
      vertex 38.3892 44.8785 101.2
    endloop
  endfacet
  facet normal 0 0 1
    outer loop
      vertex 36.0424 40.2079 101.2
      vertex 38.3892 44.8785 101.2
      vertex 37.8362 44.9562 101.2
    endloop
  endfacet
  facet normal 0 0 1
    outer loop
      vertex 41.4735 43.6323 101.2
      vertex 37.3731 39.4966 101.2
      vertex 38.5394 38.5395 101.2
    endloop
  endfacet
  facet normal 0 0 1
    outer loop
      vertex 36.0424 40.2079 101.2
      vertex 37.8362 44.9562 101.2
      vertex 37.2792 44.9951 101.2
    endloop
  endfacet
  facet normal 0 0 1
    outer loop
      vertex 36.0423 40.2079 101.2
      vertex 37.2792 44.9951 101.2
      vertex 37 45 101.2
    endloop
  endfacet
  facet normal 0 0 1
    outer loop
      vertex 38.3892 44.8785 101.2
      vertex 36.0424 40.2079 101.2
      vertex 37.3731 39.4966 101.2
    endloop
  endfacet
  facet normal 0 0 1
    outer loop
      vertex 37.2792 44.9951 101.2
      vertex 36.0423 40.2079 101.2
      vertex 36.0424 40.2079 101.2
    endloop
  endfacet
  facet normal 0 0 1
    outer loop
      vertex 37 45 101.2
      vertex 34.5985 40.6459 101.2
      vertex 36.0423 40.2079 101.2
    endloop
  endfacet
  facet normal 0 0 1
    outer loop
      vertex 37 45 101.2
      vertex 34.5984 40.6459 101.2
      vertex 34.5985 40.6459 101.2
    endloop
  endfacet
  facet normal 0 0 1
    outer loop
      vertex 37 45 101.2
      vertex 33.0969 40.7938 101.2
      vertex 34.5984 40.6459 101.2
    endloop
  endfacet
  facet normal 0 0 1
    outer loop
      vertex 37 45 101.2
      vertex -33.0969 40.7938 101.2
      vertex 33.0969 40.7938 101.2
    endloop
  endfacet
  facet normal 0 0 1
    outer loop
      vertex -37 45 101.2
      vertex -34.5984 40.6459 101.2
      vertex -33.0969 40.7938 101.2
    endloop
  endfacet
  facet normal 0 0 1
    outer loop
      vertex -37 45 101.2
      vertex -36.0423 40.2079 101.2
      vertex -34.5985 40.6459 101.2
    endloop
  endfacet
  facet normal -0 0 1
    outer loop
      vertex -37 45 101.2
      vertex -33.0969 40.7938 101.2
      vertex 37 45 101.2
    endloop
  endfacet
  facet normal 0 0 1
    outer loop
      vertex -34.5984 40.6459 101.2
      vertex -37 45 101.2
      vertex -34.5985 40.6459 101.2
    endloop
  endfacet
  facet normal -0 0 1
    outer loop
      vertex -37.558 44.9805 101.2
      vertex -36.0423 40.2079 101.2
      vertex -37 45 101.2
    endloop
  endfacet
  facet normal 0 0 1
    outer loop
      vertex -36.0423 40.2079 101.2
      vertex -37.558 44.9805 101.2
      vertex -36.0424 40.2079 101.2
    endloop
  endfacet
  facet normal -0 0 1
    outer loop
      vertex -38.1134 44.9221 101.2
      vertex -36.0424 40.2079 101.2
      vertex -37.558 44.9805 101.2
    endloop
  endfacet
  facet normal -0 0 1
    outer loop
      vertex -38.6633 44.8252 101.2
      vertex -36.0424 40.2079 101.2
      vertex -38.1134 44.9221 101.2
    endloop
  endfacet
  facet normal 0 0 1
    outer loop
      vertex -36.0424 40.2079 101.2
      vertex -38.6633 44.8252 101.2
      vertex -37.3731 39.4966 101.2
    endloop
  endfacet
  facet normal -0 0 1
    outer loop
      vertex -39.2051 44.6901 101.2
      vertex -37.3731 39.4966 101.2
      vertex -38.6633 44.8252 101.2
    endloop
  endfacet
  facet normal -0 0 1
    outer loop
      vertex -39.7362 44.5175 101.2
      vertex -37.3731 39.4966 101.2
      vertex -39.2051 44.6901 101.2
    endloop
  endfacet
  facet normal -0 0 1
    outer loop
      vertex -40.2539 44.3084 101.2
      vertex -37.3731 39.4966 101.2
      vertex -39.7362 44.5175 101.2
    endloop
  endfacet
  facet normal -0 0 1
    outer loop
      vertex -40.7558 44.0636 101.2
      vertex -37.3731 39.4966 101.2
      vertex -40.2539 44.3084 101.2
    endloop
  endfacet
  facet normal -0 0 1
    outer loop
      vertex -41.2393 43.7844 101.2
      vertex -37.3731 39.4966 101.2
      vertex -40.7558 44.0636 101.2
    endloop
  endfacet
  facet normal 0 0 1
    outer loop
      vertex -37.3731 39.4966 101.2
      vertex -41.2393 43.7844 101.2
      vertex -38.5394 38.5395 101.2
    endloop
  endfacet
  facet normal -0 0 1
    outer loop
      vertex -41.7023 43.4721 101.2
      vertex -38.5394 38.5395 101.2
      vertex -41.2393 43.7844 101.2
    endloop
  endfacet
  facet normal -0 0 1
    outer loop
      vertex -42.1423 43.1284 101.2
      vertex -38.5394 38.5395 101.2
      vertex -41.7023 43.4721 101.2
    endloop
  endfacet
  facet normal 0 0 1
    outer loop
      vertex -38.5394 38.5395 101.2
      vertex -42.1423 43.1284 101.2
      vertex -38.5394 38.5394 101.2
    endloop
  endfacet
  facet normal -0 0 1
    outer loop
      vertex -42.5573 42.7547 101.2
      vertex -38.5394 38.5394 101.2
      vertex -42.1423 43.1284 101.2
    endloop
  endfacet
  facet normal -0 0 1
    outer loop
      vertex -42.9452 42.353 101.2
      vertex -38.5394 38.5394 101.2
      vertex -42.5573 42.7547 101.2
    endloop
  endfacet
  facet normal 0 0 1
    outer loop
      vertex -38.5394 38.5394 101.2
      vertex -42.9452 42.353 101.2
      vertex -38.5395 38.5394 101.2
    endloop
  endfacet
  facet normal -0 0 1
    outer loop
      vertex -43.3041 41.9253 101.2
      vertex -38.5395 38.5394 101.2
      vertex -42.9452 42.353 101.2
    endloop
  endfacet
  facet normal -0 0 1
    outer loop
      vertex -43.6323 41.4735 101.2
      vertex -38.5395 38.5394 101.2
      vertex -43.3041 41.9253 101.2
    endloop
  endfacet
  facet normal 0 0 1
    outer loop
      vertex -45 -37 101.2
      vertex -40.7938 -33.0969 101.2
      vertex -40.7938 33.0969 101.2
    endloop
  endfacet
  facet normal 0 0 1
    outer loop
      vertex -38.5395 38.5394 101.2
      vertex -43.6323 41.4735 101.2
      vertex -39.4966 37.3731 101.2
    endloop
  endfacet
  facet normal -0 0 1
    outer loop
      vertex -43.9282 41 101.2
      vertex -39.4966 37.3731 101.2
      vertex -43.6323 41.4735 101.2
    endloop
  endfacet
  facet normal 0 0 1
    outer loop
      vertex -45 -37 101.2
      vertex -40.7938 33.0969 101.2
      vertex -45 37 101.2
    endloop
  endfacet
  facet normal -0 0 1
    outer loop
      vertex -44.1904 40.507 101.2
      vertex -39.4966 37.3731 101.2
      vertex -43.9282 41 101.2
    endloop
  endfacet
  facet normal 0 -0 1
    outer loop
      vertex -44.9805 -37.558 101.2
      vertex -40.7938 -33.0969 101.2
      vertex -45 -37 101.2
    endloop
  endfacet
  facet normal -0 0 1
    outer loop
      vertex -44.4175 39.9969 101.2
      vertex -39.4966 37.3731 101.2
      vertex -44.1904 40.507 101.2
    endloop
  endfacet
  facet normal 0 0 1
    outer loop
      vertex -40.7938 -33.0969 101.2
      vertex -41.4735 -43.6323 101.2
      vertex -41 -43.9282 101.2
    endloop
  endfacet
  facet normal -0 0 1
    outer loop
      vertex -44.6085 39.4721 101.2
      vertex -39.4966 37.3731 101.2
      vertex -44.4175 39.9969 101.2
    endloop
  endfacet
  facet normal 0 0 1
    outer loop
      vertex -40.7938 -33.0969 101.2
      vertex -41.9253 -43.3041 101.2
      vertex -41.4735 -43.6323 101.2
    endloop
  endfacet
  facet normal -0 0 1
    outer loop
      vertex -44.7624 38.9354 101.2
      vertex -39.4966 37.3731 101.2
      vertex -44.6085 39.4721 101.2
    endloop
  endfacet
  facet normal 0 0 1
    outer loop
      vertex -40.7938 -33.0969 101.2
      vertex -42.353 -42.9452 101.2
      vertex -41.9253 -43.3041 101.2
    endloop
  endfacet
  facet normal -0 0 1
    outer loop
      vertex -44.8785 38.3892 101.2
      vertex -39.4966 37.3731 101.2
      vertex -44.7624 38.9354 101.2
    endloop
  endfacet
  facet normal 0 0 1
    outer loop
      vertex -40.7938 -33.0969 101.2
      vertex -42.7547 -42.5573 101.2
      vertex -42.353 -42.9452 101.2
    endloop
  endfacet
  facet normal 0 0 1
    outer loop
      vertex -39.4966 37.3731 101.2
      vertex -44.8785 38.3892 101.2
      vertex -40.2079 36.0424 101.2
    endloop
  endfacet
  facet normal 0 0 1
    outer loop
      vertex -40.7938 -33.0969 101.2
      vertex -43.1284 -42.1423 101.2
      vertex -42.7547 -42.5573 101.2
    endloop
  endfacet
  facet normal -0 0 1
    outer loop
      vertex -44.9562 37.8362 101.2
      vertex -40.2079 36.0424 101.2
      vertex -44.8785 38.3892 101.2
    endloop
  endfacet
  facet normal 0 0 1
    outer loop
      vertex -40.7938 -33.0969 101.2
      vertex -43.4721 -41.7023 101.2
      vertex -43.1284 -42.1423 101.2
    endloop
  endfacet
  facet normal -0 0 1
    outer loop
      vertex -44.9951 37.2792 101.2
      vertex -40.2079 36.0424 101.2
      vertex -44.9562 37.8362 101.2
    endloop
  endfacet
  facet normal 0 0 1
    outer loop
      vertex -40.7938 -33.0969 101.2
      vertex -43.7844 -41.2393 101.2
      vertex -43.4721 -41.7023 101.2
    endloop
  endfacet
  facet normal 0 0 1
    outer loop
      vertex -40.2079 36.0424 101.2
      vertex -44.9951 37.2792 101.2
      vertex -40.2079 36.0423 101.2
    endloop
  endfacet
  facet normal 0 0 1
    outer loop
      vertex -40.7938 -33.0969 101.2
      vertex -44.0636 -40.7558 101.2
      vertex -43.7844 -41.2393 101.2
    endloop
  endfacet
  facet normal -0 0 1
    outer loop
      vertex -45 37 101.2
      vertex -40.2079 36.0423 101.2
      vertex -44.9951 37.2792 101.2
    endloop
  endfacet
  facet normal 0 0 1
    outer loop
      vertex -40.7938 -33.0969 101.2
      vertex -44.3084 -40.2539 101.2
      vertex -44.0636 -40.7558 101.2
    endloop
  endfacet
  facet normal 0 0 1
    outer loop
      vertex -40.7938 -33.0969 101.2
      vertex -44.5175 -39.7362 101.2
      vertex -44.3084 -40.2539 101.2
    endloop
  endfacet
  facet normal 0 0 1
    outer loop
      vertex -40.2079 36.0423 101.2
      vertex -45 37 101.2
      vertex -40.6459 34.5985 101.2
    endloop
  endfacet
  facet normal 0 0 1
    outer loop
      vertex -40.7938 -33.0969 101.2
      vertex -44.6901 -39.2051 101.2
      vertex -44.5175 -39.7362 101.2
    endloop
  endfacet
  facet normal 0 0 1
    outer loop
      vertex -40.6459 34.5985 101.2
      vertex -45 37 101.2
      vertex -40.6459 34.5984 101.2
    endloop
  endfacet
  facet normal 0 0 1
    outer loop
      vertex -40.7938 -33.0969 101.2
      vertex -44.8252 -38.6633 101.2
      vertex -44.6901 -39.2051 101.2
    endloop
  endfacet
  facet normal 0 0 1
    outer loop
      vertex -40.6459 34.5984 101.2
      vertex -45 37 101.2
      vertex -40.7938 33.0969 101.2
    endloop
  endfacet
  facet normal 0 0 1
    outer loop
      vertex -40.7938 -33.0969 101.2
      vertex -44.9221 -38.1134 101.2
      vertex -44.8252 -38.6633 101.2
    endloop
  endfacet
  facet normal 0 0 1
    outer loop
      vertex -40.7938 -33.0969 101.2
      vertex -44.9805 -37.558 101.2
      vertex -44.9221 -38.1134 101.2
    endloop
  endfacet
  facet normal -0 0 1
    outer loop
      vertex 40.7938 -33.0969 101.2
      vertex 45 -37 101.2
      vertex 45 37 101.2
    endloop
  endfacet
  facet normal 0 0 1
    outer loop
      vertex 40.6459 34.5984 101.2
      vertex 45 37 101.2
      vertex 44.9805 37.558 101.2
    endloop
  endfacet
  facet normal 0 0 1
    outer loop
      vertex 40.7938 -33.0969 101.2
      vertex 45 37 101.2
      vertex 40.7938 33.0969 101.2
    endloop
  endfacet
  facet normal 0 0 1
    outer loop
      vertex 40.6459 34.5984 101.2
      vertex 44.9805 37.558 101.2
      vertex 44.9221 38.1134 101.2
    endloop
  endfacet
  facet normal -0 0 1
    outer loop
      vertex 40.6459 -34.5984 101.2
      vertex 45 -37 101.2
      vertex 40.7938 -33.0969 101.2
    endloop
  endfacet
  facet normal 0 0 1
    outer loop
      vertex 40.6459 34.5984 101.2
      vertex 44.9221 38.1134 101.2
      vertex 44.8252 38.6633 101.2
    endloop
  endfacet
  facet normal -0 0 1
    outer loop
      vertex 40.6459 -34.5985 101.2
      vertex 45 -37 101.2
      vertex 40.6459 -34.5984 101.2
    endloop
  endfacet
  facet normal 0 0 1
    outer loop
      vertex 40.6459 34.5984 101.2
      vertex 44.8252 38.6633 101.2
      vertex 44.6901 39.2051 101.2
    endloop
  endfacet
  facet normal -0 0 1
    outer loop
      vertex 40.2079 -36.0423 101.2
      vertex 45 -37 101.2
      vertex 40.6459 -34.5985 101.2
    endloop
  endfacet
  facet normal 0 0 1
    outer loop
      vertex 40.6459 34.5984 101.2
      vertex 44.6901 39.2051 101.2
      vertex 44.5175 39.7362 101.2
    endloop
  endfacet
  facet normal 0 0 1
    outer loop
      vertex 40.6459 34.5984 101.2
      vertex 44.5175 39.7362 101.2
      vertex 44.3084 40.2539 101.2
    endloop
  endfacet
  facet normal 0 0 1
    outer loop
      vertex 45 -37 101.2
      vertex 40.2079 -36.0423 101.2
      vertex 44.9951 -37.2792 101.2
    endloop
  endfacet
  facet normal 0 0 1
    outer loop
      vertex 40.6459 34.5984 101.2
      vertex 44.3084 40.2539 101.2
      vertex 44.0636 40.7558 101.2
    endloop
  endfacet
  facet normal -0 0 1
    outer loop
      vertex 40.2079 -36.0424 101.2
      vertex 44.9951 -37.2792 101.2
      vertex 40.2079 -36.0423 101.2
    endloop
  endfacet
  facet normal 0 0 1
    outer loop
      vertex 40.6459 34.5984 101.2
      vertex 44.0636 40.7558 101.2
      vertex 43.7844 41.2393 101.2
    endloop
  endfacet
  facet normal 0 0 1
    outer loop
      vertex 44.9951 -37.2792 101.2
      vertex 40.2079 -36.0424 101.2
      vertex 44.9562 -37.8362 101.2
    endloop
  endfacet
  facet normal 0 0 1
    outer loop
      vertex 40.6459 34.5984 101.2
      vertex 43.7844 41.2393 101.2
      vertex 43.4721 41.7023 101.2
    endloop
  endfacet
  facet normal 0 0 1
    outer loop
      vertex 44.9562 -37.8362 101.2
      vertex 40.2079 -36.0424 101.2
      vertex 44.8785 -38.3892 101.2
    endloop
  endfacet
  facet normal 0 0 1
    outer loop
      vertex 40.6459 34.5984 101.2
      vertex 43.4721 41.7023 101.2
      vertex 43.1284 42.1423 101.2
    endloop
  endfacet
  facet normal -0 0 1
    outer loop
      vertex 39.4966 -37.3731 101.2
      vertex 44.8785 -38.3892 101.2
      vertex 40.2079 -36.0424 101.2
    endloop
  endfacet
  facet normal 0 0 1
    outer loop
      vertex 40.6459 34.5984 101.2
      vertex 43.1284 42.1423 101.2
      vertex 42.7547 42.5573 101.2
    endloop
  endfacet
  facet normal 0 0 1
    outer loop
      vertex 44.8785 -38.3892 101.2
      vertex 39.4966 -37.3731 101.2
      vertex 44.7624 -38.9354 101.2
    endloop
  endfacet
  facet normal 0 0 1
    outer loop
      vertex 40.6459 34.5984 101.2
      vertex 42.7547 42.5573 101.2
      vertex 42.353 42.9452 101.2
    endloop
  endfacet
  facet normal 0 0 1
    outer loop
      vertex 44.7624 -38.9354 101.2
      vertex 39.4966 -37.3731 101.2
      vertex 44.6085 -39.4721 101.2
    endloop
  endfacet
  facet normal 0 0 1
    outer loop
      vertex 40.6459 34.5984 101.2
      vertex 42.353 42.9452 101.2
      vertex 41.9253 43.3041 101.2
    endloop
  endfacet
  facet normal 0 0 1
    outer loop
      vertex 44.6085 -39.4721 101.2
      vertex 39.4966 -37.3731 101.2
      vertex 44.4175 -39.9969 101.2
    endloop
  endfacet
  facet normal 0 0 1
    outer loop
      vertex 40.6459 34.5984 101.2
      vertex 41.9253 43.3041 101.2
      vertex 41.4735 43.6323 101.2
    endloop
  endfacet
  facet normal 0 0 1
    outer loop
      vertex 44.4175 -39.9969 101.2
      vertex 39.4966 -37.3731 101.2
      vertex 44.1904 -40.507 101.2
    endloop
  endfacet
  facet normal 0 0 1
    outer loop
      vertex 37.3731 39.4966 101.2
      vertex 41.4735 43.6323 101.2
      vertex 41 43.9282 101.2
    endloop
  endfacet
  facet normal 0 0 1
    outer loop
      vertex 44.1904 -40.507 101.2
      vertex 39.4966 -37.3731 101.2
      vertex 43.9282 -41 101.2
    endloop
  endfacet
  facet normal 0 0 1
    outer loop
      vertex 43.9282 -41 101.2
      vertex 39.4966 -37.3731 101.2
      vertex 43.6323 -41.4735 101.2
    endloop
  endfacet
  facet normal -0 0 1
    outer loop
      vertex 38.5395 -38.5394 101.2
      vertex 43.6323 -41.4735 101.2
      vertex 39.4966 -37.3731 101.2
    endloop
  endfacet
  facet normal 0 0 1
    outer loop
      vertex 43.6323 -41.4735 101.2
      vertex 38.5395 -38.5394 101.2
      vertex 43.3041 -41.9253 101.2
    endloop
  endfacet
  facet normal 0 0 1
    outer loop
      vertex 43.3041 -41.9253 101.2
      vertex 38.5395 -38.5394 101.2
      vertex 42.9452 -42.353 101.2
    endloop
  endfacet
  facet normal -0 0 1
    outer loop
      vertex 38.5394 -38.5394 101.2
      vertex 42.9452 -42.353 101.2
      vertex 38.5395 -38.5394 101.2
    endloop
  endfacet
  facet normal 0 0 1
    outer loop
      vertex 42.9452 -42.353 101.2
      vertex 38.5394 -38.5394 101.2
      vertex 42.5573 -42.7547 101.2
    endloop
  endfacet
  facet normal 0 0 1
    outer loop
      vertex 42.5573 -42.7547 101.2
      vertex 38.5394 -38.5394 101.2
      vertex 42.1423 -43.1284 101.2
    endloop
  endfacet
  facet normal -0 0 1
    outer loop
      vertex 38.5394 -38.5395 101.2
      vertex 42.1423 -43.1284 101.2
      vertex 38.5394 -38.5394 101.2
    endloop
  endfacet
  facet normal 0 0 1
    outer loop
      vertex 42.1423 -43.1284 101.2
      vertex 38.5394 -38.5395 101.2
      vertex 41.7023 -43.4721 101.2
    endloop
  endfacet
  facet normal 0 0 1
    outer loop
      vertex 41.7023 -43.4721 101.2
      vertex 38.5394 -38.5395 101.2
      vertex 41.2393 -43.7844 101.2
    endloop
  endfacet
  facet normal -0 0 1
    outer loop
      vertex 37.3731 -39.4966 101.2
      vertex 41.2393 -43.7844 101.2
      vertex 38.5394 -38.5395 101.2
    endloop
  endfacet
  facet normal 0 0 1
    outer loop
      vertex 41.2393 -43.7844 101.2
      vertex 37.3731 -39.4966 101.2
      vertex 40.7558 -44.0636 101.2
    endloop
  endfacet
  facet normal 0 0 1
    outer loop
      vertex 40.7558 -44.0636 101.2
      vertex 37.3731 -39.4966 101.2
      vertex 40.2539 -44.3084 101.2
    endloop
  endfacet
  facet normal 0 0 1
    outer loop
      vertex 40.2539 -44.3084 101.2
      vertex 37.3731 -39.4966 101.2
      vertex 39.7362 -44.5175 101.2
    endloop
  endfacet
  facet normal 0 0 1
    outer loop
      vertex 39.7362 -44.5175 101.2
      vertex 37.3731 -39.4966 101.2
      vertex 39.2051 -44.6901 101.2
    endloop
  endfacet
  facet normal 0 0 1
    outer loop
      vertex 39.2051 -44.6901 101.2
      vertex 37.3731 -39.4966 101.2
      vertex 38.6633 -44.8252 101.2
    endloop
  endfacet
  facet normal -0 0 1
    outer loop
      vertex 36.0424 -40.2079 101.2
      vertex 38.6633 -44.8252 101.2
      vertex 37.3731 -39.4966 101.2
    endloop
  endfacet
  facet normal 0 0 1
    outer loop
      vertex 38.6633 -44.8252 101.2
      vertex 36.0424 -40.2079 101.2
      vertex 38.1134 -44.9221 101.2
    endloop
  endfacet
  facet normal 0 0 1
    outer loop
      vertex 38.1134 -44.9221 101.2
      vertex 36.0424 -40.2079 101.2
      vertex 37.558 -44.9805 101.2
    endloop
  endfacet
  facet normal -0 0 1
    outer loop
      vertex 36.0423 -40.2079 101.2
      vertex 37.558 -44.9805 101.2
      vertex 36.0424 -40.2079 101.2
    endloop
  endfacet
  facet normal 0 0 1
    outer loop
      vertex 37.558 -44.9805 101.2
      vertex 36.0423 -40.2079 101.2
      vertex 37 -45 101.2
    endloop
  endfacet
  facet normal -0 0 1
    outer loop
      vertex 34.5985 -40.6459 101.2
      vertex 37 -45 101.2
      vertex 36.0423 -40.2079 101.2
    endloop
  endfacet
  facet normal -0 0 1
    outer loop
      vertex 34.5984 -40.6459 101.2
      vertex 37 -45 101.2
      vertex 34.5985 -40.6459 101.2
    endloop
  endfacet
  facet normal -0 0 1
    outer loop
      vertex 33.0969 -40.7938 101.2
      vertex 37 -45 101.2
      vertex 34.5984 -40.6459 101.2
    endloop
  endfacet
  facet normal -0 0 1
    outer loop
      vertex -33.0969 -40.7938 101.2
      vertex 37 -45 101.2
      vertex 33.0969 -40.7938 101.2
    endloop
  endfacet
  facet normal 0 0 1
    outer loop
      vertex -37 -45 101.2
      vertex -34.5984 -40.6459 101.2
      vertex -34.5985 -40.6459 101.2
    endloop
  endfacet
  facet normal 0 0 1
    outer loop
      vertex -33.0969 -40.7938 101.2
      vertex -37 -45 101.2
      vertex 37 -45 101.2
    endloop
  endfacet
  facet normal 0 0 1
    outer loop
      vertex -34.5984 -40.6459 101.2
      vertex -37 -45 101.2
      vertex -33.0969 -40.7938 101.2
    endloop
  endfacet
  facet normal 0 0 1
    outer loop
      vertex -36.0423 -40.2079 101.2
      vertex -37 -45 101.2
      vertex -34.5985 -40.6459 101.2
    endloop
  endfacet
  facet normal 0 0 1
    outer loop
      vertex -37.2792 -44.9951 101.2
      vertex -36.0423 -40.2079 101.2
      vertex -36.0424 -40.2079 101.2
    endloop
  endfacet
  facet normal 0 0 1
    outer loop
      vertex -36.0423 -40.2079 101.2
      vertex -37.2792 -44.9951 101.2
      vertex -37 -45 101.2
    endloop
  endfacet
  facet normal 0 0 1
    outer loop
      vertex -38.3892 -44.8785 101.2
      vertex -36.0424 -40.2079 101.2
      vertex -37.3731 -39.4966 101.2
    endloop
  endfacet
  facet normal 0 0 1
    outer loop
      vertex -36.0424 -40.2079 101.2
      vertex -37.8362 -44.9562 101.2
      vertex -37.2792 -44.9951 101.2
    endloop
  endfacet
  facet normal 0 0 1
    outer loop
      vertex -36.0424 -40.2079 101.2
      vertex -38.3892 -44.8785 101.2
      vertex -37.8362 -44.9562 101.2
    endloop
  endfacet
  facet normal 0 0 1
    outer loop
      vertex -41 -43.9282 101.2
      vertex -37.3731 -39.4966 101.2
      vertex -38.5394 -38.5395 101.2
    endloop
  endfacet
  facet normal 0 0 1
    outer loop
      vertex -41 -43.9282 101.2
      vertex -38.5394 -38.5395 101.2
      vertex -38.5394 -38.5394 101.2
    endloop
  endfacet
  facet normal 0 0 1
    outer loop
      vertex -41 -43.9282 101.2
      vertex -38.5394 -38.5394 101.2
      vertex -38.5395 -38.5394 101.2
    endloop
  endfacet
  facet normal 0 0 1
    outer loop
      vertex -37.3731 -39.4966 101.2
      vertex -38.9354 -44.7624 101.2
      vertex -38.3892 -44.8785 101.2
    endloop
  endfacet
  facet normal 0 0 1
    outer loop
      vertex -37.3731 -39.4966 101.2
      vertex -39.4721 -44.6085 101.2
      vertex -38.9354 -44.7624 101.2
    endloop
  endfacet
  facet normal 0 0 1
    outer loop
      vertex -41 -43.9282 101.2
      vertex -38.5395 -38.5394 101.2
      vertex -39.4966 -37.3731 101.2
    endloop
  endfacet
  facet normal 0 0 1
    outer loop
      vertex -37.3731 -39.4966 101.2
      vertex -39.9969 -44.4175 101.2
      vertex -39.4721 -44.6085 101.2
    endloop
  endfacet
  facet normal 0 0 1
    outer loop
      vertex -41 -43.9282 101.2
      vertex -39.4966 -37.3731 101.2
      vertex -40.2079 -36.0424 101.2
    endloop
  endfacet
  facet normal 0 0 1
    outer loop
      vertex -41 -43.9282 101.2
      vertex -40.2079 -36.0424 101.2
      vertex -40.2079 -36.0423 101.2
    endloop
  endfacet
  facet normal 0 0 1
    outer loop
      vertex -37.3731 -39.4966 101.2
      vertex -40.507 -44.1904 101.2
      vertex -39.9969 -44.4175 101.2
    endloop
  endfacet
  facet normal 0 0 1
    outer loop
      vertex -41 -43.9282 101.2
      vertex -40.2079 -36.0423 101.2
      vertex -40.6459 -34.5985 101.2
    endloop
  endfacet
  facet normal 0 0 1
    outer loop
      vertex -41 -43.9282 101.2
      vertex -40.6459 -34.5985 101.2
      vertex -40.6459 -34.5984 101.2
    endloop
  endfacet
  facet normal 0 0 1
    outer loop
      vertex -41 -43.9282 101.2
      vertex -40.6459 -34.5984 101.2
      vertex -40.7938 -33.0969 101.2
    endloop
  endfacet
  facet normal 0 0 1
    outer loop
      vertex -37.3731 -39.4966 101.2
      vertex -41 -43.9282 101.2
      vertex -40.507 -44.1904 101.2
    endloop
  endfacet
  facet normal -0.207914 -0.978147 0
    outer loop
      vertex -38.9354 -44.7624 98.2
      vertex -38.3892 -44.8785 101.2
      vertex -38.9354 -44.7624 101.2
    endloop
  endfacet
  facet normal -0.207914 -0.978147 -0
    outer loop
      vertex -38.3892 -44.8785 101.2
      vertex -38.9354 -44.7624 98.2
      vertex -38.3892 -44.8785 98.2
    endloop
  endfacet
  facet normal 0 -1 0
    outer loop
      vertex -37 -45 98.2
      vertex 37 -45 101.2
      vertex -37 -45 101.2
    endloop
  endfacet
  facet normal 0 -1 -0
    outer loop
      vertex 37 -45 101.2
      vertex -37 -45 98.2
      vertex 37 -45 98.2
    endloop
  endfacet
  facet normal 0.642806 0.766029 -0
    outer loop
      vertex 42.353 42.9452 98.2
      vertex 41.9253 43.3041 101.2
      vertex 42.353 42.9452 101.2
    endloop
  endfacet
  facet normal 0.642806 0.766029 0
    outer loop
      vertex 41.9253 43.3041 101.2
      vertex 42.353 42.9452 98.2
      vertex 41.9253 43.3041 98.2
    endloop
  endfacet
  facet normal 0.275644 0.96126 -0
    outer loop
      vertex 39.4721 44.6085 98.2
      vertex 38.9354 44.7624 101.2
      vertex 39.4721 44.6085 101.2
    endloop
  endfacet
  facet normal 0.275644 0.96126 0
    outer loop
      vertex 38.9354 44.7624 101.2
      vertex 39.4721 44.6085 98.2
      vertex 38.9354 44.7624 98.2
    endloop
  endfacet
  facet normal 0.207914 0.978147 -0
    outer loop
      vertex 38.9354 44.7624 98.2
      vertex 38.3892 44.8785 101.2
      vertex 38.9354 44.7624 101.2
    endloop
  endfacet
  facet normal 0.207914 0.978147 0
    outer loop
      vertex 38.3892 44.8785 101.2
      vertex 38.9354 44.7624 98.2
      vertex 38.3892 44.8785 98.2
    endloop
  endfacet
  facet normal 0.342002 0.939699 -0
    outer loop
      vertex 39.9969 44.4175 98.2
      vertex 39.4721 44.6085 101.2
      vertex 39.9969 44.4175 101.2
    endloop
  endfacet
  facet normal 0.342002 0.939699 0
    outer loop
      vertex 39.4721 44.6085 101.2
      vertex 39.9969 44.4175 98.2
      vertex 39.4721 44.6085 98.2
    endloop
  endfacet
  facet normal 0.951038 0.309074 0
    outer loop
      vertex 44.6901 39.2051 101.2
      vertex 44.5175 39.7362 98.2
      vertex 44.5175 39.7362 101.2
    endloop
  endfacet
  facet normal 0.951038 0.309074 0
    outer loop
      vertex 44.5175 39.7362 98.2
      vertex 44.6901 39.2051 101.2
      vertex 44.6901 39.2051 98.2
    endloop
  endfacet
  facet normal 1 -0 0
    outer loop
      vertex 45 -37 101.2
      vertex 45 37 98.2
      vertex 45 37 101.2
    endloop
  endfacet
  facet normal 1 0 0
    outer loop
      vertex 45 37 98.2
      vertex 45 -37 101.2
      vertex 45 -37 98.2
    endloop
  endfacet
  facet normal -0.309074 0.951038 0
    outer loop
      vertex -39.2051 44.6901 98.2
      vertex -39.7362 44.5175 101.2
      vertex -39.2051 44.6901 101.2
    endloop
  endfacet
  facet normal -0.309074 0.951038 0
    outer loop
      vertex -39.7362 44.5175 101.2
      vertex -39.2051 44.6901 98.2
      vertex -39.7362 44.5175 98.2
    endloop
  endfacet
  facet normal -0.17354 0.984827 0
    outer loop
      vertex -38.1134 44.9221 98.2
      vertex -38.6633 44.8252 101.2
      vertex -38.1134 44.9221 101.2
    endloop
  endfacet
  facet normal -0.17354 0.984827 0
    outer loop
      vertex -38.6633 44.8252 101.2
      vertex -38.1134 44.9221 98.2
      vertex -38.6633 44.8252 98.2
    endloop
  endfacet
  facet normal -0.374507 0.927224 0
    outer loop
      vertex -39.7362 44.5175 98.2
      vertex -40.2539 44.3084 101.2
      vertex -39.7362 44.5175 101.2
    endloop
  endfacet
  facet normal -0.374507 0.927224 0
    outer loop
      vertex -40.2539 44.3084 101.2
      vertex -39.7362 44.5175 98.2
      vertex -40.2539 44.3084 98.2
    endloop
  endfacet
  facet normal -0.559196 0.829035 0
    outer loop
      vertex -41.2393 43.7844 98.2
      vertex -41.7023 43.4721 101.2
      vertex -41.2393 43.7844 101.2
    endloop
  endfacet
  facet normal -0.559196 0.829035 0
    outer loop
      vertex -41.7023 43.4721 101.2
      vertex -41.2393 43.7844 98.2
      vertex -41.7023 43.4721 98.2
    endloop
  endfacet
  facet normal -0.615588 0.788068 0
    outer loop
      vertex -41.7023 43.4721 98.2
      vertex -42.1423 43.1284 101.2
      vertex -41.7023 43.4721 101.2
    endloop
  endfacet
  facet normal -0.615588 0.788068 0
    outer loop
      vertex -42.1423 43.1284 101.2
      vertex -41.7023 43.4721 98.2
      vertex -42.1423 43.1284 98.2
    endloop
  endfacet
  facet normal -0.500069 0.865986 0
    outer loop
      vertex -40.7558 44.0636 98.2
      vertex -41.2393 43.7844 101.2
      vertex -40.7558 44.0636 101.2
    endloop
  endfacet
  facet normal -0.500069 0.865986 0
    outer loop
      vertex -41.2393 43.7844 101.2
      vertex -40.7558 44.0636 98.2
      vertex -41.2393 43.7844 98.2
    endloop
  endfacet
  facet normal -0.978147 0.207914 0
    outer loop
      vertex -44.8785 38.3892 98.2
      vertex -44.7624 38.9354 101.2
      vertex -44.7624 38.9354 98.2
    endloop
  endfacet
  facet normal -0.978147 0.207914 0
    outer loop
      vertex -44.7624 38.9354 101.2
      vertex -44.8785 38.3892 98.2
      vertex -44.8785 38.3892 101.2
    endloop
  endfacet
  facet normal -0.939699 0.342002 0
    outer loop
      vertex -44.6085 39.4721 98.2
      vertex -44.4175 39.9969 101.2
      vertex -44.4175 39.9969 98.2
    endloop
  endfacet
  facet normal -0.939699 0.342002 0
    outer loop
      vertex -44.4175 39.9969 101.2
      vertex -44.6085 39.4721 98.2
      vertex -44.6085 39.4721 101.2
    endloop
  endfacet
  facet normal -0.990273 0.13914 0
    outer loop
      vertex -44.9562 37.8362 98.2
      vertex -44.8785 38.3892 101.2
      vertex -44.8785 38.3892 98.2
    endloop
  endfacet
  facet normal -0.990273 0.13914 0
    outer loop
      vertex -44.8785 38.3892 101.2
      vertex -44.9562 37.8362 98.2
      vertex -44.9562 37.8362 101.2
    endloop
  endfacet
  facet normal -0.882898 0.469565 0
    outer loop
      vertex -44.1904 40.507 98.2
      vertex -43.9282 41 101.2
      vertex -43.9282 41 98.2
    endloop
  endfacet
  facet normal -0.882898 0.469565 0
    outer loop
      vertex -43.9282 41 101.2
      vertex -44.1904 40.507 98.2
      vertex -44.1904 40.507 101.2
    endloop
  endfacet
  facet normal -0.766029 0.642806 0
    outer loop
      vertex -43.3041 41.9253 98.2
      vertex -42.9452 42.353 101.2
      vertex -42.9452 42.353 98.2
    endloop
  endfacet
  facet normal -0.766029 0.642806 0
    outer loop
      vertex -42.9452 42.353 101.2
      vertex -43.3041 41.9253 98.2
      vertex -43.3041 41.9253 101.2
    endloop
  endfacet
  facet normal -0.99939 -0.0349249 0
    outer loop
      vertex -44.9805 -37.558 98.2
      vertex -45 -37 101.2
      vertex -45 -37 98.2
    endloop
  endfacet
  facet normal -0.99939 -0.0349249 0
    outer loop
      vertex -45 -37 101.2
      vertex -44.9805 -37.558 98.2
      vertex -44.9805 -37.558 101.2
    endloop
  endfacet
  facet normal -0.984827 -0.17354 0
    outer loop
      vertex -44.8252 -38.6633 98.2
      vertex -44.9221 -38.1134 101.2
      vertex -44.9221 -38.1134 98.2
    endloop
  endfacet
  facet normal -0.984827 -0.17354 0
    outer loop
      vertex -44.9221 -38.1134 101.2
      vertex -44.8252 -38.6633 98.2
      vertex -44.8252 -38.6633 101.2
    endloop
  endfacet
  facet normal -0.927224 -0.374507 0
    outer loop
      vertex -44.3084 -40.2539 98.2
      vertex -44.5175 -39.7362 101.2
      vertex -44.5175 -39.7362 98.2
    endloop
  endfacet
  facet normal -0.927224 -0.374507 0
    outer loop
      vertex -44.5175 -39.7362 101.2
      vertex -44.3084 -40.2539 98.2
      vertex -44.3084 -40.2539 101.2
    endloop
  endfacet
  facet normal -0.743116 -0.669163 0
    outer loop
      vertex -42.7547 -42.5573 98.2
      vertex -43.1284 -42.1423 101.2
      vertex -43.1284 -42.1423 98.2
    endloop
  endfacet
  facet normal -0.743116 -0.669163 0
    outer loop
      vertex -43.1284 -42.1423 101.2
      vertex -42.7547 -42.5573 98.2
      vertex -42.7547 -42.5573 101.2
    endloop
  endfacet
  facet normal -0.642806 -0.766029 0
    outer loop
      vertex -42.353 -42.9452 98.2
      vertex -41.9253 -43.3041 101.2
      vertex -42.353 -42.9452 101.2
    endloop
  endfacet
  facet normal -0.642806 -0.766029 -0
    outer loop
      vertex -41.9253 -43.3041 101.2
      vertex -42.353 -42.9452 98.2
      vertex -41.9253 -43.3041 98.2
    endloop
  endfacet
  facet normal -0.469565 -0.882898 0
    outer loop
      vertex -41 -43.9282 98.2
      vertex -40.507 -44.1904 101.2
      vertex -41 -43.9282 101.2
    endloop
  endfacet
  facet normal -0.469565 -0.882898 -0
    outer loop
      vertex -40.507 -44.1904 101.2
      vertex -41 -43.9282 98.2
      vertex -40.507 -44.1904 98.2
    endloop
  endfacet
  facet normal -0.587724 -0.809061 0
    outer loop
      vertex -41.9253 -43.3041 98.2
      vertex -41.4735 -43.6323 101.2
      vertex -41.9253 -43.3041 101.2
    endloop
  endfacet
  facet normal -0.587724 -0.809061 -0
    outer loop
      vertex -41.4735 -43.6323 101.2
      vertex -41.9253 -43.3041 98.2
      vertex -41.4735 -43.6323 98.2
    endloop
  endfacet
  facet normal -0.13914 -0.990273 0
    outer loop
      vertex -38.3892 -44.8785 98.2
      vertex -37.8362 -44.9562 101.2
      vertex -38.3892 -44.8785 101.2
    endloop
  endfacet
  facet normal -0.13914 -0.990273 -0
    outer loop
      vertex -37.8362 -44.9562 101.2
      vertex -38.3892 -44.8785 98.2
      vertex -37.8362 -44.9562 98.2
    endloop
  endfacet
  facet normal -0.275644 -0.96126 0
    outer loop
      vertex -39.4721 -44.6085 98.2
      vertex -38.9354 -44.7624 101.2
      vertex -39.4721 -44.6085 101.2
    endloop
  endfacet
  facet normal -0.275644 -0.96126 -0
    outer loop
      vertex -38.9354 -44.7624 101.2
      vertex -39.4721 -44.6085 98.2
      vertex -38.9354 -44.7624 98.2
    endloop
  endfacet
  facet normal -0.40672 -0.913553 0
    outer loop
      vertex -40.507 -44.1904 98.2
      vertex -39.9969 -44.4175 101.2
      vertex -40.507 -44.1904 101.2
    endloop
  endfacet
  facet normal -0.40672 -0.913553 -0
    outer loop
      vertex -39.9969 -44.4175 101.2
      vertex -40.507 -44.1904 98.2
      vertex -39.9969 -44.4175 98.2
    endloop
  endfacet
  facet normal 0.694642 0.719355 -0
    outer loop
      vertex 42.7547 42.5573 98.2
      vertex 42.353 42.9452 101.2
      vertex 42.7547 42.5573 101.2
    endloop
  endfacet
  facet normal 0.694642 0.719355 0
    outer loop
      vertex 42.353 42.9452 101.2
      vertex 42.7547 42.5573 98.2
      vertex 42.353 42.9452 98.2
    endloop
  endfacet
  facet normal 0.743116 0.669163 0
    outer loop
      vertex 43.1284 42.1423 101.2
      vertex 42.7547 42.5573 98.2
      vertex 42.7547 42.5573 101.2
    endloop
  endfacet
  facet normal 0.743116 0.669163 0
    outer loop
      vertex 42.7547 42.5573 98.2
      vertex 43.1284 42.1423 101.2
      vertex 43.1284 42.1423 98.2
    endloop
  endfacet
  facet normal 0.529951 0.848028 -0
    outer loop
      vertex 41.4735 43.6323 98.2
      vertex 41 43.9282 101.2
      vertex 41.4735 43.6323 101.2
    endloop
  endfacet
  facet normal 0.529951 0.848028 0
    outer loop
      vertex 41 43.9282 101.2
      vertex 41.4735 43.6323 98.2
      vertex 41 43.9282 98.2
    endloop
  endfacet
  facet normal 0.587724 0.809061 -0
    outer loop
      vertex 41.9253 43.3041 98.2
      vertex 41.4735 43.6323 101.2
      vertex 41.9253 43.3041 101.2
    endloop
  endfacet
  facet normal 0.587724 0.809061 0
    outer loop
      vertex 41.4735 43.6323 101.2
      vertex 41.9253 43.3041 98.2
      vertex 41.4735 43.6323 98.2
    endloop
  endfacet
  facet normal 0.13914 0.990273 -0
    outer loop
      vertex 38.3892 44.8785 98.2
      vertex 37.8362 44.9562 101.2
      vertex 38.3892 44.8785 101.2
    endloop
  endfacet
  facet normal 0.13914 0.990273 0
    outer loop
      vertex 37.8362 44.9562 101.2
      vertex 38.3892 44.8785 98.2
      vertex 37.8362 44.9562 98.2
    endloop
  endfacet
  facet normal 0.40672 0.913553 -0
    outer loop
      vertex 40.507 44.1904 98.2
      vertex 39.9969 44.4175 101.2
      vertex 40.507 44.1904 101.2
    endloop
  endfacet
  facet normal 0.40672 0.913553 0
    outer loop
      vertex 39.9969 44.4175 101.2
      vertex 40.507 44.1904 98.2
      vertex 39.9969 44.4175 98.2
    endloop
  endfacet
  facet normal 0.898789 0.438381 0
    outer loop
      vertex 44.3084 40.2539 101.2
      vertex 44.0636 40.7558 98.2
      vertex 44.0636 40.7558 101.2
    endloop
  endfacet
  facet normal 0.898789 0.438381 0
    outer loop
      vertex 44.0636 40.7558 98.2
      vertex 44.3084 40.2539 101.2
      vertex 44.3084 40.2539 98.2
    endloop
  endfacet
  facet normal 0.994517 0.104573 0
    outer loop
      vertex 44.9805 37.558 101.2
      vertex 44.9221 38.1134 98.2
      vertex 44.9221 38.1134 101.2
    endloop
  endfacet
  facet normal 0.994517 0.104573 0
    outer loop
      vertex 44.9221 38.1134 98.2
      vertex 44.9805 37.558 101.2
      vertex 44.9805 37.558 98.2
    endloop
  endfacet
  facet normal 0.99939 0.0349249 0
    outer loop
      vertex 45 37 101.2
      vertex 44.9805 37.558 98.2
      vertex 44.9805 37.558 101.2
    endloop
  endfacet
  facet normal 0.99939 0.0349249 0
    outer loop
      vertex 44.9805 37.558 98.2
      vertex 45 37 101.2
      vertex 45 37 98.2
    endloop
  endfacet
  facet normal 0.984827 0.17354 0
    outer loop
      vertex 44.9221 38.1134 101.2
      vertex 44.8252 38.6633 98.2
      vertex 44.8252 38.6633 101.2
    endloop
  endfacet
  facet normal 0.984827 0.17354 0
    outer loop
      vertex 44.8252 38.6633 98.2
      vertex 44.9221 38.1134 101.2
      vertex 44.9221 38.1134 98.2
    endloop
  endfacet
  facet normal 0.927224 0.374507 0
    outer loop
      vertex 44.5175 39.7362 101.2
      vertex 44.3084 40.2539 98.2
      vertex 44.3084 40.2539 101.2
    endloop
  endfacet
  facet normal 0.927224 0.374507 0
    outer loop
      vertex 44.3084 40.2539 98.2
      vertex 44.5175 39.7362 101.2
      vertex 44.5175 39.7362 98.2
    endloop
  endfacet
  facet normal 0.829035 0.559196 0
    outer loop
      vertex 43.7844 41.2393 101.2
      vertex 43.4721 41.7023 98.2
      vertex 43.4721 41.7023 101.2
    endloop
  endfacet
  facet normal 0.829035 0.559196 0
    outer loop
      vertex 43.4721 41.7023 98.2
      vertex 43.7844 41.2393 101.2
      vertex 43.7844 41.2393 98.2
    endloop
  endfacet
  facet normal 0.809061 -0.587724 0
    outer loop
      vertex 43.3041 -41.9253 101.2
      vertex 43.6323 -41.4735 98.2
      vertex 43.6323 -41.4735 101.2
    endloop
  endfacet
  facet normal 0.809061 -0.587724 0
    outer loop
      vertex 43.6323 -41.4735 98.2
      vertex 43.3041 -41.9253 101.2
      vertex 43.3041 -41.9253 98.2
    endloop
  endfacet
  facet normal 0.939699 -0.342002 0
    outer loop
      vertex 44.4175 -39.9969 101.2
      vertex 44.6085 -39.4721 98.2
      vertex 44.6085 -39.4721 101.2
    endloop
  endfacet
  facet normal 0.939699 -0.342002 0
    outer loop
      vertex 44.6085 -39.4721 98.2
      vertex 44.4175 -39.9969 101.2
      vertex 44.4175 -39.9969 98.2
    endloop
  endfacet
  facet normal 0.882898 -0.469565 0
    outer loop
      vertex 43.9282 -41 101.2
      vertex 44.1904 -40.507 98.2
      vertex 44.1904 -40.507 101.2
    endloop
  endfacet
  facet normal 0.882898 -0.469565 0
    outer loop
      vertex 44.1904 -40.507 98.2
      vertex 43.9282 -41 101.2
      vertex 43.9282 -41 98.2
    endloop
  endfacet
  facet normal 0.96126 -0.275644 0
    outer loop
      vertex 44.6085 -39.4721 101.2
      vertex 44.7624 -38.9354 98.2
      vertex 44.7624 -38.9354 101.2
    endloop
  endfacet
  facet normal 0.96126 -0.275644 0
    outer loop
      vertex 44.7624 -38.9354 98.2
      vertex 44.6085 -39.4721 101.2
      vertex 44.6085 -39.4721 98.2
    endloop
  endfacet
  facet normal 0.990273 -0.13914 0
    outer loop
      vertex 44.8785 -38.3892 101.2
      vertex 44.9562 -37.8362 98.2
      vertex 44.9562 -37.8362 101.2
    endloop
  endfacet
  facet normal 0.990273 -0.13914 0
    outer loop
      vertex 44.9562 -37.8362 98.2
      vertex 44.8785 -38.3892 101.2
      vertex 44.8785 -38.3892 98.2
    endloop
  endfacet
  facet normal 0.559196 -0.829035 0
    outer loop
      vertex 41.2393 -43.7844 98.2
      vertex 41.7023 -43.4721 101.2
      vertex 41.2393 -43.7844 101.2
    endloop
  endfacet
  facet normal 0.559196 -0.829035 0
    outer loop
      vertex 41.7023 -43.4721 101.2
      vertex 41.2393 -43.7844 98.2
      vertex 41.7023 -43.4721 98.2
    endloop
  endfacet
  facet normal 0.241946 -0.97029 0
    outer loop
      vertex 38.6633 -44.8252 98.2
      vertex 39.2051 -44.6901 101.2
      vertex 38.6633 -44.8252 101.2
    endloop
  endfacet
  facet normal 0.241946 -0.97029 0
    outer loop
      vertex 39.2051 -44.6901 101.2
      vertex 38.6633 -44.8252 98.2
      vertex 39.2051 -44.6901 98.2
    endloop
  endfacet
  facet normal -0.241946 0.97029 0
    outer loop
      vertex -38.6633 44.8252 98.2
      vertex -39.2051 44.6901 101.2
      vertex -38.6633 44.8252 101.2
    endloop
  endfacet
  facet normal -0.241946 0.97029 0
    outer loop
      vertex -39.2051 44.6901 101.2
      vertex -38.6633 44.8252 98.2
      vertex -39.2051 44.6901 98.2
    endloop
  endfacet
  facet normal -0.669163 0.743116 0
    outer loop
      vertex -42.1423 43.1284 98.2
      vertex -42.5573 42.7547 101.2
      vertex -42.1423 43.1284 101.2
    endloop
  endfacet
  facet normal -0.669163 0.743116 0
    outer loop
      vertex -42.5573 42.7547 101.2
      vertex -42.1423 43.1284 98.2
      vertex -42.5573 42.7547 98.2
    endloop
  endfacet
  facet normal -0.96126 0.275644 0
    outer loop
      vertex -44.7624 38.9354 98.2
      vertex -44.6085 39.4721 101.2
      vertex -44.6085 39.4721 98.2
    endloop
  endfacet
  facet normal -0.96126 0.275644 0
    outer loop
      vertex -44.6085 39.4721 101.2
      vertex -44.7624 38.9354 98.2
      vertex -44.7624 38.9354 101.2
    endloop
  endfacet
  facet normal -0.809061 0.587724 0
    outer loop
      vertex -43.6323 41.4735 98.2
      vertex -43.3041 41.9253 101.2
      vertex -43.3041 41.9253 98.2
    endloop
  endfacet
  facet normal -0.809061 0.587724 0
    outer loop
      vertex -43.3041 41.9253 101.2
      vertex -43.6323 41.4735 98.2
      vertex -43.6323 41.4735 101.2
    endloop
  endfacet
  facet normal -0.994517 -0.104573 0
    outer loop
      vertex -44.9221 -38.1134 98.2
      vertex -44.9805 -37.558 101.2
      vertex -44.9805 -37.558 98.2
    endloop
  endfacet
  facet normal -0.994517 -0.104573 0
    outer loop
      vertex -44.9805 -37.558 101.2
      vertex -44.9221 -38.1134 98.2
      vertex -44.9221 -38.1134 101.2
    endloop
  endfacet
  facet normal -0.97029 -0.241946 0
    outer loop
      vertex -44.6901 -39.2051 98.2
      vertex -44.8252 -38.6633 101.2
      vertex -44.8252 -38.6633 98.2
    endloop
  endfacet
  facet normal -0.97029 -0.241946 0
    outer loop
      vertex -44.8252 -38.6633 101.2
      vertex -44.6901 -39.2051 98.2
      vertex -44.6901 -39.2051 101.2
    endloop
  endfacet
  facet normal -0.898789 -0.438381 0
    outer loop
      vertex -44.0636 -40.7558 98.2
      vertex -44.3084 -40.2539 101.2
      vertex -44.3084 -40.2539 98.2
    endloop
  endfacet
  facet normal -0.898789 -0.438381 0
    outer loop
      vertex -44.3084 -40.2539 101.2
      vertex -44.0636 -40.7558 98.2
      vertex -44.0636 -40.7558 101.2
    endloop
  endfacet
  facet normal -0.788068 -0.615588 0
    outer loop
      vertex -43.1284 -42.1423 98.2
      vertex -43.4721 -41.7023 101.2
      vertex -43.4721 -41.7023 98.2
    endloop
  endfacet
  facet normal -0.788068 -0.615588 0
    outer loop
      vertex -43.4721 -41.7023 101.2
      vertex -43.1284 -42.1423 98.2
      vertex -43.1284 -42.1423 101.2
    endloop
  endfacet
  facet normal -0.865986 -0.500069 0
    outer loop
      vertex -43.7844 -41.2393 98.2
      vertex -44.0636 -40.7558 101.2
      vertex -44.0636 -40.7558 98.2
    endloop
  endfacet
  facet normal -0.865986 -0.500069 0
    outer loop
      vertex -44.0636 -40.7558 101.2
      vertex -43.7844 -41.2393 98.2
      vertex -43.7844 -41.2393 101.2
    endloop
  endfacet
  facet normal -0.829035 -0.559196 0
    outer loop
      vertex -43.4721 -41.7023 98.2
      vertex -43.7844 -41.2393 101.2
      vertex -43.7844 -41.2393 98.2
    endloop
  endfacet
  facet normal -0.829035 -0.559196 0
    outer loop
      vertex -43.7844 -41.2393 101.2
      vertex -43.4721 -41.7023 98.2
      vertex -43.4721 -41.7023 101.2
    endloop
  endfacet
  facet normal -0.694642 -0.719355 0
    outer loop
      vertex -42.7547 -42.5573 98.2
      vertex -42.353 -42.9452 101.2
      vertex -42.7547 -42.5573 101.2
    endloop
  endfacet
  facet normal -0.694642 -0.719355 -0
    outer loop
      vertex -42.353 -42.9452 101.2
      vertex -42.7547 -42.5573 98.2
      vertex -42.353 -42.9452 98.2
    endloop
  endfacet
  facet normal -0.529951 -0.848028 0
    outer loop
      vertex -41.4735 -43.6323 98.2
      vertex -41 -43.9282 101.2
      vertex -41.4735 -43.6323 101.2
    endloop
  endfacet
  facet normal -0.529951 -0.848028 -0
    outer loop
      vertex -41 -43.9282 101.2
      vertex -41.4735 -43.6323 98.2
      vertex -41 -43.9282 98.2
    endloop
  endfacet
  facet normal -0.0696687 -0.99757 0
    outer loop
      vertex -37.8362 -44.9562 98.2
      vertex -37.2792 -44.9951 101.2
      vertex -37.8362 -44.9562 101.2
    endloop
  endfacet
  facet normal -0.0696687 -0.99757 -0
    outer loop
      vertex -37.2792 -44.9951 101.2
      vertex -37.8362 -44.9562 98.2
      vertex -37.2792 -44.9951 98.2
    endloop
  endfacet
  facet normal -0.342002 -0.939699 0
    outer loop
      vertex -39.9969 -44.4175 98.2
      vertex -39.4721 -44.6085 101.2
      vertex -39.9969 -44.4175 101.2
    endloop
  endfacet
  facet normal -0.342002 -0.939699 -0
    outer loop
      vertex -39.4721 -44.6085 101.2
      vertex -39.9969 -44.4175 98.2
      vertex -39.4721 -44.6085 98.2
    endloop
  endfacet
  facet normal 0.848028 -0.529951 0
    outer loop
      vertex 43.6323 -41.4735 101.2
      vertex 43.9282 -41 98.2
      vertex 43.9282 -41 101.2
    endloop
  endfacet
  facet normal 0.848028 -0.529951 0
    outer loop
      vertex 43.9282 -41 98.2
      vertex 43.6323 -41.4735 101.2
      vertex 43.6323 -41.4735 98.2
    endloop
  endfacet
  facet normal 0.913553 -0.40672 0
    outer loop
      vertex 44.1904 -40.507 101.2
      vertex 44.4175 -39.9969 98.2
      vertex 44.4175 -39.9969 101.2
    endloop
  endfacet
  facet normal 0.913553 -0.40672 0
    outer loop
      vertex 44.4175 -39.9969 98.2
      vertex 44.1904 -40.507 101.2
      vertex 44.1904 -40.507 98.2
    endloop
  endfacet
  facet normal 0.978147 -0.207914 0
    outer loop
      vertex 44.7624 -38.9354 101.2
      vertex 44.8785 -38.3892 98.2
      vertex 44.8785 -38.3892 101.2
    endloop
  endfacet
  facet normal 0.978147 -0.207914 0
    outer loop
      vertex 44.8785 -38.3892 98.2
      vertex 44.7624 -38.9354 101.2
      vertex 44.7624 -38.9354 98.2
    endloop
  endfacet
  facet normal 0.99757 -0.0696687 0
    outer loop
      vertex 44.9562 -37.8362 101.2
      vertex 44.9951 -37.2792 98.2
      vertex 44.9951 -37.2792 101.2
    endloop
  endfacet
  facet normal 0.99757 -0.0696687 0
    outer loop
      vertex 44.9951 -37.2792 98.2
      vertex 44.9562 -37.8362 101.2
      vertex 44.9562 -37.8362 98.2
    endloop
  endfacet
  facet normal 0.615588 -0.788068 0
    outer loop
      vertex 41.7023 -43.4721 98.2
      vertex 42.1423 -43.1284 101.2
      vertex 41.7023 -43.4721 101.2
    endloop
  endfacet
  facet normal 0.615588 -0.788068 0
    outer loop
      vertex 42.1423 -43.1284 101.2
      vertex 41.7023 -43.4721 98.2
      vertex 42.1423 -43.1284 98.2
    endloop
  endfacet
  facet normal 0.766029 -0.642806 0
    outer loop
      vertex 42.9452 -42.353 101.2
      vertex 43.3041 -41.9253 98.2
      vertex 43.3041 -41.9253 101.2
    endloop
  endfacet
  facet normal 0.766029 -0.642806 0
    outer loop
      vertex 43.3041 -41.9253 98.2
      vertex 42.9452 -42.353 101.2
      vertex 42.9452 -42.353 98.2
    endloop
  endfacet
  facet normal 0.669163 -0.743116 0
    outer loop
      vertex 42.1423 -43.1284 98.2
      vertex 42.5573 -42.7547 101.2
      vertex 42.1423 -43.1284 101.2
    endloop
  endfacet
  facet normal 0.669163 -0.743116 0
    outer loop
      vertex 42.5573 -42.7547 101.2
      vertex 42.1423 -43.1284 98.2
      vertex 42.5573 -42.7547 98.2
    endloop
  endfacet
  facet normal 0.719355 -0.694642 0
    outer loop
      vertex 42.5573 -42.7547 101.2
      vertex 42.9452 -42.353 98.2
      vertex 42.9452 -42.353 101.2
    endloop
  endfacet
  facet normal 0.719355 -0.694642 0
    outer loop
      vertex 42.9452 -42.353 98.2
      vertex 42.5573 -42.7547 101.2
      vertex 42.5573 -42.7547 98.2
    endloop
  endfacet
  facet normal 0.500069 -0.865986 0
    outer loop
      vertex 40.7558 -44.0636 98.2
      vertex 41.2393 -43.7844 101.2
      vertex 40.7558 -44.0636 101.2
    endloop
  endfacet
  facet normal 0.500069 -0.865986 0
    outer loop
      vertex 41.2393 -43.7844 101.2
      vertex 40.7558 -44.0636 98.2
      vertex 41.2393 -43.7844 98.2
    endloop
  endfacet
  facet normal 0.374507 -0.927224 0
    outer loop
      vertex 39.7362 -44.5175 98.2
      vertex 40.2539 -44.3084 101.2
      vertex 39.7362 -44.5175 101.2
    endloop
  endfacet
  facet normal 0.374507 -0.927224 0
    outer loop
      vertex 40.2539 -44.3084 101.2
      vertex 39.7362 -44.5175 98.2
      vertex 40.2539 -44.3084 98.2
    endloop
  endfacet
  facet normal 0.438381 -0.898789 0
    outer loop
      vertex 40.2539 -44.3084 98.2
      vertex 40.7558 -44.0636 101.2
      vertex 40.2539 -44.3084 101.2
    endloop
  endfacet
  facet normal 0.438381 -0.898789 0
    outer loop
      vertex 40.7558 -44.0636 101.2
      vertex 40.2539 -44.3084 98.2
      vertex 40.7558 -44.0636 98.2
    endloop
  endfacet
  facet normal 0.309074 -0.951038 0
    outer loop
      vertex 39.2051 -44.6901 98.2
      vertex 39.7362 -44.5175 101.2
      vertex 39.2051 -44.6901 101.2
    endloop
  endfacet
  facet normal 0.309074 -0.951038 0
    outer loop
      vertex 39.7362 -44.5175 101.2
      vertex 39.2051 -44.6901 98.2
      vertex 39.7362 -44.5175 98.2
    endloop
  endfacet
  facet normal -0.951038 -0.309074 0
    outer loop
      vertex -44.5175 -39.7362 98.2
      vertex -44.6901 -39.2051 101.2
      vertex -44.6901 -39.2051 98.2
    endloop
  endfacet
  facet normal -0.951038 -0.309074 0
    outer loop
      vertex -44.6901 -39.2051 101.2
      vertex -44.5175 -39.7362 98.2
      vertex -44.5175 -39.7362 101.2
    endloop
  endfacet
  facet normal 0.97029 0.241946 0
    outer loop
      vertex 44.8252 38.6633 101.2
      vertex 44.6901 39.2051 98.2
      vertex 44.6901 39.2051 101.2
    endloop
  endfacet
  facet normal 0.97029 0.241946 0
    outer loop
      vertex 44.6901 39.2051 98.2
      vertex 44.8252 38.6633 101.2
      vertex 44.8252 38.6633 98.2
    endloop
  endfacet
  facet normal 0.865986 0.500069 0
    outer loop
      vertex 44.0636 40.7558 101.2
      vertex 43.7844 41.2393 98.2
      vertex 43.7844 41.2393 101.2
    endloop
  endfacet
  facet normal 0.865986 0.500069 0
    outer loop
      vertex 43.7844 41.2393 98.2
      vertex 44.0636 40.7558 101.2
      vertex 44.0636 40.7558 98.2
    endloop
  endfacet
  facet normal -0.992709 -0.120538 0
    outer loop
      vertex 1.65 -19.3 0
      vertex 1.60205 -18.9051 3.2
      vertex 1.60205 -18.9051 0
    endloop
  endfacet
  facet normal -0.992709 -0.120538 0
    outer loop
      vertex 1.60205 -18.9051 3.2
      vertex 1.65 -19.3 0
      vertex 1.65 -19.3 3.2
    endloop
  endfacet
  facet normal 0 -1 0
    outer loop
      vertex -0.198885 -17.662 0
      vertex 0.198885 -17.662 3.2
      vertex -0.198885 -17.662 3.2
    endloop
  endfacet
  facet normal 0 -1 -0
    outer loop
      vertex 0.198885 -17.662 3.2
      vertex -0.198885 -17.662 0
      vertex 0.198885 -17.662 0
    endloop
  endfacet
  facet normal 0.93501 -0.35462 0
    outer loop
      vertex -1.60205 -18.9051 3.2
      vertex -1.461 -18.5332 0
      vertex -1.461 -18.5332 3.2
    endloop
  endfacet
  facet normal 0.93501 -0.35462 0
    outer loop
      vertex -1.461 -18.5332 0
      vertex -1.60205 -18.9051 3.2
      vertex -1.60205 -18.9051 0
    endloop
  endfacet
  facet normal -0.823017 -0.568017 0
    outer loop
      vertex 1.461 -18.5332 0
      vertex 1.23504 -18.2058 3.2
      vertex 1.23504 -18.2058 0
    endloop
  endfacet
  facet normal -0.823017 -0.568017 0
    outer loop
      vertex 1.23504 -18.2058 3.2
      vertex 1.461 -18.5332 0
      vertex 1.461 -18.5332 3.2
    endloop
  endfacet
  facet normal -0.93501 -0.35462 0
    outer loop
      vertex 1.60205 -18.9051 0
      vertex 1.461 -18.5332 3.2
      vertex 1.461 -18.5332 0
    endloop
  endfacet
  facet normal -0.93501 -0.35462 0
    outer loop
      vertex 1.461 -18.5332 3.2
      vertex 1.60205 -18.9051 0
      vertex 1.60205 -18.9051 3.2
    endloop
  endfacet
  facet normal -0.239333 -0.970938 0
    outer loop
      vertex 0.198885 -17.662 0
      vertex 0.585097 -17.7572 3.2
      vertex 0.198885 -17.662 3.2
    endloop
  endfacet
  facet normal -0.239333 -0.970938 -0
    outer loop
      vertex 0.585097 -17.7572 3.2
      vertex 0.198885 -17.662 0
      vertex 0.585097 -17.7572 0
    endloop
  endfacet
  facet normal 0.464815 -0.885408 0
    outer loop
      vertex -0.937306 -17.9421 0
      vertex -0.585097 -17.7572 3.2
      vertex -0.937306 -17.9421 3.2
    endloop
  endfacet
  facet normal 0.464815 -0.885408 0
    outer loop
      vertex -0.585097 -17.7572 3.2
      vertex -0.937306 -17.9421 0
      vertex -0.585097 -17.7572 0
    endloop
  endfacet
  facet normal 0.663025 -0.748597 0
    outer loop
      vertex -1.23504 -18.2058 0
      vertex -0.937306 -17.9421 3.2
      vertex -1.23504 -18.2058 3.2
    endloop
  endfacet
  facet normal 0.663025 -0.748597 0
    outer loop
      vertex -0.937306 -17.9421 3.2
      vertex -1.23504 -18.2058 0
      vertex -0.937306 -17.9421 0
    endloop
  endfacet
  facet normal -0.663025 -0.748597 0
    outer loop
      vertex 0.937306 -17.9421 0
      vertex 1.23504 -18.2058 3.2
      vertex 0.937306 -17.9421 3.2
    endloop
  endfacet
  facet normal -0.663025 -0.748597 -0
    outer loop
      vertex 1.23504 -18.2058 3.2
      vertex 0.937306 -17.9421 0
      vertex 1.23504 -18.2058 0
    endloop
  endfacet
  facet normal -0.464815 -0.885408 0
    outer loop
      vertex 0.585097 -17.7572 0
      vertex 0.937306 -17.9421 3.2
      vertex 0.585097 -17.7572 3.2
    endloop
  endfacet
  facet normal -0.464815 -0.885408 -0
    outer loop
      vertex 0.937306 -17.9421 3.2
      vertex 0.585097 -17.7572 0
      vertex 0.937306 -17.9421 0
    endloop
  endfacet
  facet normal 0.992709 -0.120538 0
    outer loop
      vertex -1.65 -19.3 3.2
      vertex -1.60205 -18.9051 0
      vertex -1.60205 -18.9051 3.2
    endloop
  endfacet
  facet normal 0.992709 -0.120538 0
    outer loop
      vertex -1.60205 -18.9051 0
      vertex -1.65 -19.3 3.2
      vertex -1.65 -19.3 0
    endloop
  endfacet
  facet normal 0.823017 -0.568017 0
    outer loop
      vertex -1.461 -18.5332 3.2
      vertex -1.23504 -18.2058 0
      vertex -1.23504 -18.2058 3.2
    endloop
  endfacet
  facet normal 0.823017 -0.568017 0
    outer loop
      vertex -1.23504 -18.2058 0
      vertex -1.461 -18.5332 3.2
      vertex -1.461 -18.5332 0
    endloop
  endfacet
  facet normal 0.239333 -0.970938 0
    outer loop
      vertex -0.585097 -17.7572 0
      vertex -0.198885 -17.662 3.2
      vertex -0.585097 -17.7572 3.2
    endloop
  endfacet
  facet normal 0.239333 -0.970938 0
    outer loop
      vertex -0.198885 -17.662 3.2
      vertex -0.585097 -17.7572 0
      vertex -0.198885 -17.662 0
    endloop
  endfacet
  facet normal -0.93501 0.35462 0
    outer loop
      vertex 1.461 -20.0668 0
      vertex 1.60205 -19.6949 3.2
      vertex 1.60205 -19.6949 0
    endloop
  endfacet
  facet normal -0.93501 0.35462 0
    outer loop
      vertex 1.60205 -19.6949 3.2
      vertex 1.461 -20.0668 0
      vertex 1.461 -20.0668 3.2
    endloop
  endfacet
  facet normal 0.663025 0.748597 -0
    outer loop
      vertex -0.937306 -20.6579 0
      vertex -1.23504 -20.3942 3.2
      vertex -0.937306 -20.6579 3.2
    endloop
  endfacet
  facet normal 0.663025 0.748597 0
    outer loop
      vertex -1.23504 -20.3942 3.2
      vertex -0.937306 -20.6579 0
      vertex -1.23504 -20.3942 0
    endloop
  endfacet
  facet normal 0.823017 0.568017 0
    outer loop
      vertex -1.23504 -20.3942 3.2
      vertex -1.461 -20.0668 0
      vertex -1.461 -20.0668 3.2
    endloop
  endfacet
  facet normal 0.823017 0.568017 0
    outer loop
      vertex -1.461 -20.0668 0
      vertex -1.23504 -20.3942 3.2
      vertex -1.23504 -20.3942 0
    endloop
  endfacet
  facet normal -0.663025 0.748597 0
    outer loop
      vertex 1.23504 -20.3942 0
      vertex 0.937306 -20.6579 3.2
      vertex 1.23504 -20.3942 3.2
    endloop
  endfacet
  facet normal -0.663025 0.748597 0
    outer loop
      vertex 0.937306 -20.6579 3.2
      vertex 1.23504 -20.3942 0
      vertex 0.937306 -20.6579 0
    endloop
  endfacet
  facet normal -0.992709 0.120538 0
    outer loop
      vertex 1.60205 -19.6949 0
      vertex 1.65 -19.3 3.2
      vertex 1.65 -19.3 0
    endloop
  endfacet
  facet normal -0.992709 0.120538 0
    outer loop
      vertex 1.65 -19.3 3.2
      vertex 1.60205 -19.6949 0
      vertex 1.60205 -19.6949 3.2
    endloop
  endfacet
  facet normal 0.992709 0.120538 0
    outer loop
      vertex -1.60205 -19.6949 3.2
      vertex -1.65 -19.3 0
      vertex -1.65 -19.3 3.2
    endloop
  endfacet
  facet normal 0.992709 0.120538 0
    outer loop
      vertex -1.65 -19.3 0
      vertex -1.60205 -19.6949 3.2
      vertex -1.60205 -19.6949 0
    endloop
  endfacet
  facet normal -0.239333 0.970938 0
    outer loop
      vertex 0.585097 -20.8428 0
      vertex 0.198885 -20.938 3.2
      vertex 0.585097 -20.8428 3.2
    endloop
  endfacet
  facet normal -0.239333 0.970938 0
    outer loop
      vertex 0.198885 -20.938 3.2
      vertex 0.585097 -20.8428 0
      vertex 0.198885 -20.938 0
    endloop
  endfacet
  facet normal -0.464815 0.885408 0
    outer loop
      vertex 0.937306 -20.6579 0
      vertex 0.585097 -20.8428 3.2
      vertex 0.937306 -20.6579 3.2
    endloop
  endfacet
  facet normal -0.464815 0.885408 0
    outer loop
      vertex 0.585097 -20.8428 3.2
      vertex 0.937306 -20.6579 0
      vertex 0.585097 -20.8428 0
    endloop
  endfacet
  facet normal 0.464815 0.885408 -0
    outer loop
      vertex -0.585097 -20.8428 0
      vertex -0.937306 -20.6579 3.2
      vertex -0.585097 -20.8428 3.2
    endloop
  endfacet
  facet normal 0.464815 0.885408 0
    outer loop
      vertex -0.937306 -20.6579 3.2
      vertex -0.585097 -20.8428 0
      vertex -0.937306 -20.6579 0
    endloop
  endfacet
  facet normal 0 1 -0
    outer loop
      vertex 0.198885 -20.938 0
      vertex -0.198885 -20.938 3.2
      vertex 0.198885 -20.938 3.2
    endloop
  endfacet
  facet normal 0 1 0
    outer loop
      vertex -0.198885 -20.938 3.2
      vertex 0.198885 -20.938 0
      vertex -0.198885 -20.938 0
    endloop
  endfacet
  facet normal 0.93501 0.35462 0
    outer loop
      vertex -1.461 -20.0668 3.2
      vertex -1.60205 -19.6949 0
      vertex -1.60205 -19.6949 3.2
    endloop
  endfacet
  facet normal 0.93501 0.35462 0
    outer loop
      vertex -1.60205 -19.6949 0
      vertex -1.461 -20.0668 3.2
      vertex -1.461 -20.0668 0
    endloop
  endfacet
  facet normal -0.823017 0.568017 0
    outer loop
      vertex 1.23504 -20.3942 0
      vertex 1.461 -20.0668 3.2
      vertex 1.461 -20.0668 0
    endloop
  endfacet
  facet normal -0.823017 0.568017 0
    outer loop
      vertex 1.461 -20.0668 3.2
      vertex 1.23504 -20.3942 0
      vertex 1.23504 -20.3942 3.2
    endloop
  endfacet
  facet normal 0.239333 0.970938 -0
    outer loop
      vertex -0.198885 -20.938 0
      vertex -0.585097 -20.8428 3.2
      vertex -0.198885 -20.938 3.2
    endloop
  endfacet
  facet normal 0.239333 0.970938 0
    outer loop
      vertex -0.585097 -20.8428 3.2
      vertex -0.198885 -20.938 0
      vertex -0.585097 -20.8428 0
    endloop
  endfacet
  facet normal -0.823017 -0.568017 0
    outer loop
      vertex 1.461 20.0668 0
      vertex 1.23504 20.3942 3.2
      vertex 1.23504 20.3942 0
    endloop
  endfacet
  facet normal -0.823017 -0.568017 0
    outer loop
      vertex 1.23504 20.3942 3.2
      vertex 1.461 20.0668 0
      vertex 1.461 20.0668 3.2
    endloop
  endfacet
  facet normal -0.93501 -0.35462 0
    outer loop
      vertex 1.60205 19.6949 0
      vertex 1.461 20.0668 3.2
      vertex 1.461 20.0668 0
    endloop
  endfacet
  facet normal -0.93501 -0.35462 0
    outer loop
      vertex 1.461 20.0668 3.2
      vertex 1.60205 19.6949 0
      vertex 1.60205 19.6949 3.2
    endloop
  endfacet
  facet normal -0.464815 -0.885408 0
    outer loop
      vertex 0.585097 20.8428 0
      vertex 0.937306 20.6579 3.2
      vertex 0.585097 20.8428 3.2
    endloop
  endfacet
  facet normal -0.464815 -0.885408 -0
    outer loop
      vertex 0.937306 20.6579 3.2
      vertex 0.585097 20.8428 0
      vertex 0.937306 20.6579 0
    endloop
  endfacet
  facet normal 0.464815 -0.885408 0
    outer loop
      vertex -0.937306 20.6579 0
      vertex -0.585097 20.8428 3.2
      vertex -0.937306 20.6579 3.2
    endloop
  endfacet
  facet normal 0.464815 -0.885408 0
    outer loop
      vertex -0.585097 20.8428 3.2
      vertex -0.937306 20.6579 0
      vertex -0.585097 20.8428 0
    endloop
  endfacet
  facet normal 0.663025 -0.748597 0
    outer loop
      vertex -1.23504 20.3942 0
      vertex -0.937306 20.6579 3.2
      vertex -1.23504 20.3942 3.2
    endloop
  endfacet
  facet normal 0.663025 -0.748597 0
    outer loop
      vertex -0.937306 20.6579 3.2
      vertex -1.23504 20.3942 0
      vertex -0.937306 20.6579 0
    endloop
  endfacet
  facet normal -0.992709 0.120538 0
    outer loop
      vertex 1.60205 18.9051 0
      vertex 1.65 19.3 3.2
      vertex 1.65 19.3 0
    endloop
  endfacet
  facet normal -0.992709 0.120538 0
    outer loop
      vertex 1.65 19.3 3.2
      vertex 1.60205 18.9051 0
      vertex 1.60205 18.9051 3.2
    endloop
  endfacet
  facet normal -0.239333 0.970938 0
    outer loop
      vertex 0.585097 17.7572 0
      vertex 0.198885 17.662 3.2
      vertex 0.585097 17.7572 3.2
    endloop
  endfacet
  facet normal -0.239333 0.970938 0
    outer loop
      vertex 0.198885 17.662 3.2
      vertex 0.585097 17.7572 0
      vertex 0.198885 17.662 0
    endloop
  endfacet
  facet normal -0.663025 -0.748597 0
    outer loop
      vertex 0.937306 20.6579 0
      vertex 1.23504 20.3942 3.2
      vertex 0.937306 20.6579 3.2
    endloop
  endfacet
  facet normal -0.663025 -0.748597 -0
    outer loop
      vertex 1.23504 20.3942 3.2
      vertex 0.937306 20.6579 0
      vertex 1.23504 20.3942 0
    endloop
  endfacet
  facet normal 0 -1 0
    outer loop
      vertex -0.198885 20.938 0
      vertex 0.198885 20.938 3.2
      vertex -0.198885 20.938 3.2
    endloop
  endfacet
  facet normal 0 -1 -0
    outer loop
      vertex 0.198885 20.938 3.2
      vertex -0.198885 20.938 0
      vertex 0.198885 20.938 0
    endloop
  endfacet
  facet normal 0.992709 -0.120538 0
    outer loop
      vertex -1.65 19.3 3.2
      vertex -1.60205 19.6949 0
      vertex -1.60205 19.6949 3.2
    endloop
  endfacet
  facet normal 0.992709 -0.120538 0
    outer loop
      vertex -1.60205 19.6949 0
      vertex -1.65 19.3 3.2
      vertex -1.65 19.3 0
    endloop
  endfacet
  facet normal 0.823017 -0.568017 0
    outer loop
      vertex -1.461 20.0668 3.2
      vertex -1.23504 20.3942 0
      vertex -1.23504 20.3942 3.2
    endloop
  endfacet
  facet normal 0.823017 -0.568017 0
    outer loop
      vertex -1.23504 20.3942 0
      vertex -1.461 20.0668 3.2
      vertex -1.461 20.0668 0
    endloop
  endfacet
  facet normal 0.239333 -0.970938 0
    outer loop
      vertex -0.585097 20.8428 0
      vertex -0.198885 20.938 3.2
      vertex -0.585097 20.8428 3.2
    endloop
  endfacet
  facet normal 0.239333 -0.970938 0
    outer loop
      vertex -0.198885 20.938 3.2
      vertex -0.585097 20.8428 0
      vertex -0.198885 20.938 0
    endloop
  endfacet
  facet normal -0.992709 -0.120538 0
    outer loop
      vertex 1.65 19.3 0
      vertex 1.60205 19.6949 3.2
      vertex 1.60205 19.6949 0
    endloop
  endfacet
  facet normal -0.992709 -0.120538 0
    outer loop
      vertex 1.60205 19.6949 3.2
      vertex 1.65 19.3 0
      vertex 1.65 19.3 3.2
    endloop
  endfacet
  facet normal -0.93501 0.35462 0
    outer loop
      vertex 1.461 18.5332 0
      vertex 1.60205 18.9051 3.2
      vertex 1.60205 18.9051 0
    endloop
  endfacet
  facet normal -0.93501 0.35462 0
    outer loop
      vertex 1.60205 18.9051 3.2
      vertex 1.461 18.5332 0
      vertex 1.461 18.5332 3.2
    endloop
  endfacet
  facet normal 0.663025 0.748597 -0
    outer loop
      vertex -0.937306 17.9421 0
      vertex -1.23504 18.2058 3.2
      vertex -0.937306 17.9421 3.2
    endloop
  endfacet
  facet normal 0.663025 0.748597 0
    outer loop
      vertex -1.23504 18.2058 3.2
      vertex -0.937306 17.9421 0
      vertex -1.23504 18.2058 0
    endloop
  endfacet
  facet normal 0.823017 0.568017 0
    outer loop
      vertex -1.23504 18.2058 3.2
      vertex -1.461 18.5332 0
      vertex -1.461 18.5332 3.2
    endloop
  endfacet
  facet normal 0.823017 0.568017 0
    outer loop
      vertex -1.461 18.5332 0
      vertex -1.23504 18.2058 3.2
      vertex -1.23504 18.2058 0
    endloop
  endfacet
  facet normal -0.663025 0.748597 0
    outer loop
      vertex 1.23504 18.2058 0
      vertex 0.937306 17.9421 3.2
      vertex 1.23504 18.2058 3.2
    endloop
  endfacet
  facet normal -0.663025 0.748597 0
    outer loop
      vertex 0.937306 17.9421 3.2
      vertex 1.23504 18.2058 0
      vertex 0.937306 17.9421 0
    endloop
  endfacet
  facet normal -0.239333 -0.970938 0
    outer loop
      vertex 0.198885 20.938 0
      vertex 0.585097 20.8428 3.2
      vertex 0.198885 20.938 3.2
    endloop
  endfacet
  facet normal -0.239333 -0.970938 -0
    outer loop
      vertex 0.585097 20.8428 3.2
      vertex 0.198885 20.938 0
      vertex 0.585097 20.8428 0
    endloop
  endfacet
  facet normal 0.93501 -0.35462 0
    outer loop
      vertex -1.60205 19.6949 3.2
      vertex -1.461 20.0668 0
      vertex -1.461 20.0668 3.2
    endloop
  endfacet
  facet normal 0.93501 -0.35462 0
    outer loop
      vertex -1.461 20.0668 0
      vertex -1.60205 19.6949 3.2
      vertex -1.60205 19.6949 0
    endloop
  endfacet
  facet normal -0.823017 0.568017 0
    outer loop
      vertex 1.23504 18.2058 0
      vertex 1.461 18.5332 3.2
      vertex 1.461 18.5332 0
    endloop
  endfacet
  facet normal -0.823017 0.568017 0
    outer loop
      vertex 1.461 18.5332 3.2
      vertex 1.23504 18.2058 0
      vertex 1.23504 18.2058 3.2
    endloop
  endfacet
  facet normal 0.992709 0.120538 0
    outer loop
      vertex -1.60205 18.9051 3.2
      vertex -1.65 19.3 0
      vertex -1.65 19.3 3.2
    endloop
  endfacet
  facet normal 0.992709 0.120538 0
    outer loop
      vertex -1.65 19.3 0
      vertex -1.60205 18.9051 3.2
      vertex -1.60205 18.9051 0
    endloop
  endfacet
  facet normal -0.464815 0.885408 0
    outer loop
      vertex 0.937306 17.9421 0
      vertex 0.585097 17.7572 3.2
      vertex 0.937306 17.9421 3.2
    endloop
  endfacet
  facet normal -0.464815 0.885408 0
    outer loop
      vertex 0.585097 17.7572 3.2
      vertex 0.937306 17.9421 0
      vertex 0.585097 17.7572 0
    endloop
  endfacet
  facet normal 0.464815 0.885408 -0
    outer loop
      vertex -0.585097 17.7572 0
      vertex -0.937306 17.9421 3.2
      vertex -0.585097 17.7572 3.2
    endloop
  endfacet
  facet normal 0.464815 0.885408 0
    outer loop
      vertex -0.937306 17.9421 3.2
      vertex -0.585097 17.7572 0
      vertex -0.937306 17.9421 0
    endloop
  endfacet
  facet normal 0 1 -0
    outer loop
      vertex 0.198885 17.662 0
      vertex -0.198885 17.662 3.2
      vertex 0.198885 17.662 3.2
    endloop
  endfacet
  facet normal 0 1 0
    outer loop
      vertex -0.198885 17.662 3.2
      vertex 0.198885 17.662 0
      vertex -0.198885 17.662 0
    endloop
  endfacet
  facet normal 0.93501 0.35462 0
    outer loop
      vertex -1.461 18.5332 3.2
      vertex -1.60205 18.9051 0
      vertex -1.60205 18.9051 3.2
    endloop
  endfacet
  facet normal 0.93501 0.35462 0
    outer loop
      vertex -1.60205 18.9051 0
      vertex -1.461 18.5332 3.2
      vertex -1.461 18.5332 0
    endloop
  endfacet
  facet normal 0.239333 0.970938 -0
    outer loop
      vertex -0.198885 17.662 0
      vertex -0.585097 17.7572 3.2
      vertex -0.198885 17.662 3.2
    endloop
  endfacet
  facet normal 0.239333 0.970938 0
    outer loop
      vertex -0.585097 17.7572 3.2
      vertex -0.198885 17.662 0
      vertex -0.585097 17.7572 0
    endloop
  endfacet
  facet normal -0.471549 0.88184 0
    outer loop
      vertex 9.71114 -10.2629 -10
      vertex 9.36536 -10.4478 3.18
      vertex 9.71114 -10.2629 3.18
    endloop
  endfacet
  facet normal -0.471549 0.88184 0
    outer loop
      vertex 9.36536 -10.4478 3.18
      vertex 9.71114 -10.2629 -10
      vertex 9.36536 -10.4478 -10
    endloop
  endfacet
  facet normal -0.290255 0.956949 0
    outer loop
      vertex 9.36536 -10.4478 -10
      vertex 8.99017 -10.5616 3.18
      vertex 9.36536 -10.4478 3.18
    endloop
  endfacet
  facet normal -0.290255 0.956949 0
    outer loop
      vertex 8.99017 -10.5616 3.18
      vertex 9.36536 -10.4478 -10
      vertex 8.99017 -10.5616 -10
    endloop
  endfacet
  facet normal 1 -0 0
    outer loop
      vertex -10.6 -8.59999 3.18
      vertex -10.6 8.59999 -10
      vertex -10.6 8.59999 3.18
    endloop
  endfacet
  facet normal 1 0 0
    outer loop
      vertex -10.6 8.59999 -10
      vertex -10.6 -8.59999 3.18
      vertex -10.6 -8.59999 -10
    endloop
  endfacet
  facet normal -0.0979429 0.995192 0
    outer loop
      vertex 8.99017 -10.5616 -10
      vertex 8.59999 -10.6 3.18
      vertex 8.99017 -10.5616 3.18
    endloop
  endfacet
  facet normal -0.0979429 0.995192 0
    outer loop
      vertex 8.59999 -10.6 3.18
      vertex 8.99017 -10.5616 -10
      vertex 8.59999 -10.6 -10
    endloop
  endfacet
  facet normal -0.634371 -0.773029 0
    outer loop
      vertex 9.71114 10.2629 -10
      vertex 10.0142 10.0142 3.18
      vertex 9.71114 10.2629 3.18
    endloop
  endfacet
  facet normal -0.634371 -0.773029 -0
    outer loop
      vertex 10.0142 10.0142 3.18
      vertex 9.71114 10.2629 -10
      vertex 10.0142 10.0142 -10
    endloop
  endfacet
  facet normal 0 1 -0
    outer loop
      vertex 8.59999 -10.6 -10
      vertex -8.59999 -10.6 3.18
      vertex 8.59999 -10.6 3.18
    endloop
  endfacet
  facet normal 0 1 0
    outer loop
      vertex -8.59999 -10.6 3.18
      vertex 8.59999 -10.6 -10
      vertex -8.59999 -10.6 -10
    endloop
  endfacet
  facet normal 0.0979429 -0.995192 0
    outer loop
      vertex -8.99017 10.5616 -10
      vertex -8.59999 10.6 3.18
      vertex -8.99017 10.5616 3.18
    endloop
  endfacet
  facet normal 0.0979429 -0.995192 0
    outer loop
      vertex -8.59999 10.6 3.18
      vertex -8.99017 10.5616 -10
      vertex -8.59999 10.6 -10
    endloop
  endfacet
  facet normal -1 0 0
    outer loop
      vertex 10.6 -8.59999 -10
      vertex 10.6 8.59999 3.18
      vertex 10.6 8.59999 -10
    endloop
  endfacet
  facet normal -1 -0 0
    outer loop
      vertex 10.6 8.59999 3.18
      vertex 10.6 -8.59999 -10
      vertex 10.6 -8.59999 3.18
    endloop
  endfacet
  facet normal 0.88184 0.471549 0
    outer loop
      vertex -10.2629 -9.71114 3.18
      vertex -10.4478 -9.36536 -10
      vertex -10.4478 -9.36536 3.18
    endloop
  endfacet
  facet normal 0.88184 0.471549 0
    outer loop
      vertex -10.4478 -9.36536 -10
      vertex -10.2629 -9.71114 3.18
      vertex -10.2629 -9.71114 -10
    endloop
  endfacet
  facet normal 0.634371 0.773029 -0
    outer loop
      vertex -9.71114 -10.2629 -10
      vertex -10.0142 -10.0142 3.18
      vertex -9.71114 -10.2629 3.18
    endloop
  endfacet
  facet normal 0.634371 0.773029 0
    outer loop
      vertex -10.0142 -10.0142 3.18
      vertex -9.71114 -10.2629 -10
      vertex -10.0142 -10.0142 -10
    endloop
  endfacet
  facet normal 0.471549 0.88184 -0
    outer loop
      vertex -9.36536 -10.4478 -10
      vertex -9.71114 -10.2629 3.18
      vertex -9.36536 -10.4478 3.18
    endloop
  endfacet
  facet normal 0.471549 0.88184 0
    outer loop
      vertex -9.71114 -10.2629 3.18
      vertex -9.36536 -10.4478 -10
      vertex -9.71114 -10.2629 -10
    endloop
  endfacet
  facet normal 0.290255 0.956949 -0
    outer loop
      vertex -8.99017 -10.5616 -10
      vertex -9.36536 -10.4478 3.18
      vertex -8.99017 -10.5616 3.18
    endloop
  endfacet
  facet normal 0.290255 0.956949 0
    outer loop
      vertex -9.36536 -10.4478 3.18
      vertex -8.99017 -10.5616 -10
      vertex -9.36536 -10.4478 -10
    endloop
  endfacet
  facet normal 0.290255 -0.956949 0
    outer loop
      vertex -9.36536 10.4478 -10
      vertex -8.99017 10.5616 3.18
      vertex -9.36536 10.4478 3.18
    endloop
  endfacet
  facet normal 0.290255 -0.956949 0
    outer loop
      vertex -8.99017 10.5616 3.18
      vertex -9.36536 10.4478 -10
      vertex -8.99017 10.5616 -10
    endloop
  endfacet
  facet normal -0.471549 -0.88184 0
    outer loop
      vertex 9.36536 10.4478 -10
      vertex 9.71114 10.2629 3.18
      vertex 9.36536 10.4478 3.18
    endloop
  endfacet
  facet normal -0.471549 -0.88184 -0
    outer loop
      vertex 9.71114 10.2629 3.18
      vertex 9.36536 10.4478 -10
      vertex 9.71114 10.2629 -10
    endloop
  endfacet
  facet normal -0.0979429 -0.995192 0
    outer loop
      vertex 8.59999 10.6 -10
      vertex 8.99017 10.5616 3.18
      vertex 8.59999 10.6 3.18
    endloop
  endfacet
  facet normal -0.0979429 -0.995192 -0
    outer loop
      vertex 8.99017 10.5616 3.18
      vertex 8.59999 10.6 -10
      vertex 8.99017 10.5616 -10
    endloop
  endfacet
  facet normal -0.290255 -0.956949 0
    outer loop
      vertex 8.99017 10.5616 -10
      vertex 9.36536 10.4478 3.18
      vertex 8.99017 10.5616 3.18
    endloop
  endfacet
  facet normal -0.290255 -0.956949 -0
    outer loop
      vertex 9.36536 10.4478 3.18
      vertex 8.99017 10.5616 -10
      vertex 9.36536 10.4478 -10
    endloop
  endfacet
  facet normal 0 -1 0
    outer loop
      vertex -8.59999 10.6 -10
      vertex 8.59999 10.6 3.18
      vertex -8.59999 10.6 3.18
    endloop
  endfacet
  facet normal 0 -1 -0
    outer loop
      vertex 8.59999 10.6 3.18
      vertex -8.59999 10.6 -10
      vertex 8.59999 10.6 -10
    endloop
  endfacet
  facet normal -0.956949 0.290255 0
    outer loop
      vertex 10.4478 -9.36536 -10
      vertex 10.5616 -8.99017 3.18
      vertex 10.5616 -8.99017 -10
    endloop
  endfacet
  facet normal -0.956949 0.290255 0
    outer loop
      vertex 10.5616 -8.99017 3.18
      vertex 10.4478 -9.36536 -10
      vertex 10.4478 -9.36536 3.18
    endloop
  endfacet
  facet normal -0.634371 0.773029 0
    outer loop
      vertex 10.0142 -10.0142 -10
      vertex 9.71114 -10.2629 3.18
      vertex 10.0142 -10.0142 3.18
    endloop
  endfacet
  facet normal -0.634371 0.773029 0
    outer loop
      vertex 9.71114 -10.2629 3.18
      vertex 10.0142 -10.0142 -10
      vertex 9.71114 -10.2629 -10
    endloop
  endfacet
  facet normal 0.88184 -0.471549 0
    outer loop
      vertex -10.4478 9.36536 3.18
      vertex -10.2629 9.71114 -10
      vertex -10.2629 9.71114 3.18
    endloop
  endfacet
  facet normal 0.88184 -0.471549 0
    outer loop
      vertex -10.2629 9.71114 -10
      vertex -10.4478 9.36536 3.18
      vertex -10.4478 9.36536 -10
    endloop
  endfacet
  facet normal 0.634371 -0.773029 0
    outer loop
      vertex -10.0142 10.0142 -10
      vertex -9.71114 10.2629 3.18
      vertex -10.0142 10.0142 3.18
    endloop
  endfacet
  facet normal 0.634371 -0.773029 0
    outer loop
      vertex -9.71114 10.2629 3.18
      vertex -10.0142 10.0142 -10
      vertex -9.71114 10.2629 -10
    endloop
  endfacet
  facet normal 0.773029 -0.634371 0
    outer loop
      vertex -10.2629 9.71114 3.18
      vertex -10.0142 10.0142 -10
      vertex -10.0142 10.0142 3.18
    endloop
  endfacet
  facet normal 0.773029 -0.634371 0
    outer loop
      vertex -10.0142 10.0142 -10
      vertex -10.2629 9.71114 3.18
      vertex -10.2629 9.71114 -10
    endloop
  endfacet
  facet normal 0.773029 0.634371 0
    outer loop
      vertex -10.0142 -10.0142 3.18
      vertex -10.2629 -9.71114 -10
      vertex -10.2629 -9.71114 3.18
    endloop
  endfacet
  facet normal 0.773029 0.634371 0
    outer loop
      vertex -10.2629 -9.71114 -10
      vertex -10.0142 -10.0142 3.18
      vertex -10.0142 -10.0142 -10
    endloop
  endfacet
  facet normal 0.995192 0.0979429 0
    outer loop
      vertex -10.5616 -8.99017 3.18
      vertex -10.6 -8.59999 -10
      vertex -10.6 -8.59999 3.18
    endloop
  endfacet
  facet normal 0.995192 0.0979429 0
    outer loop
      vertex -10.6 -8.59999 -10
      vertex -10.5616 -8.99017 3.18
      vertex -10.5616 -8.99017 -10
    endloop
  endfacet
  facet normal 0.0979429 0.995192 -0
    outer loop
      vertex -8.59999 -10.6 -10
      vertex -8.99017 -10.5616 3.18
      vertex -8.59999 -10.6 3.18
    endloop
  endfacet
  facet normal 0.0979429 0.995192 0
    outer loop
      vertex -8.99017 -10.5616 3.18
      vertex -8.59999 -10.6 -10
      vertex -8.99017 -10.5616 -10
    endloop
  endfacet
  facet normal -0.995192 0.0979429 0
    outer loop
      vertex 10.5616 -8.99017 -10
      vertex 10.6 -8.59999 3.18
      vertex 10.6 -8.59999 -10
    endloop
  endfacet
  facet normal -0.995192 0.0979429 0
    outer loop
      vertex 10.6 -8.59999 3.18
      vertex 10.5616 -8.99017 -10
      vertex 10.5616 -8.99017 3.18
    endloop
  endfacet
  facet normal -0.773029 0.634371 0
    outer loop
      vertex 10.0142 -10.0142 -10
      vertex 10.2629 -9.71114 3.18
      vertex 10.2629 -9.71114 -10
    endloop
  endfacet
  facet normal -0.773029 0.634371 0
    outer loop
      vertex 10.2629 -9.71114 3.18
      vertex 10.0142 -10.0142 -10
      vertex 10.0142 -10.0142 3.18
    endloop
  endfacet
  facet normal -0.956949 -0.290255 0
    outer loop
      vertex 10.5616 8.99017 -10
      vertex 10.4478 9.36536 3.18
      vertex 10.4478 9.36536 -10
    endloop
  endfacet
  facet normal -0.956949 -0.290255 0
    outer loop
      vertex 10.4478 9.36536 3.18
      vertex 10.5616 8.99017 -10
      vertex 10.5616 8.99017 3.18
    endloop
  endfacet
  facet normal -0.88184 -0.471549 0
    outer loop
      vertex 10.4478 9.36536 -10
      vertex 10.2629 9.71114 3.18
      vertex 10.2629 9.71114 -10
    endloop
  endfacet
  facet normal -0.88184 -0.471549 0
    outer loop
      vertex 10.2629 9.71114 3.18
      vertex 10.4478 9.36536 -10
      vertex 10.4478 9.36536 3.18
    endloop
  endfacet
  facet normal -0.995192 -0.0979429 0
    outer loop
      vertex 10.6 8.59999 -10
      vertex 10.5616 8.99017 3.18
      vertex 10.5616 8.99017 -10
    endloop
  endfacet
  facet normal -0.995192 -0.0979429 0
    outer loop
      vertex 10.5616 8.99017 3.18
      vertex 10.6 8.59999 -10
      vertex 10.6 8.59999 3.18
    endloop
  endfacet
  facet normal -0.773029 -0.634371 0
    outer loop
      vertex 10.2629 9.71114 -10
      vertex 10.0142 10.0142 3.18
      vertex 10.0142 10.0142 -10
    endloop
  endfacet
  facet normal -0.773029 -0.634371 0
    outer loop
      vertex 10.0142 10.0142 3.18
      vertex 10.2629 9.71114 -10
      vertex 10.2629 9.71114 3.18
    endloop
  endfacet
  facet normal 0.995192 -0.0979429 0
    outer loop
      vertex -10.6 8.59999 3.18
      vertex -10.5616 8.99017 -10
      vertex -10.5616 8.99017 3.18
    endloop
  endfacet
  facet normal 0.995192 -0.0979429 0
    outer loop
      vertex -10.5616 8.99017 -10
      vertex -10.6 8.59999 3.18
      vertex -10.6 8.59999 -10
    endloop
  endfacet
  facet normal 0.956949 -0.290255 0
    outer loop
      vertex -10.5616 8.99017 3.18
      vertex -10.4478 9.36536 -10
      vertex -10.4478 9.36536 3.18
    endloop
  endfacet
  facet normal 0.956949 -0.290255 0
    outer loop
      vertex -10.4478 9.36536 -10
      vertex -10.5616 8.99017 3.18
      vertex -10.5616 8.99017 -10
    endloop
  endfacet
  facet normal 0.471549 -0.88184 0
    outer loop
      vertex -9.71114 10.2629 -10
      vertex -9.36536 10.4478 3.18
      vertex -9.71114 10.2629 3.18
    endloop
  endfacet
  facet normal 0.471549 -0.88184 0
    outer loop
      vertex -9.36536 10.4478 3.18
      vertex -9.71114 10.2629 -10
      vertex -9.36536 10.4478 -10
    endloop
  endfacet
  facet normal 0.956949 0.290255 0
    outer loop
      vertex -10.4478 -9.36536 3.18
      vertex -10.5616 -8.99017 -10
      vertex -10.5616 -8.99017 3.18
    endloop
  endfacet
  facet normal 0.956949 0.290255 0
    outer loop
      vertex -10.5616 -8.99017 -10
      vertex -10.4478 -9.36536 3.18
      vertex -10.4478 -9.36536 -10
    endloop
  endfacet
  facet normal -0.88184 0.471549 0
    outer loop
      vertex 10.2629 -9.71114 -10
      vertex 10.4478 -9.36536 3.18
      vertex 10.4478 -9.36536 -10
    endloop
  endfacet
  facet normal -0.88184 0.471549 0
    outer loop
      vertex 10.4478 -9.36536 3.18
      vertex 10.2629 -9.71114 -10
      vertex 10.2629 -9.71114 3.18
    endloop
  endfacet
  facet normal 0 0.956367 0.292169
    outer loop
      vertex 9.71114 -10.2629 3.18
      vertex 36.0423 -40.2079 101.2
      vertex 36.0424 -40.2079 101.2
    endloop
  endfacet
  facet normal -0.438413 0.819873 0.368242
    outer loop
      vertex 36.0423 -40.2079 101.2
      vertex 9.71114 -10.2629 3.18
      vertex 9.36536 -10.4478 3.18
    endloop
  endfacet
  facet normal -0.438286 0.819946 0.36823
    outer loop
      vertex 36.0424 -40.2079 101.2
      vertex 37.3731 -39.4966 101.2
      vertex 9.71114 -10.2629 3.18
    endloop
  endfacet
  facet normal -0.27226 0.897621 0.346627
    outer loop
      vertex 36.0423 -40.2079 101.2
      vertex 9.36536 -10.4478 3.18
      vertex 8.99017 -10.5616 3.18
    endloop
  endfacet
  facet normal 0 0.955686 0.294387
    outer loop
      vertex 8.59999 -10.6 3.18
      vertex -33.0969 -40.7938 101.2
      vertex 33.0969 -40.7938 101.2
    endloop
  endfacet
  facet normal 0 0.955686 0.294387
    outer loop
      vertex -33.0969 -40.7938 101.2
      vertex 8.59999 -10.6 3.18
      vertex -8.59999 -10.6 3.18
    endloop
  endfacet
  facet normal 0 -0.955686 0.294387
    outer loop
      vertex -8.59999 10.6 3.18
      vertex 33.0969 40.7938 101.2
      vertex -33.0969 40.7938 101.2
    endloop
  endfacet
  facet normal 0 -0.955686 0.294387
    outer loop
      vertex 33.0969 40.7938 101.2
      vertex -8.59999 10.6 3.18
      vertex 8.59999 10.6 3.18
    endloop
  endfacet
  facet normal 0.0930602 0.944759 0.314278
    outer loop
      vertex -33.0969 -40.7938 101.2
      vertex -8.59999 -10.6 3.18
      vertex -34.5984 -40.6459 101.2
    endloop
  endfacet
  facet normal -0.960168 0 0.279422
    outer loop
      vertex 10.0142 -10.0142 3.18
      vertex 38.5394 -38.5395 101.2
      vertex 38.5394 -38.5394 101.2
    endloop
  endfacet
  facet normal -0.58704 0.715354 0.379016
    outer loop
      vertex 38.5394 -38.5395 101.2
      vertex 10.0142 -10.0142 3.18
      vertex 9.71114 -10.2629 3.18
    endloop
  endfacet
  facet normal 0.944772 0.0929808 0.314261
    outer loop
      vertex -40.6459 -34.5984 101.2
      vertex -10.5616 -8.99017 3.18
      vertex -10.6 -8.59999 3.18
    endloop
  endfacet
  facet normal 0.955986 0 0.293411
    outer loop
      vertex -10.5616 -8.99017 3.18
      vertex -40.6459 -34.5984 101.2
      vertex -40.6459 -34.5985 101.2
    endloop
  endfacet
  facet normal -0.715354 -0.58704 0.379016
    outer loop
      vertex 39.4966 37.3731 101.2
      vertex 38.5395 38.5394 101.2
      vertex 10.2629 9.71114 3.18
    endloop
  endfacet
  facet normal -0.956367 0 0.292169
    outer loop
      vertex 10.2629 9.71114 3.18
      vertex 40.2079 36.0423 101.2
      vertex 40.2079 36.0424 101.2
    endloop
  endfacet
  facet normal -0.819873 -0.438413 0.368242
    outer loop
      vertex 40.2079 36.0423 101.2
      vertex 10.2629 9.71114 3.18
      vertex 10.4478 9.36536 3.18
    endloop
  endfacet
  facet normal 0.715354 -0.58704 0.379016
    outer loop
      vertex -10.2629 9.71114 3.18
      vertex -38.5395 38.5394 101.2
      vertex -39.4966 37.3731 101.2
    endloop
  endfacet
  facet normal -0.0930602 -0.944759 0.314278
    outer loop
      vertex 34.5984 40.6459 101.2
      vertex 33.0969 40.7938 101.2
      vertex 8.59999 10.6 3.18
    endloop
  endfacet
  facet normal -0.955686 0 0.294387
    outer loop
      vertex 10.6 -8.59999 3.18
      vertex 40.7938 33.0969 101.2
      vertex 10.6 8.59999 3.18
    endloop
  endfacet
  facet normal -0.955686 0 0.294387
    outer loop
      vertex 40.7938 33.0969 101.2
      vertex 10.6 -8.59999 3.18
      vertex 40.7938 -33.0969 101.2
    endloop
  endfacet
  facet normal -0.272303 0.897606 0.346634
    outer loop
      vertex 34.5985 -40.6459 101.2
      vertex 36.0423 -40.2079 101.2
      vertex 8.99017 -10.5616 3.18
    endloop
  endfacet
  facet normal -0.58704 0.715354 0.379016
    outer loop
      vertex 37.3731 -39.4966 101.2
      vertex 38.5394 -38.5395 101.2
      vertex 9.71114 -10.2629 3.18
    endloop
  endfacet
  facet normal 0.0929808 0.944772 0.314261
    outer loop
      vertex -8.99017 -10.5616 3.18
      vertex -34.5984 -40.6459 101.2
      vertex -8.59999 -10.6 3.18
    endloop
  endfacet
  facet normal 0 0.955986 0.293411
    outer loop
      vertex -34.5984 -40.6459 101.2
      vertex -8.99017 -10.5616 3.18
      vertex -34.5985 -40.6459 101.2
    endloop
  endfacet
  facet normal 0 0.955986 0.293411
    outer loop
      vertex 8.99017 -10.5616 3.18
      vertex 34.5984 -40.6459 101.2
      vertex 34.5985 -40.6459 101.2
    endloop
  endfacet
  facet normal -0.0929808 0.944772 0.314261
    outer loop
      vertex 34.5984 -40.6459 101.2
      vertex 8.99017 -10.5616 3.18
      vertex 8.59999 -10.6 3.18
    endloop
  endfacet
  facet normal -0.0930602 0.944759 0.314278
    outer loop
      vertex 33.0969 -40.7938 101.2
      vertex 34.5984 -40.6459 101.2
      vertex 8.59999 -10.6 3.18
    endloop
  endfacet
  facet normal 0 -0.956367 0.292169
    outer loop
      vertex -9.71114 10.2629 3.18
      vertex -36.0423 40.2079 101.2
      vertex -36.0424 40.2079 101.2
    endloop
  endfacet
  facet normal 0.438413 -0.819873 0.368242
    outer loop
      vertex -36.0423 40.2079 101.2
      vertex -9.71114 10.2629 3.18
      vertex -9.36536 10.4478 3.18
    endloop
  endfacet
  facet normal 0.819946 -0.438286 0.36823
    outer loop
      vertex -10.2629 9.71114 3.18
      vertex -39.4966 37.3731 101.2
      vertex -40.2079 36.0424 101.2
    endloop
  endfacet
  facet normal 0.955686 0 0.294387
    outer loop
      vertex -40.7938 33.0969 101.2
      vertex -10.6 -8.59999 3.18
      vertex -10.6 8.59999 3.18
    endloop
  endfacet
  facet normal 0.955686 0 0.294387
    outer loop
      vertex -10.6 -8.59999 3.18
      vertex -40.7938 33.0969 101.2
      vertex -40.7938 -33.0969 101.2
    endloop
  endfacet
  facet normal 0 -0.955986 0.293411
    outer loop
      vertex -8.99017 10.5616 3.18
      vertex -34.5984 40.6459 101.2
      vertex -34.5985 40.6459 101.2
    endloop
  endfacet
  facet normal 0.0929808 -0.944772 0.314261
    outer loop
      vertex -34.5984 40.6459 101.2
      vertex -8.99017 10.5616 3.18
      vertex -8.59999 10.6 3.18
    endloop
  endfacet
  facet normal 0.0930602 -0.944759 0.314278
    outer loop
      vertex -8.59999 10.6 3.18
      vertex -33.0969 40.7938 101.2
      vertex -34.5984 40.6459 101.2
    endloop
  endfacet
  facet normal -0.944759 -0.0930602 0.314278
    outer loop
      vertex 40.7938 33.0969 101.2
      vertex 40.6459 34.5984 101.2
      vertex 10.6 8.59999 3.18
    endloop
  endfacet
  facet normal -0.944759 0.0930602 0.314278
    outer loop
      vertex 40.6459 -34.5984 101.2
      vertex 40.7938 -33.0969 101.2
      vertex 10.6 -8.59999 3.18
    endloop
  endfacet
  facet normal -0.897621 0.27226 0.346627
    outer loop
      vertex 10.4478 -9.36536 3.18
      vertex 40.2079 -36.0423 101.2
      vertex 10.5616 -8.99017 3.18
    endloop
  endfacet
  facet normal 0.272303 0.897606 0.346634
    outer loop
      vertex -34.5985 -40.6459 101.2
      vertex -8.99017 -10.5616 3.18
      vertex -36.0423 -40.2079 101.2
    endloop
  endfacet
  facet normal 0.438286 0.819946 0.36823
    outer loop
      vertex -36.0424 -40.2079 101.2
      vertex -9.71114 -10.2629 3.18
      vertex -37.3731 -39.4966 101.2
    endloop
  endfacet
  facet normal 0.58704 0.715354 0.379016
    outer loop
      vertex -10.0142 -10.0142 3.18
      vertex -38.5394 -38.5395 101.2
      vertex -9.71114 -10.2629 3.18
    endloop
  endfacet
  facet normal 0.960168 -0 0.279422
    outer loop
      vertex -38.5394 -38.5395 101.2
      vertex -10.0142 -10.0142 3.18
      vertex -38.5394 -38.5394 101.2
    endloop
  endfacet
  facet normal 0.58704 0.715354 0.379016
    outer loop
      vertex -37.3731 -39.4966 101.2
      vertex -9.71114 -10.2629 3.18
      vertex -38.5394 -38.5395 101.2
    endloop
  endfacet
  facet normal 0.58704 -0.715354 0.379016
    outer loop
      vertex -9.71114 10.2629 3.18
      vertex -37.3731 39.4966 101.2
      vertex -38.5394 38.5395 101.2
    endloop
  endfacet
  facet normal 0.438286 -0.819946 0.36823
    outer loop
      vertex -9.71114 10.2629 3.18
      vertex -36.0424 40.2079 101.2
      vertex -37.3731 39.4966 101.2
    endloop
  endfacet
  facet normal 0.956367 -0 0.292169
    outer loop
      vertex -40.2079 36.0423 101.2
      vertex -10.2629 9.71114 3.18
      vertex -40.2079 36.0424 101.2
    endloop
  endfacet
  facet normal 0.819873 -0.438413 0.368242
    outer loop
      vertex -10.2629 9.71114 3.18
      vertex -40.2079 36.0423 101.2
      vertex -10.4478 9.36536 3.18
    endloop
  endfacet
  facet normal 0.944759 -0.0930602 0.314278
    outer loop
      vertex -10.6 8.59999 3.18
      vertex -40.6459 34.5984 101.2
      vertex -40.7938 33.0969 101.2
    endloop
  endfacet
  facet normal 0.715354 0.58704 0.379016
    outer loop
      vertex -38.5395 -38.5394 101.2
      vertex -10.0142 -10.0142 3.18
      vertex -10.2629 -9.71114 3.18
    endloop
  endfacet
  facet normal 0 0.960168 0.279422
    outer loop
      vertex -10.0142 -10.0142 3.18
      vertex -38.5395 -38.5394 101.2
      vertex -38.5394 -38.5394 101.2
    endloop
  endfacet
  facet normal 0.897621 0.27226 0.346627
    outer loop
      vertex -40.2079 -36.0423 101.2
      vertex -10.4478 -9.36536 3.18
      vertex -10.5616 -8.99017 3.18
    endloop
  endfacet
  facet normal 0.897606 0.272303 0.346634
    outer loop
      vertex -40.2079 -36.0423 101.2
      vertex -10.5616 -8.99017 3.18
      vertex -40.6459 -34.5985 101.2
    endloop
  endfacet
  facet normal 0.27226 -0.897621 0.346627
    outer loop
      vertex -36.0423 40.2079 101.2
      vertex -9.36536 10.4478 3.18
      vertex -8.99017 10.5616 3.18
    endloop
  endfacet
  facet normal 0.272303 -0.897606 0.346634
    outer loop
      vertex -8.99017 10.5616 3.18
      vertex -34.5985 40.6459 101.2
      vertex -36.0423 40.2079 101.2
    endloop
  endfacet
  facet normal -0.438286 -0.819946 0.36823
    outer loop
      vertex 37.3731 39.4966 101.2
      vertex 36.0424 40.2079 101.2
      vertex 9.71114 10.2629 3.18
    endloop
  endfacet
  facet normal -0.0929808 -0.944772 0.314261
    outer loop
      vertex 8.99017 10.5616 3.18
      vertex 34.5984 40.6459 101.2
      vertex 8.59999 10.6 3.18
    endloop
  endfacet
  facet normal 0 -0.955986 0.293411
    outer loop
      vertex 34.5984 40.6459 101.2
      vertex 8.99017 10.5616 3.18
      vertex 34.5985 40.6459 101.2
    endloop
  endfacet
  facet normal -0.272303 -0.897606 0.346634
    outer loop
      vertex 36.0423 40.2079 101.2
      vertex 34.5985 40.6459 101.2
      vertex 8.99017 10.5616 3.18
    endloop
  endfacet
  facet normal -0.819946 -0.438286 0.36823
    outer loop
      vertex 40.2079 36.0424 101.2
      vertex 39.4966 37.3731 101.2
      vertex 10.2629 9.71114 3.18
    endloop
  endfacet
  facet normal -0.897606 -0.272303 0.346634
    outer loop
      vertex 40.6459 34.5985 101.2
      vertex 40.2079 36.0423 101.2
      vertex 10.5616 8.99017 3.18
    endloop
  endfacet
  facet normal -0.955986 0 0.293411
    outer loop
      vertex 10.5616 8.99017 3.18
      vertex 40.6459 34.5984 101.2
      vertex 40.6459 34.5985 101.2
    endloop
  endfacet
  facet normal -0.944772 -0.0929808 0.314261
    outer loop
      vertex 40.6459 34.5984 101.2
      vertex 10.5616 8.99017 3.18
      vertex 10.6 8.59999 3.18
    endloop
  endfacet
  facet normal -0.819946 0.438286 0.36823
    outer loop
      vertex 39.4966 -37.3731 101.2
      vertex 40.2079 -36.0424 101.2
      vertex 10.2629 -9.71114 3.18
    endloop
  endfacet
  facet normal -0.715354 0.58704 0.379016
    outer loop
      vertex 38.5395 -38.5394 101.2
      vertex 39.4966 -37.3731 101.2
      vertex 10.2629 -9.71114 3.18
    endloop
  endfacet
  facet normal -0.944772 0.0929808 0.314261
    outer loop
      vertex 10.5616 -8.99017 3.18
      vertex 40.6459 -34.5984 101.2
      vertex 10.6 -8.59999 3.18
    endloop
  endfacet
  facet normal -0.955986 0 0.293411
    outer loop
      vertex 40.6459 -34.5984 101.2
      vertex 10.5616 -8.99017 3.18
      vertex 40.6459 -34.5985 101.2
    endloop
  endfacet
  facet normal -0.897606 0.272303 0.346634
    outer loop
      vertex 40.2079 -36.0423 101.2
      vertex 40.6459 -34.5985 101.2
      vertex 10.5616 -8.99017 3.18
    endloop
  endfacet
  facet normal 0.438413 0.819873 0.368242
    outer loop
      vertex -9.71114 -10.2629 3.18
      vertex -36.0423 -40.2079 101.2
      vertex -9.36536 -10.4478 3.18
    endloop
  endfacet
  facet normal 0 0.956367 0.292169
    outer loop
      vertex -36.0423 -40.2079 101.2
      vertex -9.71114 -10.2629 3.18
      vertex -36.0424 -40.2079 101.2
    endloop
  endfacet
  facet normal 0.27226 0.897621 0.346627
    outer loop
      vertex -9.36536 -10.4478 3.18
      vertex -36.0423 -40.2079 101.2
      vertex -8.99017 -10.5616 3.18
    endloop
  endfacet
  facet normal 0.960168 0 0.279422
    outer loop
      vertex -10.0142 10.0142 3.18
      vertex -38.5394 38.5395 101.2
      vertex -38.5394 38.5394 101.2
    endloop
  endfacet
  facet normal 0.58704 -0.715354 0.379016
    outer loop
      vertex -38.5394 38.5395 101.2
      vertex -10.0142 10.0142 3.18
      vertex -9.71114 10.2629 3.18
    endloop
  endfacet
  facet normal 0.955986 -0 0.293411
    outer loop
      vertex -40.6459 34.5984 101.2
      vertex -10.5616 8.99017 3.18
      vertex -40.6459 34.5985 101.2
    endloop
  endfacet
  facet normal 0.944772 -0.0929808 0.314261
    outer loop
      vertex -10.5616 8.99017 3.18
      vertex -40.6459 34.5984 101.2
      vertex -10.6 8.59999 3.18
    endloop
  endfacet
  facet normal 0.715354 0.58704 0.379016
    outer loop
      vertex -38.5395 -38.5394 101.2
      vertex -10.2629 -9.71114 3.18
      vertex -39.4966 -37.3731 101.2
    endloop
  endfacet
  facet normal 0.819946 0.438286 0.36823
    outer loop
      vertex -39.4966 -37.3731 101.2
      vertex -10.2629 -9.71114 3.18
      vertex -40.2079 -36.0424 101.2
    endloop
  endfacet
  facet normal 0.819873 0.438413 0.368242
    outer loop
      vertex -40.2079 -36.0423 101.2
      vertex -10.2629 -9.71114 3.18
      vertex -10.4478 -9.36536 3.18
    endloop
  endfacet
  facet normal 0.956367 0 0.292169
    outer loop
      vertex -10.2629 -9.71114 3.18
      vertex -40.2079 -36.0423 101.2
      vertex -40.2079 -36.0424 101.2
    endloop
  endfacet
  facet normal -0.438413 -0.819873 0.368242
    outer loop
      vertex 9.71114 10.2629 3.18
      vertex 36.0423 40.2079 101.2
      vertex 9.36536 10.4478 3.18
    endloop
  endfacet
  facet normal 0 -0.956367 0.292169
    outer loop
      vertex 36.0423 40.2079 101.2
      vertex 9.71114 10.2629 3.18
      vertex 36.0424 40.2079 101.2
    endloop
  endfacet
  facet normal -0.27226 -0.897621 0.346627
    outer loop
      vertex 9.36536 10.4478 3.18
      vertex 36.0423 40.2079 101.2
      vertex 8.99017 10.5616 3.18
    endloop
  endfacet
  facet normal -0.897621 -0.27226 0.346627
    outer loop
      vertex 40.2079 36.0423 101.2
      vertex 10.4478 9.36536 3.18
      vertex 10.5616 8.99017 3.18
    endloop
  endfacet
  facet normal -0.819873 0.438413 0.368242
    outer loop
      vertex 10.2629 -9.71114 3.18
      vertex 40.2079 -36.0423 101.2
      vertex 10.4478 -9.36536 3.18
    endloop
  endfacet
  facet normal -0.956367 0 0.292169
    outer loop
      vertex 40.2079 -36.0423 101.2
      vertex 10.2629 -9.71114 3.18
      vertex 40.2079 -36.0424 101.2
    endloop
  endfacet
  facet normal 0 -0.960168 0.279422
    outer loop
      vertex -38.5395 38.5394 101.2
      vertex -10.0142 10.0142 3.18
      vertex -38.5394 38.5394 101.2
    endloop
  endfacet
  facet normal 0.715354 -0.58704 0.379016
    outer loop
      vertex -10.0142 10.0142 3.18
      vertex -38.5395 38.5394 101.2
      vertex -10.2629 9.71114 3.18
    endloop
  endfacet
  facet normal 0.897606 -0.272303 0.346634
    outer loop
      vertex -10.5616 8.99017 3.18
      vertex -40.2079 36.0423 101.2
      vertex -40.6459 34.5985 101.2
    endloop
  endfacet
  facet normal 0.897621 -0.27226 0.346627
    outer loop
      vertex -10.4478 9.36536 3.18
      vertex -40.2079 36.0423 101.2
      vertex -10.5616 8.99017 3.18
    endloop
  endfacet
  facet normal 0.944759 0.0930602 0.314278
    outer loop
      vertex -40.6459 -34.5984 101.2
      vertex -10.6 -8.59999 3.18
      vertex -40.7938 -33.0969 101.2
    endloop
  endfacet
  facet normal -0.58704 -0.715354 0.379016
    outer loop
      vertex 38.5394 38.5395 101.2
      vertex 37.3731 39.4966 101.2
      vertex 9.71114 10.2629 3.18
    endloop
  endfacet
  facet normal -0.715354 0.58704 0.379016
    outer loop
      vertex 10.0142 -10.0142 3.18
      vertex 38.5395 -38.5394 101.2
      vertex 10.2629 -9.71114 3.18
    endloop
  endfacet
  facet normal 0 0.960168 0.279422
    outer loop
      vertex 38.5395 -38.5394 101.2
      vertex 10.0142 -10.0142 3.18
      vertex 38.5394 -38.5394 101.2
    endloop
  endfacet
  facet normal -0.58704 -0.715354 0.379016
    outer loop
      vertex 10.0142 10.0142 3.18
      vertex 38.5394 38.5395 101.2
      vertex 9.71114 10.2629 3.18
    endloop
  endfacet
  facet normal -0.960168 0 0.279422
    outer loop
      vertex 38.5394 38.5395 101.2
      vertex 10.0142 10.0142 3.18
      vertex 38.5394 38.5394 101.2
    endloop
  endfacet
  facet normal 0 -0.960168 0.279422
    outer loop
      vertex 10.0142 10.0142 3.18
      vertex 38.5395 38.5394 101.2
      vertex 38.5394 38.5394 101.2
    endloop
  endfacet
  facet normal -0.715354 -0.58704 0.379016
    outer loop
      vertex 38.5395 38.5394 101.2
      vertex 10.0142 10.0142 3.18
      vertex 10.2629 9.71114 3.18
    endloop
  endfacet
endsolid OpenSCAD_Model
