solid OpenSCAD_Model
  facet normal -0.19494 0.980815 0
    outer loop
      vertex -50.8416 13.9743 0
      vertex -51.2265 13.8978 5.6
      vertex -50.8416 13.9743 5.6
    endloop
  endfacet
  facet normal -0.19494 0.980815 0
    outer loop
      vertex -51.2265 13.8978 5.6
      vertex -50.8416 13.9743 0
      vertex -51.2265 13.8978 0
    endloop
  endfacet
  facet normal -0.980815 0.19494 0
    outer loop
      vertex -53.4243 11.3916 0
      vertex -53.3478 11.7765 5.6
      vertex -53.3478 11.7765 0
    endloop
  endfacet
  facet normal -0.980815 0.19494 0
    outer loop
      vertex -53.3478 11.7765 5.6
      vertex -53.4243 11.3916 0
      vertex -53.4243 11.3916 5.6
    endloop
  endfacet
  facet normal -0.659478 0.751724 0
    outer loop
      vertex -52.2763 13.3801 0
      vertex -52.5713 13.1213 5.6
      vertex -52.2763 13.3801 5.6
    endloop
  endfacet
  facet normal -0.659478 0.751724 0
    outer loop
      vertex -52.5713 13.1213 5.6
      vertex -52.2763 13.3801 0
      vertex -52.5713 13.1213 0
    endloop
  endfacet
  facet normal -1 0 0
    outer loop
      vertex -53.45 -11 0
      vertex -53.45 11 5.6
      vertex -53.45 11 0
    endloop
  endfacet
  facet normal -1 -0 0
    outer loop
      vertex -53.45 11 5.6
      vertex -53.45 -11 0
      vertex -53.45 -11 5.6
    endloop
  endfacet
  facet normal 0 0 -1
    outer loop
      vertex -53.45 -11 0
      vertex -47.45 -14 0
      vertex -50.45 -14 0
    endloop
  endfacet
  facet normal 0 0 -1
    outer loop
      vertex -47.45 -14 0
      vertex -53.45 -11 0
      vertex -47.45 14 0
    endloop
  endfacet
  facet normal 0 0 -1
    outer loop
      vertex -53.45 -11 0
      vertex -50.45 -14 0
      vertex -50.8416 -13.9743 0
    endloop
  endfacet
  facet normal 0 0 -1
    outer loop
      vertex -53.45 11 0
      vertex -47.45 14 0
      vertex -53.45 -11 0
    endloop
  endfacet
  facet normal 0 0 -1
    outer loop
      vertex -53.45 -11 0
      vertex -50.8416 -13.9743 0
      vertex -51.2265 -13.8978 0
    endloop
  endfacet
  facet normal -0 0 -1
    outer loop
      vertex -47.45 14 0
      vertex -53.45 11 0
      vertex -50.45 14 0
    endloop
  endfacet
  facet normal 0 0 -1
    outer loop
      vertex -53.45 -11 0
      vertex -51.2265 -13.8978 0
      vertex -51.5981 -13.7716 0
    endloop
  endfacet
  facet normal 0 0 -1
    outer loop
      vertex -50.45 14 0
      vertex -53.45 11 0
      vertex -50.8416 13.9743 0
    endloop
  endfacet
  facet normal 0 0 -1
    outer loop
      vertex -53.45 -11 0
      vertex -51.5981 -13.7716 0
      vertex -51.95 -13.5981 0
    endloop
  endfacet
  facet normal 0 0 -1
    outer loop
      vertex -50.8416 13.9743 0
      vertex -53.45 11 0
      vertex -51.2265 13.8978 0
    endloop
  endfacet
  facet normal 0 0 -1
    outer loop
      vertex -53.45 -11 0
      vertex -51.95 -13.5981 0
      vertex -52.2763 -13.3801 0
    endloop
  endfacet
  facet normal 0 0 -1
    outer loop
      vertex -51.2265 13.8978 0
      vertex -53.45 11 0
      vertex -51.5981 13.7716 0
    endloop
  endfacet
  facet normal 0 0 -1
    outer loop
      vertex -53.45 -11 0
      vertex -52.2763 -13.3801 0
      vertex -52.5713 -13.1213 0
    endloop
  endfacet
  facet normal 0 0 -1
    outer loop
      vertex -51.5981 13.7716 0
      vertex -53.45 11 0
      vertex -51.95 13.5981 0
    endloop
  endfacet
  facet normal 0 0 -1
    outer loop
      vertex -53.45 -11 0
      vertex -52.5713 -13.1213 0
      vertex -52.8301 -12.8263 0
    endloop
  endfacet
  facet normal 0 0 -1
    outer loop
      vertex -51.95 13.5981 0
      vertex -53.45 11 0
      vertex -52.2763 13.3801 0
    endloop
  endfacet
  facet normal 0 0 -1
    outer loop
      vertex -53.45 -11 0
      vertex -52.8301 -12.8263 0
      vertex -53.0481 -12.5 0
    endloop
  endfacet
  facet normal 0 0 -1
    outer loop
      vertex -52.2763 13.3801 0
      vertex -53.45 11 0
      vertex -52.5713 13.1213 0
    endloop
  endfacet
  facet normal 0 0 -1
    outer loop
      vertex -53.45 -11 0
      vertex -53.0481 -12.5 0
      vertex -53.2216 -12.1481 0
    endloop
  endfacet
  facet normal 0 0 -1
    outer loop
      vertex -52.5713 13.1213 0
      vertex -53.45 11 0
      vertex -52.8301 12.8263 0
    endloop
  endfacet
  facet normal 0 0 -1
    outer loop
      vertex -53.45 -11 0
      vertex -53.2216 -12.1481 0
      vertex -53.3478 -11.7765 0
    endloop
  endfacet
  facet normal 0 0 -1
    outer loop
      vertex -52.8301 12.8263 0
      vertex -53.45 11 0
      vertex -53.0481 12.5 0
    endloop
  endfacet
  facet normal 0 0 -1
    outer loop
      vertex -53.45 -11 0
      vertex -53.3478 -11.7765 0
      vertex -53.4243 -11.3916 0
    endloop
  endfacet
  facet normal 0 0 -1
    outer loop
      vertex -53.0481 12.5 0
      vertex -53.45 11 0
      vertex -53.2216 12.1481 0
    endloop
  endfacet
  facet normal 0 0 -1
    outer loop
      vertex -53.2216 12.1481 0
      vertex -53.45 11 0
      vertex -53.3478 11.7765 0
    endloop
  endfacet
  facet normal 0 0 -1
    outer loop
      vertex -53.3478 11.7765 0
      vertex -53.45 11 0
      vertex -53.4243 11.3916 0
    endloop
  endfacet
  facet normal -0 0 -1
    outer loop
      vertex 19.3284 -0.197212 0
      vertex 0.197212 -19.3284 0
      vertex 19.3284 0.197212 0
    endloop
  endfacet
  facet normal 0 0 -1
    outer loop
      vertex 19.3284 0.197212 0
      vertex 0.529024 19.5416 0
      vertex 0.692875 19.9004 0
    endloop
  endfacet
  facet normal 0 0 -1
    outer loop
      vertex 0.197212 19.3284 0
      vertex 19.3284 0.197212 0
      vertex 0.197212 -19.3284 0
    endloop
  endfacet
  facet normal 0 0 -1
    outer loop
      vertex 19.3284 0.197212 0
      vertex 0.197212 19.3284 0
      vertex 0.529024 19.5416 0
    endloop
  endfacet
  facet normal 0 0 -1
    outer loop
      vertex -0.197212 -19.3284 0
      vertex 0.197212 19.3284 0
      vertex 0.197212 -19.3284 0
    endloop
  endfacet
  facet normal 0 0 -1
    outer loop
      vertex -0.197212 -19.3284 0
      vertex -0.197212 19.3284 0
      vertex 0.197212 19.3284 0
    endloop
  endfacet
  facet normal 0 0 -1
    outer loop
      vertex -19.3284 -0.197212 0
      vertex -0.197212 -19.3284 0
      vertex -0.529024 -19.5416 0
    endloop
  endfacet
  facet normal 0 0 -1
    outer loop
      vertex -0.197212 -19.3284 0
      vertex -19.3284 -0.197212 0
      vertex -0.197212 19.3284 0
    endloop
  endfacet
  facet normal 0 0 -1
    outer loop
      vertex -19.5416 -0.529024 0
      vertex -0.529024 -19.5416 0
      vertex -0.692875 -19.9004 0
    endloop
  endfacet
  facet normal 0 0 -1
    outer loop
      vertex -19.3284 0.197212 0
      vertex -0.197212 19.3284 0
      vertex -19.3284 -0.197212 0
    endloop
  endfacet
  facet normal 0 0 -1
    outer loop
      vertex 37.45 -47.45 0
      vertex 47.45 -14 0
      vertex 47.45 -37.45 0
    endloop
  endfacet
  facet normal 0 -0 -1
    outer loop
      vertex 20.7 0 0
      vertex 47.45 -14 0
      vertex 20.5889 -0.378448 0
    endloop
  endfacet
  facet normal 0 0 -1
    outer loop
      vertex 37.45 -47.45 0
      vertex 47.45 -37.45 0
      vertex 47.4439 -37.799 0
    endloop
  endfacet
  facet normal 0 0 -1
    outer loop
      vertex 20.5889 0.378448 0
      vertex 47.45 14 0
      vertex 20.7 0 0
    endloop
  endfacet
  facet normal 0 0 -1
    outer loop
      vertex 37.45 -47.45 0
      vertex 47.4439 -37.799 0
      vertex 47.3952 -38.4953 0
    endloop
  endfacet
  facet normal 0 0 -1
    outer loop
      vertex 20.2908 0.636742 0
      vertex 47.45 14 0
      vertex 20.5889 0.378448 0
    endloop
  endfacet
  facet normal 0 0 -1
    outer loop
      vertex 37.45 -47.45 0
      vertex 47.3952 -38.4953 0
      vertex 47.2981 -39.1865 0
    endloop
  endfacet
  facet normal 0 0 -1
    outer loop
      vertex 0.636742 20.2908 0
      vertex 47.45 14 0
      vertex 20.2908 0.636742 0
    endloop
  endfacet
  facet normal 0 0 -1
    outer loop
      vertex 37.45 -47.45 0
      vertex 47.2981 -39.1865 0
      vertex 47.153 -39.8692 0
    endloop
  endfacet
  facet normal 0 0 -1
    outer loop
      vertex 47.45 14 0
      vertex 37.45 47.45 0
      vertex 47.45 37.45 0
    endloop
  endfacet
  facet normal 0 0 -1
    outer loop
      vertex 37.45 -47.45 0
      vertex 47.153 -39.8692 0
      vertex 46.9606 -40.5402 0
    endloop
  endfacet
  facet normal 0 0 -1
    outer loop
      vertex 47.45 37.45 0
      vertex 37.45 47.45 0
      vertex 47.4256 38.1476 0
    endloop
  endfacet
  facet normal 0 0 -1
    outer loop
      vertex 37.45 -47.45 0
      vertex 46.9606 -40.5402 0
      vertex 46.7218 -41.1961 0
    endloop
  endfacet
  facet normal 0 0 -1
    outer loop
      vertex 47.4256 38.1476 0
      vertex 37.45 47.45 0
      vertex 47.3527 38.8417 0
    endloop
  endfacet
  facet normal 0 0 -1
    outer loop
      vertex 37.45 -47.45 0
      vertex 46.7218 -41.1961 0
      vertex 46.4379 -41.8337 0
    endloop
  endfacet
  facet normal 0 0 -1
    outer loop
      vertex 47.3527 38.8417 0
      vertex 37.45 47.45 0
      vertex 47.2315 39.5291 0
    endloop
  endfacet
  facet normal 0 0 -1
    outer loop
      vertex 37.45 -47.45 0
      vertex 46.4379 -41.8337 0
      vertex 46.1102 -42.45 0
    endloop
  endfacet
  facet normal 0 0 -1
    outer loop
      vertex 47.2315 39.5291 0
      vertex 37.45 47.45 0
      vertex 47.0626 40.2064 0
    endloop
  endfacet
  facet normal 0 0 -1
    outer loop
      vertex 37.45 -47.45 0
      vertex 46.1102 -42.45 0
      vertex 45.7404 -43.0419 0
    endloop
  endfacet
  facet normal 0 0 -1
    outer loop
      vertex 47.0626 40.2064 0
      vertex 37.45 47.45 0
      vertex 46.8469 40.8702 0
    endloop
  endfacet
  facet normal 0 0 -1
    outer loop
      vertex 37.45 -47.45 0
      vertex 45.7404 -43.0419 0
      vertex 45.3301 -43.6066 0
    endloop
  endfacet
  facet normal 0 0 -1
    outer loop
      vertex 46.8469 40.8702 0
      vertex 37.45 47.45 0
      vertex 46.5854 41.5174 0
    endloop
  endfacet
  facet normal 0 0 -1
    outer loop
      vertex 37.45 -47.45 0
      vertex 45.3301 -43.6066 0
      vertex 44.8814 -44.1413 0
    endloop
  endfacet
  facet normal 0 0 -1
    outer loop
      vertex 46.5854 41.5174 0
      vertex 37.45 47.45 0
      vertex 46.2795 42.1447 0
    endloop
  endfacet
  facet normal 0 0 -1
    outer loop
      vertex 37.45 -47.45 0
      vertex 44.8814 -44.1413 0
      vertex 44.3966 -44.6434 0
    endloop
  endfacet
  facet normal 0 0 -1
    outer loop
      vertex 46.2795 42.1447 0
      vertex 37.45 47.45 0
      vertex 45.9305 42.7492 0
    endloop
  endfacet
  facet normal 0 0 -1
    outer loop
      vertex 37.45 -47.45 0
      vertex 44.3966 -44.6434 0
      vertex 43.8779 -45.1104 0
    endloop
  endfacet
  facet normal 0 0 -1
    outer loop
      vertex 45.9305 42.7492 0
      vertex 37.45 47.45 0
      vertex 45.5402 43.3279 0
    endloop
  endfacet
  facet normal 0 0 -1
    outer loop
      vertex 37.45 -47.45 0
      vertex 43.8779 -45.1104 0
      vertex 43.3279 -45.5402 0
    endloop
  endfacet
  facet normal 0 0 -1
    outer loop
      vertex 45.5402 43.3279 0
      vertex 37.45 47.45 0
      vertex 45.1104 43.8779 0
    endloop
  endfacet
  facet normal 0 0 -1
    outer loop
      vertex 37.45 -47.45 0
      vertex 43.3279 -45.5402 0
      vertex 42.7492 -45.9305 0
    endloop
  endfacet
  facet normal 0 0 -1
    outer loop
      vertex 45.1104 43.8779 0
      vertex 37.45 47.45 0
      vertex 44.6434 44.3966 0
    endloop
  endfacet
  facet normal 0 0 -1
    outer loop
      vertex 37.45 -47.45 0
      vertex 42.7492 -45.9305 0
      vertex 42.1447 -46.2795 0
    endloop
  endfacet
  facet normal 0 0 -1
    outer loop
      vertex 44.6434 44.3966 0
      vertex 37.45 47.45 0
      vertex 44.1413 44.8814 0
    endloop
  endfacet
  facet normal 0 0 -1
    outer loop
      vertex 37.45 -47.45 0
      vertex 42.1447 -46.2795 0
      vertex 41.5174 -46.5854 0
    endloop
  endfacet
  facet normal 0 0 -1
    outer loop
      vertex 44.1413 44.8814 0
      vertex 37.45 47.45 0
      vertex 43.6066 45.3301 0
    endloop
  endfacet
  facet normal 0 0 -1
    outer loop
      vertex 37.45 -47.45 0
      vertex 41.5174 -46.5854 0
      vertex 40.8702 -46.8469 0
    endloop
  endfacet
  facet normal 0 0 -1
    outer loop
      vertex 43.6066 45.3301 0
      vertex 37.45 47.45 0
      vertex 43.0419 45.7404 0
    endloop
  endfacet
  facet normal 0 0 -1
    outer loop
      vertex 37.45 -47.45 0
      vertex 40.8702 -46.8469 0
      vertex 40.2064 -47.0626 0
    endloop
  endfacet
  facet normal 0 0 -1
    outer loop
      vertex 43.0419 45.7404 0
      vertex 37.45 47.45 0
      vertex 42.45 46.1102 0
    endloop
  endfacet
  facet normal 0 0 -1
    outer loop
      vertex 37.45 -47.45 0
      vertex 40.2064 -47.0626 0
      vertex 39.5291 -47.2315 0
    endloop
  endfacet
  facet normal 0 0 -1
    outer loop
      vertex 42.45 46.1102 0
      vertex 37.45 47.45 0
      vertex 41.8337 46.4379 0
    endloop
  endfacet
  facet normal 0 0 -1
    outer loop
      vertex 37.45 -47.45 0
      vertex 39.5291 -47.2315 0
      vertex 38.8417 -47.3527 0
    endloop
  endfacet
  facet normal 0 0 -1
    outer loop
      vertex 41.8337 46.4379 0
      vertex 37.45 47.45 0
      vertex 41.1961 46.7218 0
    endloop
  endfacet
  facet normal 0 0 -1
    outer loop
      vertex 37.45 -47.45 0
      vertex 38.8417 -47.3527 0
      vertex 38.1476 -47.4256 0
    endloop
  endfacet
  facet normal 0 0 -1
    outer loop
      vertex 41.1961 46.7218 0
      vertex 37.45 47.45 0
      vertex 40.5402 46.9606 0
    endloop
  endfacet
  facet normal 0 0 -1
    outer loop
      vertex 0.636742 -20.2908 0
      vertex 47.45 -14 0
      vertex 37.45 -47.45 0
    endloop
  endfacet
  facet normal 0 0 -1
    outer loop
      vertex 40.5402 46.9606 0
      vertex 37.45 47.45 0
      vertex 39.8692 47.153 0
    endloop
  endfacet
  facet normal 0 0 -1
    outer loop
      vertex 39.8692 47.153 0
      vertex 37.45 47.45 0
      vertex 39.1865 47.2981 0
    endloop
  endfacet
  facet normal 0 0 -1
    outer loop
      vertex 47.45 -14 0
      vertex 20.7 0 0
      vertex 47.45 14 0
    endloop
  endfacet
  facet normal 0 0 -1
    outer loop
      vertex 47.45 -14 0
      vertex 20.2908 -0.636742 0
      vertex 20.5889 -0.378448 0
    endloop
  endfacet
  facet normal -0 0 -1
    outer loop
      vertex 47.45 -14 0
      vertex 0.636742 -20.2908 0
      vertex 20.2908 -0.636742 0
    endloop
  endfacet
  facet normal 0 0 -1
    outer loop
      vertex 20.2908 -0.636742 0
      vertex 0.636742 -20.2908 0
      vertex 19.9004 -0.692875 0
    endloop
  endfacet
  facet normal 0 -0 -1
    outer loop
      vertex 0.692875 -19.9004 0
      vertex 19.9004 -0.692875 0
      vertex 0.636742 -20.2908 0
    endloop
  endfacet
  facet normal -0 0 -1
    outer loop
      vertex 19.5416 -0.529024 0
      vertex 0.529024 -19.5416 0
      vertex 19.3284 -0.197212 0
    endloop
  endfacet
  facet normal -0 0 -1
    outer loop
      vertex 19.9004 -0.692875 0
      vertex 0.692875 -19.9004 0
      vertex 19.5416 -0.529024 0
    endloop
  endfacet
  facet normal 0 0 -1
    outer loop
      vertex 0.529024 -19.5416 0
      vertex 19.5416 -0.529024 0
      vertex 0.692875 -19.9004 0
    endloop
  endfacet
  facet normal 0 0 -1
    outer loop
      vertex 37.45 -47.45 0
      vertex 0.378448 -20.5889 0
      vertex 0.636742 -20.2908 0
    endloop
  endfacet
  facet normal 0 0 -1
    outer loop
      vertex 37.45 -47.45 0
      vertex 0 -20.7 0
      vertex 0.378448 -20.5889 0
    endloop
  endfacet
  facet normal 0 0 -1
    outer loop
      vertex -37.45 -47.45 0
      vertex 0 -20.7 0
      vertex 37.45 -47.45 0
    endloop
  endfacet
  facet normal -0 0 -1
    outer loop
      vertex -0.197212 19.3284 0
      vertex -19.3284 0.197212 0
      vertex -0.529024 19.5416 0
    endloop
  endfacet
  facet normal 0 0 -1
    outer loop
      vertex -19.9004 -0.692875 0
      vertex -0.692875 -19.9004 0
      vertex -0.636742 -20.2908 0
    endloop
  endfacet
  facet normal 0 0 -1
    outer loop
      vertex -37.45 -47.45 0
      vertex -0.636742 -20.2908 0
      vertex -0.378448 -20.5889 0
    endloop
  endfacet
  facet normal 0 0 -1
    outer loop
      vertex -0.529024 -19.5416 0
      vertex -19.5416 -0.529024 0
      vertex -19.3284 -0.197212 0
    endloop
  endfacet
  facet normal 0 0 -1
    outer loop
      vertex -0.692875 -19.9004 0
      vertex -19.9004 -0.692875 0
      vertex -19.5416 -0.529024 0
    endloop
  endfacet
  facet normal 0 0 -1
    outer loop
      vertex -0.636742 -20.2908 0
      vertex -20.2908 -0.636742 0
      vertex -19.9004 -0.692875 0
    endloop
  endfacet
  facet normal 0 0 -1
    outer loop
      vertex -0.636742 -20.2908 0
      vertex -47.45 -14 0
      vertex -20.2908 -0.636742 0
    endloop
  endfacet
  facet normal -0 0 -1
    outer loop
      vertex -20.2908 -0.636742 0
      vertex -47.45 -14 0
      vertex -20.5889 -0.378448 0
    endloop
  endfacet
  facet normal -0 0 -1
    outer loop
      vertex -0.636742 -20.2908 0
      vertex -37.45 -47.45 0
      vertex -47.45 -14 0
    endloop
  endfacet
  facet normal -0 0 -1
    outer loop
      vertex 0 -20.7 0
      vertex -37.45 -47.45 0
      vertex -0.378448 -20.5889 0
    endloop
  endfacet
  facet normal 0 0 -1
    outer loop
      vertex 50.45 -14 0
      vertex 53.45 -11 0
      vertex 53.4243 -11.3916 0
    endloop
  endfacet
  facet normal -0 0 -1
    outer loop
      vertex 53.45 -11 0
      vertex 47.45 -14 0
      vertex 53.45 11 0
    endloop
  endfacet
  facet normal 0 0 -1
    outer loop
      vertex 50.45 -14 0
      vertex 53.4243 -11.3916 0
      vertex 53.3478 -11.7765 0
    endloop
  endfacet
  facet normal 0 0 -1
    outer loop
      vertex 47.45 14 0
      vertex 53.45 11 0
      vertex 47.45 -14 0
    endloop
  endfacet
  facet normal 0 0 -1
    outer loop
      vertex 50.45 -14 0
      vertex 53.3478 -11.7765 0
      vertex 53.2216 -12.1481 0
    endloop
  endfacet
  facet normal -0 -0 -1
    outer loop
      vertex 50.45 14 0
      vertex 53.45 11 0
      vertex 47.45 14 0
    endloop
  endfacet
  facet normal 0 0 -1
    outer loop
      vertex 50.45 -14 0
      vertex 53.2216 -12.1481 0
      vertex 53.0481 -12.5 0
    endloop
  endfacet
  facet normal 0 0 -1
    outer loop
      vertex 53.45 11 0
      vertex 50.45 14 0
      vertex 53.4243 11.3916 0
    endloop
  endfacet
  facet normal 0 0 -1
    outer loop
      vertex 50.45 -14 0
      vertex 53.0481 -12.5 0
      vertex 52.8301 -12.8263 0
    endloop
  endfacet
  facet normal 0 0 -1
    outer loop
      vertex 53.4243 11.3916 0
      vertex 50.45 14 0
      vertex 53.3478 11.7765 0
    endloop
  endfacet
  facet normal 0 0 -1
    outer loop
      vertex 50.45 -14 0
      vertex 52.8301 -12.8263 0
      vertex 52.5713 -13.1213 0
    endloop
  endfacet
  facet normal 0 0 -1
    outer loop
      vertex 53.3478 11.7765 0
      vertex 50.45 14 0
      vertex 53.2216 12.1481 0
    endloop
  endfacet
  facet normal 0 0 -1
    outer loop
      vertex 50.45 -14 0
      vertex 52.5713 -13.1213 0
      vertex 52.2763 -13.3801 0
    endloop
  endfacet
  facet normal 0 0 -1
    outer loop
      vertex 53.2216 12.1481 0
      vertex 50.45 14 0
      vertex 53.0481 12.5 0
    endloop
  endfacet
  facet normal 0 0 -1
    outer loop
      vertex 50.45 -14 0
      vertex 52.2763 -13.3801 0
      vertex 51.95 -13.5981 0
    endloop
  endfacet
  facet normal 0 0 -1
    outer loop
      vertex 53.0481 12.5 0
      vertex 50.45 14 0
      vertex 52.8301 12.8263 0
    endloop
  endfacet
  facet normal 0 0 -1
    outer loop
      vertex 50.45 -14 0
      vertex 51.95 -13.5981 0
      vertex 51.5981 -13.7716 0
    endloop
  endfacet
  facet normal 0 0 -1
    outer loop
      vertex 52.8301 12.8263 0
      vertex 50.45 14 0
      vertex 52.5713 13.1213 0
    endloop
  endfacet
  facet normal 0 0 -1
    outer loop
      vertex 50.45 -14 0
      vertex 51.5981 -13.7716 0
      vertex 51.2265 -13.8978 0
    endloop
  endfacet
  facet normal 0 0 -1
    outer loop
      vertex 53.45 -11 0
      vertex 50.45 -14 0
      vertex 47.45 -14 0
    endloop
  endfacet
  facet normal 0 0 -1
    outer loop
      vertex 50.45 -14 0
      vertex 51.2265 -13.8978 0
      vertex 50.8416 -13.9743 0
    endloop
  endfacet
  facet normal 0 0 -1
    outer loop
      vertex 52.5713 13.1213 0
      vertex 50.45 14 0
      vertex 52.2763 13.3801 0
    endloop
  endfacet
  facet normal 0 0 -1
    outer loop
      vertex 51.5981 13.7716 0
      vertex 50.45 14 0
      vertex 51.2265 13.8978 0
    endloop
  endfacet
  facet normal 0 0 -1
    outer loop
      vertex 51.2265 13.8978 0
      vertex 50.45 14 0
      vertex 50.8416 13.9743 0
    endloop
  endfacet
  facet normal 0 0 -1
    outer loop
      vertex 52.2763 13.3801 0
      vertex 50.45 14 0
      vertex 51.95 13.5981 0
    endloop
  endfacet
  facet normal 0 0 -1
    outer loop
      vertex 51.95 13.5981 0
      vertex 50.45 14 0
      vertex 51.5981 13.7716 0
    endloop
  endfacet
  facet normal 0 0 -1
    outer loop
      vertex 39.1865 47.2981 0
      vertex 37.45 47.45 0
      vertex 38.4953 47.3952 0
    endloop
  endfacet
  facet normal 0 0 -1
    outer loop
      vertex 38.4953 47.3952 0
      vertex 37.45 47.45 0
      vertex 37.799 47.4439 0
    endloop
  endfacet
  facet normal 0 0 -1
    outer loop
      vertex 0.636742 20.2908 0
      vertex 20.2908 0.636742 0
      vertex 19.9004 0.692875 0
    endloop
  endfacet
  facet normal 0 0 -1
    outer loop
      vertex 0.692875 19.9004 0
      vertex 19.9004 0.692875 0
      vertex 19.5416 0.529024 0
    endloop
  endfacet
  facet normal 0 0 -1
    outer loop
      vertex 0.692875 19.9004 0
      vertex 19.5416 0.529024 0
      vertex 19.3284 0.197212 0
    endloop
  endfacet
  facet normal 0 0 -1
    outer loop
      vertex 0.197212 -19.3284 0
      vertex 19.3284 -0.197212 0
      vertex 0.529024 -19.5416 0
    endloop
  endfacet
  facet normal 0 0 -1
    outer loop
      vertex 19.9004 0.692875 0
      vertex 0.692875 19.9004 0
      vertex 0.636742 20.2908 0
    endloop
  endfacet
  facet normal 0 0 -1
    outer loop
      vertex 47.45 14 0
      vertex 0.636742 20.2908 0
      vertex 37.45 47.45 0
    endloop
  endfacet
  facet normal 0 0 -1
    outer loop
      vertex 0.378448 20.5889 0
      vertex 37.45 47.45 0
      vertex 0.636742 20.2908 0
    endloop
  endfacet
  facet normal 0 0 -1
    outer loop
      vertex 0 20.7 0
      vertex 37.45 47.45 0
      vertex 0.378448 20.5889 0
    endloop
  endfacet
  facet normal 0 0 -1
    outer loop
      vertex -37.45 47.45 0
      vertex 0 20.7 0
      vertex -0.378448 20.5889 0
    endloop
  endfacet
  facet normal 0 0 -1
    outer loop
      vertex -19.5416 0.529024 0
      vertex -0.529024 19.5416 0
      vertex -19.3284 0.197212 0
    endloop
  endfacet
  facet normal -0 0 -1
    outer loop
      vertex -0.529024 19.5416 0
      vertex -19.5416 0.529024 0
      vertex -0.692875 19.9004 0
    endloop
  endfacet
  facet normal 0 0 -1
    outer loop
      vertex -19.9004 0.692875 0
      vertex -0.692875 19.9004 0
      vertex -19.5416 0.529024 0
    endloop
  endfacet
  facet normal -0 0 -1
    outer loop
      vertex -0.692875 19.9004 0
      vertex -19.9004 0.692875 0
      vertex -0.636742 20.2908 0
    endloop
  endfacet
  facet normal 0 0 -1
    outer loop
      vertex -20.2908 0.636742 0
      vertex -0.636742 20.2908 0
      vertex -19.9004 0.692875 0
    endloop
  endfacet
  facet normal 0 0 -1
    outer loop
      vertex -47.45 14 0
      vertex -0.636742 20.2908 0
      vertex -20.2908 0.636742 0
    endloop
  endfacet
  facet normal 0 0 -1
    outer loop
      vertex -47.45 14 0
      vertex -20.2908 0.636742 0
      vertex -20.5889 0.378448 0
    endloop
  endfacet
  facet normal -0 0 -1
    outer loop
      vertex -20.5889 -0.378448 0
      vertex -47.45 -14 0
      vertex -20.7 0 0
    endloop
  endfacet
  facet normal 0 0 -1
    outer loop
      vertex 0 20.7 0
      vertex -37.45 47.45 0
      vertex 37.45 47.45 0
    endloop
  endfacet
  facet normal 0 -0 -1
    outer loop
      vertex -37.45 47.45 0
      vertex -0.636742 20.2908 0
      vertex -47.45 14 0
    endloop
  endfacet
  facet normal 0 0 -1
    outer loop
      vertex -47.45 14 0
      vertex -20.7 0 0
      vertex -47.45 -14 0
    endloop
  endfacet
  facet normal 0 0 -1
    outer loop
      vertex -47.45 -37.45 0
      vertex -37.45 -47.45 0
      vertex -37.799 -47.4439 0
    endloop
  endfacet
  facet normal 0 0 -1
    outer loop
      vertex -20.7 0 0
      vertex -47.45 14 0
      vertex -20.5889 0.378448 0
    endloop
  endfacet
  facet normal 0 0 -1
    outer loop
      vertex -47.45 -37.45 0
      vertex -37.799 -47.4439 0
      vertex -38.4953 -47.3952 0
    endloop
  endfacet
  facet normal 0 0 -1
    outer loop
      vertex -0.636742 20.2908 0
      vertex -37.45 47.45 0
      vertex -0.378448 20.5889 0
    endloop
  endfacet
  facet normal 0 0 -1
    outer loop
      vertex -47.45 -37.45 0
      vertex -38.4953 -47.3952 0
      vertex -39.1865 -47.2981 0
    endloop
  endfacet
  facet normal 0 0 -1
    outer loop
      vertex -47.45 37.45 0
      vertex -37.45 47.45 0
      vertex -47.45 14 0
    endloop
  endfacet
  facet normal 0 0 -1
    outer loop
      vertex -47.45 -37.45 0
      vertex -39.1865 -47.2981 0
      vertex -39.8692 -47.153 0
    endloop
  endfacet
  facet normal 0 0 -1
    outer loop
      vertex -37.45 47.45 0
      vertex -47.45 37.45 0
      vertex -38.1476 47.4256 0
    endloop
  endfacet
  facet normal 0 0 -1
    outer loop
      vertex -47.45 -37.45 0
      vertex -39.8692 -47.153 0
      vertex -40.5402 -46.9606 0
    endloop
  endfacet
  facet normal 0 0 -1
    outer loop
      vertex -38.1476 47.4256 0
      vertex -47.45 37.45 0
      vertex -38.8417 47.3527 0
    endloop
  endfacet
  facet normal 0 0 -1
    outer loop
      vertex -47.45 -37.45 0
      vertex -40.5402 -46.9606 0
      vertex -41.1961 -46.7218 0
    endloop
  endfacet
  facet normal 0 0 -1
    outer loop
      vertex -38.8417 47.3527 0
      vertex -47.45 37.45 0
      vertex -39.5291 47.2315 0
    endloop
  endfacet
  facet normal 0 0 -1
    outer loop
      vertex -47.45 -37.45 0
      vertex -41.1961 -46.7218 0
      vertex -41.8337 -46.4379 0
    endloop
  endfacet
  facet normal 0 0 -1
    outer loop
      vertex -39.5291 47.2315 0
      vertex -47.45 37.45 0
      vertex -40.2064 47.0626 0
    endloop
  endfacet
  facet normal 0 0 -1
    outer loop
      vertex -47.45 -37.45 0
      vertex -41.8337 -46.4379 0
      vertex -42.45 -46.1102 0
    endloop
  endfacet
  facet normal 0 0 -1
    outer loop
      vertex -40.2064 47.0626 0
      vertex -47.45 37.45 0
      vertex -40.8702 46.8469 0
    endloop
  endfacet
  facet normal 0 0 -1
    outer loop
      vertex -47.45 -37.45 0
      vertex -42.45 -46.1102 0
      vertex -43.0419 -45.7404 0
    endloop
  endfacet
  facet normal 0 0 -1
    outer loop
      vertex -40.8702 46.8469 0
      vertex -47.45 37.45 0
      vertex -41.5174 46.5854 0
    endloop
  endfacet
  facet normal 0 0 -1
    outer loop
      vertex -47.45 -37.45 0
      vertex -43.0419 -45.7404 0
      vertex -43.6066 -45.3301 0
    endloop
  endfacet
  facet normal 0 0 -1
    outer loop
      vertex -41.5174 46.5854 0
      vertex -47.45 37.45 0
      vertex -42.1447 46.2795 0
    endloop
  endfacet
  facet normal 0 0 -1
    outer loop
      vertex -47.45 -37.45 0
      vertex -43.6066 -45.3301 0
      vertex -44.1413 -44.8814 0
    endloop
  endfacet
  facet normal 0 0 -1
    outer loop
      vertex -42.1447 46.2795 0
      vertex -47.45 37.45 0
      vertex -42.7492 45.9305 0
    endloop
  endfacet
  facet normal 0 0 -1
    outer loop
      vertex -47.45 -37.45 0
      vertex -44.1413 -44.8814 0
      vertex -44.6434 -44.3966 0
    endloop
  endfacet
  facet normal 0 0 -1
    outer loop
      vertex -42.7492 45.9305 0
      vertex -47.45 37.45 0
      vertex -43.3279 45.5402 0
    endloop
  endfacet
  facet normal 0 0 -1
    outer loop
      vertex -47.45 -37.45 0
      vertex -44.6434 -44.3966 0
      vertex -45.1104 -43.8779 0
    endloop
  endfacet
  facet normal 0 0 -1
    outer loop
      vertex -43.3279 45.5402 0
      vertex -47.45 37.45 0
      vertex -43.8779 45.1104 0
    endloop
  endfacet
  facet normal 0 0 -1
    outer loop
      vertex -47.45 -37.45 0
      vertex -45.1104 -43.8779 0
      vertex -45.5402 -43.3279 0
    endloop
  endfacet
  facet normal 0 0 -1
    outer loop
      vertex -43.8779 45.1104 0
      vertex -47.45 37.45 0
      vertex -44.3966 44.6434 0
    endloop
  endfacet
  facet normal 0 0 -1
    outer loop
      vertex -47.45 -37.45 0
      vertex -45.5402 -43.3279 0
      vertex -45.9305 -42.7492 0
    endloop
  endfacet
  facet normal 0 0 -1
    outer loop
      vertex -44.3966 44.6434 0
      vertex -47.45 37.45 0
      vertex -44.8814 44.1413 0
    endloop
  endfacet
  facet normal 0 0 -1
    outer loop
      vertex -47.45 -37.45 0
      vertex -45.9305 -42.7492 0
      vertex -46.2795 -42.1447 0
    endloop
  endfacet
  facet normal 0 0 -1
    outer loop
      vertex -44.8814 44.1413 0
      vertex -47.45 37.45 0
      vertex -45.3301 43.6066 0
    endloop
  endfacet
  facet normal 0 0 -1
    outer loop
      vertex -47.45 -37.45 0
      vertex -46.2795 -42.1447 0
      vertex -46.5854 -41.5174 0
    endloop
  endfacet
  facet normal 0 0 -1
    outer loop
      vertex -45.3301 43.6066 0
      vertex -47.45 37.45 0
      vertex -45.7404 43.0419 0
    endloop
  endfacet
  facet normal 0 0 -1
    outer loop
      vertex -47.45 -37.45 0
      vertex -46.5854 -41.5174 0
      vertex -46.8469 -40.8702 0
    endloop
  endfacet
  facet normal 0 0 -1
    outer loop
      vertex -45.7404 43.0419 0
      vertex -47.45 37.45 0
      vertex -46.1102 42.45 0
    endloop
  endfacet
  facet normal 0 0 -1
    outer loop
      vertex -47.45 -37.45 0
      vertex -46.8469 -40.8702 0
      vertex -47.0626 -40.2064 0
    endloop
  endfacet
  facet normal 0 0 -1
    outer loop
      vertex -46.1102 42.45 0
      vertex -47.45 37.45 0
      vertex -46.4379 41.8337 0
    endloop
  endfacet
  facet normal 0 0 -1
    outer loop
      vertex -47.45 -37.45 0
      vertex -47.0626 -40.2064 0
      vertex -47.2315 -39.5291 0
    endloop
  endfacet
  facet normal 0 0 -1
    outer loop
      vertex -46.4379 41.8337 0
      vertex -47.45 37.45 0
      vertex -46.7218 41.1961 0
    endloop
  endfacet
  facet normal 0 0 -1
    outer loop
      vertex -47.45 -37.45 0
      vertex -47.2315 -39.5291 0
      vertex -47.3527 -38.8417 0
    endloop
  endfacet
  facet normal 0 0 -1
    outer loop
      vertex -46.7218 41.1961 0
      vertex -47.45 37.45 0
      vertex -46.9606 40.5402 0
    endloop
  endfacet
  facet normal 0 0 -1
    outer loop
      vertex -47.45 -37.45 0
      vertex -47.3527 -38.8417 0
      vertex -47.4256 -38.1476 0
    endloop
  endfacet
  facet normal 0 0 -1
    outer loop
      vertex -46.9606 40.5402 0
      vertex -47.45 37.45 0
      vertex -47.153 39.8692 0
    endloop
  endfacet
  facet normal 0 0 -1
    outer loop
      vertex -37.45 -47.45 0
      vertex -47.45 -37.45 0
      vertex -47.45 -14 0
    endloop
  endfacet
  facet normal 0 0 -1
    outer loop
      vertex -47.153 39.8692 0
      vertex -47.45 37.45 0
      vertex -47.2981 39.1865 0
    endloop
  endfacet
  facet normal 0 0 -1
    outer loop
      vertex -47.2981 39.1865 0
      vertex -47.45 37.45 0
      vertex -47.3952 38.4953 0
    endloop
  endfacet
  facet normal 0 0 -1
    outer loop
      vertex -47.3952 38.4953 0
      vertex -47.45 37.45 0
      vertex -47.4439 37.799 0
    endloop
  endfacet
  facet normal -0.997853 0.0654873 0
    outer loop
      vertex -53.45 11 0
      vertex -53.4243 11.3916 5.6
      vertex -53.4243 11.3916 0
    endloop
  endfacet
  facet normal -0.997853 0.0654873 0
    outer loop
      vertex -53.4243 11.3916 5.6
      vertex -53.45 11 0
      vertex -53.45 11 5.6
    endloop
  endfacet
  facet normal -0.0654873 -0.997853 0
    outer loop
      vertex -50.8416 -13.9743 0
      vertex -50.45 -14 5.6
      vertex -50.8416 -13.9743 5.6
    endloop
  endfacet
  facet normal -0.0654873 -0.997853 -0
    outer loop
      vertex -50.45 -14 5.6
      vertex -50.8416 -13.9743 0
      vertex -50.45 -14 0
    endloop
  endfacet
  facet normal 0 1 -0
    outer loop
      vertex -47.45 14 0
      vertex -50.45 14 5.6
      vertex -47.45 14 5.6
    endloop
  endfacet
  facet normal 0 1 0
    outer loop
      vertex -50.45 14 5.6
      vertex -47.45 14 0
      vertex -50.45 14 0
    endloop
  endfacet
  facet normal -0.0654873 0.997853 0
    outer loop
      vertex -50.45 14 0
      vertex -50.8416 13.9743 5.6
      vertex -50.45 14 5.6
    endloop
  endfacet
  facet normal -0.0654873 0.997853 0
    outer loop
      vertex -50.8416 13.9743 5.6
      vertex -50.45 14 0
      vertex -50.8416 13.9743 0
    endloop
  endfacet
  facet normal -0.442211 0.896911 0
    outer loop
      vertex -51.5981 13.7716 0
      vertex -51.95 13.5981 5.6
      vertex -51.5981 13.7716 5.6
    endloop
  endfacet
  facet normal -0.442211 0.896911 0
    outer loop
      vertex -51.95 13.5981 5.6
      vertex -51.5981 13.7716 0
      vertex -51.95 13.5981 0
    endloop
  endfacet
  facet normal -0.321574 0.946885 0
    outer loop
      vertex -51.2265 13.8978 0
      vertex -51.5981 13.7716 5.6
      vertex -51.2265 13.8978 5.6
    endloop
  endfacet
  facet normal -0.321574 0.946885 0
    outer loop
      vertex -51.5981 13.7716 5.6
      vertex -51.2265 13.8978 0
      vertex -51.5981 13.7716 0
    endloop
  endfacet
  facet normal -0.555523 0.831501 0
    outer loop
      vertex -51.95 13.5981 0
      vertex -52.2763 13.3801 5.6
      vertex -51.95 13.5981 5.6
    endloop
  endfacet
  facet normal -0.555523 0.831501 0
    outer loop
      vertex -52.2763 13.3801 5.6
      vertex -51.95 13.5981 0
      vertex -52.2763 13.3801 0
    endloop
  endfacet
  facet normal -0.831501 0.555523 0
    outer loop
      vertex -53.0481 12.5 0
      vertex -52.8301 12.8263 5.6
      vertex -52.8301 12.8263 0
    endloop
  endfacet
  facet normal -0.831501 0.555523 0
    outer loop
      vertex -52.8301 12.8263 5.6
      vertex -53.0481 12.5 0
      vertex -53.0481 12.5 5.6
    endloop
  endfacet
  facet normal -0.751724 0.659478 0
    outer loop
      vertex -52.8301 12.8263 0
      vertex -52.5713 13.1213 5.6
      vertex -52.5713 13.1213 0
    endloop
  endfacet
  facet normal -0.751724 0.659478 0
    outer loop
      vertex -52.5713 13.1213 5.6
      vertex -52.8301 12.8263 0
      vertex -52.8301 12.8263 5.6
    endloop
  endfacet
  facet normal -0.997853 -0.0654873 0
    outer loop
      vertex -53.4243 -11.3916 0
      vertex -53.45 -11 5.6
      vertex -53.45 -11 0
    endloop
  endfacet
  facet normal -0.997853 -0.0654873 0
    outer loop
      vertex -53.45 -11 5.6
      vertex -53.4243 -11.3916 0
      vertex -53.4243 -11.3916 5.6
    endloop
  endfacet
  facet normal -0.946885 -0.321574 0
    outer loop
      vertex -53.2216 -12.1481 0
      vertex -53.3478 -11.7765 5.6
      vertex -53.3478 -11.7765 0
    endloop
  endfacet
  facet normal -0.946885 -0.321574 0
    outer loop
      vertex -53.3478 -11.7765 5.6
      vertex -53.2216 -12.1481 0
      vertex -53.2216 -12.1481 5.6
    endloop
  endfacet
  facet normal 0 0 1
    outer loop
      vertex -53.45 11 5.6
      vertex -47.45 14 5.6
      vertex -50.45 14 5.6
    endloop
  endfacet
  facet normal 0 0 1
    outer loop
      vertex -47.45 14 5.6
      vertex -53.45 11 5.6
      vertex -47.45 -14 5.6
    endloop
  endfacet
  facet normal 0 0 1
    outer loop
      vertex -53.45 11 5.6
      vertex -50.45 14 5.6
      vertex -50.8416 13.9743 5.6
    endloop
  endfacet
  facet normal -0 0 1
    outer loop
      vertex -53.45 -11 5.6
      vertex -47.45 -14 5.6
      vertex -53.45 11 5.6
    endloop
  endfacet
  facet normal 0 0 1
    outer loop
      vertex -53.45 11 5.6
      vertex -50.8416 13.9743 5.6
      vertex -51.2265 13.8978 5.6
    endloop
  endfacet
  facet normal 0 0 1
    outer loop
      vertex -47.45 -14 5.6
      vertex -53.45 -11 5.6
      vertex -50.45 -14 5.6
    endloop
  endfacet
  facet normal 0 0 1
    outer loop
      vertex -53.45 11 5.6
      vertex -51.2265 13.8978 5.6
      vertex -51.5981 13.7716 5.6
    endloop
  endfacet
  facet normal 0 0 1
    outer loop
      vertex -50.45 -14 5.6
      vertex -53.45 -11 5.6
      vertex -50.8416 -13.9743 5.6
    endloop
  endfacet
  facet normal 0 0 1
    outer loop
      vertex -53.45 11 5.6
      vertex -51.5981 13.7716 5.6
      vertex -51.95 13.5981 5.6
    endloop
  endfacet
  facet normal 0 0 1
    outer loop
      vertex -50.8416 -13.9743 5.6
      vertex -53.45 -11 5.6
      vertex -51.2265 -13.8978 5.6
    endloop
  endfacet
  facet normal 0 0 1
    outer loop
      vertex -53.45 11 5.6
      vertex -51.95 13.5981 5.6
      vertex -52.2763 13.3801 5.6
    endloop
  endfacet
  facet normal 0 0 1
    outer loop
      vertex -51.2265 -13.8978 5.6
      vertex -53.45 -11 5.6
      vertex -51.5981 -13.7716 5.6
    endloop
  endfacet
  facet normal 0 0 1
    outer loop
      vertex -53.45 11 5.6
      vertex -52.2763 13.3801 5.6
      vertex -52.5713 13.1213 5.6
    endloop
  endfacet
  facet normal 0 0 1
    outer loop
      vertex -51.5981 -13.7716 5.6
      vertex -53.45 -11 5.6
      vertex -51.95 -13.5981 5.6
    endloop
  endfacet
  facet normal 0 0 1
    outer loop
      vertex -53.45 11 5.6
      vertex -52.5713 13.1213 5.6
      vertex -52.8301 12.8263 5.6
    endloop
  endfacet
  facet normal 0 0 1
    outer loop
      vertex -51.95 -13.5981 5.6
      vertex -53.45 -11 5.6
      vertex -52.2763 -13.3801 5.6
    endloop
  endfacet
  facet normal 0 0 1
    outer loop
      vertex -53.45 11 5.6
      vertex -52.8301 12.8263 5.6
      vertex -53.0481 12.5 5.6
    endloop
  endfacet
  facet normal 0 0 1
    outer loop
      vertex -52.2763 -13.3801 5.6
      vertex -53.45 -11 5.6
      vertex -52.5713 -13.1213 5.6
    endloop
  endfacet
  facet normal 0 0 1
    outer loop
      vertex -53.45 11 5.6
      vertex -53.0481 12.5 5.6
      vertex -53.2216 12.1481 5.6
    endloop
  endfacet
  facet normal 0 0 1
    outer loop
      vertex -52.5713 -13.1213 5.6
      vertex -53.45 -11 5.6
      vertex -52.8301 -12.8263 5.6
    endloop
  endfacet
  facet normal 0 0 1
    outer loop
      vertex -53.45 11 5.6
      vertex -53.2216 12.1481 5.6
      vertex -53.3478 11.7765 5.6
    endloop
  endfacet
  facet normal 0 0 1
    outer loop
      vertex -52.8301 -12.8263 5.6
      vertex -53.45 -11 5.6
      vertex -53.0481 -12.5 5.6
    endloop
  endfacet
  facet normal 0 0 1
    outer loop
      vertex -53.45 11 5.6
      vertex -53.3478 11.7765 5.6
      vertex -53.4243 11.3916 5.6
    endloop
  endfacet
  facet normal 0 0 1
    outer loop
      vertex -53.0481 -12.5 5.6
      vertex -53.45 -11 5.6
      vertex -53.2216 -12.1481 5.6
    endloop
  endfacet
  facet normal 0 0 1
    outer loop
      vertex -53.2216 -12.1481 5.6
      vertex -53.45 -11 5.6
      vertex -53.3478 -11.7765 5.6
    endloop
  endfacet
  facet normal 0 0 1
    outer loop
      vertex -53.3478 -11.7765 5.6
      vertex -53.45 -11 5.6
      vertex -53.4243 -11.3916 5.6
    endloop
  endfacet
  facet normal -0.896911 -0.442211 0
    outer loop
      vertex -53.0481 -12.5 0
      vertex -53.2216 -12.1481 5.6
      vertex -53.2216 -12.1481 0
    endloop
  endfacet
  facet normal -0.896911 -0.442211 0
    outer loop
      vertex -53.2216 -12.1481 5.6
      vertex -53.0481 -12.5 0
      vertex -53.0481 -12.5 5.6
    endloop
  endfacet
  facet normal -0.751724 -0.659478 0
    outer loop
      vertex -52.5713 -13.1213 0
      vertex -52.8301 -12.8263 5.6
      vertex -52.8301 -12.8263 0
    endloop
  endfacet
  facet normal -0.751724 -0.659478 0
    outer loop
      vertex -52.8301 -12.8263 5.6
      vertex -52.5713 -13.1213 0
      vertex -52.5713 -13.1213 5.6
    endloop
  endfacet
  facet normal -0.321574 -0.946885 0
    outer loop
      vertex -51.5981 -13.7716 0
      vertex -51.2265 -13.8978 5.6
      vertex -51.5981 -13.7716 5.6
    endloop
  endfacet
  facet normal -0.321574 -0.946885 -0
    outer loop
      vertex -51.2265 -13.8978 5.6
      vertex -51.5981 -13.7716 0
      vertex -51.2265 -13.8978 0
    endloop
  endfacet
  facet normal -0.555523 -0.831501 0
    outer loop
      vertex -52.2763 -13.3801 0
      vertex -51.95 -13.5981 5.6
      vertex -52.2763 -13.3801 5.6
    endloop
  endfacet
  facet normal -0.555523 -0.831501 -0
    outer loop
      vertex -51.95 -13.5981 5.6
      vertex -52.2763 -13.3801 0
      vertex -51.95 -13.5981 0
    endloop
  endfacet
  facet normal 0 -1 0
    outer loop
      vertex -50.45 -14 0
      vertex -47.45 -14 5.6
      vertex -50.45 -14 5.6
    endloop
  endfacet
  facet normal 0 -1 -0
    outer loop
      vertex -47.45 -14 5.6
      vertex -50.45 -14 0
      vertex -47.45 -14 0
    endloop
  endfacet
  facet normal -0.896911 0.442211 0
    outer loop
      vertex -53.2216 12.1481 0
      vertex -53.0481 12.5 5.6
      vertex -53.0481 12.5 0
    endloop
  endfacet
  facet normal -0.896911 0.442211 0
    outer loop
      vertex -53.0481 12.5 5.6
      vertex -53.2216 12.1481 0
      vertex -53.2216 12.1481 5.6
    endloop
  endfacet
  facet normal -0.946885 0.321574 0
    outer loop
      vertex -53.3478 11.7765 0
      vertex -53.2216 12.1481 5.6
      vertex -53.2216 12.1481 0
    endloop
  endfacet
  facet normal -0.946885 0.321574 0
    outer loop
      vertex -53.2216 12.1481 5.6
      vertex -53.3478 11.7765 0
      vertex -53.3478 11.7765 5.6
    endloop
  endfacet
  facet normal -0.980815 -0.19494 0
    outer loop
      vertex -53.3478 -11.7765 0
      vertex -53.4243 -11.3916 5.6
      vertex -53.4243 -11.3916 0
    endloop
  endfacet
  facet normal -0.980815 -0.19494 0
    outer loop
      vertex -53.4243 -11.3916 5.6
      vertex -53.3478 -11.7765 0
      vertex -53.3478 -11.7765 5.6
    endloop
  endfacet
  facet normal -0.831501 -0.555523 0
    outer loop
      vertex -52.8301 -12.8263 0
      vertex -53.0481 -12.5 5.6
      vertex -53.0481 -12.5 0
    endloop
  endfacet
  facet normal -0.831501 -0.555523 0
    outer loop
      vertex -53.0481 -12.5 5.6
      vertex -52.8301 -12.8263 0
      vertex -52.8301 -12.8263 5.6
    endloop
  endfacet
  facet normal -0.659478 -0.751724 0
    outer loop
      vertex -52.5713 -13.1213 0
      vertex -52.2763 -13.3801 5.6
      vertex -52.5713 -13.1213 5.6
    endloop
  endfacet
  facet normal -0.659478 -0.751724 -0
    outer loop
      vertex -52.2763 -13.3801 5.6
      vertex -52.5713 -13.1213 0
      vertex -52.2763 -13.3801 0
    endloop
  endfacet
  facet normal -0.19494 -0.980815 0
    outer loop
      vertex -51.2265 -13.8978 0
      vertex -50.8416 -13.9743 5.6
      vertex -51.2265 -13.8978 5.6
    endloop
  endfacet
  facet normal -0.19494 -0.980815 -0
    outer loop
      vertex -50.8416 -13.9743 5.6
      vertex -51.2265 -13.8978 0
      vertex -50.8416 -13.9743 0
    endloop
  endfacet
  facet normal -0.442211 -0.896911 0
    outer loop
      vertex -51.95 -13.5981 0
      vertex -51.5981 -13.7716 5.6
      vertex -51.95 -13.5981 5.6
    endloop
  endfacet
  facet normal -0.442211 -0.896911 -0
    outer loop
      vertex -51.5981 -13.7716 5.6
      vertex -51.95 -13.5981 0
      vertex -51.5981 -13.7716 0
    endloop
  endfacet
  facet normal 0.321574 -0.946885 0
    outer loop
      vertex 51.2265 -13.8978 0
      vertex 51.5981 -13.7716 5.6
      vertex 51.2265 -13.8978 5.6
    endloop
  endfacet
  facet normal 0.321574 -0.946885 0
    outer loop
      vertex 51.5981 -13.7716 5.6
      vertex 51.2265 -13.8978 0
      vertex 51.5981 -13.7716 0
    endloop
  endfacet
  facet normal 0.0654873 -0.997853 0
    outer loop
      vertex 50.45 -14 0
      vertex 50.8416 -13.9743 5.6
      vertex 50.45 -14 5.6
    endloop
  endfacet
  facet normal 0.0654873 -0.997853 0
    outer loop
      vertex 50.8416 -13.9743 5.6
      vertex 50.45 -14 0
      vertex 50.8416 -13.9743 0
    endloop
  endfacet
  facet normal 0.19494 -0.980815 0
    outer loop
      vertex 50.8416 -13.9743 0
      vertex 51.2265 -13.8978 5.6
      vertex 50.8416 -13.9743 5.6
    endloop
  endfacet
  facet normal 0.19494 -0.980815 0
    outer loop
      vertex 51.2265 -13.8978 5.6
      vertex 50.8416 -13.9743 0
      vertex 51.2265 -13.8978 0
    endloop
  endfacet
  facet normal 0.946885 0.321574 0
    outer loop
      vertex 53.3478 11.7765 5.6
      vertex 53.2216 12.1481 0
      vertex 53.2216 12.1481 5.6
    endloop
  endfacet
  facet normal 0.946885 0.321574 0
    outer loop
      vertex 53.2216 12.1481 0
      vertex 53.3478 11.7765 5.6
      vertex 53.3478 11.7765 0
    endloop
  endfacet
  facet normal 0.19494 0.980815 -0
    outer loop
      vertex 51.2265 13.8978 0
      vertex 50.8416 13.9743 5.6
      vertex 51.2265 13.8978 5.6
    endloop
  endfacet
  facet normal 0.19494 0.980815 0
    outer loop
      vertex 50.8416 13.9743 5.6
      vertex 51.2265 13.8978 0
      vertex 50.8416 13.9743 0
    endloop
  endfacet
  facet normal 0.831501 0.555523 0
    outer loop
      vertex 53.0481 12.5 5.6
      vertex 52.8301 12.8263 0
      vertex 52.8301 12.8263 5.6
    endloop
  endfacet
  facet normal 0.831501 0.555523 0
    outer loop
      vertex 52.8301 12.8263 0
      vertex 53.0481 12.5 5.6
      vertex 53.0481 12.5 0
    endloop
  endfacet
  facet normal 1 -0 0
    outer loop
      vertex 53.45 -11 5.6
      vertex 53.45 11 0
      vertex 53.45 11 5.6
    endloop
  endfacet
  facet normal 1 0 0
    outer loop
      vertex 53.45 11 0
      vertex 53.45 -11 5.6
      vertex 53.45 -11 0
    endloop
  endfacet
  facet normal 0.751724 -0.659478 0
    outer loop
      vertex 52.5713 -13.1213 5.6
      vertex 52.8301 -12.8263 0
      vertex 52.8301 -12.8263 5.6
    endloop
  endfacet
  facet normal 0.751724 -0.659478 0
    outer loop
      vertex 52.8301 -12.8263 0
      vertex 52.5713 -13.1213 5.6
      vertex 52.5713 -13.1213 0
    endloop
  endfacet
  facet normal 0 1 -0
    outer loop
      vertex 50.45 14 0
      vertex 47.45 14 5.6
      vertex 50.45 14 5.6
    endloop
  endfacet
  facet normal 0 1 0
    outer loop
      vertex 47.45 14 5.6
      vertex 50.45 14 0
      vertex 47.45 14 0
    endloop
  endfacet
  facet normal 0.751724 0.659478 0
    outer loop
      vertex 52.8301 12.8263 5.6
      vertex 52.5713 13.1213 0
      vertex 52.5713 13.1213 5.6
    endloop
  endfacet
  facet normal 0.751724 0.659478 0
    outer loop
      vertex 52.5713 13.1213 0
      vertex 52.8301 12.8263 5.6
      vertex 52.8301 12.8263 0
    endloop
  endfacet
  facet normal 0.0654873 0.997853 -0
    outer loop
      vertex 50.8416 13.9743 0
      vertex 50.45 14 5.6
      vertex 50.8416 13.9743 5.6
    endloop
  endfacet
  facet normal 0.0654873 0.997853 0
    outer loop
      vertex 50.45 14 5.6
      vertex 50.8416 13.9743 0
      vertex 50.45 14 0
    endloop
  endfacet
  facet normal 0.980815 0.19494 0
    outer loop
      vertex 53.4243 11.3916 5.6
      vertex 53.3478 11.7765 0
      vertex 53.3478 11.7765 5.6
    endloop
  endfacet
  facet normal 0.980815 0.19494 0
    outer loop
      vertex 53.3478 11.7765 0
      vertex 53.4243 11.3916 5.6
      vertex 53.4243 11.3916 0
    endloop
  endfacet
  facet normal 0.997853 -0.0654873 0
    outer loop
      vertex 53.4243 -11.3916 5.6
      vertex 53.45 -11 0
      vertex 53.45 -11 5.6
    endloop
  endfacet
  facet normal 0.997853 -0.0654873 0
    outer loop
      vertex 53.45 -11 0
      vertex 53.4243 -11.3916 5.6
      vertex 53.4243 -11.3916 0
    endloop
  endfacet
  facet normal 0.980815 -0.19494 0
    outer loop
      vertex 53.3478 -11.7765 5.6
      vertex 53.4243 -11.3916 0
      vertex 53.4243 -11.3916 5.6
    endloop
  endfacet
  facet normal 0.980815 -0.19494 0
    outer loop
      vertex 53.4243 -11.3916 0
      vertex 53.3478 -11.7765 5.6
      vertex 53.3478 -11.7765 0
    endloop
  endfacet
  facet normal 0 0 1
    outer loop
      vertex 50.45 14 5.6
      vertex 53.45 11 5.6
      vertex 53.4243 11.3916 5.6
    endloop
  endfacet
  facet normal 0 0 1
    outer loop
      vertex 53.45 11 5.6
      vertex 47.45 14 5.6
      vertex 53.45 -11 5.6
    endloop
  endfacet
  facet normal 0 0 1
    outer loop
      vertex 50.45 14 5.6
      vertex 53.4243 11.3916 5.6
      vertex 53.3478 11.7765 5.6
    endloop
  endfacet
  facet normal 0 0 1
    outer loop
      vertex 47.45 -14 5.6
      vertex 53.45 -11 5.6
      vertex 47.45 14 5.6
    endloop
  endfacet
  facet normal 0 0 1
    outer loop
      vertex 50.45 14 5.6
      vertex 53.3478 11.7765 5.6
      vertex 53.2216 12.1481 5.6
    endloop
  endfacet
  facet normal 0 -0 1
    outer loop
      vertex 50.45 -14 5.6
      vertex 53.45 -11 5.6
      vertex 47.45 -14 5.6
    endloop
  endfacet
  facet normal 0 0 1
    outer loop
      vertex 50.45 14 5.6
      vertex 53.2216 12.1481 5.6
      vertex 53.0481 12.5 5.6
    endloop
  endfacet
  facet normal 0 0 1
    outer loop
      vertex 53.45 -11 5.6
      vertex 50.45 -14 5.6
      vertex 53.4243 -11.3916 5.6
    endloop
  endfacet
  facet normal 0 0 1
    outer loop
      vertex 50.45 14 5.6
      vertex 53.0481 12.5 5.6
      vertex 52.8301 12.8263 5.6
    endloop
  endfacet
  facet normal 0 0 1
    outer loop
      vertex 53.4243 -11.3916 5.6
      vertex 50.45 -14 5.6
      vertex 53.3478 -11.7765 5.6
    endloop
  endfacet
  facet normal 0 0 1
    outer loop
      vertex 50.45 14 5.6
      vertex 52.8301 12.8263 5.6
      vertex 52.5713 13.1213 5.6
    endloop
  endfacet
  facet normal 0 0 1
    outer loop
      vertex 53.3478 -11.7765 5.6
      vertex 50.45 -14 5.6
      vertex 53.2216 -12.1481 5.6
    endloop
  endfacet
  facet normal 0 0 1
    outer loop
      vertex 50.45 14 5.6
      vertex 52.5713 13.1213 5.6
      vertex 52.2763 13.3801 5.6
    endloop
  endfacet
  facet normal 0 0 1
    outer loop
      vertex 53.2216 -12.1481 5.6
      vertex 50.45 -14 5.6
      vertex 53.0481 -12.5 5.6
    endloop
  endfacet
  facet normal 0 0 1
    outer loop
      vertex 50.45 14 5.6
      vertex 52.2763 13.3801 5.6
      vertex 51.95 13.5981 5.6
    endloop
  endfacet
  facet normal 0 0 1
    outer loop
      vertex 53.0481 -12.5 5.6
      vertex 50.45 -14 5.6
      vertex 52.8301 -12.8263 5.6
    endloop
  endfacet
  facet normal 0 0 1
    outer loop
      vertex 50.45 14 5.6
      vertex 51.95 13.5981 5.6
      vertex 51.5981 13.7716 5.6
    endloop
  endfacet
  facet normal 0 0 1
    outer loop
      vertex 52.8301 -12.8263 5.6
      vertex 50.45 -14 5.6
      vertex 52.5713 -13.1213 5.6
    endloop
  endfacet
  facet normal 0 0 1
    outer loop
      vertex 50.45 14 5.6
      vertex 51.5981 13.7716 5.6
      vertex 51.2265 13.8978 5.6
    endloop
  endfacet
  facet normal 0 0 1
    outer loop
      vertex 53.45 11 5.6
      vertex 50.45 14 5.6
      vertex 47.45 14 5.6
    endloop
  endfacet
  facet normal 0 0 1
    outer loop
      vertex 50.45 14 5.6
      vertex 51.2265 13.8978 5.6
      vertex 50.8416 13.9743 5.6
    endloop
  endfacet
  facet normal 0 0 1
    outer loop
      vertex 52.5713 -13.1213 5.6
      vertex 50.45 -14 5.6
      vertex 52.2763 -13.3801 5.6
    endloop
  endfacet
  facet normal 0 0 1
    outer loop
      vertex 51.5981 -13.7716 5.6
      vertex 50.45 -14 5.6
      vertex 51.2265 -13.8978 5.6
    endloop
  endfacet
  facet normal 0 0 1
    outer loop
      vertex 51.2265 -13.8978 5.6
      vertex 50.45 -14 5.6
      vertex 50.8416 -13.9743 5.6
    endloop
  endfacet
  facet normal 0 0 1
    outer loop
      vertex 52.2763 -13.3801 5.6
      vertex 50.45 -14 5.6
      vertex 51.95 -13.5981 5.6
    endloop
  endfacet
  facet normal 0 0 1
    outer loop
      vertex 51.95 -13.5981 5.6
      vertex 50.45 -14 5.6
      vertex 51.5981 -13.7716 5.6
    endloop
  endfacet
  facet normal 0 -1 0
    outer loop
      vertex 47.45 -14 0
      vertex 50.45 -14 5.6
      vertex 47.45 -14 5.6
    endloop
  endfacet
  facet normal 0 -1 -0
    outer loop
      vertex 50.45 -14 5.6
      vertex 47.45 -14 0
      vertex 50.45 -14 0
    endloop
  endfacet
  facet normal 0.659478 0.751724 -0
    outer loop
      vertex 52.5713 13.1213 0
      vertex 52.2763 13.3801 5.6
      vertex 52.5713 13.1213 5.6
    endloop
  endfacet
  facet normal 0.659478 0.751724 0
    outer loop
      vertex 52.2763 13.3801 5.6
      vertex 52.5713 13.1213 0
      vertex 52.2763 13.3801 0
    endloop
  endfacet
  facet normal 0.555523 0.831501 -0
    outer loop
      vertex 52.2763 13.3801 0
      vertex 51.95 13.5981 5.6
      vertex 52.2763 13.3801 5.6
    endloop
  endfacet
  facet normal 0.555523 0.831501 0
    outer loop
      vertex 51.95 13.5981 5.6
      vertex 52.2763 13.3801 0
      vertex 51.95 13.5981 0
    endloop
  endfacet
  facet normal 0.321574 0.946885 -0
    outer loop
      vertex 51.5981 13.7716 0
      vertex 51.2265 13.8978 5.6
      vertex 51.5981 13.7716 5.6
    endloop
  endfacet
  facet normal 0.321574 0.946885 0
    outer loop
      vertex 51.2265 13.8978 5.6
      vertex 51.5981 13.7716 0
      vertex 51.2265 13.8978 0
    endloop
  endfacet
  facet normal 0.442211 0.896911 -0
    outer loop
      vertex 51.95 13.5981 0
      vertex 51.5981 13.7716 5.6
      vertex 51.95 13.5981 5.6
    endloop
  endfacet
  facet normal 0.442211 0.896911 0
    outer loop
      vertex 51.5981 13.7716 5.6
      vertex 51.95 13.5981 0
      vertex 51.5981 13.7716 0
    endloop
  endfacet
  facet normal 0.997853 0.0654873 0
    outer loop
      vertex 53.45 11 5.6
      vertex 53.4243 11.3916 0
      vertex 53.4243 11.3916 5.6
    endloop
  endfacet
  facet normal 0.997853 0.0654873 0
    outer loop
      vertex 53.4243 11.3916 0
      vertex 53.45 11 5.6
      vertex 53.45 11 0
    endloop
  endfacet
  facet normal 0.896911 -0.442211 0
    outer loop
      vertex 53.0481 -12.5 5.6
      vertex 53.2216 -12.1481 0
      vertex 53.2216 -12.1481 5.6
    endloop
  endfacet
  facet normal 0.896911 -0.442211 0
    outer loop
      vertex 53.2216 -12.1481 0
      vertex 53.0481 -12.5 5.6
      vertex 53.0481 -12.5 0
    endloop
  endfacet
  facet normal 0.831501 -0.555523 0
    outer loop
      vertex 52.8301 -12.8263 5.6
      vertex 53.0481 -12.5 0
      vertex 53.0481 -12.5 5.6
    endloop
  endfacet
  facet normal 0.831501 -0.555523 0
    outer loop
      vertex 53.0481 -12.5 0
      vertex 52.8301 -12.8263 5.6
      vertex 52.8301 -12.8263 0
    endloop
  endfacet
  facet normal 0.442211 -0.896911 0
    outer loop
      vertex 51.5981 -13.7716 0
      vertex 51.95 -13.5981 5.6
      vertex 51.5981 -13.7716 5.6
    endloop
  endfacet
  facet normal 0.442211 -0.896911 0
    outer loop
      vertex 51.95 -13.5981 5.6
      vertex 51.5981 -13.7716 0
      vertex 51.95 -13.5981 0
    endloop
  endfacet
  facet normal 0.896911 0.442211 0
    outer loop
      vertex 53.2216 12.1481 5.6
      vertex 53.0481 12.5 0
      vertex 53.0481 12.5 5.6
    endloop
  endfacet
  facet normal 0.896911 0.442211 0
    outer loop
      vertex 53.0481 12.5 0
      vertex 53.2216 12.1481 5.6
      vertex 53.2216 12.1481 0
    endloop
  endfacet
  facet normal 0.946885 -0.321574 0
    outer loop
      vertex 53.2216 -12.1481 5.6
      vertex 53.3478 -11.7765 0
      vertex 53.3478 -11.7765 5.6
    endloop
  endfacet
  facet normal 0.946885 -0.321574 0
    outer loop
      vertex 53.3478 -11.7765 0
      vertex 53.2216 -12.1481 5.6
      vertex 53.2216 -12.1481 0
    endloop
  endfacet
  facet normal 0.555523 -0.831501 0
    outer loop
      vertex 51.95 -13.5981 0
      vertex 52.2763 -13.3801 5.6
      vertex 51.95 -13.5981 5.6
    endloop
  endfacet
  facet normal 0.555523 -0.831501 0
    outer loop
      vertex 52.2763 -13.3801 5.6
      vertex 51.95 -13.5981 0
      vertex 52.2763 -13.3801 0
    endloop
  endfacet
  facet normal 0.659478 -0.751724 0
    outer loop
      vertex 52.2763 -13.3801 0
      vertex 52.5713 -13.1213 5.6
      vertex 52.2763 -13.3801 5.6
    endloop
  endfacet
  facet normal 0.659478 -0.751724 0
    outer loop
      vertex 52.5713 -13.1213 5.6
      vertex 52.2763 -13.3801 0
      vertex 52.5713 -13.1213 0
    endloop
  endfacet
  facet normal 0.0349557 -0.999389 0
    outer loop
      vertex 37.45 -47.45 0
      vertex 38.1476 -47.4256 13.6
      vertex 37.45 -47.45 13.6
    endloop
  endfacet
  facet normal 0.0349557 -0.999389 0
    outer loop
      vertex 38.1476 -47.4256 13.6
      vertex 37.45 -47.45 0
      vertex 38.1476 -47.4256 0
    endloop
  endfacet
  facet normal 0.104454 -0.99453 0
    outer loop
      vertex 38.1476 -47.4256 0
      vertex 38.8417 -47.3527 13.6
      vertex 38.1476 -47.4256 13.6
    endloop
  endfacet
  facet normal 0.104454 -0.99453 0
    outer loop
      vertex 38.8417 -47.3527 13.6
      vertex 38.1476 -47.4256 0
      vertex 38.8417 -47.3527 0
    endloop
  endfacet
  facet normal -0.0349557 0.999389 0
    outer loop
      vertex -37.45 47.45 0
      vertex -38.1476 47.4256 13.6
      vertex -37.45 47.45 13.6
    endloop
  endfacet
  facet normal -0.0349557 0.999389 0
    outer loop
      vertex -38.1476 47.4256 13.6
      vertex -37.45 47.45 0
      vertex -38.1476 47.4256 0
    endloop
  endfacet
  facet normal -0.275629 -0.961264 0
    outer loop
      vertex -40.5402 -46.9606 0
      vertex -39.8692 -47.153 13.6
      vertex -40.5402 -46.9606 13.6
    endloop
  endfacet
  facet normal -0.275629 -0.961264 -0
    outer loop
      vertex -39.8692 -47.153 13.6
      vertex -40.5402 -46.9606 0
      vertex -39.8692 -47.153 0
    endloop
  endfacet
  facet normal -0.46948 -0.882943 0
    outer loop
      vertex -42.45 -46.1102 0
      vertex -41.8337 -46.4379 13.6
      vertex -42.45 -46.1102 13.6
    endloop
  endfacet
  facet normal -0.46948 -0.882943 -0
    outer loop
      vertex -41.8337 -46.4379 13.6
      vertex -42.45 -46.1102 0
      vertex -41.8337 -46.4379 0
    endloop
  endfacet
  facet normal -0.0174758 -0.999847 0
    outer loop
      vertex -37.799 -47.4439 0
      vertex -37.45 -47.45 13.6
      vertex -37.799 -47.4439 13.6
    endloop
  endfacet
  facet normal -0.0174758 -0.999847 -0
    outer loop
      vertex -37.45 -47.45 13.6
      vertex -37.799 -47.4439 0
      vertex -37.45 -47.45 0
    endloop
  endfacet
  facet normal 0 1 -0
    outer loop
      vertex 37.45 47.45 0
      vertex -37.45 47.45 13.6
      vertex 37.45 47.45 13.6
    endloop
  endfacet
  facet normal 0 1 0
    outer loop
      vertex -37.45 47.45 13.6
      vertex 37.45 47.45 0
      vertex -37.45 47.45 0
    endloop
  endfacet
  facet normal -0 0 1
    outer loop
      vertex 45.25 -36.25 13.6
      vertex 47.45 -37.45 13.6
      vertex 47.45 37.45 13.6
    endloop
  endfacet
  facet normal -0 0 1
    outer loop
      vertex 45.1624 37.5026 13.6
      vertex 47.45 37.45 13.6
      vertex 47.4256 38.1476 13.6
    endloop
  endfacet
  facet normal 0 0 1
    outer loop
      vertex 45.25 -36.25 13.6
      vertex 47.45 37.45 13.6
      vertex 45.25 36.25 13.6
    endloop
  endfacet
  facet normal 0 0 1
    outer loop
      vertex 45.0533 38.1212 13.6
      vertex 47.4256 38.1476 13.6
      vertex 47.3527 38.8417 13.6
    endloop
  endfacet
  facet normal -0 0 1
    outer loop
      vertex 45.2445 -36.5641 13.6
      vertex 47.45 -37.45 13.6
      vertex 45.25 -36.25 13.6
    endloop
  endfacet
  facet normal 0 0 1
    outer loop
      vertex 44.9014 38.7307 13.6
      vertex 47.3527 38.8417 13.6
      vertex 47.2315 39.5291 13.6
    endloop
  endfacet
  facet normal -0 0 1
    outer loop
      vertex 45.2007 -37.1908 13.6
      vertex 47.45 -37.45 13.6
      vertex 45.2445 -36.5641 13.6
    endloop
  endfacet
  facet normal 0 0 1
    outer loop
      vertex 44.7072 39.3282 13.6
      vertex 47.2315 39.5291 13.6
      vertex 47.0626 40.2064 13.6
    endloop
  endfacet
  facet normal 0 0 1
    outer loop
      vertex 47.45 -37.45 13.6
      vertex 45.2007 -37.1908 13.6
      vertex 47.4439 -37.799 13.6
    endloop
  endfacet
  facet normal 0 0 1
    outer loop
      vertex 44.4719 39.9106 13.6
      vertex 47.0626 40.2064 13.6
      vertex 46.8469 40.8702 13.6
    endloop
  endfacet
  facet normal 0 0 1
    outer loop
      vertex 45.1133 -37.8128 13.6
      vertex 47.4439 -37.799 13.6
      vertex 45.2007 -37.1908 13.6
    endloop
  endfacet
  facet normal 0 0 1
    outer loop
      vertex 44.4719 39.9106 13.6
      vertex 46.8469 40.8702 13.6
      vertex 46.5854 41.5174 13.6
    endloop
  endfacet
  facet normal 0 0 1
    outer loop
      vertex 47.4439 -37.799 13.6
      vertex 45.1133 -37.8128 13.6
      vertex 47.3952 -38.4953 13.6
    endloop
  endfacet
  facet normal 0 0 1
    outer loop
      vertex 44.1965 40.4753 13.6
      vertex 46.5854 41.5174 13.6
      vertex 46.2795 42.1447 13.6
    endloop
  endfacet
  facet normal -0 0 1
    outer loop
      vertex 44.9827 -38.4273 13.6
      vertex 47.3952 -38.4953 13.6
      vertex 45.1133 -37.8128 13.6
    endloop
  endfacet
  facet normal 0 0 1
    outer loop
      vertex 43.8824 41.0193 13.6
      vertex 46.2795 42.1447 13.6
      vertex 45.9305 42.7492 13.6
    endloop
  endfacet
  facet normal 0 0 1
    outer loop
      vertex 47.3952 -38.4953 13.6
      vertex 44.9827 -38.4273 13.6
      vertex 47.2981 -39.1865 13.6
    endloop
  endfacet
  facet normal 0 0 1
    outer loop
      vertex 43.5312 41.5401 13.6
      vertex 45.9305 42.7492 13.6
      vertex 45.5402 43.3279 13.6
    endloop
  endfacet
  facet normal -0 0 1
    outer loop
      vertex 44.8095 -39.0312 13.6
      vertex 47.2981 -39.1865 13.6
      vertex 44.9827 -38.4273 13.6
    endloop
  endfacet
  facet normal 0 0 1
    outer loop
      vertex 47.2981 -39.1865 13.6
      vertex 44.8095 -39.0312 13.6
      vertex 47.153 -39.8692 13.6
    endloop
  endfacet
  facet normal 0 0 1
    outer loop
      vertex 47.45 37.45 13.6
      vertex 45.2281 36.8778 13.6
      vertex 45.25 36.25 13.6
    endloop
  endfacet
  facet normal 0 0 1
    outer loop
      vertex 47.45 37.45 13.6
      vertex 45.1624 37.5026 13.6
      vertex 45.2281 36.8778 13.6
    endloop
  endfacet
  facet normal 0 0 1
    outer loop
      vertex 43.1444 42.0351 13.6
      vertex 45.5402 43.3279 13.6
      vertex 45.1104 43.8779 13.6
    endloop
  endfacet
  facet normal 0 0 1
    outer loop
      vertex 47.4256 38.1476 13.6
      vertex 45.0533 38.1212 13.6
      vertex 45.1624 37.5026 13.6
    endloop
  endfacet
  facet normal 0 0 1
    outer loop
      vertex 47.3527 38.8417 13.6
      vertex 44.9014 38.7307 13.6
      vertex 45.0533 38.1212 13.6
    endloop
  endfacet
  facet normal 0 0 1
    outer loop
      vertex 47.2315 39.5291 13.6
      vertex 44.7072 39.3282 13.6
      vertex 44.9014 38.7307 13.6
    endloop
  endfacet
  facet normal 0 0 1
    outer loop
      vertex 42.7241 42.5019 13.6
      vertex 45.1104 43.8779 13.6
      vertex 44.6434 44.3966 13.6
    endloop
  endfacet
  facet normal 0 0 1
    outer loop
      vertex 47.0626 40.2064 13.6
      vertex 44.4719 39.9106 13.6
      vertex 44.7072 39.3282 13.6
    endloop
  endfacet
  facet normal 0 0 1
    outer loop
      vertex 46.5854 41.5174 13.6
      vertex 44.1965 40.4753 13.6
      vertex 44.4719 39.9106 13.6
    endloop
  endfacet
  facet normal 0 0 1
    outer loop
      vertex 42.7241 42.5019 13.6
      vertex 44.6434 44.3966 13.6
      vertex 44.1413 44.8814 13.6
    endloop
  endfacet
  facet normal 0 0 1
    outer loop
      vertex 46.2795 42.1447 13.6
      vertex 43.8824 41.0193 13.6
      vertex 44.1965 40.4753 13.6
    endloop
  endfacet
  facet normal 0 0 1
    outer loop
      vertex 42.2722 42.9383 13.6
      vertex 44.1413 44.8814 13.6
      vertex 43.6066 45.3301 13.6
    endloop
  endfacet
  facet normal 0 0 1
    outer loop
      vertex 45.9305 42.7492 13.6
      vertex 43.5312 41.5401 13.6
      vertex 43.8824 41.0193 13.6
    endloop
  endfacet
  facet normal 0 0 1
    outer loop
      vertex 45.5402 43.3279 13.6
      vertex 43.1444 42.0351 13.6
      vertex 43.5312 41.5401 13.6
    endloop
  endfacet
  facet normal 0 0 1
    outer loop
      vertex 41.791 43.3421 13.6
      vertex 43.6066 45.3301 13.6
      vertex 43.0419 45.7404 13.6
    endloop
  endfacet
  facet normal 0 0 1
    outer loop
      vertex 45.1104 43.8779 13.6
      vertex 42.7241 42.5019 13.6
      vertex 43.1444 42.0351 13.6
    endloop
  endfacet
  facet normal 0 0 1
    outer loop
      vertex 41.2827 43.7113 13.6
      vertex 43.0419 45.7404 13.6
      vertex 42.45 46.1102 13.6
    endloop
  endfacet
  facet normal 0 0 1
    outer loop
      vertex 44.1413 44.8814 13.6
      vertex 42.2722 42.9383 13.6
      vertex 42.7241 42.5019 13.6
    endloop
  endfacet
  facet normal 0 0 1
    outer loop
      vertex 40.75 44.0442 13.6
      vertex 42.45 46.1102 13.6
      vertex 41.8337 46.4379 13.6
    endloop
  endfacet
  facet normal 0 0 1
    outer loop
      vertex 43.6066 45.3301 13.6
      vertex 41.791 43.3421 13.6
      vertex 42.2722 42.9383 13.6
    endloop
  endfacet
  facet normal 0 0 1
    outer loop
      vertex 43.0419 45.7404 13.6
      vertex 41.2827 43.7113 13.6
      vertex 41.791 43.3421 13.6
    endloop
  endfacet
  facet normal 0 0 1
    outer loop
      vertex 40.1953 44.3391 13.6
      vertex 41.8337 46.4379 13.6
      vertex 41.1961 46.7218 13.6
    endloop
  endfacet
  facet normal 0 0 1
    outer loop
      vertex 42.45 46.1102 13.6
      vertex 40.75 44.0442 13.6
      vertex 41.2827 43.7113 13.6
    endloop
  endfacet
  facet normal 0 0 1
    outer loop
      vertex 40.1953 44.3391 13.6
      vertex 41.1961 46.7218 13.6
      vertex 40.5402 46.9606 13.6
    endloop
  endfacet
  facet normal 0 0 1
    outer loop
      vertex 41.8337 46.4379 13.6
      vertex 40.1953 44.3391 13.6
      vertex 40.75 44.0442 13.6
    endloop
  endfacet
  facet normal 0 0 1
    outer loop
      vertex 39.6215 44.5947 13.6
      vertex 40.5402 46.9606 13.6
      vertex 39.8692 47.153 13.6
    endloop
  endfacet
  facet normal 0 0 1
    outer loop
      vertex 40.5402 46.9606 13.6
      vertex 39.6215 44.5947 13.6
      vertex 40.1953 44.3391 13.6
    endloop
  endfacet
  facet normal 0 0 1
    outer loop
      vertex 39.0312 44.8095 13.6
      vertex 39.8692 47.153 13.6
      vertex 39.1865 47.2981 13.6
    endloop
  endfacet
  facet normal 0 0 1
    outer loop
      vertex 39.8692 47.153 13.6
      vertex 39.0312 44.8095 13.6
      vertex 39.6215 44.5947 13.6
    endloop
  endfacet
  facet normal 0 0 1
    outer loop
      vertex 38.4273 44.9827 13.6
      vertex 39.1865 47.2981 13.6
      vertex 38.4953 47.3952 13.6
    endloop
  endfacet
  facet normal 0 0 1
    outer loop
      vertex 39.1865 47.2981 13.6
      vertex 38.4273 44.9827 13.6
      vertex 39.0312 44.8095 13.6
    endloop
  endfacet
  facet normal 0 0 1
    outer loop
      vertex 38.4953 47.3952 13.6
      vertex 37.8128 45.1133 13.6
      vertex 38.4273 44.9827 13.6
    endloop
  endfacet
  facet normal 0 0 1
    outer loop
      vertex 37.799 47.4439 13.6
      vertex 37.8128 45.1133 13.6
      vertex 38.4953 47.3952 13.6
    endloop
  endfacet
  facet normal 0 0 1
    outer loop
      vertex 37.1908 45.2007 13.6
      vertex 37.799 47.4439 13.6
      vertex 37.45 47.45 13.6
    endloop
  endfacet
  facet normal 0 0 1
    outer loop
      vertex 37.799 47.4439 13.6
      vertex 37.1908 45.2007 13.6
      vertex 37.8128 45.1133 13.6
    endloop
  endfacet
  facet normal 0 0 1
    outer loop
      vertex 37.45 47.45 13.6
      vertex 36.5641 45.2445 13.6
      vertex 37.1908 45.2007 13.6
    endloop
  endfacet
  facet normal 0 0 1
    outer loop
      vertex 37.45 47.45 13.6
      vertex 36.25 45.25 13.6
      vertex 36.5641 45.2445 13.6
    endloop
  endfacet
  facet normal 0 0 1
    outer loop
      vertex 37.45 47.45 13.6
      vertex -36.25 45.25 13.6
      vertex 36.25 45.25 13.6
    endloop
  endfacet
  facet normal -0 0 1
    outer loop
      vertex -37.45 47.45 13.6
      vertex -36.25 45.25 13.6
      vertex 37.45 47.45 13.6
    endloop
  endfacet
  facet normal 0 0 1
    outer loop
      vertex -37.45 47.45 13.6
      vertex -36.8778 45.2281 13.6
      vertex -36.25 45.25 13.6
    endloop
  endfacet
  facet normal 0 0 1
    outer loop
      vertex -37.45 47.45 13.6
      vertex -37.5026 45.1624 13.6
      vertex -36.8778 45.2281 13.6
    endloop
  endfacet
  facet normal -0 0 1
    outer loop
      vertex -38.1476 47.4256 13.6
      vertex -37.5026 45.1624 13.6
      vertex -37.45 47.45 13.6
    endloop
  endfacet
  facet normal 0 0 1
    outer loop
      vertex -37.5026 45.1624 13.6
      vertex -38.1476 47.4256 13.6
      vertex -38.1212 45.0533 13.6
    endloop
  endfacet
  facet normal -0 0 1
    outer loop
      vertex -38.8417 47.3527 13.6
      vertex -38.1212 45.0533 13.6
      vertex -38.1476 47.4256 13.6
    endloop
  endfacet
  facet normal 0 0 1
    outer loop
      vertex -38.1212 45.0533 13.6
      vertex -38.8417 47.3527 13.6
      vertex -38.7307 44.9014 13.6
    endloop
  endfacet
  facet normal -0 0 1
    outer loop
      vertex -39.5291 47.2315 13.6
      vertex -38.7307 44.9014 13.6
      vertex -38.8417 47.3527 13.6
    endloop
  endfacet
  facet normal 0 0 1
    outer loop
      vertex -38.7307 44.9014 13.6
      vertex -39.5291 47.2315 13.6
      vertex -39.3282 44.7072 13.6
    endloop
  endfacet
  facet normal -0 0 1
    outer loop
      vertex -40.2064 47.0626 13.6
      vertex -39.3282 44.7072 13.6
      vertex -39.5291 47.2315 13.6
    endloop
  endfacet
  facet normal 0 0 1
    outer loop
      vertex -39.3282 44.7072 13.6
      vertex -40.2064 47.0626 13.6
      vertex -39.9106 44.4719 13.6
    endloop
  endfacet
  facet normal -0 0 1
    outer loop
      vertex -40.8702 46.8469 13.6
      vertex -39.9106 44.4719 13.6
      vertex -40.2064 47.0626 13.6
    endloop
  endfacet
  facet normal -0 0 1
    outer loop
      vertex -41.5174 46.5854 13.6
      vertex -39.9106 44.4719 13.6
      vertex -40.8702 46.8469 13.6
    endloop
  endfacet
  facet normal 0 0 1
    outer loop
      vertex -39.9106 44.4719 13.6
      vertex -41.5174 46.5854 13.6
      vertex -40.4753 44.1965 13.6
    endloop
  endfacet
  facet normal -0 0 1
    outer loop
      vertex -42.1447 46.2795 13.6
      vertex -40.4753 44.1965 13.6
      vertex -41.5174 46.5854 13.6
    endloop
  endfacet
  facet normal 0 0 1
    outer loop
      vertex -40.4753 44.1965 13.6
      vertex -42.1447 46.2795 13.6
      vertex -41.0193 43.8824 13.6
    endloop
  endfacet
  facet normal -0 0 1
    outer loop
      vertex -42.7492 45.9305 13.6
      vertex -41.0193 43.8824 13.6
      vertex -42.1447 46.2795 13.6
    endloop
  endfacet
  facet normal 0 0 1
    outer loop
      vertex -41.0193 43.8824 13.6
      vertex -42.7492 45.9305 13.6
      vertex -41.5401 43.5312 13.6
    endloop
  endfacet
  facet normal -0 0 1
    outer loop
      vertex -43.3279 45.5402 13.6
      vertex -41.5401 43.5312 13.6
      vertex -42.7492 45.9305 13.6
    endloop
  endfacet
  facet normal 0 0 1
    outer loop
      vertex -41.5401 43.5312 13.6
      vertex -43.3279 45.5402 13.6
      vertex -42.0351 43.1444 13.6
    endloop
  endfacet
  facet normal -0 0 1
    outer loop
      vertex -43.8779 45.1104 13.6
      vertex -42.0351 43.1444 13.6
      vertex -43.3279 45.5402 13.6
    endloop
  endfacet
  facet normal 0 0 1
    outer loop
      vertex -42.0351 43.1444 13.6
      vertex -43.8779 45.1104 13.6
      vertex -42.5019 42.7241 13.6
    endloop
  endfacet
  facet normal -0 0 1
    outer loop
      vertex -44.3966 44.6434 13.6
      vertex -42.5019 42.7241 13.6
      vertex -43.8779 45.1104 13.6
    endloop
  endfacet
  facet normal -0 0 1
    outer loop
      vertex -44.8814 44.1413 13.6
      vertex -42.5019 42.7241 13.6
      vertex -44.3966 44.6434 13.6
    endloop
  endfacet
  facet normal 0 0 1
    outer loop
      vertex -42.5019 42.7241 13.6
      vertex -44.8814 44.1413 13.6
      vertex -42.9383 42.2722 13.6
    endloop
  endfacet
  facet normal -0 0 1
    outer loop
      vertex -45.3301 43.6066 13.6
      vertex -42.9383 42.2722 13.6
      vertex -44.8814 44.1413 13.6
    endloop
  endfacet
  facet normal 0 0 1
    outer loop
      vertex -42.9383 42.2722 13.6
      vertex -45.3301 43.6066 13.6
      vertex -43.3421 41.791 13.6
    endloop
  endfacet
  facet normal -0 0 1
    outer loop
      vertex -45.7404 43.0419 13.6
      vertex -43.3421 41.791 13.6
      vertex -45.3301 43.6066 13.6
    endloop
  endfacet
  facet normal 0 0 1
    outer loop
      vertex -43.3421 41.791 13.6
      vertex -45.7404 43.0419 13.6
      vertex -43.7113 41.2827 13.6
    endloop
  endfacet
  facet normal -0 0 1
    outer loop
      vertex -46.1102 42.45 13.6
      vertex -43.7113 41.2827 13.6
      vertex -45.7404 43.0419 13.6
    endloop
  endfacet
  facet normal 0 0 1
    outer loop
      vertex -43.7113 41.2827 13.6
      vertex -46.1102 42.45 13.6
      vertex -44.0442 40.75 13.6
    endloop
  endfacet
  facet normal -0 0 1
    outer loop
      vertex -46.4379 41.8337 13.6
      vertex -44.0442 40.75 13.6
      vertex -46.1102 42.45 13.6
    endloop
  endfacet
  facet normal 0 0 1
    outer loop
      vertex -44.0442 40.75 13.6
      vertex -46.4379 41.8337 13.6
      vertex -44.3391 40.1953 13.6
    endloop
  endfacet
  facet normal -0 0 1
    outer loop
      vertex -46.7218 41.1961 13.6
      vertex -44.3391 40.1953 13.6
      vertex -46.4379 41.8337 13.6
    endloop
  endfacet
  facet normal 0 0 1
    outer loop
      vertex -44.3391 40.1953 13.6
      vertex -46.7218 41.1961 13.6
      vertex -44.5947 39.6215 13.6
    endloop
  endfacet
  facet normal 0 0 1
    outer loop
      vertex -44.5947 39.6215 13.6
      vertex -47.153 39.8692 13.6
      vertex -44.8095 39.0312 13.6
    endloop
  endfacet
  facet normal -0 0 1
    outer loop
      vertex -47.153 39.8692 13.6
      vertex -44.5947 39.6215 13.6
      vertex -46.9606 40.5402 13.6
    endloop
  endfacet
  facet normal -0 0 1
    outer loop
      vertex -46.9606 40.5402 13.6
      vertex -44.5947 39.6215 13.6
      vertex -46.7218 41.1961 13.6
    endloop
  endfacet
  facet normal -0 0 1
    outer loop
      vertex 44.5947 -39.6215 13.6
      vertex 47.153 -39.8692 13.6
      vertex 44.8095 -39.0312 13.6
    endloop
  endfacet
  facet normal 0 0 1
    outer loop
      vertex 47.153 -39.8692 13.6
      vertex 44.5947 -39.6215 13.6
      vertex 46.9606 -40.5402 13.6
    endloop
  endfacet
  facet normal 0 0 1
    outer loop
      vertex 46.9606 -40.5402 13.6
      vertex 44.5947 -39.6215 13.6
      vertex 46.7218 -41.1961 13.6
    endloop
  endfacet
  facet normal -0 0 1
    outer loop
      vertex 44.3391 -40.1953 13.6
      vertex 46.7218 -41.1961 13.6
      vertex 44.5947 -39.6215 13.6
    endloop
  endfacet
  facet normal 0 0 1
    outer loop
      vertex 46.7218 -41.1961 13.6
      vertex 44.3391 -40.1953 13.6
      vertex 46.4379 -41.8337 13.6
    endloop
  endfacet
  facet normal -0 0 1
    outer loop
      vertex 44.0442 -40.75 13.6
      vertex 46.4379 -41.8337 13.6
      vertex 44.3391 -40.1953 13.6
    endloop
  endfacet
  facet normal 0 0 1
    outer loop
      vertex 46.4379 -41.8337 13.6
      vertex 44.0442 -40.75 13.6
      vertex 46.1102 -42.45 13.6
    endloop
  endfacet
  facet normal -0 0 1
    outer loop
      vertex 43.7113 -41.2827 13.6
      vertex 46.1102 -42.45 13.6
      vertex 44.0442 -40.75 13.6
    endloop
  endfacet
  facet normal 0 0 1
    outer loop
      vertex 46.1102 -42.45 13.6
      vertex 43.7113 -41.2827 13.6
      vertex 45.7404 -43.0419 13.6
    endloop
  endfacet
  facet normal -0 0 1
    outer loop
      vertex 43.3421 -41.791 13.6
      vertex 45.7404 -43.0419 13.6
      vertex 43.7113 -41.2827 13.6
    endloop
  endfacet
  facet normal 0 0 1
    outer loop
      vertex 45.7404 -43.0419 13.6
      vertex 43.3421 -41.791 13.6
      vertex 45.3301 -43.6066 13.6
    endloop
  endfacet
  facet normal -0 0 1
    outer loop
      vertex 42.9383 -42.2722 13.6
      vertex 45.3301 -43.6066 13.6
      vertex 43.3421 -41.791 13.6
    endloop
  endfacet
  facet normal 0 0 1
    outer loop
      vertex 45.3301 -43.6066 13.6
      vertex 42.9383 -42.2722 13.6
      vertex 44.8814 -44.1413 13.6
    endloop
  endfacet
  facet normal -0 0 1
    outer loop
      vertex 42.5019 -42.7241 13.6
      vertex 44.8814 -44.1413 13.6
      vertex 42.9383 -42.2722 13.6
    endloop
  endfacet
  facet normal 0 0 1
    outer loop
      vertex 44.8814 -44.1413 13.6
      vertex 42.5019 -42.7241 13.6
      vertex 44.3966 -44.6434 13.6
    endloop
  endfacet
  facet normal 0 0 1
    outer loop
      vertex 44.3966 -44.6434 13.6
      vertex 42.5019 -42.7241 13.6
      vertex 43.8779 -45.1104 13.6
    endloop
  endfacet
  facet normal -0 0 1
    outer loop
      vertex 42.0351 -43.1444 13.6
      vertex 43.8779 -45.1104 13.6
      vertex 42.5019 -42.7241 13.6
    endloop
  endfacet
  facet normal 0 0 1
    outer loop
      vertex 43.8779 -45.1104 13.6
      vertex 42.0351 -43.1444 13.6
      vertex 43.3279 -45.5402 13.6
    endloop
  endfacet
  facet normal -0 0 1
    outer loop
      vertex 41.5401 -43.5312 13.6
      vertex 43.3279 -45.5402 13.6
      vertex 42.0351 -43.1444 13.6
    endloop
  endfacet
  facet normal 0 0 1
    outer loop
      vertex 43.3279 -45.5402 13.6
      vertex 41.5401 -43.5312 13.6
      vertex 42.7492 -45.9305 13.6
    endloop
  endfacet
  facet normal -0 0 1
    outer loop
      vertex 41.0193 -43.8824 13.6
      vertex 42.7492 -45.9305 13.6
      vertex 41.5401 -43.5312 13.6
    endloop
  endfacet
  facet normal 0 0 1
    outer loop
      vertex 42.7492 -45.9305 13.6
      vertex 41.0193 -43.8824 13.6
      vertex 42.1447 -46.2795 13.6
    endloop
  endfacet
  facet normal -0 0 1
    outer loop
      vertex 40.4753 -44.1965 13.6
      vertex 42.1447 -46.2795 13.6
      vertex 41.0193 -43.8824 13.6
    endloop
  endfacet
  facet normal 0 0 1
    outer loop
      vertex 42.1447 -46.2795 13.6
      vertex 40.4753 -44.1965 13.6
      vertex 41.5174 -46.5854 13.6
    endloop
  endfacet
  facet normal -0 0 1
    outer loop
      vertex 39.9106 -44.4719 13.6
      vertex 41.5174 -46.5854 13.6
      vertex 40.4753 -44.1965 13.6
    endloop
  endfacet
  facet normal 0 0 1
    outer loop
      vertex 41.5174 -46.5854 13.6
      vertex 39.9106 -44.4719 13.6
      vertex 40.8702 -46.8469 13.6
    endloop
  endfacet
  facet normal 0 0 1
    outer loop
      vertex 40.8702 -46.8469 13.6
      vertex 39.9106 -44.4719 13.6
      vertex 40.2064 -47.0626 13.6
    endloop
  endfacet
  facet normal -0 0 1
    outer loop
      vertex 39.3282 -44.7072 13.6
      vertex 40.2064 -47.0626 13.6
      vertex 39.9106 -44.4719 13.6
    endloop
  endfacet
  facet normal 0 0 1
    outer loop
      vertex 40.2064 -47.0626 13.6
      vertex 39.3282 -44.7072 13.6
      vertex 39.5291 -47.2315 13.6
    endloop
  endfacet
  facet normal -0 0 1
    outer loop
      vertex 38.7307 -44.9014 13.6
      vertex 39.5291 -47.2315 13.6
      vertex 39.3282 -44.7072 13.6
    endloop
  endfacet
  facet normal 0 0 1
    outer loop
      vertex 39.5291 -47.2315 13.6
      vertex 38.7307 -44.9014 13.6
      vertex 38.8417 -47.3527 13.6
    endloop
  endfacet
  facet normal -0 0 1
    outer loop
      vertex 38.1212 -45.0533 13.6
      vertex 38.8417 -47.3527 13.6
      vertex 38.7307 -44.9014 13.6
    endloop
  endfacet
  facet normal 0 0 1
    outer loop
      vertex 38.8417 -47.3527 13.6
      vertex 38.1212 -45.0533 13.6
      vertex 38.1476 -47.4256 13.6
    endloop
  endfacet
  facet normal -0 0 1
    outer loop
      vertex 37.5026 -45.1624 13.6
      vertex 38.1476 -47.4256 13.6
      vertex 38.1212 -45.0533 13.6
    endloop
  endfacet
  facet normal 0 0 1
    outer loop
      vertex 37.5026 -45.1624 13.6
      vertex 37.45 -47.45 13.6
      vertex 38.1476 -47.4256 13.6
    endloop
  endfacet
  facet normal -0 0 1
    outer loop
      vertex 36.8778 -45.2281 13.6
      vertex 37.45 -47.45 13.6
      vertex 37.5026 -45.1624 13.6
    endloop
  endfacet
  facet normal -0 0 1
    outer loop
      vertex 36.25 -45.25 13.6
      vertex 37.45 -47.45 13.6
      vertex 36.8778 -45.2281 13.6
    endloop
  endfacet
  facet normal -0 0 1
    outer loop
      vertex -36.25 -45.25 13.6
      vertex 37.45 -47.45 13.6
      vertex 36.25 -45.25 13.6
    endloop
  endfacet
  facet normal 0 0 1
    outer loop
      vertex -37.45 -47.45 13.6
      vertex -36.25 -45.25 13.6
      vertex -36.5641 -45.2445 13.6
    endloop
  endfacet
  facet normal 0 0 1
    outer loop
      vertex -36.25 -45.25 13.6
      vertex -37.45 -47.45 13.6
      vertex 37.45 -47.45 13.6
    endloop
  endfacet
  facet normal 0 0 1
    outer loop
      vertex -37.1908 -45.2007 13.6
      vertex -37.45 -47.45 13.6
      vertex -36.5641 -45.2445 13.6
    endloop
  endfacet
  facet normal 0 0 1
    outer loop
      vertex -37.1908 -45.2007 13.6
      vertex -37.799 -47.4439 13.6
      vertex -37.45 -47.45 13.6
    endloop
  endfacet
  facet normal 0 0 1
    outer loop
      vertex -37.8128 -45.1133 13.6
      vertex -37.799 -47.4439 13.6
      vertex -37.1908 -45.2007 13.6
    endloop
  endfacet
  facet normal 0 0 1
    outer loop
      vertex -38.4953 -47.3952 13.6
      vertex -37.8128 -45.1133 13.6
      vertex -38.4273 -44.9827 13.6
    endloop
  endfacet
  facet normal 0 0 1
    outer loop
      vertex -37.8128 -45.1133 13.6
      vertex -38.4953 -47.3952 13.6
      vertex -37.799 -47.4439 13.6
    endloop
  endfacet
  facet normal 0 0 1
    outer loop
      vertex -39.1865 -47.2981 13.6
      vertex -38.4273 -44.9827 13.6
      vertex -39.0312 -44.8095 13.6
    endloop
  endfacet
  facet normal 0 0 1
    outer loop
      vertex -38.4273 -44.9827 13.6
      vertex -39.1865 -47.2981 13.6
      vertex -38.4953 -47.3952 13.6
    endloop
  endfacet
  facet normal 0 0 1
    outer loop
      vertex -39.8692 -47.153 13.6
      vertex -39.0312 -44.8095 13.6
      vertex -39.6215 -44.5947 13.6
    endloop
  endfacet
  facet normal 0 0 1
    outer loop
      vertex -39.0312 -44.8095 13.6
      vertex -39.8692 -47.153 13.6
      vertex -39.1865 -47.2981 13.6
    endloop
  endfacet
  facet normal 0 0 1
    outer loop
      vertex -40.5402 -46.9606 13.6
      vertex -39.6215 -44.5947 13.6
      vertex -40.1953 -44.3391 13.6
    endloop
  endfacet
  facet normal 0 0 1
    outer loop
      vertex -39.6215 -44.5947 13.6
      vertex -40.5402 -46.9606 13.6
      vertex -39.8692 -47.153 13.6
    endloop
  endfacet
  facet normal 0 0 1
    outer loop
      vertex -41.8337 -46.4379 13.6
      vertex -40.1953 -44.3391 13.6
      vertex -40.75 -44.0442 13.6
    endloop
  endfacet
  facet normal 0 0 1
    outer loop
      vertex -40.1953 -44.3391 13.6
      vertex -41.1961 -46.7218 13.6
      vertex -40.5402 -46.9606 13.6
    endloop
  endfacet
  facet normal 0 0 1
    outer loop
      vertex -42.45 -46.1102 13.6
      vertex -40.75 -44.0442 13.6
      vertex -41.2827 -43.7113 13.6
    endloop
  endfacet
  facet normal 0 0 1
    outer loop
      vertex -43.0419 -45.7404 13.6
      vertex -41.2827 -43.7113 13.6
      vertex -41.791 -43.3421 13.6
    endloop
  endfacet
  facet normal 0 0 1
    outer loop
      vertex -40.1953 -44.3391 13.6
      vertex -41.8337 -46.4379 13.6
      vertex -41.1961 -46.7218 13.6
    endloop
  endfacet
  facet normal 0 0 1
    outer loop
      vertex -43.6066 -45.3301 13.6
      vertex -41.791 -43.3421 13.6
      vertex -42.2722 -42.9383 13.6
    endloop
  endfacet
  facet normal 0 0 1
    outer loop
      vertex -40.75 -44.0442 13.6
      vertex -42.45 -46.1102 13.6
      vertex -41.8337 -46.4379 13.6
    endloop
  endfacet
  facet normal 0 0 1
    outer loop
      vertex -44.1413 -44.8814 13.6
      vertex -42.2722 -42.9383 13.6
      vertex -42.7241 -42.5019 13.6
    endloop
  endfacet
  facet normal 0 0 1
    outer loop
      vertex -41.2827 -43.7113 13.6
      vertex -43.0419 -45.7404 13.6
      vertex -42.45 -46.1102 13.6
    endloop
  endfacet
  facet normal 0 0 1
    outer loop
      vertex -45.1104 -43.8779 13.6
      vertex -42.7241 -42.5019 13.6
      vertex -43.1444 -42.0351 13.6
    endloop
  endfacet
  facet normal 0 0 1
    outer loop
      vertex -45.5402 -43.3279 13.6
      vertex -43.1444 -42.0351 13.6
      vertex -43.5312 -41.5401 13.6
    endloop
  endfacet
  facet normal 0 0 1
    outer loop
      vertex -41.791 -43.3421 13.6
      vertex -43.6066 -45.3301 13.6
      vertex -43.0419 -45.7404 13.6
    endloop
  endfacet
  facet normal 0 0 1
    outer loop
      vertex -45.9305 -42.7492 13.6
      vertex -43.5312 -41.5401 13.6
      vertex -43.8824 -41.0193 13.6
    endloop
  endfacet
  facet normal 0 0 1
    outer loop
      vertex -42.2722 -42.9383 13.6
      vertex -44.1413 -44.8814 13.6
      vertex -43.6066 -45.3301 13.6
    endloop
  endfacet
  facet normal 0 0 1
    outer loop
      vertex -46.2795 -42.1447 13.6
      vertex -43.8824 -41.0193 13.6
      vertex -44.1965 -40.4753 13.6
    endloop
  endfacet
  facet normal 0 0 1
    outer loop
      vertex -46.5854 -41.5174 13.6
      vertex -44.1965 -40.4753 13.6
      vertex -44.4719 -39.9106 13.6
    endloop
  endfacet
  facet normal 0 0 1
    outer loop
      vertex -42.7241 -42.5019 13.6
      vertex -44.6434 -44.3966 13.6
      vertex -44.1413 -44.8814 13.6
    endloop
  endfacet
  facet normal 0 0 1
    outer loop
      vertex -47.0626 -40.2064 13.6
      vertex -44.4719 -39.9106 13.6
      vertex -44.7072 -39.3282 13.6
    endloop
  endfacet
  facet normal 0 0 1
    outer loop
      vertex -47.2315 -39.5291 13.6
      vertex -44.7072 -39.3282 13.6
      vertex -44.9014 -38.7307 13.6
    endloop
  endfacet
  facet normal 0 0 1
    outer loop
      vertex -47.3527 -38.8417 13.6
      vertex -44.9014 -38.7307 13.6
      vertex -45.0533 -38.1212 13.6
    endloop
  endfacet
  facet normal 0 0 1
    outer loop
      vertex -42.7241 -42.5019 13.6
      vertex -45.1104 -43.8779 13.6
      vertex -44.6434 -44.3966 13.6
    endloop
  endfacet
  facet normal 0 0 1
    outer loop
      vertex -47.4256 -38.1476 13.6
      vertex -45.0533 -38.1212 13.6
      vertex -45.1624 -37.5026 13.6
    endloop
  endfacet
  facet normal -0 0 1
    outer loop
      vertex -47.45 -37.45 13.6
      vertex -45.1624 -37.5026 13.6
      vertex -45.2281 -36.8778 13.6
    endloop
  endfacet
  facet normal 0 0 1
    outer loop
      vertex -47.45 -37.45 13.6
      vertex -45.2281 -36.8778 13.6
      vertex -45.25 -36.25 13.6
    endloop
  endfacet
  facet normal 0 0 1
    outer loop
      vertex -43.1444 -42.0351 13.6
      vertex -45.5402 -43.3279 13.6
      vertex -45.1104 -43.8779 13.6
    endloop
  endfacet
  facet normal 0 0 1
    outer loop
      vertex -45.25 36.25 13.6
      vertex -47.45 37.45 13.6
      vertex -45.25 -36.25 13.6
    endloop
  endfacet
  facet normal -0 0 1
    outer loop
      vertex -47.2981 39.1865 13.6
      vertex -44.8095 39.0312 13.6
      vertex -47.153 39.8692 13.6
    endloop
  endfacet
  facet normal 0 0 1
    outer loop
      vertex -45.25 -36.25 13.6
      vertex -47.45 37.45 13.6
      vertex -47.45 -37.45 13.6
    endloop
  endfacet
  facet normal 0 0 1
    outer loop
      vertex -44.8095 39.0312 13.6
      vertex -47.2981 39.1865 13.6
      vertex -44.9827 38.4273 13.6
    endloop
  endfacet
  facet normal 0 0 1
    outer loop
      vertex -45.1624 -37.5026 13.6
      vertex -47.45 -37.45 13.6
      vertex -47.4256 -38.1476 13.6
    endloop
  endfacet
  facet normal -0 0 1
    outer loop
      vertex -47.3952 38.4953 13.6
      vertex -44.9827 38.4273 13.6
      vertex -47.2981 39.1865 13.6
    endloop
  endfacet
  facet normal 0 0 1
    outer loop
      vertex -43.5312 -41.5401 13.6
      vertex -45.9305 -42.7492 13.6
      vertex -45.5402 -43.3279 13.6
    endloop
  endfacet
  facet normal 0 0 1
    outer loop
      vertex -44.9827 38.4273 13.6
      vertex -47.3952 38.4953 13.6
      vertex -45.1133 37.8128 13.6
    endloop
  endfacet
  facet normal 0 0 1
    outer loop
      vertex -43.8824 -41.0193 13.6
      vertex -46.2795 -42.1447 13.6
      vertex -45.9305 -42.7492 13.6
    endloop
  endfacet
  facet normal 0 0 1
    outer loop
      vertex -47.4439 37.799 13.6
      vertex -45.1133 37.8128 13.6
      vertex -47.3952 38.4953 13.6
    endloop
  endfacet
  facet normal 0 0 1
    outer loop
      vertex -44.1965 -40.4753 13.6
      vertex -46.5854 -41.5174 13.6
      vertex -46.2795 -42.1447 13.6
    endloop
  endfacet
  facet normal 0 0 1
    outer loop
      vertex -45.1133 37.8128 13.6
      vertex -47.4439 37.799 13.6
      vertex -45.2007 37.1908 13.6
    endloop
  endfacet
  facet normal 0 0 1
    outer loop
      vertex -44.4719 -39.9106 13.6
      vertex -46.8469 -40.8702 13.6
      vertex -46.5854 -41.5174 13.6
    endloop
  endfacet
  facet normal -0 0 1
    outer loop
      vertex -47.45 37.45 13.6
      vertex -45.2007 37.1908 13.6
      vertex -47.4439 37.799 13.6
    endloop
  endfacet
  facet normal 0 0 1
    outer loop
      vertex -44.4719 -39.9106 13.6
      vertex -47.0626 -40.2064 13.6
      vertex -46.8469 -40.8702 13.6
    endloop
  endfacet
  facet normal 0 0 1
    outer loop
      vertex -45.2007 37.1908 13.6
      vertex -47.45 37.45 13.6
      vertex -45.2445 36.5641 13.6
    endloop
  endfacet
  facet normal 0 0 1
    outer loop
      vertex -44.7072 -39.3282 13.6
      vertex -47.2315 -39.5291 13.6
      vertex -47.0626 -40.2064 13.6
    endloop
  endfacet
  facet normal 0 0 1
    outer loop
      vertex -45.2445 36.5641 13.6
      vertex -47.45 37.45 13.6
      vertex -45.25 36.25 13.6
    endloop
  endfacet
  facet normal 0 0 1
    outer loop
      vertex -44.9014 -38.7307 13.6
      vertex -47.3527 -38.8417 13.6
      vertex -47.2315 -39.5291 13.6
    endloop
  endfacet
  facet normal 0 0 1
    outer loop
      vertex -45.0533 -38.1212 13.6
      vertex -47.4256 -38.1476 13.6
      vertex -47.3527 -38.8417 13.6
    endloop
  endfacet
  facet normal -0.829063 -0.559155 0
    outer loop
      vertex -45.5402 -43.3279 0
      vertex -45.9305 -42.7492 13.6
      vertex -45.9305 -42.7492 0
    endloop
  endfacet
  facet normal -0.829063 -0.559155 0
    outer loop
      vertex -45.9305 -42.7492 13.6
      vertex -45.5402 -43.3279 0
      vertex -45.5402 -43.3279 13.6
    endloop
  endfacet
  facet normal -0.642816 -0.766021 0
    outer loop
      vertex -44.1413 -44.8814 0
      vertex -43.6066 -45.3301 13.6
      vertex -44.1413 -44.8814 13.6
    endloop
  endfacet
  facet normal -0.642816 -0.766021 -0
    outer loop
      vertex -43.6066 -45.3301 13.6
      vertex -44.1413 -44.8814 0
      vertex -43.6066 -45.3301 0
    endloop
  endfacet
  facet normal 0 -1 0
    outer loop
      vertex -37.45 -47.45 0
      vertex 37.45 -47.45 13.6
      vertex -37.45 -47.45 13.6
    endloop
  endfacet
  facet normal 0 -1 -0
    outer loop
      vertex 37.45 -47.45 13.6
      vertex -37.45 -47.45 0
      vertex 37.45 -47.45 0
    endloop
  endfacet
  facet normal 0.0174758 0.999847 -0
    outer loop
      vertex 37.799 47.4439 0
      vertex 37.45 47.45 13.6
      vertex 37.799 47.4439 13.6
    endloop
  endfacet
  facet normal 0.0174758 0.999847 0
    outer loop
      vertex 37.45 47.45 13.6
      vertex 37.799 47.4439 0
      vertex 37.45 47.45 0
    endloop
  endfacet
  facet normal 0.999847 -0.0174758 0
    outer loop
      vertex 47.4439 -37.799 13.6
      vertex 47.45 -37.45 0
      vertex 47.45 -37.45 13.6
    endloop
  endfacet
  facet normal 0.999847 -0.0174758 0
    outer loop
      vertex 47.45 -37.45 0
      vertex 47.4439 -37.799 13.6
      vertex 47.4439 -37.799 0
    endloop
  endfacet
  facet normal 0.406763 0.913534 -0
    outer loop
      vertex 41.8337 46.4379 0
      vertex 41.1961 46.7218 13.6
      vertex 41.8337 46.4379 13.6
    endloop
  endfacet
  facet normal 0.406763 0.913534 0
    outer loop
      vertex 41.1961 46.7218 13.6
      vertex 41.8337 46.4379 0
      vertex 41.1961 46.7218 0
    endloop
  endfacet
  facet normal -0.990276 0.139114 0
    outer loop
      vertex -47.3952 38.4953 0
      vertex -47.2981 39.1865 13.6
      vertex -47.2981 39.1865 0
    endloop
  endfacet
  facet normal -0.990276 0.139114 0
    outer loop
      vertex -47.2981 39.1865 13.6
      vertex -47.3952 38.4953 0
      vertex -47.3952 38.4953 13.6
    endloop
  endfacet
  facet normal -0.207895 -0.978151 0
    outer loop
      vertex -39.8692 -47.153 0
      vertex -39.1865 -47.2981 13.6
      vertex -39.8692 -47.153 13.6
    endloop
  endfacet
  facet normal -0.207895 -0.978151 -0
    outer loop
      vertex -39.1865 -47.2981 13.6
      vertex -39.8692 -47.153 0
      vertex -39.1865 -47.2981 0
    endloop
  endfacet
  facet normal -0.406763 -0.913534 0
    outer loop
      vertex -41.8337 -46.4379 0
      vertex -41.1961 -46.7218 13.6
      vertex -41.8337 -46.4379 13.6
    endloop
  endfacet
  facet normal -0.406763 -0.913534 -0
    outer loop
      vertex -41.1961 -46.7218 13.6
      vertex -41.8337 -46.4379 0
      vertex -41.1961 -46.7218 0
    endloop
  endfacet
  facet normal -0.587805 -0.809002 0
    outer loop
      vertex -43.6066 -45.3301 0
      vertex -43.0419 -45.7404 13.6
      vertex -43.6066 -45.3301 13.6
    endloop
  endfacet
  facet normal -0.587805 -0.809002 -0
    outer loop
      vertex -43.0419 -45.7404 13.6
      vertex -43.6066 -45.3301 0
      vertex -43.0419 -45.7404 0
    endloop
  endfacet
  facet normal -0.529857 -0.848087 0
    outer loop
      vertex -43.0419 -45.7404 0
      vertex -42.45 -46.1102 13.6
      vertex -43.0419 -45.7404 13.6
    endloop
  endfacet
  facet normal -0.529857 -0.848087 -0
    outer loop
      vertex -42.45 -46.1102 13.6
      vertex -43.0419 -45.7404 0
      vertex -42.45 -46.1102 0
    endloop
  endfacet
  facet normal 0.438308 -0.898825 0
    outer loop
      vertex 41.5174 -46.5854 0
      vertex 42.1447 -46.2795 13.6
      vertex 41.5174 -46.5854 13.6
    endloop
  endfacet
  facet normal 0.438308 -0.898825 0
    outer loop
      vertex 42.1447 -46.2795 13.6
      vertex 41.5174 -46.5854 0
      vertex 42.1447 -46.2795 0
    endloop
  endfacet
  facet normal 0.997563 -0.0697707 0
    outer loop
      vertex 47.3952 -38.4953 13.6
      vertex 47.4439 -37.799 0
      vertex 47.4439 -37.799 13.6
    endloop
  endfacet
  facet normal 0.997563 -0.0697707 0
    outer loop
      vertex 47.4439 -37.799 0
      vertex 47.3952 -38.4953 13.6
      vertex 47.3952 -38.4953 0
    endloop
  endfacet
  facet normal 0.719392 -0.694605 0
    outer loop
      vertex 44.3966 -44.6434 13.6
      vertex 44.8814 -44.1413 0
      vertex 44.8814 -44.1413 13.6
    endloop
  endfacet
  facet normal 0.719392 -0.694605 0
    outer loop
      vertex 44.8814 -44.1413 0
      vertex 44.3966 -44.6434 13.6
      vertex 44.3966 -44.6434 0
    endloop
  endfacet
  facet normal 0.46948 0.882943 -0
    outer loop
      vertex 42.45 46.1102 0
      vertex 41.8337 46.4379 13.6
      vertex 42.45 46.1102 13.6
    endloop
  endfacet
  facet normal 0.46948 0.882943 0
    outer loop
      vertex 41.8337 46.4379 13.6
      vertex 42.45 46.1102 0
      vertex 41.8337 46.4379 0
    endloop
  endfacet
  facet normal 0.275629 0.961264 -0
    outer loop
      vertex 40.5402 46.9606 0
      vertex 39.8692 47.153 13.6
      vertex 40.5402 46.9606 13.6
    endloop
  endfacet
  facet normal 0.275629 0.961264 0
    outer loop
      vertex 39.8692 47.153 13.6
      vertex 40.5402 46.9606 0
      vertex 39.8692 47.153 0
    endloop
  endfacet
  facet normal -0.499991 0.866031 0
    outer loop
      vertex -42.1447 46.2795 0
      vertex -42.7492 45.9305 13.6
      vertex -42.1447 46.2795 13.6
    endloop
  endfacet
  facet normal -0.499991 0.866031 0
    outer loop
      vertex -42.7492 45.9305 13.6
      vertex -42.1447 46.2795 0
      vertex -42.7492 45.9305 0
    endloop
  endfacet
  facet normal -0.669099 0.743173 0
    outer loop
      vertex -43.8779 45.1104 0
      vertex -44.3966 44.6434 13.6
      vertex -43.8779 45.1104 13.6
    endloop
  endfacet
  facet normal -0.669099 0.743173 0
    outer loop
      vertex -44.3966 44.6434 13.6
      vertex -43.8779 45.1104 0
      vertex -44.3966 44.6434 0
    endloop
  endfacet
  facet normal -0.882943 0.46948 0
    outer loop
      vertex -46.4379 41.8337 0
      vertex -46.1102 42.45 13.6
      vertex -46.1102 42.45 0
    endloop
  endfacet
  facet normal -0.882943 0.46948 0
    outer loop
      vertex -46.1102 42.45 13.6
      vertex -46.4379 41.8337 0
      vertex -46.4379 41.8337 13.6
    endloop
  endfacet
  facet normal -1 0 0
    outer loop
      vertex -47.45 -14 0
      vertex -47.45 -37.45 0
      vertex -47.45 -14 5.6
    endloop
  endfacet
  facet normal -1 0 0
    outer loop
      vertex -47.45 14 5.6
      vertex -47.45 37.45 0
      vertex -47.45 14 0
    endloop
  endfacet
  facet normal -1 0 0
    outer loop
      vertex -47.45 37.45 0
      vertex -47.45 14 5.6
      vertex -47.45 37.45 13.6
    endloop
  endfacet
  facet normal -1 0 0
    outer loop
      vertex -47.45 -14 5.6
      vertex -47.45 37.45 13.6
      vertex -47.45 14 5.6
    endloop
  endfacet
  facet normal -1 0 0
    outer loop
      vertex -47.45 -14 5.6
      vertex -47.45 -37.45 13.6
      vertex -47.45 37.45 13.6
    endloop
  endfacet
  facet normal -1 0 0
    outer loop
      vertex -47.45 -37.45 13.6
      vertex -47.45 -14 5.6
      vertex -47.45 -37.45 0
    endloop
  endfacet
  facet normal -0.999389 -0.0349557 0
    outer loop
      vertex -47.4256 -38.1476 0
      vertex -47.45 -37.45 13.6
      vertex -47.45 -37.45 0
    endloop
  endfacet
  facet normal -0.999389 -0.0349557 0
    outer loop
      vertex -47.45 -37.45 13.6
      vertex -47.4256 -38.1476 0
      vertex -47.4256 -38.1476 13.6
    endloop
  endfacet
  facet normal -0.139114 -0.990276 0
    outer loop
      vertex -39.1865 -47.2981 0
      vertex -38.4953 -47.3952 13.6
      vertex -39.1865 -47.2981 13.6
    endloop
  endfacet
  facet normal -0.139114 -0.990276 -0
    outer loop
      vertex -38.4953 -47.3952 13.6
      vertex -39.1865 -47.2981 0
      vertex -38.4953 -47.3952 0
    endloop
  endfacet
  facet normal -0.342111 -0.93966 0
    outer loop
      vertex -41.1961 -46.7218 0
      vertex -40.5402 -46.9606 13.6
      vertex -41.1961 -46.7218 13.6
    endloop
  endfacet
  facet normal -0.342111 -0.93966 -0
    outer loop
      vertex -40.5402 -46.9606 13.6
      vertex -41.1961 -46.7218 0
      vertex -40.5402 -46.9606 0
    endloop
  endfacet
  facet normal -0.743173 -0.669099 0
    outer loop
      vertex -44.6434 -44.3966 0
      vertex -45.1104 -43.8779 13.6
      vertex -45.1104 -43.8779 0
    endloop
  endfacet
  facet normal -0.743173 -0.669099 0
    outer loop
      vertex -45.1104 -43.8779 13.6
      vertex -44.6434 -44.3966 0
      vertex -44.6434 -44.3966 13.6
    endloop
  endfacet
  facet normal 0.913534 -0.406763 0
    outer loop
      vertex 46.4379 -41.8337 13.6
      vertex 46.7218 -41.1961 0
      vertex 46.7218 -41.1961 13.6
    endloop
  endfacet
  facet normal 0.913534 -0.406763 0
    outer loop
      vertex 46.7218 -41.1961 0
      vertex 46.4379 -41.8337 13.6
      vertex 46.4379 -41.8337 0
    endloop
  endfacet
  facet normal 0.669099 -0.743173 0
    outer loop
      vertex 43.8779 -45.1104 0
      vertex 44.3966 -44.6434 13.6
      vertex 43.8779 -45.1104 13.6
    endloop
  endfacet
  facet normal 0.669099 -0.743173 0
    outer loop
      vertex 44.3966 -44.6434 13.6
      vertex 43.8779 -45.1104 0
      vertex 44.3966 -44.6434 0
    endloop
  endfacet
  facet normal 1 0 0
    outer loop
      vertex 47.45 37.45 13.6
      vertex 47.45 14 5.6
      vertex 47.45 37.45 0
    endloop
  endfacet
  facet normal 1 0 0
    outer loop
      vertex 47.45 37.45 13.6
      vertex 47.45 -14 5.6
      vertex 47.45 14 5.6
    endloop
  endfacet
  facet normal 1 -0 0
    outer loop
      vertex 47.45 -37.45 13.6
      vertex 47.45 -14 5.6
      vertex 47.45 37.45 13.6
    endloop
  endfacet
  facet normal 1 0 0
    outer loop
      vertex 47.45 -37.45 0
      vertex 47.45 -14 5.6
      vertex 47.45 -37.45 13.6
    endloop
  endfacet
  facet normal 1 0 0
    outer loop
      vertex 47.45 -14 5.6
      vertex 47.45 -37.45 0
      vertex 47.45 -14 0
    endloop
  endfacet
  facet normal 1 0 0
    outer loop
      vertex 47.45 37.45 0
      vertex 47.45 14 5.6
      vertex 47.45 14 0
    endloop
  endfacet
  facet normal 0.642816 0.766021 -0
    outer loop
      vertex 44.1413 44.8814 0
      vertex 43.6066 45.3301 13.6
      vertex 44.1413 44.8814 13.6
    endloop
  endfacet
  facet normal 0.642816 0.766021 0
    outer loop
      vertex 43.6066 45.3301 13.6
      vertex 44.1413 44.8814 0
      vertex 43.6066 45.3301 0
    endloop
  endfacet
  facet normal 0.743173 0.669099 0
    outer loop
      vertex 45.1104 43.8779 13.6
      vertex 44.6434 44.3966 0
      vertex 44.6434 44.3966 13.6
    endloop
  endfacet
  facet normal 0.743173 0.669099 0
    outer loop
      vertex 44.6434 44.3966 0
      vertex 45.1104 43.8779 13.6
      vertex 45.1104 43.8779 0
    endloop
  endfacet
  facet normal 0.587805 0.809002 -0
    outer loop
      vertex 43.6066 45.3301 0
      vertex 43.0419 45.7404 13.6
      vertex 43.6066 45.3301 13.6
    endloop
  endfacet
  facet normal 0.587805 0.809002 0
    outer loop
      vertex 43.0419 45.7404 13.6
      vertex 43.6066 45.3301 0
      vertex 43.0419 45.7404 0
    endloop
  endfacet
  facet normal -0.309041 0.951049 0
    outer loop
      vertex -40.2064 47.0626 0
      vertex -40.8702 46.8469 13.6
      vertex -40.2064 47.0626 13.6
    endloop
  endfacet
  facet normal -0.309041 0.951049 0
    outer loop
      vertex -40.8702 46.8469 13.6
      vertex -40.2064 47.0626 0
      vertex -40.8702 46.8469 0
    endloop
  endfacet
  facet normal -0.241963 0.970286 0
    outer loop
      vertex -39.5291 47.2315 0
      vertex -40.2064 47.0626 13.6
      vertex -39.5291 47.2315 13.6
    endloop
  endfacet
  facet normal -0.241963 0.970286 0
    outer loop
      vertex -40.2064 47.0626 13.6
      vertex -39.5291 47.2315 0
      vertex -40.2064 47.0626 0
    endloop
  endfacet
  facet normal -0.615744 0.787946 0
    outer loop
      vertex -43.3279 45.5402 0
      vertex -43.8779 45.1104 13.6
      vertex -43.3279 45.5402 13.6
    endloop
  endfacet
  facet normal -0.615744 0.787946 0
    outer loop
      vertex -43.8779 45.1104 13.6
      vertex -43.3279 45.5402 0
      vertex -43.8779 45.1104 0
    endloop
  endfacet
  facet normal -0.559155 0.829063 0
    outer loop
      vertex -42.7492 45.9305 0
      vertex -43.3279 45.5402 13.6
      vertex -42.7492 45.9305 13.6
    endloop
  endfacet
  facet normal -0.559155 0.829063 0
    outer loop
      vertex -43.3279 45.5402 13.6
      vertex -42.7492 45.9305 0
      vertex -43.3279 45.5402 0
    endloop
  endfacet
  facet normal -0.809002 0.587805 0
    outer loop
      vertex -45.7404 43.0419 0
      vertex -45.3301 43.6066 13.6
      vertex -45.3301 43.6066 0
    endloop
  endfacet
  facet normal -0.809002 0.587805 0
    outer loop
      vertex -45.3301 43.6066 13.6
      vertex -45.7404 43.0419 0
      vertex -45.7404 43.0419 13.6
    endloop
  endfacet
  facet normal -0.766021 0.642816 0
    outer loop
      vertex -45.3301 43.6066 0
      vertex -44.8814 44.1413 13.6
      vertex -44.8814 44.1413 0
    endloop
  endfacet
  facet normal -0.766021 0.642816 0
    outer loop
      vertex -44.8814 44.1413 13.6
      vertex -45.3301 43.6066 0
      vertex -45.3301 43.6066 13.6
    endloop
  endfacet
  facet normal -0.719392 0.694605 0
    outer loop
      vertex -44.8814 44.1413 0
      vertex -44.3966 44.6434 13.6
      vertex -44.3966 44.6434 0
    endloop
  endfacet
  facet normal -0.719392 0.694605 0
    outer loop
      vertex -44.3966 44.6434 13.6
      vertex -44.8814 44.1413 0
      vertex -44.8814 44.1413 13.6
    endloop
  endfacet
  facet normal -0.978151 0.207895 0
    outer loop
      vertex -47.2981 39.1865 0
      vertex -47.153 39.8692 13.6
      vertex -47.153 39.8692 0
    endloop
  endfacet
  facet normal -0.978151 0.207895 0
    outer loop
      vertex -47.153 39.8692 13.6
      vertex -47.2981 39.1865 0
      vertex -47.2981 39.1865 13.6
    endloop
  endfacet
  facet normal -0.961264 0.275629 0
    outer loop
      vertex -47.153 39.8692 0
      vertex -46.9606 40.5402 13.6
      vertex -46.9606 40.5402 0
    endloop
  endfacet
  facet normal -0.961264 0.275629 0
    outer loop
      vertex -46.9606 40.5402 13.6
      vertex -47.153 39.8692 0
      vertex -47.153 39.8692 13.6
    endloop
  endfacet
  facet normal -0.913534 0.406763 0
    outer loop
      vertex -46.7218 41.1961 0
      vertex -46.4379 41.8337 13.6
      vertex -46.4379 41.8337 0
    endloop
  endfacet
  facet normal -0.913534 0.406763 0
    outer loop
      vertex -46.4379 41.8337 13.6
      vertex -46.7218 41.1961 0
      vertex -46.7218 41.1961 13.6
    endloop
  endfacet
  facet normal -0.999847 0.0174758 0
    outer loop
      vertex -47.45 37.45 0
      vertex -47.4439 37.799 13.6
      vertex -47.4439 37.799 0
    endloop
  endfacet
  facet normal -0.999847 0.0174758 0
    outer loop
      vertex -47.4439 37.799 13.6
      vertex -47.45 37.45 0
      vertex -47.45 37.45 13.6
    endloop
  endfacet
  facet normal -0.997563 0.0697707 0
    outer loop
      vertex -47.4439 37.799 0
      vertex -47.3952 38.4953 13.6
      vertex -47.3952 38.4953 0
    endloop
  endfacet
  facet normal -0.997563 0.0697707 0
    outer loop
      vertex -47.3952 38.4953 13.6
      vertex -47.4439 37.799 0
      vertex -47.4439 37.799 13.6
    endloop
  endfacet
  facet normal -0.99453 -0.104454 0
    outer loop
      vertex -47.3527 -38.8417 0
      vertex -47.4256 -38.1476 13.6
      vertex -47.4256 -38.1476 0
    endloop
  endfacet
  facet normal -0.99453 -0.104454 0
    outer loop
      vertex -47.4256 -38.1476 13.6
      vertex -47.3527 -38.8417 0
      vertex -47.3527 -38.8417 13.6
    endloop
  endfacet
  facet normal -0.787946 -0.615744 0
    outer loop
      vertex -45.1104 -43.8779 0
      vertex -45.5402 -43.3279 13.6
      vertex -45.5402 -43.3279 0
    endloop
  endfacet
  facet normal -0.787946 -0.615744 0
    outer loop
      vertex -45.5402 -43.3279 13.6
      vertex -45.1104 -43.8779 0
      vertex -45.1104 -43.8779 13.6
    endloop
  endfacet
  facet normal -0.970286 -0.241963 0
    outer loop
      vertex -47.0626 -40.2064 0
      vertex -47.2315 -39.5291 13.6
      vertex -47.2315 -39.5291 0
    endloop
  endfacet
  facet normal -0.970286 -0.241963 0
    outer loop
      vertex -47.2315 -39.5291 13.6
      vertex -47.0626 -40.2064 0
      vertex -47.0626 -40.2064 13.6
    endloop
  endfacet
  facet normal -0.0697707 -0.997563 0
    outer loop
      vertex -38.4953 -47.3952 0
      vertex -37.799 -47.4439 13.6
      vertex -38.4953 -47.3952 13.6
    endloop
  endfacet
  facet normal -0.0697707 -0.997563 -0
    outer loop
      vertex -37.799 -47.4439 13.6
      vertex -38.4953 -47.3952 0
      vertex -37.799 -47.4439 0
    endloop
  endfacet
  facet normal -0.694605 -0.719392 0
    outer loop
      vertex -44.6434 -44.3966 0
      vertex -44.1413 -44.8814 13.6
      vertex -44.6434 -44.3966 13.6
    endloop
  endfacet
  facet normal -0.694605 -0.719392 -0
    outer loop
      vertex -44.1413 -44.8814 13.6
      vertex -44.6434 -44.3966 0
      vertex -44.1413 -44.8814 0
    endloop
  endfacet
  facet normal 0.978151 -0.207895 0
    outer loop
      vertex 47.153 -39.8692 13.6
      vertex 47.2981 -39.1865 0
      vertex 47.2981 -39.1865 13.6
    endloop
  endfacet
  facet normal 0.978151 -0.207895 0
    outer loop
      vertex 47.2981 -39.1865 0
      vertex 47.153 -39.8692 13.6
      vertex 47.153 -39.8692 0
    endloop
  endfacet
  facet normal 0.374624 -0.927177 0
    outer loop
      vertex 40.8702 -46.8469 0
      vertex 41.5174 -46.5854 13.6
      vertex 40.8702 -46.8469 13.6
    endloop
  endfacet
  facet normal 0.374624 -0.927177 0
    outer loop
      vertex 41.5174 -46.5854 13.6
      vertex 40.8702 -46.8469 0
      vertex 41.5174 -46.5854 0
    endloop
  endfacet
  facet normal 0.173638 -0.98481 0
    outer loop
      vertex 38.8417 -47.3527 0
      vertex 39.5291 -47.2315 13.6
      vertex 38.8417 -47.3527 13.6
    endloop
  endfacet
  facet normal 0.173638 -0.98481 0
    outer loop
      vertex 39.5291 -47.2315 13.6
      vertex 38.8417 -47.3527 0
      vertex 39.5291 -47.2315 0
    endloop
  endfacet
  facet normal 0.809002 -0.587805 0
    outer loop
      vertex 45.3301 -43.6066 13.6
      vertex 45.7404 -43.0419 0
      vertex 45.7404 -43.0419 13.6
    endloop
  endfacet
  facet normal 0.809002 -0.587805 0
    outer loop
      vertex 45.7404 -43.0419 0
      vertex 45.3301 -43.6066 13.6
      vertex 45.3301 -43.6066 0
    endloop
  endfacet
  facet normal 0.951049 0.309041 0
    outer loop
      vertex 47.0626 40.2064 13.6
      vertex 46.8469 40.8702 0
      vertex 46.8469 40.8702 13.6
    endloop
  endfacet
  facet normal 0.951049 0.309041 0
    outer loop
      vertex 46.8469 40.8702 0
      vertex 47.0626 40.2064 13.6
      vertex 47.0626 40.2064 0
    endloop
  endfacet
  facet normal 0.694605 0.719392 -0
    outer loop
      vertex 44.6434 44.3966 0
      vertex 44.1413 44.8814 13.6
      vertex 44.6434 44.3966 13.6
    endloop
  endfacet
  facet normal 0.694605 0.719392 0
    outer loop
      vertex 44.1413 44.8814 13.6
      vertex 44.6434 44.3966 0
      vertex 44.1413 44.8814 0
    endloop
  endfacet
  facet normal 0.529857 0.848087 -0
    outer loop
      vertex 43.0419 45.7404 0
      vertex 42.45 46.1102 13.6
      vertex 43.0419 45.7404 13.6
    endloop
  endfacet
  facet normal 0.529857 0.848087 0
    outer loop
      vertex 42.45 46.1102 13.6
      vertex 43.0419 45.7404 0
      vertex 42.45 46.1102 0
    endloop
  endfacet
  facet normal 0.207895 0.978151 -0
    outer loop
      vertex 39.8692 47.153 0
      vertex 39.1865 47.2981 13.6
      vertex 39.8692 47.153 13.6
    endloop
  endfacet
  facet normal 0.207895 0.978151 0
    outer loop
      vertex 39.1865 47.2981 13.6
      vertex 39.8692 47.153 0
      vertex 39.1865 47.2981 0
    endloop
  endfacet
  facet normal 0.0697707 0.997563 -0
    outer loop
      vertex 38.4953 47.3952 0
      vertex 37.799 47.4439 13.6
      vertex 38.4953 47.3952 13.6
    endloop
  endfacet
  facet normal 0.0697707 0.997563 0
    outer loop
      vertex 37.799 47.4439 13.6
      vertex 38.4953 47.3952 0
      vertex 37.799 47.4439 0
    endloop
  endfacet
  facet normal -0.848087 0.529857 0
    outer loop
      vertex -46.1102 42.45 0
      vertex -45.7404 43.0419 13.6
      vertex -45.7404 43.0419 0
    endloop
  endfacet
  facet normal -0.848087 0.529857 0
    outer loop
      vertex -45.7404 43.0419 13.6
      vertex -46.1102 42.45 0
      vertex -46.1102 42.45 13.6
    endloop
  endfacet
  facet normal -0.93966 0.342111 0
    outer loop
      vertex -46.9606 40.5402 0
      vertex -46.7218 41.1961 13.6
      vertex -46.7218 41.1961 0
    endloop
  endfacet
  facet normal -0.93966 0.342111 0
    outer loop
      vertex -46.7218 41.1961 13.6
      vertex -46.9606 40.5402 0
      vertex -46.9606 40.5402 13.6
    endloop
  endfacet
  facet normal -0.951049 -0.309041 0
    outer loop
      vertex -46.8469 -40.8702 0
      vertex -47.0626 -40.2064 13.6
      vertex -47.0626 -40.2064 0
    endloop
  endfacet
  facet normal -0.951049 -0.309041 0
    outer loop
      vertex -47.0626 -40.2064 13.6
      vertex -46.8469 -40.8702 0
      vertex -46.8469 -40.8702 13.6
    endloop
  endfacet
  facet normal -0.898825 -0.438308 0
    outer loop
      vertex -46.2795 -42.1447 0
      vertex -46.5854 -41.5174 13.6
      vertex -46.5854 -41.5174 0
    endloop
  endfacet
  facet normal -0.898825 -0.438308 0
    outer loop
      vertex -46.5854 -41.5174 13.6
      vertex -46.2795 -42.1447 0
      vertex -46.2795 -42.1447 13.6
    endloop
  endfacet
  facet normal -0.927177 -0.374624 0
    outer loop
      vertex -46.5854 -41.5174 0
      vertex -46.8469 -40.8702 13.6
      vertex -46.8469 -40.8702 0
    endloop
  endfacet
  facet normal -0.927177 -0.374624 0
    outer loop
      vertex -46.8469 -40.8702 13.6
      vertex -46.5854 -41.5174 0
      vertex -46.5854 -41.5174 13.6
    endloop
  endfacet
  facet normal -0.866031 -0.499991 0
    outer loop
      vertex -45.9305 -42.7492 0
      vertex -46.2795 -42.1447 13.6
      vertex -46.2795 -42.1447 0
    endloop
  endfacet
  facet normal -0.866031 -0.499991 0
    outer loop
      vertex -46.2795 -42.1447 13.6
      vertex -45.9305 -42.7492 0
      vertex -45.9305 -42.7492 13.6
    endloop
  endfacet
  facet normal 0.990276 -0.139114 0
    outer loop
      vertex 47.2981 -39.1865 13.6
      vertex 47.3952 -38.4953 0
      vertex 47.3952 -38.4953 13.6
    endloop
  endfacet
  facet normal 0.990276 -0.139114 0
    outer loop
      vertex 47.3952 -38.4953 0
      vertex 47.2981 -39.1865 13.6
      vertex 47.2981 -39.1865 0
    endloop
  endfacet
  facet normal 0.559155 -0.829063 0
    outer loop
      vertex 42.7492 -45.9305 0
      vertex 43.3279 -45.5402 13.6
      vertex 42.7492 -45.9305 13.6
    endloop
  endfacet
  facet normal 0.559155 -0.829063 0
    outer loop
      vertex 43.3279 -45.5402 13.6
      vertex 42.7492 -45.9305 0
      vertex 43.3279 -45.5402 0
    endloop
  endfacet
  facet normal 0.615744 -0.787946 0
    outer loop
      vertex 43.3279 -45.5402 0
      vertex 43.8779 -45.1104 13.6
      vertex 43.3279 -45.5402 13.6
    endloop
  endfacet
  facet normal 0.615744 -0.787946 0
    outer loop
      vertex 43.8779 -45.1104 13.6
      vertex 43.3279 -45.5402 0
      vertex 43.8779 -45.1104 0
    endloop
  endfacet
  facet normal 0.499991 -0.866031 0
    outer loop
      vertex 42.1447 -46.2795 0
      vertex 42.7492 -45.9305 13.6
      vertex 42.1447 -46.2795 13.6
    endloop
  endfacet
  facet normal 0.499991 -0.866031 0
    outer loop
      vertex 42.7492 -45.9305 13.6
      vertex 42.1447 -46.2795 0
      vertex 42.7492 -45.9305 0
    endloop
  endfacet
  facet normal 0.241963 -0.970286 0
    outer loop
      vertex 39.5291 -47.2315 0
      vertex 40.2064 -47.0626 13.6
      vertex 39.5291 -47.2315 13.6
    endloop
  endfacet
  facet normal 0.241963 -0.970286 0
    outer loop
      vertex 40.2064 -47.0626 13.6
      vertex 39.5291 -47.2315 0
      vertex 40.2064 -47.0626 0
    endloop
  endfacet
  facet normal 0.309041 -0.951049 0
    outer loop
      vertex 40.2064 -47.0626 0
      vertex 40.8702 -46.8469 13.6
      vertex 40.2064 -47.0626 13.6
    endloop
  endfacet
  facet normal 0.309041 -0.951049 0
    outer loop
      vertex 40.8702 -46.8469 13.6
      vertex 40.2064 -47.0626 0
      vertex 40.8702 -46.8469 0
    endloop
  endfacet
  facet normal 0.766021 -0.642816 0
    outer loop
      vertex 44.8814 -44.1413 13.6
      vertex 45.3301 -43.6066 0
      vertex 45.3301 -43.6066 13.6
    endloop
  endfacet
  facet normal 0.766021 -0.642816 0
    outer loop
      vertex 45.3301 -43.6066 0
      vertex 44.8814 -44.1413 13.6
      vertex 44.8814 -44.1413 0
    endloop
  endfacet
  facet normal 0.970286 0.241963 0
    outer loop
      vertex 47.2315 39.5291 13.6
      vertex 47.0626 40.2064 0
      vertex 47.0626 40.2064 13.6
    endloop
  endfacet
  facet normal 0.970286 0.241963 0
    outer loop
      vertex 47.0626 40.2064 0
      vertex 47.2315 39.5291 13.6
      vertex 47.2315 39.5291 0
    endloop
  endfacet
  facet normal 0.999389 0.0349557 0
    outer loop
      vertex 47.45 37.45 13.6
      vertex 47.4256 38.1476 0
      vertex 47.4256 38.1476 13.6
    endloop
  endfacet
  facet normal 0.999389 0.0349557 0
    outer loop
      vertex 47.4256 38.1476 0
      vertex 47.45 37.45 13.6
      vertex 47.45 37.45 0
    endloop
  endfacet
  facet normal 0.98481 0.173638 0
    outer loop
      vertex 47.3527 38.8417 13.6
      vertex 47.2315 39.5291 0
      vertex 47.2315 39.5291 13.6
    endloop
  endfacet
  facet normal 0.98481 0.173638 0
    outer loop
      vertex 47.2315 39.5291 0
      vertex 47.3527 38.8417 13.6
      vertex 47.3527 38.8417 0
    endloop
  endfacet
  facet normal 0.99453 0.104454 0
    outer loop
      vertex 47.4256 38.1476 13.6
      vertex 47.3527 38.8417 0
      vertex 47.3527 38.8417 13.6
    endloop
  endfacet
  facet normal 0.99453 0.104454 0
    outer loop
      vertex 47.3527 38.8417 0
      vertex 47.4256 38.1476 13.6
      vertex 47.4256 38.1476 0
    endloop
  endfacet
  facet normal 0.898825 0.438308 0
    outer loop
      vertex 46.5854 41.5174 13.6
      vertex 46.2795 42.1447 0
      vertex 46.2795 42.1447 13.6
    endloop
  endfacet
  facet normal 0.898825 0.438308 0
    outer loop
      vertex 46.2795 42.1447 0
      vertex 46.5854 41.5174 13.6
      vertex 46.5854 41.5174 0
    endloop
  endfacet
  facet normal 0.927177 0.374624 0
    outer loop
      vertex 46.8469 40.8702 13.6
      vertex 46.5854 41.5174 0
      vertex 46.5854 41.5174 13.6
    endloop
  endfacet
  facet normal 0.927177 0.374624 0
    outer loop
      vertex 46.5854 41.5174 0
      vertex 46.8469 40.8702 13.6
      vertex 46.8469 40.8702 0
    endloop
  endfacet
  facet normal 0.866031 0.499991 0
    outer loop
      vertex 46.2795 42.1447 13.6
      vertex 45.9305 42.7492 0
      vertex 45.9305 42.7492 13.6
    endloop
  endfacet
  facet normal 0.866031 0.499991 0
    outer loop
      vertex 45.9305 42.7492 0
      vertex 46.2795 42.1447 13.6
      vertex 46.2795 42.1447 0
    endloop
  endfacet
  facet normal 0.342111 0.93966 -0
    outer loop
      vertex 41.1961 46.7218 0
      vertex 40.5402 46.9606 13.6
      vertex 41.1961 46.7218 13.6
    endloop
  endfacet
  facet normal 0.342111 0.93966 0
    outer loop
      vertex 40.5402 46.9606 13.6
      vertex 41.1961 46.7218 0
      vertex 40.5402 46.9606 0
    endloop
  endfacet
  facet normal 0.139114 0.990276 -0
    outer loop
      vertex 39.1865 47.2981 0
      vertex 38.4953 47.3952 13.6
      vertex 39.1865 47.2981 13.6
    endloop
  endfacet
  facet normal 0.139114 0.990276 0
    outer loop
      vertex 38.4953 47.3952 13.6
      vertex 39.1865 47.2981 0
      vertex 38.4953 47.3952 0
    endloop
  endfacet
  facet normal -0.438308 0.898825 0
    outer loop
      vertex -41.5174 46.5854 0
      vertex -42.1447 46.2795 13.6
      vertex -41.5174 46.5854 13.6
    endloop
  endfacet
  facet normal -0.438308 0.898825 0
    outer loop
      vertex -42.1447 46.2795 13.6
      vertex -41.5174 46.5854 0
      vertex -42.1447 46.2795 0
    endloop
  endfacet
  facet normal -0.374624 0.927177 0
    outer loop
      vertex -40.8702 46.8469 0
      vertex -41.5174 46.5854 13.6
      vertex -40.8702 46.8469 13.6
    endloop
  endfacet
  facet normal -0.374624 0.927177 0
    outer loop
      vertex -41.5174 46.5854 13.6
      vertex -40.8702 46.8469 0
      vertex -41.5174 46.5854 0
    endloop
  endfacet
  facet normal -0.173638 0.98481 0
    outer loop
      vertex -38.8417 47.3527 0
      vertex -39.5291 47.2315 13.6
      vertex -38.8417 47.3527 13.6
    endloop
  endfacet
  facet normal -0.173638 0.98481 0
    outer loop
      vertex -39.5291 47.2315 13.6
      vertex -38.8417 47.3527 0
      vertex -39.5291 47.2315 0
    endloop
  endfacet
  facet normal -0.104454 0.99453 0
    outer loop
      vertex -38.1476 47.4256 0
      vertex -38.8417 47.3527 13.6
      vertex -38.1476 47.4256 13.6
    endloop
  endfacet
  facet normal -0.104454 0.99453 0
    outer loop
      vertex -38.8417 47.3527 13.6
      vertex -38.1476 47.4256 0
      vertex -38.8417 47.3527 0
    endloop
  endfacet
  facet normal -0.98481 -0.173638 0
    outer loop
      vertex -47.2315 -39.5291 0
      vertex -47.3527 -38.8417 13.6
      vertex -47.3527 -38.8417 0
    endloop
  endfacet
  facet normal -0.98481 -0.173638 0
    outer loop
      vertex -47.3527 -38.8417 13.6
      vertex -47.2315 -39.5291 0
      vertex -47.2315 -39.5291 13.6
    endloop
  endfacet
  facet normal 0.961264 -0.275629 0
    outer loop
      vertex 46.9606 -40.5402 13.6
      vertex 47.153 -39.8692 0
      vertex 47.153 -39.8692 13.6
    endloop
  endfacet
  facet normal 0.961264 -0.275629 0
    outer loop
      vertex 47.153 -39.8692 0
      vertex 46.9606 -40.5402 13.6
      vertex 46.9606 -40.5402 0
    endloop
  endfacet
  facet normal 0.93966 -0.342111 0
    outer loop
      vertex 46.7218 -41.1961 13.6
      vertex 46.9606 -40.5402 0
      vertex 46.9606 -40.5402 13.6
    endloop
  endfacet
  facet normal 0.93966 -0.342111 0
    outer loop
      vertex 46.9606 -40.5402 0
      vertex 46.7218 -41.1961 13.6
      vertex 46.7218 -41.1961 0
    endloop
  endfacet
  facet normal 0.882943 -0.46948 0
    outer loop
      vertex 46.1102 -42.45 13.6
      vertex 46.4379 -41.8337 0
      vertex 46.4379 -41.8337 13.6
    endloop
  endfacet
  facet normal 0.882943 -0.46948 0
    outer loop
      vertex 46.4379 -41.8337 0
      vertex 46.1102 -42.45 13.6
      vertex 46.1102 -42.45 0
    endloop
  endfacet
  facet normal 0.848087 -0.529857 0
    outer loop
      vertex 45.7404 -43.0419 13.6
      vertex 46.1102 -42.45 0
      vertex 46.1102 -42.45 13.6
    endloop
  endfacet
  facet normal 0.848087 -0.529857 0
    outer loop
      vertex 46.1102 -42.45 0
      vertex 45.7404 -43.0419 13.6
      vertex 45.7404 -43.0419 0
    endloop
  endfacet
  facet normal 0.787946 0.615744 0
    outer loop
      vertex 45.5402 43.3279 13.6
      vertex 45.1104 43.8779 0
      vertex 45.1104 43.8779 13.6
    endloop
  endfacet
  facet normal 0.787946 0.615744 0
    outer loop
      vertex 45.1104 43.8779 0
      vertex 45.5402 43.3279 13.6
      vertex 45.5402 43.3279 0
    endloop
  endfacet
  facet normal 0.829063 0.559155 0
    outer loop
      vertex 45.9305 42.7492 13.6
      vertex 45.5402 43.3279 0
      vertex 45.5402 43.3279 13.6
    endloop
  endfacet
  facet normal 0.829063 0.559155 0
    outer loop
      vertex 45.5402 43.3279 0
      vertex 45.9305 42.7492 13.6
      vertex 45.9305 42.7492 0
    endloop
  endfacet
  facet normal -0.173685 0.984801 0
    outer loop
      vertex 38.1212 -45.0533 2.6
      vertex 37.5026 -45.1624 5.41
      vertex 38.1212 -45.0533 5.41
    endloop
  endfacet
  facet normal -0.173685 0.984801 0
    outer loop
      vertex 37.5026 -45.1624 5.41
      vertex 38.1212 -45.0533 2.6
      vertex 37.5026 -45.1624 2.6
    endloop
  endfacet
  facet normal -0.0348625 0.999392 0
    outer loop
      vertex 36.8778 -45.2281 2.6
      vertex 36.25 -45.25 5.41
      vertex 36.8778 -45.2281 5.41
    endloop
  endfacet
  facet normal -0.0348625 0.999392 0
    outer loop
      vertex 36.25 -45.25 5.41
      vertex 36.8778 -45.2281 2.6
      vertex 36.25 -45.25 2.6
    endloop
  endfacet
  facet normal 0.104577 -0.994517 0
    outer loop
      vertex -37.5026 45.1624 2.6
      vertex -36.8778 45.2281 5.41
      vertex -37.5026 45.1624 5.41
    endloop
  endfacet
  facet normal 0.104577 -0.994517 0
    outer loop
      vertex -36.8778 45.2281 5.41
      vertex -37.5026 45.1624 2.6
      vertex -36.8778 45.2281 2.6
    endloop
  endfacet
  facet normal -0.104577 0.994517 0
    outer loop
      vertex 37.5026 -45.1624 2.6
      vertex 36.8778 -45.2281 5.41
      vertex 37.5026 -45.1624 5.41
    endloop
  endfacet
  facet normal -0.104577 0.994517 0
    outer loop
      vertex 36.8778 -45.2281 5.41
      vertex 37.5026 -45.1624 2.6
      vertex 36.8778 -45.2281 2.6
    endloop
  endfacet
  facet normal -0.787962 -0.615724 0
    outer loop
      vertex 43.5312 41.5401 2.6
      vertex 43.1444 42.0351 5.41
      vertex 43.1444 42.0351 2.6
    endloop
  endfacet
  facet normal -0.787962 -0.615724 0
    outer loop
      vertex 43.1444 42.0351 5.41
      vertex 43.5312 41.5401 2.6
      vertex 43.5312 41.5401 5.41
    endloop
  endfacet
  facet normal -0.997567 0.0697198 0
    outer loop
      vertex 45.2007 -37.1908 2.6
      vertex 45.2445 -36.5641 5.41
      vertex 45.2445 -36.5641 2.6
    endloop
  endfacet
  facet normal -0.997567 0.0697198 0
    outer loop
      vertex 45.2445 -36.5641 5.41
      vertex 45.2007 -37.1908 2.6
      vertex 45.2007 -37.1908 5.41
    endloop
  endfacet
  facet normal 0.997567 -0.0697198 0
    outer loop
      vertex -45.2445 36.5641 5.41
      vertex -45.2007 37.1908 2.6
      vertex -45.2007 37.1908 5.41
    endloop
  endfacet
  facet normal 0.997567 -0.0697198 0
    outer loop
      vertex -45.2007 37.1908 2.6
      vertex -45.2445 36.5641 5.41
      vertex -45.2445 36.5641 2.6
    endloop
  endfacet
  facet normal -0.0697198 -0.997567 0
    outer loop
      vertex 36.5641 45.2445 2.6
      vertex 37.1908 45.2007 5.41
      vertex 36.5641 45.2445 5.41
    endloop
  endfacet
  facet normal -0.0697198 -0.997567 -0
    outer loop
      vertex 37.1908 45.2007 5.41
      vertex 36.5641 45.2445 2.6
      vertex 37.1908 45.2007 2.6
    endloop
  endfacet
  facet normal 0.719336 -0.694663 0
    outer loop
      vertex -42.9383 42.2722 5.41
      vertex -42.5019 42.7241 2.6
      vertex -42.5019 42.7241 5.41
    endloop
  endfacet
  facet normal 0.719336 -0.694663 0
    outer loop
      vertex -42.5019 42.7241 2.6
      vertex -42.9383 42.2722 5.41
      vertex -42.9383 42.2722 2.6
    endloop
  endfacet
  facet normal 1 -0 0
    outer loop
      vertex -45.25 -36.25 5.41
      vertex -45.25 36.25 2.6
      vertex -45.25 36.25 5.41
    endloop
  endfacet
  facet normal 1 0 0
    outer loop
      vertex -45.25 36.25 2.6
      vertex -45.25 -36.25 5.41
      vertex -45.25 -36.25 2.6
    endloop
  endfacet
  facet normal 0.999847 -0.0175077 0
    outer loop
      vertex -45.25 36.25 5.41
      vertex -45.2445 36.5641 2.6
      vertex -45.2445 36.5641 5.41
    endloop
  endfacet
  facet normal 0.999847 -0.0175077 0
    outer loop
      vertex -45.2445 36.5641 2.6
      vertex -45.25 36.25 5.41
      vertex -45.25 36.25 2.6
    endloop
  endfacet
  facet normal 0.0175077 0.999847 -0
    outer loop
      vertex -36.25 -45.25 2.6
      vertex -36.5641 -45.2445 5.41
      vertex -36.25 -45.25 5.41
    endloop
  endfacet
  facet normal 0.0175077 0.999847 0
    outer loop
      vertex -36.5641 -45.2445 5.41
      vertex -36.25 -45.25 2.6
      vertex -36.5641 -45.2445 2.6
    endloop
  endfacet
  facet normal 0 -1 0
    outer loop
      vertex -36.25 45.25 2.6
      vertex 36.25 45.25 5.41
      vertex -36.25 45.25 5.41
    endloop
  endfacet
  facet normal 0 -1 -0
    outer loop
      vertex 36.25 45.25 5.41
      vertex -36.25 45.25 2.6
      vertex 36.25 45.25 2.6
    endloop
  endfacet
  facet normal -0.469423 -0.882973 0
    outer loop
      vertex 40.1953 44.3391 2.6
      vertex 40.75 44.0442 5.41
      vertex 40.1953 44.3391 5.41
    endloop
  endfacet
  facet normal -0.469423 -0.882973 -0
    outer loop
      vertex 40.75 44.0442 5.41
      vertex 40.1953 44.3391 2.6
      vertex 40.75 44.0442 2.6
    endloop
  endfacet
  facet normal -0.0175077 -0.999847 0
    outer loop
      vertex 36.25 45.25 2.6
      vertex 36.5641 45.2445 5.41
      vertex 36.25 45.25 5.41
    endloop
  endfacet
  facet normal -0.0175077 -0.999847 -0
    outer loop
      vertex 36.5641 45.2445 5.41
      vertex 36.25 45.25 2.6
      vertex 36.5641 45.2445 2.6
    endloop
  endfacet
  facet normal 0.0348625 -0.999392 0
    outer loop
      vertex -36.8778 45.2281 2.6
      vertex -36.25 45.25 5.41
      vertex -36.8778 45.2281 5.41
    endloop
  endfacet
  facet normal 0.0348625 -0.999392 0
    outer loop
      vertex -36.25 45.25 5.41
      vertex -36.8778 45.2281 2.6
      vertex -36.25 45.25 2.6
    endloop
  endfacet
  facet normal -0.999847 0.0175077 0
    outer loop
      vertex 45.2445 -36.5641 2.6
      vertex 45.25 -36.25 5.41
      vertex 45.25 -36.25 2.6
    endloop
  endfacet
  facet normal -0.999847 0.0175077 0
    outer loop
      vertex 45.25 -36.25 5.41
      vertex 45.2445 -36.5641 2.6
      vertex 45.2445 -36.5641 5.41
    endloop
  endfacet
  facet normal 0.438342 -0.898808 0
    outer loop
      vertex -40.4753 44.1965 2.6
      vertex -39.9106 44.4719 5.41
      vertex -40.4753 44.1965 5.41
    endloop
  endfacet
  facet normal 0.438342 -0.898808 0
    outer loop
      vertex -39.9106 44.4719 5.41
      vertex -40.4753 44.1965 2.6
      vertex -39.9106 44.4719 2.6
    endloop
  endfacet
  facet normal 0.91347 -0.406906 0
    outer loop
      vertex -44.5947 39.6215 5.41
      vertex -44.3391 40.1953 2.6
      vertex -44.3391 40.1953 5.41
    endloop
  endfacet
  facet normal 0.91347 -0.406906 0
    outer loop
      vertex -44.3391 40.1953 2.6
      vertex -44.5947 39.6215 5.41
      vertex -44.5947 39.6215 2.6
    endloop
  endfacet
  facet normal 0.809094 -0.587679 0
    outer loop
      vertex -43.7113 41.2827 5.41
      vertex -43.3421 41.791 2.6
      vertex -43.3421 41.791 5.41
    endloop
  endfacet
  facet normal 0.809094 -0.587679 0
    outer loop
      vertex -43.3421 41.791 2.6
      vertex -43.7113 41.2827 5.41
      vertex -43.7113 41.2827 2.6
    endloop
  endfacet
  facet normal 0 0 1
    outer loop
      vertex 19.3284 0.197212 2.6
      vertex 0.197212 19.3284 2.6
      vertex 19.3284 -0.197212 2.6
    endloop
  endfacet
  facet normal 0 0 1
    outer loop
      vertex 19.3284 -0.197212 2.6
      vertex 0.529024 -19.5416 2.6
      vertex 0.692875 -19.9004 2.6
    endloop
  endfacet
  facet normal 0 0 1
    outer loop
      vertex 0.197212 -19.3284 2.6
      vertex 19.3284 -0.197212 2.6
      vertex 0.197212 19.3284 2.6
    endloop
  endfacet
  facet normal 0 0 1
    outer loop
      vertex 19.3284 -0.197212 2.6
      vertex 0.197212 -19.3284 2.6
      vertex 0.529024 -19.5416 2.6
    endloop
  endfacet
  facet normal -0 0 1
    outer loop
      vertex -0.197212 19.3284 2.6
      vertex 0.197212 -19.3284 2.6
      vertex 0.197212 19.3284 2.6
    endloop
  endfacet
  facet normal 0 0 1
    outer loop
      vertex -0.197212 19.3284 2.6
      vertex -0.197212 -19.3284 2.6
      vertex 0.197212 -19.3284 2.6
    endloop
  endfacet
  facet normal 0 0 1
    outer loop
      vertex -19.3284 0.197212 2.6
      vertex -0.197212 19.3284 2.6
      vertex -0.529024 19.5416 2.6
    endloop
  endfacet
  facet normal 0 0 1
    outer loop
      vertex -0.197212 19.3284 2.6
      vertex -19.3284 0.197212 2.6
      vertex -0.197212 -19.3284 2.6
    endloop
  endfacet
  facet normal 0 0 1
    outer loop
      vertex -19.5416 0.529024 2.6
      vertex -0.529024 19.5416 2.6
      vertex -0.692875 19.9004 2.6
    endloop
  endfacet
  facet normal -0 0 1
    outer loop
      vertex -19.3284 -0.197212 2.6
      vertex -0.197212 -19.3284 2.6
      vertex -19.3284 0.197212 2.6
    endloop
  endfacet
  facet normal -0 0 1
    outer loop
      vertex 20.7 0 2.6
      vertex 45.25 -36.25 2.6
      vertex 45.25 36.25 2.6
    endloop
  endfacet
  facet normal 0 0 1
    outer loop
      vertex 36.25 45.25 2.6
      vertex 45.25 36.25 2.6
      vertex 45.2281 36.8778 2.6
    endloop
  endfacet
  facet normal -0 0 1
    outer loop
      vertex 20.5889 -0.378448 2.6
      vertex 45.25 -36.25 2.6
      vertex 20.7 0 2.6
    endloop
  endfacet
  facet normal 0 0 1
    outer loop
      vertex 36.25 45.25 2.6
      vertex 45.2281 36.8778 2.6
      vertex 45.1624 37.5026 2.6
    endloop
  endfacet
  facet normal -0 0 1
    outer loop
      vertex 20.2908 -0.636742 2.6
      vertex 45.25 -36.25 2.6
      vertex 20.5889 -0.378448 2.6
    endloop
  endfacet
  facet normal 0 0 1
    outer loop
      vertex 36.25 45.25 2.6
      vertex 45.1624 37.5026 2.6
      vertex 45.0533 38.1212 2.6
    endloop
  endfacet
  facet normal 0 -0 1
    outer loop
      vertex 36.25 -45.25 2.6
      vertex 45.25 -36.25 2.6
      vertex 20.2908 -0.636742 2.6
    endloop
  endfacet
  facet normal 0 0 1
    outer loop
      vertex 36.25 45.25 2.6
      vertex 45.0533 38.1212 2.6
      vertex 44.9014 38.7307 2.6
    endloop
  endfacet
  facet normal 0 0 1
    outer loop
      vertex 45.25 -36.25 2.6
      vertex 36.25 -45.25 2.6
      vertex 45.2445 -36.5641 2.6
    endloop
  endfacet
  facet normal 0 0 1
    outer loop
      vertex 36.25 45.25 2.6
      vertex 44.9014 38.7307 2.6
      vertex 44.7072 39.3282 2.6
    endloop
  endfacet
  facet normal 0 0 1
    outer loop
      vertex 45.2445 -36.5641 2.6
      vertex 36.25 -45.25 2.6
      vertex 45.2007 -37.1908 2.6
    endloop
  endfacet
  facet normal 0 0 1
    outer loop
      vertex 36.25 45.25 2.6
      vertex 44.7072 39.3282 2.6
      vertex 44.4719 39.9106 2.6
    endloop
  endfacet
  facet normal 0 0 1
    outer loop
      vertex 45.2007 -37.1908 2.6
      vertex 36.25 -45.25 2.6
      vertex 45.1133 -37.8128 2.6
    endloop
  endfacet
  facet normal 0 0 1
    outer loop
      vertex 36.25 45.25 2.6
      vertex 44.4719 39.9106 2.6
      vertex 44.1965 40.4753 2.6
    endloop
  endfacet
  facet normal 0 0 1
    outer loop
      vertex 45.1133 -37.8128 2.6
      vertex 36.25 -45.25 2.6
      vertex 44.9827 -38.4273 2.6
    endloop
  endfacet
  facet normal 0 0 1
    outer loop
      vertex 36.25 45.25 2.6
      vertex 44.1965 40.4753 2.6
      vertex 43.8824 41.0193 2.6
    endloop
  endfacet
  facet normal 0 0 1
    outer loop
      vertex 44.9827 -38.4273 2.6
      vertex 36.25 -45.25 2.6
      vertex 44.8095 -39.0312 2.6
    endloop
  endfacet
  facet normal 0 0 1
    outer loop
      vertex 36.25 45.25 2.6
      vertex 43.8824 41.0193 2.6
      vertex 43.5312 41.5401 2.6
    endloop
  endfacet
  facet normal 0 0 1
    outer loop
      vertex 44.8095 -39.0312 2.6
      vertex 36.25 -45.25 2.6
      vertex 44.5947 -39.6215 2.6
    endloop
  endfacet
  facet normal 0 0 1
    outer loop
      vertex 36.25 45.25 2.6
      vertex 43.5312 41.5401 2.6
      vertex 43.1444 42.0351 2.6
    endloop
  endfacet
  facet normal 0 0 1
    outer loop
      vertex 44.5947 -39.6215 2.6
      vertex 36.25 -45.25 2.6
      vertex 44.3391 -40.1953 2.6
    endloop
  endfacet
  facet normal 0 0 1
    outer loop
      vertex 36.25 45.25 2.6
      vertex 43.1444 42.0351 2.6
      vertex 42.7241 42.5019 2.6
    endloop
  endfacet
  facet normal 0 0 1
    outer loop
      vertex 44.3391 -40.1953 2.6
      vertex 36.25 -45.25 2.6
      vertex 44.0442 -40.75 2.6
    endloop
  endfacet
  facet normal 0 0 1
    outer loop
      vertex 36.25 45.25 2.6
      vertex 42.7241 42.5019 2.6
      vertex 42.2722 42.9383 2.6
    endloop
  endfacet
  facet normal 0 0 1
    outer loop
      vertex 44.0442 -40.75 2.6
      vertex 36.25 -45.25 2.6
      vertex 43.7113 -41.2827 2.6
    endloop
  endfacet
  facet normal 0 0 1
    outer loop
      vertex 36.25 45.25 2.6
      vertex 42.2722 42.9383 2.6
      vertex 41.791 43.3421 2.6
    endloop
  endfacet
  facet normal 0 0 1
    outer loop
      vertex 43.7113 -41.2827 2.6
      vertex 36.25 -45.25 2.6
      vertex 43.3421 -41.791 2.6
    endloop
  endfacet
  facet normal 0 0 1
    outer loop
      vertex 36.25 45.25 2.6
      vertex 41.791 43.3421 2.6
      vertex 41.2827 43.7113 2.6
    endloop
  endfacet
  facet normal 0 0 1
    outer loop
      vertex 43.3421 -41.791 2.6
      vertex 36.25 -45.25 2.6
      vertex 42.9383 -42.2722 2.6
    endloop
  endfacet
  facet normal 0 0 1
    outer loop
      vertex 36.25 45.25 2.6
      vertex 41.2827 43.7113 2.6
      vertex 40.75 44.0442 2.6
    endloop
  endfacet
  facet normal 0 0 1
    outer loop
      vertex 42.9383 -42.2722 2.6
      vertex 36.25 -45.25 2.6
      vertex 42.5019 -42.7241 2.6
    endloop
  endfacet
  facet normal 0 0 1
    outer loop
      vertex 36.25 45.25 2.6
      vertex 40.75 44.0442 2.6
      vertex 40.1953 44.3391 2.6
    endloop
  endfacet
  facet normal 0 0 1
    outer loop
      vertex 42.5019 -42.7241 2.6
      vertex 36.25 -45.25 2.6
      vertex 42.0351 -43.1444 2.6
    endloop
  endfacet
  facet normal 0 0 1
    outer loop
      vertex 36.25 45.25 2.6
      vertex 40.1953 44.3391 2.6
      vertex 39.6215 44.5947 2.6
    endloop
  endfacet
  facet normal 0 0 1
    outer loop
      vertex 42.0351 -43.1444 2.6
      vertex 36.25 -45.25 2.6
      vertex 41.5401 -43.5312 2.6
    endloop
  endfacet
  facet normal 0 0 1
    outer loop
      vertex 36.25 45.25 2.6
      vertex 39.6215 44.5947 2.6
      vertex 39.0312 44.8095 2.6
    endloop
  endfacet
  facet normal 0 0 1
    outer loop
      vertex 41.5401 -43.5312 2.6
      vertex 36.25 -45.25 2.6
      vertex 41.0193 -43.8824 2.6
    endloop
  endfacet
  facet normal 0 0 1
    outer loop
      vertex 36.25 45.25 2.6
      vertex 39.0312 44.8095 2.6
      vertex 38.4273 44.9827 2.6
    endloop
  endfacet
  facet normal 0 0 1
    outer loop
      vertex 41.0193 -43.8824 2.6
      vertex 36.25 -45.25 2.6
      vertex 40.4753 -44.1965 2.6
    endloop
  endfacet
  facet normal 0 0 1
    outer loop
      vertex 36.25 45.25 2.6
      vertex 38.4273 44.9827 2.6
      vertex 37.8128 45.1133 2.6
    endloop
  endfacet
  facet normal 0 0 1
    outer loop
      vertex 40.4753 -44.1965 2.6
      vertex 36.25 -45.25 2.6
      vertex 39.9106 -44.4719 2.6
    endloop
  endfacet
  facet normal 0 0 1
    outer loop
      vertex 36.25 45.25 2.6
      vertex 37.8128 45.1133 2.6
      vertex 37.1908 45.2007 2.6
    endloop
  endfacet
  facet normal 0 0 1
    outer loop
      vertex 39.9106 -44.4719 2.6
      vertex 36.25 -45.25 2.6
      vertex 39.3282 -44.7072 2.6
    endloop
  endfacet
  facet normal 0 0 1
    outer loop
      vertex 36.25 45.25 2.6
      vertex 37.1908 45.2007 2.6
      vertex 36.5641 45.2445 2.6
    endloop
  endfacet
  facet normal 0 0 1
    outer loop
      vertex 45.25 36.25 2.6
      vertex 36.25 45.25 2.6
      vertex 20.2908 0.636742 2.6
    endloop
  endfacet
  facet normal 0 0 1
    outer loop
      vertex 39.3282 -44.7072 2.6
      vertex 36.25 -45.25 2.6
      vertex 38.7307 -44.9014 2.6
    endloop
  endfacet
  facet normal 0 0 1
    outer loop
      vertex 38.7307 -44.9014 2.6
      vertex 36.25 -45.25 2.6
      vertex 38.1212 -45.0533 2.6
    endloop
  endfacet
  facet normal 0 0 1
    outer loop
      vertex 45.25 36.25 2.6
      vertex 20.5889 0.378448 2.6
      vertex 20.7 0 2.6
    endloop
  endfacet
  facet normal 0 0 1
    outer loop
      vertex 45.25 36.25 2.6
      vertex 20.2908 0.636742 2.6
      vertex 20.5889 0.378448 2.6
    endloop
  endfacet
  facet normal -0 0 1
    outer loop
      vertex 0.636742 20.2908 2.6
      vertex 20.2908 0.636742 2.6
      vertex 36.25 45.25 2.6
    endloop
  endfacet
  facet normal 0 0 1
    outer loop
      vertex 20.2908 0.636742 2.6
      vertex 0.636742 20.2908 2.6
      vertex 19.9004 0.692875 2.6
    endloop
  endfacet
  facet normal -0 -0 1
    outer loop
      vertex 0.692875 19.9004 2.6
      vertex 19.9004 0.692875 2.6
      vertex 0.636742 20.2908 2.6
    endloop
  endfacet
  facet normal 0 0 1
    outer loop
      vertex 19.5416 0.529024 2.6
      vertex 0.529024 19.5416 2.6
      vertex 19.3284 0.197212 2.6
    endloop
  endfacet
  facet normal 0 0 1
    outer loop
      vertex 19.9004 0.692875 2.6
      vertex 0.692875 19.9004 2.6
      vertex 19.5416 0.529024 2.6
    endloop
  endfacet
  facet normal -0 0 1
    outer loop
      vertex 0.529024 19.5416 2.6
      vertex 19.5416 0.529024 2.6
      vertex 0.692875 19.9004 2.6
    endloop
  endfacet
  facet normal 0 0 1
    outer loop
      vertex 36.25 45.25 2.6
      vertex 0.378448 20.5889 2.6
      vertex 0.636742 20.2908 2.6
    endloop
  endfacet
  facet normal 0 0 1
    outer loop
      vertex 36.25 45.25 2.6
      vertex 0 20.7 2.6
      vertex 0.378448 20.5889 2.6
    endloop
  endfacet
  facet normal -0 0 1
    outer loop
      vertex -36.25 45.25 2.6
      vertex 0 20.7 2.6
      vertex 36.25 45.25 2.6
    endloop
  endfacet
  facet normal 0 0 1
    outer loop
      vertex -0.197212 -19.3284 2.6
      vertex -19.3284 -0.197212 2.6
      vertex -0.529024 -19.5416 2.6
    endloop
  endfacet
  facet normal 0 0 1
    outer loop
      vertex -19.9004 0.692875 2.6
      vertex -0.692875 19.9004 2.6
      vertex -0.636742 20.2908 2.6
    endloop
  endfacet
  facet normal 0 0 1
    outer loop
      vertex -36.25 45.25 2.6
      vertex -0.636742 20.2908 2.6
      vertex -0.378448 20.5889 2.6
    endloop
  endfacet
  facet normal 0 0 1
    outer loop
      vertex -0.529024 19.5416 2.6
      vertex -19.5416 0.529024 2.6
      vertex -19.3284 0.197212 2.6
    endloop
  endfacet
  facet normal 0 0 1
    outer loop
      vertex -0.692875 19.9004 2.6
      vertex -19.9004 0.692875 2.6
      vertex -19.5416 0.529024 2.6
    endloop
  endfacet
  facet normal 0 0 1
    outer loop
      vertex -0.636742 20.2908 2.6
      vertex -20.2908 0.636742 2.6
      vertex -19.9004 0.692875 2.6
    endloop
  endfacet
  facet normal 0 0 1
    outer loop
      vertex -0.636742 20.2908 2.6
      vertex -36.25 45.25 2.6
      vertex -20.2908 0.636742 2.6
    endloop
  endfacet
  facet normal 0 0 1
    outer loop
      vertex -20.2908 0.636742 2.6
      vertex -45.25 36.25 2.6
      vertex -20.5889 0.378448 2.6
    endloop
  endfacet
  facet normal -0 0 1
    outer loop
      vertex -45.25 36.25 2.6
      vertex -20.2908 0.636742 2.6
      vertex -36.25 45.25 2.6
    endloop
  endfacet
  facet normal 0 0 1
    outer loop
      vertex 0 20.7 2.6
      vertex -36.25 45.25 2.6
      vertex -0.378448 20.5889 2.6
    endloop
  endfacet
  facet normal 0 0 1
    outer loop
      vertex 38.1212 -45.0533 2.6
      vertex 36.25 -45.25 2.6
      vertex 37.5026 -45.1624 2.6
    endloop
  endfacet
  facet normal 0 0 1
    outer loop
      vertex 37.5026 -45.1624 2.6
      vertex 36.25 -45.25 2.6
      vertex 36.8778 -45.2281 2.6
    endloop
  endfacet
  facet normal 0 0 1
    outer loop
      vertex 0.636742 -20.2908 2.6
      vertex 20.2908 -0.636742 2.6
      vertex 19.9004 -0.692875 2.6
    endloop
  endfacet
  facet normal 0 0 1
    outer loop
      vertex 0.692875 -19.9004 2.6
      vertex 19.9004 -0.692875 2.6
      vertex 19.5416 -0.529024 2.6
    endloop
  endfacet
  facet normal 0 0 1
    outer loop
      vertex 0.692875 -19.9004 2.6
      vertex 19.5416 -0.529024 2.6
      vertex 19.3284 -0.197212 2.6
    endloop
  endfacet
  facet normal -0 0 1
    outer loop
      vertex 0.197212 19.3284 2.6
      vertex 19.3284 0.197212 2.6
      vertex 0.529024 19.5416 2.6
    endloop
  endfacet
  facet normal 0 0 1
    outer loop
      vertex 19.9004 -0.692875 2.6
      vertex 0.692875 -19.9004 2.6
      vertex 0.636742 -20.2908 2.6
    endloop
  endfacet
  facet normal 0 0 1
    outer loop
      vertex 20.2908 -0.636742 2.6
      vertex 0.636742 -20.2908 2.6
      vertex 36.25 -45.25 2.6
    endloop
  endfacet
  facet normal -0 0 1
    outer loop
      vertex 0.378448 -20.5889 2.6
      vertex 36.25 -45.25 2.6
      vertex 0.636742 -20.2908 2.6
    endloop
  endfacet
  facet normal -0 0 1
    outer loop
      vertex 0 -20.7 2.6
      vertex 36.25 -45.25 2.6
      vertex 0.378448 -20.5889 2.6
    endloop
  endfacet
  facet normal 0 0 1
    outer loop
      vertex -36.25 -45.25 2.6
      vertex 0 -20.7 2.6
      vertex -0.378448 -20.5889 2.6
    endloop
  endfacet
  facet normal -0 0 1
    outer loop
      vertex -19.5416 -0.529024 2.6
      vertex -0.529024 -19.5416 2.6
      vertex -19.3284 -0.197212 2.6
    endloop
  endfacet
  facet normal 0 0 1
    outer loop
      vertex -0.529024 -19.5416 2.6
      vertex -19.5416 -0.529024 2.6
      vertex -0.692875 -19.9004 2.6
    endloop
  endfacet
  facet normal -0 0 1
    outer loop
      vertex -19.9004 -0.692875 2.6
      vertex -0.692875 -19.9004 2.6
      vertex -19.5416 -0.529024 2.6
    endloop
  endfacet
  facet normal 0 0 1
    outer loop
      vertex -0.692875 -19.9004 2.6
      vertex -19.9004 -0.692875 2.6
      vertex -0.636742 -20.2908 2.6
    endloop
  endfacet
  facet normal 0 0 1
    outer loop
      vertex -20.2908 -0.636742 2.6
      vertex -0.636742 -20.2908 2.6
      vertex -19.9004 -0.692875 2.6
    endloop
  endfacet
  facet normal 0 0 1
    outer loop
      vertex -36.25 -45.25 2.6
      vertex -0.636742 -20.2908 2.6
      vertex -20.2908 -0.636742 2.6
    endloop
  endfacet
  facet normal 0 0 1
    outer loop
      vertex -45.25 -36.25 2.6
      vertex -20.2908 -0.636742 2.6
      vertex -20.5889 -0.378448 2.6
    endloop
  endfacet
  facet normal 0 0 1
    outer loop
      vertex -20.5889 0.378448 2.6
      vertex -45.25 36.25 2.6
      vertex -20.7 0 2.6
    endloop
  endfacet
  facet normal 0 0 1
    outer loop
      vertex 0 -20.7 2.6
      vertex -36.25 -45.25 2.6
      vertex 36.25 -45.25 2.6
    endloop
  endfacet
  facet normal 0 0 1
    outer loop
      vertex -0.636742 -20.2908 2.6
      vertex -36.25 -45.25 2.6
      vertex -0.378448 -20.5889 2.6
    endloop
  endfacet
  facet normal 0 0 1
    outer loop
      vertex -45.25 -36.25 2.6
      vertex -20.7 0 2.6
      vertex -45.25 36.25 2.6
    endloop
  endfacet
  facet normal 0 0 1
    outer loop
      vertex -20.2908 -0.636742 2.6
      vertex -45.25 -36.25 2.6
      vertex -36.25 -45.25 2.6
    endloop
  endfacet
  facet normal 0 0 1
    outer loop
      vertex -45.25 36.25 2.6
      vertex -36.25 45.25 2.6
      vertex -36.8778 45.2281 2.6
    endloop
  endfacet
  facet normal 0 0 1
    outer loop
      vertex -20.7 0 2.6
      vertex -45.25 -36.25 2.6
      vertex -20.5889 -0.378448 2.6
    endloop
  endfacet
  facet normal 0 0 1
    outer loop
      vertex -45.25 36.25 2.6
      vertex -36.8778 45.2281 2.6
      vertex -37.5026 45.1624 2.6
    endloop
  endfacet
  facet normal 0 0 1
    outer loop
      vertex -36.25 -45.25 2.6
      vertex -45.25 -36.25 2.6
      vertex -36.5641 -45.2445 2.6
    endloop
  endfacet
  facet normal 0 0 1
    outer loop
      vertex -45.25 36.25 2.6
      vertex -37.5026 45.1624 2.6
      vertex -38.1212 45.0533 2.6
    endloop
  endfacet
  facet normal 0 0 1
    outer loop
      vertex -36.5641 -45.2445 2.6
      vertex -45.25 -36.25 2.6
      vertex -37.1908 -45.2007 2.6
    endloop
  endfacet
  facet normal 0 0 1
    outer loop
      vertex -45.25 36.25 2.6
      vertex -38.1212 45.0533 2.6
      vertex -38.7307 44.9014 2.6
    endloop
  endfacet
  facet normal 0 0 1
    outer loop
      vertex -37.1908 -45.2007 2.6
      vertex -45.25 -36.25 2.6
      vertex -37.8128 -45.1133 2.6
    endloop
  endfacet
  facet normal 0 0 1
    outer loop
      vertex -45.25 36.25 2.6
      vertex -38.7307 44.9014 2.6
      vertex -39.3282 44.7072 2.6
    endloop
  endfacet
  facet normal 0 0 1
    outer loop
      vertex -37.8128 -45.1133 2.6
      vertex -45.25 -36.25 2.6
      vertex -38.4273 -44.9827 2.6
    endloop
  endfacet
  facet normal 0 0 1
    outer loop
      vertex -45.25 36.25 2.6
      vertex -39.3282 44.7072 2.6
      vertex -39.9106 44.4719 2.6
    endloop
  endfacet
  facet normal 0 0 1
    outer loop
      vertex -38.4273 -44.9827 2.6
      vertex -45.25 -36.25 2.6
      vertex -39.0312 -44.8095 2.6
    endloop
  endfacet
  facet normal 0 0 1
    outer loop
      vertex -45.25 36.25 2.6
      vertex -39.9106 44.4719 2.6
      vertex -40.4753 44.1965 2.6
    endloop
  endfacet
  facet normal 0 0 1
    outer loop
      vertex -39.0312 -44.8095 2.6
      vertex -45.25 -36.25 2.6
      vertex -39.6215 -44.5947 2.6
    endloop
  endfacet
  facet normal 0 0 1
    outer loop
      vertex -45.25 36.25 2.6
      vertex -40.4753 44.1965 2.6
      vertex -41.0193 43.8824 2.6
    endloop
  endfacet
  facet normal 0 0 1
    outer loop
      vertex -39.6215 -44.5947 2.6
      vertex -45.25 -36.25 2.6
      vertex -40.1953 -44.3391 2.6
    endloop
  endfacet
  facet normal 0 0 1
    outer loop
      vertex -45.25 36.25 2.6
      vertex -41.0193 43.8824 2.6
      vertex -41.5401 43.5312 2.6
    endloop
  endfacet
  facet normal 0 0 1
    outer loop
      vertex -40.1953 -44.3391 2.6
      vertex -45.25 -36.25 2.6
      vertex -40.75 -44.0442 2.6
    endloop
  endfacet
  facet normal 0 0 1
    outer loop
      vertex -45.25 36.25 2.6
      vertex -41.5401 43.5312 2.6
      vertex -42.0351 43.1444 2.6
    endloop
  endfacet
  facet normal 0 0 1
    outer loop
      vertex -40.75 -44.0442 2.6
      vertex -45.25 -36.25 2.6
      vertex -41.2827 -43.7113 2.6
    endloop
  endfacet
  facet normal 0 0 1
    outer loop
      vertex -45.25 36.25 2.6
      vertex -42.0351 43.1444 2.6
      vertex -42.5019 42.7241 2.6
    endloop
  endfacet
  facet normal 0 0 1
    outer loop
      vertex -41.2827 -43.7113 2.6
      vertex -45.25 -36.25 2.6
      vertex -41.791 -43.3421 2.6
    endloop
  endfacet
  facet normal 0 0 1
    outer loop
      vertex -45.25 36.25 2.6
      vertex -42.5019 42.7241 2.6
      vertex -42.9383 42.2722 2.6
    endloop
  endfacet
  facet normal 0 0 1
    outer loop
      vertex -41.791 -43.3421 2.6
      vertex -45.25 -36.25 2.6
      vertex -42.2722 -42.9383 2.6
    endloop
  endfacet
  facet normal 0 0 1
    outer loop
      vertex -45.25 36.25 2.6
      vertex -42.9383 42.2722 2.6
      vertex -43.3421 41.791 2.6
    endloop
  endfacet
  facet normal 0 0 1
    outer loop
      vertex -42.2722 -42.9383 2.6
      vertex -45.25 -36.25 2.6
      vertex -42.7241 -42.5019 2.6
    endloop
  endfacet
  facet normal 0 0 1
    outer loop
      vertex -45.25 36.25 2.6
      vertex -43.3421 41.791 2.6
      vertex -43.7113 41.2827 2.6
    endloop
  endfacet
  facet normal 0 0 1
    outer loop
      vertex -42.7241 -42.5019 2.6
      vertex -45.25 -36.25 2.6
      vertex -43.1444 -42.0351 2.6
    endloop
  endfacet
  facet normal 0 0 1
    outer loop
      vertex -45.25 36.25 2.6
      vertex -43.7113 41.2827 2.6
      vertex -44.0442 40.75 2.6
    endloop
  endfacet
  facet normal 0 0 1
    outer loop
      vertex -43.1444 -42.0351 2.6
      vertex -45.25 -36.25 2.6
      vertex -43.5312 -41.5401 2.6
    endloop
  endfacet
  facet normal 0 0 1
    outer loop
      vertex -45.25 36.25 2.6
      vertex -44.0442 40.75 2.6
      vertex -44.3391 40.1953 2.6
    endloop
  endfacet
  facet normal 0 0 1
    outer loop
      vertex -43.5312 -41.5401 2.6
      vertex -45.25 -36.25 2.6
      vertex -43.8824 -41.0193 2.6
    endloop
  endfacet
  facet normal 0 0 1
    outer loop
      vertex -45.25 36.25 2.6
      vertex -44.3391 40.1953 2.6
      vertex -44.5947 39.6215 2.6
    endloop
  endfacet
  facet normal 0 0 1
    outer loop
      vertex -43.8824 -41.0193 2.6
      vertex -45.25 -36.25 2.6
      vertex -44.1965 -40.4753 2.6
    endloop
  endfacet
  facet normal 0 0 1
    outer loop
      vertex -45.25 36.25 2.6
      vertex -44.5947 39.6215 2.6
      vertex -44.8095 39.0312 2.6
    endloop
  endfacet
  facet normal 0 0 1
    outer loop
      vertex -44.1965 -40.4753 2.6
      vertex -45.25 -36.25 2.6
      vertex -44.4719 -39.9106 2.6
    endloop
  endfacet
  facet normal 0 0 1
    outer loop
      vertex -45.25 36.25 2.6
      vertex -44.8095 39.0312 2.6
      vertex -44.9827 38.4273 2.6
    endloop
  endfacet
  facet normal 0 0 1
    outer loop
      vertex -44.4719 -39.9106 2.6
      vertex -45.25 -36.25 2.6
      vertex -44.7072 -39.3282 2.6
    endloop
  endfacet
  facet normal 0 0 1
    outer loop
      vertex -45.25 36.25 2.6
      vertex -44.9827 38.4273 2.6
      vertex -45.1133 37.8128 2.6
    endloop
  endfacet
  facet normal 0 0 1
    outer loop
      vertex -44.7072 -39.3282 2.6
      vertex -45.25 -36.25 2.6
      vertex -44.9014 -38.7307 2.6
    endloop
  endfacet
  facet normal 0 0 1
    outer loop
      vertex -45.25 36.25 2.6
      vertex -45.1133 37.8128 2.6
      vertex -45.2007 37.1908 2.6
    endloop
  endfacet
  facet normal 0 0 1
    outer loop
      vertex -44.9014 -38.7307 2.6
      vertex -45.25 -36.25 2.6
      vertex -45.0533 -38.1212 2.6
    endloop
  endfacet
  facet normal 0 0 1
    outer loop
      vertex -45.25 36.25 2.6
      vertex -45.2007 37.1908 2.6
      vertex -45.2445 36.5641 2.6
    endloop
  endfacet
  facet normal 0 0 1
    outer loop
      vertex -45.0533 -38.1212 2.6
      vertex -45.25 -36.25 2.6
      vertex -45.1624 -37.5026 2.6
    endloop
  endfacet
  facet normal 0 0 1
    outer loop
      vertex -45.1624 -37.5026 2.6
      vertex -45.25 -36.25 2.6
      vertex -45.2281 -36.8778 2.6
    endloop
  endfacet
  facet normal 0 1 -0
    outer loop
      vertex 36.25 -45.25 2.6
      vertex -36.25 -45.25 5.41
      vertex 36.25 -45.25 5.41
    endloop
  endfacet
  facet normal 0 1 0
    outer loop
      vertex -36.25 -45.25 5.41
      vertex 36.25 -45.25 2.6
      vertex -36.25 -45.25 2.6
    endloop
  endfacet
  facet normal -0.642811 -0.766025 0
    outer loop
      vertex 41.791 43.3421 2.6
      vertex 42.2722 42.9383 5.41
      vertex 41.791 43.3421 5.41
    endloop
  endfacet
  facet normal -0.642811 -0.766025 -0
    outer loop
      vertex 42.2722 42.9383 5.41
      vertex 41.791 43.3421 2.6
      vertex 42.2722 42.9383 2.6
    endloop
  endfacet
  facet normal -0.275688 -0.961247 0
    outer loop
      vertex 38.4273 44.9827 2.6
      vertex 39.0312 44.8095 5.41
      vertex 38.4273 44.9827 5.41
    endloop
  endfacet
  facet normal -0.275688 -0.961247 -0
    outer loop
      vertex 39.0312 44.8095 5.41
      vertex 38.4273 44.9827 2.6
      vertex 39.0312 44.8095 2.6
    endloop
  endfacet
  facet normal -0.341948 -0.939719 0
    outer loop
      vertex 39.0312 44.8095 2.6
      vertex 39.6215 44.5947 5.41
      vertex 39.0312 44.8095 5.41
    endloop
  endfacet
  facet normal -0.341948 -0.939719 -0
    outer loop
      vertex 39.6215 44.5947 5.41
      vertex 39.0312 44.8095 2.6
      vertex 39.6215 44.5947 2.6
    endloop
  endfacet
  facet normal -1 0 0
    outer loop
      vertex 45.25 -36.25 2.6
      vertex 45.25 36.25 5.41
      vertex 45.25 36.25 2.6
    endloop
  endfacet
  facet normal -1 -0 0
    outer loop
      vertex 45.25 36.25 5.41
      vertex 45.25 -36.25 2.6
      vertex 45.25 -36.25 5.41
    endloop
  endfacet
  facet normal -0.994517 -0.104577 0
    outer loop
      vertex 45.2281 36.8778 2.6
      vertex 45.1624 37.5026 5.41
      vertex 45.1624 37.5026 2.6
    endloop
  endfacet
  facet normal -0.994517 -0.104577 0
    outer loop
      vertex 45.1624 37.5026 5.41
      vertex 45.2281 36.8778 2.6
      vertex 45.2281 36.8778 5.41
    endloop
  endfacet
  facet normal -0.882973 0.469423 0
    outer loop
      vertex 44.0442 -40.75 2.6
      vertex 44.3391 -40.1953 5.41
      vertex 44.3391 -40.1953 2.6
    endloop
  endfacet
  facet normal -0.882973 0.469423 0
    outer loop
      vertex 44.3391 -40.1953 5.41
      vertex 44.0442 -40.75 2.6
      vertex 44.0442 -40.75 5.41
    endloop
  endfacet
  facet normal -0.766025 0.642811 0
    outer loop
      vertex 42.9383 -42.2722 2.6
      vertex 43.3421 -41.791 5.41
      vertex 43.3421 -41.791 2.6
    endloop
  endfacet
  facet normal -0.766025 0.642811 0
    outer loop
      vertex 43.3421 -41.791 5.41
      vertex 42.9383 -42.2722 2.6
      vertex 42.9383 -42.2722 5.41
    endloop
  endfacet
  facet normal 0.241824 -0.97032 0
    outer loop
      vertex -38.7307 44.9014 2.6
      vertex -38.1212 45.0533 5.41
      vertex -38.7307 44.9014 5.41
    endloop
  endfacet
  facet normal 0.241824 -0.97032 0
    outer loop
      vertex -38.1212 45.0533 5.41
      vertex -38.7307 44.9014 2.6
      vertex -38.1212 45.0533 2.6
    endloop
  endfacet
  facet normal 0.173685 -0.984801 0
    outer loop
      vertex -38.1212 45.0533 2.6
      vertex -37.5026 45.1624 5.41
      vertex -38.1212 45.0533 5.41
    endloop
  endfacet
  facet normal 0.173685 -0.984801 0
    outer loop
      vertex -37.5026 45.1624 5.41
      vertex -38.1212 45.0533 2.6
      vertex -37.5026 45.1624 2.6
    endloop
  endfacet
  facet normal 0.309104 -0.951028 0
    outer loop
      vertex -39.3282 44.7072 2.6
      vertex -38.7307 44.9014 5.41
      vertex -39.3282 44.7072 5.41
    endloop
  endfacet
  facet normal 0.309104 -0.951028 0
    outer loop
      vertex -38.7307 44.9014 5.41
      vertex -39.3282 44.7072 2.6
      vertex -38.7307 44.9014 2.6
    endloop
  endfacet
  facet normal 0.559101 -0.8291 0
    outer loop
      vertex -41.5401 43.5312 2.6
      vertex -41.0193 43.8824 5.41
      vertex -41.5401 43.5312 5.41
    endloop
  endfacet
  facet normal 0.559101 -0.8291 0
    outer loop
      vertex -41.0193 43.8824 5.41
      vertex -41.5401 43.5312 2.6
      vertex -41.0193 43.8824 2.6
    endloop
  endfacet
  facet normal 0.615724 -0.787962 0
    outer loop
      vertex -42.0351 43.1444 2.6
      vertex -41.5401 43.5312 5.41
      vertex -42.0351 43.1444 5.41
    endloop
  endfacet
  facet normal 0.615724 -0.787962 0
    outer loop
      vertex -41.5401 43.5312 5.41
      vertex -42.0351 43.1444 2.6
      vertex -41.5401 43.5312 2.6
    endloop
  endfacet
  facet normal 0.500026 -0.866011 0
    outer loop
      vertex -41.0193 43.8824 2.6
      vertex -40.4753 44.1965 5.41
      vertex -41.0193 43.8824 5.41
    endloop
  endfacet
  facet normal 0.500026 -0.866011 0
    outer loop
      vertex -40.4753 44.1965 5.41
      vertex -41.0193 43.8824 2.6
      vertex -40.4753 44.1965 2.6
    endloop
  endfacet
  facet normal 0.961247 -0.275688 0
    outer loop
      vertex -44.9827 38.4273 5.41
      vertex -44.8095 39.0312 2.6
      vertex -44.8095 39.0312 5.41
    endloop
  endfacet
  facet normal 0.961247 -0.275688 0
    outer loop
      vertex -44.8095 39.0312 2.6
      vertex -44.9827 38.4273 5.41
      vertex -44.9827 38.4273 2.6
    endloop
  endfacet
  facet normal 0.766025 -0.642811 0
    outer loop
      vertex -43.3421 41.791 5.41
      vertex -42.9383 42.2722 2.6
      vertex -42.9383 42.2722 5.41
    endloop
  endfacet
  facet normal 0.766025 -0.642811 0
    outer loop
      vertex -42.9383 42.2722 2.6
      vertex -43.3421 41.791 5.41
      vertex -43.3421 41.791 2.6
    endloop
  endfacet
  facet normal 0.999392 0.0348625 0
    outer loop
      vertex -45.2281 -36.8778 5.41
      vertex -45.25 -36.25 2.6
      vertex -45.25 -36.25 5.41
    endloop
  endfacet
  facet normal 0.999392 0.0348625 0
    outer loop
      vertex -45.25 -36.25 2.6
      vertex -45.2281 -36.8778 5.41
      vertex -45.2281 -36.8778 2.6
    endloop
  endfacet
  facet normal 0.984801 0.173685 0
    outer loop
      vertex -45.0533 -38.1212 5.41
      vertex -45.1624 -37.5026 2.6
      vertex -45.1624 -37.5026 5.41
    endloop
  endfacet
  facet normal 0.984801 0.173685 0
    outer loop
      vertex -45.1624 -37.5026 2.6
      vertex -45.0533 -38.1212 5.41
      vertex -45.0533 -38.1212 2.6
    endloop
  endfacet
  facet normal 0.898808 0.438342 0
    outer loop
      vertex -44.1965 -40.4753 5.41
      vertex -44.4719 -39.9106 2.6
      vertex -44.4719 -39.9106 5.41
    endloop
  endfacet
  facet normal 0.898808 0.438342 0
    outer loop
      vertex -44.4719 -39.9106 2.6
      vertex -44.1965 -40.4753 5.41
      vertex -44.1965 -40.4753 2.6
    endloop
  endfacet
  facet normal 0.927187 0.3746 0
    outer loop
      vertex -44.4719 -39.9106 5.41
      vertex -44.7072 -39.3282 2.6
      vertex -44.7072 -39.3282 5.41
    endloop
  endfacet
  facet normal 0.927187 0.3746 0
    outer loop
      vertex -44.7072 -39.3282 2.6
      vertex -44.4719 -39.9106 5.41
      vertex -44.4719 -39.9106 2.6
    endloop
  endfacet
  facet normal 0.787962 0.615724 0
    outer loop
      vertex -43.1444 -42.0351 5.41
      vertex -43.5312 -41.5401 2.6
      vertex -43.5312 -41.5401 5.41
    endloop
  endfacet
  facet normal 0.787962 0.615724 0
    outer loop
      vertex -43.5312 -41.5401 2.6
      vertex -43.1444 -42.0351 5.41
      vertex -43.1444 -42.0351 2.6
    endloop
  endfacet
  facet normal 0.743152 0.669123 0
    outer loop
      vertex -42.7241 -42.5019 5.41
      vertex -43.1444 -42.0351 2.6
      vertex -43.1444 -42.0351 5.41
    endloop
  endfacet
  facet normal 0.743152 0.669123 0
    outer loop
      vertex -43.1444 -42.0351 2.6
      vertex -42.7241 -42.5019 5.41
      vertex -42.7241 -42.5019 2.6
    endloop
  endfacet
  facet normal 0.642811 0.766025 -0
    outer loop
      vertex -41.791 -43.3421 2.6
      vertex -42.2722 -42.9383 5.41
      vertex -41.791 -43.3421 5.41
    endloop
  endfacet
  facet normal 0.642811 0.766025 0
    outer loop
      vertex -42.2722 -42.9383 5.41
      vertex -41.791 -43.3421 2.6
      vertex -42.2722 -42.9383 2.6
    endloop
  endfacet
  facet normal 0.529956 0.848025 -0
    outer loop
      vertex -40.75 -44.0442 2.6
      vertex -41.2827 -43.7113 5.41
      vertex -40.75 -44.0442 5.41
    endloop
  endfacet
  facet normal 0.529956 0.848025 0
    outer loop
      vertex -41.2827 -43.7113 5.41
      vertex -40.75 -44.0442 2.6
      vertex -41.2827 -43.7113 2.6
    endloop
  endfacet
  facet normal 0.469423 0.882973 -0
    outer loop
      vertex -40.1953 -44.3391 2.6
      vertex -40.75 -44.0442 5.41
      vertex -40.1953 -44.3391 5.41
    endloop
  endfacet
  facet normal 0.469423 0.882973 0
    outer loop
      vertex -40.75 -44.0442 5.41
      vertex -40.1953 -44.3391 2.6
      vertex -40.75 -44.0442 2.6
    endloop
  endfacet
  facet normal 0.587679 0.809094 -0
    outer loop
      vertex -41.2827 -43.7113 2.6
      vertex -41.791 -43.3421 5.41
      vertex -41.2827 -43.7113 5.41
    endloop
  endfacet
  facet normal 0.587679 0.809094 0
    outer loop
      vertex -41.791 -43.3421 5.41
      vertex -41.2827 -43.7113 2.6
      vertex -41.791 -43.3421 2.6
    endloop
  endfacet
  facet normal 0.139147 0.990272 -0
    outer loop
      vertex -37.1908 -45.2007 2.6
      vertex -37.8128 -45.1133 5.41
      vertex -37.1908 -45.2007 5.41
    endloop
  endfacet
  facet normal 0.139147 0.990272 0
    outer loop
      vertex -37.8128 -45.1133 5.41
      vertex -37.1908 -45.2007 2.6
      vertex -37.8128 -45.1133 2.6
    endloop
  endfacet
  facet normal 0.207887 0.978153 -0
    outer loop
      vertex -37.8128 -45.1133 2.6
      vertex -38.4273 -44.9827 5.41
      vertex -37.8128 -45.1133 5.41
    endloop
  endfacet
  facet normal 0.207887 0.978153 0
    outer loop
      vertex -38.4273 -44.9827 5.41
      vertex -37.8128 -45.1133 2.6
      vertex -38.4273 -44.9827 2.6
    endloop
  endfacet
  facet normal 0.0697198 0.997567 -0
    outer loop
      vertex -36.5641 -45.2445 2.6
      vertex -37.1908 -45.2007 5.41
      vertex -36.5641 -45.2445 5.41
    endloop
  endfacet
  facet normal 0.0697198 0.997567 0
    outer loop
      vertex -37.1908 -45.2007 5.41
      vertex -36.5641 -45.2445 2.6
      vertex -37.1908 -45.2007 2.6
    endloop
  endfacet
  facet normal 0.275688 0.961247 -0
    outer loop
      vertex -38.4273 -44.9827 2.6
      vertex -39.0312 -44.8095 5.41
      vertex -38.4273 -44.9827 5.41
    endloop
  endfacet
  facet normal 0.275688 0.961247 0
    outer loop
      vertex -39.0312 -44.8095 5.41
      vertex -38.4273 -44.9827 2.6
      vertex -39.0312 -44.8095 2.6
    endloop
  endfacet
  facet normal 0.406906 0.91347 -0
    outer loop
      vertex -39.6215 -44.5947 2.6
      vertex -40.1953 -44.3391 5.41
      vertex -39.6215 -44.5947 5.41
    endloop
  endfacet
  facet normal 0.406906 0.91347 0
    outer loop
      vertex -40.1953 -44.3391 5.41
      vertex -39.6215 -44.5947 2.6
      vertex -40.1953 -44.3391 2.6
    endloop
  endfacet
  facet normal -0.694663 -0.719336 0
    outer loop
      vertex 42.2722 42.9383 2.6
      vertex 42.7241 42.5019 5.41
      vertex 42.2722 42.9383 5.41
    endloop
  endfacet
  facet normal -0.694663 -0.719336 -0
    outer loop
      vertex 42.7241 42.5019 5.41
      vertex 42.2722 42.9383 2.6
      vertex 42.7241 42.5019 2.6
    endloop
  endfacet
  facet normal -0.743152 -0.669123 0
    outer loop
      vertex 43.1444 42.0351 2.6
      vertex 42.7241 42.5019 5.41
      vertex 42.7241 42.5019 2.6
    endloop
  endfacet
  facet normal -0.743152 -0.669123 0
    outer loop
      vertex 42.7241 42.5019 5.41
      vertex 43.1444 42.0351 2.6
      vertex 43.1444 42.0351 5.41
    endloop
  endfacet
  facet normal -0.529956 -0.848025 0
    outer loop
      vertex 40.75 44.0442 2.6
      vertex 41.2827 43.7113 5.41
      vertex 40.75 44.0442 5.41
    endloop
  endfacet
  facet normal -0.529956 -0.848025 -0
    outer loop
      vertex 41.2827 43.7113 5.41
      vertex 40.75 44.0442 2.6
      vertex 41.2827 43.7113 2.6
    endloop
  endfacet
  facet normal -0.587679 -0.809094 0
    outer loop
      vertex 41.2827 43.7113 2.6
      vertex 41.791 43.3421 5.41
      vertex 41.2827 43.7113 5.41
    endloop
  endfacet
  facet normal -0.587679 -0.809094 -0
    outer loop
      vertex 41.791 43.3421 5.41
      vertex 41.2827 43.7113 2.6
      vertex 41.791 43.3421 2.6
    endloop
  endfacet
  facet normal -0.139147 -0.990272 0
    outer loop
      vertex 37.1908 45.2007 2.6
      vertex 37.8128 45.1133 5.41
      vertex 37.1908 45.2007 5.41
    endloop
  endfacet
  facet normal -0.139147 -0.990272 -0
    outer loop
      vertex 37.8128 45.1133 5.41
      vertex 37.1908 45.2007 2.6
      vertex 37.8128 45.1133 2.6
    endloop
  endfacet
  facet normal -0.406906 -0.91347 0
    outer loop
      vertex 39.6215 44.5947 2.6
      vertex 40.1953 44.3391 5.41
      vertex 39.6215 44.5947 5.41
    endloop
  endfacet
  facet normal -0.406906 -0.91347 -0
    outer loop
      vertex 40.1953 44.3391 5.41
      vertex 39.6215 44.5947 2.6
      vertex 40.1953 44.3391 2.6
    endloop
  endfacet
  facet normal -0.898808 -0.438342 0
    outer loop
      vertex 44.4719 39.9106 2.6
      vertex 44.1965 40.4753 5.41
      vertex 44.1965 40.4753 2.6
    endloop
  endfacet
  facet normal -0.898808 -0.438342 0
    outer loop
      vertex 44.1965 40.4753 5.41
      vertex 44.4719 39.9106 2.6
      vertex 44.4719 39.9106 5.41
    endloop
  endfacet
  facet normal -0.951028 -0.309104 0
    outer loop
      vertex 44.9014 38.7307 2.6
      vertex 44.7072 39.3282 5.41
      vertex 44.7072 39.3282 2.6
    endloop
  endfacet
  facet normal -0.951028 -0.309104 0
    outer loop
      vertex 44.7072 39.3282 5.41
      vertex 44.9014 38.7307 2.6
      vertex 44.9014 38.7307 5.41
    endloop
  endfacet
  facet normal -0.97032 -0.241824 0
    outer loop
      vertex 45.0533 38.1212 2.6
      vertex 44.9014 38.7307 5.41
      vertex 44.9014 38.7307 2.6
    endloop
  endfacet
  facet normal -0.97032 -0.241824 0
    outer loop
      vertex 44.9014 38.7307 5.41
      vertex 45.0533 38.1212 2.6
      vertex 45.0533 38.1212 5.41
    endloop
  endfacet
  facet normal -0.8291 -0.559101 0
    outer loop
      vertex 43.8824 41.0193 2.6
      vertex 43.5312 41.5401 5.41
      vertex 43.5312 41.5401 2.6
    endloop
  endfacet
  facet normal -0.8291 -0.559101 0
    outer loop
      vertex 43.5312 41.5401 5.41
      vertex 43.8824 41.0193 2.6
      vertex 43.8824 41.0193 5.41
    endloop
  endfacet
  facet normal -0.809094 0.587679 0
    outer loop
      vertex 43.3421 -41.791 2.6
      vertex 43.7113 -41.2827 5.41
      vertex 43.7113 -41.2827 2.6
    endloop
  endfacet
  facet normal -0.809094 0.587679 0
    outer loop
      vertex 43.7113 -41.2827 5.41
      vertex 43.3421 -41.791 2.6
      vertex 43.3421 -41.791 5.41
    endloop
  endfacet
  facet normal -0.848025 0.529956 0
    outer loop
      vertex 43.7113 -41.2827 2.6
      vertex 44.0442 -40.75 5.41
      vertex 44.0442 -40.75 2.6
    endloop
  endfacet
  facet normal -0.848025 0.529956 0
    outer loop
      vertex 44.0442 -40.75 5.41
      vertex 43.7113 -41.2827 2.6
      vertex 43.7113 -41.2827 5.41
    endloop
  endfacet
  facet normal -0.978153 0.207887 0
    outer loop
      vertex 44.9827 -38.4273 2.6
      vertex 45.1133 -37.8128 5.41
      vertex 45.1133 -37.8128 2.6
    endloop
  endfacet
  facet normal -0.978153 0.207887 0
    outer loop
      vertex 45.1133 -37.8128 5.41
      vertex 44.9827 -38.4273 2.6
      vertex 44.9827 -38.4273 5.41
    endloop
  endfacet
  facet normal -0.961247 0.275688 0
    outer loop
      vertex 44.8095 -39.0312 2.6
      vertex 44.9827 -38.4273 5.41
      vertex 44.9827 -38.4273 2.6
    endloop
  endfacet
  facet normal -0.961247 0.275688 0
    outer loop
      vertex 44.9827 -38.4273 5.41
      vertex 44.8095 -39.0312 2.6
      vertex 44.8095 -39.0312 5.41
    endloop
  endfacet
  facet normal -0.990272 0.139147 0
    outer loop
      vertex 45.1133 -37.8128 2.6
      vertex 45.2007 -37.1908 5.41
      vertex 45.2007 -37.1908 2.6
    endloop
  endfacet
  facet normal -0.990272 0.139147 0
    outer loop
      vertex 45.2007 -37.1908 5.41
      vertex 45.1133 -37.8128 2.6
      vertex 45.1133 -37.8128 5.41
    endloop
  endfacet
  facet normal -0.615724 0.787962 0
    outer loop
      vertex 42.0351 -43.1444 2.6
      vertex 41.5401 -43.5312 5.41
      vertex 42.0351 -43.1444 5.41
    endloop
  endfacet
  facet normal -0.615724 0.787962 0
    outer loop
      vertex 41.5401 -43.5312 5.41
      vertex 42.0351 -43.1444 2.6
      vertex 41.5401 -43.5312 2.6
    endloop
  endfacet
  facet normal -0.559101 0.8291 0
    outer loop
      vertex 41.5401 -43.5312 2.6
      vertex 41.0193 -43.8824 5.41
      vertex 41.5401 -43.5312 5.41
    endloop
  endfacet
  facet normal -0.559101 0.8291 0
    outer loop
      vertex 41.0193 -43.8824 5.41
      vertex 41.5401 -43.5312 2.6
      vertex 41.0193 -43.8824 2.6
    endloop
  endfacet
  facet normal -0.438342 0.898808 0
    outer loop
      vertex 40.4753 -44.1965 2.6
      vertex 39.9106 -44.4719 5.41
      vertex 40.4753 -44.1965 5.41
    endloop
  endfacet
  facet normal -0.438342 0.898808 0
    outer loop
      vertex 39.9106 -44.4719 5.41
      vertex 40.4753 -44.1965 2.6
      vertex 39.9106 -44.4719 2.6
    endloop
  endfacet
  facet normal -0.500026 0.866011 0
    outer loop
      vertex 41.0193 -43.8824 2.6
      vertex 40.4753 -44.1965 5.41
      vertex 41.0193 -43.8824 5.41
    endloop
  endfacet
  facet normal -0.500026 0.866011 0
    outer loop
      vertex 40.4753 -44.1965 5.41
      vertex 41.0193 -43.8824 2.6
      vertex 40.4753 -44.1965 2.6
    endloop
  endfacet
  facet normal -0.3746 0.927187 0
    outer loop
      vertex 39.9106 -44.4719 2.6
      vertex 39.3282 -44.7072 5.41
      vertex 39.9106 -44.4719 5.41
    endloop
  endfacet
  facet normal -0.3746 0.927187 0
    outer loop
      vertex 39.3282 -44.7072 5.41
      vertex 39.9106 -44.4719 2.6
      vertex 39.3282 -44.7072 2.6
    endloop
  endfacet
  facet normal -0.241824 0.97032 0
    outer loop
      vertex 38.7307 -44.9014 2.6
      vertex 38.1212 -45.0533 5.41
      vertex 38.7307 -44.9014 5.41
    endloop
  endfacet
  facet normal -0.241824 0.97032 0
    outer loop
      vertex 38.1212 -45.0533 5.41
      vertex 38.7307 -44.9014 2.6
      vertex 38.1212 -45.0533 2.6
    endloop
  endfacet
  facet normal 0.669123 -0.743152 0
    outer loop
      vertex -42.5019 42.7241 2.6
      vertex -42.0351 43.1444 5.41
      vertex -42.5019 42.7241 5.41
    endloop
  endfacet
  facet normal 0.669123 -0.743152 0
    outer loop
      vertex -42.0351 43.1444 5.41
      vertex -42.5019 42.7241 2.6
      vertex -42.0351 43.1444 2.6
    endloop
  endfacet
  facet normal 0.939719 -0.341948 0
    outer loop
      vertex -44.8095 39.0312 5.41
      vertex -44.5947 39.6215 2.6
      vertex -44.5947 39.6215 5.41
    endloop
  endfacet
  facet normal 0.939719 -0.341948 0
    outer loop
      vertex -44.5947 39.6215 2.6
      vertex -44.8095 39.0312 5.41
      vertex -44.8095 39.0312 2.6
    endloop
  endfacet
  facet normal 0.978153 -0.207887 0
    outer loop
      vertex -45.1133 37.8128 5.41
      vertex -44.9827 38.4273 2.6
      vertex -44.9827 38.4273 5.41
    endloop
  endfacet
  facet normal 0.978153 -0.207887 0
    outer loop
      vertex -44.9827 38.4273 2.6
      vertex -45.1133 37.8128 5.41
      vertex -45.1133 37.8128 2.6
    endloop
  endfacet
  facet normal 0.990272 -0.139147 0
    outer loop
      vertex -45.2007 37.1908 5.41
      vertex -45.1133 37.8128 2.6
      vertex -45.1133 37.8128 5.41
    endloop
  endfacet
  facet normal 0.990272 -0.139147 0
    outer loop
      vertex -45.1133 37.8128 2.6
      vertex -45.2007 37.1908 5.41
      vertex -45.2007 37.1908 2.6
    endloop
  endfacet
  facet normal 0.882973 -0.469423 0
    outer loop
      vertex -44.3391 40.1953 5.41
      vertex -44.0442 40.75 2.6
      vertex -44.0442 40.75 5.41
    endloop
  endfacet
  facet normal 0.882973 -0.469423 0
    outer loop
      vertex -44.0442 40.75 2.6
      vertex -44.3391 40.1953 5.41
      vertex -44.3391 40.1953 2.6
    endloop
  endfacet
  facet normal 0.848025 -0.529956 0
    outer loop
      vertex -44.0442 40.75 5.41
      vertex -43.7113 41.2827 2.6
      vertex -43.7113 41.2827 5.41
    endloop
  endfacet
  facet normal 0.848025 -0.529956 0
    outer loop
      vertex -43.7113 41.2827 2.6
      vertex -44.0442 40.75 5.41
      vertex -44.0442 40.75 2.6
    endloop
  endfacet
  facet normal 0.994517 0.104577 0
    outer loop
      vertex -45.1624 -37.5026 5.41
      vertex -45.2281 -36.8778 2.6
      vertex -45.2281 -36.8778 5.41
    endloop
  endfacet
  facet normal 0.994517 0.104577 0
    outer loop
      vertex -45.2281 -36.8778 2.6
      vertex -45.1624 -37.5026 5.41
      vertex -45.1624 -37.5026 2.6
    endloop
  endfacet
  facet normal 0.951028 0.309104 0
    outer loop
      vertex -44.7072 -39.3282 5.41
      vertex -44.9014 -38.7307 2.6
      vertex -44.9014 -38.7307 5.41
    endloop
  endfacet
  facet normal 0.951028 0.309104 0
    outer loop
      vertex -44.9014 -38.7307 2.6
      vertex -44.7072 -39.3282 5.41
      vertex -44.7072 -39.3282 2.6
    endloop
  endfacet
  facet normal 0.97032 0.241824 0
    outer loop
      vertex -44.9014 -38.7307 5.41
      vertex -45.0533 -38.1212 2.6
      vertex -45.0533 -38.1212 5.41
    endloop
  endfacet
  facet normal 0.97032 0.241824 0
    outer loop
      vertex -45.0533 -38.1212 2.6
      vertex -44.9014 -38.7307 5.41
      vertex -44.9014 -38.7307 2.6
    endloop
  endfacet
  facet normal 0.866011 0.500026 0
    outer loop
      vertex -43.8824 -41.0193 5.41
      vertex -44.1965 -40.4753 2.6
      vertex -44.1965 -40.4753 5.41
    endloop
  endfacet
  facet normal 0.866011 0.500026 0
    outer loop
      vertex -44.1965 -40.4753 2.6
      vertex -43.8824 -41.0193 5.41
      vertex -43.8824 -41.0193 2.6
    endloop
  endfacet
  facet normal 0.8291 0.559101 0
    outer loop
      vertex -43.5312 -41.5401 5.41
      vertex -43.8824 -41.0193 2.6
      vertex -43.8824 -41.0193 5.41
    endloop
  endfacet
  facet normal 0.8291 0.559101 0
    outer loop
      vertex -43.8824 -41.0193 2.6
      vertex -43.5312 -41.5401 5.41
      vertex -43.5312 -41.5401 2.6
    endloop
  endfacet
  facet normal 0.694663 0.719336 -0
    outer loop
      vertex -42.2722 -42.9383 2.6
      vertex -42.7241 -42.5019 5.41
      vertex -42.2722 -42.9383 5.41
    endloop
  endfacet
  facet normal 0.694663 0.719336 0
    outer loop
      vertex -42.7241 -42.5019 5.41
      vertex -42.2722 -42.9383 2.6
      vertex -42.7241 -42.5019 2.6
    endloop
  endfacet
  facet normal 0.341948 0.939719 -0
    outer loop
      vertex -39.0312 -44.8095 2.6
      vertex -39.6215 -44.5947 5.41
      vertex -39.0312 -44.8095 5.41
    endloop
  endfacet
  facet normal 0.341948 0.939719 0
    outer loop
      vertex -39.6215 -44.5947 5.41
      vertex -39.0312 -44.8095 2.6
      vertex -39.6215 -44.5947 2.6
    endloop
  endfacet
  facet normal -0.207887 -0.978153 0
    outer loop
      vertex 37.8128 45.1133 2.6
      vertex 38.4273 44.9827 5.41
      vertex 37.8128 45.1133 5.41
    endloop
  endfacet
  facet normal -0.207887 -0.978153 -0
    outer loop
      vertex 38.4273 44.9827 5.41
      vertex 37.8128 45.1133 2.6
      vertex 38.4273 44.9827 2.6
    endloop
  endfacet
  facet normal -0.999392 -0.0348625 0
    outer loop
      vertex 45.25 36.25 2.6
      vertex 45.2281 36.8778 5.41
      vertex 45.2281 36.8778 2.6
    endloop
  endfacet
  facet normal -0.999392 -0.0348625 0
    outer loop
      vertex 45.2281 36.8778 5.41
      vertex 45.25 36.25 2.6
      vertex 45.25 36.25 5.41
    endloop
  endfacet
  facet normal -0.927187 -0.3746 0
    outer loop
      vertex 44.7072 39.3282 2.6
      vertex 44.4719 39.9106 5.41
      vertex 44.4719 39.9106 2.6
    endloop
  endfacet
  facet normal -0.927187 -0.3746 0
    outer loop
      vertex 44.4719 39.9106 5.41
      vertex 44.7072 39.3282 2.6
      vertex 44.7072 39.3282 5.41
    endloop
  endfacet
  facet normal -0.939719 0.341948 0
    outer loop
      vertex 44.5947 -39.6215 2.6
      vertex 44.8095 -39.0312 5.41
      vertex 44.8095 -39.0312 2.6
    endloop
  endfacet
  facet normal -0.939719 0.341948 0
    outer loop
      vertex 44.8095 -39.0312 5.41
      vertex 44.5947 -39.6215 2.6
      vertex 44.5947 -39.6215 5.41
    endloop
  endfacet
  facet normal -0.91347 0.406906 0
    outer loop
      vertex 44.3391 -40.1953 2.6
      vertex 44.5947 -39.6215 5.41
      vertex 44.5947 -39.6215 2.6
    endloop
  endfacet
  facet normal -0.91347 0.406906 0
    outer loop
      vertex 44.5947 -39.6215 5.41
      vertex 44.3391 -40.1953 2.6
      vertex 44.3391 -40.1953 5.41
    endloop
  endfacet
  facet normal -0.669123 0.743152 0
    outer loop
      vertex 42.5019 -42.7241 2.6
      vertex 42.0351 -43.1444 5.41
      vertex 42.5019 -42.7241 5.41
    endloop
  endfacet
  facet normal -0.669123 0.743152 0
    outer loop
      vertex 42.0351 -43.1444 5.41
      vertex 42.5019 -42.7241 2.6
      vertex 42.0351 -43.1444 2.6
    endloop
  endfacet
  facet normal -0.719336 0.694663 0
    outer loop
      vertex 42.5019 -42.7241 2.6
      vertex 42.9383 -42.2722 5.41
      vertex 42.9383 -42.2722 2.6
    endloop
  endfacet
  facet normal -0.719336 0.694663 0
    outer loop
      vertex 42.9383 -42.2722 5.41
      vertex 42.5019 -42.7241 2.6
      vertex 42.5019 -42.7241 5.41
    endloop
  endfacet
  facet normal -0.309104 0.951028 0
    outer loop
      vertex 39.3282 -44.7072 2.6
      vertex 38.7307 -44.9014 5.41
      vertex 39.3282 -44.7072 5.41
    endloop
  endfacet
  facet normal -0.309104 0.951028 0
    outer loop
      vertex 38.7307 -44.9014 5.41
      vertex 39.3282 -44.7072 2.6
      vertex 38.7307 -44.9014 2.6
    endloop
  endfacet
  facet normal 0.3746 -0.927187 0
    outer loop
      vertex -39.9106 44.4719 2.6
      vertex -39.3282 44.7072 5.41
      vertex -39.9106 44.4719 5.41
    endloop
  endfacet
  facet normal 0.3746 -0.927187 0
    outer loop
      vertex -39.3282 44.7072 5.41
      vertex -39.9106 44.4719 2.6
      vertex -39.3282 44.7072 2.6
    endloop
  endfacet
  facet normal -0.984801 -0.173685 0
    outer loop
      vertex 45.1624 37.5026 2.6
      vertex 45.0533 38.1212 5.41
      vertex 45.0533 38.1212 2.6
    endloop
  endfacet
  facet normal -0.984801 -0.173685 0
    outer loop
      vertex 45.0533 38.1212 5.41
      vertex 45.1624 37.5026 2.6
      vertex 45.1624 37.5026 5.41
    endloop
  endfacet
  facet normal -0.866011 -0.500026 0
    outer loop
      vertex 44.1965 40.4753 2.6
      vertex 43.8824 41.0193 5.41
      vertex 43.8824 41.0193 2.6
    endloop
  endfacet
  facet normal -0.866011 -0.500026 0
    outer loop
      vertex 43.8824 41.0193 5.41
      vertex 44.1965 40.4753 2.6
      vertex 44.1965 40.4753 5.41
    endloop
  endfacet
  facet normal -0.609647 -0.476387 -0.63355
    outer loop
      vertex 42.4467 41.3374 6.606
      vertex 43.5312 41.5401 5.41
      vertex 42.8335 40.8424 6.606
    endloop
  endfacet
  facet normal -0.609647 -0.476387 -0.63355
    outer loop
      vertex 43.5312 41.5401 5.41
      vertex 42.4467 41.3374 6.606
      vertex 43.1444 42.0351 5.41
    endloop
  endfacet
  facet normal -0.0298502 0.855707 -0.5166
    outer loop
      vertex 36.25 -45.25 5.41
      vertex 36.1801 -44.5304 6.606
      vertex 36.8778 -45.2281 5.41
    endloop
  endfacet
  facet normal -0.0298502 0.855707 -0.5166
    outer loop
      vertex 36.1801 -44.5304 6.606
      vertex 36.25 -45.25 5.41
      vertex 35.5523 -44.5523 6.606
    endloop
  endfacet
  facet normal -0.0591857 -0.846842 -0.528541
    outer loop
      vertex 36.5641 45.2445 5.41
      vertex 36.4931 44.503 6.606
      vertex 35.8664 44.5468 6.606
    endloop
  endfacet
  facet normal -0.0591857 -0.846842 -0.528541
    outer loop
      vertex 36.4931 44.503 6.606
      vertex 36.5641 45.2445 5.41
      vertex 37.1908 45.2007 5.41
    endloop
  endfacet
  facet normal 0.322222 0.723769 -0.61019
    outer loop
      vertex -39.6215 -44.5947 5.41
      vertex -39.4977 -43.6415 6.606
      vertex -38.9238 -43.897 6.606
    endloop
  endfacet
  facet normal 0.322381 0.723718 -0.610166
    outer loop
      vertex -39.4977 -43.6415 6.606
      vertex -39.6215 -44.5947 5.41
      vertex -40.1953 -44.3391 5.41
    endloop
  endfacet
  facet normal -0.846842 0.0591857 -0.528541
    outer loop
      vertex 45.2445 -36.5641 5.41
      vertex 44.503 -36.4931 6.606
      vertex 44.5468 -35.8664 6.606
    endloop
  endfacet
  facet normal -0.846842 0.0591857 -0.528541
    outer loop
      vertex 44.503 -36.4931 6.606
      vertex 45.2445 -36.5641 5.41
      vertex 45.2007 -37.1908 5.41
    endloop
  endfacet
  facet normal -0.368607 -0.693217 -0.619338
    outer loop
      vertex 40.1953 44.3391 5.41
      vertex 40.0523 43.3466 6.606
      vertex 39.4977 43.6415 6.606
    endloop
  endfacet
  facet normal -0.368552 -0.693237 -0.619348
    outer loop
      vertex 40.0523 43.3466 6.606
      vertex 40.1953 44.3391 5.41
      vertex 40.75 44.0442 5.41
    endloop
  endfacet
  facet normal 0 0.863768 -0.503889
    outer loop
      vertex 36.25 -45.25 5.41
      vertex -35.5523 -44.5523 6.606
      vertex 35.5523 -44.5523 6.606
    endloop
  endfacet
  facet normal 0 0.863768 -0.503889
    outer loop
      vertex -35.5523 -44.5523 6.606
      vertex 36.25 -45.25 5.41
      vertex -36.25 -45.25 5.41
    endloop
  endfacet
  facet normal -0.0880355 0.837209 -0.539751
    outer loop
      vertex 36.8778 -45.2281 5.41
      vertex 36.8049 -44.4647 6.606
      vertex 37.5026 -45.1624 5.41
    endloop
  endfacet
  facet normal -0.0880355 0.837209 -0.539751
    outer loop
      vertex 36.8049 -44.4647 6.606
      vertex 36.8778 -45.2281 5.41
      vertex 36.1801 -44.5304 6.606
    endloop
  endfacet
  facet normal 0.627161 -0.455747 -0.631636
    outer loop
      vertex -43.7113 41.2827 5.41
      vertex -42.6444 41.0933 6.606
      vertex -43.0137 40.5851 6.606
    endloop
  endfacet
  facet normal 0.627235 -0.455588 -0.631677
    outer loop
      vertex -42.6444 41.0933 6.606
      vertex -43.7113 41.2827 5.41
      vertex -43.3421 41.791 5.41
    endloop
  endfacet
  facet normal 0 -0.863768 -0.503889
    outer loop
      vertex -36.25 45.25 5.41
      vertex 35.5523 44.5523 6.606
      vertex -35.5523 44.5523 6.606
    endloop
  endfacet
  facet normal 0 -0.863768 -0.503889
    outer loop
      vertex 35.5523 44.5523 6.606
      vertex -36.25 45.25 5.41
      vertex 36.25 45.25 5.41
    endloop
  endfacet
  facet normal 0.0880355 -0.837209 -0.539751
    outer loop
      vertex -36.8778 45.2281 5.41
      vertex -36.8049 44.4647 6.606
      vertex -37.5026 45.1624 5.41
    endloop
  endfacet
  facet normal 0.0880355 -0.837209 -0.539751
    outer loop
      vertex -36.8049 44.4647 6.606
      vertex -36.8778 45.2281 5.41
      vertex -36.1801 44.5304 6.606
    endloop
  endfacet
  facet normal 0.0298502 -0.855707 -0.5166
    outer loop
      vertex -36.25 45.25 5.41
      vertex -36.1801 44.5304 6.606
      vertex -36.8778 45.2281 5.41
    endloop
  endfacet
  facet normal 0.0298502 -0.855707 -0.5166
    outer loop
      vertex -36.1801 44.5304 6.606
      vertex -36.25 45.25 5.41
      vertex -35.5523 44.5523 6.606
    endloop
  endfacet
  facet normal -0.863768 0 -0.503889
    outer loop
      vertex 45.25 36.25 5.41
      vertex 44.5523 -35.5523 6.606
      vertex 44.5523 35.5523 6.606
    endloop
  endfacet
  facet normal -0.863768 0 -0.503889
    outer loop
      vertex 44.5523 -35.5523 6.606
      vertex 45.25 36.25 5.41
      vertex 45.25 -36.25 5.41
    endloop
  endfacet
  facet normal -0.322222 -0.723769 -0.61019
    outer loop
      vertex 39.6215 44.5947 5.41
      vertex 39.4977 43.6415 6.606
      vertex 38.9238 43.897 6.606
    endloop
  endfacet
  facet normal -0.322381 -0.723718 -0.610166
    outer loop
      vertex 39.4977 43.6415 6.606
      vertex 39.6215 44.5947 5.41
      vertex 40.1953 44.3391 5.41
    endloop
  endfacet
  facet normal -0.223563 -0.779501 -0.585148
    outer loop
      vertex 38.4273 44.9827 5.41
      vertex 38.3335 44.1118 6.606
      vertex 37.7296 44.285 6.606
    endloop
  endfacet
  facet normal -0.223563 -0.779501 -0.585148
    outer loop
      vertex 38.3335 44.1118 6.606
      vertex 38.4273 44.9827 5.41
      vertex 39.0312 44.8095 5.41
    endloop
  endfacet
  facet normal -0.779501 0.223563 -0.585148
    outer loop
      vertex 44.9827 -38.4273 5.41
      vertex 44.1118 -38.3335 6.606
      vertex 44.285 -37.7296 6.606
    endloop
  endfacet
  facet normal -0.779501 0.223563 -0.585148
    outer loop
      vertex 44.1118 -38.3335 6.606
      vertex 44.9827 -38.4273 5.41
      vertex 44.8095 -39.0312 5.41
    endloop
  endfacet
  facet normal -0.39106 0.67729 -0.623177
    outer loop
      vertex 40.4753 -44.1965 5.41
      vertex 40.3216 -43.1848 6.606
      vertex 41.0193 -43.8824 5.41
    endloop
  endfacet
  facet normal -0.39106 0.67729 -0.623177
    outer loop
      vertex 40.3216 -43.1848 6.606
      vertex 40.4753 -44.1965 5.41
      vertex 39.7776 -43.4989 6.606
    endloop
  endfacet
  facet normal 0.535878 0.554911 -0.636324
    outer loop
      vertex -42.2722 -42.9383 5.41
      vertex -42.0264 -41.8042 6.606
      vertex -41.5745 -42.2406 6.606
    endloop
  endfacet
  facet normal 0.535878 0.554911 -0.636324
    outer loop
      vertex -42.0264 -41.8042 6.606
      vertex -42.2722 -42.9383 5.41
      vertex -42.7241 -42.5019 5.41
    endloop
  endfacet
  facet normal 0.591802 -0.496612 -0.634939
    outer loop
      vertex -43.3421 41.791 5.41
      vertex -42.2406 41.5745 6.606
      vertex -42.6444 41.0933 6.606
    endloop
  endfacet
  facet normal 0.591802 -0.496612 -0.634939
    outer loop
      vertex -42.2406 41.5745 6.606
      vertex -43.3421 41.791 5.41
      vertex -42.9383 42.2722 5.41
    endloop
  endfacet
  facet normal 0.863768 0 -0.503889
    outer loop
      vertex -44.5523 -35.5523 6.606
      vertex -45.25 36.25 5.41
      vertex -44.5523 35.5523 6.606
    endloop
  endfacet
  facet normal 0.863768 0 -0.503889
    outer loop
      vertex -45.25 36.25 5.41
      vertex -44.5523 -35.5523 6.606
      vertex -45.25 -36.25 5.41
    endloop
  endfacet
  facet normal 0.644277 0.43459 -0.629316
    outer loop
      vertex -42.8335 -40.8424 6.606
      vertex -43.8824 -41.0193 5.41
      vertex -43.1848 -40.3216 6.606
    endloop
  endfacet
  facet normal 0.644319 0.434495 -0.629338
    outer loop
      vertex -43.8824 -41.0193 5.41
      vertex -42.8335 -40.8424 6.606
      vertex -43.5312 -41.5401 5.41
    endloop
  endfacet
  facet normal -0.0150558 -0.859823 -0.51037
    outer loop
      vertex 36.25 45.25 5.41
      vertex 35.8664 44.5468 6.606
      vertex 35.5523 44.5523 6.606
    endloop
  endfacet
  facet normal -0.0150558 -0.859823 -0.51037
    outer loop
      vertex 35.8664 44.5468 6.606
      vertex 36.25 45.25 5.41
      vertex 36.5641 45.2445 5.41
    endloop
  endfacet
  facet normal -0.170984 -0.804382 -0.568976
    outer loop
      vertex 37.8128 45.1133 5.41
      vertex 37.7296 44.285 6.606
      vertex 37.1152 44.4156 6.606
    endloop
  endfacet
  facet normal -0.170957 -0.804387 -0.568978
    outer loop
      vertex 37.7296 44.285 6.606
      vertex 37.8128 45.1133 5.41
      vertex 38.4273 44.9827 5.41
    endloop
  endfacet
  facet normal -0.273863 -0.752614 -0.598807
    outer loop
      vertex 39.0312 44.8095 5.41
      vertex 38.9238 43.897 6.606
      vertex 38.3335 44.1118 6.606
    endloop
  endfacet
  facet normal -0.273863 -0.752614 -0.598807
    outer loop
      vertex 38.9238 43.897 6.606
      vertex 39.0312 44.8095 5.41
      vertex 39.6215 44.5947 5.41
    endloop
  endfacet
  facet normal -0.855707 -0.0298502 -0.5166
    outer loop
      vertex 45.25 36.25 5.41
      vertex 44.5304 36.1801 6.606
      vertex 45.2281 36.8778 5.41
    endloop
  endfacet
  facet normal -0.855707 -0.0298502 -0.5166
    outer loop
      vertex 44.5304 36.1801 6.606
      vertex 45.25 36.25 5.41
      vertex 44.5523 35.5523 6.606
    endloop
  endfacet
  facet normal -0.859823 0.0150558 -0.51037
    outer loop
      vertex 45.25 -36.25 5.41
      vertex 44.5468 -35.8664 6.606
      vertex 44.5523 -35.5523 6.606
    endloop
  endfacet
  facet normal -0.859823 0.0150558 -0.51037
    outer loop
      vertex 44.5468 -35.8664 6.606
      vertex 45.25 -36.25 5.41
      vertex 45.2445 -36.5641 5.41
    endloop
  endfacet
  facet normal -0.496612 -0.591802 -0.634939
    outer loop
      vertex 41.5745 42.2406 6.606
      vertex 41.791 43.3421 5.41
      vertex 42.2722 42.9383 5.41
    endloop
  endfacet
  facet normal -0.496612 -0.591802 -0.634939
    outer loop
      vertex 41.791 43.3421 5.41
      vertex 41.5745 42.2406 6.606
      vertex 41.0933 42.6444 6.606
    endloop
  endfacet
  facet normal -0.535878 -0.554911 -0.636324
    outer loop
      vertex 42.0264 41.8042 6.606
      vertex 42.2722 42.9383 5.41
      vertex 42.7241 42.5019 5.41
    endloop
  endfacet
  facet normal -0.535878 -0.554911 -0.636324
    outer loop
      vertex 42.2722 42.9383 5.41
      vertex 42.0264 41.8042 6.606
      vertex 41.5745 42.2406 6.606
    endloop
  endfacet
  facet normal -0.413009 -0.661013 -0.626487
    outer loop
      vertex 40.75 44.0442 5.41
      vertex 40.5851 43.0137 6.606
      vertex 40.0523 43.3466 6.606
    endloop
  endfacet
  facet normal -0.41307 -0.660987 -0.626474
    outer loop
      vertex 40.5851 43.0137 6.606
      vertex 40.75 44.0442 5.41
      vertex 41.2827 43.7113 5.41
    endloop
  endfacet
  facet normal -0.455588 -0.627235 -0.631677
    outer loop
      vertex 41.0933 42.6444 6.606
      vertex 41.2827 43.7113 5.41
      vertex 41.791 43.3421 5.41
    endloop
  endfacet
  facet normal -0.455747 -0.627161 -0.631636
    outer loop
      vertex 41.2827 43.7113 5.41
      vertex 41.0933 42.6444 6.606
      vertex 40.5851 43.0137 6.606
    endloop
  endfacet
  facet normal -0.591802 0.496612 -0.634939
    outer loop
      vertex 42.2406 -41.5745 6.606
      vertex 43.3421 -41.791 5.41
      vertex 42.9383 -42.2722 5.41
    endloop
  endfacet
  facet normal -0.591802 0.496612 -0.634939
    outer loop
      vertex 43.3421 -41.791 5.41
      vertex 42.2406 -41.5745 6.606
      vertex 42.6444 -41.0933 6.606
    endloop
  endfacet
  facet normal -0.434495 0.644319 -0.629338
    outer loop
      vertex 41.0193 -43.8824 5.41
      vertex 40.8424 -42.8335 6.606
      vertex 41.5401 -43.5312 5.41
    endloop
  endfacet
  facet normal -0.43459 0.644277 -0.629316
    outer loop
      vertex 40.8424 -42.8335 6.606
      vertex 41.0193 -43.8824 5.41
      vertex 40.3216 -43.1848 6.606
    endloop
  endfacet
  facet normal -0.14391 0.815973 -0.55989
    outer loop
      vertex 37.5026 -45.1624 5.41
      vertex 37.4235 -44.3557 6.606
      vertex 38.1212 -45.0533 5.41
    endloop
  endfacet
  facet normal -0.143781 0.815993 -0.559895
    outer loop
      vertex 37.4235 -44.3557 6.606
      vertex 37.5026 -45.1624 5.41
      vertex 36.8049 -44.4647 6.606
    endloop
  endfacet
  facet normal -0.249061 0.766292 -0.592254
    outer loop
      vertex 38.7307 -44.9014 5.41
      vertex 38.6305 -44.0096 6.606
      vertex 39.3282 -44.7072 5.41
    endloop
  endfacet
  facet normal -0.248981 0.766312 -0.592262
    outer loop
      vertex 38.6305 -44.0096 6.606
      vertex 38.7307 -44.9014 5.41
      vertex 38.0331 -44.2037 6.606
    endloop
  endfacet
  facet normal 0.496612 0.591802 -0.634939
    outer loop
      vertex -41.791 -43.3421 5.41
      vertex -41.5745 -42.2406 6.606
      vertex -41.0933 -42.6444 6.606
    endloop
  endfacet
  facet normal 0.496612 0.591802 -0.634939
    outer loop
      vertex -41.5745 -42.2406 6.606
      vertex -41.791 -43.3421 5.41
      vertex -42.2722 -42.9383 5.41
    endloop
  endfacet
  facet normal 0.223563 0.779501 -0.585148
    outer loop
      vertex -38.4273 -44.9827 5.41
      vertex -38.3335 -44.1118 6.606
      vertex -37.7296 -44.285 6.606
    endloop
  endfacet
  facet normal 0.223563 0.779501 -0.585148
    outer loop
      vertex -38.3335 -44.1118 6.606
      vertex -38.4273 -44.9827 5.41
      vertex -39.0312 -44.8095 5.41
    endloop
  endfacet
  facet normal 0.855707 0.0298502 -0.5166
    outer loop
      vertex -44.5304 -36.1801 6.606
      vertex -45.25 -36.25 5.41
      vertex -44.5523 -35.5523 6.606
    endloop
  endfacet
  facet normal 0.855707 0.0298502 -0.5166
    outer loop
      vertex -45.25 -36.25 5.41
      vertex -44.5304 -36.1801 6.606
      vertex -45.2281 -36.8778 5.41
    endloop
  endfacet
  facet normal 0.766312 0.248981 -0.592262
    outer loop
      vertex -44.0096 -38.6305 6.606
      vertex -44.9014 -38.7307 5.41
      vertex -44.2037 -38.0331 6.606
    endloop
  endfacet
  facet normal 0.766292 0.249061 -0.592254
    outer loop
      vertex -44.9014 -38.7307 5.41
      vertex -44.0096 -38.6305 6.606
      vertex -44.7072 -39.3282 5.41
    endloop
  endfacet
  facet normal -0.116177 -0.82693 -0.550172
    outer loop
      vertex 37.1908 45.2007 5.41
      vertex 37.1152 44.4156 6.606
      vertex 36.4931 44.503 6.606
    endloop
  endfacet
  facet normal -0.116195 -0.826928 -0.550172
    outer loop
      vertex 37.1152 44.4156 6.606
      vertex 37.1908 45.2007 5.41
      vertex 37.8128 45.1133 5.41
    endloop
  endfacet
  facet normal -0.738411 -0.298331 -0.60477
    outer loop
      vertex 44.7072 39.3282 5.41
      vertex 43.7742 39.213 6.606
      vertex 44.4719 39.9106 5.41
    endloop
  endfacet
  facet normal -0.738391 -0.298399 -0.604761
    outer loop
      vertex 43.7742 39.213 6.606
      vertex 44.7072 39.3282 5.41
      vertex 44.0096 38.6305 6.606
    endloop
  endfacet
  facet normal -0.792267 -0.197449 -0.577345
    outer loop
      vertex 45.0533 38.1212 5.41
      vertex 44.2037 38.0331 6.606
      vertex 44.9014 38.7307 5.41
    endloop
  endfacet
  facet normal -0.792248 -0.197542 -0.577339
    outer loop
      vertex 44.2037 38.0331 6.606
      vertex 45.0533 38.1212 5.41
      vertex 44.3557 37.4235 6.606
    endloop
  endfacet
  facet normal -0.815973 -0.14391 -0.55989
    outer loop
      vertex 45.1624 37.5026 5.41
      vertex 44.3557 37.4235 6.606
      vertex 45.0533 38.1212 5.41
    endloop
  endfacet
  facet normal -0.815993 -0.143781 -0.559895
    outer loop
      vertex 44.3557 37.4235 6.606
      vertex 45.1624 37.5026 5.41
      vertex 44.4647 36.8049 6.606
    endloop
  endfacet
  facet normal -0.573566 -0.516431 -0.635862
    outer loop
      vertex 42.0264 41.8042 6.606
      vertex 43.1444 42.0351 5.41
      vertex 42.4467 41.3374 6.606
    endloop
  endfacet
  facet normal -0.573566 -0.516431 -0.635862
    outer loop
      vertex 43.1444 42.0351 5.41
      vertex 42.0264 41.8042 6.606
      vertex 42.7241 42.5019 5.41
    endloop
  endfacet
  facet normal -0.197449 0.792267 -0.577345
    outer loop
      vertex 38.1212 -45.0533 5.41
      vertex 38.0331 -44.2037 6.606
      vertex 38.7307 -44.9014 5.41
    endloop
  endfacet
  facet normal -0.197542 0.792248 -0.577339
    outer loop
      vertex 38.0331 -44.2037 6.606
      vertex 38.1212 -45.0533 5.41
      vertex 37.4235 -44.3557 6.606
    endloop
  endfacet
  facet normal 0.573566 0.516431 -0.635862
    outer loop
      vertex -43.1444 -42.0351 5.41
      vertex -42.0264 -41.8042 6.606
      vertex -42.7241 -42.5019 5.41
    endloop
  endfacet
  facet normal 0.573566 0.516431 -0.635862
    outer loop
      vertex -42.0264 -41.8042 6.606
      vertex -43.1444 -42.0351 5.41
      vertex -42.4467 -41.3374 6.606
    endloop
  endfacet
  facet normal 0.455747 0.627161 -0.631636
    outer loop
      vertex -41.2827 -43.7113 5.41
      vertex -41.0933 -42.6444 6.606
      vertex -40.5851 -43.0137 6.606
    endloop
  endfacet
  facet normal 0.455588 0.627235 -0.631677
    outer loop
      vertex -41.0933 -42.6444 6.606
      vertex -41.2827 -43.7113 5.41
      vertex -41.791 -43.3421 5.41
    endloop
  endfacet
  facet normal 0.368607 0.693217 -0.619338
    outer loop
      vertex -40.1953 -44.3391 5.41
      vertex -40.0523 -43.3466 6.606
      vertex -39.4977 -43.6415 6.606
    endloop
  endfacet
  facet normal 0.368552 0.693237 -0.619348
    outer loop
      vertex -40.0523 -43.3466 6.606
      vertex -40.1953 -44.3391 5.41
      vertex -40.75 -44.0442 5.41
    endloop
  endfacet
  facet normal 0.0591857 0.846842 -0.528541
    outer loop
      vertex -36.5641 -45.2445 5.41
      vertex -36.4931 -44.503 6.606
      vertex -35.8664 -44.5468 6.606
    endloop
  endfacet
  facet normal 0.0591857 0.846842 -0.528541
    outer loop
      vertex -36.4931 -44.503 6.606
      vertex -36.5641 -45.2445 5.41
      vertex -37.1908 -45.2007 5.41
    endloop
  endfacet
  facet normal 0.779501 -0.223563 -0.585148
    outer loop
      vertex -44.1118 38.3335 6.606
      vertex -44.9827 38.4273 5.41
      vertex -44.8095 39.0312 5.41
    endloop
  endfacet
  facet normal 0.779501 -0.223563 -0.585148
    outer loop
      vertex -44.9827 38.4273 5.41
      vertex -44.1118 38.3335 6.606
      vertex -44.285 37.7296 6.606
    endloop
  endfacet
  facet normal 0.826928 -0.116195 -0.550172
    outer loop
      vertex -44.4156 37.1152 6.606
      vertex -45.2007 37.1908 5.41
      vertex -45.1133 37.8128 5.41
    endloop
  endfacet
  facet normal 0.82693 -0.116177 -0.550172
    outer loop
      vertex -45.2007 37.1908 5.41
      vertex -44.4156 37.1152 6.606
      vertex -44.503 36.4931 6.606
    endloop
  endfacet
  facet normal 0.67729 0.39106 -0.623177
    outer loop
      vertex -43.1848 -40.3216 6.606
      vertex -44.1965 -40.4753 5.41
      vertex -43.4989 -39.7776 6.606
    endloop
  endfacet
  facet normal 0.67729 0.39106 -0.623177
    outer loop
      vertex -44.1965 -40.4753 5.41
      vertex -43.1848 -40.3216 6.606
      vertex -43.8824 -41.0193 5.41
    endloop
  endfacet
  facet normal -0.837209 -0.0880355 -0.539751
    outer loop
      vertex 45.2281 36.8778 5.41
      vertex 44.4647 36.8049 6.606
      vertex 45.1624 37.5026 5.41
    endloop
  endfacet
  facet normal -0.837209 -0.0880355 -0.539751
    outer loop
      vertex 44.4647 36.8049 6.606
      vertex 45.2281 36.8778 5.41
      vertex 44.5304 36.1801 6.606
    endloop
  endfacet
  facet normal -0.67729 -0.39106 -0.623177
    outer loop
      vertex 44.1965 40.4753 5.41
      vertex 43.1848 40.3216 6.606
      vertex 43.8824 41.0193 5.41
    endloop
  endfacet
  facet normal -0.67729 -0.39106 -0.623177
    outer loop
      vertex 43.1848 40.3216 6.606
      vertex 44.1965 40.4753 5.41
      vertex 43.4989 39.7776 6.606
    endloop
  endfacet
  facet normal -0.766292 -0.249061 -0.592254
    outer loop
      vertex 44.9014 38.7307 5.41
      vertex 44.0096 38.6305 6.606
      vertex 44.7072 39.3282 5.41
    endloop
  endfacet
  facet normal -0.766312 -0.248981 -0.592262
    outer loop
      vertex 44.0096 38.6305 6.606
      vertex 44.9014 38.7307 5.41
      vertex 44.2037 38.0331 6.606
    endloop
  endfacet
  facet normal -0.708724 -0.345639 -0.615015
    outer loop
      vertex 44.4719 39.9106 5.41
      vertex 43.4989 39.7776 6.606
      vertex 44.1965 40.4753 5.41
    endloop
  endfacet
  facet normal -0.708743 -0.345584 -0.615025
    outer loop
      vertex 43.4989 39.7776 6.606
      vertex 44.4719 39.9106 5.41
      vertex 43.7742 39.213 6.606
    endloop
  endfacet
  facet normal -0.627235 0.455588 -0.631677
    outer loop
      vertex 42.6444 -41.0933 6.606
      vertex 43.7113 -41.2827 5.41
      vertex 43.3421 -41.791 5.41
    endloop
  endfacet
  facet normal -0.627161 0.455747 -0.631636
    outer loop
      vertex 43.7113 -41.2827 5.41
      vertex 42.6444 -41.0933 6.606
      vertex 43.0137 -40.5851 6.606
    endloop
  endfacet
  facet normal -0.661013 0.413009 -0.626487
    outer loop
      vertex 44.0442 -40.75 5.41
      vertex 43.0137 -40.5851 6.606
      vertex 43.3466 -40.0523 6.606
    endloop
  endfacet
  facet normal -0.660987 0.41307 -0.626474
    outer loop
      vertex 43.0137 -40.5851 6.606
      vertex 44.0442 -40.75 5.41
      vertex 43.7113 -41.2827 5.41
    endloop
  endfacet
  facet normal -0.752614 0.273863 -0.598807
    outer loop
      vertex 44.8095 -39.0312 5.41
      vertex 43.897 -38.9238 6.606
      vertex 44.1118 -38.3335 6.606
    endloop
  endfacet
  facet normal -0.752614 0.273863 -0.598807
    outer loop
      vertex 43.897 -38.9238 6.606
      vertex 44.8095 -39.0312 5.41
      vertex 44.5947 -39.6215 5.41
    endloop
  endfacet
  facet normal -0.804382 0.170984 -0.568976
    outer loop
      vertex 45.1133 -37.8128 5.41
      vertex 44.285 -37.7296 6.606
      vertex 44.4156 -37.1152 6.606
    endloop
  endfacet
  facet normal -0.804387 0.170957 -0.568978
    outer loop
      vertex 44.285 -37.7296 6.606
      vertex 45.1133 -37.8128 5.41
      vertex 44.9827 -38.4273 5.41
    endloop
  endfacet
  facet normal -0.82693 0.116177 -0.550172
    outer loop
      vertex 45.2007 -37.1908 5.41
      vertex 44.4156 -37.1152 6.606
      vertex 44.503 -36.4931 6.606
    endloop
  endfacet
  facet normal -0.826928 0.116195 -0.550172
    outer loop
      vertex 44.4156 -37.1152 6.606
      vertex 45.2007 -37.1908 5.41
      vertex 45.1133 -37.8128 5.41
    endloop
  endfacet
  facet normal -0.554911 0.535878 -0.636324
    outer loop
      vertex 41.8042 -42.0264 6.606
      vertex 42.9383 -42.2722 5.41
      vertex 42.5019 -42.7241 5.41
    endloop
  endfacet
  facet normal -0.554911 0.535878 -0.636324
    outer loop
      vertex 42.9383 -42.2722 5.41
      vertex 41.8042 -42.0264 6.606
      vertex 42.2406 -41.5745 6.606
    endloop
  endfacet
  facet normal -0.345639 0.708724 -0.615015
    outer loop
      vertex 39.9106 -44.4719 5.41
      vertex 39.7776 -43.4989 6.606
      vertex 40.4753 -44.1965 5.41
    endloop
  endfacet
  facet normal -0.345584 0.708743 -0.615025
    outer loop
      vertex 39.7776 -43.4989 6.606
      vertex 39.9106 -44.4719 5.41
      vertex 39.213 -43.7742 6.606
    endloop
  endfacet
  facet normal -0.298331 0.738411 -0.60477
    outer loop
      vertex 39.3282 -44.7072 5.41
      vertex 39.213 -43.7742 6.606
      vertex 39.9106 -44.4719 5.41
    endloop
  endfacet
  facet normal -0.298399 0.738391 -0.604761
    outer loop
      vertex 39.213 -43.7742 6.606
      vertex 39.3282 -44.7072 5.41
      vertex 38.6305 -44.0096 6.606
    endloop
  endfacet
  facet normal 0.413009 0.661013 -0.626487
    outer loop
      vertex -40.75 -44.0442 5.41
      vertex -40.5851 -43.0137 6.606
      vertex -40.0523 -43.3466 6.606
    endloop
  endfacet
  facet normal 0.41307 0.660987 -0.626474
    outer loop
      vertex -40.5851 -43.0137 6.606
      vertex -40.75 -44.0442 5.41
      vertex -41.2827 -43.7113 5.41
    endloop
  endfacet
  facet normal 0.273863 0.752614 -0.598807
    outer loop
      vertex -39.0312 -44.8095 5.41
      vertex -38.9238 -43.897 6.606
      vertex -38.3335 -44.1118 6.606
    endloop
  endfacet
  facet normal 0.273863 0.752614 -0.598807
    outer loop
      vertex -38.9238 -43.897 6.606
      vertex -39.0312 -44.8095 5.41
      vertex -39.6215 -44.5947 5.41
    endloop
  endfacet
  facet normal 0.752614 -0.273863 -0.598807
    outer loop
      vertex -43.897 38.9238 6.606
      vertex -44.8095 39.0312 5.41
      vertex -44.5947 39.6215 5.41
    endloop
  endfacet
  facet normal 0.752614 -0.273863 -0.598807
    outer loop
      vertex -44.8095 39.0312 5.41
      vertex -43.897 38.9238 6.606
      vertex -44.1118 38.3335 6.606
    endloop
  endfacet
  facet normal 0.804387 -0.170957 -0.568978
    outer loop
      vertex -44.285 37.7296 6.606
      vertex -45.1133 37.8128 5.41
      vertex -44.9827 38.4273 5.41
    endloop
  endfacet
  facet normal 0.804382 -0.170984 -0.568976
    outer loop
      vertex -45.1133 37.8128 5.41
      vertex -44.285 37.7296 6.606
      vertex -44.4156 37.1152 6.606
    endloop
  endfacet
  facet normal 0.859823 -0.0150558 -0.51037
    outer loop
      vertex -44.5468 35.8664 6.606
      vertex -45.25 36.25 5.41
      vertex -45.2445 36.5641 5.41
    endloop
  endfacet
  facet normal 0.859823 -0.0150558 -0.51037
    outer loop
      vertex -45.25 36.25 5.41
      vertex -44.5468 35.8664 6.606
      vertex -44.5523 35.5523 6.606
    endloop
  endfacet
  facet normal 0.846842 -0.0591857 -0.528541
    outer loop
      vertex -44.503 36.4931 6.606
      vertex -45.2445 36.5641 5.41
      vertex -45.2007 37.1908 5.41
    endloop
  endfacet
  facet normal 0.846842 -0.0591857 -0.528541
    outer loop
      vertex -45.2445 36.5641 5.41
      vertex -44.503 36.4931 6.606
      vertex -44.5468 35.8664 6.606
    endloop
  endfacet
  facet normal 0.609647 0.476387 -0.63355
    outer loop
      vertex -43.5312 -41.5401 5.41
      vertex -42.4467 -41.3374 6.606
      vertex -43.1444 -42.0351 5.41
    endloop
  endfacet
  facet normal 0.609647 0.476387 -0.63355
    outer loop
      vertex -42.4467 -41.3374 6.606
      vertex -43.5312 -41.5401 5.41
      vertex -42.8335 -40.8424 6.606
    endloop
  endfacet
  facet normal 0.738391 0.298399 -0.604761
    outer loop
      vertex -43.7742 -39.213 6.606
      vertex -44.7072 -39.3282 5.41
      vertex -44.0096 -38.6305 6.606
    endloop
  endfacet
  facet normal 0.738411 0.298331 -0.60477
    outer loop
      vertex -44.7072 -39.3282 5.41
      vertex -43.7742 -39.213 6.606
      vertex -44.4719 -39.9106 5.41
    endloop
  endfacet
  facet normal 0.815993 0.143781 -0.559895
    outer loop
      vertex -44.3557 -37.4235 6.606
      vertex -45.1624 -37.5026 5.41
      vertex -44.4647 -36.8049 6.606
    endloop
  endfacet
  facet normal 0.815973 0.14391 -0.55989
    outer loop
      vertex -45.1624 -37.5026 5.41
      vertex -44.3557 -37.4235 6.606
      vertex -45.0533 -38.1212 5.41
    endloop
  endfacet
  facet normal 0.837209 0.0880355 -0.539751
    outer loop
      vertex -44.4647 -36.8049 6.606
      vertex -45.2281 -36.8778 5.41
      vertex -44.5304 -36.1801 6.606
    endloop
  endfacet
  facet normal 0.837209 0.0880355 -0.539751
    outer loop
      vertex -45.2281 -36.8778 5.41
      vertex -44.4647 -36.8049 6.606
      vertex -45.1624 -37.5026 5.41
    endloop
  endfacet
  facet normal 0.14391 -0.815973 -0.55989
    outer loop
      vertex -37.5026 45.1624 5.41
      vertex -37.4235 44.3557 6.606
      vertex -38.1212 45.0533 5.41
    endloop
  endfacet
  facet normal 0.143781 -0.815993 -0.559895
    outer loop
      vertex -37.4235 44.3557 6.606
      vertex -37.5026 45.1624 5.41
      vertex -36.8049 44.4647 6.606
    endloop
  endfacet
  facet normal 0.298331 -0.738411 -0.60477
    outer loop
      vertex -39.3282 44.7072 5.41
      vertex -39.213 43.7742 6.606
      vertex -39.9106 44.4719 5.41
    endloop
  endfacet
  facet normal 0.298399 -0.738391 -0.604761
    outer loop
      vertex -39.213 43.7742 6.606
      vertex -39.3282 44.7072 5.41
      vertex -38.6305 44.0096 6.606
    endloop
  endfacet
  facet normal -0.644319 -0.434495 -0.629338
    outer loop
      vertex 43.8824 41.0193 5.41
      vertex 42.8335 40.8424 6.606
      vertex 43.5312 41.5401 5.41
    endloop
  endfacet
  facet normal -0.644277 -0.43459 -0.629316
    outer loop
      vertex 42.8335 40.8424 6.606
      vertex 43.8824 41.0193 5.41
      vertex 43.1848 40.3216 6.606
    endloop
  endfacet
  facet normal -0.693217 0.368607 -0.619338
    outer loop
      vertex 44.3391 -40.1953 5.41
      vertex 43.3466 -40.0523 6.606
      vertex 43.6415 -39.4977 6.606
    endloop
  endfacet
  facet normal -0.693237 0.368552 -0.619348
    outer loop
      vertex 43.3466 -40.0523 6.606
      vertex 44.3391 -40.1953 5.41
      vertex 44.0442 -40.75 5.41
    endloop
  endfacet
  facet normal -0.723769 0.322222 -0.61019
    outer loop
      vertex 44.5947 -39.6215 5.41
      vertex 43.6415 -39.4977 6.606
      vertex 43.897 -38.9238 6.606
    endloop
  endfacet
  facet normal -0.723718 0.322381 -0.610166
    outer loop
      vertex 43.6415 -39.4977 6.606
      vertex 44.5947 -39.6215 5.41
      vertex 44.3391 -40.1953 5.41
    endloop
  endfacet
  facet normal -0.476387 0.609647 -0.63355
    outer loop
      vertex 41.5401 -43.5312 5.41
      vertex 41.3374 -42.4467 6.606
      vertex 42.0351 -43.1444 5.41
    endloop
  endfacet
  facet normal -0.476387 0.609647 -0.63355
    outer loop
      vertex 41.3374 -42.4467 6.606
      vertex 41.5401 -43.5312 5.41
      vertex 40.8424 -42.8335 6.606
    endloop
  endfacet
  facet normal -0.516431 0.573566 -0.635862
    outer loop
      vertex 42.0351 -43.1444 5.41
      vertex 41.8042 -42.0264 6.606
      vertex 42.5019 -42.7241 5.41
    endloop
  endfacet
  facet normal -0.516431 0.573566 -0.635862
    outer loop
      vertex 41.8042 -42.0264 6.606
      vertex 42.0351 -43.1444 5.41
      vertex 41.3374 -42.4467 6.606
    endloop
  endfacet
  facet normal 0.170984 0.804382 -0.568976
    outer loop
      vertex -37.8128 -45.1133 5.41
      vertex -37.7296 -44.285 6.606
      vertex -37.1152 -44.4156 6.606
    endloop
  endfacet
  facet normal 0.170957 0.804387 -0.568978
    outer loop
      vertex -37.7296 -44.285 6.606
      vertex -37.8128 -45.1133 5.41
      vertex -38.4273 -44.9827 5.41
    endloop
  endfacet
  facet normal 0.116177 0.82693 -0.550172
    outer loop
      vertex -37.1908 -45.2007 5.41
      vertex -37.1152 -44.4156 6.606
      vertex -36.4931 -44.503 6.606
    endloop
  endfacet
  facet normal 0.116195 0.826928 -0.550172
    outer loop
      vertex -37.1152 -44.4156 6.606
      vertex -37.1908 -45.2007 5.41
      vertex -37.8128 -45.1133 5.41
    endloop
  endfacet
  facet normal 0.0150558 0.859823 -0.51037
    outer loop
      vertex -36.25 -45.25 5.41
      vertex -35.8664 -44.5468 6.606
      vertex -35.5523 -44.5523 6.606
    endloop
  endfacet
  facet normal 0.0150558 0.859823 -0.51037
    outer loop
      vertex -35.8664 -44.5468 6.606
      vertex -36.25 -45.25 5.41
      vertex -36.5641 -45.2445 5.41
    endloop
  endfacet
  facet normal 0.723718 -0.322381 -0.610166
    outer loop
      vertex -43.6415 39.4977 6.606
      vertex -44.5947 39.6215 5.41
      vertex -44.3391 40.1953 5.41
    endloop
  endfacet
  facet normal 0.723769 -0.322222 -0.61019
    outer loop
      vertex -44.5947 39.6215 5.41
      vertex -43.6415 39.4977 6.606
      vertex -43.897 38.9238 6.606
    endloop
  endfacet
  facet normal 0.693237 -0.368552 -0.619348
    outer loop
      vertex -43.3466 40.0523 6.606
      vertex -44.3391 40.1953 5.41
      vertex -44.0442 40.75 5.41
    endloop
  endfacet
  facet normal 0.693217 -0.368607 -0.619338
    outer loop
      vertex -44.3391 40.1953 5.41
      vertex -43.3466 40.0523 6.606
      vertex -43.6415 39.4977 6.606
    endloop
  endfacet
  facet normal 0.792248 0.197542 -0.577339
    outer loop
      vertex -44.2037 -38.0331 6.606
      vertex -45.0533 -38.1212 5.41
      vertex -44.3557 -37.4235 6.606
    endloop
  endfacet
  facet normal 0.792267 0.197449 -0.577345
    outer loop
      vertex -45.0533 -38.1212 5.41
      vertex -44.2037 -38.0331 6.606
      vertex -44.9014 -38.7307 5.41
    endloop
  endfacet
  facet normal 0.249061 -0.766292 -0.592254
    outer loop
      vertex -38.7307 44.9014 5.41
      vertex -38.6305 44.0096 6.606
      vertex -39.3282 44.7072 5.41
    endloop
  endfacet
  facet normal 0.248981 -0.766312 -0.592262
    outer loop
      vertex -38.6305 44.0096 6.606
      vertex -38.7307 44.9014 5.41
      vertex -38.0331 44.2037 6.606
    endloop
  endfacet
  facet normal 0.660987 -0.41307 -0.626474
    outer loop
      vertex -43.0137 40.5851 6.606
      vertex -44.0442 40.75 5.41
      vertex -43.7113 41.2827 5.41
    endloop
  endfacet
  facet normal 0.661013 -0.413009 -0.626487
    outer loop
      vertex -44.0442 40.75 5.41
      vertex -43.0137 40.5851 6.606
      vertex -43.3466 40.0523 6.606
    endloop
  endfacet
  facet normal 0.708743 0.345584 -0.615025
    outer loop
      vertex -43.4989 -39.7776 6.606
      vertex -44.4719 -39.9106 5.41
      vertex -43.7742 -39.213 6.606
    endloop
  endfacet
  facet normal 0.708724 0.345639 -0.615015
    outer loop
      vertex -44.4719 -39.9106 5.41
      vertex -43.4989 -39.7776 6.606
      vertex -44.1965 -40.4753 5.41
    endloop
  endfacet
  facet normal 0.197449 -0.792267 -0.577345
    outer loop
      vertex -38.1212 45.0533 5.41
      vertex -38.0331 44.2037 6.606
      vertex -38.7307 44.9014 5.41
    endloop
  endfacet
  facet normal 0.197542 -0.792248 -0.577339
    outer loop
      vertex -38.0331 44.2037 6.606
      vertex -38.1212 45.0533 5.41
      vertex -37.4235 44.3557 6.606
    endloop
  endfacet
  facet normal 0.554911 -0.535878 -0.636324
    outer loop
      vertex -42.9383 42.2722 5.41
      vertex -41.8042 42.0264 6.606
      vertex -42.2406 41.5745 6.606
    endloop
  endfacet
  facet normal 0.554911 -0.535878 -0.636324
    outer loop
      vertex -41.8042 42.0264 6.606
      vertex -42.9383 42.2722 5.41
      vertex -42.5019 42.7241 5.41
    endloop
  endfacet
  facet normal 0.516431 -0.573566 -0.635862
    outer loop
      vertex -41.8042 42.0264 6.606
      vertex -42.0351 43.1444 5.41
      vertex -41.3374 42.4467 6.606
    endloop
  endfacet
  facet normal 0.516431 -0.573566 -0.635862
    outer loop
      vertex -42.0351 43.1444 5.41
      vertex -41.8042 42.0264 6.606
      vertex -42.5019 42.7241 5.41
    endloop
  endfacet
  facet normal 0.434495 -0.644319 -0.629338
    outer loop
      vertex -41.0193 43.8824 5.41
      vertex -40.8424 42.8335 6.606
      vertex -41.5401 43.5312 5.41
    endloop
  endfacet
  facet normal 0.43459 -0.644277 -0.629316
    outer loop
      vertex -40.8424 42.8335 6.606
      vertex -41.0193 43.8824 5.41
      vertex -40.3216 43.1848 6.606
    endloop
  endfacet
  facet normal 0.476387 -0.609647 -0.63355
    outer loop
      vertex -41.3374 42.4467 6.606
      vertex -41.5401 43.5312 5.41
      vertex -40.8424 42.8335 6.606
    endloop
  endfacet
  facet normal 0.476387 -0.609647 -0.63355
    outer loop
      vertex -41.5401 43.5312 5.41
      vertex -41.3374 42.4467 6.606
      vertex -42.0351 43.1444 5.41
    endloop
  endfacet
  facet normal 0.39106 -0.67729 -0.623177
    outer loop
      vertex -40.4753 44.1965 5.41
      vertex -40.3216 43.1848 6.606
      vertex -41.0193 43.8824 5.41
    endloop
  endfacet
  facet normal 0.39106 -0.67729 -0.623177
    outer loop
      vertex -40.3216 43.1848 6.606
      vertex -40.4753 44.1965 5.41
      vertex -39.7776 43.4989 6.606
    endloop
  endfacet
  facet normal 0.345639 -0.708724 -0.615015
    outer loop
      vertex -39.9106 44.4719 5.41
      vertex -39.7776 43.4989 6.606
      vertex -40.4753 44.1965 5.41
    endloop
  endfacet
  facet normal 0.345584 -0.708743 -0.615025
    outer loop
      vertex -39.7776 43.4989 6.606
      vertex -39.9106 44.4719 5.41
      vertex -39.213 43.7742 6.606
    endloop
  endfacet
  facet normal -0.158358 0.897897 0.410736
    outer loop
      vertex 37.4235 -44.3557 6.606
      vertex 37.5026 -45.1624 8.4
      vertex 38.1212 -45.0533 8.4
    endloop
  endfacet
  facet normal -0.158217 0.89792 0.41074
    outer loop
      vertex 37.5026 -45.1624 8.4
      vertex 37.4235 -44.3557 6.606
      vertex 36.8049 -44.4647 6.606
    endloop
  endfacet
  facet normal -0.92972 0.0162797 0.367906
    outer loop
      vertex 44.5468 -35.8664 6.606
      vertex 45.25 -36.25 8.4
      vertex 44.5523 -35.5523 6.606
    endloop
  endfacet
  facet normal -0.92972 0.0162797 0.367906
    outer loop
      vertex 45.25 -36.25 8.4
      vertex 44.5468 -35.8664 6.606
      vertex 45.2445 -36.5641 8.4
    endloop
  endfacet
  facet normal -0.0961606 0.914477 0.393045
    outer loop
      vertex 36.8049 -44.4647 6.606
      vertex 36.8778 -45.2281 8.4
      vertex 37.5026 -45.1624 8.4
    endloop
  endfacet
  facet normal -0.0961606 0.914477 0.393045
    outer loop
      vertex 36.8778 -45.2281 8.4
      vertex 36.8049 -44.4647 6.606
      vertex 36.1801 -44.5304 6.606
    endloop
  endfacet
  facet normal -0.787962 -0.615724 0
    outer loop
      vertex 43.5312 41.5401 8.4
      vertex 43.1444 42.0351 13.6
      vertex 43.1444 42.0351 8.4
    endloop
  endfacet
  facet normal -0.787962 -0.615724 0
    outer loop
      vertex 43.1444 42.0351 13.6
      vertex 43.5312 41.5401 8.4
      vertex 43.5312 41.5401 13.6
    endloop
  endfacet
  facet normal -0.0323441 0.927198 0.373173
    outer loop
      vertex 36.1801 -44.5304 6.606
      vertex 36.25 -45.25 8.4
      vertex 36.8778 -45.2281 8.4
    endloop
  endfacet
  facet normal -0.0323441 0.927198 0.373173
    outer loop
      vertex 36.25 -45.25 8.4
      vertex 36.1801 -44.5304 6.606
      vertex 35.5523 -44.5523 6.606
    endloop
  endfacet
  facet normal -0.173685 0.984801 0
    outer loop
      vertex 38.1212 -45.0533 8.4
      vertex 37.5026 -45.1624 13.6
      vertex 38.1212 -45.0533 13.6
    endloop
  endfacet
  facet normal -0.173685 0.984801 0
    outer loop
      vertex 37.5026 -45.1624 13.6
      vertex 38.1212 -45.0533 8.4
      vertex 37.5026 -45.1624 8.4
    endloop
  endfacet
  facet normal 0.207887 0.978153 -0
    outer loop
      vertex -37.8128 -45.1133 8.4
      vertex -38.4273 -44.9827 13.6
      vertex -37.8128 -45.1133 13.6
    endloop
  endfacet
  facet normal 0.207887 0.978153 0
    outer loop
      vertex -38.4273 -44.9827 13.6
      vertex -37.8128 -45.1133 8.4
      vertex -38.4273 -44.9827 8.4
    endloop
  endfacet
  facet normal 0.438342 -0.898808 0
    outer loop
      vertex -40.4753 44.1965 8.4
      vertex -39.9106 44.4719 13.6
      vertex -40.4753 44.1965 13.6
    endloop
  endfacet
  facet normal 0.438342 -0.898808 0
    outer loop
      vertex -39.9106 44.4719 13.6
      vertex -40.4753 44.1965 8.4
      vertex -39.9106 44.4719 8.4
    endloop
  endfacet
  facet normal -0.415532 -0.781464 0.465454
    outer loop
      vertex 40.0523 43.3466 6.606
      vertex 40.1953 44.3391 8.4
      vertex 39.4977 43.6415 6.606
    endloop
  endfacet
  facet normal -0.415471 -0.781491 0.465464
    outer loop
      vertex 40.1953 44.3391 8.4
      vertex 40.0523 43.3466 6.606
      vertex 40.75 44.0442 8.4
    endloop
  endfacet
  facet normal 1 -0 0
    outer loop
      vertex -45.25 -36.25 13.6
      vertex -45.25 36.25 8.4
      vertex -45.25 36.25 13.6
    endloop
  endfacet
  facet normal 1 0 0
    outer loop
      vertex -45.25 36.25 8.4
      vertex -45.25 -36.25 13.6
      vertex -45.25 -36.25 8.4
    endloop
  endfacet
  facet normal 0.361807 0.812685 0.456769
    outer loop
      vertex -39.4977 -43.6415 6.606
      vertex -39.6215 -44.5947 8.4
      vertex -38.9238 -43.897 6.606
    endloop
  endfacet
  facet normal 0.361983 0.81262 0.456746
    outer loop
      vertex -39.6215 -44.5947 8.4
      vertex -39.4977 -43.6415 6.606
      vertex -40.1953 -44.3391 8.4
    endloop
  endfacet
  facet normal -0.104577 0.994517 0
    outer loop
      vertex 37.5026 -45.1624 8.4
      vertex 36.8778 -45.2281 13.6
      vertex 37.5026 -45.1624 13.6
    endloop
  endfacet
  facet normal -0.104577 0.994517 0
    outer loop
      vertex 36.8778 -45.2281 13.6
      vertex 37.5026 -45.1624 8.4
      vertex 36.8778 -45.2281 8.4
    endloop
  endfacet
  facet normal -0.0348625 0.999392 0
    outer loop
      vertex 36.8778 -45.2281 8.4
      vertex 36.25 -45.25 13.6
      vertex 36.8778 -45.2281 13.6
    endloop
  endfacet
  facet normal -0.0348625 0.999392 0
    outer loop
      vertex 36.25 -45.25 13.6
      vertex 36.8778 -45.2281 8.4
      vertex 36.25 -45.25 8.4
    endloop
  endfacet
  facet normal 0.139147 0.990272 -0
    outer loop
      vertex -37.1908 -45.2007 8.4
      vertex -37.8128 -45.1133 13.6
      vertex -37.1908 -45.2007 13.6
    endloop
  endfacet
  facet normal 0.139147 0.990272 0
    outer loop
      vertex -37.8128 -45.1133 13.6
      vertex -37.1908 -45.2007 8.4
      vertex -37.8128 -45.1133 8.4
    endloop
  endfacet
  facet normal 0.999847 -0.0175077 0
    outer loop
      vertex -45.25 36.25 13.6
      vertex -45.2445 36.5641 8.4
      vertex -45.2445 36.5641 13.6
    endloop
  endfacet
  facet normal 0.999847 -0.0175077 0
    outer loop
      vertex -45.2445 36.5641 8.4
      vertex -45.25 36.25 13.6
      vertex -45.25 36.25 8.4
    endloop
  endfacet
  facet normal -0.139147 -0.990272 0
    outer loop
      vertex 37.1908 45.2007 8.4
      vertex 37.8128 45.1133 13.6
      vertex 37.1908 45.2007 13.6
    endloop
  endfacet
  facet normal -0.139147 -0.990272 -0
    outer loop
      vertex 37.8128 45.1133 13.6
      vertex 37.1908 45.2007 8.4
      vertex 37.8128 45.1133 8.4
    endloop
  endfacet
  facet normal -0.275688 -0.961247 0
    outer loop
      vertex 38.4273 44.9827 8.4
      vertex 39.0312 44.8095 13.6
      vertex 38.4273 44.9827 13.6
    endloop
  endfacet
  facet normal -0.275688 -0.961247 -0
    outer loop
      vertex 39.0312 44.8095 13.6
      vertex 38.4273 44.9827 8.4
      vertex 39.0312 44.8095 8.4
    endloop
  endfacet
  facet normal 0.797469 0.388848 0.461346
    outer loop
      vertex -44.4719 -39.9106 8.4
      vertex -43.4989 -39.7776 6.606
      vertex -43.7742 -39.213 6.606
    endloop
  endfacet
  facet normal 0.797445 0.388908 0.461337
    outer loop
      vertex -43.4989 -39.7776 6.606
      vertex -44.4719 -39.9106 8.4
      vertex -44.1965 -40.4753 8.4
    endloop
  endfacet
  facet normal 0.898808 0.438342 0
    outer loop
      vertex -44.1965 -40.4753 13.6
      vertex -44.4719 -39.9106 8.4
      vertex -44.4719 -39.9106 13.6
    endloop
  endfacet
  facet normal 0.898808 0.438342 0
    outer loop
      vertex -44.4719 -39.9106 8.4
      vertex -44.1965 -40.4753 13.6
      vertex -44.1965 -40.4753 8.4
    endloop
  endfacet
  facet normal 0.341948 0.939719 -0
    outer loop
      vertex -39.0312 -44.8095 8.4
      vertex -39.6215 -44.5947 13.6
      vertex -39.0312 -44.8095 13.6
    endloop
  endfacet
  facet normal 0.341948 0.939719 0
    outer loop
      vertex -39.6215 -44.5947 13.6
      vertex -39.0312 -44.8095 8.4
      vertex -39.6215 -44.5947 8.4
    endloop
  endfacet
  facet normal 0.529956 0.848025 -0
    outer loop
      vertex -40.75 -44.0442 8.4
      vertex -41.2827 -43.7113 13.6
      vertex -40.75 -44.0442 13.6
    endloop
  endfacet
  facet normal 0.529956 0.848025 0
    outer loop
      vertex -41.2827 -43.7113 13.6
      vertex -40.75 -44.0442 8.4
      vertex -41.2827 -43.7113 8.4
    endloop
  endfacet
  facet normal 0.188803 0.888211 0.418848
    outer loop
      vertex -37.7296 -44.285 6.606
      vertex -37.8128 -45.1133 8.4
      vertex -37.1152 -44.4156 6.606
    endloop
  endfacet
  facet normal 0.188773 0.888217 0.41885
    outer loop
      vertex -37.8128 -45.1133 8.4
      vertex -37.7296 -44.285 6.606
      vertex -38.4273 -44.9827 8.4
    endloop
  endfacet
  facet normal 0 0.931999 0.362461
    outer loop
      vertex 35.5523 -44.5523 6.606
      vertex -36.25 -45.25 8.4
      vertex 36.25 -45.25 8.4
    endloop
  endfacet
  facet normal 0 0.931999 0.362461
    outer loop
      vertex -36.25 -45.25 8.4
      vertex 35.5523 -44.5523 6.606
      vertex -35.5523 -44.5523 6.606
    endloop
  endfacet
  facet normal 0 1 -0
    outer loop
      vertex 36.25 -45.25 8.4
      vertex -36.25 -45.25 13.6
      vertex 36.25 -45.25 13.6
    endloop
  endfacet
  facet normal 0 1 0
    outer loop
      vertex -36.25 -45.25 13.6
      vertex 36.25 -45.25 8.4
      vertex -36.25 -45.25 8.4
    endloop
  endfacet
  facet normal -0.931999 0 0.362461
    outer loop
      vertex 44.5523 -35.5523 6.606
      vertex 45.25 36.25 8.4
      vertex 44.5523 35.5523 6.606
    endloop
  endfacet
  facet normal -0.931999 0 0.362461
    outer loop
      vertex 45.25 36.25 8.4
      vertex 44.5523 -35.5523 6.606
      vertex 45.25 -36.25 8.4
    endloop
  endfacet
  facet normal -0.990272 0.139147 0
    outer loop
      vertex 45.1133 -37.8128 8.4
      vertex 45.2007 -37.1908 13.6
      vertex 45.2007 -37.1908 8.4
    endloop
  endfacet
  facet normal -0.990272 0.139147 0
    outer loop
      vertex 45.2007 -37.1908 13.6
      vertex 45.1133 -37.8128 8.4
      vertex 45.1133 -37.8128 13.6
    endloop
  endfacet
  facet normal -0.92135 0.0643931 0.383363
    outer loop
      vertex 44.503 -36.4931 6.606
      vertex 45.2445 -36.5641 8.4
      vertex 44.5468 -35.8664 6.606
    endloop
  endfacet
  facet normal -0.92135 0.0643931 0.383363
    outer loop
      vertex 45.2445 -36.5641 8.4
      vertex 44.503 -36.4931 6.606
      vertex 45.2007 -37.1908 8.4
    endloop
  endfacet
  facet normal -0.388908 0.797445 0.461337
    outer loop
      vertex 39.7776 -43.4989 6.606
      vertex 39.9106 -44.4719 8.4
      vertex 40.4753 -44.1965 8.4
    endloop
  endfacet
  facet normal -0.388848 0.797469 0.461346
    outer loop
      vertex 39.9106 -44.4719 8.4
      vertex 39.7776 -43.4989 6.606
      vertex 39.213 -43.7742 6.606
    endloop
  endfacet
  facet normal 0.931999 0 0.362461
    outer loop
      vertex -45.25 36.25 8.4
      vertex -44.5523 -35.5523 6.606
      vertex -44.5523 35.5523 6.606
    endloop
  endfacet
  facet normal 0.931999 0 0.362461
    outer loop
      vertex -44.5523 -35.5523 6.606
      vertex -45.25 36.25 8.4
      vertex -45.25 -36.25 8.4
    endloop
  endfacet
  facet normal 0 -0.931999 0.362461
    outer loop
      vertex -35.5523 44.5523 6.606
      vertex 36.25 45.25 8.4
      vertex -36.25 45.25 8.4
    endloop
  endfacet
  facet normal 0 -0.931999 0.362461
    outer loop
      vertex 36.25 45.25 8.4
      vertex -35.5523 44.5523 6.606
      vertex 35.5523 44.5523 6.606
    endloop
  endfacet
  facet normal -0.642811 -0.766025 0
    outer loop
      vertex 41.791 43.3421 8.4
      vertex 42.2722 42.9383 13.6
      vertex 41.791 43.3421 13.6
    endloop
  endfacet
  facet normal -0.642811 -0.766025 -0
    outer loop
      vertex 42.2722 42.9383 13.6
      vertex 41.791 43.3421 8.4
      vertex 42.2722 42.9383 8.4
    endloop
  endfacet
  facet normal -0.563739 -0.671796 0.480509
    outer loop
      vertex 41.5745 42.2406 6.606
      vertex 41.791 43.3421 8.4
      vertex 41.0933 42.6444 6.606
    endloop
  endfacet
  facet normal -0.563739 -0.671796 0.480509
    outer loop
      vertex 41.791 43.3421 8.4
      vertex 41.5745 42.2406 6.606
      vertex 42.2722 42.9383 8.4
    endloop
  endfacet
  facet normal -0.0643931 -0.92135 0.383363
    outer loop
      vertex 36.4931 44.503 6.606
      vertex 36.5641 45.2445 8.4
      vertex 35.8664 44.5468 6.606
    endloop
  endfacet
  facet normal -0.0643931 -0.92135 0.383363
    outer loop
      vertex 36.5641 45.2445 8.4
      vertex 36.4931 44.503 6.606
      vertex 37.1908 45.2007 8.4
    endloop
  endfacet
  facet normal -0.207887 -0.978153 0
    outer loop
      vertex 37.8128 45.1133 8.4
      vertex 38.4273 44.9827 13.6
      vertex 37.8128 45.1133 13.6
    endloop
  endfacet
  facet normal -0.207887 -0.978153 -0
    outer loop
      vertex 38.4273 44.9827 13.6
      vertex 37.8128 45.1133 8.4
      vertex 38.4273 44.9827 8.4
    endloop
  endfacet
  facet normal -0.469423 -0.882973 0
    outer loop
      vertex 40.1953 44.3391 8.4
      vertex 40.75 44.0442 13.6
      vertex 40.1953 44.3391 13.6
    endloop
  endfacet
  facet normal -0.469423 -0.882973 -0
    outer loop
      vertex 40.75 44.0442 13.6
      vertex 40.1953 44.3391 8.4
      vertex 40.75 44.0442 8.4
    endloop
  endfacet
  facet normal 0.691617 0.54044 0.479156
    outer loop
      vertex -43.5312 -41.5401 8.4
      vertex -42.4467 -41.3374 6.606
      vertex -42.8335 -40.8424 6.606
    endloop
  endfacet
  facet normal 0.691617 0.54044 0.479156
    outer loop
      vertex -42.4467 -41.3374 6.606
      vertex -43.5312 -41.5401 8.4
      vertex -43.1444 -42.0351 8.4
    endloop
  endfacet
  facet normal 0.8291 0.559101 0
    outer loop
      vertex -43.5312 -41.5401 13.6
      vertex -43.8824 -41.0193 8.4
      vertex -43.8824 -41.0193 13.6
    endloop
  endfacet
  facet normal 0.8291 0.559101 0
    outer loop
      vertex -43.8824 -41.0193 8.4
      vertex -43.5312 -41.5401 13.6
      vertex -43.5312 -41.5401 8.4
    endloop
  endfacet
  facet normal 0.787962 0.615724 0
    outer loop
      vertex -43.1444 -42.0351 13.6
      vertex -43.5312 -41.5401 8.4
      vertex -43.5312 -41.5401 13.6
    endloop
  endfacet
  facet normal 0.787962 0.615724 0
    outer loop
      vertex -43.5312 -41.5401 8.4
      vertex -43.1444 -42.0351 13.6
      vertex -43.1444 -42.0351 8.4
    endloop
  endfacet
  facet normal 0.877667 0.218841 0.426391
    outer loop
      vertex -45.0533 -38.1212 8.4
      vertex -44.2037 -38.0331 6.606
      vertex -44.3557 -37.4235 6.606
    endloop
  endfacet
  facet normal 0.87769 0.218738 0.426397
    outer loop
      vertex -44.2037 -38.0331 6.606
      vertex -45.0533 -38.1212 8.4
      vertex -44.9014 -38.7307 8.4
    endloop
  endfacet
  facet normal 0.97032 0.241824 0
    outer loop
      vertex -44.9014 -38.7307 13.6
      vertex -45.0533 -38.1212 8.4
      vertex -45.0533 -38.1212 13.6
    endloop
  endfacet
  facet normal 0.97032 0.241824 0
    outer loop
      vertex -45.0533 -38.1212 8.4
      vertex -44.9014 -38.7307 13.6
      vertex -44.9014 -38.7307 8.4
    endloop
  endfacet
  facet normal 0.854032 0.277482 0.440039
    outer loop
      vertex -44.9014 -38.7307 8.4
      vertex -44.0096 -38.6305 6.606
      vertex -44.2037 -38.0331 6.606
    endloop
  endfacet
  facet normal 0.854007 0.27757 0.440031
    outer loop
      vertex -44.0096 -38.6305 6.606
      vertex -44.9014 -38.7307 8.4
      vertex -44.7072 -39.3282 8.4
    endloop
  endfacet
  facet normal 0.89792 0.158217 0.41074
    outer loop
      vertex -45.1624 -37.5026 8.4
      vertex -44.3557 -37.4235 6.606
      vertex -44.4647 -36.8049 6.606
    endloop
  endfacet
  facet normal 0.897897 0.158358 0.410736
    outer loop
      vertex -44.3557 -37.4235 6.606
      vertex -45.1624 -37.5026 8.4
      vertex -45.0533 -38.1212 8.4
    endloop
  endfacet
  facet normal 0.651369 0.586483 0.48141
    outer loop
      vertex -43.1444 -42.0351 8.4
      vertex -42.0264 -41.8042 6.606
      vertex -42.4467 -41.3374 6.606
    endloop
  endfacet
  facet normal 0.651369 0.586483 0.48141
    outer loop
      vertex -42.0264 -41.8042 6.606
      vertex -43.1444 -42.0351 8.4
      vertex -42.7241 -42.5019 8.4
    endloop
  endfacet
  facet normal 0.467056 0.747515 0.472314
    outer loop
      vertex -40.5851 -43.0137 6.606
      vertex -40.75 -44.0442 8.4
      vertex -40.0523 -43.3466 6.606
    endloop
  endfacet
  facet normal 0.467123 0.747481 0.472301
    outer loop
      vertex -40.75 -44.0442 8.4
      vertex -40.5851 -43.0137 6.606
      vertex -41.2827 -43.7113 8.4
    endloop
  endfacet
  facet normal 0.406906 0.91347 -0
    outer loop
      vertex -39.6215 -44.5947 8.4
      vertex -40.1953 -44.3391 13.6
      vertex -39.6215 -44.5947 13.6
    endloop
  endfacet
  facet normal 0.406906 0.91347 0
    outer loop
      vertex -40.1953 -44.3391 13.6
      vertex -39.6215 -44.5947 8.4
      vertex -40.1953 -44.3391 8.4
    endloop
  endfacet
  facet normal 0.563739 0.671796 0.480509
    outer loop
      vertex -41.5745 -42.2406 6.606
      vertex -41.791 -43.3421 8.4
      vertex -41.0933 -42.6444 6.606
    endloop
  endfacet
  facet normal 0.563739 0.671796 0.480509
    outer loop
      vertex -41.791 -43.3421 8.4
      vertex -41.5745 -42.2406 6.606
      vertex -42.2722 -42.9383 8.4
    endloop
  endfacet
  facet normal 0.516577 0.710871 0.477295
    outer loop
      vertex -41.0933 -42.6444 6.606
      vertex -41.2827 -43.7113 8.4
      vertex -40.5851 -43.0137 6.606
    endloop
  endfacet
  facet normal 0.516406 0.710968 0.477335
    outer loop
      vertex -41.2827 -43.7113 8.4
      vertex -41.0933 -42.6444 6.606
      vertex -41.791 -43.3421 8.4
    endloop
  endfacet
  facet normal 0.306037 0.841031 0.446103
    outer loop
      vertex -38.9238 -43.897 6.606
      vertex -39.0312 -44.8095 8.4
      vertex -38.3335 -44.1118 6.606
    endloop
  endfacet
  facet normal 0.306037 0.841031 0.446103
    outer loop
      vertex -39.0312 -44.8095 8.4
      vertex -38.9238 -43.897 6.606
      vertex -39.6215 -44.5947 8.4
    endloop
  endfacet
  facet normal 0.248437 0.86623 0.433502
    outer loop
      vertex -38.3335 -44.1118 6.606
      vertex -38.4273 -44.9827 8.4
      vertex -37.7296 -44.285 6.606
    endloop
  endfacet
  facet normal 0.248437 0.86623 0.433502
    outer loop
      vertex -38.4273 -44.9827 8.4
      vertex -38.3335 -44.1118 6.606
      vertex -39.0312 -44.8095 8.4
    endloop
  endfacet
  facet normal 0.12738 0.90667 0.40215
    outer loop
      vertex -37.1152 -44.4156 6.606
      vertex -37.1908 -45.2007 8.4
      vertex -36.4931 -44.503 6.606
    endloop
  endfacet
  facet normal 0.1274 0.906667 0.402149
    outer loop
      vertex -37.1908 -45.2007 8.4
      vertex -37.1152 -44.4156 6.606
      vertex -37.8128 -45.1133 8.4
    endloop
  endfacet
  facet normal 0.0697198 0.997567 -0
    outer loop
      vertex -36.5641 -45.2445 8.4
      vertex -37.1908 -45.2007 13.6
      vertex -36.5641 -45.2445 13.6
    endloop
  endfacet
  facet normal 0.0697198 0.997567 0
    outer loop
      vertex -37.1908 -45.2007 13.6
      vertex -36.5641 -45.2445 8.4
      vertex -37.1908 -45.2007 8.4
    endloop
  endfacet
  facet normal -0.691617 -0.54044 0.479156
    outer loop
      vertex 42.4467 41.3374 6.606
      vertex 43.5312 41.5401 8.4
      vertex 43.1444 42.0351 8.4
    endloop
  endfacet
  facet normal -0.691617 -0.54044 0.479156
    outer loop
      vertex 43.5312 41.5401 8.4
      vertex 42.4467 41.3374 6.606
      vertex 42.8335 40.8424 6.606
    endloop
  endfacet
  facet normal -0.984801 -0.173685 0
    outer loop
      vertex 45.1624 37.5026 8.4
      vertex 45.0533 38.1212 13.6
      vertex 45.0533 38.1212 8.4
    endloop
  endfacet
  facet normal -0.984801 -0.173685 0
    outer loop
      vertex 45.0533 38.1212 13.6
      vertex 45.1624 37.5026 8.4
      vertex 45.1624 37.5026 13.6
    endloop
  endfacet
  facet normal -0.781464 0.415532 0.465454
    outer loop
      vertex 43.3466 -40.0523 6.606
      vertex 44.3391 -40.1953 8.4
      vertex 43.6415 -39.4977 6.606
    endloop
  endfacet
  facet normal -0.781491 0.415471 0.465464
    outer loop
      vertex 44.3391 -40.1953 8.4
      vertex 43.3466 -40.0523 6.606
      vertex 44.0442 -40.75 8.4
    endloop
  endfacet
  facet normal -0.710871 0.516577 0.477295
    outer loop
      vertex 42.6444 -41.0933 6.606
      vertex 43.7113 -41.2827 8.4
      vertex 43.0137 -40.5851 6.606
    endloop
  endfacet
  facet normal -0.710968 0.516406 0.477335
    outer loop
      vertex 43.7113 -41.2827 8.4
      vertex 42.6444 -41.0933 6.606
      vertex 43.3421 -41.791 8.4
    endloop
  endfacet
  facet normal -0.49198 0.729565 0.475068
    outer loop
      vertex 40.8424 -42.8335 6.606
      vertex 41.0193 -43.8824 8.4
      vertex 41.5401 -43.5312 8.4
    endloop
  endfacet
  facet normal -0.492083 0.72951 0.475046
    outer loop
      vertex 41.0193 -43.8824 8.4
      vertex 40.8424 -42.8335 6.606
      vertex 40.3216 -43.1848 6.606
    endloop
  endfacet
  facet normal -0.559101 0.8291 0
    outer loop
      vertex 41.5401 -43.5312 8.4
      vertex 41.0193 -43.8824 13.6
      vertex 41.5401 -43.5312 13.6
    endloop
  endfacet
  facet normal -0.559101 0.8291 0
    outer loop
      vertex 41.0193 -43.8824 13.6
      vertex 41.5401 -43.5312 8.4
      vertex 41.0193 -43.8824 8.4
    endloop
  endfacet
  facet normal -0.309104 0.951028 0
    outer loop
      vertex 39.3282 -44.7072 8.4
      vertex 38.7307 -44.9014 13.6
      vertex 39.3282 -44.7072 13.6
    endloop
  endfacet
  facet normal -0.309104 0.951028 0
    outer loop
      vertex 38.7307 -44.9014 13.6
      vertex 39.3282 -44.7072 8.4
      vertex 38.7307 -44.9014 8.4
    endloop
  endfacet
  facet normal 0.49198 -0.729565 0.475068
    outer loop
      vertex -40.8424 42.8335 6.606
      vertex -41.0193 43.8824 8.4
      vertex -41.5401 43.5312 8.4
    endloop
  endfacet
  facet normal 0.492083 -0.72951 0.475046
    outer loop
      vertex -41.0193 43.8824 8.4
      vertex -40.8424 42.8335 6.606
      vertex -40.3216 43.1848 6.606
    endloop
  endfacet
  facet normal 0.91347 -0.406906 0
    outer loop
      vertex -44.5947 39.6215 13.6
      vertex -44.3391 40.1953 8.4
      vertex -44.3391 40.1953 13.6
    endloop
  endfacet
  facet normal 0.91347 -0.406906 0
    outer loop
      vertex -44.3391 40.1953 8.4
      vertex -44.5947 39.6215 13.6
      vertex -44.5947 39.6215 8.4
    endloop
  endfacet
  facet normal 0.781491 -0.415471 0.465464
    outer loop
      vertex -44.3391 40.1953 8.4
      vertex -43.3466 40.0523 6.606
      vertex -44.0442 40.75 8.4
    endloop
  endfacet
  facet normal 0.781464 -0.415532 0.465454
    outer loop
      vertex -43.3466 40.0523 6.606
      vertex -44.3391 40.1953 8.4
      vertex -43.6415 39.4977 6.606
    endloop
  endfacet
  facet normal 0.92972 -0.0162797 0.367906
    outer loop
      vertex -45.25 36.25 8.4
      vertex -44.5468 35.8664 6.606
      vertex -45.2445 36.5641 8.4
    endloop
  endfacet
  facet normal 0.92972 -0.0162797 0.367906
    outer loop
      vertex -44.5468 35.8664 6.606
      vertex -45.25 36.25 8.4
      vertex -44.5523 35.5523 6.606
    endloop
  endfacet
  facet normal -0.0175077 -0.999847 0
    outer loop
      vertex 36.25 45.25 8.4
      vertex 36.5641 45.2445 13.6
      vertex 36.25 45.25 13.6
    endloop
  endfacet
  facet normal -0.0175077 -0.999847 -0
    outer loop
      vertex 36.5641 45.2445 13.6
      vertex 36.25 45.25 8.4
      vertex 36.5641 45.2445 8.4
    endloop
  endfacet
  facet normal 0.0323441 -0.927198 0.373173
    outer loop
      vertex -36.1801 44.5304 6.606
      vertex -36.25 45.25 8.4
      vertex -36.8778 45.2281 8.4
    endloop
  endfacet
  facet normal 0.0323441 -0.927198 0.373173
    outer loop
      vertex -36.25 45.25 8.4
      vertex -36.1801 44.5304 6.606
      vertex -35.5523 44.5523 6.606
    endloop
  endfacet
  facet normal -0.0162797 -0.92972 0.367906
    outer loop
      vertex 35.8664 44.5468 6.606
      vertex 36.25 45.25 8.4
      vertex 35.5523 44.5523 6.606
    endloop
  endfacet
  facet normal -0.0162797 -0.92972 0.367906
    outer loop
      vertex 36.25 45.25 8.4
      vertex 35.8664 44.5468 6.606
      vertex 36.5641 45.2445 8.4
    endloop
  endfacet
  facet normal -0.694663 -0.719336 0
    outer loop
      vertex 42.2722 42.9383 8.4
      vertex 42.7241 42.5019 13.6
      vertex 42.2722 42.9383 13.6
    endloop
  endfacet
  facet normal -0.694663 -0.719336 -0
    outer loop
      vertex 42.7241 42.5019 13.6
      vertex 42.2722 42.9383 8.4
      vertex 42.7241 42.5019 8.4
    endloop
  endfacet
  facet normal -0.743152 -0.669123 0
    outer loop
      vertex 43.1444 42.0351 8.4
      vertex 42.7241 42.5019 13.6
      vertex 42.7241 42.5019 8.4
    endloop
  endfacet
  facet normal -0.743152 -0.669123 0
    outer loop
      vertex 42.7241 42.5019 13.6
      vertex 43.1444 42.0351 8.4
      vertex 43.1444 42.0351 13.6
    endloop
  endfacet
  facet normal 0.743152 0.669123 0
    outer loop
      vertex -42.7241 -42.5019 13.6
      vertex -43.1444 -42.0351 8.4
      vertex -43.1444 -42.0351 13.6
    endloop
  endfacet
  facet normal 0.743152 0.669123 0
    outer loop
      vertex -43.1444 -42.0351 8.4
      vertex -42.7241 -42.5019 13.6
      vertex -42.7241 -42.5019 8.4
    endloop
  endfacet
  facet normal 0.927198 0.0323441 0.373173
    outer loop
      vertex -45.25 -36.25 8.4
      vertex -44.5304 -36.1801 6.606
      vertex -44.5523 -35.5523 6.606
    endloop
  endfacet
  facet normal 0.927198 0.0323441 0.373173
    outer loop
      vertex -44.5304 -36.1801 6.606
      vertex -45.25 -36.25 8.4
      vertex -45.2281 -36.8778 8.4
    endloop
  endfacet
  facet normal 0.999392 0.0348625 0
    outer loop
      vertex -45.2281 -36.8778 13.6
      vertex -45.25 -36.25 8.4
      vertex -45.25 -36.25 13.6
    endloop
  endfacet
  facet normal 0.999392 0.0348625 0
    outer loop
      vertex -45.25 -36.25 8.4
      vertex -45.2281 -36.8778 13.6
      vertex -45.2281 -36.8778 8.4
    endloop
  endfacet
  facet normal 0.951028 0.309104 0
    outer loop
      vertex -44.7072 -39.3282 13.6
      vertex -44.9014 -38.7307 8.4
      vertex -44.9014 -38.7307 13.6
    endloop
  endfacet
  facet normal 0.951028 0.309104 0
    outer loop
      vertex -44.9014 -38.7307 8.4
      vertex -44.7072 -39.3282 13.6
      vertex -44.7072 -39.3282 8.4
    endloop
  endfacet
  facet normal 0.994517 0.104577 0
    outer loop
      vertex -45.1624 -37.5026 13.6
      vertex -45.2281 -36.8778 8.4
      vertex -45.2281 -36.8778 13.6
    endloop
  endfacet
  facet normal 0.994517 0.104577 0
    outer loop
      vertex -45.2281 -36.8778 8.4
      vertex -45.1624 -37.5026 13.6
      vertex -45.1624 -37.5026 8.4
    endloop
  endfacet
  facet normal 0.415532 0.781464 0.465454
    outer loop
      vertex -40.0523 -43.3466 6.606
      vertex -40.1953 -44.3391 8.4
      vertex -39.4977 -43.6415 6.606
    endloop
  endfacet
  facet normal 0.415471 0.781491 0.465464
    outer loop
      vertex -40.1953 -44.3391 8.4
      vertex -40.0523 -43.3466 6.606
      vertex -40.75 -44.0442 8.4
    endloop
  endfacet
  facet normal 0.469423 0.882973 -0
    outer loop
      vertex -40.1953 -44.3391 8.4
      vertex -40.75 -44.0442 13.6
      vertex -40.1953 -44.3391 13.6
    endloop
  endfacet
  facet normal 0.469423 0.882973 0
    outer loop
      vertex -40.75 -44.0442 13.6
      vertex -40.1953 -44.3391 8.4
      vertex -40.75 -44.0442 8.4
    endloop
  endfacet
  facet normal 0.608696 0.630316 0.481861
    outer loop
      vertex -42.0264 -41.8042 6.606
      vertex -42.2722 -42.9383 8.4
      vertex -41.5745 -42.2406 6.606
    endloop
  endfacet
  facet normal 0.608696 0.630316 0.481861
    outer loop
      vertex -42.2722 -42.9383 8.4
      vertex -42.0264 -41.8042 6.606
      vertex -42.7241 -42.5019 8.4
    endloop
  endfacet
  facet normal 0.694663 0.719336 -0
    outer loop
      vertex -42.2722 -42.9383 8.4
      vertex -42.7241 -42.5019 13.6
      vertex -42.2722 -42.9383 13.6
    endloop
  endfacet
  facet normal 0.694663 0.719336 0
    outer loop
      vertex -42.7241 -42.5019 13.6
      vertex -42.2722 -42.9383 8.4
      vertex -42.7241 -42.5019 8.4
    endloop
  endfacet
  facet normal 0.0643931 0.92135 0.383363
    outer loop
      vertex -36.4931 -44.503 6.606
      vertex -36.5641 -45.2445 8.4
      vertex -35.8664 -44.5468 6.606
    endloop
  endfacet
  facet normal 0.0643931 0.92135 0.383363
    outer loop
      vertex -36.5641 -45.2445 8.4
      vertex -36.4931 -44.503 6.606
      vertex -37.1908 -45.2007 8.4
    endloop
  endfacet
  facet normal 0.0162797 0.92972 0.367906
    outer loop
      vertex -35.8664 -44.5468 6.606
      vertex -36.25 -45.25 8.4
      vertex -35.5523 -44.5523 6.606
    endloop
  endfacet
  facet normal 0.0162797 0.92972 0.367906
    outer loop
      vertex -36.25 -45.25 8.4
      vertex -35.8664 -44.5468 6.606
      vertex -36.5641 -45.2445 8.4
    endloop
  endfacet
  facet normal 0.0175077 0.999847 -0
    outer loop
      vertex -36.25 -45.25 8.4
      vertex -36.5641 -45.2445 13.6
      vertex -36.25 -45.25 13.6
    endloop
  endfacet
  facet normal 0.0175077 0.999847 0
    outer loop
      vertex -36.5641 -45.2445 13.6
      vertex -36.25 -45.25 8.4
      vertex -36.5641 -45.2445 8.4
    endloop
  endfacet
  facet normal -0.8291 -0.559101 0
    outer loop
      vertex 43.8824 41.0193 8.4
      vertex 43.5312 41.5401 13.6
      vertex 43.5312 41.5401 8.4
    endloop
  endfacet
  facet normal -0.8291 -0.559101 0
    outer loop
      vertex 43.5312 41.5401 13.6
      vertex 43.8824 41.0193 8.4
      vertex 43.8824 41.0193 13.6
    endloop
  endfacet
  facet normal -0.630316 0.608696 0.481861
    outer loop
      vertex 41.8042 -42.0264 6.606
      vertex 42.9383 -42.2722 8.4
      vertex 42.2406 -41.5745 6.606
    endloop
  endfacet
  facet normal -0.630316 0.608696 0.481861
    outer loop
      vertex 42.9383 -42.2722 8.4
      vertex 41.8042 -42.0264 6.606
      vertex 42.5019 -42.7241 8.4
    endloop
  endfacet
  facet normal -0.888211 0.188803 0.418848
    outer loop
      vertex 44.285 -37.7296 6.606
      vertex 45.1133 -37.8128 8.4
      vertex 44.4156 -37.1152 6.606
    endloop
  endfacet
  facet normal -0.888217 0.188773 0.41885
    outer loop
      vertex 45.1133 -37.8128 8.4
      vertex 44.285 -37.7296 6.606
      vertex 44.9827 -38.4273 8.4
    endloop
  endfacet
  facet normal -0.747515 0.467056 0.472314
    outer loop
      vertex 43.0137 -40.5851 6.606
      vertex 44.0442 -40.75 8.4
      vertex 43.3466 -40.0523 6.606
    endloop
  endfacet
  facet normal -0.747481 0.467123 0.472301
    outer loop
      vertex 44.0442 -40.75 8.4
      vertex 43.0137 -40.5851 6.606
      vertex 43.7113 -41.2827 8.4
    endloop
  endfacet
  facet normal -0.586483 0.651369 0.48141
    outer loop
      vertex 41.8042 -42.0264 6.606
      vertex 42.0351 -43.1444 8.4
      vertex 42.5019 -42.7241 8.4
    endloop
  endfacet
  facet normal -0.586483 0.651369 0.48141
    outer loop
      vertex 42.0351 -43.1444 8.4
      vertex 41.8042 -42.0264 6.606
      vertex 41.3374 -42.4467 6.606
    endloop
  endfacet
  facet normal -0.438342 0.898808 0
    outer loop
      vertex 40.4753 -44.1965 8.4
      vertex 39.9106 -44.4719 13.6
      vertex 40.4753 -44.1965 13.6
    endloop
  endfacet
  facet normal -0.438342 0.898808 0
    outer loop
      vertex 39.9106 -44.4719 13.6
      vertex 40.4753 -44.1965 8.4
      vertex 39.9106 -44.4719 8.4
    endloop
  endfacet
  facet normal -0.241824 0.97032 0
    outer loop
      vertex 38.7307 -44.9014 8.4
      vertex 38.1212 -45.0533 13.6
      vertex 38.7307 -44.9014 13.6
    endloop
  endfacet
  facet normal -0.241824 0.97032 0
    outer loop
      vertex 38.1212 -45.0533 13.6
      vertex 38.7307 -44.9014 8.4
      vertex 38.1212 -45.0533 8.4
    endloop
  endfacet
  facet normal -0.218738 0.87769 0.426397
    outer loop
      vertex 38.0331 -44.2037 6.606
      vertex 38.1212 -45.0533 8.4
      vertex 38.7307 -44.9014 8.4
    endloop
  endfacet
  facet normal -0.218841 0.877667 0.426391
    outer loop
      vertex 38.1212 -45.0533 8.4
      vertex 38.0331 -44.2037 6.606
      vertex 37.4235 -44.3557 6.606
    endloop
  endfacet
  facet normal 0.630316 -0.608696 0.481861
    outer loop
      vertex -42.9383 42.2722 8.4
      vertex -41.8042 42.0264 6.606
      vertex -42.5019 42.7241 8.4
    endloop
  endfacet
  facet normal 0.630316 -0.608696 0.481861
    outer loop
      vertex -41.8042 42.0264 6.606
      vertex -42.9383 42.2722 8.4
      vertex -42.2406 41.5745 6.606
    endloop
  endfacet
  facet normal 0.3746 -0.927187 0
    outer loop
      vertex -39.9106 44.4719 8.4
      vertex -39.3282 44.7072 13.6
      vertex -39.9106 44.4719 13.6
    endloop
  endfacet
  facet normal 0.3746 -0.927187 0
    outer loop
      vertex -39.3282 44.7072 13.6
      vertex -39.9106 44.4719 8.4
      vertex -39.3282 44.7072 8.4
    endloop
  endfacet
  facet normal 0.586483 -0.651369 0.48141
    outer loop
      vertex -41.8042 42.0264 6.606
      vertex -42.0351 43.1444 8.4
      vertex -42.5019 42.7241 8.4
    endloop
  endfacet
  facet normal 0.586483 -0.651369 0.48141
    outer loop
      vertex -42.0351 43.1444 8.4
      vertex -41.8042 42.0264 6.606
      vertex -41.3374 42.4467 6.606
    endloop
  endfacet
  facet normal 0 -1 0
    outer loop
      vertex -36.25 45.25 8.4
      vertex 36.25 45.25 13.6
      vertex -36.25 45.25 13.6
    endloop
  endfacet
  facet normal 0 -1 -0
    outer loop
      vertex 36.25 45.25 13.6
      vertex -36.25 45.25 8.4
      vertex 36.25 45.25 8.4
    endloop
  endfacet
  facet normal 0.0961606 -0.914477 0.393045
    outer loop
      vertex -36.8049 44.4647 6.606
      vertex -36.8778 45.2281 8.4
      vertex -37.5026 45.1624 8.4
    endloop
  endfacet
  facet normal 0.0961606 -0.914477 0.393045
    outer loop
      vertex -36.8778 45.2281 8.4
      vertex -36.8049 44.4647 6.606
      vertex -36.1801 44.5304 6.606
    endloop
  endfacet
  facet normal 0.978153 -0.207887 0
    outer loop
      vertex -45.1133 37.8128 13.6
      vertex -44.9827 38.4273 8.4
      vertex -44.9827 38.4273 13.6
    endloop
  endfacet
  facet normal 0.978153 -0.207887 0
    outer loop
      vertex -44.9827 38.4273 8.4
      vertex -45.1133 37.8128 13.6
      vertex -45.1133 37.8128 8.4
    endloop
  endfacet
  facet normal 0.671796 -0.563739 0.480509
    outer loop
      vertex -43.3421 41.791 8.4
      vertex -42.2406 41.5745 6.606
      vertex -42.9383 42.2722 8.4
    endloop
  endfacet
  facet normal 0.671796 -0.563739 0.480509
    outer loop
      vertex -42.2406 41.5745 6.606
      vertex -43.3421 41.791 8.4
      vertex -42.6444 41.0933 6.606
    endloop
  endfacet
  facet normal 0.766025 -0.642811 0
    outer loop
      vertex -43.3421 41.791 13.6
      vertex -42.9383 42.2722 8.4
      vertex -42.9383 42.2722 13.6
    endloop
  endfacet
  facet normal 0.766025 -0.642811 0
    outer loop
      vertex -42.9383 42.2722 8.4
      vertex -43.3421 41.791 13.6
      vertex -43.3421 41.791 8.4
    endloop
  endfacet
  facet normal 0.809094 -0.587679 0
    outer loop
      vertex -43.7113 41.2827 13.6
      vertex -43.3421 41.791 8.4
      vertex -43.3421 41.791 13.6
    endloop
  endfacet
  facet normal 0.809094 -0.587679 0
    outer loop
      vertex -43.3421 41.791 8.4
      vertex -43.7113 41.2827 13.6
      vertex -43.7113 41.2827 8.4
    endloop
  endfacet
  facet normal -0.0697198 -0.997567 0
    outer loop
      vertex 36.5641 45.2445 8.4
      vertex 37.1908 45.2007 13.6
      vertex 36.5641 45.2445 13.6
    endloop
  endfacet
  facet normal -0.0697198 -0.997567 -0
    outer loop
      vertex 37.1908 45.2007 13.6
      vertex 36.5641 45.2445 8.4
      vertex 37.1908 45.2007 8.4
    endloop
  endfacet
  facet normal -0.529956 -0.848025 0
    outer loop
      vertex 40.75 44.0442 8.4
      vertex 41.2827 43.7113 13.6
      vertex 40.75 44.0442 13.6
    endloop
  endfacet
  facet normal -0.529956 -0.848025 -0
    outer loop
      vertex 41.2827 43.7113 13.6
      vertex 40.75 44.0442 8.4
      vertex 41.2827 43.7113 8.4
    endloop
  endfacet
  facet normal -0.608696 -0.630316 0.481861
    outer loop
      vertex 42.0264 41.8042 6.606
      vertex 42.2722 42.9383 8.4
      vertex 41.5745 42.2406 6.606
    endloop
  endfacet
  facet normal -0.608696 -0.630316 0.481861
    outer loop
      vertex 42.2722 42.9383 8.4
      vertex 42.0264 41.8042 6.606
      vertex 42.7241 42.5019 8.4
    endloop
  endfacet
  facet normal -0.651369 -0.586483 0.48141
    outer loop
      vertex 42.0264 41.8042 6.606
      vertex 43.1444 42.0351 8.4
      vertex 42.7241 42.5019 8.4
    endloop
  endfacet
  facet normal -0.651369 -0.586483 0.48141
    outer loop
      vertex 43.1444 42.0351 8.4
      vertex 42.0264 41.8042 6.606
      vertex 42.4467 41.3374 6.606
    endloop
  endfacet
  facet normal -0.248437 -0.86623 0.433502
    outer loop
      vertex 38.3335 44.1118 6.606
      vertex 38.4273 44.9827 8.4
      vertex 37.7296 44.285 6.606
    endloop
  endfacet
  facet normal -0.248437 -0.86623 0.433502
    outer loop
      vertex 38.4273 44.9827 8.4
      vertex 38.3335 44.1118 6.606
      vertex 39.0312 44.8095 8.4
    endloop
  endfacet
  facet normal -0.341948 -0.939719 0
    outer loop
      vertex 39.0312 44.8095 8.4
      vertex 39.6215 44.5947 13.6
      vertex 39.0312 44.8095 13.6
    endloop
  endfacet
  facet normal -0.341948 -0.939719 -0
    outer loop
      vertex 39.6215 44.5947 13.6
      vertex 39.0312 44.8095 8.4
      vertex 39.6215 44.5947 8.4
    endloop
  endfacet
  facet normal -0.12738 -0.90667 0.40215
    outer loop
      vertex 37.1152 44.4156 6.606
      vertex 37.1908 45.2007 8.4
      vertex 36.4931 44.503 6.606
    endloop
  endfacet
  facet normal -0.1274 -0.906667 0.402149
    outer loop
      vertex 37.1908 45.2007 8.4
      vertex 37.1152 44.4156 6.606
      vertex 37.8128 45.1133 8.4
    endloop
  endfacet
  facet normal -0.188803 -0.888211 0.418848
    outer loop
      vertex 37.7296 44.285 6.606
      vertex 37.8128 45.1133 8.4
      vertex 37.1152 44.4156 6.606
    endloop
  endfacet
  facet normal -0.188773 -0.888217 0.41885
    outer loop
      vertex 37.8128 45.1133 8.4
      vertex 37.7296 44.285 6.606
      vertex 38.4273 44.9827 8.4
    endloop
  endfacet
  facet normal -0.587679 -0.809094 0
    outer loop
      vertex 41.2827 43.7113 8.4
      vertex 41.791 43.3421 13.6
      vertex 41.2827 43.7113 13.6
    endloop
  endfacet
  facet normal -0.587679 -0.809094 -0
    outer loop
      vertex 41.791 43.3421 13.6
      vertex 41.2827 43.7113 8.4
      vertex 41.791 43.3421 8.4
    endloop
  endfacet
  facet normal 0.866011 0.500026 0
    outer loop
      vertex -43.8824 -41.0193 13.6
      vertex -44.1965 -40.4753 8.4
      vertex -44.1965 -40.4753 13.6
    endloop
  endfacet
  facet normal 0.866011 0.500026 0
    outer loop
      vertex -44.1965 -40.4753 8.4
      vertex -43.8824 -41.0193 13.6
      vertex -43.8824 -41.0193 8.4
    endloop
  endfacet
  facet normal 0.764799 0.441587 0.46913
    outer loop
      vertex -44.1965 -40.4753 8.4
      vertex -43.1848 -40.3216 6.606
      vertex -43.4989 -39.7776 6.606
    endloop
  endfacet
  facet normal 0.764799 0.441587 0.46913
    outer loop
      vertex -43.1848 -40.3216 6.606
      vertex -44.1965 -40.4753 8.4
      vertex -43.8824 -41.0193 8.4
    endloop
  endfacet
  facet normal 0.72951 0.492083 0.475046
    outer loop
      vertex -43.8824 -41.0193 8.4
      vertex -42.8335 -40.8424 6.606
      vertex -43.1848 -40.3216 6.606
    endloop
  endfacet
  facet normal 0.729565 0.49198 0.475068
    outer loop
      vertex -42.8335 -40.8424 6.606
      vertex -43.8824 -41.0193 8.4
      vertex -43.5312 -41.5401 8.4
    endloop
  endfacet
  facet normal 0.927187 0.3746 0
    outer loop
      vertex -44.4719 -39.9106 13.6
      vertex -44.7072 -39.3282 8.4
      vertex -44.7072 -39.3282 13.6
    endloop
  endfacet
  facet normal 0.927187 0.3746 0
    outer loop
      vertex -44.7072 -39.3282 8.4
      vertex -44.4719 -39.9106 13.6
      vertex -44.4719 -39.9106 8.4
    endloop
  endfacet
  facet normal 0.827196 0.334287 0.451663
    outer loop
      vertex -44.7072 -39.3282 8.4
      vertex -43.7742 -39.213 6.606
      vertex -44.0096 -38.6305 6.606
    endloop
  endfacet
  facet normal 0.827221 0.334212 0.451672
    outer loop
      vertex -43.7742 -39.213 6.606
      vertex -44.7072 -39.3282 8.4
      vertex -44.4719 -39.9106 8.4
    endloop
  endfacet
  facet normal 0.914477 0.0961606 0.393045
    outer loop
      vertex -45.2281 -36.8778 8.4
      vertex -44.4647 -36.8049 6.606
      vertex -44.5304 -36.1801 6.606
    endloop
  endfacet
  facet normal 0.914477 0.0961606 0.393045
    outer loop
      vertex -44.4647 -36.8049 6.606
      vertex -45.2281 -36.8778 8.4
      vertex -45.1624 -37.5026 8.4
    endloop
  endfacet
  facet normal 0.984801 0.173685 0
    outer loop
      vertex -45.0533 -38.1212 13.6
      vertex -45.1624 -37.5026 8.4
      vertex -45.1624 -37.5026 13.6
    endloop
  endfacet
  facet normal 0.984801 0.173685 0
    outer loop
      vertex -45.1624 -37.5026 8.4
      vertex -45.0533 -38.1212 13.6
      vertex -45.0533 -38.1212 8.4
    endloop
  endfacet
  facet normal 0.587679 0.809094 -0
    outer loop
      vertex -41.2827 -43.7113 8.4
      vertex -41.791 -43.3421 13.6
      vertex -41.2827 -43.7113 13.6
    endloop
  endfacet
  facet normal 0.587679 0.809094 0
    outer loop
      vertex -41.791 -43.3421 13.6
      vertex -41.2827 -43.7113 8.4
      vertex -41.791 -43.3421 8.4
    endloop
  endfacet
  facet normal -1 0 0
    outer loop
      vertex 45.25 -36.25 8.4
      vertex 45.25 36.25 13.6
      vertex 45.25 36.25 8.4
    endloop
  endfacet
  facet normal -1 -0 0
    outer loop
      vertex 45.25 36.25 13.6
      vertex 45.25 -36.25 8.4
      vertex 45.25 -36.25 13.6
    endloop
  endfacet
  facet normal -0.999847 0.0175077 0
    outer loop
      vertex 45.2445 -36.5641 8.4
      vertex 45.25 -36.25 13.6
      vertex 45.25 -36.25 8.4
    endloop
  endfacet
  facet normal -0.999847 0.0175077 0
    outer loop
      vertex 45.25 -36.25 13.6
      vertex 45.2445 -36.5641 8.4
      vertex 45.2445 -36.5641 13.6
    endloop
  endfacet
  facet normal -0.914477 -0.0961606 0.393045
    outer loop
      vertex 44.4647 36.8049 6.606
      vertex 45.2281 36.8778 8.4
      vertex 45.1624 37.5026 8.4
    endloop
  endfacet
  facet normal -0.914477 -0.0961606 0.393045
    outer loop
      vertex 45.2281 36.8778 8.4
      vertex 44.4647 36.8049 6.606
      vertex 44.5304 36.1801 6.606
    endloop
  endfacet
  facet normal -0.812685 0.361807 0.456769
    outer loop
      vertex 43.6415 -39.4977 6.606
      vertex 44.5947 -39.6215 8.4
      vertex 43.897 -38.9238 6.606
    endloop
  endfacet
  facet normal -0.81262 0.361983 0.456746
    outer loop
      vertex 44.5947 -39.6215 8.4
      vertex 43.6415 -39.4977 6.606
      vertex 44.3391 -40.1953 8.4
    endloop
  endfacet
  facet normal -0.882973 0.469423 0
    outer loop
      vertex 44.0442 -40.75 8.4
      vertex 44.3391 -40.1953 13.6
      vertex 44.3391 -40.1953 8.4
    endloop
  endfacet
  facet normal -0.882973 0.469423 0
    outer loop
      vertex 44.3391 -40.1953 13.6
      vertex 44.0442 -40.75 8.4
      vertex 44.0442 -40.75 13.6
    endloop
  endfacet
  facet normal -0.719336 0.694663 0
    outer loop
      vertex 42.5019 -42.7241 8.4
      vertex 42.9383 -42.2722 13.6
      vertex 42.9383 -42.2722 8.4
    endloop
  endfacet
  facet normal -0.719336 0.694663 0
    outer loop
      vertex 42.9383 -42.2722 13.6
      vertex 42.5019 -42.7241 8.4
      vertex 42.5019 -42.7241 13.6
    endloop
  endfacet
  facet normal -0.441587 0.764799 0.46913
    outer loop
      vertex 40.3216 -43.1848 6.606
      vertex 40.4753 -44.1965 8.4
      vertex 41.0193 -43.8824 8.4
    endloop
  endfacet
  facet normal -0.441587 0.764799 0.46913
    outer loop
      vertex 40.4753 -44.1965 8.4
      vertex 40.3216 -43.1848 6.606
      vertex 39.7776 -43.4989 6.606
    endloop
  endfacet
  facet normal 0.559101 -0.8291 0
    outer loop
      vertex -41.5401 43.5312 8.4
      vertex -41.0193 43.8824 13.6
      vertex -41.5401 43.5312 13.6
    endloop
  endfacet
  facet normal 0.559101 -0.8291 0
    outer loop
      vertex -41.0193 43.8824 13.6
      vertex -41.5401 43.5312 8.4
      vertex -41.0193 43.8824 8.4
    endloop
  endfacet
  facet normal 0.441587 -0.764799 0.46913
    outer loop
      vertex -40.3216 43.1848 6.606
      vertex -40.4753 44.1965 8.4
      vertex -41.0193 43.8824 8.4
    endloop
  endfacet
  facet normal 0.441587 -0.764799 0.46913
    outer loop
      vertex -40.4753 44.1965 8.4
      vertex -40.3216 43.1848 6.606
      vertex -39.7776 43.4989 6.606
    endloop
  endfacet
  facet normal 0.388908 -0.797445 0.461337
    outer loop
      vertex -39.7776 43.4989 6.606
      vertex -39.9106 44.4719 8.4
      vertex -40.4753 44.1965 8.4
    endloop
  endfacet
  facet normal 0.388848 -0.797469 0.461346
    outer loop
      vertex -39.9106 44.4719 8.4
      vertex -39.7776 43.4989 6.606
      vertex -39.213 43.7742 6.606
    endloop
  endfacet
  facet normal 0.158358 -0.897897 0.410736
    outer loop
      vertex -37.4235 44.3557 6.606
      vertex -37.5026 45.1624 8.4
      vertex -38.1212 45.0533 8.4
    endloop
  endfacet
  facet normal 0.158217 -0.89792 0.41074
    outer loop
      vertex -37.5026 45.1624 8.4
      vertex -37.4235 44.3557 6.606
      vertex -36.8049 44.4647 6.606
    endloop
  endfacet
  facet normal 0.997567 -0.0697198 0
    outer loop
      vertex -45.2445 36.5641 13.6
      vertex -45.2007 37.1908 8.4
      vertex -45.2007 37.1908 13.6
    endloop
  endfacet
  facet normal 0.997567 -0.0697198 0
    outer loop
      vertex -45.2007 37.1908 8.4
      vertex -45.2445 36.5641 13.6
      vertex -45.2445 36.5641 8.4
    endloop
  endfacet
  facet normal 0.92135 -0.0643931 0.383363
    outer loop
      vertex -45.2445 36.5641 8.4
      vertex -44.503 36.4931 6.606
      vertex -45.2007 37.1908 8.4
    endloop
  endfacet
  facet normal 0.92135 -0.0643931 0.383363
    outer loop
      vertex -44.503 36.4931 6.606
      vertex -45.2445 36.5641 8.4
      vertex -44.5468 35.8664 6.606
    endloop
  endfacet
  facet normal 0.888217 -0.188773 0.41885
    outer loop
      vertex -45.1133 37.8128 8.4
      vertex -44.285 37.7296 6.606
      vertex -44.9827 38.4273 8.4
    endloop
  endfacet
  facet normal 0.888211 -0.188803 0.418848
    outer loop
      vertex -44.285 37.7296 6.606
      vertex -45.1133 37.8128 8.4
      vertex -44.4156 37.1152 6.606
    endloop
  endfacet
  facet normal 0.86623 -0.248437 0.433502
    outer loop
      vertex -44.9827 38.4273 8.4
      vertex -44.1118 38.3335 6.606
      vertex -44.8095 39.0312 8.4
    endloop
  endfacet
  facet normal 0.86623 -0.248437 0.433502
    outer loop
      vertex -44.1118 38.3335 6.606
      vertex -44.9827 38.4273 8.4
      vertex -44.285 37.7296 6.606
    endloop
  endfacet
  facet normal 0.719336 -0.694663 0
    outer loop
      vertex -42.9383 42.2722 13.6
      vertex -42.5019 42.7241 8.4
      vertex -42.5019 42.7241 13.6
    endloop
  endfacet
  facet normal 0.719336 -0.694663 0
    outer loop
      vertex -42.5019 42.7241 8.4
      vertex -42.9383 42.2722 13.6
      vertex -42.9383 42.2722 8.4
    endloop
  endfacet
  facet normal 0.841031 -0.306037 0.446103
    outer loop
      vertex -44.8095 39.0312 8.4
      vertex -43.897 38.9238 6.606
      vertex -44.5947 39.6215 8.4
    endloop
  endfacet
  facet normal 0.841031 -0.306037 0.446103
    outer loop
      vertex -43.897 38.9238 6.606
      vertex -44.8095 39.0312 8.4
      vertex -44.1118 38.3335 6.606
    endloop
  endfacet
  facet normal 0.81262 -0.361983 0.456746
    outer loop
      vertex -44.5947 39.6215 8.4
      vertex -43.6415 39.4977 6.606
      vertex -44.3391 40.1953 8.4
    endloop
  endfacet
  facet normal 0.812685 -0.361807 0.456769
    outer loop
      vertex -43.6415 39.4977 6.606
      vertex -44.5947 39.6215 8.4
      vertex -43.897 38.9238 6.606
    endloop
  endfacet
  facet normal 0.882973 -0.469423 0
    outer loop
      vertex -44.3391 40.1953 13.6
      vertex -44.0442 40.75 8.4
      vertex -44.0442 40.75 13.6
    endloop
  endfacet
  facet normal 0.882973 -0.469423 0
    outer loop
      vertex -44.0442 40.75 8.4
      vertex -44.3391 40.1953 13.6
      vertex -44.3391 40.1953 8.4
    endloop
  endfacet
  facet normal 0.710968 -0.516406 0.477335
    outer loop
      vertex -43.7113 41.2827 8.4
      vertex -42.6444 41.0933 6.606
      vertex -43.3421 41.791 8.4
    endloop
  endfacet
  facet normal 0.710871 -0.516577 0.477295
    outer loop
      vertex -42.6444 41.0933 6.606
      vertex -43.7113 41.2827 8.4
      vertex -43.0137 40.5851 6.606
    endloop
  endfacet
  facet normal -0.361807 -0.812685 0.456769
    outer loop
      vertex 39.4977 43.6415 6.606
      vertex 39.6215 44.5947 8.4
      vertex 38.9238 43.897 6.606
    endloop
  endfacet
  facet normal -0.361983 -0.81262 0.456746
    outer loop
      vertex 39.6215 44.5947 8.4
      vertex 39.4977 43.6415 6.606
      vertex 40.1953 44.3391 8.4
    endloop
  endfacet
  facet normal -0.306037 -0.841031 0.446103
    outer loop
      vertex 38.9238 43.897 6.606
      vertex 39.0312 44.8095 8.4
      vertex 38.3335 44.1118 6.606
    endloop
  endfacet
  facet normal -0.306037 -0.841031 0.446103
    outer loop
      vertex 39.0312 44.8095 8.4
      vertex 38.9238 43.897 6.606
      vertex 39.6215 44.5947 8.4
    endloop
  endfacet
  facet normal -0.406906 -0.91347 0
    outer loop
      vertex 39.6215 44.5947 8.4
      vertex 40.1953 44.3391 13.6
      vertex 39.6215 44.5947 13.6
    endloop
  endfacet
  facet normal -0.406906 -0.91347 -0
    outer loop
      vertex 40.1953 44.3391 13.6
      vertex 39.6215 44.5947 8.4
      vertex 40.1953 44.3391 8.4
    endloop
  endfacet
  facet normal -0.467056 -0.747515 0.472314
    outer loop
      vertex 40.5851 43.0137 6.606
      vertex 40.75 44.0442 8.4
      vertex 40.0523 43.3466 6.606
    endloop
  endfacet
  facet normal -0.467123 -0.747481 0.472301
    outer loop
      vertex 40.75 44.0442 8.4
      vertex 40.5851 43.0137 6.606
      vertex 41.2827 43.7113 8.4
    endloop
  endfacet
  facet normal -0.516577 -0.710871 0.477295
    outer loop
      vertex 41.0933 42.6444 6.606
      vertex 41.2827 43.7113 8.4
      vertex 40.5851 43.0137 6.606
    endloop
  endfacet
  facet normal -0.516406 -0.710968 0.477335
    outer loop
      vertex 41.2827 43.7113 8.4
      vertex 41.0933 42.6444 6.606
      vertex 41.791 43.3421 8.4
    endloop
  endfacet
  facet normal 0.642811 0.766025 -0
    outer loop
      vertex -41.791 -43.3421 8.4
      vertex -42.2722 -42.9383 13.6
      vertex -41.791 -43.3421 13.6
    endloop
  endfacet
  facet normal 0.642811 0.766025 0
    outer loop
      vertex -42.2722 -42.9383 13.6
      vertex -41.791 -43.3421 8.4
      vertex -42.2722 -42.9383 8.4
    endloop
  endfacet
  facet normal 0.275688 0.961247 -0
    outer loop
      vertex -38.4273 -44.9827 8.4
      vertex -39.0312 -44.8095 13.6
      vertex -38.4273 -44.9827 13.6
    endloop
  endfacet
  facet normal 0.275688 0.961247 0
    outer loop
      vertex -39.0312 -44.8095 13.6
      vertex -38.4273 -44.9827 8.4
      vertex -39.0312 -44.8095 8.4
    endloop
  endfacet
  facet normal -0.729565 -0.49198 0.475068
    outer loop
      vertex 42.8335 40.8424 6.606
      vertex 43.8824 41.0193 8.4
      vertex 43.5312 41.5401 8.4
    endloop
  endfacet
  facet normal -0.72951 -0.492083 0.475046
    outer loop
      vertex 43.8824 41.0193 8.4
      vertex 42.8335 40.8424 6.606
      vertex 43.1848 40.3216 6.606
    endloop
  endfacet
  facet normal -0.927198 -0.0323441 0.373173
    outer loop
      vertex 44.5304 36.1801 6.606
      vertex 45.25 36.25 8.4
      vertex 45.2281 36.8778 8.4
    endloop
  endfacet
  facet normal -0.927198 -0.0323441 0.373173
    outer loop
      vertex 45.25 36.25 8.4
      vertex 44.5304 36.1801 6.606
      vertex 44.5523 35.5523 6.606
    endloop
  endfacet
  facet normal -0.999392 -0.0348625 0
    outer loop
      vertex 45.25 36.25 8.4
      vertex 45.2281 36.8778 13.6
      vertex 45.2281 36.8778 8.4
    endloop
  endfacet
  facet normal -0.999392 -0.0348625 0
    outer loop
      vertex 45.2281 36.8778 13.6
      vertex 45.25 36.25 8.4
      vertex 45.25 36.25 13.6
    endloop
  endfacet
  facet normal -0.854007 -0.27757 0.440031
    outer loop
      vertex 44.0096 38.6305 6.606
      vertex 44.9014 38.7307 8.4
      vertex 44.7072 39.3282 8.4
    endloop
  endfacet
  facet normal -0.854032 -0.277482 0.440039
    outer loop
      vertex 44.9014 38.7307 8.4
      vertex 44.0096 38.6305 6.606
      vertex 44.2037 38.0331 6.606
    endloop
  endfacet
  facet normal -0.898808 -0.438342 0
    outer loop
      vertex 44.4719 39.9106 8.4
      vertex 44.1965 40.4753 13.6
      vertex 44.1965 40.4753 8.4
    endloop
  endfacet
  facet normal -0.898808 -0.438342 0
    outer loop
      vertex 44.1965 40.4753 13.6
      vertex 44.4719 39.9106 8.4
      vertex 44.4719 39.9106 13.6
    endloop
  endfacet
  facet normal -0.927187 -0.3746 0
    outer loop
      vertex 44.7072 39.3282 8.4
      vertex 44.4719 39.9106 13.6
      vertex 44.4719 39.9106 8.4
    endloop
  endfacet
  facet normal -0.927187 -0.3746 0
    outer loop
      vertex 44.4719 39.9106 13.6
      vertex 44.7072 39.3282 8.4
      vertex 44.7072 39.3282 13.6
    endloop
  endfacet
  facet normal -0.500026 0.866011 0
    outer loop
      vertex 41.0193 -43.8824 8.4
      vertex 40.4753 -44.1965 13.6
      vertex 41.0193 -43.8824 13.6
    endloop
  endfacet
  facet normal -0.500026 0.866011 0
    outer loop
      vertex 40.4753 -44.1965 13.6
      vertex 41.0193 -43.8824 8.4
      vertex 40.4753 -44.1965 8.4
    endloop
  endfacet
  facet normal -0.54044 0.691617 0.479156
    outer loop
      vertex 41.3374 -42.4467 6.606
      vertex 41.5401 -43.5312 8.4
      vertex 42.0351 -43.1444 8.4
    endloop
  endfacet
  facet normal -0.54044 0.691617 0.479156
    outer loop
      vertex 41.5401 -43.5312 8.4
      vertex 41.3374 -42.4467 6.606
      vertex 40.8424 -42.8335 6.606
    endloop
  endfacet
  facet normal -0.615724 0.787962 0
    outer loop
      vertex 42.0351 -43.1444 8.4
      vertex 41.5401 -43.5312 13.6
      vertex 42.0351 -43.1444 13.6
    endloop
  endfacet
  facet normal -0.615724 0.787962 0
    outer loop
      vertex 41.5401 -43.5312 13.6
      vertex 42.0351 -43.1444 8.4
      vertex 41.5401 -43.5312 8.4
    endloop
  endfacet
  facet normal -0.939719 0.341948 0
    outer loop
      vertex 44.5947 -39.6215 8.4
      vertex 44.8095 -39.0312 13.6
      vertex 44.8095 -39.0312 8.4
    endloop
  endfacet
  facet normal -0.939719 0.341948 0
    outer loop
      vertex 44.8095 -39.0312 13.6
      vertex 44.5947 -39.6215 8.4
      vertex 44.5947 -39.6215 13.6
    endloop
  endfacet
  facet normal -0.961247 0.275688 0
    outer loop
      vertex 44.8095 -39.0312 8.4
      vertex 44.9827 -38.4273 13.6
      vertex 44.9827 -38.4273 8.4
    endloop
  endfacet
  facet normal -0.961247 0.275688 0
    outer loop
      vertex 44.9827 -38.4273 13.6
      vertex 44.8095 -39.0312 8.4
      vertex 44.8095 -39.0312 13.6
    endloop
  endfacet
  facet normal -0.997567 0.0697198 0
    outer loop
      vertex 45.2007 -37.1908 8.4
      vertex 45.2445 -36.5641 13.6
      vertex 45.2445 -36.5641 8.4
    endloop
  endfacet
  facet normal -0.997567 0.0697198 0
    outer loop
      vertex 45.2445 -36.5641 13.6
      vertex 45.2007 -37.1908 8.4
      vertex 45.2007 -37.1908 13.6
    endloop
  endfacet
  facet normal -0.848025 0.529956 0
    outer loop
      vertex 43.7113 -41.2827 8.4
      vertex 44.0442 -40.75 13.6
      vertex 44.0442 -40.75 8.4
    endloop
  endfacet
  facet normal -0.848025 0.529956 0
    outer loop
      vertex 44.0442 -40.75 13.6
      vertex 43.7113 -41.2827 8.4
      vertex 43.7113 -41.2827 13.6
    endloop
  endfacet
  facet normal -0.809094 0.587679 0
    outer loop
      vertex 43.3421 -41.791 8.4
      vertex 43.7113 -41.2827 13.6
      vertex 43.7113 -41.2827 8.4
    endloop
  endfacet
  facet normal -0.809094 0.587679 0
    outer loop
      vertex 43.7113 -41.2827 13.6
      vertex 43.3421 -41.791 8.4
      vertex 43.3421 -41.791 13.6
    endloop
  endfacet
  facet normal -0.671796 0.563739 0.480509
    outer loop
      vertex 42.2406 -41.5745 6.606
      vertex 43.3421 -41.791 8.4
      vertex 42.6444 -41.0933 6.606
    endloop
  endfacet
  facet normal -0.671796 0.563739 0.480509
    outer loop
      vertex 43.3421 -41.791 8.4
      vertex 42.2406 -41.5745 6.606
      vertex 42.9383 -42.2722 8.4
    endloop
  endfacet
  facet normal -0.334212 0.827221 0.451672
    outer loop
      vertex 39.213 -43.7742 6.606
      vertex 39.3282 -44.7072 8.4
      vertex 39.9106 -44.4719 8.4
    endloop
  endfacet
  facet normal -0.334287 0.827196 0.451663
    outer loop
      vertex 39.3282 -44.7072 8.4
      vertex 39.213 -43.7742 6.606
      vertex 38.6305 -44.0096 6.606
    endloop
  endfacet
  facet normal -0.27757 0.854007 0.440031
    outer loop
      vertex 38.6305 -44.0096 6.606
      vertex 38.7307 -44.9014 8.4
      vertex 39.3282 -44.7072 8.4
    endloop
  endfacet
  facet normal -0.277482 0.854032 0.440039
    outer loop
      vertex 38.7307 -44.9014 8.4
      vertex 38.6305 -44.0096 6.606
      vertex 38.0331 -44.2037 6.606
    endloop
  endfacet
  facet normal 0.334212 -0.827221 0.451672
    outer loop
      vertex -39.213 43.7742 6.606
      vertex -39.3282 44.7072 8.4
      vertex -39.9106 44.4719 8.4
    endloop
  endfacet
  facet normal 0.334287 -0.827196 0.451663
    outer loop
      vertex -39.3282 44.7072 8.4
      vertex -39.213 43.7742 6.606
      vertex -38.6305 44.0096 6.606
    endloop
  endfacet
  facet normal 0.500026 -0.866011 0
    outer loop
      vertex -41.0193 43.8824 8.4
      vertex -40.4753 44.1965 13.6
      vertex -41.0193 43.8824 13.6
    endloop
  endfacet
  facet normal 0.500026 -0.866011 0
    outer loop
      vertex -40.4753 44.1965 13.6
      vertex -41.0193 43.8824 8.4
      vertex -40.4753 44.1965 8.4
    endloop
  endfacet
  facet normal 0.173685 -0.984801 0
    outer loop
      vertex -38.1212 45.0533 8.4
      vertex -37.5026 45.1624 13.6
      vertex -38.1212 45.0533 13.6
    endloop
  endfacet
  facet normal 0.173685 -0.984801 0
    outer loop
      vertex -37.5026 45.1624 13.6
      vertex -38.1212 45.0533 8.4
      vertex -37.5026 45.1624 8.4
    endloop
  endfacet
  facet normal 0.0348625 -0.999392 0
    outer loop
      vertex -36.8778 45.2281 8.4
      vertex -36.25 45.25 13.6
      vertex -36.8778 45.2281 13.6
    endloop
  endfacet
  facet normal 0.0348625 -0.999392 0
    outer loop
      vertex -36.25 45.25 13.6
      vertex -36.8778 45.2281 8.4
      vertex -36.25 45.25 8.4
    endloop
  endfacet
  facet normal 0.906667 -0.1274 0.402149
    outer loop
      vertex -45.2007 37.1908 8.4
      vertex -44.4156 37.1152 6.606
      vertex -45.1133 37.8128 8.4
    endloop
  endfacet
  facet normal 0.90667 -0.12738 0.40215
    outer loop
      vertex -44.4156 37.1152 6.606
      vertex -45.2007 37.1908 8.4
      vertex -44.503 36.4931 6.606
    endloop
  endfacet
  facet normal 0.990272 -0.139147 0
    outer loop
      vertex -45.2007 37.1908 13.6
      vertex -45.1133 37.8128 8.4
      vertex -45.1133 37.8128 13.6
    endloop
  endfacet
  facet normal 0.990272 -0.139147 0
    outer loop
      vertex -45.1133 37.8128 8.4
      vertex -45.2007 37.1908 13.6
      vertex -45.2007 37.1908 8.4
    endloop
  endfacet
  facet normal 0.961247 -0.275688 0
    outer loop
      vertex -44.9827 38.4273 13.6
      vertex -44.8095 39.0312 8.4
      vertex -44.8095 39.0312 13.6
    endloop
  endfacet
  facet normal 0.961247 -0.275688 0
    outer loop
      vertex -44.8095 39.0312 8.4
      vertex -44.9827 38.4273 13.6
      vertex -44.9827 38.4273 8.4
    endloop
  endfacet
  facet normal 0.939719 -0.341948 0
    outer loop
      vertex -44.8095 39.0312 13.6
      vertex -44.5947 39.6215 8.4
      vertex -44.5947 39.6215 13.6
    endloop
  endfacet
  facet normal 0.939719 -0.341948 0
    outer loop
      vertex -44.5947 39.6215 8.4
      vertex -44.8095 39.0312 13.6
      vertex -44.8095 39.0312 8.4
    endloop
  endfacet
  facet normal 0.747481 -0.467123 0.472301
    outer loop
      vertex -44.0442 40.75 8.4
      vertex -43.0137 40.5851 6.606
      vertex -43.7113 41.2827 8.4
    endloop
  endfacet
  facet normal 0.747515 -0.467056 0.472314
    outer loop
      vertex -43.0137 40.5851 6.606
      vertex -44.0442 40.75 8.4
      vertex -43.3466 40.0523 6.606
    endloop
  endfacet
  facet normal 0.848025 -0.529956 0
    outer loop
      vertex -44.0442 40.75 13.6
      vertex -43.7113 41.2827 8.4
      vertex -43.7113 41.2827 13.6
    endloop
  endfacet
  facet normal 0.848025 -0.529956 0
    outer loop
      vertex -43.7113 41.2827 8.4
      vertex -44.0442 40.75 13.6
      vertex -44.0442 40.75 8.4
    endloop
  endfacet
  facet normal -0.97032 -0.241824 0
    outer loop
      vertex 45.0533 38.1212 8.4
      vertex 44.9014 38.7307 13.6
      vertex 44.9014 38.7307 8.4
    endloop
  endfacet
  facet normal -0.97032 -0.241824 0
    outer loop
      vertex 44.9014 38.7307 13.6
      vertex 45.0533 38.1212 8.4
      vertex 45.0533 38.1212 13.6
    endloop
  endfacet
  facet normal -0.951028 -0.309104 0
    outer loop
      vertex 44.9014 38.7307 8.4
      vertex 44.7072 39.3282 13.6
      vertex 44.7072 39.3282 8.4
    endloop
  endfacet
  facet normal -0.951028 -0.309104 0
    outer loop
      vertex 44.7072 39.3282 13.6
      vertex 44.9014 38.7307 8.4
      vertex 44.9014 38.7307 13.6
    endloop
  endfacet
  facet normal -0.87769 -0.218738 0.426397
    outer loop
      vertex 44.2037 38.0331 6.606
      vertex 45.0533 38.1212 8.4
      vertex 44.9014 38.7307 8.4
    endloop
  endfacet
  facet normal -0.877667 -0.218841 0.426391
    outer loop
      vertex 45.0533 38.1212 8.4
      vertex 44.2037 38.0331 6.606
      vertex 44.3557 37.4235 6.606
    endloop
  endfacet
  facet normal -0.797445 -0.388908 0.461337
    outer loop
      vertex 43.4989 39.7776 6.606
      vertex 44.4719 39.9106 8.4
      vertex 44.1965 40.4753 8.4
    endloop
  endfacet
  facet normal -0.797469 -0.388848 0.461346
    outer loop
      vertex 44.4719 39.9106 8.4
      vertex 43.4989 39.7776 6.606
      vertex 43.7742 39.213 6.606
    endloop
  endfacet
  facet normal -0.827221 -0.334212 0.451672
    outer loop
      vertex 43.7742 39.213 6.606
      vertex 44.7072 39.3282 8.4
      vertex 44.4719 39.9106 8.4
    endloop
  endfacet
  facet normal -0.827196 -0.334287 0.451663
    outer loop
      vertex 44.7072 39.3282 8.4
      vertex 43.7742 39.213 6.606
      vertex 44.0096 38.6305 6.606
    endloop
  endfacet
  facet normal -0.3746 0.927187 0
    outer loop
      vertex 39.9106 -44.4719 8.4
      vertex 39.3282 -44.7072 13.6
      vertex 39.9106 -44.4719 13.6
    endloop
  endfacet
  facet normal -0.3746 0.927187 0
    outer loop
      vertex 39.3282 -44.7072 13.6
      vertex 39.9106 -44.4719 8.4
      vertex 39.3282 -44.7072 8.4
    endloop
  endfacet
  facet normal -0.669123 0.743152 0
    outer loop
      vertex 42.5019 -42.7241 8.4
      vertex 42.0351 -43.1444 13.6
      vertex 42.5019 -42.7241 13.6
    endloop
  endfacet
  facet normal -0.669123 0.743152 0
    outer loop
      vertex 42.0351 -43.1444 13.6
      vertex 42.5019 -42.7241 8.4
      vertex 42.0351 -43.1444 8.4
    endloop
  endfacet
  facet normal -0.766025 0.642811 0
    outer loop
      vertex 42.9383 -42.2722 8.4
      vertex 43.3421 -41.791 13.6
      vertex 43.3421 -41.791 8.4
    endloop
  endfacet
  facet normal -0.766025 0.642811 0
    outer loop
      vertex 43.3421 -41.791 13.6
      vertex 42.9383 -42.2722 8.4
      vertex 42.9383 -42.2722 13.6
    endloop
  endfacet
  facet normal -0.90667 0.12738 0.40215
    outer loop
      vertex 44.4156 -37.1152 6.606
      vertex 45.2007 -37.1908 8.4
      vertex 44.503 -36.4931 6.606
    endloop
  endfacet
  facet normal -0.906667 0.1274 0.402149
    outer loop
      vertex 45.2007 -37.1908 8.4
      vertex 44.4156 -37.1152 6.606
      vertex 45.1133 -37.8128 8.4
    endloop
  endfacet
  facet normal -0.978153 0.207887 0
    outer loop
      vertex 44.9827 -38.4273 8.4
      vertex 45.1133 -37.8128 13.6
      vertex 45.1133 -37.8128 8.4
    endloop
  endfacet
  facet normal -0.978153 0.207887 0
    outer loop
      vertex 45.1133 -37.8128 13.6
      vertex 44.9827 -38.4273 8.4
      vertex 44.9827 -38.4273 13.6
    endloop
  endfacet
  facet normal 0.615724 -0.787962 0
    outer loop
      vertex -42.0351 43.1444 8.4
      vertex -41.5401 43.5312 13.6
      vertex -42.0351 43.1444 13.6
    endloop
  endfacet
  facet normal 0.615724 -0.787962 0
    outer loop
      vertex -41.5401 43.5312 13.6
      vertex -42.0351 43.1444 8.4
      vertex -41.5401 43.5312 8.4
    endloop
  endfacet
  facet normal 0.54044 -0.691617 0.479156
    outer loop
      vertex -41.3374 42.4467 6.606
      vertex -41.5401 43.5312 8.4
      vertex -42.0351 43.1444 8.4
    endloop
  endfacet
  facet normal 0.54044 -0.691617 0.479156
    outer loop
      vertex -41.5401 43.5312 8.4
      vertex -41.3374 42.4467 6.606
      vertex -40.8424 42.8335 6.606
    endloop
  endfacet
  facet normal 0.309104 -0.951028 0
    outer loop
      vertex -39.3282 44.7072 8.4
      vertex -38.7307 44.9014 13.6
      vertex -39.3282 44.7072 13.6
    endloop
  endfacet
  facet normal 0.309104 -0.951028 0
    outer loop
      vertex -38.7307 44.9014 13.6
      vertex -39.3282 44.7072 8.4
      vertex -38.7307 44.9014 8.4
    endloop
  endfacet
  facet normal 0.241824 -0.97032 0
    outer loop
      vertex -38.7307 44.9014 8.4
      vertex -38.1212 45.0533 13.6
      vertex -38.7307 44.9014 13.6
    endloop
  endfacet
  facet normal 0.241824 -0.97032 0
    outer loop
      vertex -38.1212 45.0533 13.6
      vertex -38.7307 44.9014 8.4
      vertex -38.1212 45.0533 8.4
    endloop
  endfacet
  facet normal 0.104577 -0.994517 0
    outer loop
      vertex -37.5026 45.1624 8.4
      vertex -36.8778 45.2281 13.6
      vertex -37.5026 45.1624 13.6
    endloop
  endfacet
  facet normal 0.104577 -0.994517 0
    outer loop
      vertex -36.8778 45.2281 13.6
      vertex -37.5026 45.1624 8.4
      vertex -36.8778 45.2281 8.4
    endloop
  endfacet
  facet normal -0.764799 -0.441587 0.46913
    outer loop
      vertex 43.1848 40.3216 6.606
      vertex 44.1965 40.4753 8.4
      vertex 43.8824 41.0193 8.4
    endloop
  endfacet
  facet normal -0.764799 -0.441587 0.46913
    outer loop
      vertex 44.1965 40.4753 8.4
      vertex 43.1848 40.3216 6.606
      vertex 43.4989 39.7776 6.606
    endloop
  endfacet
  facet normal -0.994517 -0.104577 0
    outer loop
      vertex 45.2281 36.8778 8.4
      vertex 45.1624 37.5026 13.6
      vertex 45.1624 37.5026 8.4
    endloop
  endfacet
  facet normal -0.994517 -0.104577 0
    outer loop
      vertex 45.1624 37.5026 13.6
      vertex 45.2281 36.8778 8.4
      vertex 45.2281 36.8778 13.6
    endloop
  endfacet
  facet normal -0.897897 -0.158358 0.410736
    outer loop
      vertex 44.3557 37.4235 6.606
      vertex 45.1624 37.5026 8.4
      vertex 45.0533 38.1212 8.4
    endloop
  endfacet
  facet normal -0.89792 -0.158217 0.41074
    outer loop
      vertex 45.1624 37.5026 8.4
      vertex 44.3557 37.4235 6.606
      vertex 44.4647 36.8049 6.606
    endloop
  endfacet
  facet normal -0.86623 0.248437 0.433502
    outer loop
      vertex 44.1118 -38.3335 6.606
      vertex 44.9827 -38.4273 8.4
      vertex 44.285 -37.7296 6.606
    endloop
  endfacet
  facet normal -0.86623 0.248437 0.433502
    outer loop
      vertex 44.9827 -38.4273 8.4
      vertex 44.1118 -38.3335 6.606
      vertex 44.8095 -39.0312 8.4
    endloop
  endfacet
  facet normal -0.841031 0.306037 0.446103
    outer loop
      vertex 43.897 -38.9238 6.606
      vertex 44.8095 -39.0312 8.4
      vertex 44.1118 -38.3335 6.606
    endloop
  endfacet
  facet normal -0.841031 0.306037 0.446103
    outer loop
      vertex 44.8095 -39.0312 8.4
      vertex 43.897 -38.9238 6.606
      vertex 44.5947 -39.6215 8.4
    endloop
  endfacet
  facet normal -0.91347 0.406906 0
    outer loop
      vertex 44.3391 -40.1953 8.4
      vertex 44.5947 -39.6215 13.6
      vertex 44.5947 -39.6215 8.4
    endloop
  endfacet
  facet normal -0.91347 0.406906 0
    outer loop
      vertex 44.5947 -39.6215 13.6
      vertex 44.3391 -40.1953 8.4
      vertex 44.3391 -40.1953 13.6
    endloop
  endfacet
  facet normal 0.669123 -0.743152 0
    outer loop
      vertex -42.5019 42.7241 8.4
      vertex -42.0351 43.1444 13.6
      vertex -42.5019 42.7241 13.6
    endloop
  endfacet
  facet normal 0.669123 -0.743152 0
    outer loop
      vertex -42.0351 43.1444 13.6
      vertex -42.5019 42.7241 8.4
      vertex -42.0351 43.1444 8.4
    endloop
  endfacet
  facet normal 0.218738 -0.87769 0.426397
    outer loop
      vertex -38.0331 44.2037 6.606
      vertex -38.1212 45.0533 8.4
      vertex -38.7307 44.9014 8.4
    endloop
  endfacet
  facet normal 0.218841 -0.877667 0.426391
    outer loop
      vertex -38.1212 45.0533 8.4
      vertex -38.0331 44.2037 6.606
      vertex -37.4235 44.3557 6.606
    endloop
  endfacet
  facet normal 0.27757 -0.854007 0.440031
    outer loop
      vertex -38.6305 44.0096 6.606
      vertex -38.7307 44.9014 8.4
      vertex -39.3282 44.7072 8.4
    endloop
  endfacet
  facet normal 0.277482 -0.854032 0.440039
    outer loop
      vertex -38.7307 44.9014 8.4
      vertex -38.6305 44.0096 6.606
      vertex -38.0331 44.2037 6.606
    endloop
  endfacet
  facet normal -0.866011 -0.500026 0
    outer loop
      vertex 44.1965 40.4753 8.4
      vertex 43.8824 41.0193 13.6
      vertex 43.8824 41.0193 8.4
    endloop
  endfacet
  facet normal -0.866011 -0.500026 0
    outer loop
      vertex 43.8824 41.0193 13.6
      vertex 44.1965 40.4753 8.4
      vertex 44.1965 40.4753 13.6
    endloop
  endfacet
  facet normal -0.959508 -0.28168 0
    outer loop
      vertex 20.7 0 0
      vertex 20.5889 0.378448 2.6
      vertex 20.5889 0.378448 0
    endloop
  endfacet
  facet normal -0.959508 -0.28168 0
    outer loop
      vertex 20.5889 0.378448 2.6
      vertex 20.7 0 0
      vertex 20.7 0 2.6
    endloop
  endfacet
  facet normal 1 -0 0
    outer loop
      vertex 19.3284 -0.197212 2.6
      vertex 19.3284 0.197212 0
      vertex 19.3284 0.197212 2.6
    endloop
  endfacet
  facet normal 1 0 0
    outer loop
      vertex 19.3284 0.197212 0
      vertex 19.3284 -0.197212 2.6
      vertex 19.3284 -0.197212 0
    endloop
  endfacet
  facet normal -0.14232 -0.989821 0
    outer loop
      vertex 19.9004 0.692875 0
      vertex 20.2908 0.636742 2.6
      vertex 19.9004 0.692875 2.6
    endloop
  endfacet
  facet normal -0.14232 -0.989821 -0
    outer loop
      vertex 20.2908 0.636742 2.6
      vertex 19.9004 0.692875 0
      vertex 20.2908 0.636742 0
    endloop
  endfacet
  facet normal -0.654845 -0.755764 0
    outer loop
      vertex 20.2908 0.636742 0
      vertex 20.5889 0.378448 2.6
      vertex 20.2908 0.636742 2.6
    endloop
  endfacet
  facet normal -0.654845 -0.755764 -0
    outer loop
      vertex 20.5889 0.378448 2.6
      vertex 20.2908 0.636742 0
      vertex 20.5889 0.378448 0
    endloop
  endfacet
  facet normal 0.415399 -0.909639 0
    outer loop
      vertex 19.5416 0.529024 0
      vertex 19.9004 0.692875 2.6
      vertex 19.5416 0.529024 2.6
    endloop
  endfacet
  facet normal 0.415399 -0.909639 0
    outer loop
      vertex 19.9004 0.692875 2.6
      vertex 19.5416 0.529024 0
      vertex 19.9004 0.692875 0
    endloop
  endfacet
  facet normal -0.959508 0.28168 0
    outer loop
      vertex 20.5889 -0.378448 0
      vertex 20.7 0 2.6
      vertex 20.7 0 0
    endloop
  endfacet
  facet normal -0.959508 0.28168 0
    outer loop
      vertex 20.7 0 2.6
      vertex 20.5889 -0.378448 0
      vertex 20.5889 -0.378448 2.6
    endloop
  endfacet
  facet normal 0.841303 -0.540564 0
    outer loop
      vertex 19.3284 0.197212 2.6
      vertex 19.5416 0.529024 0
      vertex 19.5416 0.529024 2.6
    endloop
  endfacet
  facet normal 0.841303 -0.540564 0
    outer loop
      vertex 19.5416 0.529024 0
      vertex 19.3284 0.197212 2.6
      vertex 19.3284 0.197212 0
    endloop
  endfacet
  facet normal 0.841303 0.540564 0
    outer loop
      vertex 19.5416 -0.529024 2.6
      vertex 19.3284 -0.197212 0
      vertex 19.3284 -0.197212 2.6
    endloop
  endfacet
  facet normal 0.841303 0.540564 0
    outer loop
      vertex 19.3284 -0.197212 0
      vertex 19.5416 -0.529024 2.6
      vertex 19.5416 -0.529024 0
    endloop
  endfacet
  facet normal -0.14232 0.989821 0
    outer loop
      vertex 20.2908 -0.636742 0
      vertex 19.9004 -0.692875 2.6
      vertex 20.2908 -0.636742 2.6
    endloop
  endfacet
  facet normal -0.14232 0.989821 0
    outer loop
      vertex 19.9004 -0.692875 2.6
      vertex 20.2908 -0.636742 0
      vertex 19.9004 -0.692875 0
    endloop
  endfacet
  facet normal -0.654845 0.755764 0
    outer loop
      vertex 20.5889 -0.378448 0
      vertex 20.2908 -0.636742 2.6
      vertex 20.5889 -0.378448 2.6
    endloop
  endfacet
  facet normal -0.654845 0.755764 0
    outer loop
      vertex 20.2908 -0.636742 2.6
      vertex 20.5889 -0.378448 0
      vertex 20.2908 -0.636742 0
    endloop
  endfacet
  facet normal 0.415399 0.909639 -0
    outer loop
      vertex 19.9004 -0.692875 0
      vertex 19.5416 -0.529024 2.6
      vertex 19.9004 -0.692875 2.6
    endloop
  endfacet
  facet normal 0.415399 0.909639 0
    outer loop
      vertex 19.5416 -0.529024 2.6
      vertex 19.9004 -0.692875 0
      vertex 19.5416 -0.529024 0
    endloop
  endfacet
  facet normal 0.28168 -0.959508 0
    outer loop
      vertex -0.378448 20.5889 0
      vertex 0 20.7 2.6
      vertex -0.378448 20.5889 2.6
    endloop
  endfacet
  facet normal 0.28168 -0.959508 0
    outer loop
      vertex 0 20.7 2.6
      vertex -0.378448 20.5889 0
      vertex 0 20.7 0
    endloop
  endfacet
  facet normal 0.989821 -0.14232 0
    outer loop
      vertex -0.692875 19.9004 2.6
      vertex -0.636742 20.2908 0
      vertex -0.636742 20.2908 2.6
    endloop
  endfacet
  facet normal 0.989821 -0.14232 0
    outer loop
      vertex -0.636742 20.2908 0
      vertex -0.692875 19.9004 2.6
      vertex -0.692875 19.9004 0
    endloop
  endfacet
  facet normal 0.755764 -0.654845 0
    outer loop
      vertex -0.636742 20.2908 2.6
      vertex -0.378448 20.5889 0
      vertex -0.378448 20.5889 2.6
    endloop
  endfacet
  facet normal 0.755764 -0.654845 0
    outer loop
      vertex -0.378448 20.5889 0
      vertex -0.636742 20.2908 2.6
      vertex -0.636742 20.2908 0
    endloop
  endfacet
  facet normal 0.909639 0.415399 0
    outer loop
      vertex -0.529024 19.5416 2.6
      vertex -0.692875 19.9004 0
      vertex -0.692875 19.9004 2.6
    endloop
  endfacet
  facet normal 0.909639 0.415399 0
    outer loop
      vertex -0.692875 19.9004 0
      vertex -0.529024 19.5416 2.6
      vertex -0.529024 19.5416 0
    endloop
  endfacet
  facet normal 0.540564 0.841303 -0
    outer loop
      vertex -0.197212 19.3284 0
      vertex -0.529024 19.5416 2.6
      vertex -0.197212 19.3284 2.6
    endloop
  endfacet
  facet normal 0.540564 0.841303 0
    outer loop
      vertex -0.529024 19.5416 2.6
      vertex -0.197212 19.3284 0
      vertex -0.529024 19.5416 0
    endloop
  endfacet
  facet normal -0.28168 -0.959508 0
    outer loop
      vertex 0 20.7 0
      vertex 0.378448 20.5889 2.6
      vertex 0 20.7 2.6
    endloop
  endfacet
  facet normal -0.28168 -0.959508 -0
    outer loop
      vertex 0.378448 20.5889 2.6
      vertex 0 20.7 0
      vertex 0.378448 20.5889 0
    endloop
  endfacet
  facet normal -0.540564 0.841303 0
    outer loop
      vertex 0.529024 19.5416 0
      vertex 0.197212 19.3284 2.6
      vertex 0.529024 19.5416 2.6
    endloop
  endfacet
  facet normal -0.540564 0.841303 0
    outer loop
      vertex 0.197212 19.3284 2.6
      vertex 0.529024 19.5416 0
      vertex 0.197212 19.3284 0
    endloop
  endfacet
  facet normal -0.989821 -0.14232 0
    outer loop
      vertex 0.692875 19.9004 0
      vertex 0.636742 20.2908 2.6
      vertex 0.636742 20.2908 0
    endloop
  endfacet
  facet normal -0.989821 -0.14232 0
    outer loop
      vertex 0.636742 20.2908 2.6
      vertex 0.692875 19.9004 0
      vertex 0.692875 19.9004 2.6
    endloop
  endfacet
  facet normal 0 1 -0
    outer loop
      vertex 0.197212 19.3284 0
      vertex -0.197212 19.3284 2.6
      vertex 0.197212 19.3284 2.6
    endloop
  endfacet
  facet normal 0 1 0
    outer loop
      vertex -0.197212 19.3284 2.6
      vertex 0.197212 19.3284 0
      vertex -0.197212 19.3284 0
    endloop
  endfacet
  facet normal -0.755764 -0.654845 0
    outer loop
      vertex 0.636742 20.2908 0
      vertex 0.378448 20.5889 2.6
      vertex 0.378448 20.5889 0
    endloop
  endfacet
  facet normal -0.755764 -0.654845 0
    outer loop
      vertex 0.378448 20.5889 2.6
      vertex 0.636742 20.2908 0
      vertex 0.636742 20.2908 2.6
    endloop
  endfacet
  facet normal -0.909639 0.415399 0
    outer loop
      vertex 0.529024 19.5416 0
      vertex 0.692875 19.9004 2.6
      vertex 0.692875 19.9004 0
    endloop
  endfacet
  facet normal -0.909639 0.415399 0
    outer loop
      vertex 0.692875 19.9004 2.6
      vertex 0.529024 19.5416 0
      vertex 0.529024 19.5416 2.6
    endloop
  endfacet
  facet normal 0.959508 0.28168 0
    outer loop
      vertex -20.5889 -0.378448 2.6
      vertex -20.7 0 0
      vertex -20.7 0 2.6
    endloop
  endfacet
  facet normal 0.959508 0.28168 0
    outer loop
      vertex -20.7 0 0
      vertex -20.5889 -0.378448 2.6
      vertex -20.5889 -0.378448 0
    endloop
  endfacet
  facet normal 0.654845 0.755764 -0
    outer loop
      vertex -20.2908 -0.636742 0
      vertex -20.5889 -0.378448 2.6
      vertex -20.2908 -0.636742 2.6
    endloop
  endfacet
  facet normal 0.654845 0.755764 0
    outer loop
      vertex -20.5889 -0.378448 2.6
      vertex -20.2908 -0.636742 0
      vertex -20.5889 -0.378448 0
    endloop
  endfacet
  facet normal -0.415399 0.909639 0
    outer loop
      vertex -19.5416 -0.529024 0
      vertex -19.9004 -0.692875 2.6
      vertex -19.5416 -0.529024 2.6
    endloop
  endfacet
  facet normal -0.415399 0.909639 0
    outer loop
      vertex -19.9004 -0.692875 2.6
      vertex -19.5416 -0.529024 0
      vertex -19.9004 -0.692875 0
    endloop
  endfacet
  facet normal -0.841303 -0.540564 0
    outer loop
      vertex -19.3284 0.197212 0
      vertex -19.5416 0.529024 2.6
      vertex -19.5416 0.529024 0
    endloop
  endfacet
  facet normal -0.841303 -0.540564 0
    outer loop
      vertex -19.5416 0.529024 2.6
      vertex -19.3284 0.197212 0
      vertex -19.3284 0.197212 2.6
    endloop
  endfacet
  facet normal 0.14232 0.989821 -0
    outer loop
      vertex -19.9004 -0.692875 0
      vertex -20.2908 -0.636742 2.6
      vertex -19.9004 -0.692875 2.6
    endloop
  endfacet
  facet normal 0.14232 0.989821 0
    outer loop
      vertex -20.2908 -0.636742 2.6
      vertex -19.9004 -0.692875 0
      vertex -20.2908 -0.636742 0
    endloop
  endfacet
  facet normal -0.841303 0.540564 0
    outer loop
      vertex -19.5416 -0.529024 0
      vertex -19.3284 -0.197212 2.6
      vertex -19.3284 -0.197212 0
    endloop
  endfacet
  facet normal -0.841303 0.540564 0
    outer loop
      vertex -19.3284 -0.197212 2.6
      vertex -19.5416 -0.529024 0
      vertex -19.5416 -0.529024 2.6
    endloop
  endfacet
  facet normal 0.959508 -0.28168 0
    outer loop
      vertex -20.7 0 2.6
      vertex -20.5889 0.378448 0
      vertex -20.5889 0.378448 2.6
    endloop
  endfacet
  facet normal 0.959508 -0.28168 0
    outer loop
      vertex -20.5889 0.378448 0
      vertex -20.7 0 2.6
      vertex -20.7 0 0
    endloop
  endfacet
  facet normal 0.14232 -0.989821 0
    outer loop
      vertex -20.2908 0.636742 0
      vertex -19.9004 0.692875 2.6
      vertex -20.2908 0.636742 2.6
    endloop
  endfacet
  facet normal 0.14232 -0.989821 0
    outer loop
      vertex -19.9004 0.692875 2.6
      vertex -20.2908 0.636742 0
      vertex -19.9004 0.692875 0
    endloop
  endfacet
  facet normal -0.415399 -0.909639 0
    outer loop
      vertex -19.9004 0.692875 0
      vertex -19.5416 0.529024 2.6
      vertex -19.9004 0.692875 2.6
    endloop
  endfacet
  facet normal -0.415399 -0.909639 -0
    outer loop
      vertex -19.5416 0.529024 2.6
      vertex -19.9004 0.692875 0
      vertex -19.5416 0.529024 0
    endloop
  endfacet
  facet normal -1 0 0
    outer loop
      vertex -19.3284 -0.197212 0
      vertex -19.3284 0.197212 2.6
      vertex -19.3284 0.197212 0
    endloop
  endfacet
  facet normal -1 -0 0
    outer loop
      vertex -19.3284 0.197212 2.6
      vertex -19.3284 -0.197212 0
      vertex -19.3284 -0.197212 2.6
    endloop
  endfacet
  facet normal 0.654845 -0.755764 0
    outer loop
      vertex -20.5889 0.378448 0
      vertex -20.2908 0.636742 2.6
      vertex -20.5889 0.378448 2.6
    endloop
  endfacet
  facet normal 0.654845 -0.755764 0
    outer loop
      vertex -20.2908 0.636742 2.6
      vertex -20.5889 0.378448 0
      vertex -20.2908 0.636742 0
    endloop
  endfacet
  facet normal -0.28168 0.959508 0
    outer loop
      vertex 0.378448 -20.5889 0
      vertex 0 -20.7 2.6
      vertex 0.378448 -20.5889 2.6
    endloop
  endfacet
  facet normal -0.28168 0.959508 0
    outer loop
      vertex 0 -20.7 2.6
      vertex 0.378448 -20.5889 0
      vertex 0 -20.7 0
    endloop
  endfacet
  facet normal 0 -1 0
    outer loop
      vertex -0.197212 -19.3284 0
      vertex 0.197212 -19.3284 2.6
      vertex -0.197212 -19.3284 2.6
    endloop
  endfacet
  facet normal 0 -1 -0
    outer loop
      vertex 0.197212 -19.3284 2.6
      vertex -0.197212 -19.3284 0
      vertex 0.197212 -19.3284 0
    endloop
  endfacet
  facet normal -0.755764 0.654845 0
    outer loop
      vertex 0.378448 -20.5889 0
      vertex 0.636742 -20.2908 2.6
      vertex 0.636742 -20.2908 0
    endloop
  endfacet
  facet normal -0.755764 0.654845 0
    outer loop
      vertex 0.636742 -20.2908 2.6
      vertex 0.378448 -20.5889 0
      vertex 0.378448 -20.5889 2.6
    endloop
  endfacet
  facet normal -0.909639 -0.415399 0
    outer loop
      vertex 0.692875 -19.9004 0
      vertex 0.529024 -19.5416 2.6
      vertex 0.529024 -19.5416 0
    endloop
  endfacet
  facet normal -0.909639 -0.415399 0
    outer loop
      vertex 0.529024 -19.5416 2.6
      vertex 0.692875 -19.9004 0
      vertex 0.692875 -19.9004 2.6
    endloop
  endfacet
  facet normal 0.28168 0.959508 -0
    outer loop
      vertex 0 -20.7 0
      vertex -0.378448 -20.5889 2.6
      vertex 0 -20.7 2.6
    endloop
  endfacet
  facet normal 0.28168 0.959508 0
    outer loop
      vertex -0.378448 -20.5889 2.6
      vertex 0 -20.7 0
      vertex -0.378448 -20.5889 0
    endloop
  endfacet
  facet normal 0.540564 -0.841303 0
    outer loop
      vertex -0.529024 -19.5416 0
      vertex -0.197212 -19.3284 2.6
      vertex -0.529024 -19.5416 2.6
    endloop
  endfacet
  facet normal 0.540564 -0.841303 0
    outer loop
      vertex -0.197212 -19.3284 2.6
      vertex -0.529024 -19.5416 0
      vertex -0.197212 -19.3284 0
    endloop
  endfacet
  facet normal -0.989821 0.14232 0
    outer loop
      vertex 0.636742 -20.2908 0
      vertex 0.692875 -19.9004 2.6
      vertex 0.692875 -19.9004 0
    endloop
  endfacet
  facet normal -0.989821 0.14232 0
    outer loop
      vertex 0.692875 -19.9004 2.6
      vertex 0.636742 -20.2908 0
      vertex 0.636742 -20.2908 2.6
    endloop
  endfacet
  facet normal -0.540564 -0.841303 0
    outer loop
      vertex 0.197212 -19.3284 0
      vertex 0.529024 -19.5416 2.6
      vertex 0.197212 -19.3284 2.6
    endloop
  endfacet
  facet normal -0.540564 -0.841303 -0
    outer loop
      vertex 0.529024 -19.5416 2.6
      vertex 0.197212 -19.3284 0
      vertex 0.529024 -19.5416 0
    endloop
  endfacet
  facet normal 0.989821 0.14232 0
    outer loop
      vertex -0.636742 -20.2908 2.6
      vertex -0.692875 -19.9004 0
      vertex -0.692875 -19.9004 2.6
    endloop
  endfacet
  facet normal 0.989821 0.14232 0
    outer loop
      vertex -0.692875 -19.9004 0
      vertex -0.636742 -20.2908 2.6
      vertex -0.636742 -20.2908 0
    endloop
  endfacet
  facet normal 0.909639 -0.415399 0
    outer loop
      vertex -0.692875 -19.9004 2.6
      vertex -0.529024 -19.5416 0
      vertex -0.529024 -19.5416 2.6
    endloop
  endfacet
  facet normal 0.909639 -0.415399 0
    outer loop
      vertex -0.529024 -19.5416 0
      vertex -0.692875 -19.9004 2.6
      vertex -0.692875 -19.9004 0
    endloop
  endfacet
  facet normal 0.755764 0.654845 0
    outer loop
      vertex -0.378448 -20.5889 2.6
      vertex -0.636742 -20.2908 0
      vertex -0.636742 -20.2908 2.6
    endloop
  endfacet
  facet normal 0.755764 0.654845 0
    outer loop
      vertex -0.636742 -20.2908 0
      vertex -0.378448 -20.5889 2.6
      vertex -0.378448 -20.5889 0
    endloop
  endfacet
endsolid OpenSCAD_Model
