solid OpenSCAD_Model
  facet normal 0.743043 0.0259841 0.668739
    outer loop
      vertex 13.4492 -3.06205 6
      vertex 9 -4 10.98
      vertex 13.482 -4 6
    endloop
  endfacet
  facet normal 0.712028 0.208544 0.670467
    outer loop
      vertex 8.45723 -0.921819 10.98
      vertex 12.9597 -0.283858 6
      vertex 12.959 -0.281468 6
    endloop
  endfacet
  facet normal 0.707109 0.229753 0.668737
    outer loop
      vertex 12.9597 -0.283858 6
      vertex 8.45723 -0.921819 10.98
      vertex 8.65135 -1.51926 10.98
    endloop
  endfacet
  facet normal -0.743043 -0.0259841 0.668739
    outer loop
      vertex -9 -4 10.98
      vertex -13.482 -4 6
      vertex -13.4492 -4.93795 6
    endloop
  endfacet
  facet normal -0.43702 0.6015 0.668739
    outer loop
      vertex -7.5491 7.19201 5.98
      vertex -5.54095 3.0921 10.98
      vertex -5.03274 3.46134 10.98
    endloop
  endfacet
  facet normal -0.437019 0.6015 0.668739
    outer loop
      vertex -5.54095 3.0921 10.98
      vertex -7.5491 7.19201 5.98
      vertex -8.31143 6.63814 5.98
    endloop
  endfacet
  facet normal 0.254296 0.698657 0.668739
    outer loop
      vertex 4.17173 8.83926 5.98
      vertex 2.78115 4.55951 10.98
      vertex 3.37146 4.34465 10.98
    endloop
  endfacet
  facet normal 0.302433 -0.679209 0.668737
    outer loop
      vertex 5.91801 -16.1337 5.98
      vertex 3.37146 -12.3447 10.98
      vertex 5.05719 -16.517 5.98
    endloop
  endfacet
  facet normal 0.732197 -0.129128 0.66874
    outer loop
      vertex 13.3508 -5.87633 6
      vertex 8.91241 -5.25256 10.98
      vertex 13.1878 -6.80059 6
    endloop
  endfacet
  facet normal -0.643869 0.371785 0.668737
    outer loop
      vertex -11.4486 3.15391 5.98
      vertex -11.9198 2.33787 5.98
      vertex -7.63243 0.769273 10.98
    endloop
  endfacet
  facet normal -0.734212 0.118421 0.668512
    outer loop
      vertex -13.1878 -1.19941 6
      vertex -8.80333 -2.1288 10.98
      vertex -13.1874 -1.19693 6
    endloop
  endfacet
  facet normal -0.732204 0.129104 0.668738
    outer loop
      vertex -8.80333 -2.1288 10.98
      vertex -13.1878 -1.19941 6
      vertex -8.91241 -2.74744 10.98
    endloop
  endfacet
  facet normal -0.68938 0.278469 0.668738
    outer loop
      vertex -12.3174 1.48129 6
      vertex -12.6689 0.611115 6
      vertex -8.45723 -0.921819 10.98
    endloop
  endfacet
  facet normal -0.204915 -0.714703 0.668737
    outer loop
      vertex -2.1773 -12.7327 10.98
      vertex -4.17173 -16.8393 5.98
      vertex -3.26595 -17.099 5.98
    endloop
  endfacet
  facet normal 0.0518632 0.741686 0.66874
    outer loop
      vertex 1.41113 9.42605 5.98
      vertex 0.314095 4.99452 10.98
      vertex 0.940756 4.9507 10.98
    endloop
  endfacet
  facet normal 0.585895 0.457729 0.668738
    outer loop
      vertex 10.3416 4.67763 5.98
      vertex 7.28115 1.29007 10.98
      vertex 10.9217 3.9351 5.98
    endloop
  endfacet
  facet normal 0.72169 0.178195 0.668887
    outer loop
      vertex 8.65135 -1.51926 10.98
      vertex 13.1874 -1.19693 6
      vertex 13.1868 -1.1945 6
    endloop
  endfacet
  facet normal 0.72141 0.179873 0.668741
    outer loop
      vertex 13.1874 -1.19693 6
      vertex 8.65135 -1.51926 10.98
      vertex 8.80333 -2.1288 10.98
    endloop
  endfacet
  facet normal 0.393975 -0.630533 0.668739
    outer loop
      vertex 7.5491 -15.192 5.98
      vertex 4.5 -11.7942 10.98
      vertex 6.75 -15.6913 5.98
    endloop
  endfacet
  facet normal 0.64391 -0.371706 0.668741
    outer loop
      vertex 11.9026 -10.3316 6
      vertex 7.63243 -8.76927 10.98
      vertex 11.4334 -11.1444 6
    endloop
  endfacet
  facet normal 0.689379 -0.278471 0.668738
    outer loop
      vertex 12.6689 -8.61112 6
      vertex 8.45723 -7.07818 10.98
      vertex 12.3174 -9.48129 6
    endloop
  endfacet
  facet normal 0.743043 -0.0259841 0.668739
    outer loop
      vertex 13.482 -4 6
      vertex 9 -4 10.98
      vertex 13.4492 -4.93795 6
    endloop
  endfacet
  facet normal -0.585895 0.457729 0.668738
    outer loop
      vertex -10.3416 4.67763 5.98
      vertex -10.9217 3.9351 5.98
      vertex -7.28115 1.29007 10.98
    endloop
  endfacet
  facet normal -0.516473 0.53483 0.66874
    outer loop
      vertex -6.02217 2.6883 10.98
      vertex -9.71109 5.37789 5.98
      vertex -6.47406 2.25192 10.98
    endloop
  endfacet
  facet normal -0.349053 0.656468 0.668739
    outer loop
      vertex -3.94534 4.08915 10.98
      vertex -5.91801 8.13372 5.98
      vertex -4.5 3.79423 10.98
    endloop
  endfacet
  facet normal -0.743043 0.0259841 0.668739
    outer loop
      vertex -13.4492 -3.06205 6
      vertex -13.482 -4 6
      vertex -9 -4 10.98
    endloop
  endfacet
  facet normal -0.70709 0.229812 0.668738
    outer loop
      vertex -12.6689 0.611115 6
      vertex -12.959 -0.281468 6
      vertex -8.45723 -0.921819 10.98
    endloop
  endfacet
  facet normal -0.732197 -0.129128 0.66874
    outer loop
      vertex -8.91241 -5.25256 10.98
      vertex -13.3508 -5.87633 6
      vertex -13.1878 -6.80059 6
    endloop
  endfacet
  facet normal -0.0518635 0.741686 0.66874
    outer loop
      vertex -0.471143 9.49178 5.98
      vertex -1.41113 9.42605 5.98
      vertex -0.314095 4.99452 10.98
    endloop
  endfacet
  facet normal 0.154582 0.72725 0.668739
    outer loop
      vertex 2.34425 9.2949 5.98
      vertex 1.56283 4.86327 10.98
      vertex 2.1773 4.73266 10.98
    endloop
  endfacet
  facet normal 0.349053 0.656468 0.668739
    outer loop
      vertex 5.91801 8.13372 5.98
      vertex 4.5 3.79423 10.98
      vertex 6.75 7.69134 5.98
    endloop
  endfacet
  facet normal 0.3024 0.679222 0.668739
    outer loop
      vertex 5.91801 8.13372 5.98
      vertex 3.37146 4.34465 10.98
      vertex 3.94534 4.08915 10.98
    endloop
  endfacet
  facet normal 0.616395 0.415749 0.668737
    outer loop
      vertex 10.9217 3.9351 5.98
      vertex 7.28115 1.29007 10.98
      vertex 11.4486 3.15391 5.98
    endloop
  endfacet
  facet normal 0.516471 0.534832 0.66874
    outer loop
      vertex 9.03326 6.03245 5.98
      vertex 6.02217 2.6883 10.98
      vertex 9.71109 5.37789 5.98
    endloop
  endfacet
  facet normal 0.68938 0.278469 0.668738
    outer loop
      vertex 12.3174 1.48129 6
      vertex 8.45723 -0.921819 10.98
      vertex 12.6689 0.611115 6
    endloop
  endfacet
  facet normal 0.70709 0.229812 0.668738
    outer loop
      vertex 12.6689 0.611115 6
      vertex 8.45723 -0.921819 10.98
      vertex 12.959 -0.281468 6
    endloop
  endfacet
  facet normal 0.643884 0.371752 0.66874
    outer loop
      vertex 11.9198 2.33787 5.98
      vertex 7.63243 0.769273 10.98
      vertex 7.94653 0.225244 10.98
    endloop
  endfacet
  facet normal 0.721403 0.179907 0.668738
    outer loop
      vertex 12.9597 -0.283858 6
      vertex 8.65135 -1.51926 10.98
      vertex 13.1868 -1.1945 6
    endloop
  endfacet
  facet normal 0.739084 0.0886901 0.667749
    outer loop
      vertex 8.91241 -2.74744 10.98
      vertex 13.4492 -3.05954 6
      vertex 13.4489 -3.05704 6
    endloop
  endfacet
  facet normal 0.73942 0.0777235 0.668742
    outer loop
      vertex 13.4492 -3.05954 6
      vertex 8.91241 -2.74744 10.98
      vertex 8.97808 -3.37219 10.98
    endloop
  endfacet
  facet normal -0.154572 -0.727254 0.668737
    outer loop
      vertex -2.1773 -12.7327 10.98
      vertex -3.26595 -17.099 5.98
      vertex -2.34425 -17.2949 5.98
    endloop
  endfacet
  facet normal 0.103443 -0.736269 0.668736
    outer loop
      vertex 2.34425 -17.2949 5.98
      vertex 0.940756 -12.9507 10.98
      vertex 1.41113 -17.426 5.98
    endloop
  endfacet
  facet normal 0.154571 -0.727254 0.668737
    outer loop
      vertex 2.1773 -12.7327 10.98
      vertex 1.56283 -12.8633 10.98
      vertex 2.34425 -17.2949 5.98
    endloop
  endfacet
  facet normal 0.254305 -0.698655 0.668738
    outer loop
      vertex 5.05719 -16.517 5.98
      vertex 3.37146 -12.3447 10.98
      vertex 4.17173 -16.8393 5.98
    endloop
  endfacet
  facet normal 0.302497 -0.679175 0.668743
    outer loop
      vertex 3.94534 -12.0891 10.98
      vertex 3.37146 -12.3447 10.98
      vertex 5.91801 -16.1337 5.98
    endloop
  endfacet
  facet normal 0.70709 -0.229811 0.668738
    outer loop
      vertex 12.959 -7.71853 6
      vertex 8.45723 -7.07818 10.98
      vertex 12.6689 -8.61112 6
    endloop
  endfacet
  facet normal 0.585897 -0.457722 0.668741
    outer loop
      vertex 10.9072 -11.9245 6
      vertex 7.28115 -9.29007 10.98
      vertex 10.3294 -12.6641 6
    endloop
  endfacet
  facet normal 0.739423 -0.0777156 0.66874
    outer loop
      vertex 13.4489 -4.94296 6
      vertex 8.91241 -5.25256 10.98
      vertex 13.3508 -5.87633 6
    endloop
  endfacet
  facet normal 0.743048 -0.0259435 0.668735
    outer loop
      vertex 8.97808 -4.62781 10.98
      vertex 13.4492 -4.93795 6
      vertex 9 -4 10.98
    endloop
  endfacet
  facet normal 0.744102 0 0.668066
    outer loop
      vertex 13.4492 -4.93795 6
      vertex 8.97808 -4.62781 10.98
      vertex 13.4492 -4.94046 6
    endloop
  endfacet
  facet normal -0.616395 0.415749 0.668737
    outer loop
      vertex -10.9217 3.9351 5.98
      vertex -11.4486 3.15391 5.98
      vertex -7.28115 1.29007 10.98
    endloop
  endfacet
  facet normal -0.477917 0.569547 0.668739
    outer loop
      vertex -8.31143 6.63814 5.98
      vertex -6.02217 2.6883 10.98
      vertex -5.54095 3.0921 10.98
    endloop
  endfacet
  facet normal -0.477912 0.569551 0.66874
    outer loop
      vertex -6.02217 2.6883 10.98
      vertex -8.31143 6.63814 5.98
      vertex -9.03326 6.03245 5.98
    endloop
  endfacet
  facet normal -0.516471 0.534832 0.66874
    outer loop
      vertex -9.03326 6.03245 5.98
      vertex -9.71109 5.37789 5.98
      vertex -6.02217 2.6883 10.98
    endloop
  endfacet
  facet normal -0.393992 0.630522 0.668739
    outer loop
      vertex -6.75 7.69134 5.98
      vertex -7.5491 7.19201 5.98
      vertex -4.5 3.79423 10.98
    endloop
  endfacet
  facet normal -0.349053 0.656468 0.668739
    outer loop
      vertex -5.91801 8.13372 5.98
      vertex -6.75 7.69134 5.98
      vertex -4.5 3.79423 10.98
    endloop
  endfacet
  facet normal -0.393991 0.630523 0.668739
    outer loop
      vertex -4.5 3.79423 10.98
      vertex -7.5491 7.19201 5.98
      vertex -5.03274 3.46134 10.98
    endloop
  endfacet
  facet normal -0.302406 0.679218 0.66874
    outer loop
      vertex -5.05719 8.51698 5.98
      vertex -5.91801 8.13372 5.98
      vertex -3.37146 4.34465 10.98
    endloop
  endfacet
  facet normal -0.204934 0.714696 0.668739
    outer loop
      vertex -2.1773 4.73266 10.98
      vertex -4.17173 8.83926 5.98
      vertex -2.78115 4.55951 10.98
    endloop
  endfacet
  facet normal -0.721403 0.179907 0.668738
    outer loop
      vertex -12.9597 -0.283858 6
      vertex -13.1868 -1.1945 6
      vertex -8.65135 -1.51926 10.98
    endloop
  endfacet
  facet normal -0.712028 0.208544 0.670467
    outer loop
      vertex -12.9597 -0.283858 6
      vertex -8.45723 -0.921819 10.98
      vertex -12.959 -0.281468 6
    endloop
  endfacet
  facet normal -0.707109 0.229753 0.668737
    outer loop
      vertex -8.45723 -0.921819 10.98
      vertex -12.9597 -0.283858 6
      vertex -8.65135 -1.51926 10.98
    endloop
  endfacet
  facet normal -0.683072 0.293164 0.66893
    outer loop
      vertex -12.3174 1.48129 6
      vertex -8.22191 -0.339371 10.98
      vertex -12.3164 1.48362 6
    endloop
  endfacet
  facet normal -0.689358 0.278514 0.668742
    outer loop
      vertex -8.22191 -0.339371 10.98
      vertex -12.3174 1.48129 6
      vertex -8.45723 -0.921819 10.98
    endloop
  endfacet
  facet normal -0.668465 0.326051 0.668465
    outer loop
      vertex -11.9198 2.33787 5.98
      vertex -12.0846 2 5.98
      vertex -12.0646 2 6
    endloop
  endfacet
  facet normal -0.668227 0.325966 0.668744
    outer loop
      vertex -12.0646 2 6
      vertex -8.22191 -0.339371 10.98
      vertex -11.9198 2.33787 5.98
    endloop
  endfacet
  facet normal -0.668279 0.32587 0.668739
    outer loop
      vertex -8.22191 -0.339371 10.98
      vertex -12.0646 2 6
      vertex -12.3164 1.48362 6
    endloop
  endfacet
  facet normal 0 0 -1
    outer loop
      vertex 6.75 -15.6913 5.98
      vertex 7.81338 -15 5.98
      vertex 7.5491 -15.192 5.98
    endloop
  endfacet
  facet normal 0 0 -1
    outer loop
      vertex 5.91801 -16.1337 5.98
      vertex 7.81338 -15 5.98
      vertex 6.75 -15.6913 5.98
    endloop
  endfacet
  facet normal 0 0 -1
    outer loop
      vertex 5.05719 -16.517 5.98
      vertex 7.81338 -15 5.98
      vertex 5.91801 -16.1337 5.98
    endloop
  endfacet
  facet normal 0 0 -1
    outer loop
      vertex 4.17173 -16.8393 5.98
      vertex 7.81338 -15 5.98
      vertex 5.05719 -16.517 5.98
    endloop
  endfacet
  facet normal 0 0 -1
    outer loop
      vertex 3.26595 -17.099 5.98
      vertex 7.81338 -15 5.98
      vertex 4.17173 -16.8393 5.98
    endloop
  endfacet
  facet normal 0 0 -1
    outer loop
      vertex 2.34425 -17.2949 5.98
      vertex 7.81338 -15 5.98
      vertex 3.26595 -17.099 5.98
    endloop
  endfacet
  facet normal 0 0 -1
    outer loop
      vertex 1.41113 -17.426 5.98
      vertex 7.81338 -15 5.98
      vertex 2.34425 -17.2949 5.98
    endloop
  endfacet
  facet normal 0 0 -1
    outer loop
      vertex 0.471143 -17.4918 5.98
      vertex 7.81338 -15 5.98
      vertex 1.41113 -17.426 5.98
    endloop
  endfacet
  facet normal 0 0 -1
    outer loop
      vertex -0.471143 -17.4918 5.98
      vertex 7.81338 -15 5.98
      vertex 0.471143 -17.4918 5.98
    endloop
  endfacet
  facet normal 0 0 -1
    outer loop
      vertex -1.41113 -17.426 5.98
      vertex 7.81338 -15 5.98
      vertex -0.471143 -17.4918 5.98
    endloop
  endfacet
  facet normal 0 0 -1
    outer loop
      vertex -2.34425 -17.2949 5.98
      vertex 7.81338 -15 5.98
      vertex -1.41113 -17.426 5.98
    endloop
  endfacet
  facet normal 0 0 -1
    outer loop
      vertex -3.26595 -17.099 5.98
      vertex 7.81338 -15 5.98
      vertex -2.34425 -17.2949 5.98
    endloop
  endfacet
  facet normal 0 0 -1
    outer loop
      vertex -4.17173 -16.8393 5.98
      vertex 7.81338 -15 5.98
      vertex -3.26595 -17.099 5.98
    endloop
  endfacet
  facet normal 0 0 -1
    outer loop
      vertex -5.05719 -16.517 5.98
      vertex 7.81338 -15 5.98
      vertex -4.17173 -16.8393 5.98
    endloop
  endfacet
  facet normal 0 0 -1
    outer loop
      vertex -5.91801 -16.1337 5.98
      vertex 7.81338 -15 5.98
      vertex -5.05719 -16.517 5.98
    endloop
  endfacet
  facet normal 0 0 -1
    outer loop
      vertex -6.75 -15.6913 5.98
      vertex 7.81338 -15 5.98
      vertex -5.91801 -16.1337 5.98
    endloop
  endfacet
  facet normal 0 0 -1
    outer loop
      vertex -7.81338 -15 5.98
      vertex -6.75 -15.6913 5.98
      vertex -7.5491 -15.192 5.98
    endloop
  endfacet
  facet normal 0 0 -1
    outer loop
      vertex -6.75 -15.6913 5.98
      vertex -7.81338 -15 5.98
      vertex 7.81338 -15 5.98
    endloop
  endfacet
  facet normal 0 0 -1
    outer loop
      vertex 12.0846 2 5.98
      vertex 11.4486 3.15391 5.98
      vertex 11.9198 2.33787 5.98
    endloop
  endfacet
  facet normal 0 0 -1
    outer loop
      vertex 12.0846 2 5.98
      vertex 10.9217 3.9351 5.98
      vertex 11.4486 3.15391 5.98
    endloop
  endfacet
  facet normal 0 0 -1
    outer loop
      vertex 12.0846 2 5.98
      vertex 10.3416 4.67763 5.98
      vertex 10.9217 3.9351 5.98
    endloop
  endfacet
  facet normal 0 0 -1
    outer loop
      vertex 12.0846 2 5.98
      vertex 9.71109 5.37789 5.98
      vertex 10.3416 4.67763 5.98
    endloop
  endfacet
  facet normal 0 0 -1
    outer loop
      vertex 12.0846 2 5.98
      vertex 9.03326 6.03245 5.98
      vertex 9.71109 5.37789 5.98
    endloop
  endfacet
  facet normal 0 0 -1
    outer loop
      vertex 12.0846 2 5.98
      vertex 8.31143 6.63814 5.98
      vertex 9.03326 6.03245 5.98
    endloop
  endfacet
  facet normal 0 0 -1
    outer loop
      vertex 12.0846 2 5.98
      vertex 7.5491 7.19201 5.98
      vertex 8.31143 6.63814 5.98
    endloop
  endfacet
  facet normal 0 0 -1
    outer loop
      vertex 12.0846 2 5.98
      vertex 6.75 7.69134 5.98
      vertex 7.5491 7.19201 5.98
    endloop
  endfacet
  facet normal 0 0 -1
    outer loop
      vertex 12.0846 2 5.98
      vertex 5.91801 8.13372 5.98
      vertex 6.75 7.69134 5.98
    endloop
  endfacet
  facet normal 0 0 -1
    outer loop
      vertex 12.0846 2 5.98
      vertex 5.05719 8.51698 5.98
      vertex 5.91801 8.13372 5.98
    endloop
  endfacet
  facet normal 0 0 -1
    outer loop
      vertex 12.0846 2 5.98
      vertex 4.17173 8.83926 5.98
      vertex 5.05719 8.51698 5.98
    endloop
  endfacet
  facet normal 0 0 -1
    outer loop
      vertex 12.0846 2 5.98
      vertex 3.26595 9.09899 5.98
      vertex 4.17173 8.83926 5.98
    endloop
  endfacet
  facet normal 0 0 -1
    outer loop
      vertex 12.0846 2 5.98
      vertex 2.34425 9.2949 5.98
      vertex 3.26595 9.09899 5.98
    endloop
  endfacet
  facet normal 0 0 -1
    outer loop
      vertex 12.0846 2 5.98
      vertex 1.41113 9.42605 5.98
      vertex 2.34425 9.2949 5.98
    endloop
  endfacet
  facet normal 0 0 -1
    outer loop
      vertex 12.0846 2 5.98
      vertex 0.471143 9.49178 5.98
      vertex 1.41113 9.42605 5.98
    endloop
  endfacet
  facet normal 0 0 -1
    outer loop
      vertex 12.0846 2 5.98
      vertex -0.471143 9.49178 5.98
      vertex 0.471143 9.49178 5.98
    endloop
  endfacet
  facet normal 0 0 -1
    outer loop
      vertex 12.0846 2 5.98
      vertex -1.41113 9.42605 5.98
      vertex -0.471143 9.49178 5.98
    endloop
  endfacet
  facet normal 0 0 -1
    outer loop
      vertex 12.0846 2 5.98
      vertex -2.34425 9.2949 5.98
      vertex -1.41113 9.42605 5.98
    endloop
  endfacet
  facet normal 0 0 -1
    outer loop
      vertex 12.0846 2 5.98
      vertex -3.26595 9.09899 5.98
      vertex -2.34425 9.2949 5.98
    endloop
  endfacet
  facet normal 0 0 -1
    outer loop
      vertex 12.0846 2 5.98
      vertex -4.17173 8.83926 5.98
      vertex -3.26595 9.09899 5.98
    endloop
  endfacet
  facet normal 0 0 -1
    outer loop
      vertex 12.0846 2 5.98
      vertex -5.05719 8.51698 5.98
      vertex -4.17173 8.83926 5.98
    endloop
  endfacet
  facet normal 0 0 -1
    outer loop
      vertex 12.0846 2 5.98
      vertex -5.91801 8.13372 5.98
      vertex -5.05719 8.51698 5.98
    endloop
  endfacet
  facet normal 0 0 -1
    outer loop
      vertex 12.0846 2 5.98
      vertex -6.75 7.69134 5.98
      vertex -5.91801 8.13372 5.98
    endloop
  endfacet
  facet normal 0 0 -1
    outer loop
      vertex 12.0846 2 5.98
      vertex -7.5491 7.19201 5.98
      vertex -6.75 7.69134 5.98
    endloop
  endfacet
  facet normal 0 0 -1
    outer loop
      vertex 12.0846 2 5.98
      vertex -8.31143 6.63814 5.98
      vertex -7.5491 7.19201 5.98
    endloop
  endfacet
  facet normal 0 0 -1
    outer loop
      vertex 12.0846 2 5.98
      vertex -9.03326 6.03245 5.98
      vertex -8.31143 6.63814 5.98
    endloop
  endfacet
  facet normal 0 0 -1
    outer loop
      vertex 12.0846 2 5.98
      vertex -9.71109 5.37789 5.98
      vertex -9.03326 6.03245 5.98
    endloop
  endfacet
  facet normal 0 0 -1
    outer loop
      vertex 12.0846 2 5.98
      vertex -10.3416 4.67763 5.98
      vertex -9.71109 5.37789 5.98
    endloop
  endfacet
  facet normal 0 0 -1
    outer loop
      vertex 12.0846 2 5.98
      vertex -10.9217 3.9351 5.98
      vertex -10.3416 4.67763 5.98
    endloop
  endfacet
  facet normal 0 0 -1
    outer loop
      vertex 12.0846 2 5.98
      vertex -11.4486 3.15391 5.98
      vertex -10.9217 3.9351 5.98
    endloop
  endfacet
  facet normal 0 0 -1
    outer loop
      vertex -12.0846 2 5.98
      vertex -11.4486 3.15391 5.98
      vertex 12.0846 2 5.98
    endloop
  endfacet
  facet normal 0 0 -1
    outer loop
      vertex -11.4486 3.15391 5.98
      vertex -12.0846 2 5.98
      vertex -11.9198 2.33787 5.98
    endloop
  endfacet
  facet normal -0.743048 -0.0259435 0.668735
    outer loop
      vertex -13.4492 -4.93795 6
      vertex -8.97808 -4.62781 10.98
      vertex -9 -4 10.98
    endloop
  endfacet
  facet normal -0.744102 0 0.668066
    outer loop
      vertex -8.97808 -4.62781 10.98
      vertex -13.4492 -4.93795 6
      vertex -13.4492 -4.94046 6
    endloop
  endfacet
  facet normal -0.668249 -0.325928 0.668741
    outer loop
      vertex -11.905 -10.3272 6
      vertex -7.94653 -8.22524 10.98
      vertex -8.22191 -7.66063 10.98
    endloop
  endfacet
  facet normal -0.664916 -0.332458 0.668848
    outer loop
      vertex -7.94653 -8.22524 10.98
      vertex -11.905 -10.3272 6
      vertex -11.9039 -10.3294 6
    endloop
  endfacet
  facet normal -0.349065 -0.656462 0.668739
    outer loop
      vertex -4.5 -11.7942 10.98
      vertex -6.75 -15.6913 5.98
      vertex -5.91801 -16.1337 5.98
    endloop
  endfacet
  facet normal -0.436988 -0.601521 0.668741
    outer loop
      vertex -7.78277 -15 6
      vertex -5.03274 -11.4613 10.98
      vertex -5.54095 -11.0921 10.98
    endloop
  endfacet
  facet normal -0.437004 -0.601508 0.668741
    outer loop
      vertex -5.03274 -11.4613 10.98
      vertex -7.78277 -15 6
      vertex -7.5491 -15.192 5.98
    endloop
  endfacet
  facet normal -0.436982 -0.601524 0.668741
    outer loop
      vertex -7.78277 -15 6
      vertex -5.54095 -11.0921 10.98
      vertex -8.30035 -14.624 6
    endloop
  endfacet
  facet normal -0.436974 -0.601477 0.668789
    outer loop
      vertex -7.5491 -15.192 5.98
      vertex -7.78277 -15 6
      vertex -7.81338 -15 5.98
    endloop
  endfacet
  facet normal -0.393998 -0.630516 0.668741
    outer loop
      vertex -5.03274 -11.4613 10.98
      vertex -7.5491 -15.192 5.98
      vertex -4.5 -11.7942 10.98
    endloop
  endfacet
  facet normal 0.204937 0.714695 0.668739
    outer loop
      vertex 3.26595 9.09899 5.98
      vertex 2.1773 4.73266 10.98
      vertex 4.17173 8.83926 5.98
    endloop
  endfacet
  facet normal 0.103481 0.73626 0.668739
    outer loop
      vertex 1.41113 9.42605 5.98
      vertex 0.940756 4.9507 10.98
      vertex 2.34425 9.2949 5.98
    endloop
  endfacet
  facet normal 0.0518635 0.741686 0.66874
    outer loop
      vertex 0.471143 9.49178 5.98
      vertex 0.314095 4.99452 10.98
      vertex 1.41113 9.42605 5.98
    endloop
  endfacet
  facet normal 0.393991 0.630523 0.668739
    outer loop
      vertex 7.5491 7.19201 5.98
      vertex 4.5 3.79423 10.98
      vertex 5.03274 3.46134 10.98
    endloop
  endfacet
  facet normal 0.393992 0.630522 0.668739
    outer loop
      vertex 6.75 7.69134 5.98
      vertex 4.5 3.79423 10.98
      vertex 7.5491 7.19201 5.98
    endloop
  endfacet
  facet normal 0.585885 0.457741 0.668739
    outer loop
      vertex 10.3416 4.67763 5.98
      vertex 6.8944 1.78509 10.98
      vertex 7.28115 1.29007 10.98
    endloop
  endfacet
  facet normal 0.437019 0.6015 0.668739
    outer loop
      vertex 7.5491 7.19201 5.98
      vertex 5.54095 3.0921 10.98
      vertex 8.31143 6.63814 5.98
    endloop
  endfacet
  facet normal 0.43702 0.6015 0.668739
    outer loop
      vertex 5.54095 3.0921 10.98
      vertex 7.5491 7.19201 5.98
      vertex 5.03274 3.46134 10.98
    endloop
  endfacet
  facet normal 0.683072 0.293164 0.66893
    outer loop
      vertex 8.22191 -0.339371 10.98
      vertex 12.3174 1.48129 6
      vertex 12.3164 1.48362 6
    endloop
  endfacet
  facet normal 0.689358 0.278514 0.668742
    outer loop
      vertex 12.3174 1.48129 6
      vertex 8.22191 -0.339371 10.98
      vertex 8.45723 -0.921819 10.98
    endloop
  endfacet
  facet normal 0.668465 0.326051 0.668465
    outer loop
      vertex 12.0846 2 5.98
      vertex 11.9198 2.33787 5.98
      vertex 12.0646 2 6
    endloop
  endfacet
  facet normal 0.668279 0.32587 0.668739
    outer loop
      vertex 12.0646 2 6
      vertex 8.22191 -0.339371 10.98
      vertex 12.3164 1.48362 6
    endloop
  endfacet
  facet normal 0.668227 0.325966 0.668744
    outer loop
      vertex 8.22191 -0.339371 10.98
      vertex 12.0646 2 6
      vertex 11.9198 2.33787 5.98
    endloop
  endfacet
  facet normal 0.643869 0.371785 0.668737
    outer loop
      vertex 11.4486 3.15391 5.98
      vertex 7.63243 0.769273 10.98
      vertex 11.9198 2.33787 5.98
    endloop
  endfacet
  facet normal 0.61639 0.415758 0.668736
    outer loop
      vertex 11.4486 3.15391 5.98
      vertex 7.28115 1.29007 10.98
      vertex 7.63243 0.769273 10.98
    endloop
  endfacet
  facet normal 0.739423 0.0777156 0.66874
    outer loop
      vertex 13.3508 -2.12367 6
      vertex 8.91241 -2.74744 10.98
      vertex 13.4489 -3.05704 6
    endloop
  endfacet
  facet normal 0.732197 0.129128 0.66874
    outer loop
      vertex 13.1878 -1.19941 6
      vertex 8.91241 -2.74744 10.98
      vertex 13.3508 -2.12367 6
    endloop
  endfacet
  facet normal -0.05184 -0.741691 0.668735
    outer loop
      vertex -0.940756 -12.9507 10.98
      vertex -1.41113 -17.426 5.98
      vertex -0.314095 -12.9945 10.98
    endloop
  endfacet
  facet normal -0.0519183 -0.74168 0.668742
    outer loop
      vertex -0.314095 -12.9945 10.98
      vertex -1.41113 -17.426 5.98
      vertex -0.471143 -17.4918 5.98
    endloop
  endfacet
  facet normal 0.436982 -0.601524 0.668741
    outer loop
      vertex 5.54095 -11.0921 10.98
      vertex 7.78277 -15 6
      vertex 8.30035 -14.624 6
    endloop
  endfacet
  facet normal 0.436988 -0.601521 0.668741
    outer loop
      vertex 5.03274 -11.4613 10.98
      vertex 7.78277 -15 6
      vertex 5.54095 -11.0921 10.98
    endloop
  endfacet
  facet normal 0.437004 -0.601508 0.668741
    outer loop
      vertex 7.78277 -15 6
      vertex 5.03274 -11.4613 10.98
      vertex 7.5491 -15.192 5.98
    endloop
  endfacet
  facet normal 0.436974 -0.601477 0.668789
    outer loop
      vertex 7.81338 -15 5.98
      vertex 7.78277 -15 6
      vertex 7.5491 -15.192 5.98
    endloop
  endfacet
  facet normal 0.721403 -0.179907 0.668738
    outer loop
      vertex 13.1868 -6.8055 6
      vertex 8.65135 -6.48074 10.98
      vertex 12.9597 -7.71614 6
    endloop
  endfacet
  facet normal 0.707109 -0.229754 0.668737
    outer loop
      vertex 8.45723 -7.07818 10.98
      vertex 12.9597 -7.71614 6
      vertex 8.65135 -6.48074 10.98
    endloop
  endfacet
  facet normal 0.712028 -0.208544 0.670467
    outer loop
      vertex 12.9597 -7.71614 6
      vertex 8.45723 -7.07818 10.98
      vertex 12.959 -7.71853 6
    endloop
  endfacet
  facet normal 0.689358 -0.278513 0.668742
    outer loop
      vertex 8.22191 -7.66063 10.98
      vertex 12.3174 -9.48129 6
      vertex 8.45723 -7.07818 10.98
    endloop
  endfacet
  facet normal 0.683073 -0.293164 0.66893
    outer loop
      vertex 12.3174 -9.48129 6
      vertex 8.22191 -7.66063 10.98
      vertex 12.3164 -9.48362 6
    endloop
  endfacet
  facet normal 0.616374 -0.415775 0.668741
    outer loop
      vertex 11.432 -11.1465 6
      vertex 7.28115 -9.29007 10.98
      vertex 10.9072 -11.9245 6
    endloop
  endfacet
  facet normal 0.668264 -0.325901 0.668738
    outer loop
      vertex 12.3164 -9.48362 6
      vertex 8.22191 -7.66063 10.98
      vertex 11.905 -10.3272 6
    endloop
  endfacet
  facet normal 0.732204 -0.129104 0.668738
    outer loop
      vertex 8.80333 -5.8712 10.98
      vertex 13.1878 -6.80059 6
      vertex 8.91241 -5.25256 10.98
    endloop
  endfacet
  facet normal 0.734212 -0.118421 0.668512
    outer loop
      vertex 13.1878 -6.80059 6
      vertex 8.80333 -5.8712 10.98
      vertex 13.1874 -6.80307 6
    endloop
  endfacet
  facet normal -0.61639 0.415758 0.668736
    outer loop
      vertex -7.28115 1.29007 10.98
      vertex -11.4486 3.15391 5.98
      vertex -7.63243 0.769273 10.98
    endloop
  endfacet
  facet normal -0.552523 0.497499 0.66874
    outer loop
      vertex -9.71109 5.37789 5.98
      vertex -6.8944 1.78509 10.98
      vertex -6.47406 2.25192 10.98
    endloop
  endfacet
  facet normal -0.552529 0.497494 0.668739
    outer loop
      vertex -6.8944 1.78509 10.98
      vertex -9.71109 5.37789 5.98
      vertex -10.3416 4.67763 5.98
    endloop
  endfacet
  facet normal -0.3024 0.679222 0.668739
    outer loop
      vertex -3.37146 4.34465 10.98
      vertex -5.91801 8.13372 5.98
      vertex -3.94534 4.08915 10.98
    endloop
  endfacet
  facet normal -0.204937 0.714695 0.668739
    outer loop
      vertex -3.26595 9.09899 5.98
      vertex -4.17173 8.83926 5.98
      vertex -2.1773 4.73266 10.98
    endloop
  endfacet
  facet normal -0.0518632 0.741686 0.66874
    outer loop
      vertex -0.314095 4.99452 10.98
      vertex -1.41113 9.42605 5.98
      vertex -0.940756 4.9507 10.98
    endloop
  endfacet
  facet normal -0.103481 0.73626 0.668739
    outer loop
      vertex -1.41113 9.42605 5.98
      vertex -2.34425 9.2949 5.98
      vertex -0.940756 4.9507 10.98
    endloop
  endfacet
  facet normal -0.154579 0.72725 0.668739
    outer loop
      vertex -2.34425 9.2949 5.98
      vertex -3.26595 9.09899 5.98
      vertex -2.1773 4.73266 10.98
    endloop
  endfacet
  facet normal -0.72169 0.178195 0.668887
    outer loop
      vertex -13.1874 -1.19693 6
      vertex -8.65135 -1.51926 10.98
      vertex -13.1868 -1.1945 6
    endloop
  endfacet
  facet normal -0.72141 0.179873 0.668741
    outer loop
      vertex -8.65135 -1.51926 10.98
      vertex -13.1874 -1.19693 6
      vertex -8.80333 -2.1288 10.98
    endloop
  endfacet
  facet normal -0.739423 0.0777156 0.66874
    outer loop
      vertex -13.3508 -2.12367 6
      vertex -13.4489 -3.05704 6
      vertex -8.91241 -2.74744 10.98
    endloop
  endfacet
  facet normal -0.732197 0.129128 0.66874
    outer loop
      vertex -13.1878 -1.19941 6
      vertex -13.3508 -2.12367 6
      vertex -8.91241 -2.74744 10.98
    endloop
  endfacet
  facet normal -0.739084 0.0886901 0.667749
    outer loop
      vertex -13.4492 -3.05954 6
      vertex -8.91241 -2.74744 10.98
      vertex -13.4489 -3.05704 6
    endloop
  endfacet
  facet normal -0.73942 0.0777235 0.668742
    outer loop
      vertex -8.91241 -2.74744 10.98
      vertex -13.4492 -3.05954 6
      vertex -8.97808 -3.37219 10.98
    endloop
  endfacet
  facet normal -0.744102 0 0.668066
    outer loop
      vertex -13.4492 -3.06205 6
      vertex -8.97808 -3.37219 10.98
      vertex -13.4492 -3.05954 6
    endloop
  endfacet
  facet normal -0.743048 0.0259435 0.668735
    outer loop
      vertex -8.97808 -3.37219 10.98
      vertex -13.4492 -3.06205 6
      vertex -9 -4 10.98
    endloop
  endfacet
  facet normal -0.72141 -0.179873 0.668741
    outer loop
      vertex -13.1874 -6.80307 6
      vertex -8.65135 -6.48074 10.98
      vertex -8.80333 -5.8712 10.98
    endloop
  endfacet
  facet normal -0.72169 -0.178195 0.668887
    outer loop
      vertex -8.65135 -6.48074 10.98
      vertex -13.1874 -6.80307 6
      vertex -13.1868 -6.8055 6
    endloop
  endfacet
  facet normal -0.721403 -0.179907 0.668738
    outer loop
      vertex -8.65135 -6.48074 10.98
      vertex -13.1868 -6.8055 6
      vertex -12.9597 -7.71614 6
    endloop
  endfacet
  facet normal -0.668264 -0.325901 0.668738
    outer loop
      vertex -8.22191 -7.66063 10.98
      vertex -12.3164 -9.48362 6
      vertex -11.905 -10.3272 6
    endloop
  endfacet
  facet normal -0.393975 -0.630533 0.668739
    outer loop
      vertex -4.5 -11.7942 10.98
      vertex -7.5491 -15.192 5.98
      vertex -6.75 -15.6913 5.98
    endloop
  endfacet
  facet normal 0.103479 0.736261 0.668739
    outer loop
      vertex 2.34425 9.2949 5.98
      vertex 0.940756 4.9507 10.98
      vertex 1.56283 4.86327 10.98
    endloop
  endfacet
  facet normal 0.204934 0.714696 0.668739
    outer loop
      vertex 4.17173 8.83926 5.98
      vertex 2.1773 4.73266 10.98
      vertex 2.78115 4.55951 10.98
    endloop
  endfacet
  facet normal 0.154579 0.72725 0.668739
    outer loop
      vertex 2.34425 9.2949 5.98
      vertex 2.1773 4.73266 10.98
      vertex 3.26595 9.09899 5.98
    endloop
  endfacet
  facet normal 0.302406 0.679218 0.66874
    outer loop
      vertex 5.05719 8.51698 5.98
      vertex 3.37146 4.34465 10.98
      vertex 5.91801 8.13372 5.98
    endloop
  endfacet
  facet normal 0.25429 0.698659 0.66874
    outer loop
      vertex 4.17173 8.83926 5.98
      vertex 3.37146 4.34465 10.98
      vertex 5.05719 8.51698 5.98
    endloop
  endfacet
  facet normal 0.516473 0.53483 0.66874
    outer loop
      vertex 9.71109 5.37789 5.98
      vertex 6.02217 2.6883 10.98
      vertex 6.47406 2.25192 10.98
    endloop
  endfacet
  facet normal 0.668251 0.325926 0.66874
    outer loop
      vertex 11.9198 2.33787 5.98
      vertex 7.94653 0.225244 10.98
      vertex 8.22191 -0.339371 10.98
    endloop
  endfacet
  facet normal 0.734212 0.118421 0.668512
    outer loop
      vertex 8.80333 -2.1288 10.98
      vertex 13.1878 -1.19941 6
      vertex 13.1874 -1.19693 6
    endloop
  endfacet
  facet normal 0.732204 0.129104 0.668738
    outer loop
      vertex 13.1878 -1.19941 6
      vertex 8.80333 -2.1288 10.98
      vertex 8.91241 -2.74744 10.98
    endloop
  endfacet
  facet normal 0.744102 0 0.668066
    outer loop
      vertex 8.97808 -3.37219 10.98
      vertex 13.4492 -3.06205 6
      vertex 13.4492 -3.05954 6
    endloop
  endfacet
  facet normal 0.743048 0.0259435 0.668735
    outer loop
      vertex 13.4492 -3.06205 6
      vertex 8.97808 -3.37219 10.98
      vertex 9 -4 10.98
    endloop
  endfacet
  facet normal -0.154571 -0.727254 0.668737
    outer loop
      vertex -2.1773 -12.7327 10.98
      vertex -2.34425 -17.2949 5.98
      vertex -1.56283 -12.8633 10.98
    endloop
  endfacet
  facet normal -0.302497 -0.679175 0.668743
    outer loop
      vertex -3.94534 -12.0891 10.98
      vertex -5.91801 -16.1337 5.98
      vertex -3.37146 -12.3447 10.98
    endloop
  endfacet
  facet normal 0.103444 -0.736268 0.668736
    outer loop
      vertex 1.56283 -12.8633 10.98
      vertex 0.940756 -12.9507 10.98
      vertex 2.34425 -17.2949 5.98
    endloop
  endfacet
  facet normal 0.204915 -0.714703 0.668737
    outer loop
      vertex 4.17173 -16.8393 5.98
      vertex 2.1773 -12.7327 10.98
      vertex 3.26595 -17.099 5.98
    endloop
  endfacet
  facet normal 0.154572 -0.727254 0.668737
    outer loop
      vertex 3.26595 -17.099 5.98
      vertex 2.1773 -12.7327 10.98
      vertex 2.34425 -17.2949 5.98
    endloop
  endfacet
  facet normal 0.204988 -0.714676 0.668744
    outer loop
      vertex 2.78115 -12.5595 10.98
      vertex 2.1773 -12.7327 10.98
      vertex 4.17173 -16.8393 5.98
    endloop
  endfacet
  facet normal 0.254232 -0.698676 0.668744
    outer loop
      vertex 3.37146 -12.3447 10.98
      vertex 2.78115 -12.5595 10.98
      vertex 4.17173 -16.8393 5.98
    endloop
  endfacet
  facet normal 0.349033 -0.656476 0.668742
    outer loop
      vertex 4.5 -11.7942 10.98
      vertex 3.94534 -12.0891 10.98
      vertex 5.91801 -16.1337 5.98
    endloop
  endfacet
  facet normal 0.349065 -0.656462 0.668739
    outer loop
      vertex 6.75 -15.6913 5.98
      vertex 4.5 -11.7942 10.98
      vertex 5.91801 -16.1337 5.98
    endloop
  endfacet
  facet normal 0.393998 -0.630516 0.668741
    outer loop
      vertex 5.03274 -11.4613 10.98
      vertex 4.5 -11.7942 10.98
      vertex 7.5491 -15.192 5.98
    endloop
  endfacet
  facet normal 0.618576 -0.412384 0.668807
    outer loop
      vertex 7.63243 -8.76927 10.98
      vertex 11.432 -11.1465 6
      vertex 11.4334 -11.1444 6
    endloop
  endfacet
  facet normal 0.616386 -0.415753 0.668743
    outer loop
      vertex 11.432 -11.1465 6
      vertex 7.63243 -8.76927 10.98
      vertex 7.28115 -9.29007 10.98
    endloop
  endfacet
  facet normal 0.509137 -0.542081 0.668527
    outer loop
      vertex 6.47406 -10.2519 10.98
      vertex 9.69633 -13.3671 6
      vertex 9.69814 -13.3654 6
    endloop
  endfacet
  facet normal 0.516486 -0.534818 0.668739
    outer loop
      vertex 9.69633 -13.3671 6
      vertex 6.47406 -10.2519 10.98
      vertex 6.02217 -10.6883 10.98
    endloop
  endfacet
  facet normal 0.738403 -0.0886084 0.668513
    outer loop
      vertex 8.97808 -4.62781 10.98
      vertex 13.4489 -4.94296 6
      vertex 13.4492 -4.94046 6
    endloop
  endfacet
  facet normal 0.739423 -0.0777238 0.668739
    outer loop
      vertex 13.4489 -4.94296 6
      vertex 8.97808 -4.62781 10.98
      vertex 8.91241 -5.25256 10.98
    endloop
  endfacet
  facet normal 0.72141 -0.179873 0.668741
    outer loop
      vertex 8.65135 -6.48074 10.98
      vertex 13.1874 -6.80307 6
      vertex 8.80333 -5.8712 10.98
    endloop
  endfacet
  facet normal 0.72169 -0.178195 0.668887
    outer loop
      vertex 13.1874 -6.80307 6
      vertex 8.65135 -6.48074 10.98
      vertex 13.1868 -6.8055 6
    endloop
  endfacet
  facet normal -0.643884 0.371752 0.66874
    outer loop
      vertex -7.63243 0.769273 10.98
      vertex -11.9198 2.33787 5.98
      vertex -7.94653 0.225244 10.98
    endloop
  endfacet
  facet normal -0.668251 0.325926 0.66874
    outer loop
      vertex -7.94653 0.225244 10.98
      vertex -11.9198 2.33787 5.98
      vertex -8.22191 -0.339371 10.98
    endloop
  endfacet
  facet normal -0.585885 0.457741 0.668739
    outer loop
      vertex -6.8944 1.78509 10.98
      vertex -10.3416 4.67763 5.98
      vertex -7.28115 1.29007 10.98
    endloop
  endfacet
  facet normal -0.25429 0.698659 0.66874
    outer loop
      vertex -4.17173 8.83926 5.98
      vertex -5.05719 8.51698 5.98
      vertex -3.37146 4.34465 10.98
    endloop
  endfacet
  facet normal -0.254296 0.698657 0.668739
    outer loop
      vertex -2.78115 4.55951 10.98
      vertex -4.17173 8.83926 5.98
      vertex -3.37146 4.34465 10.98
    endloop
  endfacet
  facet normal 0 0.743497 0.66874
    outer loop
      vertex 0.471143 9.49178 5.98
      vertex -0.314095 4.99452 10.98
      vertex 0.314095 4.99452 10.98
    endloop
  endfacet
  facet normal 0 0.743497 0.66874
    outer loop
      vertex -0.314095 4.99452 10.98
      vertex 0.471143 9.49178 5.98
      vertex -0.471143 9.49178 5.98
    endloop
  endfacet
  facet normal -0.103479 0.736261 0.668739
    outer loop
      vertex -0.940756 4.9507 10.98
      vertex -2.34425 9.2949 5.98
      vertex -1.56283 4.86327 10.98
    endloop
  endfacet
  facet normal -0.154582 0.72725 0.668739
    outer loop
      vertex -1.56283 4.86327 10.98
      vertex -2.34425 9.2949 5.98
      vertex -2.1773 4.73266 10.98
    endloop
  endfacet
  facet normal -0.738403 -0.0886084 0.668513
    outer loop
      vertex -13.4489 -4.94296 6
      vertex -8.97808 -4.62781 10.98
      vertex -13.4492 -4.94046 6
    endloop
  endfacet
  facet normal -0.739423 -0.0777238 0.668739
    outer loop
      vertex -8.97808 -4.62781 10.98
      vertex -13.4489 -4.94296 6
      vertex -8.91241 -5.25256 10.98
    endloop
  endfacet
  facet normal -0.739423 -0.0777156 0.66874
    outer loop
      vertex -8.91241 -5.25256 10.98
      vertex -13.4489 -4.94296 6
      vertex -13.3508 -5.87633 6
    endloop
  endfacet
  facet normal -0.732204 -0.129104 0.668738
    outer loop
      vertex -13.1878 -6.80059 6
      vertex -8.80333 -5.8712 10.98
      vertex -8.91241 -5.25256 10.98
    endloop
  endfacet
  facet normal -0.734212 -0.118421 0.668512
    outer loop
      vertex -8.80333 -5.8712 10.98
      vertex -13.1878 -6.80059 6
      vertex -13.1874 -6.80307 6
    endloop
  endfacet
  facet normal -0.64391 -0.371706 0.668741
    outer loop
      vertex -7.63243 -8.76927 10.98
      vertex -11.9026 -10.3316 6
      vertex -11.4334 -11.1444 6
    endloop
  endfacet
  facet normal -0.616374 -0.415775 0.668741
    outer loop
      vertex -7.28115 -9.29007 10.98
      vertex -11.432 -11.1465 6
      vertex -10.9072 -11.9245 6
    endloop
  endfacet
  facet normal -0.616386 -0.415753 0.668743
    outer loop
      vertex -7.63243 -8.76927 10.98
      vertex -11.432 -11.1465 6
      vertex -7.28115 -9.29007 10.98
    endloop
  endfacet
  facet normal -0.618576 -0.412384 0.668807
    outer loop
      vertex -11.432 -11.1465 6
      vertex -7.63243 -8.76927 10.98
      vertex -11.4334 -11.1444 6
    endloop
  endfacet
  facet normal -0.707109 -0.229754 0.668737
    outer loop
      vertex -12.9597 -7.71614 6
      vertex -8.45723 -7.07818 10.98
      vertex -8.65135 -6.48074 10.98
    endloop
  endfacet
  facet normal -0.712028 -0.208544 0.670467
    outer loop
      vertex -8.45723 -7.07818 10.98
      vertex -12.9597 -7.71614 6
      vertex -12.959 -7.71853 6
    endloop
  endfacet
  facet normal -0.70709 -0.229811 0.668738
    outer loop
      vertex -8.45723 -7.07818 10.98
      vertex -12.959 -7.71853 6
      vertex -12.6689 -8.61112 6
    endloop
  endfacet
  facet normal -0.585897 -0.457722 0.668741
    outer loop
      vertex -7.28115 -9.29007 10.98
      vertex -10.9072 -11.9245 6
      vertex -10.3294 -12.6641 6
    endloop
  endfacet
  facet normal -0.516498 -0.534805 0.668741
    outer loop
      vertex -6.02217 -10.6883 10.98
      vertex -9.69633 -13.3671 6
      vertex -9.02122 -14.0191 6
    endloop
  endfacet
  facet normal -0.477915 -0.569545 0.668742
    outer loop
      vertex -6.02217 -10.6883 10.98
      vertex -8.30035 -14.624 6
      vertex -5.54095 -11.0921 10.98
    endloop
  endfacet
  facet normal -0.477918 -0.569543 0.668742
    outer loop
      vertex -8.30035 -14.624 6
      vertex -6.02217 -10.6883 10.98
      vertex -9.02122 -14.0191 6
    endloop
  endfacet
  facet normal 0.349053 0.656468 0.668739
    outer loop
      vertex 5.91801 8.13372 5.98
      vertex 3.94534 4.08915 10.98
      vertex 4.5 3.79423 10.98
    endloop
  endfacet
  facet normal 0.477912 0.569551 0.66874
    outer loop
      vertex 8.31143 6.63814 5.98
      vertex 6.02217 2.6883 10.98
      vertex 9.03326 6.03245 5.98
    endloop
  endfacet
  facet normal 0.477917 0.569547 0.668739
    outer loop
      vertex 6.02217 2.6883 10.98
      vertex 8.31143 6.63814 5.98
      vertex 5.54095 3.0921 10.98
    endloop
  endfacet
  facet normal 0.552529 0.497494 0.668739
    outer loop
      vertex 9.71109 5.37789 5.98
      vertex 6.8944 1.78509 10.98
      vertex 10.3416 4.67763 5.98
    endloop
  endfacet
  facet normal 0.552523 0.497499 0.66874
    outer loop
      vertex 6.8944 1.78509 10.98
      vertex 9.71109 5.37789 5.98
      vertex 6.47406 2.25192 10.98
    endloop
  endfacet
  facet normal 0 -0.743494 0.668743
    outer loop
      vertex -0.471143 -17.4918 5.98
      vertex 0.314095 -12.9945 10.98
      vertex -0.314095 -12.9945 10.98
    endloop
  endfacet
  facet normal 0 -0.743494 0.668743
    outer loop
      vertex 0.314095 -12.9945 10.98
      vertex -0.471143 -17.4918 5.98
      vertex 0.471143 -17.4918 5.98
    endloop
  endfacet
  facet normal -0.254305 -0.698655 0.668738
    outer loop
      vertex -3.37146 -12.3447 10.98
      vertex -5.05719 -16.517 5.98
      vertex -4.17173 -16.8393 5.98
    endloop
  endfacet
  facet normal -0.302433 -0.679209 0.668737
    outer loop
      vertex -3.37146 -12.3447 10.98
      vertex -5.91801 -16.1337 5.98
      vertex -5.05719 -16.517 5.98
    endloop
  endfacet
  facet normal -0.254232 -0.698676 0.668744
    outer loop
      vertex -3.37146 -12.3447 10.98
      vertex -4.17173 -16.8393 5.98
      vertex -2.78115 -12.5595 10.98
    endloop
  endfacet
  facet normal -0.204988 -0.714676 0.668744
    outer loop
      vertex -2.78115 -12.5595 10.98
      vertex -4.17173 -16.8393 5.98
      vertex -2.1773 -12.7327 10.98
    endloop
  endfacet
  facet normal -0.349033 -0.656476 0.668742
    outer loop
      vertex -4.5 -11.7942 10.98
      vertex -5.91801 -16.1337 5.98
      vertex -3.94534 -12.0891 10.98
    endloop
  endfacet
  facet normal 0.640212 -0.378307 0.668589
    outer loop
      vertex 7.94653 -8.22524 10.98
      vertex 11.9026 -10.3316 6
      vertex 11.9039 -10.3294 6
    endloop
  endfacet
  facet normal 0.643887 -0.371753 0.668737
    outer loop
      vertex 11.9026 -10.3316 6
      vertex 7.94653 -8.22524 10.98
      vertex 7.63243 -8.76927 10.98
    endloop
  endfacet
  facet normal 0.668249 -0.325928 0.668741
    outer loop
      vertex 7.94653 -8.22524 10.98
      vertex 11.905 -10.3272 6
      vertex 8.22191 -7.66063 10.98
    endloop
  endfacet
  facet normal 0.664916 -0.332458 0.668848
    outer loop
      vertex 11.905 -10.3272 6
      vertex 7.94653 -8.22524 10.98
      vertex 11.9039 -10.3294 6
    endloop
  endfacet
  facet normal 0.477918 -0.569543 0.668742
    outer loop
      vertex 6.02217 -10.6883 10.98
      vertex 8.30035 -14.624 6
      vertex 9.02122 -14.0191 6
    endloop
  endfacet
  facet normal 0.477915 -0.569545 0.668742
    outer loop
      vertex 8.30035 -14.624 6
      vertex 6.02217 -10.6883 10.98
      vertex 5.54095 -11.0921 10.98
    endloop
  endfacet
  facet normal 0.516498 -0.534805 0.668741
    outer loop
      vertex 9.69633 -13.3671 6
      vertex 6.02217 -10.6883 10.98
      vertex 9.02122 -14.0191 6
    endloop
  endfacet
  facet normal 0.552522 -0.497499 0.668741
    outer loop
      vertex 6.8944 -9.78509 10.98
      vertex 9.69814 -13.3654 6
      vertex 10.3278 -12.6661 6
    endloop
  endfacet
  facet normal 0.552511 -0.49751 0.668742
    outer loop
      vertex 9.69814 -13.3654 6
      vertex 6.8944 -9.78509 10.98
      vertex 6.47406 -10.2519 10.98
    endloop
  endfacet
  facet normal 0.585882 -0.457739 0.668743
    outer loop
      vertex 6.8944 -9.78509 10.98
      vertex 10.3294 -12.6641 6
      vertex 7.28115 -9.29007 10.98
    endloop
  endfacet
  facet normal 0.580485 -0.464388 0.668865
    outer loop
      vertex 10.3294 -12.6641 6
      vertex 6.8944 -9.78509 10.98
      vertex 10.3278 -12.6661 6
    endloop
  endfacet
  facet normal -0.689358 -0.278513 0.668742
    outer loop
      vertex -12.3174 -9.48129 6
      vertex -8.22191 -7.66063 10.98
      vertex -8.45723 -7.07818 10.98
    endloop
  endfacet
  facet normal -0.683073 -0.293164 0.66893
    outer loop
      vertex -8.22191 -7.66063 10.98
      vertex -12.3174 -9.48129 6
      vertex -12.3164 -9.48362 6
    endloop
  endfacet
  facet normal -0.689379 -0.278471 0.668738
    outer loop
      vertex -8.45723 -7.07818 10.98
      vertex -12.6689 -8.61112 6
      vertex -12.3174 -9.48129 6
    endloop
  endfacet
  facet normal -0.643887 -0.371753 0.668737
    outer loop
      vertex -7.94653 -8.22524 10.98
      vertex -11.9026 -10.3316 6
      vertex -7.63243 -8.76927 10.98
    endloop
  endfacet
  facet normal -0.640212 -0.378307 0.668589
    outer loop
      vertex -11.9026 -10.3316 6
      vertex -7.94653 -8.22524 10.98
      vertex -11.9039 -10.3294 6
    endloop
  endfacet
  facet normal -0.585882 -0.457739 0.668743
    outer loop
      vertex -10.3294 -12.6641 6
      vertex -6.8944 -9.78509 10.98
      vertex -7.28115 -9.29007 10.98
    endloop
  endfacet
  facet normal -0.580485 -0.464388 0.668865
    outer loop
      vertex -6.8944 -9.78509 10.98
      vertex -10.3294 -12.6641 6
      vertex -10.3278 -12.6661 6
    endloop
  endfacet
  facet normal -0.552511 -0.49751 0.668742
    outer loop
      vertex -6.8944 -9.78509 10.98
      vertex -9.69814 -13.3654 6
      vertex -6.47406 -10.2519 10.98
    endloop
  endfacet
  facet normal -0.552522 -0.497499 0.668741
    outer loop
      vertex -9.69814 -13.3654 6
      vertex -6.8944 -9.78509 10.98
      vertex -10.3278 -12.6661 6
    endloop
  endfacet
  facet normal -0.516486 -0.534818 0.668739
    outer loop
      vertex -6.47406 -10.2519 10.98
      vertex -9.69633 -13.3671 6
      vertex -6.02217 -10.6883 10.98
    endloop
  endfacet
  facet normal -0.509137 -0.542081 0.668527
    outer loop
      vertex -9.69633 -13.3671 6
      vertex -6.47406 -10.2519 10.98
      vertex -9.69814 -13.3654 6
    endloop
  endfacet
  facet normal -0.103444 -0.736268 0.668736
    outer loop
      vertex -1.56283 -12.8633 10.98
      vertex -2.34425 -17.2949 5.98
      vertex -0.940756 -12.9507 10.98
    endloop
  endfacet
  facet normal -0.103443 -0.736269 0.668736
    outer loop
      vertex -0.940756 -12.9507 10.98
      vertex -2.34425 -17.2949 5.98
      vertex -1.41113 -17.426 5.98
    endloop
  endfacet
  facet normal 0.0519183 -0.74168 0.668742
    outer loop
      vertex 1.41113 -17.426 5.98
      vertex 0.314095 -12.9945 10.98
      vertex 0.471143 -17.4918 5.98
    endloop
  endfacet
  facet normal 0.05184 -0.741691 0.668735
    outer loop
      vertex 0.940756 -12.9507 10.98
      vertex 0.314095 -12.9945 10.98
      vertex 1.41113 -17.426 5.98
    endloop
  endfacet
  facet normal 0.999391 0.0348938 0
    outer loop
      vertex 9 -4 31.2319
      vertex 8.97808 -3.37219 10.98
      vertex 8.97808 -3.37219 31.6603
    endloop
  endfacet
  facet normal 0.999391 0.0348938 0
    outer loop
      vertex 8.97808 -3.37219 10.98
      vertex 9 -4 31.2319
      vertex 9 -4 10.98
    endloop
  endfacet
  facet normal -0.999391 0.0348938 0
    outer loop
      vertex -9 -4 10.98
      vertex -8.97808 -3.37219 24.6913
      vertex -8.97808 -3.37219 10.98
    endloop
  endfacet
  facet normal -0.999391 0.0348971 -1.5285e-07
    outer loop
      vertex -8.97808 -3.37219 24.6913
      vertex -9 -4 10.98
      vertex -8.98988 -3.71012 24.9386
    endloop
  endfacet
  facet normal -0.999391 0.034895 1.02201e-07
    outer loop
      vertex -9 -4 39.98
      vertex -8.97808 -3.37219 32.1103
      vertex -8.98988 -3.71012 24.9386
    endloop
  endfacet
  facet normal -0.999391 0.0348938 0
    outer loop
      vertex -8.97808 -3.37219 32.1103
      vertex -9 -4 39.98
      vertex -8.97808 -3.37219 39.98
    endloop
  endfacet
  facet normal -0.999391 0.0348897 0
    outer loop
      vertex -9 -4 39.98
      vertex -8.98988 -3.71012 24.9386
      vertex -9 -4 10.98
    endloop
  endfacet
  facet normal 0 1 -0
    outer loop
      vertex 0.314095 4.99452 10.98
      vertex -0.314095 4.99452 31.0059
      vertex 0.314095 4.99452 31.4501
    endloop
  endfacet
  facet normal 0 1 0
    outer loop
      vertex -0.314095 4.99452 31.0059
      vertex 0.314095 4.99452 10.98
      vertex -0.314095 4.99452 10.98
    endloop
  endfacet
  facet normal 0 -1 0
    outer loop
      vertex -0.314095 -12.9945 39.98
      vertex 0.314095 -12.9945 25.3401
      vertex 0.314095 -12.9945 39.98
    endloop
  endfacet
  facet normal 0 -1 0
    outer loop
      vertex -0.314095 -12.9945 39.98
      vertex 0.294517 -12.9945 24.9386
      vertex 0.314095 -12.9945 25.3401
    endloop
  endfacet
  facet normal 0 -1 0
    outer loop
      vertex -0.314095 -12.9945 10.98
      vertex 0.294517 -12.9945 24.9386
      vertex -0.314095 -12.9945 39.98
    endloop
  endfacet
  facet normal 0 -1 0
    outer loop
      vertex -0.314095 -12.9945 10.98
      vertex 0.314095 -12.9945 24.9248
      vertex 0.294517 -12.9945 24.9386
    endloop
  endfacet
  facet normal 0 -1 -0
    outer loop
      vertex 0.314095 -12.9945 24.9248
      vertex -0.314095 -12.9945 10.98
      vertex 0.314095 -12.9945 10.98
    endloop
  endfacet
  facet normal 0.69466 0.719339 -0.000215245
    outer loop
      vertex 6.47406 2.25192 37.5007
      vertex 6.02217 2.6883 37.4784
      vertex 6.21867 2.49855 37.5069
    endloop
  endfacet
  facet normal 0.694654 0.719344 -0
    outer loop
      vertex 6.47406 2.25192 10.98
      vertex 6.02217 2.6883 37.4784
      vertex 6.47406 2.25192 37.5007
    endloop
  endfacet
  facet normal 0.694654 0.719344 0
    outer loop
      vertex 6.02217 2.6883 37.4784
      vertex 6.47406 2.25192 10.98
      vertex 6.02217 2.6883 10.98
    endloop
  endfacet
  facet normal -0.694654 0.719344 0
    outer loop
      vertex -6.02217 2.6883 10.98
      vertex -6.47406 2.25192 24.7108
      vertex -6.02217 2.6883 25.3389
    endloop
  endfacet
  facet normal -0.694654 0.719344 0
    outer loop
      vertex -6.47406 2.25192 24.7108
      vertex -6.02217 2.6883 10.98
      vertex -6.47406 2.25192 10.98
    endloop
  endfacet
  facet normal -0.342027 0.93969 0
    outer loop
      vertex -2.78115 4.55951 10.98
      vertex -3.37146 4.34465 28.3845
      vertex -2.78115 4.55951 28.9538
    endloop
  endfacet
  facet normal -0.342027 0.93969 0
    outer loop
      vertex -3.37146 4.34465 28.3845
      vertex -2.78115 4.55951 10.98
      vertex -3.37146 4.34465 10.98
    endloop
  endfacet
  facet normal 0.927165 0.374654 -5.92241e-05
    outer loop
      vertex 8.38008 -0.730868 35.7875
      vertex 8.22191 -0.339371 36.2278
      vertex 8.27508 -0.470972 36.1024
    endloop
  endfacet
  facet normal 0.927203 0.374558 3.91079e-05
    outer loop
      vertex 8.22191 -0.339371 36.2278
      vertex 8.38008 -0.730868 35.7875
      vertex 8.45723 -0.921819 35.4956
    endloop
  endfacet
  facet normal 0.927186 0.374601 0
    outer loop
      vertex 8.22191 -0.339371 36.2278
      vertex 8.45723 -0.921819 35.4956
      vertex 8.22191 -0.339371 10.98
    endloop
  endfacet
  facet normal 0.927186 0.374601 0
    outer loop
      vertex 8.22191 -0.339371 10.98
      vertex 8.45723 -0.921819 35.4956
      vertex 8.45723 -0.921819 10.98
    endloop
  endfacet
  facet normal 0.34189 0.93974 0.000121844
    outer loop
      vertex 3.37146 4.34465 35.9004
      vertex 3.03068 4.46869 35.4392
      vertex 3.27046 4.38141 35.7856
    endloop
  endfacet
  facet normal 0.342083 0.93967 -4.02898e-05
    outer loop
      vertex 2.78115 4.55951 34.9604
      vertex 3.03068 4.46869 35.4392
      vertex 3.37146 4.34465 35.9004
    endloop
  endfacet
  facet normal 0.341945 0.93972 4.15469e-05
    outer loop
      vertex 3.03068 4.46869 35.4392
      vertex 2.78115 4.55951 34.9604
      vertex 2.82041 4.54522 35.053
    endloop
  endfacet
  facet normal 0.342027 0.93969 -0
    outer loop
      vertex 3.37146 4.34465 10.98
      vertex 2.78115 4.55951 34.9604
      vertex 3.37146 4.34465 35.9004
    endloop
  endfacet
  facet normal 0.342027 0.93969 0
    outer loop
      vertex 2.78115 4.55951 34.9604
      vertex 3.37146 4.34465 10.98
      vertex 2.78115 4.55951 10.98
    endloop
  endfacet
  facet normal 0.529656 0.848212 0.000739191
    outer loop
      vertex 5.03274 3.46134 37.1991
      vertex 4.7021 3.66794 37.043
      vertex 5.01518 3.47231 37.1935
    endloop
  endfacet
  facet normal 0.529845 0.848095 0.000182886
    outer loop
      vertex 5.03274 3.46134 37.1991
      vertex 4.5 3.79423 36.9102
      vertex 4.7021 3.66794 37.043
    endloop
  endfacet
  facet normal 0.529916 0.84805 -0
    outer loop
      vertex 5.03274 3.46134 10.98
      vertex 4.5 3.79423 36.9102
      vertex 5.03274 3.46134 37.1991
    endloop
  endfacet
  facet normal 0.529916 0.84805 0
    outer loop
      vertex 4.5 3.79423 36.9102
      vertex 5.03274 3.46134 10.98
      vertex 4.5 3.79423 10.98
    endloop
  endfacet
  facet normal -0.866022 0.500006 0
    outer loop
      vertex -7.94653 0.225244 22.2366
      vertex -7.63243 0.769273 10.98
      vertex -7.94653 0.225244 10.98
    endloop
  endfacet
  facet normal -0.866022 0.500006 0
    outer loop
      vertex -7.63243 0.769273 10.98
      vertex -7.94653 0.225244 22.2366
      vertex -7.63243 0.769273 22.8434
    endloop
  endfacet
  facet normal -0.829039 0.559191 0
    outer loop
      vertex -7.63243 0.769273 22.8434
      vertex -7.28115 1.29007 10.98
      vertex -7.63243 0.769273 10.98
    endloop
  endfacet
  facet normal -0.829039 0.559191 0
    outer loop
      vertex -7.28115 1.29007 10.98
      vertex -7.63243 0.769273 22.8434
      vertex -7.28115 1.29007 23.46
    endloop
  endfacet
  facet normal -0.139178 0.990267 0
    outer loop
      vertex -0.940756 4.9507 10.98
      vertex -1.56283 4.86327 30.0301
      vertex -0.940756 4.9507 30.5318
    endloop
  endfacet
  facet normal -0.139178 0.990267 0
    outer loop
      vertex -1.56283 4.86327 30.0301
      vertex -0.940756 4.9507 10.98
      vertex -1.56283 4.86327 10.98
    endloop
  endfacet
  facet normal 0.275709 -0.961241 0
    outer loop
      vertex 2.1773 -12.7327 10.98
      vertex 2.78115 -12.5595 22.8727
      vertex 2.1773 -12.7327 23.4221
    endloop
  endfacet
  facet normal 0.275709 -0.961241 0
    outer loop
      vertex 2.78115 -12.5595 22.8727
      vertex 2.1773 -12.7327 10.98
      vertex 2.78115 -12.5595 10.98
    endloop
  endfacet
  facet normal 0.984809 0.173644 0
    outer loop
      vertex 8.91241 -2.74744 32.0556
      vertex 8.80333 -2.1288 10.98
      vertex 8.80333 -2.1288 32.416
    endloop
  endfacet
  facet normal 0.984809 0.173644 0
    outer loop
      vertex 8.80333 -2.1288 10.98
      vertex 8.91241 -2.74744 32.0556
      vertex 8.91241 -2.74744 10.98
    endloop
  endfacet
  facet normal 0.994521 0.104538 0
    outer loop
      vertex 8.97808 -3.37219 31.6603
      vertex 8.91241 -2.74744 10.98
      vertex 8.91241 -2.74744 32.0556
    endloop
  endfacet
  facet normal 0.994521 0.104538 0
    outer loop
      vertex 8.91241 -2.74744 10.98
      vertex 8.97808 -3.37219 31.6603
      vertex 8.97808 -3.37219 10.98
    endloop
  endfacet
  facet normal 0.951067 0.308984 3.35479e-05
    outer loop
      vertex 8.54203 -1.18279 35.0575
      vertex 8.45723 -0.921819 35.4956
      vertex 8.47169 -0.966321 35.4349
    endloop
  endfacet
  facet normal 0.951043 0.309058 -1.56432e-05
    outer loop
      vertex 8.60197 -1.36726 34.642
      vertex 8.45723 -0.921819 35.4956
      vertex 8.54203 -1.18279 35.0575
    endloop
  endfacet
  facet normal 0.951018 0.309136 -6.03253e-05
    outer loop
      vertex 8.45723 -0.921819 35.4956
      vertex 8.60197 -1.36726 34.642
      vertex 8.65135 -1.51926 34.1878
    endloop
  endfacet
  facet normal 0.949052 0.31511 -0.00227324
    outer loop
      vertex 8.65135 -1.51926 34.1878
      vertex 8.60197 -1.36726 34.642
      vertex 8.65107 -1.51839 34.1915
    endloop
  endfacet
  facet normal 0.951057 0.309016 0
    outer loop
      vertex 8.45723 -0.921819 35.4956
      vertex 8.65135 -1.51926 34.1878
      vertex 8.45723 -0.921819 10.98
    endloop
  endfacet
  facet normal 0.951057 0.309016 0
    outer loop
      vertex 8.45723 -0.921819 10.98
      vertex 8.65135 -1.51926 34.1878
      vertex 8.65135 -1.51926 10.98
    endloop
  endfacet
  facet normal 0.865933 0.50016 -0.000378176
    outer loop
      vertex 7.84818 0.395582 36.8559
      vertex 7.63243 0.769273 37.0678
      vertex 7.67002 0.704172 37.0401
    endloop
  endfacet
  facet normal 0.866058 0.499944 0.000129596
    outer loop
      vertex 7.63243 0.769273 37.0678
      vertex 7.84818 0.395582 36.8559
      vertex 7.94653 0.225244 36.722
    endloop
  endfacet
  facet normal 0.866022 0.500006 0
    outer loop
      vertex 7.63243 0.769273 37.0678
      vertex 7.94653 0.225244 36.722
      vertex 7.63243 0.769273 10.98
    endloop
  endfacet
  facet normal 0.866022 0.500006 0
    outer loop
      vertex 7.63243 0.769273 10.98
      vertex 7.94653 0.225244 36.722
      vertex 7.94653 0.225244 10.98
    endloop
  endfacet
  facet normal 0.898833 0.438291 0.000128168
    outer loop
      vertex 8.15134 -0.194675 36.386
      vertex 7.94653 0.225244 36.722
      vertex 8.00964 0.0958452 36.6365
    endloop
  endfacet
  facet normal 0.898769 0.438423 -7.58805e-05
    outer loop
      vertex 7.94653 0.225244 36.722
      vertex 8.15134 -0.194675 36.386
      vertex 8.22191 -0.339371 36.2278
    endloop
  endfacet
  facet normal 0.898795 0.43837 0
    outer loop
      vertex 7.94653 0.225244 36.722
      vertex 8.22191 -0.339371 36.2278
      vertex 7.94653 0.225244 10.98
    endloop
  endfacet
  facet normal 0.898795 0.43837 0
    outer loop
      vertex 7.94653 0.225244 10.98
      vertex 8.22191 -0.339371 36.2278
      vertex 8.22191 -0.339371 10.98
    endloop
  endfacet
  facet normal 0.139178 0.990267 -0
    outer loop
      vertex 1.56283 4.86327 10.98
      vertex 0.940756 4.9507 31.8622
      vertex 1.56283 4.86327 32.2403
    endloop
  endfacet
  facet normal 0.139178 0.990267 0
    outer loop
      vertex 0.940756 4.9507 31.8622
      vertex 1.56283 4.86327 10.98
      vertex 0.940756 4.9507 10.98
    endloop
  endfacet
  facet normal 0.275455 0.961314 7.43201e-05
    outer loop
      vertex 2.78115 4.55951 34.9604
      vertex 2.47721 4.64666 34.1977
      vertex 2.63281 4.60204 34.6419
    endloop
  endfacet
  facet normal 0.275623 0.961266 1.92458e-06
    outer loop
      vertex 2.78115 4.55951 34.9604
      vertex 2.3571 4.6811 33.7203
      vertex 2.47721 4.64666 34.1977
    endloop
  endfacet
  facet normal 0.275583 0.961277 1.66447e-05
    outer loop
      vertex 2.78115 4.55951 34.9604
      vertex 2.27338 4.70511 33.2132
      vertex 2.3571 4.6811 33.7203
    endloop
  endfacet
  facet normal 0.275632 0.961263 1.36138e-06
    outer loop
      vertex 2.22543 4.71886 32.6067
      vertex 2.27338 4.70511 33.2132
      vertex 2.78115 4.55951 34.9604
    endloop
  endfacet
  facet normal 0.274788 0.961505 7.3528e-05
    outer loop
      vertex 2.27338 4.70511 33.2132
      vertex 2.22543 4.71886 32.6067
      vertex 2.22667 4.7185 32.6802
    endloop
  endfacet
  facet normal 0.275637 0.961262 -0
    outer loop
      vertex 2.78115 4.55951 10.98
      vertex 2.22543 4.71886 32.6067
      vertex 2.78115 4.55951 34.9604
    endloop
  endfacet
  facet normal 0.275618 0.961267 -5.28316e-07
    outer loop
      vertex 2.78115 4.55951 10.98
      vertex 2.1773 4.73266 32.5824
      vertex 2.22543 4.71886 32.6067
    endloop
  endfacet
  facet normal 0.275636 0.961262 0
    outer loop
      vertex 2.1773 4.73266 32.5824
      vertex 2.78115 4.55951 10.98
      vertex 2.1773 4.73266 10.98
    endloop
  endfacet
  facet normal 0.0697558 0.997564 -0
    outer loop
      vertex 0.940756 4.9507 10.98
      vertex 0.314095 4.99452 31.4501
      vertex 0.940756 4.9507 31.8622
    endloop
  endfacet
  facet normal 0.0697558 0.997564 0
    outer loop
      vertex 0.314095 4.99452 31.4501
      vertex 0.940756 4.9507 10.98
      vertex 0.314095 4.99452 10.98
    endloop
  endfacet
  facet normal 0.587777 0.809023 5.27388e-05
    outer loop
      vertex 5.54095 3.0921 37.3796
      vertex 5.03274 3.46134 37.1991
      vertex 5.32139 3.25162 37.322
    endloop
  endfacet
  facet normal 0.587789 0.809014 -0
    outer loop
      vertex 5.54095 3.0921 10.98
      vertex 5.03274 3.46134 37.1991
      vertex 5.54095 3.0921 37.3796
    endloop
  endfacet
  facet normal 0.587789 0.809014 0
    outer loop
      vertex 5.03274 3.46134 37.1991
      vertex 5.54095 3.0921 10.98
      vertex 5.03274 3.46134 10.98
    endloop
  endfacet
  facet normal -0.984808 0.173648 0
    outer loop
      vertex -8.81774 -2.21054 39.98
      vertex -8.91241 -2.74744 39.5334
      vertex -8.91241 -2.74744 39.98
    endloop
  endfacet
  facet normal -0.984809 0.173644 0
    outer loop
      vertex -8.91241 -2.74744 10.98
      vertex -8.80333 -2.1288 23.6885
      vertex -8.80333 -2.1288 10.98
    endloop
  endfacet
  facet normal -0.984809 0.173644 0
    outer loop
      vertex -8.80333 -2.1288 23.6885
      vertex -8.91241 -2.74744 10.98
      vertex -8.91241 -2.74744 24.2031
    endloop
  endfacet
  facet normal -0.951057 0.309016 0
    outer loop
      vertex -8.65135 -1.51926 10.98
      vertex -8.45723 -0.921819 22.5904
      vertex -8.45723 -0.921819 10.98
    endloop
  endfacet
  facet normal -0.951057 0.309016 0
    outer loop
      vertex -8.45723 -0.921819 22.5904
      vertex -8.65135 -1.51926 10.98
      vertex -8.65135 -1.51926 23.1501
    endloop
  endfacet
  facet normal -0.994522 0.104532 -8.86102e-06
    outer loop
      vertex -8.97808 -3.37219 39.98
      vertex -8.91241 -2.74744 39.5334
      vertex -8.94476 -3.05524 39.2929
    endloop
  endfacet
  facet normal -0.994521 0.104538 0
    outer loop
      vertex -8.91241 -2.74744 39.5334
      vertex -8.97808 -3.37219 39.98
      vertex -8.91241 -2.74744 39.98
    endloop
  endfacet
  facet normal -0.99452 0.104551 0
    outer loop
      vertex -8.97808 -3.37219 39.98
      vertex -8.94476 -3.05524 39.2929
      vertex -8.97808 -3.37219 32.1103
    endloop
  endfacet
  facet normal -0.994521 0.104538 0
    outer loop
      vertex -8.97808 -3.37219 10.98
      vertex -8.91241 -2.74744 24.2031
      vertex -8.91241 -2.74744 10.98
    endloop
  endfacet
  facet normal -0.994521 0.104538 0
    outer loop
      vertex -8.91241 -2.74744 24.2031
      vertex -8.97808 -3.37219 10.98
      vertex -8.97808 -3.37219 24.6913
    endloop
  endfacet
  facet normal 0 0 1
    outer loop
      vertex 1.73163 1.64542 39.98
      vertex 5.64542 -2.26837 39.98
      vertex 5.63913 -1.81347 39.98
    endloop
  endfacet
  facet normal 0 0 1
    outer loop
      vertex 2.18653 1.63913 39.98
      vertex 5.63913 -1.81347 39.98
      vertex 5.59119 -1.37465 39.98
    endloop
  endfacet
  facet normal 0 0 1
    outer loop
      vertex 5.64542 -2.26837 39.98
      vertex 1.73163 1.64542 39.98
      vertex 5.61002 -2.73599 39.98
    endloop
  endfacet
  facet normal 0 0 1
    outer loop
      vertex 2.62535 1.59119 39.98
      vertex 5.59119 -1.37465 39.98
      vertex 5.50196 -0.955172 39.98
    endloop
  endfacet
  facet normal -0 0 1
    outer loop
      vertex 1.26401 1.61002 39.98
      vertex 5.61002 -2.73599 39.98
      vertex 1.73163 1.64542 39.98
    endloop
  endfacet
  facet normal 0 0 1
    outer loop
      vertex 2.62535 1.59119 39.98
      vertex 5.50196 -0.955172 39.98
      vertex 5.3721 -0.558126 39.98
    endloop
  endfacet
  facet normal 0 0 1
    outer loop
      vertex 5.61002 -2.73599 39.98
      vertex 1.26401 1.61002 39.98
      vertex 5.5332 -3.21285 39.98
    endloop
  endfacet
  facet normal 0 0 1
    outer loop
      vertex 2.62535 1.59119 39.98
      vertex 5.3721 -0.558126 39.98
      vertex 5.20258 -0.186459 39.98
    endloop
  endfacet
  facet normal -0 0 1
    outer loop
      vertex 0.787145 1.5332 39.98
      vertex 5.5332 -3.21285 39.98
      vertex 1.26401 1.61002 39.98
    endloop
  endfacet
  facet normal 0 0 1
    outer loop
      vertex 2.62535 1.59119 39.98
      vertex 5.20258 -0.186459 39.98
      vertex 4.99464 0.157079 39.98
    endloop
  endfacet
  facet normal 0 0 1
    outer loop
      vertex 5.5332 -3.21285 39.98
      vertex 0.787145 1.5332 39.98
      vertex 5.41551 -3.69545 39.98
    endloop
  endfacet
  facet normal 0 0 1
    outer loop
      vertex 2.62535 1.59119 39.98
      vertex 4.99464 0.157079 39.98
      vertex 4.74982 0.469945 39.98
    endloop
  endfacet
  facet normal -0 0 1
    outer loop
      vertex 0.304554 1.41551 39.98
      vertex 5.41551 -3.69545 39.98
      vertex 0.787145 1.5332 39.98
    endloop
  endfacet
  facet normal 0 0 1
    outer loop
      vertex 2.62535 1.59119 39.98
      vertex 4.74982 0.469945 39.98
      vertex 4.46994 0.74982 39.98
    endloop
  endfacet
  facet normal 0 0 1
    outer loop
      vertex 5.63913 -1.81347 39.98
      vertex 2.18653 1.63913 39.98
      vertex 1.73163 1.64542 39.98
    endloop
  endfacet
  facet normal 0 0 1
    outer loop
      vertex 2.62535 1.59119 39.98
      vertex 4.46994 0.74982 39.98
      vertex 4.15708 0.994635 39.98
    endloop
  endfacet
  facet normal 0 0 1
    outer loop
      vertex 5.41551 -3.69545 39.98
      vertex 0.304554 1.41551 39.98
      vertex 5.25783 -4.18019 39.98
    endloop
  endfacet
  facet normal 0 0 1
    outer loop
      vertex 2.62535 1.59119 39.98
      vertex 4.15708 0.994635 39.98
      vertex 3.81354 1.20258 39.98
    endloop
  endfacet
  facet normal -0 0 1
    outer loop
      vertex -0.180188 1.25783 39.98
      vertex 5.25783 -4.18019 39.98
      vertex 0.304554 1.41551 39.98
    endloop
  endfacet
  facet normal 0 0 1
    outer loop
      vertex 2.62535 1.59119 39.98
      vertex 3.81354 1.20258 39.98
      vertex 3.44187 1.3721 39.98
    endloop
  endfacet
  facet normal 0 0 1
    outer loop
      vertex 5.25783 -4.18019 39.98
      vertex -0.180188 1.25783 39.98
      vertex 5.06132 -4.66349 39.98
    endloop
  endfacet
  facet normal 0 0 1
    outer loop
      vertex 2.62535 1.59119 39.98
      vertex 3.44187 1.3721 39.98
      vertex 3.04483 1.50196 39.98
    endloop
  endfacet
  facet normal 0 0 1
    outer loop
      vertex 5.59119 -1.37465 39.98
      vertex 2.62535 1.59119 39.98
      vertex 2.18653 1.63913 39.98
    endloop
  endfacet
  facet normal -0 0 1
    outer loop
      vertex -0.663491 1.06132 39.98
      vertex 5.06132 -4.66349 39.98
      vertex -0.180188 1.25783 39.98
    endloop
  endfacet
  facet normal 0 0 1
    outer loop
      vertex 5.06132 -4.66349 39.98
      vertex -0.663491 1.06132 39.98
      vertex 4.82745 -5.14178 39.98
    endloop
  endfacet
  facet normal -0 0 1
    outer loop
      vertex -1.14178 0.827454 39.98
      vertex 4.82745 -5.14178 39.98
      vertex -0.663491 1.06132 39.98
    endloop
  endfacet
  facet normal 0 0 1
    outer loop
      vertex 4.82745 -5.14178 39.98
      vertex -1.14178 0.827454 39.98
      vertex 4.55795 -5.61151 39.98
    endloop
  endfacet
  facet normal -0 0 1
    outer loop
      vertex -1.61151 0.557949 39.98
      vertex 4.55795 -5.61151 39.98
      vertex -1.14178 0.827454 39.98
    endloop
  endfacet
  facet normal 0 0 1
    outer loop
      vertex 4.55795 -5.61151 39.98
      vertex -1.61151 0.557949 39.98
      vertex 4.2548 -6.0692 39.98
    endloop
  endfacet
  facet normal -0 0 1
    outer loop
      vertex -2.0692 0.254802 39.98
      vertex 4.2548 -6.0692 39.98
      vertex -1.61151 0.557949 39.98
    endloop
  endfacet
  facet normal 0 0 1
    outer loop
      vertex 4.2548 -6.0692 39.98
      vertex -2.0692 0.254802 39.98
      vertex 3.92026 -6.51147 39.98
    endloop
  endfacet
  facet normal -0 0 1
    outer loop
      vertex -2.51147 -0.0797411 39.98
      vertex 3.92026 -6.51147 39.98
      vertex -2.0692 0.254802 39.98
    endloop
  endfacet
  facet normal 0 0 1
    outer loop
      vertex 3.92026 -6.51147 39.98
      vertex -2.51147 -0.0797411 39.98
      vertex 3.5568 -6.93504 39.98
    endloop
  endfacet
  facet normal -0 0 1
    outer loop
      vertex -2.93504 -0.443203 39.98
      vertex 3.5568 -6.93504 39.98
      vertex -2.51147 -0.0797411 39.98
    endloop
  endfacet
  facet normal 0 0 1
    outer loop
      vertex 3.5568 -6.93504 39.98
      vertex -2.93504 -0.443203 39.98
      vertex 3.16711 -7.33677 39.98
    endloop
  endfacet
  facet normal -0 0 1
    outer loop
      vertex -3.33677 -0.832894 39.98
      vertex 3.16711 -7.33677 39.98
      vertex -2.93504 -0.443203 39.98
    endloop
  endfacet
  facet normal 0 0 1
    outer loop
      vertex 3.16711 -7.33677 39.98
      vertex -3.33677 -0.832894 39.98
      vertex 2.75407 -7.71369 39.98
    endloop
  endfacet
  facet normal -0 0 1
    outer loop
      vertex -3.71369 -1.24593 39.98
      vertex 2.75407 -7.71369 39.98
      vertex -3.33677 -0.832894 39.98
    endloop
  endfacet
  facet normal 0 0 1
    outer loop
      vertex 2.75407 -7.71369 39.98
      vertex -3.71369 -1.24593 39.98
      vertex 2.32075 -8.06302 39.98
    endloop
  endfacet
  facet normal -0 0 1
    outer loop
      vertex -4.06302 -1.67925 39.98
      vertex 2.32075 -8.06302 39.98
      vertex -3.71369 -1.24593 39.98
    endloop
  endfacet
  facet normal 0 0 1
    outer loop
      vertex 2.32075 -8.06302 39.98
      vertex -4.06302 -1.67925 39.98
      vertex 1.87036 -8.38216 39.98
    endloop
  endfacet
  facet normal -0 0 1
    outer loop
      vertex -4.38216 -2.12964 39.98
      vertex 1.87036 -8.38216 39.98
      vertex -4.06302 -1.67925 39.98
    endloop
  endfacet
  facet normal 0 0 1
    outer loop
      vertex 1.87036 -8.38216 39.98
      vertex -4.38216 -2.12964 39.98
      vertex 1.40621 -8.66875 39.98
    endloop
  endfacet
  facet normal -0 0 1
    outer loop
      vertex -4.66875 -2.59379 39.98
      vertex 1.40621 -8.66875 39.98
      vertex -4.38216 -2.12964 39.98
    endloop
  endfacet
  facet normal 0 0 1
    outer loop
      vertex 1.40621 -8.66875 39.98
      vertex -4.66875 -2.59379 39.98
      vertex 0.931768 -8.92067 39.98
    endloop
  endfacet
  facet normal -0 0 1
    outer loop
      vertex -4.92067 -3.06823 39.98
      vertex 0.931768 -8.92067 39.98
      vertex -4.66875 -2.59379 39.98
    endloop
  endfacet
  facet normal 0 0 1
    outer loop
      vertex 0.931768 -8.92067 39.98
      vertex -4.92067 -3.06823 39.98
      vertex 0.450528 -9.13606 39.98
    endloop
  endfacet
  facet normal -0 0 1
    outer loop
      vertex -5.13606 -3.54947 39.98
      vertex 0.450528 -9.13606 39.98
      vertex -4.92067 -3.06823 39.98
    endloop
  endfacet
  facet normal 0 0 1
    outer loop
      vertex 0.450528 -9.13606 39.98
      vertex -5.13606 -3.54947 39.98
      vertex -0.0339433 -9.31331 39.98
    endloop
  endfacet
  facet normal -0 0 1
    outer loop
      vertex -5.31331 -4.03394 39.98
      vertex -0.0339433 -9.31331 39.98
      vertex -5.13606 -3.54947 39.98
    endloop
  endfacet
  facet normal 0 0 1
    outer loop
      vertex -1.42866 -9.59962 39.98
      vertex -2.78115 -12.5595 39.98
      vertex -2.1773 -12.7327 39.98
    endloop
  endfacet
  facet normal 0 0 1
    outer loop
      vertex -1.42866 -9.59962 39.98
      vertex -3.37146 -12.3447 39.98
      vertex -2.78115 -12.5595 39.98
    endloop
  endfacet
  facet normal 0 0 1
    outer loop
      vertex -1.42866 -9.59962 39.98
      vertex -2.1773 -12.7327 39.98
      vertex -1.56283 -12.8633 39.98
    endloop
  endfacet
  facet normal 0 0 1
    outer loop
      vertex -6.47406 -10.2519 39.98
      vertex -1.42866 -9.59962 39.98
      vertex -5.59962 -5.42866 39.98
    endloop
  endfacet
  facet normal 0 0 1
    outer loop
      vertex -1.42866 -9.59962 39.98
      vertex -3.94534 -12.0891 39.98
      vertex -3.37146 -12.3447 39.98
    endloop
  endfacet
  facet normal 0 0 1
    outer loop
      vertex -0.0339433 -9.31331 39.98
      vertex -5.31331 -4.03394 39.98
      vertex -0.518058 -9.45113 39.98
    endloop
  endfacet
  facet normal -0 0 1
    outer loop
      vertex -5.45113 -4.51806 39.98
      vertex -0.518058 -9.45113 39.98
      vertex -5.31331 -4.03394 39.98
    endloop
  endfacet
  facet normal 0 0 1
    outer loop
      vertex -1.42866 -9.59962 39.98
      vertex -4.5 -11.7942 39.98
      vertex -3.94534 -12.0891 39.98
    endloop
  endfacet
  facet normal 0 0 1
    outer loop
      vertex -0.518058 -9.45113 39.98
      vertex -5.45113 -4.51806 39.98
      vertex -0.998234 -9.54848 39.98
    endloop
  endfacet
  facet normal -0 0 1
    outer loop
      vertex -5.54848 -4.99823 39.98
      vertex -0.998234 -9.54848 39.98
      vertex -5.45113 -4.51806 39.98
    endloop
  endfacet
  facet normal 0 0 1
    outer loop
      vertex -0.998234 -9.54848 39.98
      vertex -5.54848 -4.99823 39.98
      vertex -1.42866 -9.59962 39.98
    endloop
  endfacet
  facet normal 0 0 1
    outer loop
      vertex -1.42866 -9.59962 39.98
      vertex -5.03274 -11.4613 39.98
      vertex -4.5 -11.7942 39.98
    endloop
  endfacet
  facet normal 0 0 1
    outer loop
      vertex -1.42866 -9.59962 39.98
      vertex -5.54848 -4.99823 39.98
      vertex -5.59962 -5.42866 39.98
    endloop
  endfacet
  facet normal 0 0 1
    outer loop
      vertex -1.42866 -9.59962 39.98
      vertex -5.54095 -11.0921 39.98
      vertex -5.03274 -11.4613 39.98
    endloop
  endfacet
  facet normal 0 0 1
    outer loop
      vertex -1.42866 -9.59962 39.98
      vertex -6.02217 -10.6883 39.98
      vertex -5.54095 -11.0921 39.98
    endloop
  endfacet
  facet normal 0 0 1
    outer loop
      vertex -1.42866 -9.59962 39.98
      vertex -6.47406 -10.2519 39.98
      vertex -6.02217 -10.6883 39.98
    endloop
  endfacet
  facet normal 0 0 1
    outer loop
      vertex -5.59962 -5.42866 39.98
      vertex -6.8944 -9.78509 39.98
      vertex -6.47406 -10.2519 39.98
    endloop
  endfacet
  facet normal 0 0 1
    outer loop
      vertex -5.59962 -5.42866 39.98
      vertex -7.28115 -9.29007 39.98
      vertex -6.8944 -9.78509 39.98
    endloop
  endfacet
  facet normal 0 0 1
    outer loop
      vertex -5.59962 -5.42866 39.98
      vertex -7.63243 -8.76927 39.98
      vertex -7.28115 -9.29007 39.98
    endloop
  endfacet
  facet normal 0 0 1
    outer loop
      vertex -5.59962 -5.42866 39.98
      vertex -7.94653 -8.22524 39.98
      vertex -7.63243 -8.76927 39.98
    endloop
  endfacet
  facet normal 0 0 1
    outer loop
      vertex -5.59962 -5.42866 39.98
      vertex -8.22191 -7.66063 39.98
      vertex -7.94653 -8.22524 39.98
    endloop
  endfacet
  facet normal 0 0 1
    outer loop
      vertex -5.59962 -5.42866 39.98
      vertex -8.45723 -7.07818 39.98
      vertex -8.22191 -7.66063 39.98
    endloop
  endfacet
  facet normal 0 0 1
    outer loop
      vertex -5.59962 -5.42866 39.98
      vertex -8.65135 -6.48074 39.98
      vertex -8.45723 -7.07818 39.98
    endloop
  endfacet
  facet normal 0 0 1
    outer loop
      vertex -5.59962 -5.42866 39.98
      vertex -8.80333 -5.8712 39.98
      vertex -8.65135 -6.48074 39.98
    endloop
  endfacet
  facet normal -0 0 1
    outer loop
      vertex -8.91241 -2.74744 39.98
      vertex -5.59962 -5.42866 39.98
      vertex -8.81774 -2.21054 39.98
    endloop
  endfacet
  facet normal -0 0 1
    outer loop
      vertex -8.97808 -3.37219 39.98
      vertex -5.59962 -5.42866 39.98
      vertex -8.91241 -2.74744 39.98
    endloop
  endfacet
  facet normal 0 0 1
    outer loop
      vertex -5.59962 -5.42866 39.98
      vertex -8.91241 -5.25256 39.98
      vertex -8.80333 -5.8712 39.98
    endloop
  endfacet
  facet normal -0 0 1
    outer loop
      vertex -9 -4 39.98
      vertex -5.59962 -5.42866 39.98
      vertex -8.97808 -3.37219 39.98
    endloop
  endfacet
  facet normal 0 0 1
    outer loop
      vertex -5.59962 -5.42866 39.98
      vertex -8.97808 -4.62781 39.98
      vertex -8.91241 -5.25256 39.98
    endloop
  endfacet
  facet normal 0 0 1
    outer loop
      vertex -5.59962 -5.42866 39.98
      vertex -9 -4 39.98
      vertex -8.97808 -4.62781 39.98
    endloop
  endfacet
  facet normal 0 0 1
    outer loop
      vertex -1.42866 -9.59962 39.98
      vertex 1.56283 -12.8633 39.98
      vertex 1.78728 -12.8156 39.98
    endloop
  endfacet
  facet normal 0 0 1
    outer loop
      vertex 1.56283 -12.8633 39.98
      vertex -1.42866 -9.59962 39.98
      vertex 0.940756 -12.9507 39.98
    endloop
  endfacet
  facet normal 0 0 1
    outer loop
      vertex 0.940756 -12.9507 39.98
      vertex -1.42866 -9.59962 39.98
      vertex 0.314095 -12.9945 39.98
    endloop
  endfacet
  facet normal 0 0 1
    outer loop
      vertex 0.314095 -12.9945 39.98
      vertex -1.42866 -9.59962 39.98
      vertex -0.314095 -12.9945 39.98
    endloop
  endfacet
  facet normal 0 0 1
    outer loop
      vertex -0.314095 -12.9945 39.98
      vertex -1.42866 -9.59962 39.98
      vertex -0.940756 -12.9507 39.98
    endloop
  endfacet
  facet normal 0 0 1
    outer loop
      vertex -0.940756 -12.9507 39.98
      vertex -1.42866 -9.59962 39.98
      vertex -1.56283 -12.8633 39.98
    endloop
  endfacet
  facet normal -0.529916 0.84805 0
    outer loop
      vertex -4.5 3.79423 10.98
      vertex -5.03274 3.46134 26.5852
      vertex -4.5 3.79423 27.1973
    endloop
  endfacet
  facet normal -0.529916 0.84805 0
    outer loop
      vertex -5.03274 3.46134 26.5852
      vertex -4.5 3.79423 10.98
      vertex -5.03274 3.46134 10.98
    endloop
  endfacet
  facet normal -0.642796 0.766038 0
    outer loop
      vertex -5.54095 3.0921 10.98
      vertex -6.02217 2.6883 25.3389
      vertex -5.54095 3.0921 25.9647
    endloop
  endfacet
  facet normal -0.642796 0.766038 0
    outer loop
      vertex -6.02217 2.6883 25.3389
      vertex -5.54095 3.0921 10.98
      vertex -6.02217 2.6883 10.98
    endloop
  endfacet
  facet normal -0.275636 0.961262 0
    outer loop
      vertex -2.1773 4.73266 10.98
      vertex -2.78115 4.55951 28.9538
      vertex -2.1773 4.73266 29.5033
    endloop
  endfacet
  facet normal -0.275636 0.961262 0
    outer loop
      vertex -2.78115 4.55951 28.9538
      vertex -2.1773 4.73266 10.98
      vertex -2.78115 4.55951 10.98
    endloop
  endfacet
  facet normal -0.0697558 0.997564 0
    outer loop
      vertex -0.314095 4.99452 10.98
      vertex -0.940756 4.9507 30.5318
      vertex -0.314095 4.99452 31.0059
    endloop
  endfacet
  facet normal -0.0697558 0.997564 0
    outer loop
      vertex -0.940756 4.9507 30.5318
      vertex -0.314095 4.99452 10.98
      vertex -0.940756 4.9507 10.98
    endloop
  endfacet
  facet normal 0.694671 -0.719328 0
    outer loop
      vertex 6.47406 -10.2519 10.98
      vertex 6.02217 -10.6883 24.3969
      vertex 6.02217 -10.6883 10.98
    endloop
  endfacet
  facet normal 0.694671 -0.719328 0
    outer loop
      vertex 6.02217 -10.6883 24.3969
      vertex 6.47406 -10.2519 10.98
      vertex 6.47406 -10.2519 25.025
    endloop
  endfacet
  facet normal 0.829041 -0.559188 0
    outer loop
      vertex 7.28115 -9.29007 26.2758
      vertex 7.63243 -8.76927 10.98
      vertex 7.63243 -8.76927 26.8925
    endloop
  endfacet
  facet normal 0.829041 -0.559188 0
    outer loop
      vertex 7.63243 -8.76927 10.98
      vertex 7.28115 -9.29007 26.2758
      vertex 7.28115 -9.29007 10.98
    endloop
  endfacet
  facet normal -0.829041 -0.559188 0
    outer loop
      vertex -7.28115 -9.29007 10.98
      vertex -7.63243 -8.76927 39.98
      vertex -7.63243 -8.76927 10.98
    endloop
  endfacet
  facet normal -0.829041 -0.559188 0
    outer loop
      vertex -7.63243 -8.76927 39.98
      vertex -7.28115 -9.29007 10.98
      vertex -7.28115 -9.29007 39.98
    endloop
  endfacet
  facet normal 0.0697241 -0.997566 0
    outer loop
      vertex 0.314095 -12.9945 39.98
      vertex 0.940756 -12.9507 39.089
      vertex 0.940756 -12.9507 39.98
    endloop
  endfacet
  facet normal 0.0697241 -0.997566 0
    outer loop
      vertex 0.940756 -12.9507 39.089
      vertex 0.314095 -12.9945 39.98
      vertex 0.314095 -12.9945 25.3401
    endloop
  endfacet
  facet normal 0.0697241 -0.997566 0
    outer loop
      vertex 0.314095 -12.9945 10.98
      vertex 0.940756 -12.9507 24.4507
      vertex 0.314095 -12.9945 24.9248
    endloop
  endfacet
  facet normal 0.0697241 -0.997566 0
    outer loop
      vertex 0.940756 -12.9507 24.4507
      vertex 0.314095 -12.9945 10.98
      vertex 0.940756 -12.9507 10.98
    endloop
  endfacet
  facet normal 0.207877 -0.978155 0
    outer loop
      vertex 1.56283 -12.8633 39.98
      vertex 1.56283 -12.8633 39.7876
      vertex 1.78728 -12.8156 39.98
    endloop
  endfacet
  facet normal 0.207897 -0.978151 0
    outer loop
      vertex 1.56283 -12.8633 10.98
      vertex 2.1773 -12.7327 23.4221
      vertex 1.56283 -12.8633 23.949
    endloop
  endfacet
  facet normal 0.207897 -0.978151 0
    outer loop
      vertex 2.1773 -12.7327 23.4221
      vertex 1.56283 -12.8633 10.98
      vertex 2.1773 -12.7327 10.98
    endloop
  endfacet
  facet normal 0.970321 0.241822 2.26809e-05
    outer loop
      vertex 8.71582 -1.7778 32.6023
      vertex 8.65135 -1.51926 34.1878
      vertex 8.68196 -1.64204 33.719
    endloop
  endfacet
  facet normal 0.970315 0.241844 1.97769e-05
    outer loop
      vertex 8.71582 -1.7778 32.6023
      vertex 8.68196 -1.64204 33.719
      vertex 8.70346 -1.72826 33.2155
    endloop
  endfacet
  facet normal 0.970398 0.241511 4.83946e-05
    outer loop
      vertex 8.71582 -1.7778 32.6023
      vertex 8.70346 -1.72826 33.2155
      vertex 8.71546 -1.77637 32.6846
    endloop
  endfacet
  facet normal 0.970288 0.241953 0
    outer loop
      vertex 8.65135 -1.51926 34.1878
      vertex 8.71582 -1.7778 32.6023
      vertex 8.65135 -1.51926 10.98
    endloop
  endfacet
  facet normal 0.970298 0.241911 -5.2527e-07
    outer loop
      vertex 8.80333 -2.1288 32.416
      vertex 8.65135 -1.51926 10.98
      vertex 8.71582 -1.7778 32.6023
    endloop
  endfacet
  facet normal 0.970294 0.241929 0
    outer loop
      vertex 8.65135 -1.51926 10.98
      vertex 8.80333 -2.1288 32.416
      vertex 8.80333 -2.1288 10.98
    endloop
  endfacet
  facet normal 0.788026 0.615642 0.000101374
    outer loop
      vertex 7.28115 1.29007 37.3014
      vertex 6.8944 1.78509 37.4382
      vertex 7.01709 1.62805 37.4139
    endloop
  endfacet
  facet normal 0.788039 0.615626 0.000180274
    outer loop
      vertex 7.28115 1.29007 37.3014
      vertex 7.01709 1.62805 37.4139
      vertex 7.25446 1.32423 37.3179
    endloop
  endfacet
  facet normal 0.788012 0.615659 0
    outer loop
      vertex 6.8944 1.78509 37.4382
      vertex 7.28115 1.29007 37.3014
      vertex 6.8944 1.78509 10.98
    endloop
  endfacet
  facet normal 0.788012 0.615659 0
    outer loop
      vertex 6.8944 1.78509 10.98
      vertex 7.28115 1.29007 37.3014
      vertex 7.28115 1.29007 10.98
    endloop
  endfacet
  facet normal 0.743107 0.669172 -0.000897324
    outer loop
      vertex 6.76564 1.92809 37.4754
      vertex 6.47406 2.25192 37.5007
      vertex 6.50142 2.22154 37.5029
    endloop
  endfacet
  facet normal 0.743144 0.669132 3.62201e-05
    outer loop
      vertex 6.47406 2.25192 37.5007
      vertex 6.76564 1.92809 37.4754
      vertex 6.8944 1.78509 37.4382
    endloop
  endfacet
  facet normal 0.743141 0.669134 0
    outer loop
      vertex 6.47406 2.25192 37.5007
      vertex 6.8944 1.78509 37.4382
      vertex 6.47406 2.25192 10.98
    endloop
  endfacet
  facet normal 0.743141 0.669134 0
    outer loop
      vertex 6.47406 2.25192 10.98
      vertex 6.8944 1.78509 37.4382
      vertex 6.8944 1.78509 10.98
    endloop
  endfacet
  facet normal 0.829024 0.559213 -7.07926e-05
    outer loop
      vertex 7.63243 0.769273 37.0678
      vertex 7.28115 1.29007 37.3014
      vertex 7.46888 1.01175 37.1984
    endloop
  endfacet
  facet normal 0.829039 0.559191 0
    outer loop
      vertex 7.28115 1.29007 37.3014
      vertex 7.63243 0.769273 37.0678
      vertex 7.28115 1.29007 10.98
    endloop
  endfacet
  facet normal 0.829039 0.559191 0
    outer loop
      vertex 7.28115 1.29007 10.98
      vertex 7.63243 0.769273 37.0678
      vertex 7.63243 0.769273 10.98
    endloop
  endfacet
  facet normal 0.207912 0.978147 -0
    outer loop
      vertex 2.1773 4.73266 10.98
      vertex 1.56283 4.86327 32.2403
      vertex 2.1773 4.73266 32.5824
    endloop
  endfacet
  facet normal 0.207912 0.978147 0
    outer loop
      vertex 1.56283 4.86327 32.2403
      vertex 2.1773 4.73266 10.98
      vertex 1.56283 4.86327 10.98
    endloop
  endfacet
  facet normal 0.46952 0.882922 -9.60613e-05
    outer loop
      vertex 4.5 3.79423 36.9102
      vertex 4.09551 4.0093 36.637
      vertex 4.3966 3.84921 36.8545
    endloop
  endfacet
  facet normal 0.469426 0.882972 8.37546e-05
    outer loop
      vertex 4.5 3.79423 36.9102
      vertex 3.94534 4.08915 36.4974
      vertex 4.09551 4.0093 36.637
    endloop
  endfacet
  facet normal 0.469474 0.882946 -0
    outer loop
      vertex 4.5 3.79423 10.98
      vertex 3.94534 4.08915 36.4974
      vertex 4.5 3.79423 36.9102
    endloop
  endfacet
  facet normal 0.469474 0.882946 0
    outer loop
      vertex 3.94534 4.08915 36.4974
      vertex 4.5 3.79423 10.98
      vertex 3.94534 4.08915 10.98
    endloop
  endfacet
  facet normal 0.406682 0.91357 6.66942e-05
    outer loop
      vertex 3.94534 4.08915 36.4974
      vertex 3.52863 4.27468 36.103
      vertex 3.80543 4.15144 36.3859
    endloop
  endfacet
  facet normal 0.406816 0.91351 -0.000103876
    outer loop
      vertex 3.94534 4.08915 36.4974
      vertex 3.37146 4.34465 35.9004
      vertex 3.52863 4.27468 36.103
    endloop
  endfacet
  facet normal 0.406726 0.91355 -0
    outer loop
      vertex 3.94534 4.08915 10.98
      vertex 3.37146 4.34465 35.9004
      vertex 3.94534 4.08915 36.4974
    endloop
  endfacet
  facet normal 0.406726 0.91355 0
    outer loop
      vertex 3.37146 4.34465 35.9004
      vertex 3.94534 4.08915 10.98
      vertex 3.37146 4.34465 10.98
    endloop
  endfacet
  facet normal 0.642835 0.766005 -0.00042225
    outer loop
      vertex 6.02217 2.6883 37.4784
      vertex 5.6291 3.01813 37.4124
      vertex 5.92896 2.76652 37.4742
    endloop
  endfacet
  facet normal 0.642784 0.766047 9.45703e-05
    outer loop
      vertex 6.02217 2.6883 37.4784
      vertex 5.54095 3.0921 37.3796
      vertex 5.6291 3.01813 37.4124
    endloop
  endfacet
  facet normal 0.642796 0.766038 -0
    outer loop
      vertex 6.02217 2.6883 10.98
      vertex 5.54095 3.0921 37.3796
      vertex 6.02217 2.6883 37.4784
    endloop
  endfacet
  facet normal 0.642796 0.766038 0
    outer loop
      vertex 5.54095 3.0921 37.3796
      vertex 6.02217 2.6883 10.98
      vertex 5.54095 3.0921 10.98
    endloop
  endfacet
  facet normal -0.788012 0.615659 0
    outer loop
      vertex -7.28115 1.29007 23.46
      vertex -6.8944 1.78509 10.98
      vertex -7.28115 1.29007 10.98
    endloop
  endfacet
  facet normal -0.788012 0.615659 0
    outer loop
      vertex -6.8944 1.78509 10.98
      vertex -7.28115 1.29007 23.46
      vertex -6.8944 1.78509 24.0835
    endloop
  endfacet
  facet normal -0.927186 0.374601 0
    outer loop
      vertex -8.45723 -0.921819 10.98
      vertex -8.22191 -0.339371 22.0121
      vertex -8.22191 -0.339371 10.98
    endloop
  endfacet
  facet normal -0.927186 0.374601 0
    outer loop
      vertex -8.22191 -0.339371 22.0121
      vertex -8.45723 -0.921819 10.98
      vertex -8.45723 -0.921819 22.5904
    endloop
  endfacet
  facet normal -0.970294 0.241929 0
    outer loop
      vertex -8.80333 -2.1288 10.98
      vertex -8.65135 -1.51926 23.1501
      vertex -8.65135 -1.51926 10.98
    endloop
  endfacet
  facet normal -0.970294 0.241929 0
    outer loop
      vertex -8.65135 -1.51926 23.1501
      vertex -8.80333 -2.1288 10.98
      vertex -8.80333 -2.1288 23.6885
    endloop
  endfacet
  facet normal -0.406726 0.91355 0
    outer loop
      vertex -3.37146 4.34465 10.98
      vertex -3.94534 4.08915 27.798
      vertex -3.37146 4.34465 28.3845
    endloop
  endfacet
  facet normal -0.406726 0.91355 0
    outer loop
      vertex -3.94534 4.08915 27.798
      vertex -3.37146 4.34465 10.98
      vertex -3.94534 4.08915 10.98
    endloop
  endfacet
  facet normal -0.469474 0.882946 0
    outer loop
      vertex -3.94534 4.08915 10.98
      vertex -4.5 3.79423 27.1973
      vertex -3.94534 4.08915 27.798
    endloop
  endfacet
  facet normal -0.469474 0.882946 0
    outer loop
      vertex -4.5 3.79423 27.1973
      vertex -3.94534 4.08915 10.98
      vertex -4.5 3.79423 10.98
    endloop
  endfacet
  facet normal -0.587789 0.809014 0
    outer loop
      vertex -5.03274 3.46134 10.98
      vertex -5.54095 3.0921 25.9647
      vertex -5.03274 3.46134 26.5852
    endloop
  endfacet
  facet normal -0.587789 0.809014 0
    outer loop
      vertex -5.54095 3.0921 25.9647
      vertex -5.03274 3.46134 10.98
      vertex -5.54095 3.0921 10.98
    endloop
  endfacet
  facet normal -0.207912 0.978147 0
    outer loop
      vertex -1.56283 4.86327 10.98
      vertex -2.1773 4.73266 29.5033
      vertex -1.56283 4.86327 30.0301
    endloop
  endfacet
  facet normal -0.207912 0.978147 0
    outer loop
      vertex -2.1773 4.73266 29.5033
      vertex -1.56283 4.86327 10.98
      vertex -2.1773 4.73266 10.98
    endloop
  endfacet
  facet normal 0.999391 -0.0348938 0
    outer loop
      vertex 8.97808 -4.62781 30.7724
      vertex 9 -4 10.98
      vertex 9 -4 31.2319
    endloop
  endfacet
  facet normal 0.999391 -0.0348938 0
    outer loop
      vertex 9 -4 10.98
      vertex 8.97808 -4.62781 30.7724
      vertex 8.97808 -4.62781 10.98
    endloop
  endfacet
  facet normal 0.927187 -0.3746 0
    outer loop
      vertex 8.22191 -7.66063 28.0932
      vertex 8.45723 -7.07818 10.98
      vertex 8.45723 -7.07818 28.6715
    endloop
  endfacet
  facet normal 0.927187 -0.3746 0
    outer loop
      vertex 8.45723 -7.07818 10.98
      vertex 8.22191 -7.66063 28.0932
      vertex 8.22191 -7.66063 10.98
    endloop
  endfacet
  facet normal 0.951057 -0.309017 0
    outer loop
      vertex 8.45723 -7.07818 28.6715
      vertex 8.65135 -6.48074 10.98
      vertex 8.65135 -6.48074 29.2312
    endloop
  endfacet
  facet normal 0.951057 -0.309017 0
    outer loop
      vertex 8.65135 -6.48074 10.98
      vertex 8.45723 -7.07818 28.6715
      vertex 8.45723 -7.07818 10.98
    endloop
  endfacet
  facet normal 0.743127 -0.66915 0
    outer loop
      vertex 6.47406 -10.2519 25.025
      vertex 6.8944 -9.78509 10.98
      vertex 6.8944 -9.78509 25.6523
    endloop
  endfacet
  facet normal 0.743127 -0.66915 0
    outer loop
      vertex 6.8944 -9.78509 10.98
      vertex 6.47406 -10.2519 25.025
      vertex 6.47406 -10.2519 10.98
    endloop
  endfacet
  facet normal 0.406757 -0.913536 0
    outer loop
      vertex 3.37146 -12.3447 22.3034
      vertex 3.37146 -12.3447 10.98
      vertex 3.83726 -12.1373 21.8274
    endloop
  endfacet
  facet normal 0.406859 -0.913491 -5.2487e-06
    outer loop
      vertex 3.94534 -12.0891 10.98
      vertex 3.83726 -12.1373 21.8274
      vertex 3.37146 -12.3447 10.98
    endloop
  endfacet
  facet normal 0.407299 -0.913295 0
    outer loop
      vertex 3.83726 -12.1373 21.8274
      vertex 3.94534 -12.0891 10.98
      vertex 3.94534 -12.0891 21.9378
    endloop
  endfacet
  facet normal 0.866023 -0.500005 0
    outer loop
      vertex 7.63243 -8.76927 26.8925
      vertex 7.94653 -8.22524 10.98
      vertex 7.94653 -8.22524 27.4993
    endloop
  endfacet
  facet normal 0.866023 -0.500005 0
    outer loop
      vertex 7.94653 -8.22524 10.98
      vertex 7.63243 -8.76927 26.8925
      vertex 7.63243 -8.76927 10.98
    endloop
  endfacet
  facet normal -0.275709 -0.961241 0
    outer loop
      vertex -2.78115 -12.5595 10.98
      vertex -2.1773 -12.7327 39.98
      vertex -2.78115 -12.5595 39.98
    endloop
  endfacet
  facet normal -0.275709 -0.961241 -0
    outer loop
      vertex -2.1773 -12.7327 39.98
      vertex -2.78115 -12.5595 10.98
      vertex -2.1773 -12.7327 10.98
    endloop
  endfacet
  facet normal -0.694671 -0.719328 0
    outer loop
      vertex -6.47406 -10.2519 10.98
      vertex -6.02217 -10.6883 39.98
      vertex -6.47406 -10.2519 39.98
    endloop
  endfacet
  facet normal -0.694671 -0.719328 -0
    outer loop
      vertex -6.02217 -10.6883 39.98
      vertex -6.47406 -10.2519 10.98
      vertex -6.02217 -10.6883 10.98
    endloop
  endfacet
  facet normal -0.788012 -0.615659 0
    outer loop
      vertex -6.8944 -9.78509 10.98
      vertex -7.28115 -9.29007 39.98
      vertex -7.28115 -9.29007 10.98
    endloop
  endfacet
  facet normal -0.788012 -0.615659 0
    outer loop
      vertex -7.28115 -9.29007 39.98
      vertex -6.8944 -9.78509 10.98
      vertex -6.8944 -9.78509 39.98
    endloop
  endfacet
  facet normal -0.984809 -0.173644 0
    outer loop
      vertex -8.80333 -5.8712 10.98
      vertex -8.91241 -5.25256 39.98
      vertex -8.91241 -5.25256 10.98
    endloop
  endfacet
  facet normal -0.984809 -0.173644 0
    outer loop
      vertex -8.91241 -5.25256 39.98
      vertex -8.80333 -5.8712 10.98
      vertex -8.80333 -5.8712 39.98
    endloop
  endfacet
  facet normal -0.951057 -0.309017 0
    outer loop
      vertex -8.45723 -7.07818 10.98
      vertex -8.65135 -6.48074 39.98
      vertex -8.65135 -6.48074 10.98
    endloop
  endfacet
  facet normal -0.951057 -0.309017 0
    outer loop
      vertex -8.65135 -6.48074 39.98
      vertex -8.45723 -7.07818 10.98
      vertex -8.45723 -7.07818 39.98
    endloop
  endfacet
  facet normal 0.139131 -0.990274 0
    outer loop
      vertex 0.940756 -12.9507 39.98
      vertex 1.56283 -12.8633 39.7876
      vertex 1.56283 -12.8633 39.98
    endloop
  endfacet
  facet normal 0.139142 -0.990272 3.55628e-05
    outer loop
      vertex 0.940756 -12.9507 39.98
      vertex 0.949472 -12.9495 39.2929
      vertex 1.56283 -12.8633 39.7876
    endloop
  endfacet
  facet normal 0.136391 -0.990655 0
    outer loop
      vertex 0.949472 -12.9495 39.2929
      vertex 0.940756 -12.9507 39.98
      vertex 0.940756 -12.9507 39.089
    endloop
  endfacet
  facet normal 0.139131 -0.990274 0
    outer loop
      vertex 0.940756 -12.9507 10.98
      vertex 1.56283 -12.8633 23.949
      vertex 0.940756 -12.9507 24.4507
    endloop
  endfacet
  facet normal 0.139131 -0.990274 0
    outer loop
      vertex 1.56283 -12.8633 23.949
      vertex 0.940756 -12.9507 10.98
      vertex 1.56283 -12.8633 10.98
    endloop
  endfacet
  facet normal -0.743141 0.669134 0
    outer loop
      vertex -6.8944 1.78509 24.0835
      vertex -6.47406 2.25192 10.98
      vertex -6.8944 1.78509 10.98
    endloop
  endfacet
  facet normal -0.743141 0.669134 0
    outer loop
      vertex -6.47406 2.25192 10.98
      vertex -6.8944 1.78509 24.0835
      vertex -6.47406 2.25192 24.7108
    endloop
  endfacet
  facet normal -0.898798 0.438364 0
    outer loop
      vertex -7.94653 0.225244 10.98
      vertex -8.13625 -0.163748 21.8274
      vertex -7.94653 0.225244 22.2366
    endloop
  endfacet
  facet normal -0.898795 0.43837 2.72834e-07
    outer loop
      vertex -8.22191 -0.339371 10.98
      vertex -8.13625 -0.163748 21.8274
      vertex -7.94653 0.225244 10.98
    endloop
  endfacet
  facet normal -0.898788 0.438383 0
    outer loop
      vertex -8.13625 -0.163748 21.8274
      vertex -8.22191 -0.339371 10.98
      vertex -8.22191 -0.339371 22.0121
    endloop
  endfacet
  facet normal 0.970294 -0.241929 0
    outer loop
      vertex 8.65135 -6.48074 29.2312
      vertex 8.80333 -5.8712 10.98
      vertex 8.80333 -5.8712 29.7697
    endloop
  endfacet
  facet normal 0.970294 -0.241929 0
    outer loop
      vertex 8.80333 -5.8712 10.98
      vertex 8.65135 -6.48074 29.2312
      vertex 8.65135 -6.48074 10.98
    endloop
  endfacet
  facet normal 0.984809 -0.173644 0
    outer loop
      vertex 8.80333 -5.8712 29.7697
      vertex 8.91241 -5.25256 10.98
      vertex 8.91241 -5.25256 30.2843
    endloop
  endfacet
  facet normal 0.984809 -0.173644 0
    outer loop
      vertex 8.91241 -5.25256 10.98
      vertex 8.80333 -5.8712 29.7697
      vertex 8.80333 -5.8712 10.98
    endloop
  endfacet
  facet normal 0.529927 -0.848043 0
    outer loop
      vertex 5.03274 -11.4613 10.98
      vertex 4.5 -11.7942 22.5385
      vertex 4.5 -11.7942 10.98
    endloop
  endfacet
  facet normal 0.529927 -0.848043 0
    outer loop
      vertex 4.5 -11.7942 22.5385
      vertex 5.03274 -11.4613 10.98
      vertex 5.03274 -11.4613 23.1506
    endloop
  endfacet
  facet normal 0.898793 -0.438373 0
    outer loop
      vertex 7.94653 -8.22524 27.4993
      vertex 8.22191 -7.66063 10.98
      vertex 8.22191 -7.66063 28.0932
    endloop
  endfacet
  facet normal 0.898793 -0.438373 0
    outer loop
      vertex 8.22191 -7.66063 10.98
      vertex 7.94653 -8.22524 27.4993
      vertex 7.94653 -8.22524 10.98
    endloop
  endfacet
  facet normal -0.529927 -0.848043 0
    outer loop
      vertex -5.03274 -11.4613 10.98
      vertex -4.5 -11.7942 39.98
      vertex -5.03274 -11.4613 39.98
    endloop
  endfacet
  facet normal -0.529927 -0.848043 -0
    outer loop
      vertex -4.5 -11.7942 39.98
      vertex -5.03274 -11.4613 10.98
      vertex -4.5 -11.7942 10.98
    endloop
  endfacet
  facet normal -0.406859 -0.913491 0
    outer loop
      vertex -3.94534 -12.0891 10.98
      vertex -3.37146 -12.3447 39.98
      vertex -3.94534 -12.0891 39.98
    endloop
  endfacet
  facet normal -0.406859 -0.913491 -0
    outer loop
      vertex -3.37146 -12.3447 39.98
      vertex -3.94534 -12.0891 10.98
      vertex -3.37146 -12.3447 10.98
    endloop
  endfacet
  facet normal -0.587748 -0.809044 0
    outer loop
      vertex -5.54095 -11.0921 10.98
      vertex -5.03274 -11.4613 39.98
      vertex -5.54095 -11.0921 39.98
    endloop
  endfacet
  facet normal -0.587748 -0.809044 -0
    outer loop
      vertex -5.03274 -11.4613 39.98
      vertex -5.54095 -11.0921 10.98
      vertex -5.03274 -11.4613 10.98
    endloop
  endfacet
  facet normal -0.743127 -0.66915 0
    outer loop
      vertex -6.47406 -10.2519 10.98
      vertex -6.8944 -9.78509 39.98
      vertex -6.8944 -9.78509 10.98
    endloop
  endfacet
  facet normal -0.743127 -0.66915 0
    outer loop
      vertex -6.8944 -9.78509 39.98
      vertex -6.47406 -10.2519 10.98
      vertex -6.47406 -10.2519 39.98
    endloop
  endfacet
  facet normal -0.866023 -0.500005 0
    outer loop
      vertex -7.63243 -8.76927 10.98
      vertex -7.94653 -8.22524 39.98
      vertex -7.94653 -8.22524 10.98
    endloop
  endfacet
  facet normal -0.866023 -0.500005 0
    outer loop
      vertex -7.94653 -8.22524 39.98
      vertex -7.63243 -8.76927 10.98
      vertex -7.63243 -8.76927 39.98
    endloop
  endfacet
  facet normal -0.994521 -0.104538 0
    outer loop
      vertex -8.91241 -5.25256 10.98
      vertex -8.97808 -4.62781 39.98
      vertex -8.97808 -4.62781 10.98
    endloop
  endfacet
  facet normal -0.994521 -0.104538 0
    outer loop
      vertex -8.97808 -4.62781 39.98
      vertex -8.91241 -5.25256 10.98
      vertex -8.91241 -5.25256 39.98
    endloop
  endfacet
  facet normal -0.999391 -0.0348938 0
    outer loop
      vertex -8.97808 -4.62781 10.98
      vertex -9 -4 39.98
      vertex -9 -4 10.98
    endloop
  endfacet
  facet normal -0.999391 -0.0348938 0
    outer loop
      vertex -9 -4 39.98
      vertex -8.97808 -4.62781 10.98
      vertex -8.97808 -4.62781 39.98
    endloop
  endfacet
  facet normal 0.341942 -0.939721 0
    outer loop
      vertex 2.78115 -12.5595 10.98
      vertex 3.37146 -12.3447 22.3034
      vertex 2.78115 -12.5595 22.8727
    endloop
  endfacet
  facet normal 0.341942 -0.939721 0
    outer loop
      vertex 3.37146 -12.3447 22.3034
      vertex 2.78115 -12.5595 10.98
      vertex 3.37146 -12.3447 10.98
    endloop
  endfacet
  facet normal 0.994521 -0.104538 0
    outer loop
      vertex 8.91241 -5.25256 30.2843
      vertex 8.97808 -4.62781 10.98
      vertex 8.97808 -4.62781 30.7724
    endloop
  endfacet
  facet normal 0.994521 -0.104538 0
    outer loop
      vertex 8.97808 -4.62781 10.98
      vertex 8.91241 -5.25256 30.2843
      vertex 8.91241 -5.25256 10.98
    endloop
  endfacet
  facet normal 0.788012 -0.615659 0
    outer loop
      vertex 6.8944 -9.78509 25.6523
      vertex 7.28115 -9.29007 10.98
      vertex 7.28115 -9.29007 26.2758
    endloop
  endfacet
  facet normal 0.788012 -0.615659 0
    outer loop
      vertex 7.28115 -9.29007 10.98
      vertex 6.8944 -9.78509 25.6523
      vertex 6.8944 -9.78509 10.98
    endloop
  endfacet
  facet normal 0.469449 -0.882959 0
    outer loop
      vertex 4.5 -11.7942 10.98
      vertex 3.94534 -12.0891 21.9378
      vertex 3.94534 -12.0891 10.98
    endloop
  endfacet
  facet normal 0.469449 -0.882959 0
    outer loop
      vertex 3.94534 -12.0891 21.9378
      vertex 4.5 -11.7942 10.98
      vertex 4.5 -11.7942 22.5385
    endloop
  endfacet
  facet normal -0.0697241 -0.997566 0
    outer loop
      vertex -0.940756 -12.9507 10.98
      vertex -0.314095 -12.9945 39.98
      vertex -0.940756 -12.9507 39.98
    endloop
  endfacet
  facet normal -0.0697241 -0.997566 -0
    outer loop
      vertex -0.314095 -12.9945 39.98
      vertex -0.940756 -12.9507 10.98
      vertex -0.314095 -12.9945 10.98
    endloop
  endfacet
  facet normal -0.139131 -0.990274 0
    outer loop
      vertex -1.56283 -12.8633 10.98
      vertex -0.940756 -12.9507 39.98
      vertex -1.56283 -12.8633 39.98
    endloop
  endfacet
  facet normal -0.139131 -0.990274 -0
    outer loop
      vertex -0.940756 -12.9507 39.98
      vertex -1.56283 -12.8633 10.98
      vertex -0.940756 -12.9507 10.98
    endloop
  endfacet
  facet normal -0.341942 -0.939721 0
    outer loop
      vertex -3.37146 -12.3447 10.98
      vertex -2.78115 -12.5595 39.98
      vertex -3.37146 -12.3447 39.98
    endloop
  endfacet
  facet normal -0.341942 -0.939721 -0
    outer loop
      vertex -2.78115 -12.5595 39.98
      vertex -3.37146 -12.3447 10.98
      vertex -2.78115 -12.5595 10.98
    endloop
  endfacet
  facet normal -0.469449 -0.882959 0
    outer loop
      vertex -4.5 -11.7942 10.98
      vertex -3.94534 -12.0891 39.98
      vertex -4.5 -11.7942 39.98
    endloop
  endfacet
  facet normal -0.469449 -0.882959 -0
    outer loop
      vertex -3.94534 -12.0891 39.98
      vertex -4.5 -11.7942 10.98
      vertex -3.94534 -12.0891 10.98
    endloop
  endfacet
  facet normal -0.642796 -0.766038 0
    outer loop
      vertex -6.02217 -10.6883 10.98
      vertex -5.54095 -11.0921 39.98
      vertex -6.02217 -10.6883 39.98
    endloop
  endfacet
  facet normal -0.642796 -0.766038 -0
    outer loop
      vertex -5.54095 -11.0921 39.98
      vertex -6.02217 -10.6883 10.98
      vertex -5.54095 -11.0921 10.98
    endloop
  endfacet
  facet normal -0.898793 -0.438373 0
    outer loop
      vertex -7.94653 -8.22524 10.98
      vertex -8.22191 -7.66063 39.98
      vertex -8.22191 -7.66063 10.98
    endloop
  endfacet
  facet normal -0.898793 -0.438373 0
    outer loop
      vertex -8.22191 -7.66063 39.98
      vertex -7.94653 -8.22524 10.98
      vertex -7.94653 -8.22524 39.98
    endloop
  endfacet
  facet normal -0.927187 -0.3746 0
    outer loop
      vertex -8.22191 -7.66063 10.98
      vertex -8.45723 -7.07818 39.98
      vertex -8.45723 -7.07818 10.98
    endloop
  endfacet
  facet normal -0.927187 -0.3746 0
    outer loop
      vertex -8.45723 -7.07818 39.98
      vertex -8.22191 -7.66063 10.98
      vertex -8.22191 -7.66063 39.98
    endloop
  endfacet
  facet normal -0.970294 -0.241929 0
    outer loop
      vertex -8.65135 -6.48074 10.98
      vertex -8.80333 -5.8712 39.98
      vertex -8.80333 -5.8712 10.98
    endloop
  endfacet
  facet normal -0.970294 -0.241929 0
    outer loop
      vertex -8.80333 -5.8712 39.98
      vertex -8.65135 -6.48074 10.98
      vertex -8.65135 -6.48074 39.98
    endloop
  endfacet
  facet normal 0.587748 -0.809044 0
    outer loop
      vertex 5.54095 -11.0921 10.98
      vertex 5.03274 -11.4613 23.1506
      vertex 5.03274 -11.4613 10.98
    endloop
  endfacet
  facet normal 0.587748 -0.809044 0
    outer loop
      vertex 5.03274 -11.4613 23.1506
      vertex 5.54095 -11.0921 10.98
      vertex 5.54095 -11.0921 23.7711
    endloop
  endfacet
  facet normal -0.207897 -0.978151 0
    outer loop
      vertex -2.1773 -12.7327 10.98
      vertex -1.56283 -12.8633 39.98
      vertex -2.1773 -12.7327 39.98
    endloop
  endfacet
  facet normal -0.207897 -0.978151 -0
    outer loop
      vertex -1.56283 -12.8633 39.98
      vertex -2.1773 -12.7327 10.98
      vertex -1.56283 -12.8633 10.98
    endloop
  endfacet
  facet normal 0.642796 -0.766038 0
    outer loop
      vertex 6.02217 -10.6883 10.98
      vertex 5.54095 -11.0921 23.7711
      vertex 5.54095 -11.0921 10.98
    endloop
  endfacet
  facet normal 0.642796 -0.766038 0
    outer loop
      vertex 5.54095 -11.0921 23.7711
      vertex 6.02217 -10.6883 10.98
      vertex 6.02217 -10.6883 24.3969
    endloop
  endfacet
  facet normal 0.319309 -0.947651 0
    outer loop
      vertex 13.5869 -14.9579 0
      vertex 13.9558 -14.8336 6
      vertex 13.5869 -14.9579 6
    endloop
  endfacet
  facet normal 0.319309 -0.947651 0
    outer loop
      vertex 13.9558 -14.8336 6
      vertex 13.5869 -14.9579 0
      vertex 13.9558 -14.8336 0
    endloop
  endfacet
  facet normal -0.370194 -0.928954 0
    outer loop
      vertex -14.0431 -14.7903 0
      vertex -13.6815 -14.9344 6
      vertex -14.0431 -14.7903 6
    endloop
  endfacet
  facet normal -0.370194 -0.928954 -0
    outer loop
      vertex -13.6815 -14.9344 6
      vertex -14.0431 -14.7903 0
      vertex -13.6815 -14.9344 0
    endloop
  endfacet
  facet normal 0 1 0
    outer loop
      vertex 16.2 2 6
      vertex 12.0846 2 5.98
      vertex 12.0646 2 6
    endloop
  endfacet
  facet normal 0 1 0
    outer loop
      vertex 12.0846 2 5.98
      vertex 16.2 2 0
      vertex -12.0846 2 5.98
    endloop
  endfacet
  facet normal 0 1 -0
    outer loop
      vertex 16.2 2 0
      vertex 12.0846 2 5.98
      vertex 16.2 2 6
    endloop
  endfacet
  facet normal 0 1 -0
    outer loop
      vertex -12.0846 2 5.98
      vertex -16.2 2 6
      vertex -12.0646 2 6
    endloop
  endfacet
  facet normal 0 1 0
    outer loop
      vertex -16.2 2 0
      vertex -12.0846 2 5.98
      vertex 16.2 2 0
    endloop
  endfacet
  facet normal 0 1 0
    outer loop
      vertex -12.0846 2 5.98
      vertex -16.2 2 0
      vertex -16.2 2 6
    endloop
  endfacet
  facet normal 0.974391 -0.22486 0
    outer loop
      vertex 14.9344 -13.6815 6
      vertex 17.9344 -0.681549 0
      vertex 17.9344 -0.681549 6
    endloop
  endfacet
  facet normal 0.974391 -0.22486 0
    outer loop
      vertex 17.9344 -0.681549 0
      vertex 14.9344 -13.6815 6
      vertex 14.9344 -13.6815 0
    endloop
  endfacet
  facet normal 0.827757 -0.561087 0
    outer loop
      vertex 14.5719 -14.3653 6
      vertex 14.7903 -14.0431 0
      vertex 14.7903 -14.0431 6
    endloop
  endfacet
  facet normal 0.827757 -0.561087 0
    outer loop
      vertex 14.7903 -14.0431 0
      vertex 14.5719 -14.3653 6
      vertex 14.5719 -14.3653 0
    endloop
  endfacet
  facet normal 0.51544 -0.856926 0
    outer loop
      vertex 13.9558 -14.8336 0
      vertex 14.2893 -14.633 6
      vertex 13.9558 -14.8336 6
    endloop
  endfacet
  facet normal 0.51544 -0.856926 0
    outer loop
      vertex 14.2893 -14.633 6
      vertex 13.9558 -14.8336 0
      vertex 14.2893 -14.633 0
    endloop
  endfacet
  facet normal -0.994133 -0.108162 0
    outer loop
      vertex -17.9579 -0.586945 0
      vertex -18 -0.199997 6
      vertex -18 -0.199997 0
    endloop
  endfacet
  facet normal -0.994133 -0.108162 0
    outer loop
      vertex -18 -0.199997 6
      vertex -17.9579 -0.586945 0
      vertex -17.9579 -0.586945 6
    endloop
  endfacet
  facet normal -0.974391 -0.22486 0
    outer loop
      vertex -14.9579 -13.5869 0
      vertex -17.9579 -0.586945 6
      vertex -17.9579 -0.586945 0
    endloop
  endfacet
  facet normal -0.974391 -0.22486 0
    outer loop
      vertex -17.9579 -0.586945 6
      vertex -14.9579 -13.5869 0
      vertex -14.9579 -13.5869 6
    endloop
  endfacet
  facet normal -0.108124 0.994137 0
    outer loop
      vertex -16.2 2 0
      vertex -16.5869 1.95792 6
      vertex -16.2 2 6
    endloop
  endfacet
  facet normal -0.108124 0.994137 0
    outer loop
      vertex -16.5869 1.95792 6
      vertex -16.2 2 0
      vertex -16.5869 1.95792 0
    endloop
  endfacet
  facet normal 0.687709 -0.725986 0
    outer loop
      vertex 14.2893 -14.633 0
      vertex 14.5719 -14.3653 6
      vertex 14.2893 -14.633 6
    endloop
  endfacet
  facet normal 0.687709 -0.725986 0
    outer loop
      vertex 14.5719 -14.3653 6
      vertex 14.2893 -14.633 0
      vertex 14.5719 -14.3653 0
    endloop
  endfacet
  facet normal 0.928954 -0.370194 0
    outer loop
      vertex 14.7903 -14.0431 6
      vertex 14.9344 -13.6815 0
      vertex 14.9344 -13.6815 6
    endloop
  endfacet
  facet normal 0.928954 -0.370194 0
    outer loop
      vertex 14.9344 -13.6815 0
      vertex 14.7903 -14.0431 6
      vertex 14.7903 -14.0431 0
    endloop
  endfacet
  facet normal 0 -1 0
    outer loop
      vertex -13.2 -15 6
      vertex -7.81338 -15 5.98
      vertex -7.78277 -15 6
    endloop
  endfacet
  facet normal 0 -1 -0
    outer loop
      vertex -7.81338 -15 5.98
      vertex -13.2 -15 0
      vertex 7.81338 -15 5.98
    endloop
  endfacet
  facet normal 0 -1 0
    outer loop
      vertex -13.2 -15 0
      vertex -7.81338 -15 5.98
      vertex -13.2 -15 6
    endloop
  endfacet
  facet normal 0 -1 0
    outer loop
      vertex 7.81338 -15 5.98
      vertex 13.2 -15 6
      vertex 7.78277 -15 6
    endloop
  endfacet
  facet normal 0 -1 0
    outer loop
      vertex 13.2 -15 0
      vertex 7.81338 -15 5.98
      vertex -13.2 -15 0
    endloop
  endfacet
  facet normal 0 -1 0
    outer loop
      vertex 7.81338 -15 5.98
      vertex 13.2 -15 0
      vertex 13.2 -15 6
    endloop
  endfacet
  facet normal 0.108175 -0.994132 0
    outer loop
      vertex 13.2 -15 0
      vertex 13.5869 -14.9579 6
      vertex 13.2 -15 6
    endloop
  endfacet
  facet normal 0.108175 -0.994132 0
    outer loop
      vertex 13.5869 -14.9579 6
      vertex 13.2 -15 0
      vertex 13.5869 -14.9579 0
    endloop
  endfacet
  facet normal 0.135014 0.990844 -0
    outer loop
      vertex 16.6815 1.93439 0
      vertex 16.2 2 6
      vertex 16.6815 1.93439 6
    endloop
  endfacet
  facet normal 0.135014 0.990844 0
    outer loop
      vertex 16.2 2 6
      vertex 16.6815 1.93439 0
      vertex 16.2 2 0
    endloop
  endfacet
  facet normal 0.990848 -0.13498 0
    outer loop
      vertex 17.9344 -0.681549 6
      vertex 18 -0.199997 0
      vertex 18 -0.199997 6
    endloop
  endfacet
  facet normal 0.990848 -0.13498 0
    outer loop
      vertex 18 -0.199997 0
      vertex 17.9344 -0.681549 6
      vertex 17.9344 -0.681549 0
    endloop
  endfacet
  facet normal -0.947651 -0.319309 0
    outer loop
      vertex -14.8336 -13.9558 0
      vertex -14.9579 -13.5869 6
      vertex -14.9579 -13.5869 0
    endloop
  endfacet
  facet normal -0.947651 -0.319309 0
    outer loop
      vertex -14.9579 -13.5869 6
      vertex -14.8336 -13.9558 0
      vertex -14.8336 -13.9558 6
    endloop
  endfacet
  facet normal -0.827725 0.561134 0
    outer loop
      vertex -17.7903 1.04314 0
      vertex -17.5719 1.3653 6
      vertex -17.5719 1.3653 0
    endloop
  endfacet
  facet normal -0.827725 0.561134 0
    outer loop
      vertex -17.5719 1.3653 6
      vertex -17.7903 1.04314 0
      vertex -17.7903 1.04314 6
    endloop
  endfacet
  facet normal -0.134994 -0.990846 0
    outer loop
      vertex -13.6815 -14.9344 0
      vertex -13.2 -15 6
      vertex -13.6815 -14.9344 6
    endloop
  endfacet
  facet normal -0.134994 -0.990846 -0
    outer loop
      vertex -13.2 -15 6
      vertex -13.6815 -14.9344 0
      vertex -13.2 -15 0
    endloop
  endfacet
  facet normal -0.515553 0.856858 0
    outer loop
      vertex -16.9558 1.83363 0
      vertex -17.2893 1.63297 6
      vertex -16.9558 1.83363 6
    endloop
  endfacet
  facet normal -0.515553 0.856858 0
    outer loop
      vertex -17.2893 1.63297 6
      vertex -16.9558 1.83363 0
      vertex -17.2893 1.63297 0
    endloop
  endfacet
  facet normal 0.72595 0.687747 0
    outer loop
      vertex 17.633 1.28931 6
      vertex 17.3653 1.57188 0
      vertex 17.3653 1.57188 6
    endloop
  endfacet
  facet normal 0.72595 0.687747 0
    outer loop
      vertex 17.3653 1.57188 0
      vertex 17.633 1.28931 6
      vertex 17.633 1.28931 0
    endloop
  endfacet
  facet normal 0.947638 0.319348 0
    outer loop
      vertex 17.9579 0.586945 6
      vertex 17.8336 0.955795 0
      vertex 17.8336 0.955795 6
    endloop
  endfacet
  facet normal 0.947638 0.319348 0
    outer loop
      vertex 17.8336 0.955795 0
      vertex 17.9579 0.586945 6
      vertex 17.9579 0.586945 0
    endloop
  endfacet
  facet normal -0.725986 -0.687709 0
    outer loop
      vertex -14.3653 -14.5719 0
      vertex -14.633 -14.2893 6
      vertex -14.633 -14.2893 0
    endloop
  endfacet
  facet normal -0.725986 -0.687709 0
    outer loop
      vertex -14.633 -14.2893 6
      vertex -14.3653 -14.5719 0
      vertex -14.3653 -14.5719 6
    endloop
  endfacet
  facet normal 0 0 -1
    outer loop
      vertex 13.3979 -0.394871 0
      vertex -13.3979 -0.394871 0
      vertex -13.35 0 0
    endloop
  endfacet
  facet normal 0 0 -1
    outer loop
      vertex 13.539 -0.766792 0
      vertex -13.539 -0.766792 0
      vertex -13.3979 -0.394871 0
    endloop
  endfacet
  facet normal 0 0 -1
    outer loop
      vertex -14.9579 -13.5869 0
      vertex -13.2 -15 0
      vertex -13.6815 -14.9344 0
    endloop
  endfacet
  facet normal 0 0 -1
    outer loop
      vertex -13.2 -15 0
      vertex -13.765 -1.09415 0
      vertex -13.539 -0.766792 0
    endloop
  endfacet
  facet normal 0 0 -1
    outer loop
      vertex -14.9579 -13.5869 0
      vertex -13.6815 -14.9344 0
      vertex -14.0431 -14.7903 0
    endloop
  endfacet
  facet normal 0 -0 -1
    outer loop
      vertex -14.0627 -1.35792 0
      vertex -13.2 -15 0
      vertex -14.9579 -13.5869 0
    endloop
  endfacet
  facet normal 0 0 -1
    outer loop
      vertex -14.9579 -13.5869 0
      vertex -14.0431 -14.7903 0
      vertex -14.3653 -14.5719 0
    endloop
  endfacet
  facet normal 0 0 -1
    outer loop
      vertex -13.2 -15 0
      vertex -14.0627 -1.35792 0
      vertex -13.765 -1.09415 0
    endloop
  endfacet
  facet normal 0 0 -1
    outer loop
      vertex -14.9579 -13.5869 0
      vertex -14.3653 -14.5719 0
      vertex -14.633 -14.2893 0
    endloop
  endfacet
  facet normal 0 0 -1
    outer loop
      vertex -14.0627 -1.35792 0
      vertex -14.9579 -13.5869 0
      vertex -14.4149 -1.54278 0
    endloop
  endfacet
  facet normal 0 0 -1
    outer loop
      vertex -14.9579 -13.5869 0
      vertex -14.633 -14.2893 0
      vertex -14.8336 -13.9558 0
    endloop
  endfacet
  facet normal 0 0 -1
    outer loop
      vertex -14.4149 -1.54278 0
      vertex -14.9579 -13.5869 0
      vertex -14.8011 -1.63797 0
    endloop
  endfacet
  facet normal 0 0 -1
    outer loop
      vertex -14.9579 -13.5869 0
      vertex -15.1989 -1.63797 0
      vertex -14.8011 -1.63797 0
    endloop
  endfacet
  facet normal 0 0 -1
    outer loop
      vertex -14.9579 -13.5869 0
      vertex -15.5851 -1.54278 0
      vertex -15.1989 -1.63797 0
    endloop
  endfacet
  facet normal 0 0 -1
    outer loop
      vertex -14.9579 -13.5869 0
      vertex -15.9373 -1.35792 0
      vertex -15.5851 -1.54278 0
    endloop
  endfacet
  facet normal 0 0 -1
    outer loop
      vertex -17.9579 -0.586945 0
      vertex -15.9373 -1.35792 0
      vertex -14.9579 -13.5869 0
    endloop
  endfacet
  facet normal 0 0 -1
    outer loop
      vertex -15.9373 -1.35792 0
      vertex -17.9579 -0.586945 0
      vertex -16.235 -1.09415 0
    endloop
  endfacet
  facet normal 0 0 -1
    outer loop
      vertex -16.235 -1.09415 0
      vertex -17.9579 -0.586945 0
      vertex -16.461 -0.766792 0
    endloop
  endfacet
  facet normal 0 0 -1
    outer loop
      vertex -18 -0.199997 0
      vertex -16.65 0 0
      vertex -16.6021 -0.394871 0
    endloop
  endfacet
  facet normal 0 0 -1
    outer loop
      vertex -16.461 -0.766792 0
      vertex -17.9579 -0.586945 0
      vertex -16.6021 -0.394871 0
    endloop
  endfacet
  facet normal 0 0 -1
    outer loop
      vertex -18 -0.199997 0
      vertex -16.6021 -0.394871 0
      vertex -17.9579 -0.586945 0
    endloop
  endfacet
  facet normal -0 0 -1
    outer loop
      vertex -16.65 0 0
      vertex -18 -0.199997 0
      vertex -18 0.199997 0
    endloop
  endfacet
  facet normal 0 0 -1
    outer loop
      vertex -16.65 0 0
      vertex -18 0.199997 0
      vertex -17.9344 0.681549 0
    endloop
  endfacet
  facet normal 0 0 -1
    outer loop
      vertex -16.65 0 0
      vertex -17.2893 1.63297 0
      vertex -16.9558 1.83363 0
    endloop
  endfacet
  facet normal 0 0 -1
    outer loop
      vertex -16.65 0 0
      vertex -17.5719 1.3653 0
      vertex -17.2893 1.63297 0
    endloop
  endfacet
  facet normal 0 0 -1
    outer loop
      vertex -16.65 0 0
      vertex -17.7903 1.04314 0
      vertex -17.5719 1.3653 0
    endloop
  endfacet
  facet normal 0 0 -1
    outer loop
      vertex -16.65 0 0
      vertex -17.9344 0.681549 0
      vertex -17.7903 1.04314 0
    endloop
  endfacet
  facet normal 0 0 -1
    outer loop
      vertex 16.65 0 0
      vertex 18 0.199997 0
      vertex 18 -0.199997 0
    endloop
  endfacet
  facet normal 0 0 -1
    outer loop
      vertex 16.6021 -0.394871 0
      vertex 18 -0.199997 0
      vertex 17.9344 -0.681549 0
    endloop
  endfacet
  facet normal 0 0 -1
    outer loop
      vertex 16.6021 0.394871 0
      vertex 18 0.199997 0
      vertex 16.65 0 0
    endloop
  endfacet
  facet normal 0 0 -1
    outer loop
      vertex 18 0.199997 0
      vertex 16.6021 0.394871 0
      vertex 17.9579 0.586945 0
    endloop
  endfacet
  facet normal -0 0 -1
    outer loop
      vertex 17.9579 0.586945 0
      vertex 16.6021 0.394871 0
      vertex 17.8336 0.955795 0
    endloop
  endfacet
  facet normal 0 0 -1
    outer loop
      vertex 16.461 0.766792 0
      vertex 17.633 1.28931 0
      vertex 16.6021 0.394871 0
    endloop
  endfacet
  facet normal -0 0 -1
    outer loop
      vertex 17.633 1.28931 0
      vertex 16.461 0.766792 0
      vertex 17.3653 1.57188 0
    endloop
  endfacet
  facet normal -0 0 -1
    outer loop
      vertex 17.8336 0.955795 0
      vertex 16.6021 0.394871 0
      vertex 17.633 1.28931 0
    endloop
  endfacet
  facet normal -0 0 -1
    outer loop
      vertex 18 -0.199997 0
      vertex 16.6021 -0.394871 0
      vertex 16.65 0 0
    endloop
  endfacet
  facet normal -0 0 -1
    outer loop
      vertex 17.9344 -0.681549 0
      vertex 16.461 -0.766792 0
      vertex 16.6021 -0.394871 0
    endloop
  endfacet
  facet normal 0 0 -1
    outer loop
      vertex 17.9344 -0.681549 0
      vertex 16.235 -1.09415 0
      vertex 16.461 -0.766792 0
    endloop
  endfacet
  facet normal 0 0 -1
    outer loop
      vertex 17.9344 -0.681549 0
      vertex 15.9373 -1.35792 0
      vertex 16.235 -1.09415 0
    endloop
  endfacet
  facet normal 0 0 -1
    outer loop
      vertex 14.9344 -13.6815 0
      vertex 15.9373 -1.35792 0
      vertex 17.9344 -0.681549 0
    endloop
  endfacet
  facet normal 0 0 -1
    outer loop
      vertex 15.9373 -1.35792 0
      vertex 14.9344 -13.6815 0
      vertex 15.5851 -1.54278 0
    endloop
  endfacet
  facet normal 0 0 -1
    outer loop
      vertex 14.9344 -13.6815 0
      vertex 15.1989 -1.63797 0
      vertex 15.5851 -1.54278 0
    endloop
  endfacet
  facet normal 0 0 -1
    outer loop
      vertex 14.9344 -13.6815 0
      vertex 14.8011 -1.63797 0
      vertex 15.1989 -1.63797 0
    endloop
  endfacet
  facet normal 0 0 -1
    outer loop
      vertex 13.2 -15 0
      vertex 14.9344 -13.6815 0
      vertex 14.7903 -14.0431 0
    endloop
  endfacet
  facet normal 0 0 -1
    outer loop
      vertex 13.2 -15 0
      vertex 14.7903 -14.0431 0
      vertex 14.5719 -14.3653 0
    endloop
  endfacet
  facet normal 0 0 -1
    outer loop
      vertex 14.9344 -13.6815 0
      vertex 14.4149 -1.54278 0
      vertex 14.8011 -1.63797 0
    endloop
  endfacet
  facet normal 0 0 -1
    outer loop
      vertex 13.2 -15 0
      vertex 14.5719 -14.3653 0
      vertex 14.2893 -14.633 0
    endloop
  endfacet
  facet normal -0 0 -1
    outer loop
      vertex 14.9344 -13.6815 0
      vertex 13.2 -15 0
      vertex 14.0627 -1.35792 0
    endloop
  endfacet
  facet normal 0 0 -1
    outer loop
      vertex 13.2 -15 0
      vertex 14.2893 -14.633 0
      vertex 13.9558 -14.8336 0
    endloop
  endfacet
  facet normal 0 0 -1
    outer loop
      vertex 14.9344 -13.6815 0
      vertex 14.0627 -1.35792 0
      vertex 14.4149 -1.54278 0
    endloop
  endfacet
  facet normal 0 0 -1
    outer loop
      vertex 13.2 -15 0
      vertex 13.9558 -14.8336 0
      vertex 13.5869 -14.9579 0
    endloop
  endfacet
  facet normal -0 0 -1
    outer loop
      vertex 14.0627 -1.35792 0
      vertex 13.2 -15 0
      vertex 13.765 -1.09415 0
    endloop
  endfacet
  facet normal -0 0 -1
    outer loop
      vertex 13.765 -1.09415 0
      vertex 13.2 -15 0
      vertex 13.539 -0.766792 0
    endloop
  endfacet
  facet normal 0 0 -1
    outer loop
      vertex -13.2 -15 0
      vertex 13.539 -0.766792 0
      vertex 13.2 -15 0
    endloop
  endfacet
  facet normal 0 0 -1
    outer loop
      vertex -13.539 -0.766792 0
      vertex 13.539 -0.766792 0
      vertex -13.2 -15 0
    endloop
  endfacet
  facet normal -0 0 -1
    outer loop
      vertex 17.3653 1.57188 0
      vertex 16.461 0.766792 0
      vertex 17.0431 1.79031 0
    endloop
  endfacet
  facet normal 0 0 -1
    outer loop
      vertex 16.235 1.09415 0
      vertex 17.0431 1.79031 0
      vertex 16.461 0.766792 0
    endloop
  endfacet
  facet normal -0 0 -1
    outer loop
      vertex 17.0431 1.79031 0
      vertex 16.235 1.09415 0
      vertex 16.6815 1.93439 0
    endloop
  endfacet
  facet normal 0 0 -1
    outer loop
      vertex 16.235 1.09415 0
      vertex 16.2 2 0
      vertex 16.6815 1.93439 0
    endloop
  endfacet
  facet normal 0 0 -1
    outer loop
      vertex 15.9373 1.35792 0
      vertex 16.2 2 0
      vertex 16.235 1.09415 0
    endloop
  endfacet
  facet normal 0 0 -1
    outer loop
      vertex 15.5851 1.54278 0
      vertex 16.2 2 0
      vertex 15.9373 1.35792 0
    endloop
  endfacet
  facet normal 0 0 -1
    outer loop
      vertex 15.1989 1.63797 0
      vertex 16.2 2 0
      vertex 15.5851 1.54278 0
    endloop
  endfacet
  facet normal 0 0 -1
    outer loop
      vertex 14.8011 1.63797 0
      vertex 16.2 2 0
      vertex 15.1989 1.63797 0
    endloop
  endfacet
  facet normal 0 0 -1
    outer loop
      vertex 14.4149 1.54278 0
      vertex 16.2 2 0
      vertex 14.8011 1.63797 0
    endloop
  endfacet
  facet normal 0 0 -1
    outer loop
      vertex -13.3979 -0.394871 0
      vertex 13.3979 -0.394871 0
      vertex 13.539 -0.766792 0
    endloop
  endfacet
  facet normal 0 0 -1
    outer loop
      vertex 13.3979 -0.394871 0
      vertex -13.35 0 0
      vertex 13.35 0 0
    endloop
  endfacet
  facet normal 0 0 -1
    outer loop
      vertex 13.35 0 0
      vertex -13.35 0 0
      vertex 13.3979 0.394871 0
    endloop
  endfacet
  facet normal 0 0 -1
    outer loop
      vertex -13.3979 0.394871 0
      vertex 13.3979 0.394871 0
      vertex -13.35 0 0
    endloop
  endfacet
  facet normal 0 0 -1
    outer loop
      vertex 13.3979 0.394871 0
      vertex -13.3979 0.394871 0
      vertex 13.539 0.766792 0
    endloop
  endfacet
  facet normal 0 0 -1
    outer loop
      vertex -13.539 0.766792 0
      vertex 13.539 0.766792 0
      vertex -13.3979 0.394871 0
    endloop
  endfacet
  facet normal 0 0 -1
    outer loop
      vertex 13.539 0.766792 0
      vertex -13.539 0.766792 0
      vertex 13.765 1.09415 0
    endloop
  endfacet
  facet normal 0 0 -1
    outer loop
      vertex -13.765 1.09415 0
      vertex 13.765 1.09415 0
      vertex -13.539 0.766792 0
    endloop
  endfacet
  facet normal 0 0 -1
    outer loop
      vertex 13.765 1.09415 0
      vertex -13.765 1.09415 0
      vertex 14.0627 1.35792 0
    endloop
  endfacet
  facet normal 0 0 -1
    outer loop
      vertex -14.0627 1.35792 0
      vertex 14.0627 1.35792 0
      vertex -13.765 1.09415 0
    endloop
  endfacet
  facet normal 0 0 -1
    outer loop
      vertex 14.0627 1.35792 0
      vertex -14.0627 1.35792 0
      vertex 14.4149 1.54278 0
    endloop
  endfacet
  facet normal 0 0 -1
    outer loop
      vertex -14.4149 1.54278 0
      vertex 14.4149 1.54278 0
      vertex -14.0627 1.35792 0
    endloop
  endfacet
  facet normal 0 0 -1
    outer loop
      vertex 14.4149 1.54278 0
      vertex -14.4149 1.54278 0
      vertex 16.2 2 0
    endloop
  endfacet
  facet normal 0 0 -1
    outer loop
      vertex -14.8011 1.63797 0
      vertex 16.2 2 0
      vertex -14.4149 1.54278 0
    endloop
  endfacet
  facet normal 0 0 -1
    outer loop
      vertex -16.2 2 0
      vertex -14.8011 1.63797 0
      vertex -15.1989 1.63797 0
    endloop
  endfacet
  facet normal 0 0 -1
    outer loop
      vertex -14.8011 1.63797 0
      vertex -16.2 2 0
      vertex 16.2 2 0
    endloop
  endfacet
  facet normal 0 0 -1
    outer loop
      vertex -15.5851 1.54278 0
      vertex -16.2 2 0
      vertex -15.1989 1.63797 0
    endloop
  endfacet
  facet normal 0 0 -1
    outer loop
      vertex -15.9373 1.35792 0
      vertex -16.2 2 0
      vertex -15.5851 1.54278 0
    endloop
  endfacet
  facet normal 0 0 -1
    outer loop
      vertex -16.5869 1.95792 0
      vertex -15.9373 1.35792 0
      vertex -16.235 1.09415 0
    endloop
  endfacet
  facet normal 0 0 -1
    outer loop
      vertex -16.9558 1.83363 0
      vertex -16.235 1.09415 0
      vertex -16.461 0.766792 0
    endloop
  endfacet
  facet normal 0 0 -1
    outer loop
      vertex -15.9373 1.35792 0
      vertex -16.5869 1.95792 0
      vertex -16.2 2 0
    endloop
  endfacet
  facet normal 0 0 -1
    outer loop
      vertex -16.9558 1.83363 0
      vertex -16.461 0.766792 0
      vertex -16.6021 0.394871 0
    endloop
  endfacet
  facet normal 0 0 -1
    outer loop
      vertex -16.9558 1.83363 0
      vertex -16.6021 0.394871 0
      vertex -16.65 0 0
    endloop
  endfacet
  facet normal 0 0 -1
    outer loop
      vertex -16.235 1.09415 0
      vertex -16.9558 1.83363 0
      vertex -16.5869 1.95792 0
    endloop
  endfacet
  facet normal -1 0 0
    outer loop
      vertex -18 -0.199997 0
      vertex -18 0.199997 6
      vertex -18 0.199997 0
    endloop
  endfacet
  facet normal -1 -0 0
    outer loop
      vertex -18 0.199997 6
      vertex -18 -0.199997 0
      vertex -18 -0.199997 6
    endloop
  endfacet
  facet normal 0 0 1
    outer loop
      vertex 15.1989 -1.63797 6
      vertex 13.4492 -3.06205 6
      vertex 13.482 -4 6
    endloop
  endfacet
  facet normal 0 0 1
    outer loop
      vertex 13.765 -1.09415 6
      vertex 13.4492 -3.05954 6
      vertex 13.4492 -3.06205 6
    endloop
  endfacet
  facet normal 0 0 1
    outer loop
      vertex 13.765 -1.09415 6
      vertex 13.4489 -3.05704 6
      vertex 13.4492 -3.05954 6
    endloop
  endfacet
  facet normal 0 0 1
    outer loop
      vertex 12.9597 -0.283858 6
      vertex 13.539 -0.766792 6
      vertex 13.3979 -0.394871 6
    endloop
  endfacet
  facet normal 0 0 1
    outer loop
      vertex 13.765 -1.09415 6
      vertex 13.3508 -2.12367 6
      vertex 13.4489 -3.05704 6
    endloop
  endfacet
  facet normal -0 0 1
    outer loop
      vertex 12.9597 -0.283858 6
      vertex 13.3979 -0.394871 6
      vertex 13.35 0 6
    endloop
  endfacet
  facet normal 0 0 1
    outer loop
      vertex 13.765 -1.09415 6
      vertex 13.1878 -1.19941 6
      vertex 13.3508 -2.12367 6
    endloop
  endfacet
  facet normal 0 0 1
    outer loop
      vertex 18 0.199997 6
      vertex 16.6021 0.394871 6
      vertex 16.65 0 6
    endloop
  endfacet
  facet normal 0 0 1
    outer loop
      vertex 17.0431 1.79031 6
      vertex 16.461 0.766792 6
      vertex 16.6021 0.394871 6
    endloop
  endfacet
  facet normal 0 0 1
    outer loop
      vertex 17.0431 1.79031 6
      vertex 16.235 1.09415 6
      vertex 16.461 0.766792 6
    endloop
  endfacet
  facet normal 0 0 1
    outer loop
      vertex 16.2 2 6
      vertex 16.235 1.09415 6
      vertex 16.6815 1.93439 6
    endloop
  endfacet
  facet normal 0 0 1
    outer loop
      vertex 16.2 2 6
      vertex 15.9373 1.35792 6
      vertex 16.235 1.09415 6
    endloop
  endfacet
  facet normal 0 0 1
    outer loop
      vertex 16.2 2 6
      vertex 15.5851 1.54278 6
      vertex 15.9373 1.35792 6
    endloop
  endfacet
  facet normal 0 0 1
    outer loop
      vertex 16.2 2 6
      vertex 15.1989 1.63797 6
      vertex 15.5851 1.54278 6
    endloop
  endfacet
  facet normal 0 0 1
    outer loop
      vertex 16.2 2 6
      vertex 14.8011 1.63797 6
      vertex 15.1989 1.63797 6
    endloop
  endfacet
  facet normal -0 0 1
    outer loop
      vertex 12.0646 2 6
      vertex 14.8011 1.63797 6
      vertex 16.2 2 6
    endloop
  endfacet
  facet normal 0 0 1
    outer loop
      vertex 12.6689 0.611115 6
      vertex 13.35 0 6
      vertex 13.3979 0.394871 6
    endloop
  endfacet
  facet normal 0 0 1
    outer loop
      vertex 13.765 -1.09415 6
      vertex 13.1874 -1.19693 6
      vertex 13.1878 -1.19941 6
    endloop
  endfacet
  facet normal 0 0 1
    outer loop
      vertex 13.765 -1.09415 6
      vertex 13.1868 -1.1945 6
      vertex 13.1874 -1.19693 6
    endloop
  endfacet
  facet normal 0 0 1
    outer loop
      vertex 13.539 -0.766792 6
      vertex 12.9597 -0.283858 6
      vertex 13.1868 -1.1945 6
    endloop
  endfacet
  facet normal -0 0 1
    outer loop
      vertex 12.6689 0.611115 6
      vertex 13.3979 0.394871 6
      vertex 13.539 0.766792 6
    endloop
  endfacet
  facet normal 0 0 1
    outer loop
      vertex 13.35 0 6
      vertex 12.959 -0.281468 6
      vertex 12.9597 -0.283858 6
    endloop
  endfacet
  facet normal 0 0 1
    outer loop
      vertex 13.35 0 6
      vertex 12.6689 0.611115 6
      vertex 12.959 -0.281468 6
    endloop
  endfacet
  facet normal 0 0 1
    outer loop
      vertex 12.3174 1.48129 6
      vertex 13.539 0.766792 6
      vertex 13.765 1.09415 6
    endloop
  endfacet
  facet normal 0 0 1
    outer loop
      vertex 12.3164 1.48362 6
      vertex 13.765 1.09415 6
      vertex 14.0627 1.35792 6
    endloop
  endfacet
  facet normal 0 0 1
    outer loop
      vertex 13.539 0.766792 6
      vertex 12.3174 1.48129 6
      vertex 12.6689 0.611115 6
    endloop
  endfacet
  facet normal 0 0 1
    outer loop
      vertex 12.0646 2 6
      vertex 14.0627 1.35792 6
      vertex 14.4149 1.54278 6
    endloop
  endfacet
  facet normal 0 0 1
    outer loop
      vertex 14.8011 1.63797 6
      vertex 12.0646 2 6
      vertex 14.4149 1.54278 6
    endloop
  endfacet
  facet normal 0 0 1
    outer loop
      vertex 13.765 1.09415 6
      vertex 12.3164 1.48362 6
      vertex 12.3174 1.48129 6
    endloop
  endfacet
  facet normal 0 0 1
    outer loop
      vertex 14.0627 1.35792 6
      vertex 12.0646 2 6
      vertex 12.3164 1.48362 6
    endloop
  endfacet
  facet normal -0 0 1
    outer loop
      vertex 16.6021 0.394871 6
      vertex 18 0.199997 6
      vertex 17.9579 0.586945 6
    endloop
  endfacet
  facet normal 0 0 1
    outer loop
      vertex 18 0.199997 6
      vertex 16.65 0 6
      vertex 18 -0.199997 6
    endloop
  endfacet
  facet normal 0 0 1
    outer loop
      vertex 16.6021 0.394871 6
      vertex 17.9579 0.586945 6
      vertex 17.8336 0.955795 6
    endloop
  endfacet
  facet normal 0 0 1
    outer loop
      vertex 16.6021 0.394871 6
      vertex 17.8336 0.955795 6
      vertex 17.633 1.28931 6
    endloop
  endfacet
  facet normal 0 0 1
    outer loop
      vertex 16.6021 0.394871 6
      vertex 17.633 1.28931 6
      vertex 17.3653 1.57188 6
    endloop
  endfacet
  facet normal 0 0 1
    outer loop
      vertex 16.6021 0.394871 6
      vertex 17.3653 1.57188 6
      vertex 17.0431 1.79031 6
    endloop
  endfacet
  facet normal 0 0 1
    outer loop
      vertex 16.235 1.09415 6
      vertex 17.0431 1.79031 6
      vertex 16.6815 1.93439 6
    endloop
  endfacet
  facet normal 0 0 1
    outer loop
      vertex 16.6021 -0.394871 6
      vertex 18 -0.199997 6
      vertex 16.65 0 6
    endloop
  endfacet
  facet normal 0 0 1
    outer loop
      vertex 18 -0.199997 6
      vertex 16.6021 -0.394871 6
      vertex 17.9344 -0.681549 6
    endloop
  endfacet
  facet normal 0 0 1
    outer loop
      vertex 16.461 -0.766792 6
      vertex 17.9344 -0.681549 6
      vertex 16.6021 -0.394871 6
    endloop
  endfacet
  facet normal 0 0 1
    outer loop
      vertex 16.235 -1.09415 6
      vertex 17.9344 -0.681549 6
      vertex 16.461 -0.766792 6
    endloop
  endfacet
  facet normal 0 0 1
    outer loop
      vertex 15.9373 -1.35792 6
      vertex 17.9344 -0.681549 6
      vertex 16.235 -1.09415 6
    endloop
  endfacet
  facet normal 0 0 1
    outer loop
      vertex 13.4492 -4.94046 6
      vertex 15.9373 -1.35792 6
      vertex 15.5851 -1.54278 6
    endloop
  endfacet
  facet normal -0 0 1
    outer loop
      vertex 15.9373 -1.35792 6
      vertex 13.4489 -4.94296 6
      vertex 17.9344 -0.681549 6
    endloop
  endfacet
  facet normal 0 0 1
    outer loop
      vertex 13.482 -4 6
      vertex 15.5851 -1.54278 6
      vertex 15.1989 -1.63797 6
    endloop
  endfacet
  facet normal 0 0 1
    outer loop
      vertex 13.4492 -3.06205 6
      vertex 15.1989 -1.63797 6
      vertex 14.8011 -1.63797 6
    endloop
  endfacet
  facet normal 0 0 1
    outer loop
      vertex 13.1878 -6.80059 6
      vertex 17.9344 -0.681549 6
      vertex 13.3508 -5.87633 6
    endloop
  endfacet
  facet normal 0 0 1
    outer loop
      vertex 17.9344 -0.681549 6
      vertex 13.1878 -6.80059 6
      vertex 14.9344 -13.6815 6
    endloop
  endfacet
  facet normal 0 0 1
    outer loop
      vertex 13.4492 -3.06205 6
      vertex 14.8011 -1.63797 6
      vertex 14.4149 -1.54278 6
    endloop
  endfacet
  facet normal -0 0 1
    outer loop
      vertex 13.1874 -6.80307 6
      vertex 14.9344 -13.6815 6
      vertex 13.1878 -6.80059 6
    endloop
  endfacet
  facet normal 0 0 1
    outer loop
      vertex 13.4492 -3.06205 6
      vertex 14.4149 -1.54278 6
      vertex 14.0627 -1.35792 6
    endloop
  endfacet
  facet normal 0 0 1
    outer loop
      vertex 15.9373 -1.35792 6
      vertex 13.4492 -4.94046 6
      vertex 13.4489 -4.94296 6
    endloop
  endfacet
  facet normal 0 0 1
    outer loop
      vertex 13.4492 -3.06205 6
      vertex 14.0627 -1.35792 6
      vertex 13.765 -1.09415 6
    endloop
  endfacet
  facet normal 0 0 1
    outer loop
      vertex 17.9344 -0.681549 6
      vertex 13.4489 -4.94296 6
      vertex 13.3508 -5.87633 6
    endloop
  endfacet
  facet normal 0 0 1
    outer loop
      vertex 13.1868 -1.1945 6
      vertex 13.765 -1.09415 6
      vertex 13.539 -0.766792 6
    endloop
  endfacet
  facet normal 0 0 1
    outer loop
      vertex 15.5851 -1.54278 6
      vertex 13.482 -4 6
      vertex 13.4492 -4.93795 6
    endloop
  endfacet
  facet normal 0 0 1
    outer loop
      vertex 15.5851 -1.54278 6
      vertex 13.4492 -4.93795 6
      vertex 13.4492 -4.94046 6
    endloop
  endfacet
  facet normal -0 0 1
    outer loop
      vertex 13.1868 -6.8055 6
      vertex 14.9344 -13.6815 6
      vertex 13.1874 -6.80307 6
    endloop
  endfacet
  facet normal -0 0 1
    outer loop
      vertex 12.9597 -7.71614 6
      vertex 14.9344 -13.6815 6
      vertex 13.1868 -6.8055 6
    endloop
  endfacet
  facet normal -0 0 1
    outer loop
      vertex 12.959 -7.71853 6
      vertex 14.9344 -13.6815 6
      vertex 12.9597 -7.71614 6
    endloop
  endfacet
  facet normal -0 0 1
    outer loop
      vertex 12.6689 -8.61112 6
      vertex 14.9344 -13.6815 6
      vertex 12.959 -7.71853 6
    endloop
  endfacet
  facet normal -0 0 1
    outer loop
      vertex 12.3174 -9.48129 6
      vertex 14.9344 -13.6815 6
      vertex 12.6689 -8.61112 6
    endloop
  endfacet
  facet normal -0 0 1
    outer loop
      vertex 12.3164 -9.48362 6
      vertex 14.9344 -13.6815 6
      vertex 12.3174 -9.48129 6
    endloop
  endfacet
  facet normal -0 0 1
    outer loop
      vertex 11.905 -10.3272 6
      vertex 14.9344 -13.6815 6
      vertex 12.3164 -9.48362 6
    endloop
  endfacet
  facet normal -0 0 1
    outer loop
      vertex 11.9039 -10.3294 6
      vertex 14.9344 -13.6815 6
      vertex 11.905 -10.3272 6
    endloop
  endfacet
  facet normal -0 0 1
    outer loop
      vertex 11.9026 -10.3316 6
      vertex 14.9344 -13.6815 6
      vertex 11.9039 -10.3294 6
    endloop
  endfacet
  facet normal -0 0 1
    outer loop
      vertex 11.4334 -11.1444 6
      vertex 14.9344 -13.6815 6
      vertex 11.9026 -10.3316 6
    endloop
  endfacet
  facet normal -0 0 1
    outer loop
      vertex 11.432 -11.1465 6
      vertex 14.9344 -13.6815 6
      vertex 11.4334 -11.1444 6
    endloop
  endfacet
  facet normal -0 0 1
    outer loop
      vertex 10.9072 -11.9245 6
      vertex 14.9344 -13.6815 6
      vertex 11.432 -11.1465 6
    endloop
  endfacet
  facet normal 0 -0 1
    outer loop
      vertex 13.2 -15 6
      vertex 14.9344 -13.6815 6
      vertex 10.9072 -11.9245 6
    endloop
  endfacet
  facet normal 0 0 1
    outer loop
      vertex 14.7903 -14.0431 6
      vertex 13.2 -15 6
      vertex 14.5719 -14.3653 6
    endloop
  endfacet
  facet normal 0 0 1
    outer loop
      vertex 14.5719 -14.3653 6
      vertex 13.2 -15 6
      vertex 14.2893 -14.633 6
    endloop
  endfacet
  facet normal 0 0 1
    outer loop
      vertex 14.2893 -14.633 6
      vertex 13.2 -15 6
      vertex 13.9558 -14.8336 6
    endloop
  endfacet
  facet normal 0 0 1
    outer loop
      vertex 13.9558 -14.8336 6
      vertex 13.2 -15 6
      vertex 13.5869 -14.9579 6
    endloop
  endfacet
  facet normal 0 0 1
    outer loop
      vertex 14.9344 -13.6815 6
      vertex 13.2 -15 6
      vertex 14.7903 -14.0431 6
    endloop
  endfacet
  facet normal -0 0 1
    outer loop
      vertex 10.3294 -12.6641 6
      vertex 13.2 -15 6
      vertex 10.9072 -11.9245 6
    endloop
  endfacet
  facet normal -0 0 1
    outer loop
      vertex 10.3278 -12.6661 6
      vertex 13.2 -15 6
      vertex 10.3294 -12.6641 6
    endloop
  endfacet
  facet normal -0 0 1
    outer loop
      vertex 9.69814 -13.3654 6
      vertex 13.2 -15 6
      vertex 10.3278 -12.6661 6
    endloop
  endfacet
  facet normal -0 0 1
    outer loop
      vertex 9.69633 -13.3671 6
      vertex 13.2 -15 6
      vertex 9.69814 -13.3654 6
    endloop
  endfacet
  facet normal -0 0 1
    outer loop
      vertex 9.02122 -14.0191 6
      vertex 13.2 -15 6
      vertex 9.69633 -13.3671 6
    endloop
  endfacet
  facet normal -0 0 1
    outer loop
      vertex 8.30035 -14.624 6
      vertex 13.2 -15 6
      vertex 9.02122 -14.0191 6
    endloop
  endfacet
  facet normal 0 0 1
    outer loop
      vertex 13.2 -15 6
      vertex 8.30035 -14.624 6
      vertex 7.78277 -15 6
    endloop
  endfacet
  facet normal 0 0 1
    outer loop
      vertex -13.765 1.09415 6
      vertex -12.3174 1.48129 6
      vertex -12.3164 1.48362 6
    endloop
  endfacet
  facet normal 0 0 1
    outer loop
      vertex -12.9597 -0.283858 6
      vertex -13.539 -0.766792 6
      vertex -13.1868 -1.1945 6
    endloop
  endfacet
  facet normal 0 0 1
    outer loop
      vertex -13.539 -0.766792 6
      vertex -12.9597 -0.283858 6
      vertex -13.3979 -0.394871 6
    endloop
  endfacet
  facet normal 0 0 1
    outer loop
      vertex -13.3979 -0.394871 6
      vertex -12.9597 -0.283858 6
      vertex -13.35 0 6
    endloop
  endfacet
  facet normal 0 0 1
    outer loop
      vertex -12.959 -0.281468 6
      vertex -13.35 0 6
      vertex -12.9597 -0.283858 6
    endloop
  endfacet
  facet normal 0 0 1
    outer loop
      vertex -12.6689 0.611115 6
      vertex -13.35 0 6
      vertex -12.959 -0.281468 6
    endloop
  endfacet
  facet normal 0 0 1
    outer loop
      vertex -12.3174 1.48129 6
      vertex -13.539 0.766792 6
      vertex -12.6689 0.611115 6
    endloop
  endfacet
  facet normal 0 0 1
    outer loop
      vertex -14.0627 1.35792 6
      vertex -12.3164 1.48362 6
      vertex -12.0646 2 6
    endloop
  endfacet
  facet normal 0 0 1
    outer loop
      vertex -12.6689 0.611115 6
      vertex -13.3979 0.394871 6
      vertex -13.35 0 6
    endloop
  endfacet
  facet normal 0 0 1
    outer loop
      vertex -12.6689 0.611115 6
      vertex -13.539 0.766792 6
      vertex -13.3979 0.394871 6
    endloop
  endfacet
  facet normal 0 0 1
    outer loop
      vertex -12.3174 1.48129 6
      vertex -13.765 1.09415 6
      vertex -13.539 0.766792 6
    endloop
  endfacet
  facet normal 0 0 1
    outer loop
      vertex -12.3164 1.48362 6
      vertex -14.0627 1.35792 6
      vertex -13.765 1.09415 6
    endloop
  endfacet
  facet normal 0 0 1
    outer loop
      vertex -12.0646 2 6
      vertex -14.4149 1.54278 6
      vertex -14.0627 1.35792 6
    endloop
  endfacet
  facet normal 0 0 1
    outer loop
      vertex -12.0646 2 6
      vertex -14.8011 1.63797 6
      vertex -14.4149 1.54278 6
    endloop
  endfacet
  facet normal -0 0 1
    outer loop
      vertex -16.2 2 6
      vertex -14.8011 1.63797 6
      vertex -12.0646 2 6
    endloop
  endfacet
  facet normal 0 0 1
    outer loop
      vertex -14.8011 1.63797 6
      vertex -16.2 2 6
      vertex -15.1989 1.63797 6
    endloop
  endfacet
  facet normal 0 0 1
    outer loop
      vertex -16.2 2 6
      vertex -15.5851 1.54278 6
      vertex -15.1989 1.63797 6
    endloop
  endfacet
  facet normal 0 0 1
    outer loop
      vertex -16.2 2 6
      vertex -15.9373 1.35792 6
      vertex -15.5851 1.54278 6
    endloop
  endfacet
  facet normal -0 0 1
    outer loop
      vertex -16.5869 1.95792 6
      vertex -15.9373 1.35792 6
      vertex -16.2 2 6
    endloop
  endfacet
  facet normal 0 0 1
    outer loop
      vertex -15.9373 1.35792 6
      vertex -16.5869 1.95792 6
      vertex -16.235 1.09415 6
    endloop
  endfacet
  facet normal -0 0 1
    outer loop
      vertex -16.9558 1.83363 6
      vertex -16.235 1.09415 6
      vertex -16.5869 1.95792 6
    endloop
  endfacet
  facet normal 0 0 1
    outer loop
      vertex -16.235 1.09415 6
      vertex -16.9558 1.83363 6
      vertex -16.461 0.766792 6
    endloop
  endfacet
  facet normal -0 0 1
    outer loop
      vertex -17.2893 1.63297 6
      vertex -16.461 0.766792 6
      vertex -16.9558 1.83363 6
    endloop
  endfacet
  facet normal -0 0 1
    outer loop
      vertex -17.5719 1.3653 6
      vertex -16.461 0.766792 6
      vertex -17.2893 1.63297 6
    endloop
  endfacet
  facet normal -0 0 1
    outer loop
      vertex -13.765 -1.09415 6
      vertex -13.1868 -1.1945 6
      vertex -13.539 -0.766792 6
    endloop
  endfacet
  facet normal 0 0 1
    outer loop
      vertex -13.1868 -1.1945 6
      vertex -13.765 -1.09415 6
      vertex -13.1874 -1.19693 6
    endloop
  endfacet
  facet normal 0 0 1
    outer loop
      vertex -13.1874 -1.19693 6
      vertex -13.765 -1.09415 6
      vertex -13.1878 -1.19941 6
    endloop
  endfacet
  facet normal 0 0 1
    outer loop
      vertex -13.1878 -1.19941 6
      vertex -13.765 -1.09415 6
      vertex -13.3508 -2.12367 6
    endloop
  endfacet
  facet normal -0 0 1
    outer loop
      vertex -14.0627 -1.35792 6
      vertex -13.3508 -2.12367 6
      vertex -13.765 -1.09415 6
    endloop
  endfacet
  facet normal -0 0 1
    outer loop
      vertex -14.4149 -1.54278 6
      vertex -13.3508 -2.12367 6
      vertex -14.0627 -1.35792 6
    endloop
  endfacet
  facet normal 0 0 1
    outer loop
      vertex -13.3508 -2.12367 6
      vertex -14.4149 -1.54278 6
      vertex -13.4489 -3.05704 6
    endloop
  endfacet
  facet normal 0 0 1
    outer loop
      vertex -14.9579 -13.5869 6
      vertex -11.432 -11.1465 6
      vertex -11.4334 -11.1444 6
    endloop
  endfacet
  facet normal 0 0 1
    outer loop
      vertex -14.9579 -13.5869 6
      vertex -12.3174 -9.48129 6
      vertex -12.6689 -8.61112 6
    endloop
  endfacet
  facet normal 0 0 1
    outer loop
      vertex -8.30035 -14.624 6
      vertex -13.2 -15 6
      vertex -7.78277 -15 6
    endloop
  endfacet
  facet normal 0 0 1
    outer loop
      vertex -9.02122 -14.0191 6
      vertex -13.2 -15 6
      vertex -8.30035 -14.624 6
    endloop
  endfacet
  facet normal 0 0 1
    outer loop
      vertex -9.69633 -13.3671 6
      vertex -13.2 -15 6
      vertex -9.02122 -14.0191 6
    endloop
  endfacet
  facet normal 0 0 1
    outer loop
      vertex -9.69814 -13.3654 6
      vertex -13.2 -15 6
      vertex -9.69633 -13.3671 6
    endloop
  endfacet
  facet normal 0 0 1
    outer loop
      vertex -10.3278 -12.6661 6
      vertex -13.2 -15 6
      vertex -9.69814 -13.3654 6
    endloop
  endfacet
  facet normal 0 0 1
    outer loop
      vertex -10.3294 -12.6641 6
      vertex -13.2 -15 6
      vertex -10.3278 -12.6661 6
    endloop
  endfacet
  facet normal 0 0 1
    outer loop
      vertex -10.9072 -11.9245 6
      vertex -13.2 -15 6
      vertex -10.3294 -12.6641 6
    endloop
  endfacet
  facet normal 0 0 1
    outer loop
      vertex -11.432 -11.1465 6
      vertex -14.9579 -13.5869 6
      vertex -10.9072 -11.9245 6
    endloop
  endfacet
  facet normal 0 0 1
    outer loop
      vertex -14.9579 -13.5869 6
      vertex -11.4334 -11.1444 6
      vertex -11.9026 -10.3316 6
    endloop
  endfacet
  facet normal 0 0 1
    outer loop
      vertex -14.9579 -13.5869 6
      vertex -11.9026 -10.3316 6
      vertex -11.9039 -10.3294 6
    endloop
  endfacet
  facet normal 0 0 1
    outer loop
      vertex -14.9579 -13.5869 6
      vertex -11.9039 -10.3294 6
      vertex -11.905 -10.3272 6
    endloop
  endfacet
  facet normal 0 0 1
    outer loop
      vertex -14.9579 -13.5869 6
      vertex -11.905 -10.3272 6
      vertex -12.3164 -9.48362 6
    endloop
  endfacet
  facet normal 0 0 1
    outer loop
      vertex -12.3174 -9.48129 6
      vertex -14.9579 -13.5869 6
      vertex -12.3164 -9.48362 6
    endloop
  endfacet
  facet normal 0 0 1
    outer loop
      vertex -14.9579 -13.5869 6
      vertex -12.6689 -8.61112 6
      vertex -12.959 -7.71853 6
    endloop
  endfacet
  facet normal 0 0 1
    outer loop
      vertex -14.9579 -13.5869 6
      vertex -12.959 -7.71853 6
      vertex -12.9597 -7.71614 6
    endloop
  endfacet
  facet normal 0 0 1
    outer loop
      vertex -14.9579 -13.5869 6
      vertex -12.9597 -7.71614 6
      vertex -13.1868 -6.8055 6
    endloop
  endfacet
  facet normal 0 0 1
    outer loop
      vertex -14.9579 -13.5869 6
      vertex -13.1868 -6.8055 6
      vertex -13.1874 -6.80307 6
    endloop
  endfacet
  facet normal 0 0 1
    outer loop
      vertex -14.9579 -13.5869 6
      vertex -13.1874 -6.80307 6
      vertex -13.1878 -6.80059 6
    endloop
  endfacet
  facet normal 0 0 1
    outer loop
      vertex -17.9579 -0.586945 6
      vertex -13.1878 -6.80059 6
      vertex -13.3508 -5.87633 6
    endloop
  endfacet
  facet normal 0 0 1
    outer loop
      vertex -15.9373 -1.35792 6
      vertex -13.3508 -5.87633 6
      vertex -13.4489 -4.94296 6
    endloop
  endfacet
  facet normal 0 0 1
    outer loop
      vertex -15.9373 -1.35792 6
      vertex -13.4489 -4.94296 6
      vertex -13.4492 -4.94046 6
    endloop
  endfacet
  facet normal 0 0 1
    outer loop
      vertex -15.5851 -1.54278 6
      vertex -13.4492 -4.94046 6
      vertex -13.4492 -4.93795 6
    endloop
  endfacet
  facet normal 0 0 1
    outer loop
      vertex -15.5851 -1.54278 6
      vertex -13.4492 -4.93795 6
      vertex -13.482 -4 6
    endloop
  endfacet
  facet normal 0 0 1
    outer loop
      vertex -10.9072 -11.9245 6
      vertex -14.9579 -13.5869 6
      vertex -13.2 -15 6
    endloop
  endfacet
  facet normal -0 0 1
    outer loop
      vertex -14.8011 -1.63797 6
      vertex -13.4489 -3.05704 6
      vertex -14.4149 -1.54278 6
    endloop
  endfacet
  facet normal 0 0 1
    outer loop
      vertex -13.4489 -3.05704 6
      vertex -14.8011 -1.63797 6
      vertex -13.4492 -3.05954 6
    endloop
  endfacet
  facet normal 0 0 1
    outer loop
      vertex -13.2 -15 6
      vertex -14.9579 -13.5869 6
      vertex -13.6815 -14.9344 6
    endloop
  endfacet
  facet normal 0 0 1
    outer loop
      vertex -13.4492 -3.05954 6
      vertex -14.8011 -1.63797 6
      vertex -13.4492 -3.06205 6
    endloop
  endfacet
  facet normal 0 0 1
    outer loop
      vertex -13.6815 -14.9344 6
      vertex -14.9579 -13.5869 6
      vertex -14.0431 -14.7903 6
    endloop
  endfacet
  facet normal -0 0 1
    outer loop
      vertex -15.1989 -1.63797 6
      vertex -13.4492 -3.06205 6
      vertex -14.8011 -1.63797 6
    endloop
  endfacet
  facet normal 0 0 1
    outer loop
      vertex -14.0431 -14.7903 6
      vertex -14.9579 -13.5869 6
      vertex -14.3653 -14.5719 6
    endloop
  endfacet
  facet normal 0 0 1
    outer loop
      vertex -13.4492 -3.06205 6
      vertex -15.1989 -1.63797 6
      vertex -13.482 -4 6
    endloop
  endfacet
  facet normal 0 0 1
    outer loop
      vertex -14.3653 -14.5719 6
      vertex -14.9579 -13.5869 6
      vertex -14.633 -14.2893 6
    endloop
  endfacet
  facet normal 0 0 1
    outer loop
      vertex -14.633 -14.2893 6
      vertex -14.9579 -13.5869 6
      vertex -14.8336 -13.9558 6
    endloop
  endfacet
  facet normal 0 0 1
    outer loop
      vertex -15.5851 -1.54278 6
      vertex -13.482 -4 6
      vertex -15.1989 -1.63797 6
    endloop
  endfacet
  facet normal 0 0 1
    outer loop
      vertex -13.4492 -4.94046 6
      vertex -15.5851 -1.54278 6
      vertex -15.9373 -1.35792 6
    endloop
  endfacet
  facet normal 0 0 1
    outer loop
      vertex -13.3508 -5.87633 6
      vertex -15.9373 -1.35792 6
      vertex -17.9579 -0.586945 6
    endloop
  endfacet
  facet normal 0 0 1
    outer loop
      vertex -17.9579 -0.586945 6
      vertex -15.9373 -1.35792 6
      vertex -16.235 -1.09415 6
    endloop
  endfacet
  facet normal 0 0 1
    outer loop
      vertex -17.9579 -0.586945 6
      vertex -16.235 -1.09415 6
      vertex -16.461 -0.766792 6
    endloop
  endfacet
  facet normal -0 0 1
    outer loop
      vertex -17.9579 -0.586945 6
      vertex -16.461 -0.766792 6
      vertex -16.6021 -0.394871 6
    endloop
  endfacet
  facet normal -0 0 1
    outer loop
      vertex -17.7903 1.04314 6
      vertex -16.461 0.766792 6
      vertex -17.5719 1.3653 6
    endloop
  endfacet
  facet normal 0 0 1
    outer loop
      vertex -16.461 0.766792 6
      vertex -17.7903 1.04314 6
      vertex -16.6021 0.394871 6
    endloop
  endfacet
  facet normal -0 0 1
    outer loop
      vertex -17.9344 0.681549 6
      vertex -16.6021 0.394871 6
      vertex -17.7903 1.04314 6
    endloop
  endfacet
  facet normal 0 0 1
    outer loop
      vertex -18 0.199997 6
      vertex -16.6021 0.394871 6
      vertex -17.9344 0.681549 6
    endloop
  endfacet
  facet normal 0 0 1
    outer loop
      vertex -16.6021 0.394871 6
      vertex -18 0.199997 6
      vertex -16.65 0 6
    endloop
  endfacet
  facet normal 0 0 1
    outer loop
      vertex -18 -0.199997 6
      vertex -16.65 0 6
      vertex -18 0.199997 6
    endloop
  endfacet
  facet normal 0 0 1
    outer loop
      vertex -13.1878 -6.80059 6
      vertex -17.9579 -0.586945 6
      vertex -14.9579 -13.5869 6
    endloop
  endfacet
  facet normal 0 0 1
    outer loop
      vertex -16.65 0 6
      vertex -18 -0.199997 6
      vertex -16.6021 -0.394871 6
    endloop
  endfacet
  facet normal 0 0 1
    outer loop
      vertex -16.6021 -0.394871 6
      vertex -18 -0.199997 6
      vertex -17.9579 -0.586945 6
    endloop
  endfacet
  facet normal -0.990848 0.13498 0
    outer loop
      vertex -18 0.199997 0
      vertex -17.9344 0.681549 6
      vertex -17.9344 0.681549 0
    endloop
  endfacet
  facet normal -0.990848 0.13498 0
    outer loop
      vertex -17.9344 0.681549 6
      vertex -18 0.199997 0
      vertex -18 0.199997 6
    endloop
  endfacet
  facet normal -0.928951 0.370202 0
    outer loop
      vertex -17.9344 0.681549 0
      vertex -17.7903 1.04314 6
      vertex -17.7903 1.04314 0
    endloop
  endfacet
  facet normal -0.928951 0.370202 0
    outer loop
      vertex -17.7903 1.04314 6
      vertex -17.9344 0.681549 0
      vertex -17.9344 0.681549 6
    endloop
  endfacet
  facet normal -0.687668 0.726025 0
    outer loop
      vertex -17.2893 1.63297 0
      vertex -17.5719 1.3653 6
      vertex -17.2893 1.63297 6
    endloop
  endfacet
  facet normal -0.687668 0.726025 0
    outer loop
      vertex -17.5719 1.3653 6
      vertex -17.2893 1.63297 0
      vertex -17.5719 1.3653 0
    endloop
  endfacet
  facet normal -0.319286 0.947659 0
    outer loop
      vertex -16.5869 1.95792 0
      vertex -16.9558 1.83363 6
      vertex -16.5869 1.95792 6
    endloop
  endfacet
  facet normal -0.319286 0.947659 0
    outer loop
      vertex -16.9558 1.83363 6
      vertex -16.5869 1.95792 0
      vertex -16.9558 1.83363 0
    endloop
  endfacet
  facet normal 0.37015 0.928972 -0
    outer loop
      vertex 17.0431 1.79031 0
      vertex 16.6815 1.93439 6
      vertex 17.0431 1.79031 6
    endloop
  endfacet
  facet normal 0.37015 0.928972 0
    outer loop
      vertex 16.6815 1.93439 6
      vertex 17.0431 1.79031 0
      vertex 16.6815 1.93439 0
    endloop
  endfacet
  facet normal 0.56114 0.827721 -0
    outer loop
      vertex 17.3653 1.57188 0
      vertex 17.0431 1.79031 6
      vertex 17.3653 1.57188 6
    endloop
  endfacet
  facet normal 0.56114 0.827721 0
    outer loop
      vertex 17.0431 1.79031 6
      vertex 17.3653 1.57188 0
      vertex 17.0431 1.79031 0
    endloop
  endfacet
  facet normal 1 -0 0
    outer loop
      vertex 18 -0.199997 6
      vertex 18 0.199997 0
      vertex 18 0.199997 6
    endloop
  endfacet
  facet normal 1 0 0
    outer loop
      vertex 18 0.199997 0
      vertex 18 -0.199997 6
      vertex 18 -0.199997 0
    endloop
  endfacet
  facet normal 0.994133 0.108162 0
    outer loop
      vertex 18 0.199997 6
      vertex 17.9579 0.586945 0
      vertex 17.9579 0.586945 6
    endloop
  endfacet
  facet normal 0.994133 0.108162 0
    outer loop
      vertex 17.9579 0.586945 0
      vertex 18 0.199997 6
      vertex 18 0.199997 0
    endloop
  endfacet
  facet normal 0.856936 0.515423 0
    outer loop
      vertex 17.8336 0.955795 6
      vertex 17.633 1.28931 0
      vertex 17.633 1.28931 6
    endloop
  endfacet
  facet normal 0.856936 0.515423 0
    outer loop
      vertex 17.633 1.28931 0
      vertex 17.8336 0.955795 6
      vertex 17.8336 0.955795 0
    endloop
  endfacet
  facet normal -0.856926 -0.51544 0
    outer loop
      vertex -14.633 -14.2893 0
      vertex -14.8336 -13.9558 6
      vertex -14.8336 -13.9558 0
    endloop
  endfacet
  facet normal -0.856926 -0.51544 0
    outer loop
      vertex -14.8336 -13.9558 6
      vertex -14.633 -14.2893 0
      vertex -14.633 -14.2893 6
    endloop
  endfacet
  facet normal -0.561087 -0.827757 0
    outer loop
      vertex -14.3653 -14.5719 0
      vertex -14.0431 -14.7903 6
      vertex -14.3653 -14.5719 6
    endloop
  endfacet
  facet normal -0.561087 -0.827757 -0
    outer loop
      vertex -14.0431 -14.7903 6
      vertex -14.3653 -14.5719 0
      vertex -14.0431 -14.7903 0
    endloop
  endfacet
  facet normal -0.992723 -0.120423 0
    outer loop
      vertex -13.35 0 0
      vertex -13.3979 0.394871 6
      vertex -13.3979 0.394871 0
    endloop
  endfacet
  facet normal -0.992723 -0.120423 0
    outer loop
      vertex -13.3979 0.394871 6
      vertex -13.35 0 0
      vertex -13.35 0 6
    endloop
  endfacet
  facet normal 0.992723 -0.120423 0
    outer loop
      vertex -16.65 0 6
      vertex -16.6021 0.394871 0
      vertex -16.6021 0.394871 6
    endloop
  endfacet
  facet normal 0.992723 -0.120423 0
    outer loop
      vertex -16.6021 0.394871 0
      vertex -16.65 0 6
      vertex -16.65 0 0
    endloop
  endfacet
  facet normal 0 -1 0
    outer loop
      vertex -15.1989 1.63797 0
      vertex -14.8011 1.63797 6
      vertex -15.1989 1.63797 6
    endloop
  endfacet
  facet normal 0 -1 -0
    outer loop
      vertex -14.8011 1.63797 6
      vertex -15.1989 1.63797 0
      vertex -14.8011 1.63797 0
    endloop
  endfacet
  facet normal 0 1 -0
    outer loop
      vertex -14.8011 -1.63797 0
      vertex -15.1989 -1.63797 6
      vertex -14.8011 -1.63797 6
    endloop
  endfacet
  facet normal 0 1 0
    outer loop
      vertex -15.1989 -1.63797 6
      vertex -14.8011 -1.63797 0
      vertex -15.1989 -1.63797 0
    endloop
  endfacet
  facet normal -0.663166 -0.748472 0
    outer loop
      vertex -14.0627 1.35792 0
      vertex -13.765 1.09415 6
      vertex -14.0627 1.35792 6
    endloop
  endfacet
  facet normal -0.663166 -0.748472 -0
    outer loop
      vertex -13.765 1.09415 6
      vertex -14.0627 1.35792 0
      vertex -13.765 1.09415 0
    endloop
  endfacet
  facet normal 0.663166 -0.748472 0
    outer loop
      vertex -16.235 1.09415 0
      vertex -15.9373 1.35792 6
      vertex -16.235 1.09415 6
    endloop
  endfacet
  facet normal 0.663166 -0.748472 0
    outer loop
      vertex -15.9373 1.35792 6
      vertex -16.235 1.09415 0
      vertex -15.9373 1.35792 0
    endloop
  endfacet
  facet normal 0.464745 -0.885444 0
    outer loop
      vertex -15.9373 1.35792 0
      vertex -15.5851 1.54278 6
      vertex -15.9373 1.35792 6
    endloop
  endfacet
  facet normal 0.464745 -0.885444 0
    outer loop
      vertex -15.5851 1.54278 6
      vertex -15.9373 1.35792 0
      vertex -15.5851 1.54278 0
    endloop
  endfacet
  facet normal -0.822936 0.568135 0
    outer loop
      vertex -13.765 -1.09415 0
      vertex -13.539 -0.766792 6
      vertex -13.539 -0.766792 0
    endloop
  endfacet
  facet normal -0.822936 0.568135 0
    outer loop
      vertex -13.539 -0.766792 6
      vertex -13.765 -1.09415 0
      vertex -13.765 -1.09415 6
    endloop
  endfacet
  facet normal -0.822936 -0.568135 0
    outer loop
      vertex -13.539 0.766792 0
      vertex -13.765 1.09415 6
      vertex -13.765 1.09415 0
    endloop
  endfacet
  facet normal -0.822936 -0.568135 0
    outer loop
      vertex -13.765 1.09415 6
      vertex -13.539 0.766792 0
      vertex -13.539 0.766792 6
    endloop
  endfacet
  facet normal -0.934975 -0.354713 0
    outer loop
      vertex -13.3979 0.394871 0
      vertex -13.539 0.766792 6
      vertex -13.539 0.766792 0
    endloop
  endfacet
  facet normal -0.934975 -0.354713 0
    outer loop
      vertex -13.539 0.766792 6
      vertex -13.3979 0.394871 0
      vertex -13.3979 0.394871 6
    endloop
  endfacet
  facet normal -0.239316 -0.970942 0
    outer loop
      vertex -14.8011 1.63797 0
      vertex -14.4149 1.54278 6
      vertex -14.8011 1.63797 6
    endloop
  endfacet
  facet normal -0.239316 -0.970942 -0
    outer loop
      vertex -14.4149 1.54278 6
      vertex -14.8011 1.63797 0
      vertex -14.4149 1.54278 0
    endloop
  endfacet
  facet normal -0.464745 -0.885444 0
    outer loop
      vertex -14.4149 1.54278 0
      vertex -14.0627 1.35792 6
      vertex -14.4149 1.54278 6
    endloop
  endfacet
  facet normal -0.464745 -0.885444 -0
    outer loop
      vertex -14.0627 1.35792 6
      vertex -14.4149 1.54278 0
      vertex -14.0627 1.35792 0
    endloop
  endfacet
  facet normal 0.822936 -0.568135 0
    outer loop
      vertex -16.461 0.766792 6
      vertex -16.235 1.09415 0
      vertex -16.235 1.09415 6
    endloop
  endfacet
  facet normal 0.822936 -0.568135 0
    outer loop
      vertex -16.235 1.09415 0
      vertex -16.461 0.766792 6
      vertex -16.461 0.766792 0
    endloop
  endfacet
  facet normal 0.934975 -0.354713 0
    outer loop
      vertex -16.6021 0.394871 6
      vertex -16.461 0.766792 0
      vertex -16.461 0.766792 6
    endloop
  endfacet
  facet normal 0.934975 -0.354713 0
    outer loop
      vertex -16.461 0.766792 0
      vertex -16.6021 0.394871 6
      vertex -16.6021 0.394871 0
    endloop
  endfacet
  facet normal 0.239316 -0.970942 0
    outer loop
      vertex -15.5851 1.54278 0
      vertex -15.1989 1.63797 6
      vertex -15.5851 1.54278 6
    endloop
  endfacet
  facet normal 0.239316 -0.970942 0
    outer loop
      vertex -15.1989 1.63797 6
      vertex -15.5851 1.54278 0
      vertex -15.1989 1.63797 0
    endloop
  endfacet
  facet normal 0.992723 0.120423 0
    outer loop
      vertex -16.6021 -0.394871 6
      vertex -16.65 0 0
      vertex -16.65 0 6
    endloop
  endfacet
  facet normal 0.992723 0.120423 0
    outer loop
      vertex -16.65 0 0
      vertex -16.6021 -0.394871 6
      vertex -16.6021 -0.394871 0
    endloop
  endfacet
  facet normal -0.663166 0.748472 0
    outer loop
      vertex -13.765 -1.09415 0
      vertex -14.0627 -1.35792 6
      vertex -13.765 -1.09415 6
    endloop
  endfacet
  facet normal -0.663166 0.748472 0
    outer loop
      vertex -14.0627 -1.35792 6
      vertex -13.765 -1.09415 0
      vertex -14.0627 -1.35792 0
    endloop
  endfacet
  facet normal -0.934975 0.354713 0
    outer loop
      vertex -13.539 -0.766792 0
      vertex -13.3979 -0.394871 6
      vertex -13.3979 -0.394871 0
    endloop
  endfacet
  facet normal -0.934975 0.354713 0
    outer loop
      vertex -13.3979 -0.394871 6
      vertex -13.539 -0.766792 0
      vertex -13.539 -0.766792 6
    endloop
  endfacet
  facet normal -0.992723 0.120423 0
    outer loop
      vertex -13.3979 -0.394871 0
      vertex -13.35 0 6
      vertex -13.35 0 0
    endloop
  endfacet
  facet normal -0.992723 0.120423 0
    outer loop
      vertex -13.35 0 6
      vertex -13.3979 -0.394871 0
      vertex -13.3979 -0.394871 6
    endloop
  endfacet
  facet normal 0.663166 0.748472 -0
    outer loop
      vertex -15.9373 -1.35792 0
      vertex -16.235 -1.09415 6
      vertex -15.9373 -1.35792 6
    endloop
  endfacet
  facet normal 0.663166 0.748472 0
    outer loop
      vertex -16.235 -1.09415 6
      vertex -15.9373 -1.35792 0
      vertex -16.235 -1.09415 0
    endloop
  endfacet
  facet normal 0.934975 0.354713 0
    outer loop
      vertex -16.461 -0.766792 6
      vertex -16.6021 -0.394871 0
      vertex -16.6021 -0.394871 6
    endloop
  endfacet
  facet normal 0.934975 0.354713 0
    outer loop
      vertex -16.6021 -0.394871 0
      vertex -16.461 -0.766792 6
      vertex -16.461 -0.766792 0
    endloop
  endfacet
  facet normal 0.822936 0.568135 0
    outer loop
      vertex -16.235 -1.09415 6
      vertex -16.461 -0.766792 0
      vertex -16.461 -0.766792 6
    endloop
  endfacet
  facet normal 0.822936 0.568135 0
    outer loop
      vertex -16.461 -0.766792 0
      vertex -16.235 -1.09415 6
      vertex -16.235 -1.09415 0
    endloop
  endfacet
  facet normal -0.239316 0.970942 0
    outer loop
      vertex -14.4149 -1.54278 0
      vertex -14.8011 -1.63797 6
      vertex -14.4149 -1.54278 6
    endloop
  endfacet
  facet normal -0.239316 0.970942 0
    outer loop
      vertex -14.8011 -1.63797 6
      vertex -14.4149 -1.54278 0
      vertex -14.8011 -1.63797 0
    endloop
  endfacet
  facet normal -0.464745 0.885444 0
    outer loop
      vertex -14.0627 -1.35792 0
      vertex -14.4149 -1.54278 6
      vertex -14.0627 -1.35792 6
    endloop
  endfacet
  facet normal -0.464745 0.885444 0
    outer loop
      vertex -14.4149 -1.54278 6
      vertex -14.0627 -1.35792 0
      vertex -14.4149 -1.54278 0
    endloop
  endfacet
  facet normal 0.464745 0.885444 -0
    outer loop
      vertex -15.5851 -1.54278 0
      vertex -15.9373 -1.35792 6
      vertex -15.5851 -1.54278 6
    endloop
  endfacet
  facet normal 0.464745 0.885444 0
    outer loop
      vertex -15.9373 -1.35792 6
      vertex -15.5851 -1.54278 0
      vertex -15.9373 -1.35792 0
    endloop
  endfacet
  facet normal 0.239316 0.970942 -0
    outer loop
      vertex -15.1989 -1.63797 0
      vertex -15.5851 -1.54278 6
      vertex -15.1989 -1.63797 6
    endloop
  endfacet
  facet normal 0.239316 0.970942 0
    outer loop
      vertex -15.5851 -1.54278 6
      vertex -15.1989 -1.63797 0
      vertex -15.5851 -1.54278 0
    endloop
  endfacet
  facet normal -0.822936 -0.568135 0
    outer loop
      vertex 16.461 0.766792 0
      vertex 16.235 1.09415 6
      vertex 16.235 1.09415 0
    endloop
  endfacet
  facet normal -0.822936 -0.568135 0
    outer loop
      vertex 16.235 1.09415 6
      vertex 16.461 0.766792 0
      vertex 16.461 0.766792 6
    endloop
  endfacet
  facet normal 0.992723 -0.120423 0
    outer loop
      vertex 13.35 0 6
      vertex 13.3979 0.394871 0
      vertex 13.3979 0.394871 6
    endloop
  endfacet
  facet normal 0.992723 -0.120423 0
    outer loop
      vertex 13.3979 0.394871 0
      vertex 13.35 0 6
      vertex 13.35 0 0
    endloop
  endfacet
  facet normal 0.992723 0.120423 0
    outer loop
      vertex 13.3979 -0.394871 6
      vertex 13.35 0 0
      vertex 13.35 0 6
    endloop
  endfacet
  facet normal 0.992723 0.120423 0
    outer loop
      vertex 13.35 0 0
      vertex 13.3979 -0.394871 6
      vertex 13.3979 -0.394871 0
    endloop
  endfacet
  facet normal 0 -1 0
    outer loop
      vertex 14.8011 1.63797 0
      vertex 15.1989 1.63797 6
      vertex 14.8011 1.63797 6
    endloop
  endfacet
  facet normal 0 -1 -0
    outer loop
      vertex 15.1989 1.63797 6
      vertex 14.8011 1.63797 0
      vertex 15.1989 1.63797 0
    endloop
  endfacet
  facet normal -0.663166 -0.748472 0
    outer loop
      vertex 15.9373 1.35792 0
      vertex 16.235 1.09415 6
      vertex 15.9373 1.35792 6
    endloop
  endfacet
  facet normal -0.663166 -0.748472 -0
    outer loop
      vertex 16.235 1.09415 6
      vertex 15.9373 1.35792 0
      vertex 16.235 1.09415 0
    endloop
  endfacet
  facet normal -0.239316 -0.970942 0
    outer loop
      vertex 15.1989 1.63797 0
      vertex 15.5851 1.54278 6
      vertex 15.1989 1.63797 6
    endloop
  endfacet
  facet normal -0.239316 -0.970942 -0
    outer loop
      vertex 15.5851 1.54278 6
      vertex 15.1989 1.63797 0
      vertex 15.5851 1.54278 0
    endloop
  endfacet
  facet normal 0.464745 -0.885444 0
    outer loop
      vertex 14.0627 1.35792 0
      vertex 14.4149 1.54278 6
      vertex 14.0627 1.35792 6
    endloop
  endfacet
  facet normal 0.464745 -0.885444 0
    outer loop
      vertex 14.4149 1.54278 6
      vertex 14.0627 1.35792 0
      vertex 14.4149 1.54278 0
    endloop
  endfacet
  facet normal 0.934975 -0.354713 0
    outer loop
      vertex 13.3979 0.394871 6
      vertex 13.539 0.766792 0
      vertex 13.539 0.766792 6
    endloop
  endfacet
  facet normal 0.934975 -0.354713 0
    outer loop
      vertex 13.539 0.766792 0
      vertex 13.3979 0.394871 6
      vertex 13.3979 0.394871 0
    endloop
  endfacet
  facet normal 0.663166 -0.748472 0
    outer loop
      vertex 13.765 1.09415 0
      vertex 14.0627 1.35792 6
      vertex 13.765 1.09415 6
    endloop
  endfacet
  facet normal 0.663166 -0.748472 0
    outer loop
      vertex 14.0627 1.35792 6
      vertex 13.765 1.09415 0
      vertex 14.0627 1.35792 0
    endloop
  endfacet
  facet normal -0.992723 0.120423 0
    outer loop
      vertex 16.6021 -0.394871 0
      vertex 16.65 0 6
      vertex 16.65 0 0
    endloop
  endfacet
  facet normal -0.992723 0.120423 0
    outer loop
      vertex 16.65 0 6
      vertex 16.6021 -0.394871 0
      vertex 16.6021 -0.394871 6
    endloop
  endfacet
  facet normal -0.239316 0.970942 0
    outer loop
      vertex 15.5851 -1.54278 0
      vertex 15.1989 -1.63797 6
      vertex 15.5851 -1.54278 6
    endloop
  endfacet
  facet normal -0.239316 0.970942 0
    outer loop
      vertex 15.1989 -1.63797 6
      vertex 15.5851 -1.54278 0
      vertex 15.1989 -1.63797 0
    endloop
  endfacet
  facet normal -0.464745 -0.885444 0
    outer loop
      vertex 15.5851 1.54278 0
      vertex 15.9373 1.35792 6
      vertex 15.5851 1.54278 6
    endloop
  endfacet
  facet normal -0.464745 -0.885444 -0
    outer loop
      vertex 15.9373 1.35792 6
      vertex 15.5851 1.54278 0
      vertex 15.9373 1.35792 0
    endloop
  endfacet
  facet normal 0.822936 -0.568135 0
    outer loop
      vertex 13.539 0.766792 6
      vertex 13.765 1.09415 0
      vertex 13.765 1.09415 6
    endloop
  endfacet
  facet normal 0.822936 -0.568135 0
    outer loop
      vertex 13.765 1.09415 0
      vertex 13.539 0.766792 6
      vertex 13.539 0.766792 0
    endloop
  endfacet
  facet normal 0.239316 -0.970942 0
    outer loop
      vertex 14.4149 1.54278 0
      vertex 14.8011 1.63797 6
      vertex 14.4149 1.54278 6
    endloop
  endfacet
  facet normal 0.239316 -0.970942 0
    outer loop
      vertex 14.8011 1.63797 6
      vertex 14.4149 1.54278 0
      vertex 14.8011 1.63797 0
    endloop
  endfacet
  facet normal -0.992723 -0.120423 0
    outer loop
      vertex 16.65 0 0
      vertex 16.6021 0.394871 6
      vertex 16.6021 0.394871 0
    endloop
  endfacet
  facet normal -0.992723 -0.120423 0
    outer loop
      vertex 16.6021 0.394871 6
      vertex 16.65 0 0
      vertex 16.65 0 6
    endloop
  endfacet
  facet normal -0.934975 0.354713 0
    outer loop
      vertex 16.461 -0.766792 0
      vertex 16.6021 -0.394871 6
      vertex 16.6021 -0.394871 0
    endloop
  endfacet
  facet normal -0.934975 0.354713 0
    outer loop
      vertex 16.6021 -0.394871 6
      vertex 16.461 -0.766792 0
      vertex 16.461 -0.766792 6
    endloop
  endfacet
  facet normal 0.663166 0.748472 -0
    outer loop
      vertex 14.0627 -1.35792 0
      vertex 13.765 -1.09415 6
      vertex 14.0627 -1.35792 6
    endloop
  endfacet
  facet normal 0.663166 0.748472 0
    outer loop
      vertex 13.765 -1.09415 6
      vertex 14.0627 -1.35792 0
      vertex 13.765 -1.09415 0
    endloop
  endfacet
  facet normal 0.934975 0.354713 0
    outer loop
      vertex 13.539 -0.766792 6
      vertex 13.3979 -0.394871 0
      vertex 13.3979 -0.394871 6
    endloop
  endfacet
  facet normal 0.934975 0.354713 0
    outer loop
      vertex 13.3979 -0.394871 0
      vertex 13.539 -0.766792 6
      vertex 13.539 -0.766792 0
    endloop
  endfacet
  facet normal -0.663166 0.748472 0
    outer loop
      vertex 16.235 -1.09415 0
      vertex 15.9373 -1.35792 6
      vertex 16.235 -1.09415 6
    endloop
  endfacet
  facet normal -0.663166 0.748472 0
    outer loop
      vertex 15.9373 -1.35792 6
      vertex 16.235 -1.09415 0
      vertex 15.9373 -1.35792 0
    endloop
  endfacet
  facet normal -0.934975 -0.354713 0
    outer loop
      vertex 16.6021 0.394871 0
      vertex 16.461 0.766792 6
      vertex 16.461 0.766792 0
    endloop
  endfacet
  facet normal -0.934975 -0.354713 0
    outer loop
      vertex 16.461 0.766792 6
      vertex 16.6021 0.394871 0
      vertex 16.6021 0.394871 6
    endloop
  endfacet
  facet normal -0.822936 0.568135 0
    outer loop
      vertex 16.235 -1.09415 0
      vertex 16.461 -0.766792 6
      vertex 16.461 -0.766792 0
    endloop
  endfacet
  facet normal -0.822936 0.568135 0
    outer loop
      vertex 16.461 -0.766792 6
      vertex 16.235 -1.09415 0
      vertex 16.235 -1.09415 6
    endloop
  endfacet
  facet normal 0.822936 0.568135 0
    outer loop
      vertex 13.765 -1.09415 6
      vertex 13.539 -0.766792 0
      vertex 13.539 -0.766792 6
    endloop
  endfacet
  facet normal 0.822936 0.568135 0
    outer loop
      vertex 13.539 -0.766792 0
      vertex 13.765 -1.09415 6
      vertex 13.765 -1.09415 0
    endloop
  endfacet
  facet normal -0.464745 0.885444 0
    outer loop
      vertex 15.9373 -1.35792 0
      vertex 15.5851 -1.54278 6
      vertex 15.9373 -1.35792 6
    endloop
  endfacet
  facet normal -0.464745 0.885444 0
    outer loop
      vertex 15.5851 -1.54278 6
      vertex 15.9373 -1.35792 0
      vertex 15.5851 -1.54278 0
    endloop
  endfacet
  facet normal 0.464745 0.885444 -0
    outer loop
      vertex 14.4149 -1.54278 0
      vertex 14.0627 -1.35792 6
      vertex 14.4149 -1.54278 6
    endloop
  endfacet
  facet normal 0.464745 0.885444 0
    outer loop
      vertex 14.0627 -1.35792 6
      vertex 14.4149 -1.54278 0
      vertex 14.0627 -1.35792 0
    endloop
  endfacet
  facet normal 0 1 -0
    outer loop
      vertex 15.1989 -1.63797 0
      vertex 14.8011 -1.63797 6
      vertex 15.1989 -1.63797 6
    endloop
  endfacet
  facet normal 0 1 0
    outer loop
      vertex 14.8011 -1.63797 6
      vertex 15.1989 -1.63797 0
      vertex 14.8011 -1.63797 0
    endloop
  endfacet
  facet normal 0.239316 0.970942 -0
    outer loop
      vertex 14.8011 -1.63797 0
      vertex 14.4149 -1.54278 6
      vertex 14.8011 -1.63797 6
    endloop
  endfacet
  facet normal 0.239316 0.970942 0
    outer loop
      vertex 14.4149 -1.54278 6
      vertex 14.8011 -1.63797 0
      vertex 14.4149 -1.54278 0
    endloop
  endfacet
  facet normal 0.499994 0.499994 0.707115
    outer loop
      vertex 0.122078 21.5779 43.0406
      vertex 23.3779 -6.07792 46.1518
      vertex 25.5779 -3.87792 43.0406
    endloop
  endfacet
  facet normal 0.499995 0.499995 0.707115
    outer loop
      vertex 23.3779 -6.07792 46.1518
      vertex 0.122078 21.5779 43.0406
      vertex -2.07792 19.3779 46.1518
    endloop
  endfacet
  facet normal 0.499976 0.49995 -0.707159
    outer loop
      vertex 2.99481 5.16427 33.4657
      vertex -1.05654 8.23858 32.7748
      vertex -1.04397 8.55671 33.0086
    endloop
  endfacet
  facet normal 0.500058 0.499992 -0.707072
    outer loop
      vertex -0.314095 4.99452 31.0059
      vertex -1.17944 7.97854 32.504
      vertex -1.05654 8.23858 32.7748
    endloop
  endfacet
  facet normal 0.499874 0.500001 -0.707195
    outer loop
      vertex -0.314095 4.99452 31.0059
      vertex -1.39935 7.80477 32.2257
      vertex -1.17944 7.97854 32.504
    endloop
  endfacet
  facet normal 0.5 0.500009 -0.707101
    outer loop
      vertex -1.69243 7.73609 31.9699
      vertex -0.940756 4.9507 30.5318
      vertex -1.56283 4.86327 30.0301
    endloop
  endfacet
  facet normal 0.499991 0.500009 -0.707107
    outer loop
      vertex -0.940756 4.9507 30.5318
      vertex -1.69243 7.73609 31.9699
      vertex -1.39935 7.80477 32.2257
    endloop
  endfacet
  facet normal 0.499988 0.500012 -0.707107
    outer loop
      vertex -1.56283 4.86327 30.0301
      vertex -2.02693 7.77996 31.7644
      vertex -1.69243 7.73609 31.9699
    endloop
  endfacet
  facet normal 0.499954 0.500018 -0.707126
    outer loop
      vertex -2.1773 4.73266 29.5033
      vertex -2.02693 7.77996 31.7644
      vertex -1.56283 4.86327 30.0301
    endloop
  endfacet
  facet normal 0.500088 0.499968 -0.707067
    outer loop
      vertex -2.1773 4.73266 29.5033
      vertex -2.36659 7.93161 31.6314
      vertex -2.02693 7.77996 31.7644
    endloop
  endfacet
  facet normal 0.500071 0.499972 -0.707076
    outer loop
      vertex -2.78115 4.55951 28.9538
      vertex -2.36659 7.93161 31.6314
      vertex -2.1773 4.73266 29.5033
    endloop
  endfacet
  facet normal 0.499957 0.500023 -0.707121
    outer loop
      vertex -3.37146 4.34465 28.3845
      vertex -2.36659 7.93161 31.6314
      vertex -2.78115 4.55951 28.9538
    endloop
  endfacet
  facet normal 0.500036 0.499978 -0.707097
    outer loop
      vertex -2.36659 7.93161 31.6314
      vertex -3.37146 4.34465 28.3845
      vertex -2.67462 8.17462 31.5854
    endloop
  endfacet
  facet normal 0.500047 0.499973 -0.707093
    outer loop
      vertex -3.94534 4.08915 27.798
      vertex -2.67462 8.17462 31.5854
      vertex -3.37146 4.34465 28.3845
    endloop
  endfacet
  facet normal 0.499959 0.500024 -0.707119
    outer loop
      vertex -2.67462 8.17462 31.5854
      vertex -3.94534 4.08915 27.798
      vertex -2.91763 8.48265 31.6314
    endloop
  endfacet
  facet normal 0.499945 0.500031 -0.707123
    outer loop
      vertex -4.5 3.79423 27.1973
      vertex -2.91763 8.48265 31.6314
      vertex -3.94534 4.08915 27.798
    endloop
  endfacet
  facet normal 0.500073 0.500038 -0.707028
    outer loop
      vertex 12.5567 -5.04397 33.0086
      vertex 9.30479 -0.42002 33.9788
      vertex 9.33135 -0.106669 34.2192
    endloop
  endfacet
  facet normal 0.49999 0.499981 -0.707127
    outer loop
      vertex 8.97808 -3.37219 31.6603
      vertex 11.78 -6.02693 31.7644
      vertex 9 -4 31.2319
    endloop
  endfacet
  facet normal 0.500043 0.500001 -0.707076
    outer loop
      vertex 11.78 -6.02693 31.7644
      vertex 9.24896 -0.720268 33.727
      vertex 9.30479 -0.42002 33.9788
    endloop
  endfacet
  facet normal 0.499989 0.49998 -0.707129
    outer loop
      vertex 8.91241 -2.74744 32.0556
      vertex 11.78 -6.02693 31.7644
      vertex 8.97808 -3.37219 31.6603
    endloop
  endfacet
  facet normal 0.499897 0.499976 -0.707196
    outer loop
      vertex 11.78 -6.02693 31.7644
      vertex 9.16427 -1.00519 33.4657
      vertex 9.24896 -0.720268 33.727
    endloop
  endfacet
  facet normal 0.500023 0.500045 -0.707059
    outer loop
      vertex 11.78 -6.02693 31.7644
      vertex 8.97808 -4.62781 30.7724
      vertex 9 -4 31.2319
    endloop
  endfacet
  facet normal 0.5 0.499927 -0.707159
    outer loop
      vertex 11.78 -6.02693 31.7644
      vertex 8.91241 -5.25256 30.2843
      vertex 8.97808 -4.62781 30.7724
    endloop
  endfacet
  facet normal 0.499993 0.500021 -0.707097
    outer loop
      vertex 11.78 -6.02693 31.7644
      vertex 8.80333 -5.8712 29.7697
      vertex 8.91241 -5.25256 30.2843
    endloop
  endfacet
  facet normal 0.499993 0.500021 -0.707097
    outer loop
      vertex 11.78 -6.02693 31.7644
      vertex 8.65135 -6.48074 29.2312
      vertex 8.80333 -5.8712 29.7697
    endloop
  endfacet
  facet normal 0.499987 0.500033 -0.707092
    outer loop
      vertex 11.9316 -6.36659 31.6314
      vertex 8.65135 -6.48074 29.2312
      vertex 11.78 -6.02693 31.7644
    endloop
  endfacet
  facet normal 0.500005 0.499985 -0.707114
    outer loop
      vertex 8.65135 -6.48074 29.2312
      vertex 11.9316 -6.36659 31.6314
      vertex 8.45723 -7.07818 28.6715
    endloop
  endfacet
  facet normal 0.499985 0.500025 -0.7071
    outer loop
      vertex 12.1746 -6.67462 31.5854
      vertex 8.45723 -7.07818 28.6715
      vertex 11.9316 -6.36659 31.6314
    endloop
  endfacet
  facet normal 0.499973 0.500053 -0.707089
    outer loop
      vertex 8.45723 -7.07818 28.6715
      vertex 12.1746 -6.67462 31.5854
      vertex 8.22191 -7.66063 28.0932
    endloop
  endfacet
  facet normal 0.500045 0.499997 -0.707077
    outer loop
      vertex 10.5779 -18.8779 21.8274
      vertex 7.28115 -9.29007 26.2758
      vertex 7.63243 -8.76927 26.8925
    endloop
  endfacet
  facet normal 0.499999 0.499996 -0.70711
    outer loop
      vertex 10.5779 -18.8779 21.8274
      vertex 6.8944 -9.78509 25.6523
      vertex 7.28115 -9.29007 26.2758
    endloop
  endfacet
  facet normal 0.499996 0.499996 -0.707112
    outer loop
      vertex 10.5779 -18.8779 21.8274
      vertex 6.47406 -10.2519 25.025
      vertex 6.8944 -9.78509 25.6523
    endloop
  endfacet
  facet normal 0.499992 0.499995 -0.707116
    outer loop
      vertex 10.5779 -18.8779 21.8274
      vertex 6.02217 -10.6883 24.3969
      vertex 6.47406 -10.2519 25.025
    endloop
  endfacet
  facet normal 0.5 0.499997 -0.707109
    outer loop
      vertex 10.5779 -18.8779 21.8274
      vertex 5.54095 -11.0921 23.7711
      vertex 6.02217 -10.6883 24.3969
    endloop
  endfacet
  facet normal 0.500045 0.500015 -0.707064
    outer loop
      vertex 10.5779 -18.8779 21.8274
      vertex 5.03274 -11.4613 23.1506
      vertex 5.54095 -11.0921 23.7711
    endloop
  endfacet
  facet normal 0.500005 0.499994 -0.707108
    outer loop
      vertex 10.5779 -18.8779 21.8274
      vertex 4.5 -11.7942 22.5385
      vertex 5.03274 -11.4613 23.1506
    endloop
  endfacet
  facet normal 0.499991 0.499983 -0.707125
    outer loop
      vertex 10.5779 -18.8779 21.8274
      vertex 3.94534 -12.0891 21.9378
      vertex 4.5 -11.7942 22.5385
    endloop
  endfacet
  facet normal 0.499757 0.49976 -0.707448
    outer loop
      vertex 3.94534 -12.0891 21.9378
      vertex 10.5779 -18.8779 21.8274
      vertex 3.83726 -12.1373 21.8274
    endloop
  endfacet
  facet normal 0.50002 0.500004 -0.70709
    outer loop
      vertex 11.78 -6.02693 31.7644
      vertex 8.91241 -2.74744 32.0556
      vertex 9.16427 -1.00519 33.4657
    endloop
  endfacet
  facet normal 0.499954 0.500034 -0.707115
    outer loop
      vertex 9.16427 -1.00519 33.4657
      vertex 8.91241 -2.74744 32.0556
      vertex 9.05133 -1.27267 33.1967
    endloop
  endfacet
  facet normal 0.499778 0.500107 -0.707188
    outer loop
      vertex 8.80333 -2.1288 32.416
      vertex 9.05133 -1.27267 33.1967
      vertex 8.91241 -2.74744 32.0556
    endloop
  endfacet
  facet normal 0.500548 0.49967 -0.706953
    outer loop
      vertex 9.05133 -1.27267 33.1967
      vertex 8.80333 -2.1288 32.416
      vertex 8.91099 -1.52074 32.922
    endloop
  endfacet
  facet normal 0.499938 0.499964 -0.707176
    outer loop
      vertex 8.80333 -2.1288 32.416
      vertex 8.74429 -1.74755 32.6438
      vertex 8.91099 -1.52074 32.922
    endloop
  endfacet
  facet normal 0.499738 0.500001 -0.707291
    outer loop
      vertex 8.74429 -1.74755 32.6438
      vertex 8.80333 -2.1288 32.416
      vertex 8.71582 -1.7778 32.6023
    endloop
  endfacet
  facet normal 0.500061 0.499888 -0.707143
    outer loop
      vertex 25.5779 -3.87792 43.0406
      vertex 13.7927 -6.61066 32.7748
      vertex 13.8053 -6.29253 33.0086
    endloop
  endfacet
  facet normal 0.499977 0.500048 -0.707089
    outer loop
      vertex 25.5779 -3.87792 43.0406
      vertex 13.6698 -6.8707 32.504
      vertex 13.7927 -6.61066 32.7748
    endloop
  endfacet
  facet normal 0.500007 0.499994 -0.707107
    outer loop
      vertex 10.5779 -18.8779 21.8274
      vertex 13.6698 -6.8707 32.504
      vertex 25.5779 -3.87792 43.0406
    endloop
  endfacet
  facet normal 0.500044 0.49992 -0.707132
    outer loop
      vertex 12.4826 -6.91763 31.6314
      vertex 8.22191 -7.66063 28.0932
      vertex 12.1746 -6.67462 31.5854
    endloop
  endfacet
  facet normal 0.500042 0.499926 -0.70713
    outer loop
      vertex 8.22191 -7.66063 28.0932
      vertex 12.4826 -6.91763 31.6314
      vertex 7.94653 -8.22524 27.4993
    endloop
  endfacet
  facet normal 0.499991 0.500014 -0.707103
    outer loop
      vertex 7.94653 -8.22524 27.4993
      vertex 12.4826 -6.91763 31.6314
      vertex 7.63243 -8.76927 26.8925
    endloop
  endfacet
  facet normal 0.500039 0.49994 -0.707122
    outer loop
      vertex 12.8223 -7.06928 31.7644
      vertex 7.63243 -8.76927 26.8925
      vertex 12.4826 -6.91763 31.6314
    endloop
  endfacet
  facet normal 0.500003 0.499999 -0.707105
    outer loop
      vertex 7.63243 -8.76927 26.8925
      vertex 12.8223 -7.06928 31.7644
      vertex 10.5779 -18.8779 21.8274
    endloop
  endfacet
  facet normal 0.499989 0.500006 -0.70711
    outer loop
      vertex 13.1568 -7.11315 31.9699
      vertex 10.5779 -18.8779 21.8274
      vertex 12.8223 -7.06928 31.7644
    endloop
  endfacet
  facet normal 0.499979 0.500011 -0.707114
    outer loop
      vertex 13.4499 -7.04448 32.2257
      vertex 10.5779 -18.8779 21.8274
      vertex 13.1568 -7.11315 31.9699
    endloop
  endfacet
  facet normal 0.499762 0.500127 -0.707185
    outer loop
      vertex 13.6698 -6.8707 32.504
      vertex 10.5779 -18.8779 21.8274
      vertex 13.4499 -7.04448 32.2257
    endloop
  endfacet
  facet normal 0.499983 0.500043 -0.707088
    outer loop
      vertex 13.7062 -5.95079 33.1802
      vertex 25.5779 -3.87792 43.0406
      vertex 13.8053 -6.29253 33.0086
    endloop
  endfacet
  facet normal 0.499977 0.500055 -0.707084
    outer loop
      vertex 13.5061 -5.62247 33.2709
      vertex 25.5779 -3.87792 43.0406
      vertex 13.7062 -5.95079 33.1802
    endloop
  endfacet
  facet normal 0.500018 0.499965 -0.707119
    outer loop
      vertex 13.2268 -5.34314 33.2709
      vertex 25.5779 -3.87792 43.0406
      vertex 13.5061 -5.62247 33.2709
    endloop
  endfacet
  facet normal 0.499894 0.499954 -0.707214
    outer loop
      vertex 9.29604 0.549989 34.6585
      vertex 13.2268 -5.34314 33.2709
      vertex 12.8984 -5.14308 33.1802
    endloop
  endfacet
  facet normal 0.500094 0.500047 -0.707007
    outer loop
      vertex 9.33135 -0.106669 34.2192
      vertex 12.8984 -5.14308 33.1802
      vertex 12.5567 -5.04397 33.0086
    endloop
  endfacet
  facet normal 0.499976 0.499991 -0.70713
    outer loop
      vertex 9.30479 -0.42002 33.9788
      vertex 12.5567 -5.04397 33.0086
      vertex 12.2386 -5.05654 32.7748
    endloop
  endfacet
  facet normal 0.500078 0.500005 -0.707048
    outer loop
      vertex 9.30479 -0.42002 33.9788
      vertex 11.7361 -5.69243 31.9699
      vertex 11.78 -6.02693 31.7644
    endloop
  endfacet
  facet normal 0.499972 0.499989 -0.707134
    outer loop
      vertex 9.30479 -0.42002 33.9788
      vertex 11.8048 -5.39935 32.2257
      vertex 11.7361 -5.69243 31.9699
    endloop
  endfacet
  facet normal 0.499967 0.499988 -0.707139
    outer loop
      vertex 9.30479 -0.42002 33.9788
      vertex 11.9785 -5.17944 32.504
      vertex 11.8048 -5.39935 32.2257
    endloop
  endfacet
  facet normal 0.499973 0.49999 -0.707133
    outer loop
      vertex 9.30479 -0.42002 33.9788
      vertex 12.2386 -5.05654 32.7748
      vertex 11.9785 -5.17944 32.504
    endloop
  endfacet
  facet normal 0.49995 0.499976 -0.707159
    outer loop
      vertex 12.8984 -5.14308 33.1802
      vertex 9.33135 -0.106669 34.2192
      vertex 9.32842 0.217468 34.4463
    endloop
  endfacet
  facet normal 0.499935 0.499969 -0.707175
    outer loop
      vertex 12.8984 -5.14308 33.1802
      vertex 9.32842 0.217468 34.4463
      vertex 9.29604 0.549989 34.6585
    endloop
  endfacet
  facet normal 0.500003 0.500001 -0.707104
    outer loop
      vertex 13.2268 -5.34314 33.2709
      vertex 9.29604 0.549989 34.6585
      vertex 25.5779 -3.87792 43.0406
    endloop
  endfacet
  facet normal 0.499999 0.500062 -0.707064
    outer loop
      vertex 9.23444 0.888433 34.8543
      vertex 25.5779 -3.87792 43.0406
      vertex 9.29604 0.549989 34.6585
    endloop
  endfacet
  facet normal 0.500005 0.499925 -0.707156
    outer loop
      vertex 9.14409 1.2303 35.0321
      vertex 25.5779 -3.87792 43.0406
      vertex 9.23444 0.888433 34.8543
    endloop
  endfacet
  facet normal 0.500003 0.500005 -0.707101
    outer loop
      vertex 9.02564 1.57304 35.1907
      vertex 25.5779 -3.87792 43.0406
      vertex 9.14409 1.2303 35.0321
    endloop
  endfacet
  facet normal 0.500003 0.499994 -0.707109
    outer loop
      vertex 8.87999 1.91414 35.3289
      vertex 25.5779 -3.87792 43.0406
      vertex 9.02564 1.57304 35.1907
    endloop
  endfacet
  facet normal 0.500004 0.500073 -0.707052
    outer loop
      vertex 8.70819 2.25106 35.4457
      vertex 25.5779 -3.87792 43.0406
      vertex 8.87999 1.91414 35.3289
    endloop
  endfacet
  facet normal 0.500004 0.500056 -0.707065
    outer loop
      vertex 8.51154 2.58131 35.5402
      vertex 25.5779 -3.87792 43.0406
      vertex 8.70819 2.25106 35.4457
    endloop
  endfacet
  facet normal 0.499994 0.499869 -0.707203
    outer loop
      vertex 8.29148 2.90244 35.6116
      vertex 25.5779 -3.87792 43.0406
      vertex 8.51154 2.58131 35.5402
    endloop
  endfacet
  facet normal 0.500013 0.500142 -0.706998
    outer loop
      vertex 8.04963 3.21208 35.6596
      vertex 25.5779 -3.87792 43.0406
      vertex 8.29148 2.90244 35.6116
    endloop
  endfacet
  facet normal 0.499988 0.499849 -0.707222
    outer loop
      vertex 7.78781 3.50793 35.6836
      vertex 25.5779 -3.87792 43.0406
      vertex 8.04963 3.21208 35.6596
    endloop
  endfacet
  facet normal 0.500003 0.500003 -0.707102
    outer loop
      vertex 7.50793 3.78781 35.6836
      vertex 25.5779 -3.87792 43.0406
      vertex 7.78781 3.50793 35.6836
    endloop
  endfacet
  facet normal 0.499866 0.49999 -0.707208
    outer loop
      vertex 0.122078 21.5779 43.0406
      vertex 7.50793 3.78781 35.6836
      vertex 7.21208 4.04964 35.6596
    endloop
  endfacet
  facet normal 0.500127 0.500012 -0.707009
    outer loop
      vertex 0.122078 21.5779 43.0406
      vertex 7.21208 4.04964 35.6596
      vertex 6.90244 4.29148 35.6116
    endloop
  endfacet
  facet normal 0.499869 0.499994 -0.707203
    outer loop
      vertex 0.122078 21.5779 43.0406
      vertex 6.90244 4.29148 35.6116
      vertex 6.58131 4.51154 35.5402
    endloop
  endfacet
  facet normal 0.500056 0.500004 -0.707065
    outer loop
      vertex 0.122078 21.5779 43.0406
      vertex 6.58131 4.51154 35.5402
      vertex 6.25106 4.70819 35.4457
    endloop
  endfacet
  facet normal 0.500073 0.500004 -0.707052
    outer loop
      vertex 0.122078 21.5779 43.0406
      vertex 6.25106 4.70819 35.4457
      vertex 5.91414 4.87999 35.3289
    endloop
  endfacet
  facet normal 0.500277 0.499882 -0.706994
    outer loop
      vertex 2.1773 4.73266 32.5824
      vertex 2.25245 4.74429 32.6438
      vertex 2.22543 4.71886 32.6067
    endloop
  endfacet
  facet normal 0.50059 0.499208 -0.707249
    outer loop
      vertex 2.1773 4.73266 32.5824
      vertex 2.47926 4.91099 32.922
      vertex 2.25245 4.74429 32.6438
    endloop
  endfacet
  facet normal 0.499964 0.500019 -0.707119
    outer loop
      vertex 1.56283 4.86327 32.2403
      vertex 2.47926 4.91099 32.922
      vertex 2.1773 4.73266 32.5824
    endloop
  endfacet
  facet normal 0.499858 0.500299 -0.706996
    outer loop
      vertex 1.56283 4.86327 32.2403
      vertex 2.72733 5.05133 33.1967
      vertex 2.47926 4.91099 32.922
    endloop
  endfacet
  facet normal 0.500001 0.499995 -0.70711
    outer loop
      vertex -1.05654 8.23858 32.7748
      vertex 2.72733 5.05133 33.1967
      vertex 1.56283 4.86327 32.2403
    endloop
  endfacet
  facet normal 0.500004 0.499999 -0.707104
    outer loop
      vertex -1.05654 8.23858 32.7748
      vertex 2.99481 5.16427 33.4657
      vertex 2.72733 5.05133 33.1967
    endloop
  endfacet
  facet normal 0.500036 0.500016 -0.70707
    outer loop
      vertex -1.05654 8.23858 32.7748
      vertex 1.56283 4.86327 32.2403
      vertex 0.940756 4.9507 31.8622
    endloop
  endfacet
  facet normal 0.49996 0.499928 -0.707186
    outer loop
      vertex 2.99481 5.16427 33.4657
      vertex -1.04397 8.55671 33.0086
      vertex 3.27973 5.24896 33.727
    endloop
  endfacet
  facet normal 0.499977 0.499996 -0.707126
    outer loop
      vertex -1.05654 8.23858 32.7748
      vertex 0.940756 4.9507 31.8622
      vertex 0.314095 4.99452 31.4501
    endloop
  endfacet
  facet normal 0.500003 0.500003 -0.707102
    outer loop
      vertex 7.50793 3.78781 35.6836
      vertex 0.122078 21.5779 43.0406
      vertex 25.5779 -3.87792 43.0406
    endloop
  endfacet
  facet normal 0.499994 0.500003 -0.707109
    outer loop
      vertex 5.57304 5.02564 35.1907
      vertex 0.122078 21.5779 43.0406
      vertex 5.91414 4.87999 35.3289
    endloop
  endfacet
  facet normal 0.500005 0.500003 -0.707101
    outer loop
      vertex 5.2303 5.14409 35.0321
      vertex 0.122078 21.5779 43.0406
      vertex 5.57304 5.02564 35.1907
    endloop
  endfacet
  facet normal 0.499922 0.500005 -0.707158
    outer loop
      vertex 4.88843 5.23444 34.8543
      vertex 0.122078 21.5779 43.0406
      vertex 5.2303 5.14409 35.0321
    endloop
  endfacet
  facet normal 0.500066 0.499998 -0.707061
    outer loop
      vertex 4.54999 5.29604 34.6585
      vertex 0.122078 21.5779 43.0406
      vertex 4.88843 5.23444 34.8543
    endloop
  endfacet
  facet normal 0.499972 0.49993 -0.707176
    outer loop
      vertex -1.14308 8.89845 33.1802
      vertex 4.54999 5.29604 34.6585
      vertex 4.21747 5.32842 34.4463
    endloop
  endfacet
  facet normal 0.499976 0.499941 -0.707166
    outer loop
      vertex -1.14308 8.89845 33.1802
      vertex 4.21747 5.32842 34.4463
      vertex 3.89333 5.33135 34.2192
    endloop
  endfacet
  facet normal 0.500039 0.500074 -0.707027
    outer loop
      vertex -1.04397 8.55671 33.0086
      vertex 3.89333 5.33135 34.2192
      vertex 3.57998 5.30479 33.9788
    endloop
  endfacet
  facet normal 0.500012 0.500017 -0.707087
    outer loop
      vertex 3.27973 5.24896 33.727
      vertex -1.04397 8.55671 33.0086
      vertex 3.57998 5.30479 33.9788
    endloop
  endfacet
  facet normal 0.500003 0.499998 -0.707106
    outer loop
      vertex -1.05654 8.23858 32.7748
      vertex 0.314095 4.99452 31.4501
      vertex -0.314095 4.99452 31.0059
    endloop
  endfacet
  facet normal 0.499996 0.500008 -0.707104
    outer loop
      vertex -1.39935 7.80477 32.2257
      vertex -0.314095 4.99452 31.0059
      vertex -0.940756 4.9507 30.5318
    endloop
  endfacet
  facet normal 0.50003 0.500052 -0.707049
    outer loop
      vertex 3.89333 5.33135 34.2192
      vertex -1.04397 8.55671 33.0086
      vertex -1.14308 8.89845 33.1802
    endloop
  endfacet
  facet normal 0.500003 0.500013 -0.707096
    outer loop
      vertex 4.54999 5.29604 34.6585
      vertex -1.14308 8.89845 33.1802
      vertex -1.34314 9.22677 33.2709
    endloop
  endfacet
  facet normal 0.499999 0.500003 -0.707106
    outer loop
      vertex 4.54999 5.29604 34.6585
      vertex -1.34314 9.22677 33.2709
      vertex 0.122078 21.5779 43.0406
    endloop
  endfacet
  facet normal 0.500002 0.500002 -0.707104
    outer loop
      vertex -1.62247 9.5061 33.2709
      vertex 0.122078 21.5779 43.0406
      vertex -1.34314 9.22677 33.2709
    endloop
  endfacet
  facet normal 0.500011 0.499998 -0.707101
    outer loop
      vertex -1.95079 9.70616 33.1802
      vertex 0.122078 21.5779 43.0406
      vertex -1.62247 9.5061 33.2709
    endloop
  endfacet
  facet normal 0.500054 0.499977 -0.707085
    outer loop
      vertex -2.29253 9.80527 33.0086
      vertex 0.122078 21.5779 43.0406
      vertex -1.95079 9.70616 33.1802
    endloop
  endfacet
  facet normal 0.499926 0.500041 -0.70713
    outer loop
      vertex -2.61066 9.7927 32.7748
      vertex 0.122078 21.5779 43.0406
      vertex -2.29253 9.80527 33.0086
    endloop
  endfacet
  facet normal 0.500048 0.499977 -0.707089
    outer loop
      vertex -2.8707 9.6698 32.504
      vertex 0.122078 21.5779 43.0406
      vertex -2.61066 9.7927 32.7748
    endloop
  endfacet
  facet normal 0.50014 0.499738 -0.707193
    outer loop
      vertex -14.8779 6.57792 21.8274
      vertex -2.8707 9.6698 32.504
      vertex -3.04448 9.44989 32.2257
    endloop
  endfacet
  facet normal 0.499872 0.500076 -0.707144
    outer loop
      vertex -2.91763 8.48265 31.6314
      vertex -4.5 3.79423 27.1973
      vertex -3.06928 8.82231 31.7644
    endloop
  endfacet
  facet normal 0.500005 0.500001 -0.707103
    outer loop
      vertex -5.03274 3.46134 26.5852
      vertex -3.06928 8.82231 31.7644
      vertex -4.5 3.79423 27.1973
    endloop
  endfacet
  facet normal 0.500072 0.499959 -0.707085
    outer loop
      vertex -5.54095 3.0921 25.9647
      vertex -3.06928 8.82231 31.7644
      vertex -5.03274 3.46134 26.5852
    endloop
  endfacet
  facet normal 0.499996 0.500009 -0.707103
    outer loop
      vertex -14.8779 6.57792 21.8274
      vertex -3.06928 8.82231 31.7644
      vertex -5.54095 3.0921 25.9647
    endloop
  endfacet
  facet normal 0.500006 0.499989 -0.70711
    outer loop
      vertex -3.06928 8.82231 31.7644
      vertex -14.8779 6.57792 21.8274
      vertex -3.11315 9.15681 31.9699
    endloop
  endfacet
  facet normal 0.499996 0.500008 -0.707104
    outer loop
      vertex -3.11315 9.15681 31.9699
      vertex -14.8779 6.57792 21.8274
      vertex -3.04448 9.44989 32.2257
    endloop
  endfacet
  facet normal 0.499996 0.500002 -0.707109
    outer loop
      vertex -14.8779 6.57792 21.8274
      vertex -5.54095 3.0921 25.9647
      vertex -6.02217 2.6883 25.3389
    endloop
  endfacet
  facet normal 0.499996 0.500003 -0.707108
    outer loop
      vertex -14.8779 6.57792 21.8274
      vertex -6.02217 2.6883 25.3389
      vertex -6.47406 2.25192 24.7108
    endloop
  endfacet
  facet normal 0.499993 0.499988 -0.70712
    outer loop
      vertex -14.8779 6.57792 21.8274
      vertex -6.47406 2.25192 24.7108
      vertex -6.8944 1.78509 24.0835
    endloop
  endfacet
  facet normal 0.499996 0.499999 -0.70711
    outer loop
      vertex -14.8779 6.57792 21.8274
      vertex -6.8944 1.78509 24.0835
      vertex -7.28115 1.29007 23.46
    endloop
  endfacet
  facet normal 0.499985 0.499974 -0.707136
    outer loop
      vertex -14.8779 6.57792 21.8274
      vertex -7.28115 1.29007 23.46
      vertex -7.63243 0.769273 22.8434
    endloop
  endfacet
  facet normal 0.500004 0.500005 -0.7071
    outer loop
      vertex -14.8779 6.57792 21.8274
      vertex -7.63243 0.769273 22.8434
      vertex -7.94653 0.225244 22.2366
    endloop
  endfacet
  facet normal 0.499994 0.499993 -0.707116
    outer loop
      vertex -14.8779 6.57792 21.8274
      vertex -7.94653 0.225244 22.2366
      vertex -8.13625 -0.163748 21.8274
    endloop
  endfacet
  facet normal 0.499994 0.500006 -0.707106
    outer loop
      vertex -2.8707 9.6698 32.504
      vertex -14.8779 6.57792 21.8274
      vertex 0.122078 21.5779 43.0406
    endloop
  endfacet
  facet normal -0.707107 0.707107 -3.33337e-08
    outer loop
      vertex -17.0779 4.37792 24.9386
      vertex 0.122078 21.5779 43.0406
      vertex -14.8779 6.57792 21.8274
    endloop
  endfacet
  facet normal -0.707107 0.707107 2.27275e-07
    outer loop
      vertex 0.122078 21.5779 43.0406
      vertex -17.0779 4.37792 24.9386
      vertex -2.07792 19.3779 46.1518
    endloop
  endfacet
  facet normal -0.499974 -0.499892 -0.707202
    outer loop
      vertex -17.0779 4.37792 24.9386
      vertex -8.13625 -0.163748 21.8274
      vertex -8.22191 -0.339371 22.0121
    endloop
  endfacet
  facet normal -0.500007 -0.500031 -0.707079
    outer loop
      vertex -17.0779 4.37792 24.9386
      vertex -8.22191 -0.339371 22.0121
      vertex -8.45723 -0.921819 22.5904
    endloop
  endfacet
  facet normal -0.499993 -0.499991 -0.707118
    outer loop
      vertex -17.0779 4.37792 24.9386
      vertex -8.45723 -0.921819 22.5904
      vertex -8.65135 -1.51926 23.1501
    endloop
  endfacet
  facet normal -0.499977 -0.499958 -0.707153
    outer loop
      vertex -17.0779 4.37792 24.9386
      vertex -8.65135 -1.51926 23.1501
      vertex -8.80333 -2.1288 23.6885
    endloop
  endfacet
  facet normal -0.500011 -0.500012 -0.707091
    outer loop
      vertex -17.0779 4.37792 24.9386
      vertex -8.80333 -2.1288 23.6885
      vertex -8.91241 -2.74744 24.2031
    endloop
  endfacet
  facet normal -0.500001 -0.499999 -0.707107
    outer loop
      vertex -17.0779 4.37792 24.9386
      vertex -8.91241 -2.74744 24.2031
      vertex -8.97808 -3.37219 24.6913
    endloop
  endfacet
  facet normal -0.500004 -0.500003 -0.707101
    outer loop
      vertex -17.0779 4.37792 24.9386
      vertex -8.97808 -3.37219 24.6913
      vertex -8.98988 -3.71012 24.9386
    endloop
  endfacet
  facet normal -0.499995 -0.499994 -0.707115
    outer loop
      vertex -8.13625 -0.163748 21.8274
      vertex -17.0779 4.37792 24.9386
      vertex -14.8779 6.57792 21.8274
    endloop
  endfacet
  facet normal -0.499994 -0.499997 -0.707113
    outer loop
      vertex 8.37792 -21.0779 24.9386
      vertex 3.83726 -12.1373 21.8274
      vertex 10.5779 -18.8779 21.8274
    endloop
  endfacet
  facet normal -0.499982 -0.499995 -0.707123
    outer loop
      vertex 8.37792 -21.0779 24.9386
      vertex 3.37146 -12.3447 22.3034
      vertex 3.83726 -12.1373 21.8274
    endloop
  endfacet
  facet normal -0.500001 -0.5 -0.707106
    outer loop
      vertex 8.37792 -21.0779 24.9386
      vertex 2.78115 -12.5595 22.8727
      vertex 3.37146 -12.3447 22.3034
    endloop
  endfacet
  facet normal -0.499967 -0.499986 -0.70714
    outer loop
      vertex 8.37792 -21.0779 24.9386
      vertex 2.1773 -12.7327 23.4221
      vertex 2.78115 -12.5595 22.8727
    endloop
  endfacet
  facet normal -0.50003 -0.50002 -0.707071
    outer loop
      vertex 8.37792 -21.0779 24.9386
      vertex 1.56283 -12.8633 23.949
      vertex 2.1773 -12.7327 23.4221
    endloop
  endfacet
  facet normal -0.500015 -0.50001 -0.70709
    outer loop
      vertex 8.37792 -21.0779 24.9386
      vertex 0.940756 -12.9507 24.4507
      vertex 1.56283 -12.8633 23.949
    endloop
  endfacet
  facet normal -0.500008 -0.500004 -0.707099
    outer loop
      vertex 8.37792 -21.0779 24.9386
      vertex 0.314095 -12.9945 24.9248
      vertex 0.940756 -12.9507 24.4507
    endloop
  endfacet
  facet normal -0.499208 -0.499208 -0.708225
    outer loop
      vertex 0.314095 -12.9945 24.9248
      vertex 8.37792 -21.0779 24.9386
      vertex 0.294517 -12.9945 24.9386
    endloop
  endfacet
  facet normal 0.707107 -0.707107 0
    outer loop
      vertex 8.37792 -21.0779 24.9386
      vertex 25.5779 -3.87792 43.0406
      vertex 23.3779 -6.07792 46.1518
    endloop
  endfacet
  facet normal 0.707108 -0.707105 -2.60609e-06
    outer loop
      vertex 25.5779 -3.87792 43.0406
      vertex 8.37792 -21.0779 24.9386
      vertex 10.5779 -18.8779 21.8274
    endloop
  endfacet
  facet normal -0.0243649 -0.0243649 0.999406
    outer loop
      vertex 23.3779 -6.07792 46.1518
      vertex 1.16978 -4.16978 45.6569
      vertex 6.15685 -9.15685 45.6569
    endloop
  endfacet
  facet normal -0.0243623 -0.0243348 0.999407
    outer loop
      vertex 23.3779 -6.07792 46.1518
      vertex 0.978436 -3.85912 45.6598
      vertex 1.16978 -4.16978 45.6569
    endloop
  endfacet
  facet normal -0.024364 -0.0243523 0.999407
    outer loop
      vertex 23.3779 -6.07792 46.1518
      vertex 0.732487 -3.54739 45.6614
      vertex 0.978436 -3.85912 45.6598
    endloop
  endfacet
  facet normal -0.0243654 -0.0243651 0.999406
    outer loop
      vertex 23.3779 -6.07792 46.1518
      vertex 0.452611 -3.26751 45.6614
      vertex 0.732487 -3.54739 45.6614
    endloop
  endfacet
  facet normal -0.0243655 -0.0243655 0.999406
    outer loop
      vertex -2.07792 19.3779 46.1518
      vertex 0.452611 -3.26751 45.6614
      vertex 23.3779 -6.07792 46.1518
    endloop
  endfacet
  facet normal -0.0243523 -0.024364 0.999407
    outer loop
      vertex 0.452611 -3.26751 45.6614
      vertex -2.07792 19.3779 46.1518
      vertex 0.14088 -3.02156 45.6598
    endloop
  endfacet
  facet normal -0.0243348 -0.0243623 0.999407
    outer loop
      vertex 0.14088 -3.02156 45.6598
      vertex -2.07792 19.3779 46.1518
      vertex -0.169776 -2.83022 45.6569
    endloop
  endfacet
  facet normal -0.0243648 -0.0243649 0.999406
    outer loop
      vertex -0.169776 -2.83022 45.6569
      vertex -2.07792 19.3779 46.1518
      vertex -5.15685 2.15685 45.6569
    endloop
  endfacet
  facet normal -0.7067 -0.706678 0.0343679
    outer loop
      vertex 0.940756 -12.9507 39.089
      vertex 1.65685 -13.6569 39.2929
      vertex 0.949472 -12.9495 39.2929
    endloop
  endfacet
  facet normal -0.706711 -0.706662 0.0344624
    outer loop
      vertex 0.314095 -12.9945 25.3401
      vertex 1.65685 -13.6569 39.2929
      vertex 0.940756 -12.9507 39.089
    endloop
  endfacet
  facet normal -0.706687 -0.706687 0.0344596
    outer loop
      vertex 8.37792 -21.0779 24.9386
      vertex 0.314095 -12.9945 25.3401
      vertex 0.294517 -12.9945 24.9386
    endloop
  endfacet
  facet normal -0.706687 -0.706687 0.0344589
    outer loop
      vertex 0.314095 -12.9945 25.3401
      vertex 8.37792 -21.0779 24.9386
      vertex 1.65685 -13.6569 39.2929
    endloop
  endfacet
  facet normal -0.706687 -0.706687 0.0344626
    outer loop
      vertex -9.65685 -2.34315 39.2929
      vertex -8.97808 -3.37219 32.1103
      vertex -8.94476 -3.05524 39.2929
    endloop
  endfacet
  facet normal -0.706688 -0.706686 0.0344623
    outer loop
      vertex -17.0779 4.37792 24.9386
      vertex -8.97808 -3.37219 32.1103
      vertex -9.65685 -2.34315 39.2929
    endloop
  endfacet
  facet normal -0.706688 -0.706686 0.0344617
    outer loop
      vertex -8.97808 -3.37219 32.1103
      vertex -17.0779 4.37792 24.9386
      vertex -8.98988 -3.71012 24.9386
    endloop
  endfacet
  facet normal 0.137638 -0.852051 0.505039
    outer loop
      vertex 6.15685 -9.15685 45.6569
      vertex 5.8251 -11.47 41.8448
      vertex 6.2491 -11.3516 41.929
    endloop
  endfacet
  facet normal 0.137922 -0.852028 0.505001
    outer loop
      vertex 6.15685 -9.15685 45.6569
      vertex 5.51755 -11.6404 41.6413
      vertex 5.8251 -11.47 41.8448
    endloop
  endfacet
  facet normal 0.137835 -0.852032 0.505017
    outer loop
      vertex 1.65685 -13.6569 39.2929
      vertex 5.51755 -11.6404 41.6413
      vertex 6.15685 -9.15685 45.6569
    endloop
  endfacet
  facet normal 0.137827 -0.85203 0.505024
    outer loop
      vertex 8.37792 -21.0779 24.9386
      vertex 6.79857 -12.6017 39.6699
      vertex 1.65685 -13.6569 39.2929
    endloop
  endfacet
  facet normal 0.137808 -0.851974 0.505122
    outer loop
      vertex 6.29962 -12.5496 39.8939
      vertex 1.65685 -13.6569 39.2929
      vertex 6.79857 -12.6017 39.6699
    endloop
  endfacet
  facet normal 0.137837 -0.852034 0.505014
    outer loop
      vertex 5.86569 -12.4325 40.2099
      vertex 1.65685 -13.6569 39.2929
      vertex 6.29962 -12.5496 39.8939
    endloop
  endfacet
  facet normal 0.13785 -0.852053 0.504978
    outer loop
      vertex 5.5438 -12.2631 40.5836
      vertex 1.65685 -13.6569 39.2929
      vertex 5.86569 -12.4325 40.2099
    endloop
  endfacet
  facet normal 0.137824 -0.852027 0.505029
    outer loop
      vertex 5.36884 -12.0597 40.9745
      vertex 1.65685 -13.6569 39.2929
      vertex 5.5438 -12.2631 40.5836
    endloop
  endfacet
  facet normal 0.137889 -0.852075 0.504931
    outer loop
      vertex 5.35976 -11.8444 41.3403
      vertex 1.65685 -13.6569 39.2929
      vertex 5.36884 -12.0597 40.9745
    endloop
  endfacet
  facet normal 0.137655 -0.851935 0.50523
    outer loop
      vertex 5.51755 -11.6404 41.6413
      vertex 1.65685 -13.6569 39.2929
      vertex 5.35976 -11.8444 41.3403
    endloop
  endfacet
  facet normal 0.137973 -0.852007 0.505022
    outer loop
      vertex 6.74359 -11.2979 41.8845
      vertex 6.15685 -9.15685 45.6569
      vertex 6.2491 -11.3516 41.929
    endloop
  endfacet
  facet normal 0.137775 -0.852045 0.505012
    outer loop
      vertex 7.25499 -11.3149 41.7163
      vertex 6.15685 -9.15685 45.6569
      vertex 6.74359 -11.2979 41.8845
    endloop
  endfacet
  facet normal 0.13781 -0.852036 0.505017
    outer loop
      vertex 7.72788 -11.4007 41.4425
      vertex 6.15685 -9.15685 45.6569
      vertex 7.25499 -11.3149 41.7163
    endloop
  endfacet
  facet normal 0.137953 -0.851995 0.505049
    outer loop
      vertex 8.11102 -11.5459 41.0929
      vertex 6.15685 -9.15685 45.6569
      vertex 7.72788 -11.4007 41.4425
    endloop
  endfacet
  facet normal 0.137821 -0.852036 0.505014
    outer loop
      vertex 6.15685 -9.15685 45.6569
      vertex 8.11102 -11.5459 41.0929
      vertex 23.3779 -6.07792 46.1518
    endloop
  endfacet
  facet normal 0.137776 -0.851992 0.505102
    outer loop
      vertex 8.36288 -11.7349 40.7054
      vertex 23.3779 -6.07792 46.1518
      vertex 8.11102 -11.5459 41.0929
    endloop
  endfacet
  facet normal 0.137803 -0.852016 0.505054
    outer loop
      vertex 8.45617 -11.9472 40.3218
      vertex 23.3779 -6.07792 46.1518
      vertex 8.36288 -11.7349 40.7054
    endloop
  endfacet
  facet normal 0.137865 -0.852069 0.504948
    outer loop
      vertex 8.38079 -12.1597 39.9838
      vertex 23.3779 -6.07792 46.1518
      vertex 8.45617 -11.9472 40.3218
    endloop
  endfacet
  facet normal 0.138113 -0.851996 0.505003
    outer loop
      vertex 8.37792 -21.0779 24.9386
      vertex 8.38079 -12.1597 39.9838
      vertex 8.1449 -12.3495 39.7281
    endloop
  endfacet
  facet normal 0.137849 -0.852026 0.505024
    outer loop
      vertex 6.79857 -12.6017 39.6699
      vertex 8.37792 -21.0779 24.9386
      vertex 7.30847 -12.5831 39.5621
    endloop
  endfacet
  facet normal 0.137818 -0.852031 0.505024
    outer loop
      vertex 8.38079 -12.1597 39.9838
      vertex 8.37792 -21.0779 24.9386
      vertex 23.3779 -6.07792 46.1518
    endloop
  endfacet
  facet normal 0.137682 -0.85205 0.505029
    outer loop
      vertex 7.77407 -12.4959 39.5822
      vertex 8.37792 -21.0779 24.9386
      vertex 8.1449 -12.3495 39.7281
    endloop
  endfacet
  facet normal 0.137772 -0.852038 0.505025
    outer loop
      vertex 7.30847 -12.5831 39.5621
      vertex 8.37792 -21.0779 24.9386
      vertex 7.77407 -12.4959 39.5822
    endloop
  endfacet
  facet normal -0.500006 -0.499995 0.707106
    outer loop
      vertex 6.15685 -9.15685 45.6569
      vertex 1.64429 -8.84755 42.6847
      vertex 1.78728 -12.8156 39.98
    endloop
  endfacet
  facet normal -0.49998 -0.500003 0.707119
    outer loop
      vertex 1.45245 -9.05142 42.4049
      vertex 1.78728 -12.8156 39.98
      vertex 1.64429 -8.84755 42.6847
    endloop
  endfacet
  facet normal -0.500018 -0.499993 0.707099
    outer loop
      vertex 1.23691 -9.23086 42.1256
      vertex 1.78728 -12.8156 39.98
      vertex 1.45245 -9.05142 42.4049
    endloop
  endfacet
  facet normal -0.499977 -0.500001 0.707122
    outer loop
      vertex 0.999248 -9.38453 41.8489
      vertex 1.78728 -12.8156 39.98
      vertex 1.23691 -9.23086 42.1256
    endloop
  endfacet
  facet normal -0.500056 -0.499992 0.707073
    outer loop
      vertex 0.741236 -9.51128 41.5768
      vertex 1.78728 -12.8156 39.98
      vertex 0.999248 -9.38453 41.8489
    endloop
  endfacet
  facet normal -0.499965 -0.499994 0.707136
    outer loop
      vertex 0.464778 -9.61019 41.3114
      vertex 1.78728 -12.8156 39.98
      vertex 0.741236 -9.51128 41.5768
    endloop
  endfacet
  facet normal -0.499987 -0.499996 0.707119
    outer loop
      vertex 0.171924 -9.68052 41.0546
      vertex 1.78728 -12.8156 39.98
      vertex 0.464778 -9.61019 41.3114
    endloop
  endfacet
  facet normal -0.500007 -0.5 0.707102
    outer loop
      vertex -0.13516 -9.72175 40.8083
      vertex 1.78728 -12.8156 39.98
      vertex 0.171924 -9.68052 41.0546
    endloop
  endfacet
  facet normal -0.500061 -0.50002 0.70705
    outer loop
      vertex -0.4542 -9.73357 40.5743
      vertex 1.78728 -12.8156 39.98
      vertex -0.13516 -9.72175 40.8083
    endloop
  endfacet
  facet normal -0.500023 -0.5 0.70709
    outer loop
      vertex -0.782833 -9.7159 40.3544
      vertex 1.78728 -12.8156 39.98
      vertex -0.4542 -9.73357 40.5743
    endloop
  endfacet
  facet normal -0.499888 -0.499907 0.707252
    outer loop
      vertex -1.11863 -9.66887 40.1503
      vertex 1.78728 -12.8156 39.98
      vertex -0.782833 -9.7159 40.3544
    endloop
  endfacet
  facet normal -0.500064 -0.500057 0.707021
    outer loop
      vertex 1.78728 -12.8156 39.98
      vertex -1.11863 -9.66887 40.1503
      vertex -1.42866 -9.59962 39.98
    endloop
  endfacet
  facet normal -0.499997 -0.499958 0.707139
    outer loop
      vertex 6.15685 -9.15685 45.6569
      vertex 2.22842 -6.88253 44.4872
      vertex 2.23135 -7.20667 44.2601
    endloop
  endfacet
  facet normal -0.500038 -0.500092 0.707015
    outer loop
      vertex 6.15685 -9.15685 45.6569
      vertex 2.19604 -6.55001 44.6995
      vertex 2.22842 -6.88253 44.4872
    endloop
  endfacet
  facet normal -0.499968 -0.499923 0.707184
    outer loop
      vertex 6.15685 -9.15685 45.6569
      vertex 2.13444 -6.21157 44.8952
      vertex 2.19604 -6.55001 44.6995
    endloop
  endfacet
  facet normal -0.500045 -0.50007 0.707025
    outer loop
      vertex 6.15685 -9.15685 45.6569
      vertex 2.04409 -5.8697 45.0731
      vertex 2.13444 -6.21157 44.8952
    endloop
  endfacet
  facet normal -0.500004 -0.500005 0.707101
    outer loop
      vertex 6.15685 -9.15685 45.6569
      vertex 1.92564 -5.52696 45.2317
      vertex 2.04409 -5.8697 45.0731
    endloop
  endfacet
  facet normal -0.499995 -0.499993 0.707115
    outer loop
      vertex 6.15685 -9.15685 45.6569
      vertex 1.77999 -5.18586 45.3699
      vertex 1.92564 -5.52696 45.2317
    endloop
  endfacet
  facet normal -0.499905 -0.499883 0.707257
    outer loop
      vertex 6.15685 -9.15685 45.6569
      vertex 1.60819 -4.84894 45.4866
      vertex 1.77999 -5.18586 45.3699
    endloop
  endfacet
  facet normal -0.500083 -0.500081 0.706991
    outer loop
      vertex 6.15685 -9.15685 45.6569
      vertex 1.41154 -4.51869 45.5811
      vertex 1.60819 -4.84894 45.4866
    endloop
  endfacet
  facet normal -0.500114 -0.500114 0.706945
    outer loop
      vertex 6.15685 -9.15685 45.6569
      vertex 1.19148 -4.19756 45.6526
      vertex 1.41154 -4.51869 45.5811
    endloop
  endfacet
  facet normal -0.500046 -0.500046 0.707042
    outer loop
      vertex 1.19148 -4.19756 45.6526
      vertex 6.15685 -9.15685 45.6569
      vertex 1.16978 -4.16978 45.6569
    endloop
  endfacet
  facet normal -0.500018 -0.500062 0.70705
    outer loop
      vertex 2.20479 -7.52002 44.0197
      vertex 6.15685 -9.15685 45.6569
      vertex 2.23135 -7.20667 44.2601
    endloop
  endfacet
  facet normal -0.5 -0.499872 0.707197
    outer loop
      vertex 2.14896 -7.82027 43.768
      vertex 6.15685 -9.15685 45.6569
      vertex 2.20479 -7.52002 44.0197
    endloop
  endfacet
  facet normal -0.5 -0.50007 0.707058
    outer loop
      vertex 2.06427 -8.10519 43.5066
      vertex 6.15685 -9.15685 45.6569
      vertex 2.14896 -7.82027 43.768
    endloop
  endfacet
  facet normal -0.500006 -0.5 0.707103
    outer loop
      vertex 1.95133 -8.37267 43.2376
      vertex 6.15685 -9.15685 45.6569
      vertex 2.06427 -8.10519 43.5066
    endloop
  endfacet
  facet normal -0.50002 -0.499909 0.707157
    outer loop
      vertex 1.81099 -8.62074 42.963
      vertex 6.15685 -9.15685 45.6569
      vertex 1.95133 -8.37267 43.2376
    endloop
  endfacet
  facet normal -0.499979 -0.500095 0.707054
    outer loop
      vertex 1.64429 -8.84755 42.6847
      vertex 6.15685 -9.15685 45.6569
      vertex 1.81099 -8.62074 42.963
    endloop
  endfacet
  facet normal -0.500017 -0.499983 0.707107
    outer loop
      vertex 1.78728 -12.8156 39.98
      vertex 1.65685 -13.6569 39.2929
      vertex 6.15685 -9.15685 45.6569
    endloop
  endfacet
  facet normal -0.499905 -0.500035 0.707149
    outer loop
      vertex 1.56283 -12.8633 39.7876
      vertex 1.65685 -13.6569 39.2929
      vertex 1.78728 -12.8156 39.98
    endloop
  endfacet
  facet normal -0.500024 -0.500008 0.707084
    outer loop
      vertex 1.65685 -13.6569 39.2929
      vertex 1.56283 -12.8633 39.7876
      vertex 0.949472 -12.9495 39.2929
    endloop
  endfacet
  facet normal -0.499923 -0.499924 0.707215
    outer loop
      vertex -5.15685 2.15685 45.6569
      vertex -0.197559 -2.80852 45.6526
      vertex -0.169776 -2.83022 45.6569
    endloop
  endfacet
  facet normal -0.500109 -0.500109 0.706952
    outer loop
      vertex -5.15685 2.15685 45.6569
      vertex -0.518691 -2.58846 45.5811
      vertex -0.197559 -2.80852 45.6526
    endloop
  endfacet
  facet normal -0.500083 -0.500084 0.706988
    outer loop
      vertex -5.15685 2.15685 45.6569
      vertex -0.84894 -2.39181 45.4866
      vertex -0.518691 -2.58846 45.5811
    endloop
  endfacet
  facet normal -0.499883 -0.499905 0.707257
    outer loop
      vertex -5.15685 2.15685 45.6569
      vertex -1.18586 -2.22001 45.3699
      vertex -0.84894 -2.39181 45.4866
    endloop
  endfacet
  facet normal -0.499993 -0.499995 0.707115
    outer loop
      vertex -5.15685 2.15685 45.6569
      vertex -1.52696 -2.07436 45.2317
      vertex -1.18586 -2.22001 45.3699
    endloop
  endfacet
  facet normal -0.500005 -0.500004 0.707101
    outer loop
      vertex -5.15685 2.15685 45.6569
      vertex -1.8697 -1.95591 45.0731
      vertex -1.52696 -2.07436 45.2317
    endloop
  endfacet
  facet normal -0.50007 -0.500045 0.707025
    outer loop
      vertex -5.15685 2.15685 45.6569
      vertex -2.21157 -1.86556 44.8952
      vertex -1.8697 -1.95591 45.0731
    endloop
  endfacet
  facet normal -0.499923 -0.499968 0.707184
    outer loop
      vertex -5.15685 2.15685 45.6569
      vertex -2.55001 -1.80396 44.6995
      vertex -2.21157 -1.86556 44.8952
    endloop
  endfacet
  facet normal -0.500092 -0.500038 0.707015
    outer loop
      vertex -5.15685 2.15685 45.6569
      vertex -2.88253 -1.77158 44.4872
      vertex -2.55001 -1.80396 44.6995
    endloop
  endfacet
  facet normal -0.499958 -0.499997 0.707139
    outer loop
      vertex -5.15685 2.15685 45.6569
      vertex -3.20667 -1.76865 44.2601
      vertex -2.88253 -1.77158 44.4872
    endloop
  endfacet
  facet normal -0.500062 -0.500018 0.70705
    outer loop
      vertex -5.15685 2.15685 45.6569
      vertex -3.52002 -1.79521 44.0197
      vertex -3.20667 -1.76865 44.2601
    endloop
  endfacet
  facet normal -0.499872 -0.5 0.707197
    outer loop
      vertex -5.15685 2.15685 45.6569
      vertex -3.82027 -1.85104 43.768
      vertex -3.52002 -1.79521 44.0197
    endloop
  endfacet
  facet normal -0.50007 -0.5 0.707058
    outer loop
      vertex -5.15685 2.15685 45.6569
      vertex -4.10519 -1.93573 43.5066
      vertex -3.82027 -1.85104 43.768
    endloop
  endfacet
  facet normal -0.5 -0.500006 0.707103
    outer loop
      vertex -5.15685 2.15685 45.6569
      vertex -4.37267 -2.04867 43.2376
      vertex -4.10519 -1.93573 43.5066
    endloop
  endfacet
  facet normal -0.499909 -0.50002 0.707157
    outer loop
      vertex -5.15685 2.15685 45.6569
      vertex -4.62074 -2.18901 42.963
      vertex -4.37267 -2.04867 43.2376
    endloop
  endfacet
  facet normal -0.500095 -0.499979 0.707054
    outer loop
      vertex -5.15685 2.15685 45.6569
      vertex -4.84755 -2.35571 42.6847
      vertex -4.62074 -2.18901 42.963
    endloop
  endfacet
  facet normal -0.499999 -0.500005 0.707104
    outer loop
      vertex -8.81774 -2.21054 39.98
      vertex -4.84755 -2.35571 42.6847
      vertex -5.15685 2.15685 45.6569
    endloop
  endfacet
  facet normal -0.500008 -0.499975 0.707119
    outer loop
      vertex -4.84755 -2.35571 42.6847
      vertex -8.81774 -2.21054 39.98
      vertex -5.05142 -2.54755 42.4049
    endloop
  endfacet
  facet normal -0.499998 -0.500014 0.707098
    outer loop
      vertex -5.05142 -2.54755 42.4049
      vertex -8.81774 -2.21054 39.98
      vertex -5.23086 -2.76309 42.1256
    endloop
  endfacet
  facet normal -0.500005 -0.499976 0.70712
    outer loop
      vertex -5.23086 -2.76309 42.1256
      vertex -8.81774 -2.21054 39.98
      vertex -5.38453 -3.00075 41.8489
    endloop
  endfacet
  facet normal -0.499996 -0.500055 0.70707
    outer loop
      vertex -5.38453 -3.00075 41.8489
      vertex -8.81774 -2.21054 39.98
      vertex -5.51128 -3.25876 41.5768
    endloop
  endfacet
  facet normal -0.499998 -0.499961 0.707136
    outer loop
      vertex -5.51128 -3.25876 41.5768
      vertex -8.81774 -2.21054 39.98
      vertex -5.61019 -3.53522 41.3114
    endloop
  endfacet
  facet normal -0.5 -0.499979 0.707122
    outer loop
      vertex -5.61019 -3.53522 41.3114
      vertex -8.81774 -2.21054 39.98
      vertex -5.68052 -3.82808 41.0546
    endloop
  endfacet
  facet normal -0.500025 -0.500059 0.707048
    outer loop
      vertex -5.72175 -4.13516 40.8083
      vertex -8.81774 -2.21054 39.98
      vertex -5.73357 -4.4542 40.5743
    endloop
  endfacet
  facet normal -0.500006 -0.500008 0.707096
    outer loop
      vertex -5.68052 -3.82808 41.0546
      vertex -8.81774 -2.21054 39.98
      vertex -5.72175 -4.13516 40.8083
    endloop
  endfacet
  facet normal -0.499977 -0.499977 0.70714
    outer loop
      vertex -8.91241 -2.74744 39.5334
      vertex -9.65685 -2.34315 39.2929
      vertex -8.94476 -3.05524 39.2929
    endloop
  endfacet
  facet normal -0.499987 -0.500017 0.707104
    outer loop
      vertex -8.81774 -2.21054 39.98
      vertex -9.65685 -2.34315 39.2929
      vertex -8.91241 -2.74744 39.5334
    endloop
  endfacet
  facet normal -0.499988 -0.500016 0.707105
    outer loop
      vertex -9.65685 -2.34315 39.2929
      vertex -8.81774 -2.21054 39.98
      vertex -5.15685 2.15685 45.6569
    endloop
  endfacet
  facet normal -0.500063 -0.500063 0.707018
    outer loop
      vertex -5.66887 -5.11863 40.1503
      vertex -8.81774 -2.21054 39.98
      vertex -5.59962 -5.42866 39.98
    endloop
  endfacet
  facet normal -0.49991 -0.499884 0.707252
    outer loop
      vertex -5.7159 -4.78283 40.3544
      vertex -8.81774 -2.21054 39.98
      vertex -5.66887 -5.11863 40.1503
    endloop
  endfacet
  facet normal -0.500007 -0.500025 0.707085
    outer loop
      vertex -8.81774 -2.21054 39.98
      vertex -5.7159 -4.78283 40.3544
      vertex -5.73357 -4.4542 40.5743
    endloop
  endfacet
  facet normal -0.852047 0.137839 0.504991
    outer loop
      vertex -2.07792 19.3779 46.1518
      vertex -8.15971 4.38079 39.9838
      vertex -7.94719 4.45617 40.3218
    endloop
  endfacet
  facet normal -0.852031 0.137819 0.505024
    outer loop
      vertex -17.0779 4.37792 24.9386
      vertex -8.15971 4.38079 39.9838
      vertex -2.07792 19.3779 46.1518
    endloop
  endfacet
  facet normal -0.852013 0.137972 0.505013
    outer loop
      vertex -17.0779 4.37792 24.9386
      vertex -8.34947 4.1449 39.7281
      vertex -8.15971 4.38079 39.9838
    endloop
  endfacet
  facet normal -0.852041 0.137748 0.505026
    outer loop
      vertex -17.0779 4.37792 24.9386
      vertex -8.4959 3.77407 39.5822
      vertex -8.34947 4.1449 39.7281
    endloop
  endfacet
  facet normal -0.852031 0.137826 0.505023
    outer loop
      vertex -17.0779 4.37792 24.9386
      vertex -8.58313 3.30847 39.5621
      vertex -8.4959 3.77407 39.5822
    endloop
  endfacet
  facet normal -0.852035 0.137799 0.505023
    outer loop
      vertex -17.0779 4.37792 24.9386
      vertex -8.6017 2.79857 39.6699
      vertex -8.58313 3.30847 39.5621
    endloop
  endfacet
  facet normal -0.852031 0.137819 0.505023
    outer loop
      vertex -9.65685 -2.34315 39.2929
      vertex -8.6017 2.79857 39.6699
      vertex -17.0779 4.37792 24.9386
    endloop
  endfacet
  facet normal -0.85201 0.137812 0.505062
    outer loop
      vertex -8.6017 2.79857 39.6699
      vertex -9.65685 -2.34315 39.2929
      vertex -8.54962 2.29962 39.8939
    endloop
  endfacet
  facet normal -0.852041 0.137827 0.505004
    outer loop
      vertex -8.54962 2.29962 39.8939
      vertex -9.65685 -2.34315 39.2929
      vertex -8.43252 1.86569 40.2099
    endloop
  endfacet
  facet normal -0.852036 0.137823 0.505015
    outer loop
      vertex -8.43252 1.86569 40.2099
      vertex -9.65685 -2.34315 39.2929
      vertex -8.26309 1.5438 40.5836
    endloop
  endfacet
  facet normal -0.852058 0.137858 0.504967
    outer loop
      vertex -8.05968 1.36884 40.9745
      vertex -9.65685 -2.34315 39.2929
      vertex -7.84436 1.35976 41.3403
    endloop
  endfacet
  facet normal -0.852022 0.137809 0.505042
    outer loop
      vertex -8.26309 1.5438 40.5836
      vertex -9.65685 -2.34315 39.2929
      vertex -8.05968 1.36884 40.9745
    endloop
  endfacet
  facet normal -0.852047 0.137839 0.504991
    outer loop
      vertex -7.73493 4.36288 40.7054
      vertex -2.07792 19.3779 46.1518
      vertex -7.94719 4.45617 40.3218
    endloop
  endfacet
  facet normal -0.851991 0.137778 0.505102
    outer loop
      vertex -7.54593 4.11102 41.0929
      vertex -2.07792 19.3779 46.1518
      vertex -7.73493 4.36288 40.7054
    endloop
  endfacet
  facet normal -0.852034 0.137822 0.505018
    outer loop
      vertex -5.15685 2.15685 45.6569
      vertex -7.54593 4.11102 41.0929
      vertex -7.40069 3.72788 41.4425
    endloop
  endfacet
  facet normal -0.852018 0.137875 0.50503
    outer loop
      vertex -5.15685 2.15685 45.6569
      vertex -7.40069 3.72788 41.4425
      vertex -7.31492 3.25499 41.7163
    endloop
  endfacet
  facet normal -0.852034 0.137812 0.505021
    outer loop
      vertex -5.15685 2.15685 45.6569
      vertex -7.31492 3.25499 41.7163
      vertex -7.29794 2.74359 41.8845
    endloop
  endfacet
  facet normal -0.852023 0.137871 0.505024
    outer loop
      vertex -5.15685 2.15685 45.6569
      vertex -7.29794 2.74359 41.8845
      vertex -7.35158 2.2491 41.929
    endloop
  endfacet
  facet normal -0.852034 0.137821 0.505018
    outer loop
      vertex -7.54593 4.11102 41.0929
      vertex -5.15685 2.15685 45.6569
      vertex -2.07792 19.3779 46.1518
    endloop
  endfacet
  facet normal -0.852043 0.137718 0.505032
    outer loop
      vertex -7.47002 1.8251 41.8448
      vertex -5.15685 2.15685 45.6569
      vertex -7.35158 2.2491 41.929
    endloop
  endfacet
  facet normal -0.852022 0.137977 0.504997
    outer loop
      vertex -7.64044 1.51755 41.6413
      vertex -5.15685 2.15685 45.6569
      vertex -7.47002 1.8251 41.8448
    endloop
  endfacet
  facet normal -0.852052 0.137847 0.504982
    outer loop
      vertex -9.65685 -2.34315 39.2929
      vertex -7.64044 1.51755 41.6413
      vertex -7.84436 1.35976 41.3403
    endloop
  endfacet
  facet normal -0.85203 0.137807 0.505029
    outer loop
      vertex -7.64044 1.51755 41.6413
      vertex -9.65685 -2.34315 39.2929
      vertex -5.15685 2.15685 45.6569
    endloop
  endfacet
  facet normal 0.609603 0.376751 0.697455
    outer loop
      vertex 11.9316 -6.36659 31.6314
      vertex 6.29962 -12.5496 39.8939
      vertex 12.1746 -6.67462 31.5854
    endloop
  endfacet
  facet normal 0.609585 0.376772 0.697459
    outer loop
      vertex 6.29962 -12.5496 39.8939
      vertex 11.9316 -6.36659 31.6314
      vertex 5.86569 -12.4325 40.2099
    endloop
  endfacet
  facet normal -0.500025 -0.499972 -0.707109
    outer loop
      vertex 7.72788 -11.4007 41.4425
      vertex 13.2268 -5.34314 33.2709
      vertex 13.5061 -5.62247 33.2709
    endloop
  endfacet
  facet normal -0.500109 -0.499893 -0.707106
    outer loop
      vertex 13.2268 -5.34314 33.2709
      vertex 7.72788 -11.4007 41.4425
      vertex 7.25499 -11.3149 41.7163
    endloop
  endfacet
  facet normal 0.776282 0.103184 0.621884
    outer loop
      vertex 5.86569 -12.4325 40.2099
      vertex 11.78 -6.02693 31.7644
      vertex 5.5438 -12.2631 40.5836
    endloop
  endfacet
  facet normal 0.776356 0.103026 0.621817
    outer loop
      vertex 11.78 -6.02693 31.7644
      vertex 5.86569 -12.4325 40.2099
      vertex 11.9316 -6.36659 31.6314
    endloop
  endfacet
  facet normal 0.746037 -0.663332 0.05848
    outer loop
      vertex 5.35976 -11.8444 41.3403
      vertex 11.9785 -5.17944 32.504
      vertex 5.51755 -11.6404 41.6413
    endloop
  endfacet
  facet normal 0.74605 -0.663316 0.0585014
    outer loop
      vertex 11.9785 -5.17944 32.504
      vertex 5.35976 -11.8444 41.3403
      vertex 11.8048 -5.39935 32.2257
    endloop
  endfacet
  facet normal 0.848386 -0.446748 0.284003
    outer loop
      vertex 5.36884 -12.0597 40.9745
      vertex 11.8048 -5.39935 32.2257
      vertex 5.35976 -11.8444 41.3403
    endloop
  endfacet
  facet normal 0.848386 -0.446746 0.284004
    outer loop
      vertex 11.8048 -5.39935 32.2257
      vertex 5.36884 -12.0597 40.9745
      vertex 11.7361 -5.69243 31.9699
    endloop
  endfacet
  facet normal 0.562688 -0.808231 -0.173623
    outer loop
      vertex 5.51755 -11.6404 41.6413
      vertex 12.2386 -5.05654 32.7748
      vertex 5.8251 -11.47 41.8448
    endloop
  endfacet
  facet normal 0.562677 -0.808236 -0.173634
    outer loop
      vertex 12.2386 -5.05654 32.7748
      vertex 5.51755 -11.6404 41.6413
      vertex 11.9785 -5.17944 32.504
    endloop
  endfacet
  facet normal 0.858875 -0.181599 0.47891
    outer loop
      vertex 5.5438 -12.2631 40.5836
      vertex 11.7361 -5.69243 31.9699
      vertex 5.36884 -12.0597 40.9745
    endloop
  endfacet
  facet normal 0.858865 -0.181529 0.478956
    outer loop
      vertex 11.7361 -5.69243 31.9699
      vertex 5.5438 -12.2631 40.5836
      vertex 11.78 -6.02693 31.7644
    endloop
  endfacet
  facet normal -0.243319 -0.702504 -0.668793
    outer loop
      vertex 12.8984 -5.14308 33.1802
      vertex 7.25499 -11.3149 41.7163
      vertex 6.74359 -11.2979 41.8845
    endloop
  endfacet
  facet normal -0.243271 -0.702532 -0.668781
    outer loop
      vertex 7.25499 -11.3149 41.7163
      vertex 12.8984 -5.14308 33.1802
      vertex 13.2268 -5.34314 33.2709
    endloop
  endfacet
  facet normal 0.318475 -0.865441 -0.386762
    outer loop
      vertex 12.2386 -5.05654 32.7748
      vertex 6.2491 -11.3516 41.929
      vertex 5.8251 -11.47 41.8448
    endloop
  endfacet
  facet normal 0.318468 -0.865442 -0.386767
    outer loop
      vertex 6.2491 -11.3516 41.929
      vertex 12.2386 -5.05654 32.7748
      vertex 12.5567 -5.04397 33.0086
    endloop
  endfacet
  facet normal 0.0398031 -0.828903 -0.557974
    outer loop
      vertex 12.5567 -5.04397 33.0086
      vertex 6.74359 -11.2979 41.8845
      vertex 6.2491 -11.3516 41.929
    endloop
  endfacet
  facet normal 0.0397921 -0.8289 -0.557979
    outer loop
      vertex 6.74359 -11.2979 41.8845
      vertex 12.5567 -5.04397 33.0086
      vertex 12.8984 -5.14308 33.1802
    endloop
  endfacet
  facet normal -0.86544 0.318502 -0.386743
    outer loop
      vertex 8.45617 -11.9472 40.3218
      vertex 13.8053 -6.29253 33.0086
      vertex 13.7927 -6.61066 32.7748
    endloop
  endfacet
  facet normal -0.86544 0.318501 -0.386743
    outer loop
      vertex 13.8053 -6.29253 33.0086
      vertex 8.45617 -11.9472 40.3218
      vertex 8.36288 -11.7349 40.7054
    endloop
  endfacet
  facet normal -0.828904 0.039807 -0.557972
    outer loop
      vertex 8.36288 -11.7349 40.7054
      vertex 13.7062 -5.95079 33.1802
      vertex 13.8053 -6.29253 33.0086
    endloop
  endfacet
  facet normal -0.828853 0.0396462 -0.55806
    outer loop
      vertex 13.7062 -5.95079 33.1802
      vertex 8.36288 -11.7349 40.7054
      vertex 8.11102 -11.5459 41.0929
    endloop
  endfacet
  facet normal -0.446682 0.848401 0.284061
    outer loop
      vertex 13.1568 -7.11315 31.9699
      vertex 8.1449 -12.3495 39.7281
      vertex 13.4499 -7.04448 32.2257
    endloop
  endfacet
  facet normal -0.446696 0.848398 0.284049
    outer loop
      vertex 8.1449 -12.3495 39.7281
      vertex 13.1568 -7.11315 31.9699
      vertex 7.77407 -12.4959 39.5822
    endloop
  endfacet
  facet normal -0.181583 0.858873 0.478921
    outer loop
      vertex 12.8223 -7.06928 31.7644
      vertex 7.77407 -12.4959 39.5822
      vertex 13.1568 -7.11315 31.9699
    endloop
  endfacet
  facet normal -0.18153 0.858867 0.478951
    outer loop
      vertex 7.77407 -12.4959 39.5822
      vertex 12.8223 -7.06928 31.7644
      vertex 7.30847 -12.5831 39.5621
    endloop
  endfacet
  facet normal 0.376785 0.609576 0.69746
    outer loop
      vertex 12.1746 -6.67462 31.5854
      vertex 6.79857 -12.6017 39.6699
      vertex 12.4826 -6.91763 31.6314
    endloop
  endfacet
  facet normal 0.376771 0.609586 0.697458
    outer loop
      vertex 6.79857 -12.6017 39.6699
      vertex 12.1746 -6.67462 31.5854
      vertex 6.29962 -12.5496 39.8939
    endloop
  endfacet
  facet normal -0.702469 -0.243368 -0.668812
    outer loop
      vertex 8.11102 -11.5459 41.0929
      vertex 13.5061 -5.62247 33.2709
      vertex 13.7062 -5.95079 33.1802
    endloop
  endfacet
  facet normal -0.702481 -0.243348 -0.668806
    outer loop
      vertex 13.5061 -5.62247 33.2709
      vertex 8.11102 -11.5459 41.0929
      vertex 7.72788 -11.4007 41.4425
    endloop
  endfacet
  facet normal -0.663442 0.74595 0.0583413
    outer loop
      vertex 13.6698 -6.8707 32.504
      vertex 8.1449 -12.3495 39.7281
      vertex 8.38079 -12.1597 39.9838
    endloop
  endfacet
  facet normal -0.66341 0.745975 0.0583842
    outer loop
      vertex 8.1449 -12.3495 39.7281
      vertex 13.6698 -6.8707 32.504
      vertex 13.4499 -7.04448 32.2257
    endloop
  endfacet
  facet normal -0.808209 0.562734 -0.173577
    outer loop
      vertex 8.38079 -12.1597 39.9838
      vertex 13.7927 -6.61066 32.7748
      vertex 13.6698 -6.8707 32.504
    endloop
  endfacet
  facet normal -0.808201 0.562752 -0.173558
    outer loop
      vertex 13.7927 -6.61066 32.7748
      vertex 8.38079 -12.1597 39.9838
      vertex 8.45617 -11.9472 40.3218
    endloop
  endfacet
  facet normal 0.103101 0.776322 0.621848
    outer loop
      vertex 12.4826 -6.91763 31.6314
      vertex 7.30847 -12.5831 39.5621
      vertex 12.8223 -7.06928 31.7644
    endloop
  endfacet
  facet normal 0.103154 0.7763 0.621866
    outer loop
      vertex 7.30847 -12.5831 39.5621
      vertex 12.4826 -6.91763 31.6314
      vertex 6.79857 -12.6017 39.6699
    endloop
  endfacet
  facet normal 0.609593 0.376762 0.697458
    outer loop
      vertex -8.6017 2.79857 39.6699
      vertex -2.67462 8.17462 31.5854
      vertex -2.91763 8.48265 31.6314
    endloop
  endfacet
  facet normal 0.609603 0.376748 0.697456
    outer loop
      vertex -2.67462 8.17462 31.5854
      vertex -8.6017 2.79857 39.6699
      vertex -8.54962 2.29962 39.8939
    endloop
  endfacet
  facet normal -0.49992 -0.500082 -0.707106
    outer loop
      vertex -7.40069 3.72788 41.4425
      vertex -1.34314 9.22677 33.2709
      vertex -7.31492 3.25499 41.7163
    endloop
  endfacet
  facet normal -0.499999 -0.499999 -0.707108
    outer loop
      vertex -1.34314 9.22677 33.2709
      vertex -7.40069 3.72788 41.4425
      vertex -1.62247 9.5061 33.2709
    endloop
  endfacet
  facet normal 0.776317 0.103109 0.621853
    outer loop
      vertex -8.58313 3.30847 39.5621
      vertex -2.91763 8.48265 31.6314
      vertex -3.06928 8.82231 31.7644
    endloop
  endfacet
  facet normal 0.776277 0.103204 0.621887
    outer loop
      vertex -2.91763 8.48265 31.6314
      vertex -8.58313 3.30847 39.5621
      vertex -8.6017 2.79857 39.6699
    endloop
  endfacet
  facet normal 0.745983 -0.6634 0.0583951
    outer loop
      vertex -8.34947 4.1449 39.7281
      vertex -2.8707 9.6698 32.504
      vertex -8.15971 4.38079 39.9838
    endloop
  endfacet
  facet normal 0.745983 -0.6634 0.058395
    outer loop
      vertex -2.8707 9.6698 32.504
      vertex -8.34947 4.1449 39.7281
      vertex -3.04448 9.44989 32.2257
    endloop
  endfacet
  facet normal 0.848398 -0.446698 0.284045
    outer loop
      vertex -8.34947 4.1449 39.7281
      vertex -3.11315 9.15681 31.9699
      vertex -3.04448 9.44989 32.2257
    endloop
  endfacet
  facet normal 0.848387 -0.446744 0.284007
    outer loop
      vertex -3.11315 9.15681 31.9699
      vertex -8.34947 4.1449 39.7281
      vertex -8.4959 3.77407 39.5822
    endloop
  endfacet
  facet normal 0.562733 -0.808209 -0.173578
    outer loop
      vertex -8.15971 4.38079 39.9838
      vertex -2.61066 9.7927 32.7748
      vertex -7.94719 4.45617 40.3218
    endloop
  endfacet
  facet normal 0.562734 -0.808209 -0.173577
    outer loop
      vertex -2.61066 9.7927 32.7748
      vertex -8.15971 4.38079 39.9838
      vertex -2.8707 9.6698 32.504
    endloop
  endfacet
  facet normal 0.858873 -0.181583 0.478921
    outer loop
      vertex -8.4959 3.77407 39.5822
      vertex -3.06928 8.82231 31.7644
      vertex -3.11315 9.15681 31.9699
    endloop
  endfacet
  facet normal 0.858873 -0.181585 0.478919
    outer loop
      vertex -3.06928 8.82231 31.7644
      vertex -8.4959 3.77407 39.5822
      vertex -8.58313 3.30847 39.5621
    endloop
  endfacet
  facet normal -0.243328 -0.702494 -0.6688
    outer loop
      vertex -7.54593 4.11102 41.0929
      vertex -1.62247 9.5061 33.2709
      vertex -7.40069 3.72788 41.4425
    endloop
  endfacet
  facet normal -0.24331 -0.702506 -0.668795
    outer loop
      vertex -1.62247 9.5061 33.2709
      vertex -7.54593 4.11102 41.0929
      vertex -1.95079 9.70616 33.1802
    endloop
  endfacet
  facet normal 0.318524 -0.865441 -0.386723
    outer loop
      vertex -7.94719 4.45617 40.3218
      vertex -2.29253 9.80527 33.0086
      vertex -7.73493 4.36288 40.7054
    endloop
  endfacet
  facet normal 0.318449 -0.865442 -0.386782
    outer loop
      vertex -2.29253 9.80527 33.0086
      vertex -7.94719 4.45617 40.3218
      vertex -2.61066 9.7927 32.7748
    endloop
  endfacet
  facet normal 0.0396426 -0.828854 -0.558058
    outer loop
      vertex -7.73493 4.36288 40.7054
      vertex -1.95079 9.70616 33.1802
      vertex -7.54593 4.11102 41.0929
    endloop
  endfacet
  facet normal 0.0397876 -0.8289 -0.55798
    outer loop
      vertex -1.95079 9.70616 33.1802
      vertex -7.73493 4.36288 40.7054
      vertex -2.29253 9.80527 33.0086
    endloop
  endfacet
  facet normal -0.865443 0.318448 -0.38678
    outer loop
      vertex -1.05654 8.23858 32.7748
      vertex -7.35158 2.2491 41.929
      vertex -1.04397 8.55671 33.0086
    endloop
  endfacet
  facet normal -0.865438 0.318546 -0.386712
    outer loop
      vertex -7.35158 2.2491 41.929
      vertex -1.05654 8.23858 32.7748
      vertex -7.47002 1.8251 41.8448
    endloop
  endfacet
  facet normal -0.828898 0.0397898 -0.557983
    outer loop
      vertex -1.04397 8.55671 33.0086
      vertex -7.29794 2.74359 41.8845
      vertex -1.14308 8.89845 33.1802
    endloop
  endfacet
  facet normal -0.828873 0.0396944 -0.558027
    outer loop
      vertex -7.29794 2.74359 41.8845
      vertex -1.04397 8.55671 33.0086
      vertex -7.35158 2.2491 41.929
    endloop
  endfacet
  facet normal -0.446731 0.84839 0.284017
    outer loop
      vertex -1.39935 7.80477 32.2257
      vertex -8.05968 1.36884 40.9745
      vertex -7.84436 1.35976 41.3403
    endloop
  endfacet
  facet normal -0.446714 0.848394 0.284032
    outer loop
      vertex -8.05968 1.36884 40.9745
      vertex -1.39935 7.80477 32.2257
      vertex -1.69243 7.73609 31.9699
    endloop
  endfacet
  facet normal -0.181594 0.858875 0.478912
    outer loop
      vertex -1.69243 7.73609 31.9699
      vertex -8.26309 1.5438 40.5836
      vertex -8.05968 1.36884 40.9745
    endloop
  endfacet
  facet normal -0.181582 0.858873 0.47892
    outer loop
      vertex -8.26309 1.5438 40.5836
      vertex -1.69243 7.73609 31.9699
      vertex -2.02693 7.77996 31.7644
    endloop
  endfacet
  facet normal 0.376762 0.609592 0.697458
    outer loop
      vertex -8.54962 2.29962 39.8939
      vertex -2.36659 7.93161 31.6314
      vertex -2.67462 8.17462 31.5854
    endloop
  endfacet
  facet normal 0.376771 0.609585 0.69746
    outer loop
      vertex -2.36659 7.93161 31.6314
      vertex -8.54962 2.29962 39.8939
      vertex -8.43252 1.86569 40.2099
    endloop
  endfacet
  facet normal -0.702507 -0.243312 -0.668793
    outer loop
      vertex -1.14308 8.89845 33.1802
      vertex -7.31492 3.25499 41.7163
      vertex -1.34314 9.22677 33.2709
    endloop
  endfacet
  facet normal -0.702519 -0.243291 -0.668787
    outer loop
      vertex -7.31492 3.25499 41.7163
      vertex -1.14308 8.89845 33.1802
      vertex -7.29794 2.74359 41.8845
    endloop
  endfacet
  facet normal -0.663407 0.745978 0.0583855
    outer loop
      vertex -1.17944 7.97854 32.504
      vertex -7.84436 1.35976 41.3403
      vertex -7.64044 1.51755 41.6413
    endloop
  endfacet
  facet normal -0.663389 0.745991 0.0584084
    outer loop
      vertex -7.84436 1.35976 41.3403
      vertex -1.17944 7.97854 32.504
      vertex -1.39935 7.80477 32.2257
    endloop
  endfacet
  facet normal -0.808209 0.562734 -0.173576
    outer loop
      vertex -7.64044 1.51755 41.6413
      vertex -1.05654 8.23858 32.7748
      vertex -1.17944 7.97854 32.504
    endloop
  endfacet
  facet normal -0.808217 0.562716 -0.173596
    outer loop
      vertex -1.05654 8.23858 32.7748
      vertex -7.64044 1.51755 41.6413
      vertex -7.47002 1.8251 41.8448
    endloop
  endfacet
  facet normal 0.10318 0.776285 0.62188
    outer loop
      vertex -2.02693 7.77996 31.7644
      vertex -8.43252 1.86569 40.2099
      vertex -8.26309 1.5438 40.5836
    endloop
  endfacet
  facet normal 0.103111 0.776318 0.621851
    outer loop
      vertex -8.43252 1.86569 40.2099
      vertex -2.02693 7.77996 31.7644
      vertex -2.36659 7.93161 31.6314
    endloop
  endfacet
  facet normal -0.499997 -0.500006 -0.707105
    outer loop
      vertex 0.732487 -3.54739 45.6614
      vertex 4.46994 0.74982 39.98
      vertex 4.74982 0.469945 39.98
    endloop
  endfacet
  facet normal -0.500005 -0.499998 -0.707104
    outer loop
      vertex 4.46994 0.74982 39.98
      vertex 0.732487 -3.54739 45.6614
      vertex 0.452611 -3.26751 45.6614
    endloop
  endfacet
  facet normal -0.49922 -0.500799 -0.707093
    outer loop
      vertex 6.47406 2.25192 37.5007
      vertex 7.78781 3.50793 35.6836
      vertex 6.50142 2.22154 37.5029
    endloop
  endfacet
  facet normal -0.500001 -0.500001 -0.707106
    outer loop
      vertex 7.78781 3.50793 35.6836
      vertex 6.47406 2.25192 37.5007
      vertex 7.50793 3.78781 35.6836
    endloop
  endfacet
  facet normal -0.50001 -0.499993 -0.707105
    outer loop
      vertex 7.50793 3.78781 35.6836
      vertex 6.47406 2.25192 37.5007
      vertex 6.21867 2.49855 37.5069
    endloop
  endfacet
  facet normal 0.696198 -0.717689 -0.0151981
    outer loop
      vertex -3.33677 -0.832894 39.98
      vertex -4.84755 -2.35571 42.6847
      vertex -5.05142 -2.54755 42.4049
    endloop
  endfacet
  facet normal 0.696189 -0.717697 -0.0152076
    outer loop
      vertex -4.84755 -2.35571 42.6847
      vertex -3.33677 -0.832894 39.98
      vertex -2.93504 -0.443203 39.98
    endloop
  endfacet
  facet normal 0.696309 -0.71758 -0.0152619
    outer loop
      vertex 2.25245 4.74429 32.6438
      vertex 2.22667 4.7185 32.6802
      vertex 2.22543 4.71886 32.6067
    endloop
  endfacet
  facet normal -0.717698 0.696188 -0.0152096
    outer loop
      vertex 3.16711 -7.33677 39.98
      vertex 1.64429 -8.84755 42.6847
      vertex 3.5568 -6.93504 39.98
    endloop
  endfacet
  facet normal -0.717689 0.696198 -0.0151987
    outer loop
      vertex 1.64429 -8.84755 42.6847
      vertex 3.16711 -7.33677 39.98
      vertex 1.45245 -9.05142 42.4049
    endloop
  endfacet
  facet normal -0.717605 0.696283 -0.0152372
    outer loop
      vertex 8.74429 -1.74755 32.6438
      vertex 8.71582 -1.7778 32.6023
      vertex 8.71546 -1.77637 32.6846
    endloop
  endfacet
  facet normal 0.137179 -0.851917 -0.505391
    outer loop
      vertex 0.787145 1.5332 39.98
      vertex -2.21157 -1.86556 44.8952
      vertex -2.55001 -1.80396 44.6995
    endloop
  endfacet
  facet normal 0.13724 -0.851925 -0.50536
    outer loop
      vertex -2.21157 -1.86556 44.8952
      vertex 0.787145 1.5332 39.98
      vertex 1.26401 1.61002 39.98
    endloop
  endfacet
  facet normal 0.13721 -0.851921 -0.505375
    outer loop
      vertex 3.52863 4.27468 36.103
      vertex 4.88843 5.23444 34.8543
      vertex 3.80543 4.15144 36.3859
    endloop
  endfacet
  facet normal 0.13728 -0.851945 -0.505316
    outer loop
      vertex 4.88843 5.23444 34.8543
      vertex 3.52863 4.27468 36.103
      vertex 4.54999 5.29604 34.6585
    endloop
  endfacet
  facet normal 0.857813 -0.173914 0.483643
    outer loop
      vertex -5.7159 -4.78283 40.3544
      vertex -5.54848 -4.99823 39.98
      vertex -5.45113 -4.51806 39.98
    endloop
  endfacet
  facet normal 0.857869 -0.173781 0.483592
    outer loop
      vertex -5.54848 -4.99823 39.98
      vertex -5.7159 -4.78283 40.3544
      vertex -5.66887 -5.11863 40.1503
    endloop
  endfacet
  facet normal 0.829192 -0.511986 0.224301
    outer loop
      vertex -5.51128 -3.25876 41.5768
      vertex -4.66875 -2.59379 39.98
      vertex -4.38216 -2.12964 39.98
    endloop
  endfacet
  facet normal 0.829191 -0.511988 0.224299
    outer loop
      vertex -4.66875 -2.59379 39.98
      vertex -5.51128 -3.25876 41.5768
      vertex -5.61019 -3.53522 41.3114
    endloop
  endfacet
  facet normal -0.159508 -0.749361 -0.642662
    outer loop
      vertex 2.62535 1.59119 39.98
      vertex -0.84894 -2.39181 45.4866
      vertex -1.18586 -2.22001 45.3699
    endloop
  endfacet
  facet normal -0.159411 -0.749407 -0.642634
    outer loop
      vertex -0.84894 -2.39181 45.4866
      vertex 2.62535 1.59119 39.98
      vertex 3.04483 1.50196 39.98
    endloop
  endfacet
  facet normal -0.159373 -0.749428 -0.642618
    outer loop
      vertex 5.91414 4.87999 35.3289
      vertex 5.01518 3.47231 37.1935
      vertex 4.7021 3.66794 37.043
    endloop
  endfacet
  facet normal -0.159368 -0.74943 -0.642617
    outer loop
      vertex 5.01518 3.47231 37.1935
      vertex 5.91414 4.87999 35.3289
      vertex 6.25106 4.70819 35.4457
    endloop
  endfacet
  facet normal -0.570152 0.804634 0.165806
    outer loop
      vertex 1.87036 -8.38216 39.98
      vertex 0.999248 -9.38453 41.8489
      vertex 2.32075 -8.06302 39.98
    endloop
  endfacet
  facet normal -0.570146 0.804637 0.16581
    outer loop
      vertex 0.999248 -9.38453 41.8489
      vertex 1.87036 -8.38216 39.98
      vertex 0.741236 -9.51128 41.5768
    endloop
  endfacet
  facet normal -0.173912 0.857814 0.483643
    outer loop
      vertex -0.998234 -9.54848 39.98
      vertex -0.782833 -9.7159 40.3544
      vertex -0.518058 -9.45113 39.98
    endloop
  endfacet
  facet normal -0.173783 0.857868 0.483593
    outer loop
      vertex -0.782833 -9.7159 40.3544
      vertex -0.998234 -9.54848 39.98
      vertex -1.11863 -9.66887 40.1503
    endloop
  endfacet
  facet normal -0.817667 0.54158 -0.195223
    outer loop
      vertex 4.2548 -6.0692 39.98
      vertex 2.06427 -8.10519 43.5066
      vertex 4.55795 -5.61151 39.98
    endloop
  endfacet
  facet normal -0.817667 0.541581 -0.195222
    outer loop
      vertex 2.06427 -8.10519 43.5066
      vertex 4.2548 -6.0692 39.98
      vertex 1.95133 -8.37267 43.2376
    endloop
  endfacet
  facet normal -0.817658 0.54159 -0.195235
    outer loop
      vertex 8.68196 -1.64204 33.719
      vertex 9.16427 -1.00519 33.4657
      vertex 9.05133 -1.27267 33.1967
    endloop
  endfacet
  facet normal -0.815552 0.546525 -0.190225
    outer loop
      vertex 9.16427 -1.00519 33.4657
      vertex 8.65135 -1.51926 34.1878
      vertex 8.65107 -1.51839 34.1915
    endloop
  endfacet
  facet normal -0.817658 0.541591 -0.195233
    outer loop
      vertex 9.16427 -1.00519 33.4657
      vertex 8.68196 -1.64204 33.719
      vertex 8.65135 -1.51926 34.1878
    endloop
  endfacet
  facet normal -0.863422 0.351068 -0.362288
    outer loop
      vertex 5.06132 -4.66349 39.98
      vertex 2.23135 -7.20667 44.2601
      vertex 5.25783 -4.18019 39.98
    endloop
  endfacet
  facet normal -0.863417 0.351109 -0.362261
    outer loop
      vertex 2.23135 -7.20667 44.2601
      vertex 5.06132 -4.66349 39.98
      vertex 2.20479 -7.52002 44.0197
    endloop
  endfacet
  facet normal -0.863419 0.351106 -0.362259
    outer loop
      vertex 8.54203 -1.18279 35.0575
      vertex 9.33135 -0.106669 34.2192
      vertex 9.30479 -0.42002 33.9788
    endloop
  endfacet
  facet normal -0.863417 0.351076 -0.362294
    outer loop
      vertex 9.33135 -0.106669 34.2192
      vertex 8.54203 -1.18279 35.0575
      vertex 8.47169 -0.966321 35.4349
    endloop
  endfacet
  facet normal -0.66402 -0.302815 -0.683653
    outer loop
      vertex 1.19148 -4.19756 45.6526
      vertex 5.3721 -0.558126 39.98
      vertex 1.41154 -4.51869 45.5811
    endloop
  endfacet
  facet normal -0.663995 -0.302853 -0.683659
    outer loop
      vertex 5.3721 -0.558126 39.98
      vertex 1.19148 -4.19756 45.6526
      vertex 5.20258 -0.186459 39.98
    endloop
  endfacet
  facet normal -0.664028 -0.302774 -0.683663
    outer loop
      vertex 7.01709 1.62805 37.4139
      vertex 8.51154 2.58131 35.5402
      vertex 7.25446 1.32423 37.3179
    endloop
  endfacet
  facet normal -0.663928 -0.30296 -0.683678
    outer loop
      vertex 8.51154 2.58131 35.5402
      vertex 7.01709 1.62805 37.4139
      vertex 8.29148 2.90244 35.6116
    endloop
  endfacet
  facet normal -0.812684 -0.0112372 -0.582597
    outer loop
      vertex 5.64542 -2.26837 39.98
      vertex 1.92564 -5.52696 45.2317
      vertex 5.63913 -1.81347 39.98
    endloop
  endfacet
  facet normal -0.812676 -0.0112624 -0.582607
    outer loop
      vertex 1.92564 -5.52696 45.2317
      vertex 5.64542 -2.26837 39.98
      vertex 2.04409 -5.8697 45.0731
    endloop
  endfacet
  facet normal -0.812677 -0.0112628 -0.582606
    outer loop
      vertex 9.14409 1.2303 35.0321
      vertex 7.84818 0.395582 36.8559
      vertex 9.02564 1.57304 35.1907
    endloop
  endfacet
  facet normal -0.812679 -0.0112512 -0.582603
    outer loop
      vertex 9.14409 1.2303 35.0321
      vertex 7.94653 0.225244 36.722
      vertex 7.84818 0.395582 36.8559
    endloop
  endfacet
  facet normal -0.812647 -0.0113604 -0.582645
    outer loop
      vertex 7.94653 0.225244 36.722
      vertex 9.14409 1.2303 35.0321
      vertex 8.00964 0.0958452 36.6365
    endloop
  endfacet
  facet normal 0.774125 -0.624077 0.106103
    outer loop
      vertex -5.23086 -2.76309 42.1256
      vertex -4.06302 -1.67925 39.98
      vertex -3.71369 -1.24593 39.98
    endloop
  endfacet
  facet normal 0.774125 -0.624078 0.106102
    outer loop
      vertex -4.06302 -1.67925 39.98
      vertex -5.23086 -2.76309 42.1256
      vertex -5.38453 -3.00075 41.8489
    endloop
  endfacet
  facet normal 0.804633 -0.570152 0.165806
    outer loop
      vertex -5.38453 -3.00075 41.8489
      vertex -4.38216 -2.12964 39.98
      vertex -4.06302 -1.67925 39.98
    endloop
  endfacet
  facet normal 0.804635 -0.570149 0.165809
    outer loop
      vertex -4.38216 -2.12964 39.98
      vertex -5.38453 -3.00075 41.8489
      vertex -5.51128 -3.25876 41.5768
    endloop
  endfacet
  facet normal 0.737894 -0.673373 0.0456217
    outer loop
      vertex -5.05142 -2.54755 42.4049
      vertex -3.71369 -1.24593 39.98
      vertex -3.33677 -0.832894 39.98
    endloop
  endfacet
  facet normal 0.73788 -0.67339 0.0456044
    outer loop
      vertex -3.71369 -1.24593 39.98
      vertex -5.05142 -2.54755 42.4049
      vertex -5.23086 -2.76309 42.1256
    endloop
  endfacet
  facet normal 0.864864 -0.246211 0.437482
    outer loop
      vertex -5.73357 -4.4542 40.5743
      vertex -5.45113 -4.51806 39.98
      vertex -5.31331 -4.03394 39.98
    endloop
  endfacet
  facet normal 0.864858 -0.246234 0.437481
    outer loop
      vertex -5.45113 -4.51806 39.98
      vertex -5.73357 -4.4542 40.5743
      vertex -5.7159 -4.78283 40.3544
    endloop
  endfacet
  facet normal 0.847599 -0.450062 0.281104
    outer loop
      vertex -5.61019 -3.53522 41.3114
      vertex -4.92067 -3.06823 39.98
      vertex -4.66875 -2.59379 39.98
    endloop
  endfacet
  facet normal 0.847604 -0.450049 0.281111
    outer loop
      vertex -4.92067 -3.06823 39.98
      vertex -5.61019 -3.53522 41.3114
      vertex -5.68052 -3.82808 41.0546
    endloop
  endfacet
  facet normal -0.231935 -0.709357 -0.665597
    outer loop
      vertex 3.04483 1.50196 39.98
      vertex -0.518691 -2.58846 45.5811
      vertex -0.84894 -2.39181 45.4866
    endloop
  endfacet
  facet normal -0.231998 -0.709322 -0.665612
    outer loop
      vertex -0.518691 -2.58846 45.5811
      vertex 3.04483 1.50196 39.98
      vertex 3.44187 1.3721 39.98
    endloop
  endfacet
  facet normal -0.231978 -0.70934 -0.6656
    outer loop
      vertex 6.25106 4.70819 35.4457
      vertex 5.32139 3.25162 37.322
      vertex 5.03274 3.46134 37.1991
    endloop
  endfacet
  facet normal -0.231217 -0.709786 -0.665389
    outer loop
      vertex 6.25106 4.70819 35.4457
      vertex 5.03274 3.46134 37.1991
      vertex 5.01518 3.47231 37.1935
    endloop
  endfacet
  facet normal -0.231936 -0.709359 -0.665594
    outer loop
      vertex 5.32139 3.25162 37.322
      vertex 6.25106 4.70819 35.4457
      vertex 6.58131 4.51154 35.5402
    endloop
  endfacet
  facet normal -0.371492 -0.613732 -0.696654
    outer loop
      vertex 0.14088 -3.02156 45.6598
      vertex 3.81354 1.20258 39.98
      vertex 4.15708 0.994635 39.98
    endloop
  endfacet
  facet normal -0.371455 -0.613648 -0.696748
    outer loop
      vertex -0.197559 -2.80852 45.6526
      vertex 0.14088 -3.02156 45.6598
      vertex -0.169776 -2.83022 45.6569
    endloop
  endfacet
  facet normal -0.371505 -0.613723 -0.696655
    outer loop
      vertex 0.14088 -3.02156 45.6598
      vertex -0.197559 -2.80852 45.6526
      vertex 3.81354 1.20258 39.98
    endloop
  endfacet
  facet normal -0.371404 -0.613796 -0.696644
    outer loop
      vertex 5.92896 2.76652 37.4742
      vertex 6.90244 4.29148 35.6116
      vertex 7.21208 4.04964 35.6596
    endloop
  endfacet
  facet normal -0.371438 -0.613775 -0.696645
    outer loop
      vertex 6.90244 4.29148 35.6116
      vertex 5.92896 2.76652 37.4742
      vertex 5.6291 3.01813 37.4124
    endloop
  endfacet
  facet normal 0.351109 -0.863417 -0.362261
    outer loop
      vertex -0.663491 1.06132 39.98
      vertex -3.20667 -1.76865 44.2601
      vertex -3.52002 -1.79521 44.0197
    endloop
  endfacet
  facet normal 0.351066 -0.863423 -0.36229
    outer loop
      vertex -3.20667 -1.76865 44.2601
      vertex -0.663491 1.06132 39.98
      vertex -0.180188 1.25783 39.98
    endloop
  endfacet
  facet normal 0.351106 -0.863419 -0.362259
    outer loop
      vertex 2.82041 4.54522 35.053
      vertex 3.89333 5.33135 34.2192
      vertex 3.03068 4.46869 35.4392
    endloop
  endfacet
  facet normal 0.351107 -0.86342 -0.362258
    outer loop
      vertex 3.89333 5.33135 34.2192
      vertex 2.82041 4.54522 35.053
      vertex 3.57998 5.30479 33.9788
    endloop
  endfacet
  facet normal 0.281659 -0.865994 -0.413186
    outer loop
      vertex -0.180188 1.25783 39.98
      vertex -2.88253 -1.77158 44.4872
      vertex -3.20667 -1.76865 44.2601
    endloop
  endfacet
  facet normal 0.281696 -0.865993 -0.413163
    outer loop
      vertex -2.88253 -1.77158 44.4872
      vertex -0.180188 1.25783 39.98
      vertex 0.304554 1.41551 39.98
    endloop
  endfacet
  facet normal 0.28167 -0.865996 -0.413173
    outer loop
      vertex 3.03068 4.46869 35.4392
      vertex 4.21747 5.32842 34.4463
      vertex 3.27046 4.38141 35.7856
    endloop
  endfacet
  facet normal 0.281659 -0.865994 -0.413185
    outer loop
      vertex 4.21747 5.32842 34.4463
      vertex 3.03068 4.46869 35.4392
      vertex 3.89333 5.33135 34.2192
    endloop
  endfacet
  facet normal 0.649328 -0.756708 -0.0759283
    outer loop
      vertex -2.93504 -0.443203 39.98
      vertex -4.62074 -2.18901 42.963
      vertex -4.84755 -2.35571 42.6847
    endloop
  endfacet
  facet normal 0.649326 -0.75671 -0.0759302
    outer loop
      vertex -4.62074 -2.18901 42.963
      vertex -2.93504 -0.443203 39.98
      vertex -2.51147 -0.0797411 39.98
    endloop
  endfacet
  facet normal 0.649332 -0.756707 -0.0759148
    outer loop
      vertex 2.22667 4.7185 32.6802
      vertex 2.47926 4.91099 32.922
      vertex 2.27338 4.70511 33.2132
    endloop
  endfacet
  facet normal 0.649434 -0.7566 -0.076107
    outer loop
      vertex 2.47926 4.91099 32.922
      vertex 2.22667 4.7185 32.6802
      vertex 2.25245 4.74429 32.6438
    endloop
  endfacet
  facet normal 0.541581 -0.817666 -0.195222
    outer loop
      vertex -2.0692 0.254802 39.98
      vertex -4.10519 -1.93573 43.5066
      vertex -4.37267 -2.04867 43.2376
    endloop
  endfacet
  facet normal 0.541576 -0.817669 -0.195227
    outer loop
      vertex -4.10519 -1.93573 43.5066
      vertex -2.0692 0.254802 39.98
      vertex -1.61151 0.557949 39.98
    endloop
  endfacet
  facet normal 0.54157 -0.817669 -0.195242
    outer loop
      vertex 2.3571 4.6811 33.7203
      vertex 2.99481 5.16427 33.4657
      vertex 2.47721 4.64666 34.1977
    endloop
  endfacet
  facet normal 0.541579 -0.817669 -0.195219
    outer loop
      vertex 2.99481 5.16427 33.4657
      vertex 2.3571 4.6811 33.7203
      vertex 2.72733 5.05133 33.1967
    endloop
  endfacet
  facet normal 0.597648 -0.790123 -0.136098
    outer loop
      vertex -2.51147 -0.0797411 39.98
      vertex -4.37267 -2.04867 43.2376
      vertex -4.62074 -2.18901 42.963
    endloop
  endfacet
  facet normal 0.597661 -0.790115 -0.136086
    outer loop
      vertex -4.37267 -2.04867 43.2376
      vertex -2.51147 -0.0797411 39.98
      vertex -2.0692 0.254802 39.98
    endloop
  endfacet
  facet normal 0.597662 -0.790116 -0.136081
    outer loop
      vertex 2.27338 4.70511 33.2132
      vertex 2.72733 5.05133 33.1967
      vertex 2.3571 4.6811 33.7203
    endloop
  endfacet
  facet normal 0.597663 -0.790117 -0.136066
    outer loop
      vertex 2.72733 5.05133 33.1967
      vertex 2.27338 4.70511 33.2132
      vertex 2.47926 4.91099 32.922
    endloop
  endfacet
  facet normal -0.673369 0.737897 0.0456254
    outer loop
      vertex 2.75407 -7.71369 39.98
      vertex 1.45245 -9.05142 42.4049
      vertex 3.16711 -7.33677 39.98
    endloop
  endfacet
  facet normal -0.67339 0.73788 0.0456044
    outer loop
      vertex 1.45245 -9.05142 42.4049
      vertex 2.75407 -7.71369 39.98
      vertex 1.23691 -9.23086 42.1256
    endloop
  endfacet
  facet normal -0.624077 0.774125 0.106103
    outer loop
      vertex 2.32075 -8.06302 39.98
      vertex 1.23691 -9.23086 42.1256
      vertex 2.75407 -7.71369 39.98
    endloop
  endfacet
  facet normal -0.624076 0.774126 0.106104
    outer loop
      vertex 1.23691 -9.23086 42.1256
      vertex 2.32075 -8.06302 39.98
      vertex 0.999248 -9.38453 41.8489
    endloop
  endfacet
  facet normal -0.384795 0.859737 0.335834
    outer loop
      vertex 0.450528 -9.13606 39.98
      vertex 0.171924 -9.68052 41.0546
      vertex 0.931768 -8.92067 39.98
    endloop
  endfacet
  facet normal -0.384791 0.859738 0.335835
    outer loop
      vertex 0.171924 -9.68052 41.0546
      vertex 0.450528 -9.13606 39.98
      vertex -0.13516 -9.72175 40.8083
    endloop
  endfacet
  facet normal -0.246213 0.864864 0.437481
    outer loop
      vertex -0.518058 -9.45113 39.98
      vertex -0.4542 -9.73357 40.5743
      vertex -0.0339433 -9.31331 39.98
    endloop
  endfacet
  facet normal -0.246232 0.864859 0.43748
    outer loop
      vertex -0.4542 -9.73357 40.5743
      vertex -0.518058 -9.45113 39.98
      vertex -0.782833 -9.7159 40.3544
    endloop
  endfacet
  facet normal -0.316658 0.865512 0.388094
    outer loop
      vertex -0.0339433 -9.31331 39.98
      vertex -0.13516 -9.72175 40.8083
      vertex 0.450528 -9.13606 39.98
    endloop
  endfacet
  facet normal -0.316705 0.8655 0.388083
    outer loop
      vertex -0.13516 -9.72175 40.8083
      vertex -0.0339433 -9.31331 39.98
      vertex -0.4542 -9.73357 40.5743
    endloop
  endfacet
  facet normal -0.100337 0.844503 0.526068
    outer loop
      vertex -1.11863 -9.66887 40.1503
      vertex -0.998234 -9.54848 39.98
      vertex -1.42866 -9.59962 39.98
    endloop
  endfacet
  facet normal -0.756711 0.649324 -0.075933
    outer loop
      vertex 3.5568 -6.93504 39.98
      vertex 1.81099 -8.62074 42.963
      vertex 3.92026 -6.51147 39.98
    endloop
  endfacet
  facet normal -0.756708 0.649329 -0.0759287
    outer loop
      vertex 1.81099 -8.62074 42.963
      vertex 3.5568 -6.93504 39.98
      vertex 1.64429 -8.84755 42.6847
    endloop
  endfacet
  facet normal -0.756678 0.649355 -0.0759956
    outer loop
      vertex 8.71546 -1.77637 32.6846
      vertex 8.91099 -1.52074 32.922
      vertex 8.74429 -1.74755 32.6438
    endloop
  endfacet
  facet normal -0.756705 0.64933 -0.075946
    outer loop
      vertex 8.91099 -1.52074 32.922
      vertex 8.71546 -1.77637 32.6846
      vertex 8.70346 -1.72826 33.2155
    endloop
  endfacet
  facet normal -0.790117 0.597657 -0.13609
    outer loop
      vertex 3.92026 -6.51147 39.98
      vertex 1.95133 -8.37267 43.2376
      vertex 4.2548 -6.0692 39.98
    endloop
  endfacet
  facet normal -0.790123 0.597648 -0.136099
    outer loop
      vertex 1.95133 -8.37267 43.2376
      vertex 3.92026 -6.51147 39.98
      vertex 1.81099 -8.62074 42.963
    endloop
  endfacet
  facet normal -0.790104 0.597676 -0.136084
    outer loop
      vertex 8.70346 -1.72826 33.2155
      vertex 9.05133 -1.27267 33.1967
      vertex 8.91099 -1.52074 32.922
    endloop
  endfacet
  facet normal -0.790104 0.597676 -0.136085
    outer loop
      vertex 9.05133 -1.27267 33.1967
      vertex 8.70346 -1.72826 33.2155
      vertex 8.68196 -1.64204 33.719
    endloop
  endfacet
  facet normal -0.865993 0.281697 -0.413163
    outer loop
      vertex 5.25783 -4.18019 39.98
      vertex 2.22842 -6.88253 44.4872
      vertex 5.41551 -3.69545 39.98
    endloop
  endfacet
  facet normal -0.865994 0.28166 -0.413186
    outer loop
      vertex 2.22842 -6.88253 44.4872
      vertex 5.25783 -4.18019 39.98
      vertex 2.23135 -7.20667 44.2601
    endloop
  endfacet
  facet normal -0.865988 0.281667 -0.413193
    outer loop
      vertex 8.47169 -0.966321 35.4349
      vertex 9.32842 0.217468 34.4463
      vertex 9.33135 -0.106669 34.2192
    endloop
  endfacet
  facet normal -0.865998 0.281688 -0.413157
    outer loop
      vertex 9.32842 0.217468 34.4463
      vertex 8.45723 -0.921819 35.4956
      vertex 8.38008 -0.730868 35.7875
    endloop
  endfacet
  facet normal -0.866025 0.281883 -0.412967
    outer loop
      vertex 9.32842 0.217468 34.4463
      vertex 8.47169 -0.966321 35.4349
      vertex 8.45723 -0.921819 35.4956
    endloop
  endfacet
  facet normal -0.851925 0.137241 -0.505359
    outer loop
      vertex 5.5332 -3.21285 39.98
      vertex 2.13444 -6.21157 44.8952
      vertex 5.61002 -2.73599 39.98
    endloop
  endfacet
  facet normal -0.851917 0.137179 -0.505391
    outer loop
      vertex 2.13444 -6.21157 44.8952
      vertex 5.5332 -3.21285 39.98
      vertex 2.19604 -6.55001 44.6995
    endloop
  endfacet
  facet normal -0.851941 0.137283 -0.505322
    outer loop
      vertex 8.22191 -0.339371 36.2278
      vertex 9.23444 0.888433 34.8543
      vertex 9.29604 0.549989 34.6585
    endloop
  endfacet
  facet normal -0.8519 0.137123 -0.505434
    outer loop
      vertex 9.23444 0.888433 34.8543
      vertex 8.22191 -0.339371 36.2278
      vertex 8.15134 -0.194675 36.386
    endloop
  endfacet
  facet normal -0.851943 0.137298 -0.505314
    outer loop
      vertex 8.22191 -0.339371 36.2278
      vertex 9.29604 0.549989 34.6585
      vertex 8.27508 -0.470972 36.1024
    endloop
  endfacet
  facet normal -0.783949 -0.0856445 -0.61489
    outer loop
      vertex 5.63913 -1.81347 39.98
      vertex 1.77999 -5.18586 45.3699
      vertex 5.59119 -1.37465 39.98
    endloop
  endfacet
  facet normal -0.783956 -0.0856243 -0.614883
    outer loop
      vertex 1.77999 -5.18586 45.3699
      vertex 5.63913 -1.81347 39.98
      vertex 1.92564 -5.52696 45.2317
    endloop
  endfacet
  facet normal -0.783961 -0.0856286 -0.614877
    outer loop
      vertex 9.02564 1.57304 35.1907
      vertex 7.67002 0.704172 37.0401
      vertex 8.87999 1.91414 35.3289
    endloop
  endfacet
  facet normal -0.783971 -0.0855944 -0.614868
    outer loop
      vertex 7.67002 0.704172 37.0401
      vertex 9.02564 1.57304 35.1907
      vertex 7.84818 0.395582 36.8559
    endloop
  endfacet
  facet normal -0.709324 -0.231995 -0.665611
    outer loop
      vertex 5.50196 -0.955172 39.98
      vertex 1.41154 -4.51869 45.5811
      vertex 5.3721 -0.558126 39.98
    endloop
  endfacet
  facet normal -0.709357 -0.231934 -0.665596
    outer loop
      vertex 1.41154 -4.51869 45.5811
      vertex 5.50196 -0.955172 39.98
      vertex 1.60819 -4.84894 45.4866
    endloop
  endfacet
  facet normal -0.709348 -0.231925 -0.66561
    outer loop
      vertex 8.70819 2.25106 35.4457
      vertex 7.25446 1.32423 37.3179
      vertex 8.51154 2.58131 35.5402
    endloop
  endfacet
  facet normal -0.70909 -0.232487 -0.665688
    outer loop
      vertex 8.70819 2.25106 35.4457
      vertex 7.28115 1.29007 37.3014
      vertex 7.25446 1.32423 37.3179
    endloop
  endfacet
  facet normal -0.70928 -0.232084 -0.665626
    outer loop
      vertex 7.28115 1.29007 37.3014
      vertex 8.70819 2.25106 35.4457
      vertex 7.46888 1.01175 37.1984
    endloop
  endfacet
  facet normal -0.558931 -0.43737 -0.704488
    outer loop
      vertex 0.732487 -3.54739 45.6614
      vertex 4.99464 0.157079 39.98
      vertex 0.978436 -3.85912 45.6598
    endloop
  endfacet
  facet normal -0.558933 -0.437369 -0.704488
    outer loop
      vertex 4.99464 0.157079 39.98
      vertex 0.732487 -3.54739 45.6614
      vertex 4.74982 0.469945 39.98
    endloop
  endfacet
  facet normal -0.55899 -0.43729 -0.704491
    outer loop
      vertex 6.50142 2.22154 37.5029
      vertex 8.04963 3.21208 35.6596
      vertex 6.76564 1.92809 37.4754
    endloop
  endfacet
  facet normal -0.55888 -0.437446 -0.704482
    outer loop
      vertex 8.04963 3.21208 35.6596
      vertex 6.50142 2.22154 37.5029
      vertex 7.78781 3.50793 35.6836
    endloop
  endfacet
  facet normal -0.749406 -0.159411 -0.642634
    outer loop
      vertex 5.59119 -1.37465 39.98
      vertex 1.60819 -4.84894 45.4866
      vertex 5.50196 -0.955172 39.98
    endloop
  endfacet
  facet normal -0.749361 -0.159508 -0.642662
    outer loop
      vertex 1.60819 -4.84894 45.4866
      vertex 5.59119 -1.37465 39.98
      vertex 1.77999 -5.18586 45.3699
    endloop
  endfacet
  facet normal -0.749436 -0.159375 -0.642608
    outer loop
      vertex 8.87999 1.91414 35.3289
      vertex 7.46888 1.01175 37.1984
      vertex 8.70819 2.25106 35.4457
    endloop
  endfacet
  facet normal -0.749435 -0.159378 -0.642608
    outer loop
      vertex 8.87999 1.91414 35.3289
      vertex 7.63243 0.769273 37.0678
      vertex 7.46888 1.01175 37.1984
    endloop
  endfacet
  facet normal -0.74946 -0.159327 -0.642593
    outer loop
      vertex 7.63243 0.769273 37.0678
      vertex 8.87999 1.91414 35.3289
      vertex 7.67002 0.704172 37.0401
    endloop
  endfacet
  facet normal 0.865512 -0.316659 0.388093
    outer loop
      vertex -5.72175 -4.13516 40.8083
      vertex -5.31331 -4.03394 39.98
      vertex -5.13606 -3.54947 39.98
    endloop
  endfacet
  facet normal 0.8655 -0.316704 0.388082
    outer loop
      vertex -5.31331 -4.03394 39.98
      vertex -5.72175 -4.13516 40.8083
      vertex -5.73357 -4.4542 40.5743
    endloop
  endfacet
  facet normal -0.437369 -0.558933 -0.704487
    outer loop
      vertex 0.452611 -3.26751 45.6614
      vertex 4.15708 0.994635 39.98
      vertex 4.46994 0.74982 39.98
    endloop
  endfacet
  facet normal -0.437371 -0.558932 -0.704487
    outer loop
      vertex 4.15708 0.994635 39.98
      vertex 0.452611 -3.26751 45.6614
      vertex 0.14088 -3.02156 45.6598
    endloop
  endfacet
  facet normal -0.437448 -0.558862 -0.704494
    outer loop
      vertex 6.21867 2.49855 37.5069
      vertex 7.21208 4.04964 35.6596
      vertex 7.50793 3.78781 35.6836
    endloop
  endfacet
  facet normal -0.437471 -0.558846 -0.704493
    outer loop
      vertex 6.02217 2.6883 37.4784
      vertex 7.21208 4.04964 35.6596
      vertex 6.21867 2.49855 37.5069
    endloop
  endfacet
  facet normal -0.437328 -0.558965 -0.704488
    outer loop
      vertex 7.21208 4.04964 35.6596
      vertex 6.02217 2.6883 37.4784
      vertex 5.92896 2.76652 37.4742
    endloop
  endfacet
  facet normal -0.302851 -0.663997 -0.683659
    outer loop
      vertex -0.197559 -2.80852 45.6526
      vertex 3.44187 1.3721 39.98
      vertex 3.81354 1.20258 39.98
    endloop
  endfacet
  facet normal -0.302814 -0.66402 -0.683652
    outer loop
      vertex 3.44187 1.3721 39.98
      vertex -0.197559 -2.80852 45.6526
      vertex -0.518691 -2.58846 45.5811
    endloop
  endfacet
  facet normal -0.302956 -0.663925 -0.683682
    outer loop
      vertex 5.6291 3.01813 37.4124
      vertex 6.58131 4.51154 35.5402
      vertex 6.90244 4.29148 35.6116
    endloop
  endfacet
  facet normal -0.302804 -0.664007 -0.68367
    outer loop
      vertex 5.54095 3.0921 37.3796
      vertex 6.58131 4.51154 35.5402
      vertex 5.6291 3.01813 37.4124
    endloop
  endfacet
  facet normal -0.30299 -0.663899 -0.683692
    outer loop
      vertex 6.58131 4.51154 35.5402
      vertex 5.54095 3.0921 37.3796
      vertex 5.32139 3.25162 37.322
    endloop
  endfacet
  facet normal 0.210323 -0.862158 -0.46092
    outer loop
      vertex 0.304554 1.41551 39.98
      vertex -2.55001 -1.80396 44.6995
      vertex -2.88253 -1.77158 44.4872
    endloop
  endfacet
  facet normal 0.210255 -0.862154 -0.460959
    outer loop
      vertex -2.55001 -1.80396 44.6995
      vertex 0.304554 1.41551 39.98
      vertex 0.787145 1.5332 39.98
    endloop
  endfacet
  facet normal 0.210309 -0.862168 -0.460909
    outer loop
      vertex 3.37146 4.34465 35.9004
      vertex 4.54999 5.29604 34.6585
      vertex 3.52863 4.27468 36.103
    endloop
  endfacet
  facet normal 0.210198 -0.862147 -0.460998
    outer loop
      vertex 3.27046 4.38141 35.7856
      vertex 4.54999 5.29604 34.6585
      vertex 3.37146 4.34465 35.9004
    endloop
  endfacet
  facet normal 0.210221 -0.862153 -0.460977
    outer loop
      vertex 4.54999 5.29604 34.6585
      vertex 3.27046 4.38141 35.7856
      vertex 4.21747 5.32842 34.4463
    endloop
  endfacet
  facet normal 0.417755 -0.854472 -0.308803
    outer loop
      vertex -1.14178 0.827454 39.98
      vertex -3.52002 -1.79521 44.0197
      vertex -3.82027 -1.85104 43.768
    endloop
  endfacet
  facet normal 0.417801 -0.854461 -0.308769
    outer loop
      vertex -3.52002 -1.79521 44.0197
      vertex -1.14178 0.827454 39.98
      vertex -0.663491 1.06132 39.98
    endloop
  endfacet
  facet normal 0.417613 -0.854498 -0.308923
    outer loop
      vertex 2.78115 4.55951 34.9604
      vertex 3.57998 5.30479 33.9788
      vertex 2.82041 4.54522 35.053
    endloop
  endfacet
  facet normal 0.417844 -0.854462 -0.308707
    outer loop
      vertex 2.63281 4.60204 34.6419
      vertex 3.57998 5.30479 33.9788
      vertex 2.78115 4.55951 34.9604
    endloop
  endfacet
  facet normal 0.417813 -0.854462 -0.308752
    outer loop
      vertex 3.57998 5.30479 33.9788
      vertex 2.63281 4.60204 34.6419
      vertex 3.27973 5.24896 33.727
    endloop
  endfacet
  facet normal -0.511986 0.829192 0.2243
    outer loop
      vertex 1.40621 -8.66875 39.98
      vertex 0.741236 -9.51128 41.5768
      vertex 1.87036 -8.38216 39.98
    endloop
  endfacet
  facet normal -0.51199 0.829191 0.224297
    outer loop
      vertex 0.741236 -9.51128 41.5768
      vertex 1.40621 -8.66875 39.98
      vertex 0.464778 -9.61019 41.3114
    endloop
  endfacet
  facet normal -0.45006 0.8476 0.281105
    outer loop
      vertex 0.931768 -8.92067 39.98
      vertex 0.464778 -9.61019 41.3114
      vertex 1.40621 -8.66875 39.98
    endloop
  endfacet
  facet normal -0.450055 0.847602 0.281108
    outer loop
      vertex 0.464778 -9.61019 41.3114
      vertex 0.931768 -8.92067 39.98
      vertex 0.171924 -9.68052 41.0546
    endloop
  endfacet
  facet normal -0.839175 0.481463 -0.252938
    outer loop
      vertex 4.55795 -5.61151 39.98
      vertex 2.14896 -7.82027 43.768
      vertex 4.82745 -5.14178 39.98
    endloop
  endfacet
  facet normal -0.83917 0.481481 -0.252924
    outer loop
      vertex 2.14896 -7.82027 43.768
      vertex 4.55795 -5.61151 39.98
      vertex 2.06427 -8.10519 43.5066
    endloop
  endfacet
  facet normal -0.839187 0.48143 -0.252963
    outer loop
      vertex 8.65107 -1.51839 34.1915
      vertex 9.24896 -0.720268 33.727
      vertex 9.16427 -1.00519 33.4657
    endloop
  endfacet
  facet normal -0.839187 0.481427 -0.252968
    outer loop
      vertex 9.24896 -0.720268 33.727
      vertex 8.65107 -1.51839 34.1915
      vertex 8.60197 -1.36726 34.642
    endloop
  endfacet
  facet normal -0.85446 0.417806 -0.308764
    outer loop
      vertex 4.82745 -5.14178 39.98
      vertex 2.20479 -7.52002 44.0197
      vertex 5.06132 -4.66349 39.98
    endloop
  endfacet
  facet normal -0.854472 0.417754 -0.308802
    outer loop
      vertex 2.20479 -7.52002 44.0197
      vertex 4.82745 -5.14178 39.98
      vertex 2.14896 -7.82027 43.768
    endloop
  endfacet
  facet normal -0.854462 0.417814 -0.30875
    outer loop
      vertex 8.60197 -1.36726 34.642
      vertex 9.30479 -0.42002 33.9788
      vertex 9.24896 -0.720268 33.727
    endloop
  endfacet
  facet normal -0.854462 0.417807 -0.308759
    outer loop
      vertex 9.30479 -0.42002 33.9788
      vertex 8.60197 -1.36726 34.642
      vertex 8.54203 -1.18279 35.0575
    endloop
  endfacet
  facet normal -0.862154 0.210251 -0.460961
    outer loop
      vertex 5.41551 -3.69545 39.98
      vertex 2.19604 -6.55001 44.6995
      vertex 5.5332 -3.21285 39.98
    endloop
  endfacet
  facet normal -0.862158 0.210323 -0.46092
    outer loop
      vertex 2.19604 -6.55001 44.6995
      vertex 5.41551 -3.69545 39.98
      vertex 2.22842 -6.88253 44.4872
    endloop
  endfacet
  facet normal -0.862155 0.210219 -0.460974
    outer loop
      vertex 8.38008 -0.730868 35.7875
      vertex 9.29604 0.549989 34.6585
      vertex 9.32842 0.217468 34.4463
    endloop
  endfacet
  facet normal -0.862155 0.210218 -0.460975
    outer loop
      vertex 9.29604 0.549989 34.6585
      vertex 8.38008 -0.730868 35.7875
      vertex 8.27508 -0.470972 36.1024
    endloop
  endfacet
  facet normal -0.8354 0.0632418 -0.545993
    outer loop
      vertex 5.61002 -2.73599 39.98
      vertex 2.04409 -5.8697 45.0731
      vertex 5.64542 -2.26837 39.98
    endloop
  endfacet
  facet normal -0.835416 0.0633168 -0.545958
    outer loop
      vertex 2.04409 -5.8697 45.0731
      vertex 5.61002 -2.73599 39.98
      vertex 2.13444 -6.21157 44.8952
    endloop
  endfacet
  facet normal -0.835391 0.063192 -0.546012
    outer loop
      vertex 9.23444 0.888433 34.8543
      vertex 8.00964 0.0958452 36.6365
      vertex 9.14409 1.2303 35.0321
    endloop
  endfacet
  facet normal -0.835407 0.0632988 -0.545975
    outer loop
      vertex 8.00964 0.0958452 36.6365
      vertex 9.23444 0.888433 34.8543
      vertex 8.15134 -0.194675 36.386
    endloop
  endfacet
  facet normal -0.61372 -0.371509 -0.696656
    outer loop
      vertex 0.978436 -3.85912 45.6598
      vertex 5.20258 -0.186459 39.98
      vertex 1.19148 -4.19756 45.6526
    endloop
  endfacet
  facet normal -0.613539 -0.37139 -0.696878
    outer loop
      vertex 0.978436 -3.85912 45.6598
      vertex 1.19148 -4.19756 45.6526
      vertex 1.16978 -4.16978 45.6569
    endloop
  endfacet
  facet normal -0.613735 -0.371488 -0.696654
    outer loop
      vertex 5.20258 -0.186459 39.98
      vertex 0.978436 -3.85912 45.6598
      vertex 4.99464 0.157079 39.98
    endloop
  endfacet
  facet normal -0.613642 -0.371617 -0.696667
    outer loop
      vertex 6.8944 1.78509 37.4382
      vertex 8.29148 2.90244 35.6116
      vertex 7.01709 1.62805 37.4139
    endloop
  endfacet
  facet normal -0.613774 -0.371427 -0.696652
    outer loop
      vertex 6.76564 1.92809 37.4754
      vertex 8.29148 2.90244 35.6116
      vertex 6.8944 1.78509 37.4382
    endloop
  endfacet
  facet normal -0.613783 -0.371412 -0.696652
    outer loop
      vertex 8.29148 2.90244 35.6116
      vertex 6.76564 1.92809 37.4754
      vertex 8.04963 3.21208 35.6596
    endloop
  endfacet
  facet normal 0.844503 -0.100337 0.526067
    outer loop
      vertex -5.59962 -5.42866 39.98
      vertex -5.54848 -4.99823 39.98
      vertex -5.66887 -5.11863 40.1503
    endloop
  endfacet
  facet normal 0.859738 -0.384795 0.335832
    outer loop
      vertex -5.68052 -3.82808 41.0546
      vertex -5.13606 -3.54947 39.98
      vertex -4.92067 -3.06823 39.98
    endloop
  endfacet
  facet normal 0.859738 -0.384794 0.335833
    outer loop
      vertex -5.13606 -3.54947 39.98
      vertex -5.68052 -3.82808 41.0546
      vertex -5.72175 -4.13516 40.8083
    endloop
  endfacet
  facet normal -0.0856243 -0.783956 -0.614883
    outer loop
      vertex 2.18653 1.63913 39.98
      vertex -1.18586 -2.22001 45.3699
      vertex -1.52696 -2.07436 45.2317
    endloop
  endfacet
  facet normal -0.0856445 -0.783949 -0.61489
    outer loop
      vertex -1.18586 -2.22001 45.3699
      vertex 2.18653 1.63913 39.98
      vertex 2.62535 1.59119 39.98
    endloop
  endfacet
  facet normal -0.0857869 -0.783906 -0.614924
    outer loop
      vertex 5.57304 5.02564 35.1907
      vertex 4.7021 3.66794 37.043
      vertex 4.5 3.79423 36.9102
    endloop
  endfacet
  facet normal -0.0856306 -0.783966 -0.61487
    outer loop
      vertex 5.57304 5.02564 35.1907
      vertex 4.5 3.79423 36.9102
      vertex 4.3966 3.84921 36.8545
    endloop
  endfacet
  facet normal -0.0856235 -0.783956 -0.614884
    outer loop
      vertex 4.7021 3.66794 37.043
      vertex 5.57304 5.02564 35.1907
      vertex 5.91414 4.87999 35.3289
    endloop
  endfacet
  facet normal -0.0112624 -0.812676 -0.582607
    outer loop
      vertex 1.73163 1.64542 39.98
      vertex -1.52696 -2.07436 45.2317
      vertex -1.8697 -1.95591 45.0731
    endloop
  endfacet
  facet normal -0.0112372 -0.812684 -0.582597
    outer loop
      vertex -1.52696 -2.07436 45.2317
      vertex 1.73163 1.64542 39.98
      vertex 2.18653 1.63913 39.98
    endloop
  endfacet
  facet normal -0.0112564 -0.812687 -0.582592
    outer loop
      vertex 5.2303 5.14409 35.0321
      vertex 4.3966 3.84921 36.8545
      vertex 4.09551 4.0093 36.637
    endloop
  endfacet
  facet normal -0.0112698 -0.812684 -0.582596
    outer loop
      vertex 4.3966 3.84921 36.8545
      vertex 5.2303 5.14409 35.0321
      vertex 5.57304 5.02564 35.1907
    endloop
  endfacet
  facet normal 0.0633168 -0.835416 -0.545958
    outer loop
      vertex 1.26401 1.61002 39.98
      vertex -1.8697 -1.95591 45.0731
      vertex -2.21157 -1.86556 44.8952
    endloop
  endfacet
  facet normal 0.0632418 -0.8354 -0.545993
    outer loop
      vertex -1.8697 -1.95591 45.0731
      vertex 1.26401 1.61002 39.98
      vertex 1.73163 1.64542 39.98
    endloop
  endfacet
  facet normal 0.0633021 -0.835423 -0.54595
    outer loop
      vertex 3.94534 4.08915 36.4974
      vertex 5.2303 5.14409 35.0321
      vertex 4.09551 4.0093 36.637
    endloop
  endfacet
  facet normal 0.0632105 -0.83539 -0.546011
    outer loop
      vertex 4.88843 5.23444 34.8543
      vertex 3.94534 4.08915 36.4974
      vertex 3.80543 4.15144 36.3859
    endloop
  endfacet
  facet normal 0.0631956 -0.835387 -0.546017
    outer loop
      vertex 3.94534 4.08915 36.4974
      vertex 4.88843 5.23444 34.8543
      vertex 5.2303 5.14409 35.0321
    endloop
  endfacet
  facet normal 0.481481 -0.83917 -0.252924
    outer loop
      vertex -1.61151 0.557949 39.98
      vertex -3.82027 -1.85104 43.768
      vertex -4.10519 -1.93573 43.5066
    endloop
  endfacet
  facet normal 0.481471 -0.839173 -0.252932
    outer loop
      vertex -3.82027 -1.85104 43.768
      vertex -1.61151 0.557949 39.98
      vertex -1.14178 0.827454 39.98
    endloop
  endfacet
  facet normal 0.481453 -0.839179 -0.252945
    outer loop
      vertex 2.47721 4.64666 34.1977
      vertex 3.27973 5.24896 33.727
      vertex 2.63281 4.60204 34.6419
    endloop
  endfacet
  facet normal 0.481439 -0.83918 -0.252971
    outer loop
      vertex 3.27973 5.24896 33.727
      vertex 2.47721 4.64666 34.1977
      vertex 2.99481 5.16427 33.4657
    endloop
  endfacet
endsolid OpenSCAD_Model
