solid OpenSCAD_Model
  facet normal 0.039747 -0.99921 0
    outer loop
      vertex 53.4 -26.4 0
      vertex 53.7972 -26.3842 2.6
      vertex 53.4 -26.4 2.6
    endloop
  endfacet
  facet normal 0.039747 -0.99921 0
    outer loop
      vertex 53.7972 -26.3842 2.6
      vertex 53.4 -26.4 0
      vertex 53.7972 -26.3842 0
    endloop
  endfacet
  facet normal -0.197712 0.98026 0
    outer loop
      vertex -54.192 26.3369 0
      vertex -54.5817 26.2583 2.6
      vertex -54.192 26.3369 2.6
    endloop
  endfacet
  facet normal -0.197712 0.98026 0
    outer loop
      vertex -54.5817 26.2583 2.6
      vertex -54.192 26.3369 0
      vertex -54.5817 26.2583 0
    endloop
  endfacet
  facet normal 0.118957 -0.992899 0
    outer loop
      vertex 53.7972 -26.3842 0
      vertex 54.192 -26.3369 2.6
      vertex 53.7972 -26.3842 2.6
    endloop
  endfacet
  facet normal 0.118957 -0.992899 0
    outer loop
      vertex 54.192 -26.3369 2.6
      vertex 53.7972 -26.3842 0
      vertex 54.192 -26.3369 0
    endloop
  endfacet
  facet normal 0.274655 -0.961543 0
    outer loop
      vertex 54.5817 -26.2583 0
      vertex 54.964 -26.1491 2.6
      vertex 54.5817 -26.2583 2.6
    endloop
  endfacet
  facet normal 0.274655 -0.961543 0
    outer loop
      vertex 54.964 -26.1491 2.6
      vertex 54.5817 -26.2583 0
      vertex 54.964 -26.1491 0
    endloop
  endfacet
  facet normal 0.197712 -0.98026 0
    outer loop
      vertex 54.192 -26.3369 0
      vertex 54.5817 -26.2583 2.6
      vertex 54.192 -26.3369 2.6
    endloop
  endfacet
  facet normal 0.197712 -0.98026 0
    outer loop
      vertex 54.5817 -26.2583 2.6
      vertex 54.192 -26.3369 0
      vertex 54.5817 -26.2583 0
    endloop
  endfacet
  facet normal 0 0 -1
    outer loop
      vertex -50.7979 20.0051 0
      vertex 50.7979 20.0051 0
      vertex -50.7979 -20.0051 0
    endloop
  endfacet
  facet normal 0 0 -1
    outer loop
      vertex 50.7979 20.0051 0
      vertex -50.7979 20.0051 0
      vertex -50.75 20.4 0
    endloop
  endfacet
  facet normal 0 0 -1
    outer loop
      vertex -50.939 -19.6332 0
      vertex -50.7979 20.0051 0
      vertex -50.7979 -20.0051 0
    endloop
  endfacet
  facet normal 0 0 -1
    outer loop
      vertex -50.939 -19.6332 0
      vertex -50.939 19.6332 0
      vertex -50.7979 20.0051 0
    endloop
  endfacet
  facet normal 0 0 -1
    outer loop
      vertex -51.165 -19.3058 0
      vertex -50.939 19.6332 0
      vertex -50.939 -19.6332 0
    endloop
  endfacet
  facet normal 0 0 -1
    outer loop
      vertex -51.165 -19.3058 0
      vertex -51.165 19.3058 0
      vertex -50.939 19.6332 0
    endloop
  endfacet
  facet normal 0 0 -1
    outer loop
      vertex -51.4627 -19.0421 0
      vertex -51.165 19.3058 0
      vertex -51.165 -19.3058 0
    endloop
  endfacet
  facet normal 0 0 -1
    outer loop
      vertex -51.4627 -19.0421 0
      vertex -51.4627 19.0421 0
      vertex -51.165 19.3058 0
    endloop
  endfacet
  facet normal 0 0 -1
    outer loop
      vertex -51.8149 -18.8572 0
      vertex -51.4627 19.0421 0
      vertex -51.4627 -19.0421 0
    endloop
  endfacet
  facet normal 0 0 -1
    outer loop
      vertex -51.8149 -18.8572 0
      vertex -51.8149 18.8572 0
      vertex -51.4627 19.0421 0
    endloop
  endfacet
  facet normal 0 0 -1
    outer loop
      vertex -52.2011 -18.762 0
      vertex -51.8149 18.8572 0
      vertex -51.8149 -18.8572 0
    endloop
  endfacet
  facet normal 0 0 -1
    outer loop
      vertex -52.2011 -18.762 0
      vertex -52.2011 18.762 0
      vertex -51.8149 18.8572 0
    endloop
  endfacet
  facet normal 0 0 -1
    outer loop
      vertex -52.5989 -18.762 0
      vertex -52.2011 18.762 0
      vertex -52.2011 -18.762 0
    endloop
  endfacet
  facet normal 0 0 -1
    outer loop
      vertex -52.5989 -18.762 0
      vertex -52.5989 18.762 0
      vertex -52.2011 18.762 0
    endloop
  endfacet
  facet normal 0 0 -1
    outer loop
      vertex -52.9851 -18.8572 0
      vertex -52.5989 18.762 0
      vertex -52.5989 -18.762 0
    endloop
  endfacet
  facet normal 0 0 -1
    outer loop
      vertex -52.9851 -18.8572 0
      vertex -52.9851 18.8572 0
      vertex -52.5989 18.762 0
    endloop
  endfacet
  facet normal 0 0 -1
    outer loop
      vertex -53.3373 -19.0421 0
      vertex -52.9851 18.8572 0
      vertex -52.9851 -18.8572 0
    endloop
  endfacet
  facet normal 0 0 -1
    outer loop
      vertex -53.3373 -19.0421 0
      vertex -53.3373 19.0421 0
      vertex -52.9851 18.8572 0
    endloop
  endfacet
  facet normal 0 0 -1
    outer loop
      vertex -58.4 -21.4 0
      vertex -53.3373 -19.0421 0
      vertex -53.635 -19.3058 0
    endloop
  endfacet
  facet normal -0 0 -1
    outer loop
      vertex -53.3373 -19.0421 0
      vertex -58.4 -21.4 0
      vertex -53.3373 19.0421 0
    endloop
  endfacet
  facet normal 0 0 -1
    outer loop
      vertex -58.4 -21.4 0
      vertex -53.635 -19.3058 0
      vertex -53.861 -19.6332 0
    endloop
  endfacet
  facet normal 0 0 -1
    outer loop
      vertex -58.4 21.4 0
      vertex -53.3373 19.0421 0
      vertex -58.4 -21.4 0
    endloop
  endfacet
  facet normal 0 0 -1
    outer loop
      vertex -58.4 -21.4 0
      vertex -53.861 -19.6332 0
      vertex -54.0021 -20.0051 0
    endloop
  endfacet
  facet normal 0 0 -1
    outer loop
      vertex -53.3373 19.0421 0
      vertex -58.4 21.4 0
      vertex -53.635 19.3058 0
    endloop
  endfacet
  facet normal 0 0 -1
    outer loop
      vertex -58.4 -21.4 0
      vertex -54.0021 -20.0051 0
      vertex -54.05 -20.4 0
    endloop
  endfacet
  facet normal 0 0 -1
    outer loop
      vertex -53.635 19.3058 0
      vertex -58.4 21.4 0
      vertex -53.861 19.6332 0
    endloop
  endfacet
  facet normal 0 0 -1
    outer loop
      vertex 53.635 -19.3058 0
      vertex 58.4 -21.4 0
      vertex 53.861 -19.6332 0
    endloop
  endfacet
  facet normal 0 0 -1
    outer loop
      vertex 58.4 21.4 0
      vertex 54.0021 20.0051 0
      vertex 54.05 20.4 0
    endloop
  endfacet
  facet normal 0 0 -1
    outer loop
      vertex 53.3373 -19.0421 0
      vertex 58.4 -21.4 0
      vertex 53.635 -19.3058 0
    endloop
  endfacet
  facet normal 0 0 -1
    outer loop
      vertex 58.4 21.4 0
      vertex 53.861 19.6332 0
      vertex 54.0021 20.0051 0
    endloop
  endfacet
  facet normal 0 0 -1
    outer loop
      vertex 58.4 -21.4 0
      vertex 53.3373 -19.0421 0
      vertex 58.4 21.4 0
    endloop
  endfacet
  facet normal 0 0 -1
    outer loop
      vertex 58.4 21.4 0
      vertex 53.635 19.3058 0
      vertex 53.861 19.6332 0
    endloop
  endfacet
  facet normal 0 0 -1
    outer loop
      vertex 53.3373 19.0421 0
      vertex 58.4 21.4 0
      vertex 53.3373 -19.0421 0
    endloop
  endfacet
  facet normal 0 0 -1
    outer loop
      vertex 58.4 21.4 0
      vertex 53.3373 19.0421 0
      vertex 53.635 19.3058 0
    endloop
  endfacet
  facet normal 0 0 -1
    outer loop
      vertex 52.9851 -18.8572 0
      vertex 53.3373 19.0421 0
      vertex 53.3373 -19.0421 0
    endloop
  endfacet
  facet normal 0 0 -1
    outer loop
      vertex 52.9851 -18.8572 0
      vertex 52.9851 18.8572 0
      vertex 53.3373 19.0421 0
    endloop
  endfacet
  facet normal 0 0 -1
    outer loop
      vertex 52.5989 -18.762 0
      vertex 52.9851 18.8572 0
      vertex 52.9851 -18.8572 0
    endloop
  endfacet
  facet normal 0 0 -1
    outer loop
      vertex 52.5989 -18.762 0
      vertex 52.5989 18.762 0
      vertex 52.9851 18.8572 0
    endloop
  endfacet
  facet normal 0 0 -1
    outer loop
      vertex 52.2011 -18.762 0
      vertex 52.5989 18.762 0
      vertex 52.5989 -18.762 0
    endloop
  endfacet
  facet normal 0 0 -1
    outer loop
      vertex 52.2011 -18.762 0
      vertex 52.2011 18.762 0
      vertex 52.5989 18.762 0
    endloop
  endfacet
  facet normal 0 0 -1
    outer loop
      vertex 51.8149 -18.8572 0
      vertex 52.2011 18.762 0
      vertex 52.2011 -18.762 0
    endloop
  endfacet
  facet normal 0 0 -1
    outer loop
      vertex 51.8149 -18.8572 0
      vertex 51.8149 18.8572 0
      vertex 52.2011 18.762 0
    endloop
  endfacet
  facet normal 0 0 -1
    outer loop
      vertex 51.4627 -19.0421 0
      vertex 51.8149 18.8572 0
      vertex 51.8149 -18.8572 0
    endloop
  endfacet
  facet normal 0 0 -1
    outer loop
      vertex 51.4627 -19.0421 0
      vertex 51.4627 19.0421 0
      vertex 51.8149 18.8572 0
    endloop
  endfacet
  facet normal 0 0 -1
    outer loop
      vertex 51.165 -19.3058 0
      vertex 51.4627 19.0421 0
      vertex 51.4627 -19.0421 0
    endloop
  endfacet
  facet normal 0 0 -1
    outer loop
      vertex 51.165 -19.3058 0
      vertex 51.165 19.3058 0
      vertex 51.4627 19.0421 0
    endloop
  endfacet
  facet normal 0 0 -1
    outer loop
      vertex 50.939 -19.6332 0
      vertex 51.165 19.3058 0
      vertex 51.165 -19.3058 0
    endloop
  endfacet
  facet normal 0 0 -1
    outer loop
      vertex 50.939 -19.6332 0
      vertex 50.939 19.6332 0
      vertex 51.165 19.3058 0
    endloop
  endfacet
  facet normal 0 0 -1
    outer loop
      vertex 50.7979 -20.0051 0
      vertex 50.939 19.6332 0
      vertex 50.939 -19.6332 0
    endloop
  endfacet
  facet normal 0 0 -1
    outer loop
      vertex 50.7979 -20.0051 0
      vertex 50.7979 20.0051 0
      vertex 50.939 19.6332 0
    endloop
  endfacet
  facet normal 0 0 -1
    outer loop
      vertex -50.75 -20.4 0
      vertex 50.7979 -20.0051 0
      vertex 50.75 -20.4 0
    endloop
  endfacet
  facet normal 0 0 -1
    outer loop
      vertex -50.7979 -20.0051 0
      vertex 50.7979 -20.0051 0
      vertex -50.75 -20.4 0
    endloop
  endfacet
  facet normal 0 0 -1
    outer loop
      vertex 54.0021 -20.7949 0
      vertex 58.4 -21.4 0
      vertex 58.3911 -21.6981 0
    endloop
  endfacet
  facet normal 0 0 -1
    outer loop
      vertex 54.0021 -20.0051 0
      vertex 58.4 -21.4 0
      vertex 54.05 -20.4 0
    endloop
  endfacet
  facet normal 0 0 -1
    outer loop
      vertex 54.0021 -20.7949 0
      vertex 58.3911 -21.6981 0
      vertex 58.3516 -22.0937 0
    endloop
  endfacet
  facet normal 0 0 -1
    outer loop
      vertex 53.861 -19.6332 0
      vertex 58.4 -21.4 0
      vertex 54.0021 -20.0051 0
    endloop
  endfacet
  facet normal 0 0 -1
    outer loop
      vertex 53.861 -21.1668 0
      vertex 58.3516 -22.0937 0
      vertex 58.2809 -22.4849 0
    endloop
  endfacet
  facet normal 0 0 -1
    outer loop
      vertex 54.0021 20.7949 0
      vertex 58.4 21.4 0
      vertex 54.05 20.4 0
    endloop
  endfacet
  facet normal 0 0 -1
    outer loop
      vertex 53.861 -21.1668 0
      vertex 58.2809 -22.4849 0
      vertex 58.1792 -22.8692 0
    endloop
  endfacet
  facet normal -0 0 -1
    outer loop
      vertex 58.4 21.4 0
      vertex 54.0021 20.7949 0
      vertex 58.3842 21.7972 0
    endloop
  endfacet
  facet normal 0 0 -1
    outer loop
      vertex 53.861 -21.1668 0
      vertex 58.1792 -22.8692 0
      vertex 58.0474 -23.2443 0
    endloop
  endfacet
  facet normal -0 0 -1
    outer loop
      vertex 58.3842 21.7972 0
      vertex 54.0021 20.7949 0
      vertex 58.3369 22.192 0
    endloop
  endfacet
  facet normal 0 0 -1
    outer loop
      vertex 53.861 -21.1668 0
      vertex 58.0474 -23.2443 0
      vertex 57.8862 -23.6077 0
    endloop
  endfacet
  facet normal 0 0 -1
    outer loop
      vertex 53.861 21.1668 0
      vertex 58.3369 22.192 0
      vertex 54.0021 20.7949 0
    endloop
  endfacet
  facet normal 0 0 -1
    outer loop
      vertex 53.861 -21.1668 0
      vertex 57.8862 -23.6077 0
      vertex 57.6966 -23.9572 0
    endloop
  endfacet
  facet normal -0 0 -1
    outer loop
      vertex 58.3369 22.192 0
      vertex 53.861 21.1668 0
      vertex 58.2583 22.5817 0
    endloop
  endfacet
  facet normal 0 0 -1
    outer loop
      vertex 53.635 -21.4942 0
      vertex 57.6966 -23.9572 0
      vertex 57.4799 -24.2905 0
    endloop
  endfacet
  facet normal -0 0 -1
    outer loop
      vertex 58.2583 22.5817 0
      vertex 53.861 21.1668 0
      vertex 58.1491 22.964 0
    endloop
  endfacet
  facet normal 0 0 -1
    outer loop
      vertex 53.635 -21.4942 0
      vertex 57.4799 -24.2905 0
      vertex 57.2373 -24.6055 0
    endloop
  endfacet
  facet normal -0 0 -1
    outer loop
      vertex 58.1491 22.964 0
      vertex 53.861 21.1668 0
      vertex 58.0098 23.3363 0
    endloop
  endfacet
  facet normal 0 0 -1
    outer loop
      vertex 53.635 -21.4942 0
      vertex 57.2373 -24.6055 0
      vertex 56.9705 -24.9002 0
    endloop
  endfacet
  facet normal -0 0 -1
    outer loop
      vertex 58.0098 23.3363 0
      vertex 53.861 21.1668 0
      vertex 57.8414 23.6965 0
    endloop
  endfacet
  facet normal 0 0 -1
    outer loop
      vertex 53.635 -21.4942 0
      vertex 56.9705 -24.9002 0
      vertex 56.6811 -25.1728 0
    endloop
  endfacet
  facet normal 0 0 -1
    outer loop
      vertex 53.635 21.4942 0
      vertex 57.8414 23.6965 0
      vertex 53.861 21.1668 0
    endloop
  endfacet
  facet normal 0 0 -1
    outer loop
      vertex 53.3373 -21.7579 0
      vertex 56.6811 -25.1728 0
      vertex 56.371 -25.4216 0
    endloop
  endfacet
  facet normal -0 0 -1
    outer loop
      vertex 57.8414 23.6965 0
      vertex 53.635 21.4942 0
      vertex 57.6449 24.0421 0
    endloop
  endfacet
  facet normal 0 0 -1
    outer loop
      vertex 53.3373 -21.7579 0
      vertex 56.371 -25.4216 0
      vertex 56.0421 -25.6449 0
    endloop
  endfacet
  facet normal -0 0 -1
    outer loop
      vertex 57.6449 24.0421 0
      vertex 53.635 21.4942 0
      vertex 57.4216 24.371 0
    endloop
  endfacet
  facet normal 0 0 -1
    outer loop
      vertex 53.3373 -21.7579 0
      vertex 56.0421 -25.6449 0
      vertex 55.6965 -25.8414 0
    endloop
  endfacet
  facet normal -0 0 -1
    outer loop
      vertex 57.4216 24.371 0
      vertex 53.635 21.4942 0
      vertex 57.1728 24.6811 0
    endloop
  endfacet
  facet normal 0 0 -1
    outer loop
      vertex 53.3373 -21.7579 0
      vertex 55.6965 -25.8414 0
      vertex 55.3363 -26.0098 0
    endloop
  endfacet
  facet normal -0 0 -1
    outer loop
      vertex 57.1728 24.6811 0
      vertex 53.635 21.4942 0
      vertex 56.9002 24.9705 0
    endloop
  endfacet
  facet normal 0 0 -1
    outer loop
      vertex 53.3373 -21.7579 0
      vertex 55.3363 -26.0098 0
      vertex 54.964 -26.1491 0
    endloop
  endfacet
  facet normal -0 0 -1
    outer loop
      vertex 56.9002 24.9705 0
      vertex 53.635 21.4942 0
      vertex 56.6055 25.2373 0
    endloop
  endfacet
  facet normal 0 0 -1
    outer loop
      vertex 52.9851 -21.9428 0
      vertex 54.964 -26.1491 0
      vertex 54.5817 -26.2583 0
    endloop
  endfacet
  facet normal 0 0 -1
    outer loop
      vertex 53.3373 21.7579 0
      vertex 56.6055 25.2373 0
      vertex 53.635 21.4942 0
    endloop
  endfacet
  facet normal 0 0 -1
    outer loop
      vertex 52.9851 -21.9428 0
      vertex 54.5817 -26.2583 0
      vertex 54.192 -26.3369 0
    endloop
  endfacet
  facet normal -0 0 -1
    outer loop
      vertex 56.6055 25.2373 0
      vertex 53.3373 21.7579 0
      vertex 56.2905 25.4799 0
    endloop
  endfacet
  facet normal -0 0 -1
    outer loop
      vertex 56.2905 25.4799 0
      vertex 53.3373 21.7579 0
      vertex 55.9572 25.6966 0
    endloop
  endfacet
  facet normal 0 0 -1
    outer loop
      vertex 58.4 -21.4 0
      vertex 54.0021 -20.7949 0
      vertex 54.05 -20.4 0
    endloop
  endfacet
  facet normal 0 0 -1
    outer loop
      vertex 58.3516 -22.0937 0
      vertex 53.861 -21.1668 0
      vertex 54.0021 -20.7949 0
    endloop
  endfacet
  facet normal 0 0 -1
    outer loop
      vertex 52.9851 -21.9428 0
      vertex 54.192 -26.3369 0
      vertex 53.7972 -26.3842 0
    endloop
  endfacet
  facet normal 0 0 -1
    outer loop
      vertex 57.6966 -23.9572 0
      vertex 53.635 -21.4942 0
      vertex 53.861 -21.1668 0
    endloop
  endfacet
  facet normal 0 0 -1
    outer loop
      vertex 52.9851 -21.9428 0
      vertex 53.7972 -26.3842 0
      vertex 53.4 -26.4 0
    endloop
  endfacet
  facet normal 0 0 -1
    outer loop
      vertex 56.6811 -25.1728 0
      vertex 53.3373 -21.7579 0
      vertex 53.635 -21.4942 0
    endloop
  endfacet
  facet normal 0 0 -1
    outer loop
      vertex 54.964 -26.1491 0
      vertex 52.9851 -21.9428 0
      vertex 53.3373 -21.7579 0
    endloop
  endfacet
  facet normal 0 0 -1
    outer loop
      vertex 53.4 -26.4 0
      vertex 52.5989 -22.038 0
      vertex 52.9851 -21.9428 0
    endloop
  endfacet
  facet normal 0 0 -1
    outer loop
      vertex 53.4 -26.4 0
      vertex 52.2011 -22.038 0
      vertex 52.5989 -22.038 0
    endloop
  endfacet
  facet normal 0 0 -1
    outer loop
      vertex 53.4 -26.4 0
      vertex 51.8149 -21.9428 0
      vertex 52.2011 -22.038 0
    endloop
  endfacet
  facet normal 0 0 -1
    outer loop
      vertex 53.4 -26.4 0
      vertex 51.4627 -21.7579 0
      vertex 51.8149 -21.9428 0
    endloop
  endfacet
  facet normal 0 0 -1
    outer loop
      vertex 53.4 -26.4 0
      vertex 51.165 -21.4942 0
      vertex 51.4627 -21.7579 0
    endloop
  endfacet
  facet normal 0 0 -1
    outer loop
      vertex 53.4 -26.4 0
      vertex 50.939 -21.1668 0
      vertex 51.165 -21.4942 0
    endloop
  endfacet
  facet normal 0 0 -1
    outer loop
      vertex 50.7979 -20.0051 0
      vertex -50.7979 -20.0051 0
      vertex 50.7979 20.0051 0
    endloop
  endfacet
  facet normal 0 0 -1
    outer loop
      vertex 50.7979 -20.7949 0
      vertex -50.75 -20.4 0
      vertex 50.75 -20.4 0
    endloop
  endfacet
  facet normal 0 0 -1
    outer loop
      vertex -50.7979 -20.7949 0
      vertex 50.7979 -20.7949 0
      vertex 50.939 -21.1668 0
    endloop
  endfacet
  facet normal 0 0 -1
    outer loop
      vertex -50.939 -21.1668 0
      vertex 50.939 -21.1668 0
      vertex 53.4 -26.4 0
    endloop
  endfacet
  facet normal 0 0 -1
    outer loop
      vertex 50.7979 -20.7949 0
      vertex -50.7979 -20.7949 0
      vertex -50.75 -20.4 0
    endloop
  endfacet
  facet normal 0 0 -1
    outer loop
      vertex 50.939 -21.1668 0
      vertex -50.939 -21.1668 0
      vertex -50.7979 -20.7949 0
    endloop
  endfacet
  facet normal 0 0 -1
    outer loop
      vertex -53.4 -26.4 0
      vertex -50.939 -21.1668 0
      vertex 53.4 -26.4 0
    endloop
  endfacet
  facet normal 0 0 -1
    outer loop
      vertex -50.939 -21.1668 0
      vertex -53.4 -26.4 0
      vertex -51.165 -21.4942 0
    endloop
  endfacet
  facet normal 0 0 -1
    outer loop
      vertex -51.165 -21.4942 0
      vertex -53.4 -26.4 0
      vertex -51.4627 -21.7579 0
    endloop
  endfacet
  facet normal 0 0 -1
    outer loop
      vertex -51.4627 -21.7579 0
      vertex -53.4 -26.4 0
      vertex -51.8149 -21.9428 0
    endloop
  endfacet
  facet normal 0 0 -1
    outer loop
      vertex -51.8149 -21.9428 0
      vertex -53.4 -26.4 0
      vertex -52.2011 -22.038 0
    endloop
  endfacet
  facet normal -0 0 -1
    outer loop
      vertex -52.2011 -22.038 0
      vertex -53.4 -26.4 0
      vertex -52.5989 -22.038 0
    endloop
  endfacet
  facet normal 0 0 -1
    outer loop
      vertex -53.4 -26.4 0
      vertex -52.9851 -21.9428 0
      vertex -52.5989 -22.038 0
    endloop
  endfacet
  facet normal 0 0 -1
    outer loop
      vertex -53.6981 -26.3911 0
      vertex -52.9851 -21.9428 0
      vertex -53.4 -26.4 0
    endloop
  endfacet
  facet normal 0 0 -1
    outer loop
      vertex -54.0937 -26.3516 0
      vertex -52.9851 -21.9428 0
      vertex -53.6981 -26.3911 0
    endloop
  endfacet
  facet normal 0 0 -1
    outer loop
      vertex -54.4849 -26.2809 0
      vertex -52.9851 -21.9428 0
      vertex -54.0937 -26.3516 0
    endloop
  endfacet
  facet normal 0 0 -1
    outer loop
      vertex -54.8692 -26.1792 0
      vertex -52.9851 -21.9428 0
      vertex -54.4849 -26.2809 0
    endloop
  endfacet
  facet normal -0 0 -1
    outer loop
      vertex -52.9851 -21.9428 0
      vertex -54.8692 -26.1792 0
      vertex -53.3373 -21.7579 0
    endloop
  endfacet
  facet normal 0 0 -1
    outer loop
      vertex -55.2443 -26.0474 0
      vertex -53.3373 -21.7579 0
      vertex -54.8692 -26.1792 0
    endloop
  endfacet
  facet normal 0 0 -1
    outer loop
      vertex -55.9572 -25.6966 0
      vertex -53.3373 -21.7579 0
      vertex -55.6077 -25.8862 0
    endloop
  endfacet
  facet normal 0 0 -1
    outer loop
      vertex -55.6077 -25.8862 0
      vertex -53.3373 -21.7579 0
      vertex -55.2443 -26.0474 0
    endloop
  endfacet
  facet normal -0 0 -1
    outer loop
      vertex 55.9572 25.6966 0
      vertex 53.3373 21.7579 0
      vertex 55.6077 25.8862 0
    endloop
  endfacet
  facet normal -0 0 -1
    outer loop
      vertex 55.6077 25.8862 0
      vertex 53.3373 21.7579 0
      vertex 55.2443 26.0474 0
    endloop
  endfacet
  facet normal -0 0 -1
    outer loop
      vertex 55.2443 26.0474 0
      vertex 53.3373 21.7579 0
      vertex 54.8692 26.1792 0
    endloop
  endfacet
  facet normal 0 0 -1
    outer loop
      vertex 52.9851 21.9428 0
      vertex 54.8692 26.1792 0
      vertex 53.3373 21.7579 0
    endloop
  endfacet
  facet normal -0 0 -1
    outer loop
      vertex 54.8692 26.1792 0
      vertex 52.9851 21.9428 0
      vertex 54.4849 26.2809 0
    endloop
  endfacet
  facet normal -0 0 -1
    outer loop
      vertex 54.4849 26.2809 0
      vertex 52.9851 21.9428 0
      vertex 54.0937 26.3516 0
    endloop
  endfacet
  facet normal -0 0 -1
    outer loop
      vertex 54.0937 26.3516 0
      vertex 52.9851 21.9428 0
      vertex 53.6981 26.3911 0
    endloop
  endfacet
  facet normal -0 0 -1
    outer loop
      vertex 53.6981 26.3911 0
      vertex 52.9851 21.9428 0
      vertex 53.4 26.4 0
    endloop
  endfacet
  facet normal 0 0 -1
    outer loop
      vertex 52.5989 22.038 0
      vertex 53.4 26.4 0
      vertex 52.9851 21.9428 0
    endloop
  endfacet
  facet normal 0 0 -1
    outer loop
      vertex 52.2011 22.038 0
      vertex 53.4 26.4 0
      vertex 52.5989 22.038 0
    endloop
  endfacet
  facet normal 0 0 -1
    outer loop
      vertex 51.8149 21.9428 0
      vertex 53.4 26.4 0
      vertex 52.2011 22.038 0
    endloop
  endfacet
  facet normal 0 0 -1
    outer loop
      vertex 51.4627 21.7579 0
      vertex 53.4 26.4 0
      vertex 51.8149 21.9428 0
    endloop
  endfacet
  facet normal 0 0 -1
    outer loop
      vertex 51.165 21.4942 0
      vertex 53.4 26.4 0
      vertex 51.4627 21.7579 0
    endloop
  endfacet
  facet normal 0 0 -1
    outer loop
      vertex 50.939 21.1668 0
      vertex 53.4 26.4 0
      vertex 51.165 21.4942 0
    endloop
  endfacet
  facet normal 0 0 -1
    outer loop
      vertex 50.7979 20.0051 0
      vertex -50.75 20.4 0
      vertex 50.75 20.4 0
    endloop
  endfacet
  facet normal 0 0 -1
    outer loop
      vertex 50.75 20.4 0
      vertex -50.75 20.4 0
      vertex 50.7979 20.7949 0
    endloop
  endfacet
  facet normal 0 0 -1
    outer loop
      vertex -50.7979 20.7949 0
      vertex 50.7979 20.7949 0
      vertex -50.75 20.4 0
    endloop
  endfacet
  facet normal 0 0 -1
    outer loop
      vertex 50.7979 20.7949 0
      vertex -50.7979 20.7949 0
      vertex 50.939 21.1668 0
    endloop
  endfacet
  facet normal 0 0 -1
    outer loop
      vertex -50.939 21.1668 0
      vertex 50.939 21.1668 0
      vertex -50.7979 20.7949 0
    endloop
  endfacet
  facet normal 0 0 -1
    outer loop
      vertex 50.939 21.1668 0
      vertex -50.939 21.1668 0
      vertex 53.4 26.4 0
    endloop
  endfacet
  facet normal 0 0 -1
    outer loop
      vertex -53.4 26.4 0
      vertex -50.939 21.1668 0
      vertex -51.165 21.4942 0
    endloop
  endfacet
  facet normal 0 0 -1
    outer loop
      vertex -53.4 26.4 0
      vertex -51.165 21.4942 0
      vertex -51.4627 21.7579 0
    endloop
  endfacet
  facet normal 0 0 -1
    outer loop
      vertex -53.4 26.4 0
      vertex -51.4627 21.7579 0
      vertex -51.8149 21.9428 0
    endloop
  endfacet
  facet normal 0 0 -1
    outer loop
      vertex -53.4 26.4 0
      vertex -51.8149 21.9428 0
      vertex -52.2011 22.038 0
    endloop
  endfacet
  facet normal 0 0 -1
    outer loop
      vertex -53.4 26.4 0
      vertex -52.2011 22.038 0
      vertex -52.5989 22.038 0
    endloop
  endfacet
  facet normal 0 0 -1
    outer loop
      vertex -50.939 21.1668 0
      vertex -53.4 26.4 0
      vertex 53.4 26.4 0
    endloop
  endfacet
  facet normal 0 0 -1
    outer loop
      vertex -52.9851 21.9428 0
      vertex -53.4 26.4 0
      vertex -52.5989 22.038 0
    endloop
  endfacet
  facet normal 0 0 -1
    outer loop
      vertex -54.964 26.1491 0
      vertex -52.9851 21.9428 0
      vertex -53.3373 21.7579 0
    endloop
  endfacet
  facet normal 0 0 -1
    outer loop
      vertex -56.6811 25.1728 0
      vertex -53.3373 21.7579 0
      vertex -53.635 21.4942 0
    endloop
  endfacet
  facet normal 0 0 -1
    outer loop
      vertex -52.9851 21.9428 0
      vertex -53.7972 26.3842 0
      vertex -53.4 26.4 0
    endloop
  endfacet
  facet normal 0 0 -1
    outer loop
      vertex -57.6966 23.9572 0
      vertex -53.635 21.4942 0
      vertex -53.861 21.1668 0
    endloop
  endfacet
  facet normal 0 0 -1
    outer loop
      vertex -58.3516 22.0937 0
      vertex -53.861 21.1668 0
      vertex -54.0021 20.7949 0
    endloop
  endfacet
  facet normal 0 0 -1
    outer loop
      vertex -58.4 21.4 0
      vertex -54.0021 20.7949 0
      vertex -54.05 20.4 0
    endloop
  endfacet
  facet normal 0 0 -1
    outer loop
      vertex -52.9851 21.9428 0
      vertex -54.192 26.3369 0
      vertex -53.7972 26.3842 0
    endloop
  endfacet
  facet normal 0 0 -1
    outer loop
      vertex -53.861 19.6332 0
      vertex -58.4 21.4 0
      vertex -54.0021 20.0051 0
    endloop
  endfacet
  facet normal 0 0 -1
    outer loop
      vertex -56.2905 -25.4799 0
      vertex -53.3373 -21.7579 0
      vertex -55.9572 -25.6966 0
    endloop
  endfacet
  facet normal 0 0 -1
    outer loop
      vertex -54.0021 20.0051 0
      vertex -58.4 21.4 0
      vertex -54.05 20.4 0
    endloop
  endfacet
  facet normal 0 0 -1
    outer loop
      vertex -56.6055 -25.2373 0
      vertex -53.3373 -21.7579 0
      vertex -56.2905 -25.4799 0
    endloop
  endfacet
  facet normal 0 0 -1
    outer loop
      vertex -54.0021 20.7949 0
      vertex -58.4 21.4 0
      vertex -58.3911 21.6981 0
    endloop
  endfacet
  facet normal -0 0 -1
    outer loop
      vertex -53.3373 -21.7579 0
      vertex -56.6055 -25.2373 0
      vertex -53.635 -21.4942 0
    endloop
  endfacet
  facet normal 0 0 -1
    outer loop
      vertex -52.9851 21.9428 0
      vertex -54.5817 26.2583 0
      vertex -54.192 26.3369 0
    endloop
  endfacet
  facet normal 0 0 -1
    outer loop
      vertex -56.9002 -24.9705 0
      vertex -53.635 -21.4942 0
      vertex -56.6055 -25.2373 0
    endloop
  endfacet
  facet normal 0 0 -1
    outer loop
      vertex -52.9851 21.9428 0
      vertex -54.964 26.1491 0
      vertex -54.5817 26.2583 0
    endloop
  endfacet
  facet normal 0 0 -1
    outer loop
      vertex -57.1728 -24.6811 0
      vertex -53.635 -21.4942 0
      vertex -56.9002 -24.9705 0
    endloop
  endfacet
  facet normal 0 0 -1
    outer loop
      vertex -53.3373 21.7579 0
      vertex -55.3363 26.0098 0
      vertex -54.964 26.1491 0
    endloop
  endfacet
  facet normal 0 0 -1
    outer loop
      vertex -57.4216 -24.371 0
      vertex -53.635 -21.4942 0
      vertex -57.1728 -24.6811 0
    endloop
  endfacet
  facet normal 0 0 -1
    outer loop
      vertex -53.3373 21.7579 0
      vertex -55.6965 25.8414 0
      vertex -55.3363 26.0098 0
    endloop
  endfacet
  facet normal 0 0 -1
    outer loop
      vertex -57.6449 -24.0421 0
      vertex -53.635 -21.4942 0
      vertex -57.4216 -24.371 0
    endloop
  endfacet
  facet normal 0 0 -1
    outer loop
      vertex -53.3373 21.7579 0
      vertex -56.0421 25.6449 0
      vertex -55.6965 25.8414 0
    endloop
  endfacet
  facet normal 0 0 -1
    outer loop
      vertex -57.8414 -23.6965 0
      vertex -53.635 -21.4942 0
      vertex -57.6449 -24.0421 0
    endloop
  endfacet
  facet normal 0 0 -1
    outer loop
      vertex -53.3373 21.7579 0
      vertex -56.371 25.4216 0
      vertex -56.0421 25.6449 0
    endloop
  endfacet
  facet normal -0 0 -1
    outer loop
      vertex -53.635 -21.4942 0
      vertex -57.8414 -23.6965 0
      vertex -53.861 -21.1668 0
    endloop
  endfacet
  facet normal 0 0 -1
    outer loop
      vertex -53.3373 21.7579 0
      vertex -56.6811 25.1728 0
      vertex -56.371 25.4216 0
    endloop
  endfacet
  facet normal 0 0 -1
    outer loop
      vertex -58.0098 -23.3363 0
      vertex -53.861 -21.1668 0
      vertex -57.8414 -23.6965 0
    endloop
  endfacet
  facet normal 0 0 -1
    outer loop
      vertex -53.635 21.4942 0
      vertex -56.9705 24.9002 0
      vertex -56.6811 25.1728 0
    endloop
  endfacet
  facet normal 0 0 -1
    outer loop
      vertex -58.1491 -22.964 0
      vertex -53.861 -21.1668 0
      vertex -58.0098 -23.3363 0
    endloop
  endfacet
  facet normal 0 0 -1
    outer loop
      vertex -53.635 21.4942 0
      vertex -57.2373 24.6055 0
      vertex -56.9705 24.9002 0
    endloop
  endfacet
  facet normal 0 0 -1
    outer loop
      vertex -58.2583 -22.5817 0
      vertex -53.861 -21.1668 0
      vertex -58.1491 -22.964 0
    endloop
  endfacet
  facet normal 0 0 -1
    outer loop
      vertex -53.635 21.4942 0
      vertex -57.4799 24.2905 0
      vertex -57.2373 24.6055 0
    endloop
  endfacet
  facet normal 0 0 -1
    outer loop
      vertex -58.3369 -22.192 0
      vertex -53.861 -21.1668 0
      vertex -58.2583 -22.5817 0
    endloop
  endfacet
  facet normal 0 0 -1
    outer loop
      vertex -53.635 21.4942 0
      vertex -57.6966 23.9572 0
      vertex -57.4799 24.2905 0
    endloop
  endfacet
  facet normal -0 0 -1
    outer loop
      vertex -53.861 -21.1668 0
      vertex -58.3369 -22.192 0
      vertex -54.0021 -20.7949 0
    endloop
  endfacet
  facet normal 0 0 -1
    outer loop
      vertex -53.861 21.1668 0
      vertex -57.8862 23.6077 0
      vertex -57.6966 23.9572 0
    endloop
  endfacet
  facet normal 0 0 -1
    outer loop
      vertex -58.3842 -21.7972 0
      vertex -54.0021 -20.7949 0
      vertex -58.3369 -22.192 0
    endloop
  endfacet
  facet normal 0 0 -1
    outer loop
      vertex -53.861 21.1668 0
      vertex -58.0474 23.2443 0
      vertex -57.8862 23.6077 0
    endloop
  endfacet
  facet normal 0 0 -1
    outer loop
      vertex -58.4 -21.4 0
      vertex -54.0021 -20.7949 0
      vertex -58.3842 -21.7972 0
    endloop
  endfacet
  facet normal 0 0 -1
    outer loop
      vertex -53.861 21.1668 0
      vertex -58.1792 22.8692 0
      vertex -58.0474 23.2443 0
    endloop
  endfacet
  facet normal -0 0 -1
    outer loop
      vertex -54.0021 -20.7949 0
      vertex -58.4 -21.4 0
      vertex -54.05 -20.4 0
    endloop
  endfacet
  facet normal 0 0 -1
    outer loop
      vertex -53.861 21.1668 0
      vertex -58.2809 22.4849 0
      vertex -58.1792 22.8692 0
    endloop
  endfacet
  facet normal 0 0 -1
    outer loop
      vertex -53.861 21.1668 0
      vertex -58.3516 22.0937 0
      vertex -58.2809 22.4849 0
    endloop
  endfacet
  facet normal 0 0 -1
    outer loop
      vertex -54.0021 20.7949 0
      vertex -58.3911 21.6981 0
      vertex -58.3516 22.0937 0
    endloop
  endfacet
  facet normal 0 -1 0
    outer loop
      vertex -53.4 -26.4 0
      vertex 53.4 -26.4 2.6
      vertex -53.4 -26.4 2.6
    endloop
  endfacet
  facet normal 0 -1 -0
    outer loop
      vertex 53.4 -26.4 2.6
      vertex -53.4 -26.4 0
      vertex 53.4 -26.4 0
    endloop
  endfacet
  facet normal 0.0298425 0.999555 -0
    outer loop
      vertex 53.6981 26.3911 0
      vertex 53.4 26.4 2.6
      vertex 53.6981 26.3911 2.6
    endloop
  endfacet
  facet normal 0.0298425 0.999555 0
    outer loop
      vertex 53.4 26.4 2.6
      vertex 53.6981 26.3911 0
      vertex 53.4 26.4 0
    endloop
  endfacet
  facet normal 0 1 -0
    outer loop
      vertex 53.4 26.4 0
      vertex -53.4 26.4 2.6
      vertex 53.4 26.4 2.6
    endloop
  endfacet
  facet normal 0 1 0
    outer loop
      vertex -53.4 26.4 2.6
      vertex 53.4 26.4 0
      vertex -53.4 26.4 0
    endloop
  endfacet
  facet normal -0.561704 0.827338 0
    outer loop
      vertex -56.0421 25.6449 0
      vertex -56.371 25.4216 2.6
      vertex -56.0421 25.6449 2.6
    endloop
  endfacet
  facet normal -0.561704 0.827338 0
    outer loop
      vertex -56.371 25.4216 2.6
      vertex -56.0421 25.6449 0
      vertex -56.371 25.4216 0
    endloop
  endfacet
  facet normal -1 0 0
    outer loop
      vertex -58.4 -21.4 0
      vertex -58.4 21.4 2.6
      vertex -58.4 21.4 0
    endloop
  endfacet
  facet normal -1 -0 0
    outer loop
      vertex -58.4 21.4 2.6
      vertex -58.4 -21.4 0
      vertex -58.4 -21.4 2.6
    endloop
  endfacet
  facet normal -0.331504 -0.943454 0
    outer loop
      vertex -55.2443 -26.0474 0
      vertex -54.8692 -26.1792 2.6
      vertex -55.2443 -26.0474 2.6
    endloop
  endfacet
  facet normal -0.331504 -0.943454 -0
    outer loop
      vertex -54.8692 -26.1792 2.6
      vertex -55.2443 -26.0474 0
      vertex -54.8692 -26.1792 0
    endloop
  endfacet
  facet normal -0.405485 -0.914102 0
    outer loop
      vertex -55.6077 -25.8862 0
      vertex -55.2443 -26.0474 2.6
      vertex -55.6077 -25.8862 2.6
    endloop
  endfacet
  facet normal -0.405485 -0.914102 -0
    outer loop
      vertex -55.2443 -26.0474 2.6
      vertex -55.6077 -25.8862 0
      vertex -55.2443 -26.0474 0
    endloop
  endfacet
  facet normal -0.0298425 -0.999555 0
    outer loop
      vertex -53.6981 -26.3911 0
      vertex -53.4 -26.4 2.6
      vertex -53.6981 -26.3911 2.6
    endloop
  endfacet
  facet normal -0.0298425 -0.999555 -0
    outer loop
      vertex -53.4 -26.4 2.6
      vertex -53.6981 -26.3911 0
      vertex -53.4 -26.4 0
    endloop
  endfacet
  facet normal -0.177845 -0.984059 0
    outer loop
      vertex -54.4849 -26.2809 0
      vertex -54.0937 -26.3516 2.6
      vertex -54.4849 -26.2809 2.6
    endloop
  endfacet
  facet normal -0.177845 -0.984059 -0
    outer loop
      vertex -54.0937 -26.3516 2.6
      vertex -54.4849 -26.2809 0
      vertex -54.0937 -26.3516 0
    endloop
  endfacet
  facet normal 0.331504 0.943454 -0
    outer loop
      vertex 55.2443 26.0474 0
      vertex 54.8692 26.1792 2.6
      vertex 55.2443 26.0474 2.6
    endloop
  endfacet
  facet normal 0.331504 0.943454 0
    outer loop
      vertex 54.8692 26.1792 2.6
      vertex 55.2443 26.0474 0
      vertex 54.8692 26.1792 0
    endloop
  endfacet
  facet normal 0.405485 0.914102 -0
    outer loop
      vertex 55.6077 25.8862 0
      vertex 55.2443 26.0474 2.6
      vertex 55.6077 25.8862 2.6
    endloop
  endfacet
  facet normal 0.405485 0.914102 0
    outer loop
      vertex 55.2443 26.0474 2.6
      vertex 55.6077 25.8862 0
      vertex 55.2443 26.0474 0
    endloop
  endfacet
  facet normal 0.177845 0.984059 -0
    outer loop
      vertex 54.4849 26.2809 0
      vertex 54.0937 26.3516 2.6
      vertex 54.4849 26.2809 2.6
    endloop
  endfacet
  facet normal 0.177845 0.984059 0
    outer loop
      vertex 54.0937 26.3516 2.6
      vertex 54.4849 26.2809 0
      vertex 54.0937 26.3516 0
    endloop
  endfacet
  facet normal -0.039747 0.99921 0
    outer loop
      vertex -53.4 26.4 0
      vertex -53.7972 26.3842 2.6
      vertex -53.4 26.4 2.6
    endloop
  endfacet
  facet normal -0.039747 0.99921 0
    outer loop
      vertex -53.7972 26.3842 2.6
      vertex -53.4 26.4 0
      vertex -53.7972 26.3842 0
    endloop
  endfacet
  facet normal 1 -0 0
    outer loop
      vertex 58.4 -21.4 2.6
      vertex 58.4 21.4 0
      vertex 58.4 21.4 2.6
    endloop
  endfacet
  facet normal 1 0 0
    outer loop
      vertex 58.4 21.4 0
      vertex 58.4 -21.4 2.6
      vertex 58.4 -21.4 0
    endloop
  endfacet
  facet normal 0.99921 0.039747 0
    outer loop
      vertex 58.4 21.4 2.6
      vertex 58.3842 21.7972 0
      vertex 58.3842 21.7972 2.6
    endloop
  endfacet
  facet normal 0.99921 0.039747 0
    outer loop
      vertex 58.3842 21.7972 0
      vertex 58.4 21.4 2.6
      vertex 58.4 21.4 0
    endloop
  endfacet
  facet normal 0.869309 0.494269 0
    outer loop
      vertex 57.8414 23.6965 2.6
      vertex 57.6449 24.0421 0
      vertex 57.6449 24.0421 2.6
    endloop
  endfacet
  facet normal 0.869309 0.494269 0
    outer loop
      vertex 57.6449 24.0421 0
      vertex 57.8414 23.6965 2.6
      vertex 57.8414 23.6965 0
    endloop
  endfacet
  facet normal -0.83838 0.545086 0
    outer loop
      vertex -57.6966 23.9572 0
      vertex -57.4799 24.2905 2.6
      vertex -57.4799 24.2905 0
    endloop
  endfacet
  facet normal -0.83838 0.545086 0
    outer loop
      vertex -57.4799 24.2905 2.6
      vertex -57.6966 23.9572 0
      vertex -57.6966 23.9572 2.6
    endloop
  endfacet
  facet normal -0.966722 0.25583 0
    outer loop
      vertex -58.2809 22.4849 0
      vertex -58.1792 22.8692 2.6
      vertex -58.1792 22.8692 0
    endloop
  endfacet
  facet normal -0.966722 0.25583 0
    outer loop
      vertex -58.1792 22.8692 2.6
      vertex -58.2809 22.4849 0
      vertex -58.2809 22.4849 2.6
    endloop
  endfacet
  facet normal -0.99921 -0.039747 0
    outer loop
      vertex -58.3842 -21.7972 0
      vertex -58.4 -21.4 2.6
      vertex -58.4 -21.4 0
    endloop
  endfacet
  facet normal -0.99921 -0.039747 0
    outer loop
      vertex -58.4 -21.4 2.6
      vertex -58.3842 -21.7972 0
      vertex -58.3842 -21.7972 2.6
    endloop
  endfacet
  facet normal 0 0 1
    outer loop
      vertex 56.8475 19.2254 2.6
      vertex 58.4 21.4 2.6
      vertex 56.932 19.6121 2.6
    endloop
  endfacet
  facet normal 0 0 1
    outer loop
      vertex 58.4 -21.4 2.6
      vertex 56.983 -20.0046 2.6
      vertex 57 -20.4 2.6
    endloop
  endfacet
  facet normal 0 0 1
    outer loop
      vertex 56.7301 18.8474 2.6
      vertex 58.4 21.4 2.6
      vertex 56.8475 19.2254 2.6
    endloop
  endfacet
  facet normal 0 0 1
    outer loop
      vertex 58.4 -21.4 2.6
      vertex 56.932 -19.6121 2.6
      vertex 56.983 -20.0046 2.6
    endloop
  endfacet
  facet normal 0 0 1
    outer loop
      vertex 56.5806 18.4809 2.6
      vertex 58.4 21.4 2.6
      vertex 56.7301 18.8474 2.6
    endloop
  endfacet
  facet normal 0 0 1
    outer loop
      vertex 58.4 -21.4 2.6
      vertex 56.8475 -19.2254 2.6
      vertex 56.932 -19.6121 2.6
    endloop
  endfacet
  facet normal 0 0 1
    outer loop
      vertex 56.4001 18.1286 2.6
      vertex 58.4 21.4 2.6
      vertex 56.5806 18.4809 2.6
    endloop
  endfacet
  facet normal 0 0 1
    outer loop
      vertex 58.4 -21.4 2.6
      vertex 56.7301 -18.8474 2.6
      vertex 56.8475 -19.2254 2.6
    endloop
  endfacet
  facet normal 0 0 1
    outer loop
      vertex 58.4 21.4 2.6
      vertex 56.4001 18.1286 2.6
      vertex 58.4 -21.4 2.6
    endloop
  endfacet
  facet normal 0 0 1
    outer loop
      vertex 58.4 -21.4 2.6
      vertex 56.5806 -18.4809 2.6
      vertex 56.7301 -18.8474 2.6
    endloop
  endfacet
  facet normal -0 0 1
    outer loop
      vertex 56.4001 -18.1286 2.6
      vertex 58.4 -21.4 2.6
      vertex 56.4001 18.1286 2.6
    endloop
  endfacet
  facet normal 0 0 1
    outer loop
      vertex 58.4 -21.4 2.6
      vertex 56.4001 -18.1286 2.6
      vertex 56.5806 -18.4809 2.6
    endloop
  endfacet
  facet normal -0 0 1
    outer loop
      vertex 56.19 17.7932 2.6
      vertex 56.4001 -18.1286 2.6
      vertex 56.4001 18.1286 2.6
    endloop
  endfacet
  facet normal 0 0 1
    outer loop
      vertex 56.19 17.7932 2.6
      vertex 56.19 -17.7932 2.6
      vertex 56.4001 -18.1286 2.6
    endloop
  endfacet
  facet normal -0 0 1
    outer loop
      vertex 55.9519 17.477 2.6
      vertex 56.19 -17.7932 2.6
      vertex 56.19 17.7932 2.6
    endloop
  endfacet
  facet normal 0 0 1
    outer loop
      vertex 55.9519 17.477 2.6
      vertex 55.9519 -17.477 2.6
      vertex 56.19 -17.7932 2.6
    endloop
  endfacet
  facet normal -0 0 1
    outer loop
      vertex 55.75 17.2521 2.6
      vertex 55.9519 -17.477 2.6
      vertex 55.9519 17.477 2.6
    endloop
  endfacet
  facet normal 0 0 1
    outer loop
      vertex 55.9519 -17.477 2.6
      vertex 55.75 17.2521 2.6
      vertex 55.75 -17.2521 2.6
    endloop
  endfacet
  facet normal 0 0 1
    outer loop
      vertex 58.4 21.4 2.6
      vertex 56.983 20.7954 2.6
      vertex 57 20.4 2.6
    endloop
  endfacet
  facet normal 0 0 1
    outer loop
      vertex 57.4216 24.371 2.6
      vertex 56.932 21.1879 2.6
      vertex 56.983 20.7954 2.6
    endloop
  endfacet
  facet normal 0 0 1
    outer loop
      vertex 55.6875 23.6175 2.6
      vertex 57.1728 24.6811 2.6
      vertex 56.9002 24.9705 2.6
    endloop
  endfacet
  facet normal 0 0 1
    outer loop
      vertex 57.4216 24.371 2.6
      vertex 56.8475 21.5746 2.6
      vertex 56.932 21.1879 2.6
    endloop
  endfacet
  facet normal 0 0 1
    outer loop
      vertex 57.4216 24.371 2.6
      vertex 56.7301 21.9526 2.6
      vertex 56.8475 21.5746 2.6
    endloop
  endfacet
  facet normal 0 0 1
    outer loop
      vertex 55.3987 23.8882 2.6
      vertex 56.9002 24.9705 2.6
      vertex 56.6055 25.2373 2.6
    endloop
  endfacet
  facet normal 0 0 1
    outer loop
      vertex 57.4216 24.371 2.6
      vertex 56.5806 22.3191 2.6
      vertex 56.7301 21.9526 2.6
    endloop
  endfacet
  facet normal 0 0 1
    outer loop
      vertex 57.4216 24.371 2.6
      vertex 56.4001 22.6714 2.6
      vertex 56.5806 22.3191 2.6
    endloop
  endfacet
  facet normal 0 0 1
    outer loop
      vertex 55.3987 23.8882 2.6
      vertex 56.6055 25.2373 2.6
      vertex 56.2905 25.4799 2.6
    endloop
  endfacet
  facet normal 0 0 1
    outer loop
      vertex 57.4216 24.371 2.6
      vertex 56.19 23.0068 2.6
      vertex 56.4001 22.6714 2.6
    endloop
  endfacet
  facet normal 0 0 1
    outer loop
      vertex 55.0878 24.1331 2.6
      vertex 56.2905 25.4799 2.6
      vertex 55.9572 25.6966 2.6
    endloop
  endfacet
  facet normal 0 0 1
    outer loop
      vertex 57.4216 24.371 2.6
      vertex 55.9519 23.323 2.6
      vertex 56.19 23.0068 2.6
    endloop
  endfacet
  facet normal 0 0 1
    outer loop
      vertex 57.1728 24.6811 2.6
      vertex 55.6875 23.6175 2.6
      vertex 55.9519 23.323 2.6
    endloop
  endfacet
  facet normal 0 0 1
    outer loop
      vertex 54.7569 24.3503 2.6
      vertex 55.9572 25.6966 2.6
      vertex 55.6077 25.8862 2.6
    endloop
  endfacet
  facet normal 0 0 1
    outer loop
      vertex 56.9002 24.9705 2.6
      vertex 55.3987 23.8882 2.6
      vertex 55.6875 23.6175 2.6
    endloop
  endfacet
  facet normal 0 0 1
    outer loop
      vertex 54.7569 24.3503 2.6
      vertex 55.6077 25.8862 2.6
      vertex 55.2443 26.0474 2.6
    endloop
  endfacet
  facet normal 0 0 1
    outer loop
      vertex 56.2905 25.4799 2.6
      vertex 55.0878 24.1331 2.6
      vertex 55.3987 23.8882 2.6
    endloop
  endfacet
  facet normal 0 0 1
    outer loop
      vertex 54.4086 24.5383 2.6
      vertex 55.2443 26.0474 2.6
      vertex 54.8692 26.1792 2.6
    endloop
  endfacet
  facet normal 0 0 1
    outer loop
      vertex 55.9572 25.6966 2.6
      vertex 54.7569 24.3503 2.6
      vertex 55.0878 24.1331 2.6
    endloop
  endfacet
  facet normal 0 0 1
    outer loop
      vertex 54.0454 24.6957 2.6
      vertex 54.8692 26.1792 2.6
      vertex 54.4849 26.2809 2.6
    endloop
  endfacet
  facet normal 0 0 1
    outer loop
      vertex 55.2443 26.0474 2.6
      vertex 54.4086 24.5383 2.6
      vertex 54.7569 24.3503 2.6
    endloop
  endfacet
  facet normal 0 0 1
    outer loop
      vertex 54.0454 24.6957 2.6
      vertex 54.4849 26.2809 2.6
      vertex 54.0937 26.3516 2.6
    endloop
  endfacet
  facet normal 0 0 1
    outer loop
      vertex 54.8692 26.1792 2.6
      vertex 54.0454 24.6957 2.6
      vertex 54.4086 24.5383 2.6
    endloop
  endfacet
  facet normal 0 0 1
    outer loop
      vertex 53.67 24.8212 2.6
      vertex 54.0937 26.3516 2.6
      vertex 53.6981 26.3911 2.6
    endloop
  endfacet
  facet normal 0 0 1
    outer loop
      vertex 54.0937 26.3516 2.6
      vertex 53.67 24.8212 2.6
      vertex 54.0454 24.6957 2.6
    endloop
  endfacet
  facet normal 0 0 1
    outer loop
      vertex 53.2853 24.914 2.6
      vertex 53.6981 26.3911 2.6
      vertex 53.4 26.4 2.6
    endloop
  endfacet
  facet normal 0 0 1
    outer loop
      vertex 53.6981 26.3911 2.6
      vertex 53.2853 24.914 2.6
      vertex 53.67 24.8212 2.6
    endloop
  endfacet
  facet normal 0 0 1
    outer loop
      vertex 53.4 26.4 2.6
      vertex 52.894 24.9734 2.6
      vertex 53.2853 24.914 2.6
    endloop
  endfacet
  facet normal 0 0 1
    outer loop
      vertex 53.4 26.4 2.6
      vertex 52.499 24.9989 2.6
      vertex 52.894 24.9734 2.6
    endloop
  endfacet
  facet normal 0 0 1
    outer loop
      vertex 53.4 26.4 2.6
      vertex 52.1033 24.9904 2.6
      vertex 52.499 24.9989 2.6
    endloop
  endfacet
  facet normal 0 0 1
    outer loop
      vertex 53.4 26.4 2.6
      vertex 51.7097 24.9479 2.6
      vertex 52.1033 24.9904 2.6
    endloop
  endfacet
  facet normal 0 0 1
    outer loop
      vertex 53.4 26.4 2.6
      vertex 51.3213 24.8717 2.6
      vertex 51.7097 24.9479 2.6
    endloop
  endfacet
  facet normal 0 0 1
    outer loop
      vertex 53.4 26.4 2.6
      vertex 50.9409 24.7625 2.6
      vertex 51.3213 24.8717 2.6
    endloop
  endfacet
  facet normal 0 0 1
    outer loop
      vertex 53.4 26.4 2.6
      vertex 50.5713 24.6209 2.6
      vertex 50.9409 24.7625 2.6
    endloop
  endfacet
  facet normal 0 0 1
    outer loop
      vertex 53.4 26.4 2.6
      vertex 50.2152 24.4481 2.6
      vertex 50.5713 24.6209 2.6
    endloop
  endfacet
  facet normal 0 0 1
    outer loop
      vertex 53.4 26.4 2.6
      vertex 49.8753 24.2453 2.6
      vertex 50.2152 24.4481 2.6
    endloop
  endfacet
  facet normal 0 0 1
    outer loop
      vertex 49.254 23.756 2.6
      vertex -49.2538 23.75 2.6
      vertex 49.2481 23.75 2.6
    endloop
  endfacet
  facet normal -0 0 1
    outer loop
      vertex -49.4013 23.8882 2.6
      vertex 49.254 23.756 2.6
      vertex 49.5541 24.014 2.6
    endloop
  endfacet
  facet normal -0 0 1
    outer loop
      vertex -49.7122 24.1331 2.6
      vertex 49.5541 24.014 2.6
      vertex 49.8753 24.2453 2.6
    endloop
  endfacet
  facet normal -0 0 1
    outer loop
      vertex -50.0431 24.3503 2.6
      vertex 49.8753 24.2453 2.6
      vertex 53.4 26.4 2.6
    endloop
  endfacet
  facet normal 0 0 1
    outer loop
      vertex 49.254 23.756 2.6
      vertex -49.4013 23.8882 2.6
      vertex -49.2538 23.75 2.6
    endloop
  endfacet
  facet normal 0 0 1
    outer loop
      vertex 49.5541 24.014 2.6
      vertex -49.7122 24.1331 2.6
      vertex -49.4013 23.8882 2.6
    endloop
  endfacet
  facet normal 0 0 1
    outer loop
      vertex 49.8753 24.2453 2.6
      vertex -50.0431 24.3503 2.6
      vertex -49.7122 24.1331 2.6
    endloop
  endfacet
  facet normal -0 0 1
    outer loop
      vertex -53.4 26.4 2.6
      vertex -50.0431 24.3503 2.6
      vertex 53.4 26.4 2.6
    endloop
  endfacet
  facet normal 0 0 1
    outer loop
      vertex -50.0431 24.3503 2.6
      vertex -53.4 26.4 2.6
      vertex -50.3914 24.5383 2.6
    endloop
  endfacet
  facet normal 0 0 1
    outer loop
      vertex -50.3914 24.5383 2.6
      vertex -53.4 26.4 2.6
      vertex -50.7546 24.6957 2.6
    endloop
  endfacet
  facet normal 0 0 1
    outer loop
      vertex -50.7546 24.6957 2.6
      vertex -53.4 26.4 2.6
      vertex -51.13 24.8212 2.6
    endloop
  endfacet
  facet normal 0 0 1
    outer loop
      vertex -51.13 24.8212 2.6
      vertex -53.4 26.4 2.6
      vertex -51.5147 24.914 2.6
    endloop
  endfacet
  facet normal 0 0 1
    outer loop
      vertex -51.5147 24.914 2.6
      vertex -53.4 26.4 2.6
      vertex -51.906 24.9734 2.6
    endloop
  endfacet
  facet normal 0 0 1
    outer loop
      vertex -51.906 24.9734 2.6
      vertex -53.4 26.4 2.6
      vertex -52.301 24.9989 2.6
    endloop
  endfacet
  facet normal 0 0 1
    outer loop
      vertex -53.4 26.4 2.6
      vertex -52.6967 24.9904 2.6
      vertex -52.301 24.9989 2.6
    endloop
  endfacet
  facet normal 0 0 1
    outer loop
      vertex -53.4 26.4 2.6
      vertex -53.0903 24.9479 2.6
      vertex -52.6967 24.9904 2.6
    endloop
  endfacet
  facet normal 0 0 1
    outer loop
      vertex -53.4 26.4 2.6
      vertex -53.4787 24.8717 2.6
      vertex -53.0903 24.9479 2.6
    endloop
  endfacet
  facet normal -0 0 1
    outer loop
      vertex -53.7972 26.3842 2.6
      vertex -53.4787 24.8717 2.6
      vertex -53.4 26.4 2.6
    endloop
  endfacet
  facet normal 0 0 1
    outer loop
      vertex -53.7972 26.3842 2.6
      vertex -53.8591 24.7625 2.6
      vertex -53.4787 24.8717 2.6
    endloop
  endfacet
  facet normal -0 0 1
    outer loop
      vertex -54.192 26.3369 2.6
      vertex -53.8591 24.7625 2.6
      vertex -53.7972 26.3842 2.6
    endloop
  endfacet
  facet normal -0 0 1
    outer loop
      vertex -54.5817 26.2583 2.6
      vertex -53.8591 24.7625 2.6
      vertex -54.192 26.3369 2.6
    endloop
  endfacet
  facet normal 0 0 1
    outer loop
      vertex -53.8591 24.7625 2.6
      vertex -54.5817 26.2583 2.6
      vertex -54.2287 24.6209 2.6
    endloop
  endfacet
  facet normal -0 0 1
    outer loop
      vertex -54.964 26.1491 2.6
      vertex -54.2287 24.6209 2.6
      vertex -54.5817 26.2583 2.6
    endloop
  endfacet
  facet normal 0 0 1
    outer loop
      vertex -54.2287 24.6209 2.6
      vertex -54.964 26.1491 2.6
      vertex -54.5848 24.4481 2.6
    endloop
  endfacet
  facet normal -0 0 1
    outer loop
      vertex -55.3363 26.0098 2.6
      vertex -54.5848 24.4481 2.6
      vertex -54.964 26.1491 2.6
    endloop
  endfacet
  facet normal -0 0 1
    outer loop
      vertex -55.6965 25.8414 2.6
      vertex -54.5848 24.4481 2.6
      vertex -55.3363 26.0098 2.6
    endloop
  endfacet
  facet normal 0 0 1
    outer loop
      vertex -54.5848 24.4481 2.6
      vertex -55.6965 25.8414 2.6
      vertex -54.9247 24.2453 2.6
    endloop
  endfacet
  facet normal -0 0 1
    outer loop
      vertex -56.0421 25.6449 2.6
      vertex -54.9247 24.2453 2.6
      vertex -55.6965 25.8414 2.6
    endloop
  endfacet
  facet normal 0 0 1
    outer loop
      vertex -54.9247 24.2453 2.6
      vertex -56.0421 25.6449 2.6
      vertex -55.2459 24.014 2.6
    endloop
  endfacet
  facet normal -0 0 1
    outer loop
      vertex -56.371 25.4216 2.6
      vertex -55.2459 24.014 2.6
      vertex -56.0421 25.6449 2.6
    endloop
  endfacet
  facet normal -0 0 1
    outer loop
      vertex -56.6811 25.1728 2.6
      vertex -55.2459 24.014 2.6
      vertex -56.371 25.4216 2.6
    endloop
  endfacet
  facet normal 0 0 1
    outer loop
      vertex -55.2459 24.014 2.6
      vertex -56.6811 25.1728 2.6
      vertex -55.546 23.756 2.6
    endloop
  endfacet
  facet normal -0 0 1
    outer loop
      vertex -56.9705 24.9002 2.6
      vertex -55.546 23.756 2.6
      vertex -56.6811 25.1728 2.6
    endloop
  endfacet
  facet normal 0 0 1
    outer loop
      vertex -55.546 23.756 2.6
      vertex -56.9705 24.9002 2.6
      vertex -55.8229 23.4731 2.6
    endloop
  endfacet
  facet normal -0 0 1
    outer loop
      vertex -57.2373 24.6055 2.6
      vertex -55.8229 23.4731 2.6
      vertex -56.9705 24.9002 2.6
    endloop
  endfacet
  facet normal 0 0 1
    outer loop
      vertex -55.8229 23.4731 2.6
      vertex -57.2373 24.6055 2.6
      vertex -56.0744 23.1675 2.6
    endloop
  endfacet
  facet normal -0 0 1
    outer loop
      vertex -57.4799 24.2905 2.6
      vertex -56.0744 23.1675 2.6
      vertex -57.2373 24.6055 2.6
    endloop
  endfacet
  facet normal -0 0 1
    outer loop
      vertex -57.6966 23.9572 2.6
      vertex -56.0744 23.1675 2.6
      vertex -57.4799 24.2905 2.6
    endloop
  endfacet
  facet normal 0 0 1
    outer loop
      vertex -56.0744 23.1675 2.6
      vertex -57.6966 23.9572 2.6
      vertex -56.2987 22.8414 2.6
    endloop
  endfacet
  facet normal -0 0 1
    outer loop
      vertex -57.8862 23.6077 2.6
      vertex -56.2987 22.8414 2.6
      vertex -57.6966 23.9572 2.6
    endloop
  endfacet
  facet normal 0 0 1
    outer loop
      vertex -56.2987 22.8414 2.6
      vertex -57.8862 23.6077 2.6
      vertex -56.4941 22.4972 2.6
    endloop
  endfacet
  facet normal -0 0 1
    outer loop
      vertex -58.0474 23.2443 2.6
      vertex -56.4941 22.4972 2.6
      vertex -57.8862 23.6077 2.6
    endloop
  endfacet
  facet normal 0 0 1
    outer loop
      vertex -58.4 21.4 2.6
      vertex -56.9957 20.2021 2.6
      vertex -56.9957 20.5979 2.6
    endloop
  endfacet
  facet normal 0 0 1
    outer loop
      vertex -56.9957 20.2021 2.6
      vertex -58.4 21.4 2.6
      vertex -56.9957 -20.2021 2.6
    endloop
  endfacet
  facet normal 0 0 1
    outer loop
      vertex -56.9957 -20.2021 2.6
      vertex -58.4 -21.4 2.6
      vertex -56.9957 -20.5979 2.6
    endloop
  endfacet
  facet normal -0 0 1
    outer loop
      vertex -58.1792 22.8692 2.6
      vertex -56.4941 22.4972 2.6
      vertex -58.0474 23.2443 2.6
    endloop
  endfacet
  facet normal 0 0 1
    outer loop
      vertex -56.4941 22.4972 2.6
      vertex -58.1792 22.8692 2.6
      vertex -56.6593 22.1375 2.6
    endloop
  endfacet
  facet normal 0 -0 1
    outer loop
      vertex -58.3842 -21.7972 2.6
      vertex -56.9957 -20.5979 2.6
      vertex -58.4 -21.4 2.6
    endloop
  endfacet
  facet normal -0 0 1
    outer loop
      vertex -58.2809 22.4849 2.6
      vertex -56.6593 22.1375 2.6
      vertex -58.1792 22.8692 2.6
    endloop
  endfacet
  facet normal 0 0 1
    outer loop
      vertex -56.9957 -20.5979 2.6
      vertex -57.4216 -24.371 2.6
      vertex -57.1728 -24.6811 2.6
    endloop
  endfacet
  facet normal 0 0 1
    outer loop
      vertex -56.6593 22.1375 2.6
      vertex -58.2809 22.4849 2.6
      vertex -56.7928 21.7649 2.6
    endloop
  endfacet
  facet normal 0 0 1
    outer loop
      vertex -56.9957 -20.5979 2.6
      vertex -57.6449 -24.0421 2.6
      vertex -57.4216 -24.371 2.6
    endloop
  endfacet
  facet normal -0 0 1
    outer loop
      vertex -58.3516 22.0937 2.6
      vertex -56.7928 21.7649 2.6
      vertex -58.2809 22.4849 2.6
    endloop
  endfacet
  facet normal 0 0 1
    outer loop
      vertex -56.9957 -20.5979 2.6
      vertex -57.8414 -23.6965 2.6
      vertex -57.6449 -24.0421 2.6
    endloop
  endfacet
  facet normal 0 0 1
    outer loop
      vertex -58.3911 21.6981 2.6
      vertex -56.7928 21.7649 2.6
      vertex -58.3516 22.0937 2.6
    endloop
  endfacet
  facet normal 0 0 1
    outer loop
      vertex -56.9957 -20.5979 2.6
      vertex -58.0098 -23.3363 2.6
      vertex -57.8414 -23.6965 2.6
    endloop
  endfacet
  facet normal 0 0 1
    outer loop
      vertex -56.7928 21.7649 2.6
      vertex -58.3911 21.6981 2.6
      vertex -56.8939 21.3822 2.6
    endloop
  endfacet
  facet normal 0 0 1
    outer loop
      vertex -56.9957 -20.5979 2.6
      vertex -58.1491 -22.964 2.6
      vertex -58.0098 -23.3363 2.6
    endloop
  endfacet
  facet normal -0 0 1
    outer loop
      vertex -58.4 21.4 2.6
      vertex -56.8939 21.3822 2.6
      vertex -58.3911 21.6981 2.6
    endloop
  endfacet
  facet normal 0 0 1
    outer loop
      vertex -56.9957 -20.5979 2.6
      vertex -58.2583 -22.5817 2.6
      vertex -58.1491 -22.964 2.6
    endloop
  endfacet
  facet normal 0 0 1
    outer loop
      vertex -56.8939 21.3822 2.6
      vertex -58.4 21.4 2.6
      vertex -56.9617 20.9922 2.6
    endloop
  endfacet
  facet normal 0 0 1
    outer loop
      vertex -56.9957 -20.5979 2.6
      vertex -58.3369 -22.192 2.6
      vertex -58.2583 -22.5817 2.6
    endloop
  endfacet
  facet normal 0 0 1
    outer loop
      vertex -56.9617 20.9922 2.6
      vertex -58.4 21.4 2.6
      vertex -56.9957 20.5979 2.6
    endloop
  endfacet
  facet normal 0 0 1
    outer loop
      vertex -56.9957 -20.2021 2.6
      vertex -58.4 21.4 2.6
      vertex -58.4 -21.4 2.6
    endloop
  endfacet
  facet normal 0 0 1
    outer loop
      vertex -56.9957 -20.5979 2.6
      vertex -58.3842 -21.7972 2.6
      vertex -58.3369 -22.192 2.6
    endloop
  endfacet
  facet normal 0 0 1
    outer loop
      vertex 56.932 19.6121 2.6
      vertex 58.4 21.4 2.6
      vertex 56.983 20.0046 2.6
    endloop
  endfacet
  facet normal 0 0 1
    outer loop
      vertex 56.983 20.7954 2.6
      vertex 58.4 21.4 2.6
      vertex 58.3842 21.7972 2.6
    endloop
  endfacet
  facet normal 0 0 1
    outer loop
      vertex 56.983 20.0046 2.6
      vertex 58.4 21.4 2.6
      vertex 57 20.4 2.6
    endloop
  endfacet
  facet normal 0 0 1
    outer loop
      vertex 56.983 20.7954 2.6
      vertex 58.3842 21.7972 2.6
      vertex 58.3369 22.192 2.6
    endloop
  endfacet
  facet normal -0 0 1
    outer loop
      vertex 56.983 -20.7954 2.6
      vertex 58.4 -21.4 2.6
      vertex 57 -20.4 2.6
    endloop
  endfacet
  facet normal 0 0 1
    outer loop
      vertex 56.983 20.7954 2.6
      vertex 58.3369 22.192 2.6
      vertex 58.2583 22.5817 2.6
    endloop
  endfacet
  facet normal -0 0 1
    outer loop
      vertex 56.932 -21.1879 2.6
      vertex 58.4 -21.4 2.6
      vertex 56.983 -20.7954 2.6
    endloop
  endfacet
  facet normal 0 0 1
    outer loop
      vertex 56.983 20.7954 2.6
      vertex 58.2583 22.5817 2.6
      vertex 58.1491 22.964 2.6
    endloop
  endfacet
  facet normal 0 0 1
    outer loop
      vertex 58.4 -21.4 2.6
      vertex 56.932 -21.1879 2.6
      vertex 58.3911 -21.6981 2.6
    endloop
  endfacet
  facet normal 0 0 1
    outer loop
      vertex 56.983 20.7954 2.6
      vertex 58.1491 22.964 2.6
      vertex 58.0098 23.3363 2.6
    endloop
  endfacet
  facet normal -0 0 1
    outer loop
      vertex 56.8475 -21.5746 2.6
      vertex 58.3911 -21.6981 2.6
      vertex 56.932 -21.1879 2.6
    endloop
  endfacet
  facet normal 0 0 1
    outer loop
      vertex 56.983 20.7954 2.6
      vertex 58.0098 23.3363 2.6
      vertex 57.8414 23.6965 2.6
    endloop
  endfacet
  facet normal 0 0 1
    outer loop
      vertex 58.3911 -21.6981 2.6
      vertex 56.8475 -21.5746 2.6
      vertex 58.3516 -22.0937 2.6
    endloop
  endfacet
  facet normal 0 0 1
    outer loop
      vertex 56.983 20.7954 2.6
      vertex 57.8414 23.6965 2.6
      vertex 57.6449 24.0421 2.6
    endloop
  endfacet
  facet normal -0 0 1
    outer loop
      vertex 56.7301 -21.9526 2.6
      vertex 58.3516 -22.0937 2.6
      vertex 56.8475 -21.5746 2.6
    endloop
  endfacet
  facet normal 0 0 1
    outer loop
      vertex 56.983 20.7954 2.6
      vertex 57.6449 24.0421 2.6
      vertex 57.4216 24.371 2.6
    endloop
  endfacet
  facet normal 0 0 1
    outer loop
      vertex 58.3516 -22.0937 2.6
      vertex 56.7301 -21.9526 2.6
      vertex 58.2809 -22.4849 2.6
    endloop
  endfacet
  facet normal 0 0 1
    outer loop
      vertex 55.9519 23.323 2.6
      vertex 57.4216 24.371 2.6
      vertex 57.1728 24.6811 2.6
    endloop
  endfacet
  facet normal -0 0 1
    outer loop
      vertex 56.5806 -22.3191 2.6
      vertex 58.2809 -22.4849 2.6
      vertex 56.7301 -21.9526 2.6
    endloop
  endfacet
  facet normal 0 0 1
    outer loop
      vertex 58.2809 -22.4849 2.6
      vertex 56.5806 -22.3191 2.6
      vertex 58.1792 -22.8692 2.6
    endloop
  endfacet
  facet normal 0 0 1
    outer loop
      vertex 58.1792 -22.8692 2.6
      vertex 56.5806 -22.3191 2.6
      vertex 58.0474 -23.2443 2.6
    endloop
  endfacet
  facet normal -0 0 1
    outer loop
      vertex 56.4001 -22.6714 2.6
      vertex 58.0474 -23.2443 2.6
      vertex 56.5806 -22.3191 2.6
    endloop
  endfacet
  facet normal 0 0 1
    outer loop
      vertex 58.0474 -23.2443 2.6
      vertex 56.4001 -22.6714 2.6
      vertex 57.8862 -23.6077 2.6
    endloop
  endfacet
  facet normal -0 0 1
    outer loop
      vertex 56.19 -23.0068 2.6
      vertex 57.8862 -23.6077 2.6
      vertex 56.4001 -22.6714 2.6
    endloop
  endfacet
  facet normal 0 0 1
    outer loop
      vertex 57.8862 -23.6077 2.6
      vertex 56.19 -23.0068 2.6
      vertex 57.6966 -23.9572 2.6
    endloop
  endfacet
  facet normal 0 0 1
    outer loop
      vertex 57.6966 -23.9572 2.6
      vertex 56.19 -23.0068 2.6
      vertex 57.4799 -24.2905 2.6
    endloop
  endfacet
  facet normal -0 0 1
    outer loop
      vertex 55.9519 -23.323 2.6
      vertex 57.4799 -24.2905 2.6
      vertex 56.19 -23.0068 2.6
    endloop
  endfacet
  facet normal 0 0 1
    outer loop
      vertex 57.4799 -24.2905 2.6
      vertex 55.9519 -23.323 2.6
      vertex 57.2373 -24.6055 2.6
    endloop
  endfacet
  facet normal -0 0 1
    outer loop
      vertex 55.6875 -23.6175 2.6
      vertex 57.2373 -24.6055 2.6
      vertex 55.9519 -23.323 2.6
    endloop
  endfacet
  facet normal 0 0 1
    outer loop
      vertex 57.2373 -24.6055 2.6
      vertex 55.6875 -23.6175 2.6
      vertex 56.9705 -24.9002 2.6
    endloop
  endfacet
  facet normal 0 0 1
    outer loop
      vertex 56.9705 -24.9002 2.6
      vertex 55.6875 -23.6175 2.6
      vertex 56.6811 -25.1728 2.6
    endloop
  endfacet
  facet normal -0 0 1
    outer loop
      vertex 55.3987 -23.8882 2.6
      vertex 56.6811 -25.1728 2.6
      vertex 55.6875 -23.6175 2.6
    endloop
  endfacet
  facet normal 0 0 1
    outer loop
      vertex 56.6811 -25.1728 2.6
      vertex 55.3987 -23.8882 2.6
      vertex 56.371 -25.4216 2.6
    endloop
  endfacet
  facet normal -0 0 1
    outer loop
      vertex 55.0878 -24.1331 2.6
      vertex 56.371 -25.4216 2.6
      vertex 55.3987 -23.8882 2.6
    endloop
  endfacet
  facet normal 0 0 1
    outer loop
      vertex 56.371 -25.4216 2.6
      vertex 55.0878 -24.1331 2.6
      vertex 56.0421 -25.6449 2.6
    endloop
  endfacet
  facet normal 0 0 1
    outer loop
      vertex 56.0421 -25.6449 2.6
      vertex 55.0878 -24.1331 2.6
      vertex 55.6965 -25.8414 2.6
    endloop
  endfacet
  facet normal -0 0 1
    outer loop
      vertex 54.7569 -24.3503 2.6
      vertex 55.6965 -25.8414 2.6
      vertex 55.0878 -24.1331 2.6
    endloop
  endfacet
  facet normal 0 0 1
    outer loop
      vertex 55.6965 -25.8414 2.6
      vertex 54.7569 -24.3503 2.6
      vertex 55.3363 -26.0098 2.6
    endloop
  endfacet
  facet normal -0 0 1
    outer loop
      vertex 54.4086 -24.5383 2.6
      vertex 55.3363 -26.0098 2.6
      vertex 54.7569 -24.3503 2.6
    endloop
  endfacet
  facet normal 0 0 1
    outer loop
      vertex 55.3363 -26.0098 2.6
      vertex 54.4086 -24.5383 2.6
      vertex 54.964 -26.1491 2.6
    endloop
  endfacet
  facet normal -0 0 1
    outer loop
      vertex 54.0454 -24.6957 2.6
      vertex 54.964 -26.1491 2.6
      vertex 54.4086 -24.5383 2.6
    endloop
  endfacet
  facet normal 0 0 1
    outer loop
      vertex 54.964 -26.1491 2.6
      vertex 54.0454 -24.6957 2.6
      vertex 54.5817 -26.2583 2.6
    endloop
  endfacet
  facet normal 0 0 1
    outer loop
      vertex 54.5817 -26.2583 2.6
      vertex 54.0454 -24.6957 2.6
      vertex 54.192 -26.3369 2.6
    endloop
  endfacet
  facet normal -0 0 1
    outer loop
      vertex 53.67 -24.8212 2.6
      vertex 54.192 -26.3369 2.6
      vertex 54.0454 -24.6957 2.6
    endloop
  endfacet
  facet normal 0 0 1
    outer loop
      vertex 54.192 -26.3369 2.6
      vertex 53.67 -24.8212 2.6
      vertex 53.7972 -26.3842 2.6
    endloop
  endfacet
  facet normal -0 0 1
    outer loop
      vertex 53.2853 -24.914 2.6
      vertex 53.7972 -26.3842 2.6
      vertex 53.67 -24.8212 2.6
    endloop
  endfacet
  facet normal 0 0 1
    outer loop
      vertex 53.7972 -26.3842 2.6
      vertex 53.2853 -24.914 2.6
      vertex 53.4 -26.4 2.6
    endloop
  endfacet
  facet normal -0 0 1
    outer loop
      vertex 52.894 -24.9734 2.6
      vertex 53.4 -26.4 2.6
      vertex 53.2853 -24.914 2.6
    endloop
  endfacet
  facet normal -0 0 1
    outer loop
      vertex 52.499 -24.9989 2.6
      vertex 53.4 -26.4 2.6
      vertex 52.894 -24.9734 2.6
    endloop
  endfacet
  facet normal 0 0 1
    outer loop
      vertex 52.1033 -24.9904 2.6
      vertex 53.4 -26.4 2.6
      vertex 52.499 -24.9989 2.6
    endloop
  endfacet
  facet normal 0 0 1
    outer loop
      vertex 51.7097 -24.9479 2.6
      vertex 53.4 -26.4 2.6
      vertex 52.1033 -24.9904 2.6
    endloop
  endfacet
  facet normal 0 0 1
    outer loop
      vertex 51.3213 -24.8717 2.6
      vertex 53.4 -26.4 2.6
      vertex 51.7097 -24.9479 2.6
    endloop
  endfacet
  facet normal 0 0 1
    outer loop
      vertex 50.9409 -24.7625 2.6
      vertex 53.4 -26.4 2.6
      vertex 51.3213 -24.8717 2.6
    endloop
  endfacet
  facet normal 0 0 1
    outer loop
      vertex 50.5713 -24.6209 2.6
      vertex 53.4 -26.4 2.6
      vertex 50.9409 -24.7625 2.6
    endloop
  endfacet
  facet normal 0 0 1
    outer loop
      vertex 50.2152 -24.4481 2.6
      vertex 53.4 -26.4 2.6
      vertex 50.5713 -24.6209 2.6
    endloop
  endfacet
  facet normal 0 0 1
    outer loop
      vertex 49.8753 -24.2453 2.6
      vertex 53.4 -26.4 2.6
      vertex 50.2152 -24.4481 2.6
    endloop
  endfacet
  facet normal -0 0 1
    outer loop
      vertex -49.2538 -23.75 2.6
      vertex 49.254 -23.756 2.6
      vertex 49.2481 -23.75 2.6
    endloop
  endfacet
  facet normal 0 0 1
    outer loop
      vertex -49.4013 -23.8882 2.6
      vertex 49.254 -23.756 2.6
      vertex -49.2538 -23.75 2.6
    endloop
  endfacet
  facet normal 0 0 1
    outer loop
      vertex 49.254 -23.756 2.6
      vertex -49.4013 -23.8882 2.6
      vertex 49.5541 -24.014 2.6
    endloop
  endfacet
  facet normal 0 0 1
    outer loop
      vertex -49.7122 -24.1331 2.6
      vertex 49.5541 -24.014 2.6
      vertex -49.4013 -23.8882 2.6
    endloop
  endfacet
  facet normal 0 0 1
    outer loop
      vertex 49.5541 -24.014 2.6
      vertex -49.7122 -24.1331 2.6
      vertex 49.8753 -24.2453 2.6
    endloop
  endfacet
  facet normal 0 0 1
    outer loop
      vertex -50.0431 -24.3503 2.6
      vertex 49.8753 -24.2453 2.6
      vertex -49.7122 -24.1331 2.6
    endloop
  endfacet
  facet normal 0 0 1
    outer loop
      vertex 49.8753 -24.2453 2.6
      vertex -50.0431 -24.3503 2.6
      vertex 53.4 -26.4 2.6
    endloop
  endfacet
  facet normal 0 0 1
    outer loop
      vertex -53.4 -26.4 2.6
      vertex -50.0431 -24.3503 2.6
      vertex -50.3914 -24.5383 2.6
    endloop
  endfacet
  facet normal 0 0 1
    outer loop
      vertex -53.4 -26.4 2.6
      vertex -50.3914 -24.5383 2.6
      vertex -50.7546 -24.6957 2.6
    endloop
  endfacet
  facet normal 0 0 1
    outer loop
      vertex -53.4 -26.4 2.6
      vertex -50.7546 -24.6957 2.6
      vertex -51.13 -24.8212 2.6
    endloop
  endfacet
  facet normal 0 0 1
    outer loop
      vertex -53.4 -26.4 2.6
      vertex -51.13 -24.8212 2.6
      vertex -51.5147 -24.914 2.6
    endloop
  endfacet
  facet normal 0 0 1
    outer loop
      vertex -53.4 -26.4 2.6
      vertex -51.5147 -24.914 2.6
      vertex -51.906 -24.9734 2.6
    endloop
  endfacet
  facet normal 0 0 1
    outer loop
      vertex -53.4 -26.4 2.6
      vertex -51.906 -24.9734 2.6
      vertex -52.301 -24.9989 2.6
    endloop
  endfacet
  facet normal 0 0 1
    outer loop
      vertex -50.0431 -24.3503 2.6
      vertex -53.4 -26.4 2.6
      vertex 53.4 -26.4 2.6
    endloop
  endfacet
  facet normal 0 0 1
    outer loop
      vertex -52.6967 -24.9904 2.6
      vertex -53.4 -26.4 2.6
      vertex -52.301 -24.9989 2.6
    endloop
  endfacet
  facet normal 0 0 1
    outer loop
      vertex -53.0903 -24.9479 2.6
      vertex -53.4 -26.4 2.6
      vertex -52.6967 -24.9904 2.6
    endloop
  endfacet
  facet normal 0 0 1
    outer loop
      vertex -53.4787 -24.8717 2.6
      vertex -53.4 -26.4 2.6
      vertex -53.0903 -24.9479 2.6
    endloop
  endfacet
  facet normal 0 0 1
    outer loop
      vertex -53.4787 -24.8717 2.6
      vertex -53.6981 -26.3911 2.6
      vertex -53.4 -26.4 2.6
    endloop
  endfacet
  facet normal 0 0 1
    outer loop
      vertex -54.0937 -26.3516 2.6
      vertex -53.4787 -24.8717 2.6
      vertex -53.8591 -24.7625 2.6
    endloop
  endfacet
  facet normal 0 0 1
    outer loop
      vertex -53.4787 -24.8717 2.6
      vertex -54.0937 -26.3516 2.6
      vertex -53.6981 -26.3911 2.6
    endloop
  endfacet
  facet normal 0 0 1
    outer loop
      vertex -54.4849 -26.2809 2.6
      vertex -53.8591 -24.7625 2.6
      vertex -54.2287 -24.6209 2.6
    endloop
  endfacet
  facet normal 0 0 1
    outer loop
      vertex -53.8591 -24.7625 2.6
      vertex -54.4849 -26.2809 2.6
      vertex -54.0937 -26.3516 2.6
    endloop
  endfacet
  facet normal 0 0 1
    outer loop
      vertex -54.8692 -26.1792 2.6
      vertex -54.2287 -24.6209 2.6
      vertex -54.5848 -24.4481 2.6
    endloop
  endfacet
  facet normal 0 0 1
    outer loop
      vertex -54.2287 -24.6209 2.6
      vertex -54.8692 -26.1792 2.6
      vertex -54.4849 -26.2809 2.6
    endloop
  endfacet
  facet normal 0 0 1
    outer loop
      vertex -55.6077 -25.8862 2.6
      vertex -54.5848 -24.4481 2.6
      vertex -54.9247 -24.2453 2.6
    endloop
  endfacet
  facet normal 0 0 1
    outer loop
      vertex -54.5848 -24.4481 2.6
      vertex -55.2443 -26.0474 2.6
      vertex -54.8692 -26.1792 2.6
    endloop
  endfacet
  facet normal 0 0 1
    outer loop
      vertex -55.9572 -25.6966 2.6
      vertex -54.9247 -24.2453 2.6
      vertex -55.2459 -24.014 2.6
    endloop
  endfacet
  facet normal 0 0 1
    outer loop
      vertex -56.6055 -25.2373 2.6
      vertex -55.2459 -24.014 2.6
      vertex -55.546 -23.756 2.6
    endloop
  endfacet
  facet normal 0 0 1
    outer loop
      vertex -54.5848 -24.4481 2.6
      vertex -55.6077 -25.8862 2.6
      vertex -55.2443 -26.0474 2.6
    endloop
  endfacet
  facet normal 0 0 1
    outer loop
      vertex -56.9002 -24.9705 2.6
      vertex -55.546 -23.756 2.6
      vertex -55.8229 -23.4731 2.6
    endloop
  endfacet
  facet normal 0 0 1
    outer loop
      vertex -54.9247 -24.2453 2.6
      vertex -55.9572 -25.6966 2.6
      vertex -55.6077 -25.8862 2.6
    endloop
  endfacet
  facet normal 0 0 1
    outer loop
      vertex -57.1728 -24.6811 2.6
      vertex -55.8229 -23.4731 2.6
      vertex -56.0744 -23.1675 2.6
    endloop
  endfacet
  facet normal 0 0 1
    outer loop
      vertex -55.2459 -24.014 2.6
      vertex -56.2905 -25.4799 2.6
      vertex -55.9572 -25.6966 2.6
    endloop
  endfacet
  facet normal 0 0 1
    outer loop
      vertex -57.1728 -24.6811 2.6
      vertex -56.0744 -23.1675 2.6
      vertex -56.2987 -22.8414 2.6
    endloop
  endfacet
  facet normal 0 0 1
    outer loop
      vertex -57.1728 -24.6811 2.6
      vertex -56.2987 -22.8414 2.6
      vertex -56.4941 -22.4972 2.6
    endloop
  endfacet
  facet normal 0 0 1
    outer loop
      vertex -55.2459 -24.014 2.6
      vertex -56.6055 -25.2373 2.6
      vertex -56.2905 -25.4799 2.6
    endloop
  endfacet
  facet normal 0 0 1
    outer loop
      vertex -57.1728 -24.6811 2.6
      vertex -56.4941 -22.4972 2.6
      vertex -56.6593 -22.1375 2.6
    endloop
  endfacet
  facet normal 0 0 1
    outer loop
      vertex -57.1728 -24.6811 2.6
      vertex -56.6593 -22.1375 2.6
      vertex -56.7928 -21.7649 2.6
    endloop
  endfacet
  facet normal 0 0 1
    outer loop
      vertex -57.1728 -24.6811 2.6
      vertex -56.7928 -21.7649 2.6
      vertex -56.8939 -21.3822 2.6
    endloop
  endfacet
  facet normal 0 0 1
    outer loop
      vertex -55.546 -23.756 2.6
      vertex -56.9002 -24.9705 2.6
      vertex -56.6055 -25.2373 2.6
    endloop
  endfacet
  facet normal 0 0 1
    outer loop
      vertex -57.1728 -24.6811 2.6
      vertex -56.8939 -21.3822 2.6
      vertex -56.9617 -20.9922 2.6
    endloop
  endfacet
  facet normal 0 0 1
    outer loop
      vertex -57.1728 -24.6811 2.6
      vertex -56.9617 -20.9922 2.6
      vertex -56.9957 -20.5979 2.6
    endloop
  endfacet
  facet normal 0 0 1
    outer loop
      vertex -55.8229 -23.4731 2.6
      vertex -57.1728 -24.6811 2.6
      vertex -56.9002 -24.9705 2.6
    endloop
  endfacet
  facet normal 0 0 1
    outer loop
      vertex -55.8229 17.3269 2.6
      vertex -55.75 -17.2524 2.6
      vertex -55.75 17.2524 2.6
    endloop
  endfacet
  facet normal 0 0 1
    outer loop
      vertex -55.8229 17.3269 2.6
      vertex -55.8229 -17.3269 2.6
      vertex -55.75 -17.2524 2.6
    endloop
  endfacet
  facet normal 0 0 1
    outer loop
      vertex -56.0744 17.6325 2.6
      vertex -55.8229 -17.3269 2.6
      vertex -55.8229 17.3269 2.6
    endloop
  endfacet
  facet normal 0 0 1
    outer loop
      vertex -56.0744 17.6325 2.6
      vertex -56.0744 -17.6325 2.6
      vertex -55.8229 -17.3269 2.6
    endloop
  endfacet
  facet normal 0 0 1
    outer loop
      vertex -56.2987 17.9586 2.6
      vertex -56.0744 -17.6325 2.6
      vertex -56.0744 17.6325 2.6
    endloop
  endfacet
  facet normal 0 0 1
    outer loop
      vertex -56.2987 17.9586 2.6
      vertex -56.2987 -17.9586 2.6
      vertex -56.0744 -17.6325 2.6
    endloop
  endfacet
  facet normal 0 0 1
    outer loop
      vertex -56.4941 18.3028 2.6
      vertex -56.2987 -17.9586 2.6
      vertex -56.2987 17.9586 2.6
    endloop
  endfacet
  facet normal 0 0 1
    outer loop
      vertex -56.4941 18.3028 2.6
      vertex -56.4941 -18.3028 2.6
      vertex -56.2987 -17.9586 2.6
    endloop
  endfacet
  facet normal 0 0 1
    outer loop
      vertex -56.6593 18.6625 2.6
      vertex -56.4941 -18.3028 2.6
      vertex -56.4941 18.3028 2.6
    endloop
  endfacet
  facet normal 0 0 1
    outer loop
      vertex -56.6593 18.6625 2.6
      vertex -56.6593 -18.6625 2.6
      vertex -56.4941 -18.3028 2.6
    endloop
  endfacet
  facet normal 0 0 1
    outer loop
      vertex -56.7928 19.0351 2.6
      vertex -56.6593 -18.6625 2.6
      vertex -56.6593 18.6625 2.6
    endloop
  endfacet
  facet normal 0 0 1
    outer loop
      vertex -56.7928 19.0351 2.6
      vertex -56.7928 -19.0351 2.6
      vertex -56.6593 -18.6625 2.6
    endloop
  endfacet
  facet normal 0 0 1
    outer loop
      vertex -56.8939 19.4178 2.6
      vertex -56.7928 -19.0351 2.6
      vertex -56.7928 19.0351 2.6
    endloop
  endfacet
  facet normal 0 0 1
    outer loop
      vertex -56.8939 19.4178 2.6
      vertex -56.8939 -19.4178 2.6
      vertex -56.7928 -19.0351 2.6
    endloop
  endfacet
  facet normal 0 0 1
    outer loop
      vertex -56.9617 19.8078 2.6
      vertex -56.8939 -19.4178 2.6
      vertex -56.8939 19.4178 2.6
    endloop
  endfacet
  facet normal 0 0 1
    outer loop
      vertex -56.9617 19.8078 2.6
      vertex -56.9617 -19.8078 2.6
      vertex -56.8939 -19.4178 2.6
    endloop
  endfacet
  facet normal 0 0 1
    outer loop
      vertex -56.9957 20.2021 2.6
      vertex -56.9617 -19.8078 2.6
      vertex -56.9617 19.8078 2.6
    endloop
  endfacet
  facet normal 0 0 1
    outer loop
      vertex -56.9617 -19.8078 2.6
      vertex -56.9957 20.2021 2.6
      vertex -56.9957 -20.2021 2.6
    endloop
  endfacet
  facet normal -0.0993543 -0.995052 0
    outer loop
      vertex -54.0937 -26.3516 0
      vertex -53.6981 -26.3911 2.6
      vertex -54.0937 -26.3516 2.6
    endloop
  endfacet
  facet normal -0.0993543 -0.995052 -0
    outer loop
      vertex -53.6981 -26.3911 2.6
      vertex -54.0937 -26.3516 0
      vertex -53.6981 -26.3911 0
    endloop
  endfacet
  facet normal 0.25583 0.966722 -0
    outer loop
      vertex 54.8692 26.1792 0
      vertex 54.4849 26.2809 2.6
      vertex 54.8692 26.1792 2.6
    endloop
  endfacet
  facet normal 0.25583 0.966722 0
    outer loop
      vertex 54.4849 26.2809 2.6
      vertex 54.8692 26.1792 0
      vertex 54.4849 26.2809 0
    endloop
  endfacet
  facet normal 0.992899 0.118957 0
    outer loop
      vertex 58.3842 21.7972 2.6
      vertex 58.3369 22.192 0
      vertex 58.3369 22.192 2.6
    endloop
  endfacet
  facet normal 0.992899 0.118957 0
    outer loop
      vertex 58.3369 22.192 0
      vertex 58.3842 21.7972 2.6
      vertex 58.3842 21.7972 0
    endloop
  endfacet
  facet normal 0.995052 -0.0993543 0
    outer loop
      vertex 58.3516 -22.0937 2.6
      vertex 58.3911 -21.6981 0
      vertex 58.3911 -21.6981 2.6
    endloop
  endfacet
  facet normal 0.995052 -0.0993543 0
    outer loop
      vertex 58.3911 -21.6981 0
      vertex 58.3516 -22.0937 2.6
      vertex 58.3516 -22.0937 0
    endloop
  endfacet
  facet normal 0.83838 -0.545086 0
    outer loop
      vertex 57.4799 -24.2905 2.6
      vertex 57.6966 -23.9572 0
      vertex 57.6966 -23.9572 2.6
    endloop
  endfacet
  facet normal 0.83838 -0.545086 0
    outer loop
      vertex 57.6966 -23.9572 0
      vertex 57.4799 -24.2905 2.6
      vertex 57.4799 -24.2905 0
    endloop
  endfacet
  facet normal -0.274655 0.961543 0
    outer loop
      vertex -54.5817 26.2583 0
      vertex -54.964 26.1491 2.6
      vertex -54.5817 26.2583 2.6
    endloop
  endfacet
  facet normal -0.274655 0.961543 0
    outer loop
      vertex -54.964 26.1491 2.6
      vertex -54.5817 26.2583 0
      vertex -54.964 26.1491 0
    endloop
  endfacet
  facet normal -0.625799 0.779985 0
    outer loop
      vertex -56.371 25.4216 0
      vertex -56.6811 25.1728 2.6
      vertex -56.371 25.4216 2.6
    endloop
  endfacet
  facet normal -0.625799 0.779985 0
    outer loop
      vertex -56.6811 25.1728 2.6
      vertex -56.371 25.4216 0
      vertex -56.6811 25.1728 0
    endloop
  endfacet
  facet normal -0.741327 0.671144 0
    outer loop
      vertex -57.2373 24.6055 0
      vertex -56.9705 24.9002 2.6
      vertex -56.9705 24.9002 0
    endloop
  endfacet
  facet normal -0.741327 0.671144 0
    outer loop
      vertex -56.9705 24.9002 2.6
      vertex -57.2373 24.6055 0
      vertex -57.2373 24.6055 2.6
    endloop
  endfacet
  facet normal -0.685663 0.727919 0
    outer loop
      vertex -56.6811 25.1728 0
      vertex -56.9705 24.9002 2.6
      vertex -56.6811 25.1728 2.6
    endloop
  endfacet
  facet normal -0.685663 0.727919 0
    outer loop
      vertex -56.9705 24.9002 2.6
      vertex -56.6811 25.1728 0
      vertex -56.9705 24.9002 0
    endloop
  endfacet
  facet normal -0.995052 0.0993543 0
    outer loop
      vertex -58.3911 21.6981 0
      vertex -58.3516 22.0937 2.6
      vertex -58.3516 22.0937 0
    endloop
  endfacet
  facet normal -0.995052 0.0993543 0
    outer loop
      vertex -58.3516 22.0937 2.6
      vertex -58.3911 21.6981 0
      vertex -58.3911 21.6981 2.6
    endloop
  endfacet
  facet normal -0.943454 0.331504 0
    outer loop
      vertex -58.1792 22.8692 0
      vertex -58.0474 23.2443 2.6
      vertex -58.0474 23.2443 0
    endloop
  endfacet
  facet normal -0.943454 0.331504 0
    outer loop
      vertex -58.0474 23.2443 2.6
      vertex -58.1792 22.8692 0
      vertex -58.1792 22.8692 2.6
    endloop
  endfacet
  facet normal -0.878989 0.476842 0
    outer loop
      vertex -57.8862 23.6077 0
      vertex -57.6966 23.9572 2.6
      vertex -57.6966 23.9572 0
    endloop
  endfacet
  facet normal -0.878989 0.476842 0
    outer loop
      vertex -57.6966 23.9572 2.6
      vertex -57.8862 23.6077 0
      vertex -57.8862 23.6077 2.6
    endloop
  endfacet
  facet normal -0.792269 0.610173 0
    outer loop
      vertex -57.4799 24.2905 0
      vertex -57.2373 24.6055 2.6
      vertex -57.2373 24.6055 0
    endloop
  endfacet
  facet normal -0.792269 0.610173 0
    outer loop
      vertex -57.2373 24.6055 2.6
      vertex -57.4799 24.2905 0
      vertex -57.4799 24.2905 2.6
    endloop
  endfacet
  facet normal -0.914102 0.405485 0
    outer loop
      vertex -58.0474 23.2443 0
      vertex -57.8862 23.6077 2.6
      vertex -57.8862 23.6077 0
    endloop
  endfacet
  facet normal -0.914102 0.405485 0
    outer loop
      vertex -57.8862 23.6077 2.6
      vertex -58.0474 23.2443 0
      vertex -58.0474 23.2443 2.6
    endloop
  endfacet
  facet normal -0.936587 -0.350434 0
    outer loop
      vertex -58.0098 -23.3363 0
      vertex -58.1491 -22.964 2.6
      vertex -58.1491 -22.964 0
    endloop
  endfacet
  facet normal -0.936587 -0.350434 0
    outer loop
      vertex -58.1491 -22.964 2.6
      vertex -58.0098 -23.3363 0
      vertex -58.0098 -23.3363 2.6
    endloop
  endfacet
  facet normal -0.827338 -0.561704 0
    outer loop
      vertex -57.4216 -24.371 0
      vertex -57.6449 -24.0421 2.6
      vertex -57.6449 -24.0421 0
    endloop
  endfacet
  facet normal -0.827338 -0.561704 0
    outer loop
      vertex -57.6449 -24.0421 2.6
      vertex -57.4216 -24.371 0
      vertex -57.4216 -24.371 2.6
    endloop
  endfacet
  facet normal -0.25583 -0.966722 0
    outer loop
      vertex -54.8692 -26.1792 0
      vertex -54.4849 -26.2809 2.6
      vertex -54.8692 -26.1792 2.6
    endloop
  endfacet
  facet normal -0.25583 -0.966722 -0
    outer loop
      vertex -54.4849 -26.2809 2.6
      vertex -54.8692 -26.1792 0
      vertex -54.4849 -26.2809 0
    endloop
  endfacet
  facet normal 0.0993543 0.995052 -0
    outer loop
      vertex 54.0937 26.3516 0
      vertex 53.6981 26.3911 2.6
      vertex 54.0937 26.3516 2.6
    endloop
  endfacet
  facet normal 0.0993543 0.995052 0
    outer loop
      vertex 53.6981 26.3911 2.6
      vertex 54.0937 26.3516 0
      vertex 53.6981 26.3911 0
    endloop
  endfacet
  facet normal -0.118957 0.992899 0
    outer loop
      vertex -53.7972 26.3842 0
      vertex -54.192 26.3369 2.6
      vertex -53.7972 26.3842 2.6
    endloop
  endfacet
  facet normal -0.118957 0.992899 0
    outer loop
      vertex -54.192 26.3369 2.6
      vertex -53.7972 26.3842 0
      vertex -54.192 26.3369 0
    endloop
  endfacet
  facet normal 0.476842 0.878989 -0
    outer loop
      vertex 55.9572 25.6966 0
      vertex 55.6077 25.8862 2.6
      vertex 55.9572 25.6966 2.6
    endloop
  endfacet
  facet normal 0.476842 0.878989 0
    outer loop
      vertex 55.6077 25.8862 2.6
      vertex 55.9572 25.6966 0
      vertex 55.6077 25.8862 0
    endloop
  endfacet
  facet normal 0.727919 0.685663 0
    outer loop
      vertex 57.1728 24.6811 2.6
      vertex 56.9002 24.9705 0
      vertex 56.9002 24.9705 2.6
    endloop
  endfacet
  facet normal 0.727919 0.685663 0
    outer loop
      vertex 56.9002 24.9705 0
      vertex 57.1728 24.6811 2.6
      vertex 57.1728 24.6811 0
    endloop
  endfacet
  facet normal 0.936587 0.350434 0
    outer loop
      vertex 58.1491 22.964 2.6
      vertex 58.0098 23.3363 0
      vertex 58.0098 23.3363 2.6
    endloop
  endfacet
  facet normal 0.936587 0.350434 0
    outer loop
      vertex 58.0098 23.3363 0
      vertex 58.1491 22.964 2.6
      vertex 58.1491 22.964 0
    endloop
  endfacet
  facet normal 0.961543 0.274655 0
    outer loop
      vertex 58.2583 22.5817 2.6
      vertex 58.1491 22.964 0
      vertex 58.1491 22.964 2.6
    endloop
  endfacet
  facet normal 0.961543 0.274655 0
    outer loop
      vertex 58.1491 22.964 0
      vertex 58.2583 22.5817 2.6
      vertex 58.2583 22.5817 0
    endloop
  endfacet
  facet normal 0.966722 -0.25583 0
    outer loop
      vertex 58.1792 -22.8692 2.6
      vertex 58.2809 -22.4849 0
      vertex 58.2809 -22.4849 2.6
    endloop
  endfacet
  facet normal 0.966722 -0.25583 0
    outer loop
      vertex 58.2809 -22.4849 0
      vertex 58.1792 -22.8692 2.6
      vertex 58.1792 -22.8692 0
    endloop
  endfacet
  facet normal 0.914102 -0.405485 0
    outer loop
      vertex 57.8862 -23.6077 2.6
      vertex 58.0474 -23.2443 0
      vertex 58.0474 -23.2443 2.6
    endloop
  endfacet
  facet normal 0.914102 -0.405485 0
    outer loop
      vertex 58.0474 -23.2443 0
      vertex 57.8862 -23.6077 2.6
      vertex 57.8862 -23.6077 0
    endloop
  endfacet
  facet normal 0.494269 -0.869309 0
    outer loop
      vertex 55.6965 -25.8414 0
      vertex 56.0421 -25.6449 2.6
      vertex 55.6965 -25.8414 2.6
    endloop
  endfacet
  facet normal 0.494269 -0.869309 0
    outer loop
      vertex 56.0421 -25.6449 2.6
      vertex 55.6965 -25.8414 0
      vertex 56.0421 -25.6449 0
    endloop
  endfacet
  facet normal 0.350434 -0.936587 0
    outer loop
      vertex 54.964 -26.1491 0
      vertex 55.3363 -26.0098 2.6
      vertex 54.964 -26.1491 2.6
    endloop
  endfacet
  facet normal 0.350434 -0.936587 0
    outer loop
      vertex 55.3363 -26.0098 2.6
      vertex 54.964 -26.1491 0
      vertex 55.3363 -26.0098 0
    endloop
  endfacet
  facet normal 0.741327 -0.671144 0
    outer loop
      vertex 56.9705 -24.9002 2.6
      vertex 57.2373 -24.6055 0
      vertex 57.2373 -24.6055 2.6
    endloop
  endfacet
  facet normal 0.741327 -0.671144 0
    outer loop
      vertex 57.2373 -24.6055 0
      vertex 56.9705 -24.9002 2.6
      vertex 56.9705 -24.9002 0
    endloop
  endfacet
  facet normal 0.625799 -0.779985 0
    outer loop
      vertex 56.371 -25.4216 0
      vertex 56.6811 -25.1728 2.6
      vertex 56.371 -25.4216 2.6
    endloop
  endfacet
  facet normal 0.625799 -0.779985 0
    outer loop
      vertex 56.6811 -25.1728 2.6
      vertex 56.371 -25.4216 0
      vertex 56.6811 -25.1728 0
    endloop
  endfacet
  facet normal 0.792269 -0.610173 0
    outer loop
      vertex 57.2373 -24.6055 2.6
      vertex 57.4799 -24.2905 0
      vertex 57.4799 -24.2905 2.6
    endloop
  endfacet
  facet normal 0.792269 -0.610173 0
    outer loop
      vertex 57.4799 -24.2905 0
      vertex 57.2373 -24.6055 2.6
      vertex 57.2373 -24.6055 0
    endloop
  endfacet
  facet normal -0.494269 0.869309 0
    outer loop
      vertex -55.6965 25.8414 0
      vertex -56.0421 25.6449 2.6
      vertex -55.6965 25.8414 2.6
    endloop
  endfacet
  facet normal -0.494269 0.869309 0
    outer loop
      vertex -56.0421 25.6449 2.6
      vertex -55.6965 25.8414 0
      vertex -56.0421 25.6449 0
    endloop
  endfacet
  facet normal -0.423519 0.905887 0
    outer loop
      vertex -55.3363 26.0098 0
      vertex -55.6965 25.8414 2.6
      vertex -55.3363 26.0098 2.6
    endloop
  endfacet
  facet normal -0.423519 0.905887 0
    outer loop
      vertex -55.6965 25.8414 2.6
      vertex -55.3363 26.0098 0
      vertex -55.6965 25.8414 0
    endloop
  endfacet
  facet normal -0.350434 0.936587 0
    outer loop
      vertex -54.964 26.1491 0
      vertex -55.3363 26.0098 2.6
      vertex -54.964 26.1491 2.6
    endloop
  endfacet
  facet normal -0.350434 0.936587 0
    outer loop
      vertex -55.3363 26.0098 2.6
      vertex -54.964 26.1491 0
      vertex -55.3363 26.0098 0
    endloop
  endfacet
  facet normal -0.999555 0.0298425 0
    outer loop
      vertex -58.4 21.4 0
      vertex -58.3911 21.6981 2.6
      vertex -58.3911 21.6981 0
    endloop
  endfacet
  facet normal -0.999555 0.0298425 0
    outer loop
      vertex -58.3911 21.6981 2.6
      vertex -58.4 21.4 0
      vertex -58.4 21.4 2.6
    endloop
  endfacet
  facet normal -0.984059 0.177845 0
    outer loop
      vertex -58.3516 22.0937 0
      vertex -58.2809 22.4849 2.6
      vertex -58.2809 22.4849 0
    endloop
  endfacet
  facet normal -0.984059 0.177845 0
    outer loop
      vertex -58.2809 22.4849 2.6
      vertex -58.3516 22.0937 0
      vertex -58.3516 22.0937 2.6
    endloop
  endfacet
  facet normal -0.992899 -0.118957 0
    outer loop
      vertex -58.3369 -22.192 0
      vertex -58.3842 -21.7972 2.6
      vertex -58.3842 -21.7972 0
    endloop
  endfacet
  facet normal -0.992899 -0.118957 0
    outer loop
      vertex -58.3842 -21.7972 2.6
      vertex -58.3369 -22.192 0
      vertex -58.3369 -22.192 2.6
    endloop
  endfacet
  facet normal -0.671144 -0.741327 0
    outer loop
      vertex -56.9002 -24.9705 0
      vertex -56.6055 -25.2373 2.6
      vertex -56.9002 -24.9705 2.6
    endloop
  endfacet
  facet normal -0.671144 -0.741327 -0
    outer loop
      vertex -56.6055 -25.2373 2.6
      vertex -56.9002 -24.9705 0
      vertex -56.6055 -25.2373 0
    endloop
  endfacet
  facet normal -0.545086 -0.83838 0
    outer loop
      vertex -56.2905 -25.4799 0
      vertex -55.9572 -25.6966 2.6
      vertex -56.2905 -25.4799 2.6
    endloop
  endfacet
  facet normal -0.545086 -0.83838 -0
    outer loop
      vertex -55.9572 -25.6966 2.6
      vertex -56.2905 -25.4799 0
      vertex -55.9572 -25.6966 0
    endloop
  endfacet
  facet normal -0.961543 -0.274655 0
    outer loop
      vertex -58.1491 -22.964 0
      vertex -58.2583 -22.5817 2.6
      vertex -58.2583 -22.5817 0
    endloop
  endfacet
  facet normal -0.961543 -0.274655 0
    outer loop
      vertex -58.2583 -22.5817 2.6
      vertex -58.1491 -22.964 0
      vertex -58.1491 -22.964 2.6
    endloop
  endfacet
  facet normal -0.905887 -0.423519 0
    outer loop
      vertex -57.8414 -23.6965 0
      vertex -58.0098 -23.3363 2.6
      vertex -58.0098 -23.3363 0
    endloop
  endfacet
  facet normal -0.905887 -0.423519 0
    outer loop
      vertex -58.0098 -23.3363 2.6
      vertex -57.8414 -23.6965 0
      vertex -57.8414 -23.6965 2.6
    endloop
  endfacet
  facet normal -0.727919 -0.685663 0
    outer loop
      vertex -56.9002 -24.9705 0
      vertex -57.1728 -24.6811 2.6
      vertex -57.1728 -24.6811 0
    endloop
  endfacet
  facet normal -0.727919 -0.685663 0
    outer loop
      vertex -57.1728 -24.6811 2.6
      vertex -56.9002 -24.9705 0
      vertex -56.9002 -24.9705 2.6
    endloop
  endfacet
  facet normal 0.610173 0.792269 -0
    outer loop
      vertex 56.6055 25.2373 0
      vertex 56.2905 25.4799 2.6
      vertex 56.6055 25.2373 2.6
    endloop
  endfacet
  facet normal 0.610173 0.792269 0
    outer loop
      vertex 56.2905 25.4799 2.6
      vertex 56.6055 25.2373 0
      vertex 56.2905 25.4799 0
    endloop
  endfacet
  facet normal 0.779985 0.625799 0
    outer loop
      vertex 57.4216 24.371 2.6
      vertex 57.1728 24.6811 0
      vertex 57.1728 24.6811 2.6
    endloop
  endfacet
  facet normal 0.779985 0.625799 0
    outer loop
      vertex 57.1728 24.6811 0
      vertex 57.4216 24.371 2.6
      vertex 57.4216 24.371 0
    endloop
  endfacet
  facet normal 0.827338 0.561704 0
    outer loop
      vertex 57.6449 24.0421 2.6
      vertex 57.4216 24.371 0
      vertex 57.4216 24.371 2.6
    endloop
  endfacet
  facet normal 0.827338 0.561704 0
    outer loop
      vertex 57.4216 24.371 0
      vertex 57.6449 24.0421 2.6
      vertex 57.6449 24.0421 0
    endloop
  endfacet
  facet normal 0.671144 0.741327 -0
    outer loop
      vertex 56.9002 24.9705 0
      vertex 56.6055 25.2373 2.6
      vertex 56.9002 24.9705 2.6
    endloop
  endfacet
  facet normal 0.671144 0.741327 0
    outer loop
      vertex 56.6055 25.2373 2.6
      vertex 56.9002 24.9705 0
      vertex 56.6055 25.2373 0
    endloop
  endfacet
  facet normal 0.545086 0.83838 -0
    outer loop
      vertex 56.2905 25.4799 0
      vertex 55.9572 25.6966 2.6
      vertex 56.2905 25.4799 2.6
    endloop
  endfacet
  facet normal 0.545086 0.83838 0
    outer loop
      vertex 55.9572 25.6966 2.6
      vertex 56.2905 25.4799 0
      vertex 55.9572 25.6966 0
    endloop
  endfacet
  facet normal 0.905887 0.423519 0
    outer loop
      vertex 58.0098 23.3363 2.6
      vertex 57.8414 23.6965 0
      vertex 57.8414 23.6965 2.6
    endloop
  endfacet
  facet normal 0.905887 0.423519 0
    outer loop
      vertex 57.8414 23.6965 0
      vertex 58.0098 23.3363 2.6
      vertex 58.0098 23.3363 0
    endloop
  endfacet
  facet normal 0.98026 0.197712 0
    outer loop
      vertex 58.3369 22.192 2.6
      vertex 58.2583 22.5817 0
      vertex 58.2583 22.5817 2.6
    endloop
  endfacet
  facet normal 0.98026 0.197712 0
    outer loop
      vertex 58.2583 22.5817 0
      vertex 58.3369 22.192 2.6
      vertex 58.3369 22.192 0
    endloop
  endfacet
  facet normal 0.999555 -0.0298425 0
    outer loop
      vertex 58.3911 -21.6981 2.6
      vertex 58.4 -21.4 0
      vertex 58.4 -21.4 2.6
    endloop
  endfacet
  facet normal 0.999555 -0.0298425 0
    outer loop
      vertex 58.4 -21.4 0
      vertex 58.3911 -21.6981 2.6
      vertex 58.3911 -21.6981 0
    endloop
  endfacet
  facet normal 0.984059 -0.177845 0
    outer loop
      vertex 58.2809 -22.4849 2.6
      vertex 58.3516 -22.0937 0
      vertex 58.3516 -22.0937 2.6
    endloop
  endfacet
  facet normal 0.984059 -0.177845 0
    outer loop
      vertex 58.3516 -22.0937 0
      vertex 58.2809 -22.4849 2.6
      vertex 58.2809 -22.4849 0
    endloop
  endfacet
  facet normal 0.943454 -0.331504 0
    outer loop
      vertex 58.0474 -23.2443 2.6
      vertex 58.1792 -22.8692 0
      vertex 58.1792 -22.8692 2.6
    endloop
  endfacet
  facet normal 0.943454 -0.331504 0
    outer loop
      vertex 58.1792 -22.8692 0
      vertex 58.0474 -23.2443 2.6
      vertex 58.0474 -23.2443 0
    endloop
  endfacet
  facet normal 0.878989 -0.476842 0
    outer loop
      vertex 57.6966 -23.9572 2.6
      vertex 57.8862 -23.6077 0
      vertex 57.8862 -23.6077 2.6
    endloop
  endfacet
  facet normal 0.878989 -0.476842 0
    outer loop
      vertex 57.8862 -23.6077 0
      vertex 57.6966 -23.9572 2.6
      vertex 57.6966 -23.9572 0
    endloop
  endfacet
  facet normal 0.561704 -0.827338 0
    outer loop
      vertex 56.0421 -25.6449 0
      vertex 56.371 -25.4216 2.6
      vertex 56.0421 -25.6449 2.6
    endloop
  endfacet
  facet normal 0.561704 -0.827338 0
    outer loop
      vertex 56.371 -25.4216 2.6
      vertex 56.0421 -25.6449 0
      vertex 56.371 -25.4216 0
    endloop
  endfacet
  facet normal 0.423519 -0.905887 0
    outer loop
      vertex 55.3363 -26.0098 0
      vertex 55.6965 -25.8414 2.6
      vertex 55.3363 -26.0098 2.6
    endloop
  endfacet
  facet normal 0.423519 -0.905887 0
    outer loop
      vertex 55.6965 -25.8414 2.6
      vertex 55.3363 -26.0098 0
      vertex 55.6965 -25.8414 0
    endloop
  endfacet
  facet normal 0.685663 -0.727919 0
    outer loop
      vertex 56.6811 -25.1728 0
      vertex 56.9705 -24.9002 2.6
      vertex 56.6811 -25.1728 2.6
    endloop
  endfacet
  facet normal 0.685663 -0.727919 0
    outer loop
      vertex 56.9705 -24.9002 2.6
      vertex 56.6811 -25.1728 0
      vertex 56.9705 -24.9002 0
    endloop
  endfacet
  facet normal -0.610173 -0.792269 0
    outer loop
      vertex -56.6055 -25.2373 0
      vertex -56.2905 -25.4799 2.6
      vertex -56.6055 -25.2373 2.6
    endloop
  endfacet
  facet normal -0.610173 -0.792269 -0
    outer loop
      vertex -56.2905 -25.4799 2.6
      vertex -56.6055 -25.2373 0
      vertex -56.2905 -25.4799 0
    endloop
  endfacet
  facet normal -0.476842 -0.878989 0
    outer loop
      vertex -55.9572 -25.6966 0
      vertex -55.6077 -25.8862 2.6
      vertex -55.9572 -25.6966 2.6
    endloop
  endfacet
  facet normal -0.476842 -0.878989 -0
    outer loop
      vertex -55.6077 -25.8862 2.6
      vertex -55.9572 -25.6966 0
      vertex -55.6077 -25.8862 0
    endloop
  endfacet
  facet normal -0.98026 -0.197712 0
    outer loop
      vertex -58.2583 -22.5817 0
      vertex -58.3369 -22.192 2.6
      vertex -58.3369 -22.192 0
    endloop
  endfacet
  facet normal -0.98026 -0.197712 0
    outer loop
      vertex -58.3369 -22.192 2.6
      vertex -58.2583 -22.5817 0
      vertex -58.2583 -22.5817 2.6
    endloop
  endfacet
  facet normal -0.869309 -0.494269 0
    outer loop
      vertex -57.6449 -24.0421 0
      vertex -57.8414 -23.6965 2.6
      vertex -57.8414 -23.6965 0
    endloop
  endfacet
  facet normal -0.869309 -0.494269 0
    outer loop
      vertex -57.8414 -23.6965 2.6
      vertex -57.6449 -24.0421 0
      vertex -57.6449 -24.0421 2.6
    endloop
  endfacet
  facet normal -0.779985 -0.625799 0
    outer loop
      vertex -57.1728 -24.6811 0
      vertex -57.4216 -24.371 2.6
      vertex -57.4216 -24.371 0
    endloop
  endfacet
  facet normal -0.779985 -0.625799 0
    outer loop
      vertex -57.4216 -24.371 2.6
      vertex -57.1728 -24.6811 0
      vertex -57.1728 -24.6811 2.6
    endloop
  endfacet
  facet normal 0 0 1
    outer loop
      vertex -53.8591 16.0375 6.58
      vertex -53.75 -16.0062 6.58
      vertex -53.75 16.0062 6.58
    endloop
  endfacet
  facet normal 0 0 1
    outer loop
      vertex -53.8591 16.0375 6.58
      vertex -53.8591 -16.0375 6.58
      vertex -53.75 -16.0062 6.58
    endloop
  endfacet
  facet normal 0 0 1
    outer loop
      vertex -54.2287 16.1791 6.58
      vertex -53.8591 -16.0375 6.58
      vertex -53.8591 16.0375 6.58
    endloop
  endfacet
  facet normal 0 0 1
    outer loop
      vertex -54.2287 16.1791 6.58
      vertex -54.2287 -16.1791 6.58
      vertex -53.8591 -16.0375 6.58
    endloop
  endfacet
  facet normal 0 0 1
    outer loop
      vertex -54.5848 16.3519 6.58
      vertex -54.2287 -16.1791 6.58
      vertex -54.2287 16.1791 6.58
    endloop
  endfacet
  facet normal 0 0 1
    outer loop
      vertex -54.5848 16.3519 6.58
      vertex -54.5848 -16.3519 6.58
      vertex -54.2287 -16.1791 6.58
    endloop
  endfacet
  facet normal 0 0 1
    outer loop
      vertex -54.9247 16.5547 6.58
      vertex -54.5848 -16.3519 6.58
      vertex -54.5848 16.3519 6.58
    endloop
  endfacet
  facet normal 0 0 1
    outer loop
      vertex -54.9247 16.5547 6.58
      vertex -54.9247 -16.5547 6.58
      vertex -54.5848 -16.3519 6.58
    endloop
  endfacet
  facet normal 0 0 1
    outer loop
      vertex -55.2459 16.786 6.58
      vertex -54.9247 -16.5547 6.58
      vertex -54.9247 16.5547 6.58
    endloop
  endfacet
  facet normal 0 0 1
    outer loop
      vertex -55.2459 16.786 6.58
      vertex -55.2459 -16.786 6.58
      vertex -54.9247 -16.5547 6.58
    endloop
  endfacet
  facet normal 0 0 1
    outer loop
      vertex -55.546 17.044 6.58
      vertex -55.2459 -16.786 6.58
      vertex -55.2459 16.786 6.58
    endloop
  endfacet
  facet normal 0 0 1
    outer loop
      vertex -55.546 17.044 6.58
      vertex -55.546 -17.044 6.58
      vertex -55.2459 -16.786 6.58
    endloop
  endfacet
  facet normal 0 0 1
    outer loop
      vertex -55.75 17.2524 6.58
      vertex -55.546 -17.044 6.58
      vertex -55.546 17.044 6.58
    endloop
  endfacet
  facet normal 0 0 1
    outer loop
      vertex -55.546 -17.044 6.58
      vertex -55.75 17.2524 6.58
      vertex -55.75 -17.2524 6.58
    endloop
  endfacet
  facet normal -0 0 1
    outer loop
      vertex -48.007 -21.75 6.58
      vertex 48.0072 -21.7649 6.58
      vertex 48.0032 -21.75 6.58
    endloop
  endfacet
  facet normal 0 0 1
    outer loop
      vertex -48.0699 -21.9526 6.58
      vertex 48.0072 -21.7649 6.58
      vertex -48.007 -21.75 6.58
    endloop
  endfacet
  facet normal 0 0 1
    outer loop
      vertex 48.0072 -21.7649 6.58
      vertex -48.0699 -21.9526 6.58
      vertex 48.1407 -22.1375 6.58
    endloop
  endfacet
  facet normal 0 0 1
    outer loop
      vertex -48.2194 -22.3191 6.58
      vertex 48.1407 -22.1375 6.58
      vertex -48.0699 -21.9526 6.58
    endloop
  endfacet
  facet normal 0 0 1
    outer loop
      vertex 48.1407 -22.1375 6.58
      vertex -48.2194 -22.3191 6.58
      vertex 48.3059 -22.4972 6.58
    endloop
  endfacet
  facet normal 0 0 1
    outer loop
      vertex -48.3999 -22.6714 6.58
      vertex 48.3059 -22.4972 6.58
      vertex -48.2194 -22.3191 6.58
    endloop
  endfacet
  facet normal 0 0 1
    outer loop
      vertex 48.3059 -22.4972 6.58
      vertex -48.3999 -22.6714 6.58
      vertex 48.5013 -22.8414 6.58
    endloop
  endfacet
  facet normal 0 0 1
    outer loop
      vertex -48.61 -23.0068 6.58
      vertex 48.5013 -22.8414 6.58
      vertex -48.3999 -22.6714 6.58
    endloop
  endfacet
  facet normal 0 0 1
    outer loop
      vertex 48.5013 -22.8414 6.58
      vertex -48.61 -23.0068 6.58
      vertex 48.7256 -23.1675 6.58
    endloop
  endfacet
  facet normal 0 0 1
    outer loop
      vertex -48.8481 -23.323 6.58
      vertex 48.7256 -23.1675 6.58
      vertex -48.61 -23.0068 6.58
    endloop
  endfacet
  facet normal 0 0 1
    outer loop
      vertex 48.7256 -23.1675 6.58
      vertex -48.8481 -23.323 6.58
      vertex 48.9771 -23.4731 6.58
    endloop
  endfacet
  facet normal 0 0 1
    outer loop
      vertex -49.1125 -23.6175 6.58
      vertex 48.9771 -23.4731 6.58
      vertex -48.8481 -23.323 6.58
    endloop
  endfacet
  facet normal 0 0 1
    outer loop
      vertex 48.9771 -23.4731 6.58
      vertex -49.1125 -23.6175 6.58
      vertex 49.2481 -23.75 6.58
    endloop
  endfacet
  facet normal 0 0 1
    outer loop
      vertex 49.2481 -23.75 6.58
      vertex -49.1125 -23.6175 6.58
      vertex -49.2538 -23.75 6.58
    endloop
  endfacet
  facet normal 0 0 1
    outer loop
      vertex 48.0072 21.7649 6.58
      vertex -48.007 21.75 6.58
      vertex 48.0032 21.75 6.58
    endloop
  endfacet
  facet normal -0 0 1
    outer loop
      vertex -48.0699 21.9526 6.58
      vertex 48.0072 21.7649 6.58
      vertex 48.1407 22.1375 6.58
    endloop
  endfacet
  facet normal -0 0 1
    outer loop
      vertex -48.2194 22.3191 6.58
      vertex 48.1407 22.1375 6.58
      vertex 48.3059 22.4972 6.58
    endloop
  endfacet
  facet normal -0 0 1
    outer loop
      vertex -48.3999 22.6714 6.58
      vertex 48.3059 22.4972 6.58
      vertex 48.5013 22.8414 6.58
    endloop
  endfacet
  facet normal -0 0 1
    outer loop
      vertex -48.61 23.0068 6.58
      vertex 48.5013 22.8414 6.58
      vertex 48.7256 23.1675 6.58
    endloop
  endfacet
  facet normal -0 0 1
    outer loop
      vertex -48.8481 23.323 6.58
      vertex 48.7256 23.1675 6.58
      vertex 48.9771 23.4731 6.58
    endloop
  endfacet
  facet normal -0 0 1
    outer loop
      vertex -49.1125 23.6175 6.58
      vertex 48.9771 23.4731 6.58
      vertex 49.2481 23.75 6.58
    endloop
  endfacet
  facet normal 0 0 1
    outer loop
      vertex 48.0072 21.7649 6.58
      vertex -48.0699 21.9526 6.58
      vertex -48.007 21.75 6.58
    endloop
  endfacet
  facet normal 0 0 1
    outer loop
      vertex 48.1407 22.1375 6.58
      vertex -48.2194 22.3191 6.58
      vertex -48.0699 21.9526 6.58
    endloop
  endfacet
  facet normal 0 0 1
    outer loop
      vertex 48.3059 22.4972 6.58
      vertex -48.3999 22.6714 6.58
      vertex -48.2194 22.3191 6.58
    endloop
  endfacet
  facet normal 0 0 1
    outer loop
      vertex 48.5013 22.8414 6.58
      vertex -48.61 23.0068 6.58
      vertex -48.3999 22.6714 6.58
    endloop
  endfacet
  facet normal 0 0 1
    outer loop
      vertex 48.7256 23.1675 6.58
      vertex -48.8481 23.323 6.58
      vertex -48.61 23.0068 6.58
    endloop
  endfacet
  facet normal 0 0 1
    outer loop
      vertex 48.9771 23.4731 6.58
      vertex -49.1125 23.6175 6.58
      vertex -48.8481 23.323 6.58
    endloop
  endfacet
  facet normal 0 -0 1
    outer loop
      vertex -49.1125 23.6175 6.58
      vertex 49.2481 23.75 6.58
      vertex -49.2538 23.75 6.58
    endloop
  endfacet
  facet normal -0 0 1
    outer loop
      vertex 55.6875 17.1825 6.58
      vertex 55.75 -17.2521 6.58
      vertex 55.75 17.2521 6.58
    endloop
  endfacet
  facet normal 0 0 1
    outer loop
      vertex 55.6875 17.1825 6.58
      vertex 55.6875 -17.1825 6.58
      vertex 55.75 -17.2521 6.58
    endloop
  endfacet
  facet normal -0 0 1
    outer loop
      vertex 55.3987 16.9118 6.58
      vertex 55.6875 -17.1825 6.58
      vertex 55.6875 17.1825 6.58
    endloop
  endfacet
  facet normal 0 0 1
    outer loop
      vertex 55.3987 16.9118 6.58
      vertex 55.3987 -16.9118 6.58
      vertex 55.6875 -17.1825 6.58
    endloop
  endfacet
  facet normal -0 0 1
    outer loop
      vertex 55.0878 16.6669 6.58
      vertex 55.3987 -16.9118 6.58
      vertex 55.3987 16.9118 6.58
    endloop
  endfacet
  facet normal 0 0 1
    outer loop
      vertex 55.0878 16.6669 6.58
      vertex 55.0878 -16.6669 6.58
      vertex 55.3987 -16.9118 6.58
    endloop
  endfacet
  facet normal -0 0 1
    outer loop
      vertex 54.7569 16.4497 6.58
      vertex 55.0878 -16.6669 6.58
      vertex 55.0878 16.6669 6.58
    endloop
  endfacet
  facet normal 0 0 1
    outer loop
      vertex 54.7569 16.4497 6.58
      vertex 54.7569 -16.4497 6.58
      vertex 55.0878 -16.6669 6.58
    endloop
  endfacet
  facet normal -0 0 1
    outer loop
      vertex 54.4086 16.2617 6.58
      vertex 54.7569 -16.4497 6.58
      vertex 54.7569 16.4497 6.58
    endloop
  endfacet
  facet normal 0 0 1
    outer loop
      vertex 54.4086 16.2617 6.58
      vertex 54.4086 -16.2617 6.58
      vertex 54.7569 -16.4497 6.58
    endloop
  endfacet
  facet normal -0 0 1
    outer loop
      vertex 54.0454 16.1043 6.58
      vertex 54.4086 -16.2617 6.58
      vertex 54.4086 16.2617 6.58
    endloop
  endfacet
  facet normal 0 0 1
    outer loop
      vertex 54.0454 16.1043 6.58
      vertex 54.0454 -16.1043 6.58
      vertex 54.4086 -16.2617 6.58
    endloop
  endfacet
  facet normal -0 0 1
    outer loop
      vertex 53.75 16.0055 6.58
      vertex 54.0454 -16.1043 6.58
      vertex 54.0454 16.1043 6.58
    endloop
  endfacet
  facet normal 0 0 1
    outer loop
      vertex 54.0454 -16.1043 6.58
      vertex 53.75 16.0055 6.58
      vertex 53.75 -16.0055 6.58
    endloop
  endfacet
  facet normal -1 0 0
    outer loop
      vertex -55.75 -17.2524 2.6
      vertex -55.75 17.2524 6.58
      vertex -55.75 17.2524 2.6
    endloop
  endfacet
  facet normal -1 -0 0
    outer loop
      vertex -55.75 17.2524 6.58
      vertex -55.75 -17.2524 2.6
      vertex -55.75 -17.2524 6.58
    endloop
  endfacet
  facet normal 0 -1 0
    outer loop
      vertex -49.2538 -23.75 2.6
      vertex 49.2481 -23.75 6.58
      vertex -49.2538 -23.75 6.58
    endloop
  endfacet
  facet normal 0 -1 -0
    outer loop
      vertex 49.2481 -23.75 6.58
      vertex -49.2538 -23.75 2.6
      vertex 49.2481 -23.75 2.6
    endloop
  endfacet
  facet normal 0 1 -0
    outer loop
      vertex 49.2481 23.75 2.6
      vertex -49.2538 23.75 6.58
      vertex 49.2481 23.75 6.58
    endloop
  endfacet
  facet normal 0 1 0
    outer loop
      vertex -49.2538 23.75 6.58
      vertex 49.2481 23.75 2.6
      vertex -49.2538 23.75 2.6
    endloop
  endfacet
  facet normal 1 -0 0
    outer loop
      vertex 55.75 -17.2521 6.58
      vertex 55.75 17.2521 2.6
      vertex 55.75 17.2521 6.58
    endloop
  endfacet
  facet normal 1 0 0
    outer loop
      vertex 55.75 17.2521 2.6
      vertex 55.75 -17.2521 6.58
      vertex 55.75 -17.2521 2.6
    endloop
  endfacet
  facet normal -0.847458 -0.530862 0
    outer loop
      vertex -48.3999 -18.1286 2.58
      vertex -48.61 -17.7932 2.6
      vertex -48.61 -17.7932 2.58
    endloop
  endfacet
  facet normal -0.847458 -0.530862 0
    outer loop
      vertex -48.61 -17.7932 2.6
      vertex -48.3999 -18.1286 2.58
      vertex -48.3999 -18.1286 2.6
    endloop
  endfacet
  facet normal -0.397636 -0.917543 0
    outer loop
      vertex -50.7546 -16.1043 2.58
      vertex -50.3914 -16.2617 2.6
      vertex -50.7546 -16.1043 2.6
    endloop
  endfacet
  facet normal -0.397636 -0.917543 -0
    outer loop
      vertex -50.3914 -16.2617 2.6
      vertex -50.7546 -16.1043 2.58
      vertex -50.3914 -16.2617 2.58
    endloop
  endfacet
  facet normal -0.474989 0.879992 0
    outer loop
      vertex -50.0431 -24.3503 2.58
      vertex -50.3914 -24.5383 2.6
      vertex -50.0431 -24.3503 2.6
    endloop
  endfacet
  facet normal -0.474989 0.879992 0
    outer loop
      vertex -50.3914 -24.5383 2.6
      vertex -50.0431 -24.3503 2.58
      vertex -50.3914 -24.5383 2.58
    endloop
  endfacet
  facet normal 0.651914 -0.758293 0
    outer loop
      vertex -55.546 -17.044 2.58
      vertex -55.2459 -16.786 6.58
      vertex -55.546 -17.044 6.58
    endloop
  endfacet
  facet normal 0.651914 -0.758293 0
    outer loop
      vertex -55.2459 -16.786 6.58
      vertex -55.546 -17.044 2.58
      vertex -55.2459 -16.786 2.58
    endloop
  endfacet
  facet normal -0.317061 0.948405 0
    outer loop
      vertex -50.7546 -24.6957 2.58
      vertex -51.13 -24.8212 2.6
      vertex -50.7546 -24.6957 2.6
    endloop
  endfacet
  facet normal -0.317061 0.948405 0
    outer loop
      vertex -51.13 -24.8212 2.6
      vertex -50.7546 -24.6957 2.58
      vertex -51.13 -24.8212 2.58
    endloop
  endfacet
  facet normal -0.991664 -0.128853 0
    outer loop
      vertex -47.817 -20.0046 2.58
      vertex -47.868 -19.6121 2.6
      vertex -47.868 -19.6121 2.58
    endloop
  endfacet
  facet normal -0.991664 -0.128853 0
    outer loop
      vertex -47.868 -19.6121 2.6
      vertex -47.817 -20.0046 2.58
      vertex -47.817 -20.0046 2.6
    endloop
  endfacet
  facet normal -0.798846 -0.601535 0
    outer loop
      vertex -48.61 -17.7932 2.58
      vertex -48.8481 -17.477 2.6
      vertex -48.8481 -17.477 2.58
    endloop
  endfacet
  facet normal -0.798846 -0.601535 0
    outer loop
      vertex -48.8481 -17.477 2.6
      vertex -48.61 -17.7932 2.58
      vertex -48.61 -17.7932 2.6
    endloop
  endfacet
  facet normal -0.683874 -0.7296 0
    outer loop
      vertex -49.4013 -16.9118 2.58
      vertex -49.1125 -17.1825 2.6
      vertex -49.4013 -16.9118 2.6
    endloop
  endfacet
  facet normal -0.683874 -0.7296 -0
    outer loop
      vertex -49.1125 -17.1825 2.6
      vertex -49.4013 -16.9118 2.58
      vertex -49.1125 -17.1825 2.58
    endloop
  endfacet
  facet normal -0.74411 -0.668057 0
    outer loop
      vertex -48.8481 -17.477 2.58
      vertex -49.1125 -17.1825 2.6
      vertex -49.1125 -17.1825 2.58
    endloop
  endfacet
  facet normal -0.74411 -0.668057 0
    outer loop
      vertex -49.1125 -17.1825 2.6
      vertex -48.8481 -17.477 2.58
      vertex -48.8481 -17.477 2.6
    endloop
  endfacet
  facet normal 0.021476 -0.999769 0
    outer loop
      vertex -52.6967 -15.8096 2.58
      vertex -52.301 -15.8011 2.6
      vertex -52.6967 -15.8096 2.6
    endloop
  endfacet
  facet normal 0.021476 -0.999769 0
    outer loop
      vertex -52.301 -15.8011 2.6
      vertex -52.6967 -15.8096 2.58
      vertex -52.301 -15.8011 2.58
    endloop
  endfacet
  facet normal -0.150082 -0.988674 0
    outer loop
      vertex -51.906 -15.8266 2.58
      vertex -51.5147 -15.886 2.6
      vertex -51.906 -15.8266 2.6
    endloop
  endfacet
  facet normal -0.150082 -0.988674 -0
    outer loop
      vertex -51.5147 -15.886 2.6
      vertex -51.906 -15.8266 2.58
      vertex -51.5147 -15.886 2.58
    endloop
  endfacet
  facet normal -0.317061 -0.948405 0
    outer loop
      vertex -51.13 -15.9788 2.58
      vertex -50.7546 -16.1043 2.6
      vertex -51.13 -15.9788 2.6
    endloop
  endfacet
  facet normal -0.317061 -0.948405 -0
    outer loop
      vertex -50.7546 -16.1043 2.6
      vertex -51.13 -15.9788 2.58
      vertex -50.7546 -16.1043 2.58
    endloop
  endfacet
  facet normal -0.0644229 -0.997923 0
    outer loop
      vertex -52.301 -15.8011 2.58
      vertex -51.906 -15.8266 2.6
      vertex -52.301 -15.8011 2.6
    endloop
  endfacet
  facet normal -0.0644229 -0.997923 -0
    outer loop
      vertex -51.906 -15.8266 2.6
      vertex -52.301 -15.8011 2.58
      vertex -51.906 -15.8266 2.58
    endloop
  endfacet
  facet normal -0.618792 -0.785555 0
    outer loop
      vertex -49.7122 -16.6669 2.58
      vertex -49.4013 -16.9118 2.6
      vertex -49.7122 -16.6669 2.6
    endloop
  endfacet
  facet normal -0.618792 -0.785555 -0
    outer loop
      vertex -49.4013 -16.9118 2.6
      vertex -49.7122 -16.6669 2.58
      vertex -49.4013 -16.9118 2.58
    endloop
  endfacet
  facet normal -0.474989 -0.879992 0
    outer loop
      vertex -50.3914 -16.2617 2.58
      vertex -50.0431 -16.4497 2.6
      vertex -50.3914 -16.2617 2.6
    endloop
  endfacet
  facet normal -0.474989 -0.879992 -0
    outer loop
      vertex -50.0431 -16.4497 2.6
      vertex -50.3914 -16.2617 2.58
      vertex -50.0431 -16.4497 2.58
    endloop
  endfacet
  facet normal -0.548739 -0.835994 0
    outer loop
      vertex -50.0431 -16.4497 2.58
      vertex -49.7122 -16.6669 2.6
      vertex -50.0431 -16.4497 2.6
    endloop
  endfacet
  facet normal -0.548739 -0.835994 -0
    outer loop
      vertex -49.7122 -16.6669 2.6
      vertex -50.0431 -16.4497 2.58
      vertex -49.7122 -16.6669 2.58
    endloop
  endfacet
  facet normal 1 -0 0
    outer loop
      vertex -56.9957 -20.5979 2.6
      vertex -56.9957 -20.2021 2.58
      vertex -56.9957 -20.2021 2.6
    endloop
  endfacet
  facet normal 1 0 0
    outer loop
      vertex -56.9957 -20.2021 2.58
      vertex -56.9957 -20.5979 2.6
      vertex -56.9957 -20.5979 2.58
    endloop
  endfacet
  facet normal 0.966832 -0.255413 0
    outer loop
      vertex -56.8939 -19.4178 2.6
      vertex -56.7928 -19.0351 2.58
      vertex -56.7928 -19.0351 2.6
    endloop
  endfacet
  facet normal 0.966832 -0.255413 0
    outer loop
      vertex -56.7928 -19.0351 2.58
      vertex -56.8939 -19.4178 2.6
      vertex -56.8939 -19.4178 2.58
    endloop
  endfacet
  facet normal 0.985223 -0.171277 0
    outer loop
      vertex -56.9617 -19.8078 2.6
      vertex -56.8939 -19.4178 2.58
      vertex -56.8939 -19.4178 2.6
    endloop
  endfacet
  facet normal 0.985223 -0.171277 0
    outer loop
      vertex -56.8939 -19.4178 2.58
      vertex -56.9617 -19.8078 2.6
      vertex -56.9617 -19.8078 2.58
    endloop
  endfacet
  facet normal 0.996303 -0.08591 0
    outer loop
      vertex -56.9957 -20.2021 2.6
      vertex -56.9617 -19.8078 2.58
      vertex -56.9617 -19.8078 2.6
    endloop
  endfacet
  facet normal 0.996303 -0.08591 0
    outer loop
      vertex -56.9617 -19.8078 2.58
      vertex -56.9957 -20.2021 2.6
      vertex -56.9957 -20.2021 2.58
    endloop
  endfacet
  facet normal 0.772142 -0.63545 0
    outer loop
      vertex -56.0744 -17.6325 2.6
      vertex -55.8229 -17.3269 2.58
      vertex -55.8229 -17.3269 2.6
    endloop
  endfacet
  facet normal 0.772142 -0.63545 0
    outer loop
      vertex -55.8229 -17.3269 2.58
      vertex -56.0744 -17.6325 2.6
      vertex -56.0744 -17.6325 2.58
    endloop
  endfacet
  facet normal 0.869639 -0.493688 0
    outer loop
      vertex -56.4941 -18.3028 2.6
      vertex -56.2987 -17.9586 2.58
      vertex -56.2987 -17.9586 2.6
    endloop
  endfacet
  facet normal 0.869639 -0.493688 0
    outer loop
      vertex -56.2987 -17.9586 2.58
      vertex -56.4941 -18.3028 2.6
      vertex -56.4941 -18.3028 2.58
    endloop
  endfacet
  facet normal 0.823917 -0.566711 0
    outer loop
      vertex -56.2987 -17.9586 2.6
      vertex -56.0744 -17.6325 2.58
      vertex -56.0744 -17.6325 2.6
    endloop
  endfacet
  facet normal 0.823917 -0.566711 0
    outer loop
      vertex -56.0744 -17.6325 2.58
      vertex -56.2987 -17.9586 2.6
      vertex -56.2987 -17.9586 2.58
    endloop
  endfacet
  facet normal 0.107354 -0.994221 0
    outer loop
      vertex -53.0903 -15.8521 2.58
      vertex -52.6967 -15.8096 2.6
      vertex -53.0903 -15.8521 2.6
    endloop
  endfacet
  facet normal 0.107354 -0.994221 0
    outer loop
      vertex -52.6967 -15.8096 2.6
      vertex -53.0903 -15.8521 2.58
      vertex -52.6967 -15.8096 2.58
    endloop
  endfacet
  facet normal 0.275768 -0.961224 0
    outer loop
      vertex -53.8591 -16.0375 6.58
      vertex -53.75 -16.0062 2.6
      vertex -53.75 -16.0062 6.58
    endloop
  endfacet
  facet normal 0.275768 -0.961224 0
    outer loop
      vertex -53.8591 -16.0375 2.58
      vertex -53.75 -16.0062 2.6
      vertex -53.8591 -16.0375 6.58
    endloop
  endfacet
  facet normal 0.275922 -0.96118 -0.000909634
    outer loop
      vertex -53.4787 -15.9283 2.58
      vertex -53.75 -16.0062 2.6
      vertex -53.8591 -16.0375 2.58
    endloop
  endfacet
  facet normal 0.275984 -0.961162 0
    outer loop
      vertex -53.75 -16.0062 2.6
      vertex -53.4787 -15.9283 2.58
      vertex -53.4787 -15.9283 2.6
    endloop
  endfacet
  facet normal 0.192519 -0.981293 0
    outer loop
      vertex -53.4787 -15.9283 2.58
      vertex -53.0903 -15.8521 2.6
      vertex -53.4787 -15.9283 2.6
    endloop
  endfacet
  facet normal 0.192519 -0.981293 0
    outer loop
      vertex -53.0903 -15.8521 2.6
      vertex -53.4787 -15.9283 2.58
      vertex -53.0903 -15.8521 2.58
    endloop
  endfacet
  facet normal 0.512376 -0.858761 0
    outer loop
      vertex -54.9247 -16.5547 2.58
      vertex -54.5848 -16.3519 6.58
      vertex -54.9247 -16.5547 6.58
    endloop
  endfacet
  facet normal 0.512376 -0.858761 0
    outer loop
      vertex -54.5848 -16.3519 6.58
      vertex -54.9247 -16.5547 2.58
      vertex -54.5848 -16.3519 2.58
    endloop
  endfacet
  facet normal 0.584365 -0.811491 0
    outer loop
      vertex -55.2459 -16.786 2.58
      vertex -54.9247 -16.5547 6.58
      vertex -55.2459 -16.786 6.58
    endloop
  endfacet
  facet normal 0.584365 -0.811491 0
    outer loop
      vertex -54.9247 -16.5547 6.58
      vertex -55.2459 -16.786 2.58
      vertex -54.9247 -16.5547 2.58
    endloop
  endfacet
  facet normal 0.71461 -0.699523 0
    outer loop
      vertex -55.75 -17.2524 2.6
      vertex -55.546 -17.044 6.58
      vertex -55.75 -17.2524 6.58
    endloop
  endfacet
  facet normal 0.71461 -0.699523 0
    outer loop
      vertex -55.546 -17.044 6.58
      vertex -55.75 -17.2524 2.6
      vertex -55.546 -17.044 2.58
    endloop
  endfacet
  facet normal 0.71474 -0.69939 0
    outer loop
      vertex -55.8229 -17.3269 2.58
      vertex -55.75 -17.2524 2.6
      vertex -55.8229 -17.3269 2.6
    endloop
  endfacet
  facet normal 0.714644 -0.699488 0.000712371
    outer loop
      vertex -55.75 -17.2524 2.6
      vertex -55.8229 -17.3269 2.58
      vertex -55.546 -17.044 2.58
    endloop
  endfacet
  facet normal -0.999077 -0.0429548 0
    outer loop
      vertex -47.8 -20.4 2.58
      vertex -47.817 -20.0046 2.6
      vertex -47.817 -20.0046 2.58
    endloop
  endfacet
  facet normal -0.999077 -0.0429548 0
    outer loop
      vertex -47.817 -20.0046 2.6
      vertex -47.8 -20.4 2.58
      vertex -47.8 -20.4 2.6
    endloop
  endfacet
  facet normal -0.999077 0.0429548 0
    outer loop
      vertex -47.817 -20.7954 2.58
      vertex -47.8 -20.4 2.6
      vertex -47.8 -20.4 2.58
    endloop
  endfacet
  facet normal -0.999077 0.0429548 0
    outer loop
      vertex -47.8 -20.4 2.6
      vertex -47.817 -20.7954 2.58
      vertex -47.817 -20.7954 2.6
    endloop
  endfacet
  facet normal 0.772142 0.63545 0
    outer loop
      vertex -55.8229 -23.4731 2.6
      vertex -56.0744 -23.1675 2.58
      vertex -56.0744 -23.1675 2.6
    endloop
  endfacet
  facet normal 0.772142 0.63545 0
    outer loop
      vertex -56.0744 -23.1675 2.58
      vertex -55.8229 -23.4731 2.6
      vertex -55.8229 -23.4731 2.58
    endloop
  endfacet
  facet normal 0.941398 0.337297 0
    outer loop
      vertex -56.6593 -22.1375 2.6
      vertex -56.7928 -21.7649 2.58
      vertex -56.7928 -21.7649 2.6
    endloop
  endfacet
  facet normal 0.941398 0.337297 0
    outer loop
      vertex -56.7928 -21.7649 2.58
      vertex -56.6593 -22.1375 2.6
      vertex -56.6593 -22.1375 2.58
    endloop
  endfacet
  facet normal -0.847458 0.530862 0
    outer loop
      vertex -48.61 -23.0068 2.58
      vertex -48.3999 -22.6714 6.58
      vertex -48.3999 -22.6714 2.58
    endloop
  endfacet
  facet normal -0.847458 0.530862 0
    outer loop
      vertex -48.3999 -22.6714 6.58
      vertex -48.61 -23.0068 2.58
      vertex -48.61 -23.0068 6.58
    endloop
  endfacet
  facet normal -0.955 -0.296606 0
    outer loop
      vertex -47.9525 -19.2254 2.58
      vertex -48.0699 -18.8474 2.6
      vertex -48.0699 -18.8474 2.58
    endloop
  endfacet
  facet normal -0.955 -0.296606 0
    outer loop
      vertex -48.0699 -18.8474 2.6
      vertex -47.9525 -19.2254 2.58
      vertex -47.9525 -19.2254 2.6
    endloop
  endfacet
  facet normal -0.976948 -0.213478 0
    outer loop
      vertex -47.868 -19.6121 2.58
      vertex -47.9525 -19.2254 2.6
      vertex -47.9525 -19.2254 2.58
    endloop
  endfacet
  facet normal -0.976948 -0.213478 0
    outer loop
      vertex -47.9525 -19.2254 2.6
      vertex -47.868 -19.6121 2.58
      vertex -47.868 -19.6121 2.6
    endloop
  endfacet
  facet normal -0.234501 -0.972116 0
    outer loop
      vertex -51.5147 -15.886 2.58
      vertex -51.13 -15.9788 2.6
      vertex -51.5147 -15.886 2.6
    endloop
  endfacet
  facet normal -0.234501 -0.972116 -0
    outer loop
      vertex -51.13 -15.9788 2.6
      vertex -51.5147 -15.886 2.58
      vertex -51.13 -15.9788 2.58
    endloop
  endfacet
  facet normal 0.941398 -0.337297 0
    outer loop
      vertex -56.7928 -19.0351 2.6
      vertex -56.6593 -18.6625 2.58
      vertex -56.6593 -18.6625 2.6
    endloop
  endfacet
  facet normal 0.941398 -0.337297 0
    outer loop
      vertex -56.6593 -18.6625 2.58
      vertex -56.7928 -19.0351 2.6
      vertex -56.7928 -19.0351 2.58
    endloop
  endfacet
  facet normal 0.436571 -0.89967 0
    outer loop
      vertex -54.5848 -16.3519 2.58
      vertex -54.2287 -16.1791 6.58
      vertex -54.5848 -16.3519 6.58
    endloop
  endfacet
  facet normal 0.436571 -0.89967 0
    outer loop
      vertex -54.2287 -16.1791 6.58
      vertex -54.5848 -16.3519 2.58
      vertex -54.2287 -16.1791 2.58
    endloop
  endfacet
  facet normal -0.991664 0.128853 0
    outer loop
      vertex -47.868 -21.1879 2.58
      vertex -47.817 -20.7954 2.6
      vertex -47.817 -20.7954 2.58
    endloop
  endfacet
  facet normal -0.991664 0.128853 0
    outer loop
      vertex -47.817 -20.7954 2.6
      vertex -47.868 -21.1879 2.58
      vertex -47.868 -21.1879 2.6
    endloop
  endfacet
  facet normal 0.651914 0.758293 -0
    outer loop
      vertex -55.2459 -24.014 2.58
      vertex -55.546 -23.756 2.6
      vertex -55.2459 -24.014 2.6
    endloop
  endfacet
  facet normal 0.651914 0.758293 0
    outer loop
      vertex -55.546 -23.756 2.6
      vertex -55.2459 -24.014 2.58
      vertex -55.546 -23.756 2.58
    endloop
  endfacet
  facet normal -0.0644229 0.997923 0
    outer loop
      vertex -51.906 -24.9734 2.58
      vertex -52.301 -24.9989 2.6
      vertex -51.906 -24.9734 2.6
    endloop
  endfacet
  facet normal -0.0644229 0.997923 0
    outer loop
      vertex -52.301 -24.9989 2.6
      vertex -51.906 -24.9734 2.58
      vertex -52.301 -24.9989 2.58
    endloop
  endfacet
  facet normal 0.966832 0.255413 0
    outer loop
      vertex -56.7928 -21.7649 2.6
      vertex -56.8939 -21.3822 2.58
      vertex -56.8939 -21.3822 2.6
    endloop
  endfacet
  facet normal 0.966832 0.255413 0
    outer loop
      vertex -56.8939 -21.3822 2.58
      vertex -56.7928 -21.7649 2.6
      vertex -56.7928 -21.7649 2.58
    endloop
  endfacet
  facet normal 0.908742 0.417359 0
    outer loop
      vertex -56.4941 -22.4972 2.6
      vertex -56.6593 -22.1375 2.58
      vertex -56.6593 -22.1375 2.6
    endloop
  endfacet
  facet normal 0.908742 0.417359 0
    outer loop
      vertex -56.6593 -22.1375 2.58
      vertex -56.4941 -22.4972 2.6
      vertex -56.4941 -22.4972 2.58
    endloop
  endfacet
  facet normal 0.714645 0.699488 0
    outer loop
      vertex -55.546 -23.756 2.6
      vertex -55.8229 -23.4731 2.58
      vertex -55.8229 -23.4731 2.6
    endloop
  endfacet
  facet normal 0.714645 0.699488 0
    outer loop
      vertex -55.8229 -23.4731 2.58
      vertex -55.546 -23.756 2.6
      vertex -55.546 -23.756 2.58
    endloop
  endfacet
  facet normal 0.869639 0.493688 0
    outer loop
      vertex -56.2987 -22.8414 2.6
      vertex -56.4941 -22.4972 2.58
      vertex -56.4941 -22.4972 2.6
    endloop
  endfacet
  facet normal 0.869639 0.493688 0
    outer loop
      vertex -56.4941 -22.4972 2.58
      vertex -56.2987 -22.8414 2.6
      vertex -56.2987 -22.8414 2.58
    endloop
  endfacet
  facet normal -0.976948 0.213478 0
    outer loop
      vertex -47.9525 -21.5746 2.58
      vertex -47.868 -21.1879 2.6
      vertex -47.868 -21.1879 2.58
    endloop
  endfacet
  facet normal -0.976948 0.213478 0
    outer loop
      vertex -47.868 -21.1879 2.6
      vertex -47.9525 -21.5746 2.58
      vertex -47.9525 -21.5746 2.6
    endloop
  endfacet
  facet normal -0.954963 0.296725 0
    outer loop
      vertex -47.9525 -21.5746 2.58
      vertex -48.007 -21.75 2.6
      vertex -47.9525 -21.5746 2.6
    endloop
  endfacet
  facet normal -0.954999 0.296606 -0.00114196
    outer loop
      vertex -48.0699 -21.9526 2.58
      vertex -48.007 -21.75 2.6
      vertex -47.9525 -21.5746 2.58
    endloop
  endfacet
  facet normal -0.955032 0.296503 0
    outer loop
      vertex -48.0699 -21.9526 6.58
      vertex -48.007 -21.75 2.6
      vertex -48.0699 -21.9526 2.58
    endloop
  endfacet
  facet normal -0.955032 0.296503 0
    outer loop
      vertex -48.007 -21.75 2.6
      vertex -48.0699 -21.9526 6.58
      vertex -48.007 -21.75 6.58
    endloop
  endfacet
  facet normal -0.889988 0.455983 0
    outer loop
      vertex -48.3999 -22.6714 2.58
      vertex -48.2194 -22.3191 6.58
      vertex -48.2194 -22.3191 2.58
    endloop
  endfacet
  facet normal -0.889988 0.455983 0
    outer loop
      vertex -48.2194 -22.3191 6.58
      vertex -48.3999 -22.6714 2.58
      vertex -48.3999 -22.6714 6.58
    endloop
  endfacet
  facet normal -0.798846 0.601535 0
    outer loop
      vertex -48.8481 -23.323 2.58
      vertex -48.61 -23.0068 6.58
      vertex -48.61 -23.0068 2.58
    endloop
  endfacet
  facet normal -0.798846 0.601535 0
    outer loop
      vertex -48.61 -23.0068 6.58
      vertex -48.8481 -23.323 2.58
      vertex -48.8481 -23.323 6.58
    endloop
  endfacet
  facet normal -0.397636 0.917543 0
    outer loop
      vertex -50.3914 -24.5383 2.58
      vertex -50.7546 -24.6957 2.6
      vertex -50.3914 -24.5383 2.6
    endloop
  endfacet
  facet normal -0.397636 0.917543 0
    outer loop
      vertex -50.7546 -24.6957 2.6
      vertex -50.3914 -24.5383 2.58
      vertex -50.7546 -24.6957 2.58
    endloop
  endfacet
  facet normal -0.889988 -0.455983 0
    outer loop
      vertex -48.2194 -18.4809 2.58
      vertex -48.3999 -18.1286 2.6
      vertex -48.3999 -18.1286 2.58
    endloop
  endfacet
  facet normal -0.889988 -0.455983 0
    outer loop
      vertex -48.3999 -18.1286 2.6
      vertex -48.2194 -18.4809 2.58
      vertex -48.2194 -18.4809 2.6
    endloop
  endfacet
  facet normal -0.925929 -0.377698 0
    outer loop
      vertex -48.0699 -18.8474 2.58
      vertex -48.2194 -18.4809 2.6
      vertex -48.2194 -18.4809 2.58
    endloop
  endfacet
  facet normal -0.925929 -0.377698 0
    outer loop
      vertex -48.2194 -18.4809 2.6
      vertex -48.0699 -18.8474 2.58
      vertex -48.0699 -18.8474 2.6
    endloop
  endfacet
  facet normal 0.908742 -0.417359 0
    outer loop
      vertex -56.6593 -18.6625 2.6
      vertex -56.4941 -18.3028 2.58
      vertex -56.4941 -18.3028 2.6
    endloop
  endfacet
  facet normal 0.908742 -0.417359 0
    outer loop
      vertex -56.4941 -18.3028 2.58
      vertex -56.6593 -18.6625 2.6
      vertex -56.6593 -18.6625 2.58
    endloop
  endfacet
  facet normal 0.35776 -0.933814 0
    outer loop
      vertex -54.2287 -16.1791 2.58
      vertex -53.8591 -16.0375 6.58
      vertex -54.2287 -16.1791 6.58
    endloop
  endfacet
  facet normal 0.35776 -0.933814 0
    outer loop
      vertex -53.8591 -16.0375 6.58
      vertex -54.2287 -16.1791 2.58
      vertex -53.8591 -16.0375 2.58
    endloop
  endfacet
  facet normal 0.275922 0.96118 -0
    outer loop
      vertex -53.4787 -24.8717 2.58
      vertex -53.8591 -24.7625 2.6
      vertex -53.4787 -24.8717 2.6
    endloop
  endfacet
  facet normal 0.275922 0.96118 0
    outer loop
      vertex -53.8591 -24.7625 2.6
      vertex -53.4787 -24.8717 2.58
      vertex -53.8591 -24.7625 2.58
    endloop
  endfacet
  facet normal 0 0 1
    outer loop
      vertex -50.75 -20.4 2.58
      vertex -47.8 -20.4 2.58
      vertex -47.817 -20.0046 2.58
    endloop
  endfacet
  facet normal 0 0 1
    outer loop
      vertex -50.7979 -20.0051 2.58
      vertex -47.817 -20.0046 2.58
      vertex -47.868 -19.6121 2.58
    endloop
  endfacet
  facet normal 0 0 1
    outer loop
      vertex -47.8 -20.4 2.58
      vertex -50.75 -20.4 2.58
      vertex -47.817 -20.7954 2.58
    endloop
  endfacet
  facet normal 0 0 1
    outer loop
      vertex -50.7979 -20.0051 2.58
      vertex -47.868 -19.6121 2.58
      vertex -47.9525 -19.2254 2.58
    endloop
  endfacet
  facet normal -0 0 1
    outer loop
      vertex -50.7979 -20.7949 2.58
      vertex -47.817 -20.7954 2.58
      vertex -50.75 -20.4 2.58
    endloop
  endfacet
  facet normal 0 0 1
    outer loop
      vertex -50.7979 -20.0051 2.58
      vertex -47.9525 -19.2254 2.58
      vertex -48.0699 -18.8474 2.58
    endloop
  endfacet
  facet normal 0 0 1
    outer loop
      vertex -47.817 -20.7954 2.58
      vertex -50.7979 -20.7949 2.58
      vertex -47.868 -21.1879 2.58
    endloop
  endfacet
  facet normal 0 0 1
    outer loop
      vertex -50.939 -19.6332 2.58
      vertex -48.0699 -18.8474 2.58
      vertex -48.2194 -18.4809 2.58
    endloop
  endfacet
  facet normal 0 0 1
    outer loop
      vertex -47.868 -21.1879 2.58
      vertex -50.7979 -20.7949 2.58
      vertex -47.9525 -21.5746 2.58
    endloop
  endfacet
  facet normal 0 0 1
    outer loop
      vertex -50.939 -19.6332 2.58
      vertex -48.2194 -18.4809 2.58
      vertex -48.3999 -18.1286 2.58
    endloop
  endfacet
  facet normal 0 0 1
    outer loop
      vertex -47.9525 -21.5746 2.58
      vertex -50.7979 -20.7949 2.58
      vertex -48.0699 -21.9526 2.58
    endloop
  endfacet
  facet normal 0 0 1
    outer loop
      vertex -50.939 -19.6332 2.58
      vertex -48.3999 -18.1286 2.58
      vertex -48.61 -17.7932 2.58
    endloop
  endfacet
  facet normal -0 0 1
    outer loop
      vertex -50.939 -21.1668 2.58
      vertex -48.0699 -21.9526 2.58
      vertex -50.7979 -20.7949 2.58
    endloop
  endfacet
  facet normal 0 0 1
    outer loop
      vertex -51.165 -19.3058 2.58
      vertex -48.61 -17.7932 2.58
      vertex -48.8481 -17.477 2.58
    endloop
  endfacet
  facet normal 0 0 1
    outer loop
      vertex -48.0699 -21.9526 2.58
      vertex -50.939 -21.1668 2.58
      vertex -48.2194 -22.3191 2.58
    endloop
  endfacet
  facet normal 0 0 1
    outer loop
      vertex -51.165 -19.3058 2.58
      vertex -48.8481 -17.477 2.58
      vertex -49.1125 -17.1825 2.58
    endloop
  endfacet
  facet normal 0 0 1
    outer loop
      vertex -48.2194 -22.3191 2.58
      vertex -50.939 -21.1668 2.58
      vertex -48.3999 -22.6714 2.58
    endloop
  endfacet
  facet normal 0 0 1
    outer loop
      vertex -51.165 -19.3058 2.58
      vertex -49.1125 -17.1825 2.58
      vertex -49.4013 -16.9118 2.58
    endloop
  endfacet
  facet normal 0 0 1
    outer loop
      vertex -48.3999 -22.6714 2.58
      vertex -50.939 -21.1668 2.58
      vertex -48.61 -23.0068 2.58
    endloop
  endfacet
  facet normal 0 0 1
    outer loop
      vertex -51.4627 -19.0421 2.58
      vertex -49.4013 -16.9118 2.58
      vertex -49.7122 -16.6669 2.58
    endloop
  endfacet
  facet normal -0 0 1
    outer loop
      vertex -51.165 -21.4942 2.58
      vertex -48.61 -23.0068 2.58
      vertex -50.939 -21.1668 2.58
    endloop
  endfacet
  facet normal 0 0 1
    outer loop
      vertex -51.4627 -19.0421 2.58
      vertex -49.7122 -16.6669 2.58
      vertex -50.0431 -16.4497 2.58
    endloop
  endfacet
  facet normal 0 0 1
    outer loop
      vertex -48.61 -23.0068 2.58
      vertex -51.165 -21.4942 2.58
      vertex -48.8481 -23.323 2.58
    endloop
  endfacet
  facet normal 0 0 1
    outer loop
      vertex -51.4627 -19.0421 2.58
      vertex -50.0431 -16.4497 2.58
      vertex -50.3914 -16.2617 2.58
    endloop
  endfacet
  facet normal 0 0 1
    outer loop
      vertex -48.8481 -23.323 2.58
      vertex -51.165 -21.4942 2.58
      vertex -49.1125 -23.6175 2.58
    endloop
  endfacet
  facet normal 0 0 1
    outer loop
      vertex -49.1125 -23.6175 2.58
      vertex -51.165 -21.4942 2.58
      vertex -49.4013 -23.8882 2.58
    endloop
  endfacet
  facet normal 0 0 1
    outer loop
      vertex -51.8149 -18.8572 2.58
      vertex -50.3914 -16.2617 2.58
      vertex -50.7546 -16.1043 2.58
    endloop
  endfacet
  facet normal 0 0 1
    outer loop
      vertex -47.817 -20.0046 2.58
      vertex -50.7979 -20.0051 2.58
      vertex -50.75 -20.4 2.58
    endloop
  endfacet
  facet normal 0 0 1
    outer loop
      vertex -48.0699 -18.8474 2.58
      vertex -50.939 -19.6332 2.58
      vertex -50.7979 -20.0051 2.58
    endloop
  endfacet
  facet normal 0 0 1
    outer loop
      vertex -51.8149 -18.8572 2.58
      vertex -50.7546 -16.1043 2.58
      vertex -51.13 -15.9788 2.58
    endloop
  endfacet
  facet normal 0 0 1
    outer loop
      vertex -48.61 -17.7932 2.58
      vertex -51.165 -19.3058 2.58
      vertex -50.939 -19.6332 2.58
    endloop
  endfacet
  facet normal 0 0 1
    outer loop
      vertex -49.4013 -16.9118 2.58
      vertex -51.4627 -19.0421 2.58
      vertex -51.165 -19.3058 2.58
    endloop
  endfacet
  facet normal 0 0 1
    outer loop
      vertex -52.2011 -18.762 2.58
      vertex -51.13 -15.9788 2.58
      vertex -51.5147 -15.886 2.58
    endloop
  endfacet
  facet normal 0 0 1
    outer loop
      vertex -50.3914 -16.2617 2.58
      vertex -51.8149 -18.8572 2.58
      vertex -51.4627 -19.0421 2.58
    endloop
  endfacet
  facet normal 0 0 1
    outer loop
      vertex -52.2011 -18.762 2.58
      vertex -51.5147 -15.886 2.58
      vertex -51.906 -15.8266 2.58
    endloop
  endfacet
  facet normal 0 0 1
    outer loop
      vertex -51.13 -15.9788 2.58
      vertex -52.2011 -18.762 2.58
      vertex -51.8149 -18.8572 2.58
    endloop
  endfacet
  facet normal 0 0 1
    outer loop
      vertex -52.301 -15.8011 2.58
      vertex -52.2011 -18.762 2.58
      vertex -51.906 -15.8266 2.58
    endloop
  endfacet
  facet normal 0 0 1
    outer loop
      vertex -52.301 -15.8011 2.58
      vertex -52.5989 -18.762 2.58
      vertex -52.2011 -18.762 2.58
    endloop
  endfacet
  facet normal -0 0 1
    outer loop
      vertex -52.6967 -15.8096 2.58
      vertex -52.5989 -18.762 2.58
      vertex -52.301 -15.8011 2.58
    endloop
  endfacet
  facet normal -0 0 1
    outer loop
      vertex -53.0903 -15.8521 2.58
      vertex -52.5989 -18.762 2.58
      vertex -52.6967 -15.8096 2.58
    endloop
  endfacet
  facet normal -0 0 1
    outer loop
      vertex -53.4787 -15.9283 2.58
      vertex -52.5989 -18.762 2.58
      vertex -53.0903 -15.8521 2.58
    endloop
  endfacet
  facet normal 0 0 1
    outer loop
      vertex -52.5989 -18.762 2.58
      vertex -53.4787 -15.9283 2.58
      vertex -52.9851 -18.8572 2.58
    endloop
  endfacet
  facet normal -0 0 1
    outer loop
      vertex -53.8591 -16.0375 2.58
      vertex -52.9851 -18.8572 2.58
      vertex -53.4787 -15.9283 2.58
    endloop
  endfacet
  facet normal -0 0 1
    outer loop
      vertex -54.2287 -16.1791 2.58
      vertex -52.9851 -18.8572 2.58
      vertex -53.8591 -16.0375 2.58
    endloop
  endfacet
  facet normal -0 0 1
    outer loop
      vertex -54.5848 -16.3519 2.58
      vertex -52.9851 -18.8572 2.58
      vertex -54.2287 -16.1791 2.58
    endloop
  endfacet
  facet normal 0 0 1
    outer loop
      vertex -52.9851 -18.8572 2.58
      vertex -54.5848 -16.3519 2.58
      vertex -53.3373 -19.0421 2.58
    endloop
  endfacet
  facet normal -0 0 1
    outer loop
      vertex -54.9247 -16.5547 2.58
      vertex -53.3373 -19.0421 2.58
      vertex -54.5848 -16.3519 2.58
    endloop
  endfacet
  facet normal -0 0 1
    outer loop
      vertex -55.2459 -16.786 2.58
      vertex -53.3373 -19.0421 2.58
      vertex -54.9247 -16.5547 2.58
    endloop
  endfacet
  facet normal -0 0 1
    outer loop
      vertex -55.546 -17.044 2.58
      vertex -53.3373 -19.0421 2.58
      vertex -55.2459 -16.786 2.58
    endloop
  endfacet
  facet normal -0 0 1
    outer loop
      vertex -51.4627 -21.7579 2.58
      vertex -49.4013 -23.8882 2.58
      vertex -51.165 -21.4942 2.58
    endloop
  endfacet
  facet normal 0 0 1
    outer loop
      vertex -49.4013 -23.8882 2.58
      vertex -51.4627 -21.7579 2.58
      vertex -49.7122 -24.1331 2.58
    endloop
  endfacet
  facet normal 0 0 1
    outer loop
      vertex -49.7122 -24.1331 2.58
      vertex -51.4627 -21.7579 2.58
      vertex -50.0431 -24.3503 2.58
    endloop
  endfacet
  facet normal 0 0 1
    outer loop
      vertex -50.0431 -24.3503 2.58
      vertex -51.4627 -21.7579 2.58
      vertex -50.3914 -24.5383 2.58
    endloop
  endfacet
  facet normal -0 0 1
    outer loop
      vertex -51.8149 -21.9428 2.58
      vertex -50.3914 -24.5383 2.58
      vertex -51.4627 -21.7579 2.58
    endloop
  endfacet
  facet normal 0 0 1
    outer loop
      vertex -50.3914 -24.5383 2.58
      vertex -51.8149 -21.9428 2.58
      vertex -50.7546 -24.6957 2.58
    endloop
  endfacet
  facet normal 0 0 1
    outer loop
      vertex -50.7546 -24.6957 2.58
      vertex -51.8149 -21.9428 2.58
      vertex -51.13 -24.8212 2.58
    endloop
  endfacet
  facet normal -0 0 1
    outer loop
      vertex -52.2011 -22.038 2.58
      vertex -51.13 -24.8212 2.58
      vertex -51.8149 -21.9428 2.58
    endloop
  endfacet
  facet normal 0 0 1
    outer loop
      vertex -51.13 -24.8212 2.58
      vertex -52.2011 -22.038 2.58
      vertex -51.5147 -24.914 2.58
    endloop
  endfacet
  facet normal 0 0 1
    outer loop
      vertex -51.5147 -24.914 2.58
      vertex -52.2011 -22.038 2.58
      vertex -51.906 -24.9734 2.58
    endloop
  endfacet
  facet normal 0 0 1
    outer loop
      vertex -52.2011 -22.038 2.58
      vertex -52.301 -24.9989 2.58
      vertex -51.906 -24.9734 2.58
    endloop
  endfacet
  facet normal -0 0 1
    outer loop
      vertex -52.5989 -22.038 2.58
      vertex -52.301 -24.9989 2.58
      vertex -52.2011 -22.038 2.58
    endloop
  endfacet
  facet normal 0 0 1
    outer loop
      vertex -52.5989 -22.038 2.58
      vertex -52.6967 -24.9904 2.58
      vertex -52.301 -24.9989 2.58
    endloop
  endfacet
  facet normal 0 0 1
    outer loop
      vertex -53.4787 -24.8717 2.58
      vertex -52.5989 -22.038 2.58
      vertex -52.9851 -21.9428 2.58
    endloop
  endfacet
  facet normal 0 0 1
    outer loop
      vertex -52.5989 -22.038 2.58
      vertex -53.0903 -24.9479 2.58
      vertex -52.6967 -24.9904 2.58
    endloop
  endfacet
  facet normal 0 0 1
    outer loop
      vertex -54.5848 -24.4481 2.58
      vertex -52.9851 -21.9428 2.58
      vertex -53.3373 -21.7579 2.58
    endloop
  endfacet
  facet normal 0 0 1
    outer loop
      vertex -52.5989 -22.038 2.58
      vertex -53.4787 -24.8717 2.58
      vertex -53.0903 -24.9479 2.58
    endloop
  endfacet
  facet normal 0 0 1
    outer loop
      vertex -55.546 -23.756 2.58
      vertex -53.3373 -21.7579 2.58
      vertex -53.635 -21.4942 2.58
    endloop
  endfacet
  facet normal 0 0 1
    outer loop
      vertex -52.9851 -21.9428 2.58
      vertex -53.8591 -24.7625 2.58
      vertex -53.4787 -24.8717 2.58
    endloop
  endfacet
  facet normal 0 0 1
    outer loop
      vertex -56.0744 -23.1675 2.58
      vertex -53.635 -21.4942 2.58
      vertex -53.861 -21.1668 2.58
    endloop
  endfacet
  facet normal 0 0 1
    outer loop
      vertex -56.6593 -22.1375 2.58
      vertex -53.861 -21.1668 2.58
      vertex -54.0021 -20.7949 2.58
    endloop
  endfacet
  facet normal 0 0 1
    outer loop
      vertex -56.9617 -20.9922 2.58
      vertex -54.0021 -20.7949 2.58
      vertex -54.05 -20.4 2.58
    endloop
  endfacet
  facet normal 0 0 1
    outer loop
      vertex -52.9851 -21.9428 2.58
      vertex -54.2287 -24.6209 2.58
      vertex -53.8591 -24.7625 2.58
    endloop
  endfacet
  facet normal 0 0 1
    outer loop
      vertex -53.3373 -19.0421 2.58
      vertex -55.546 -17.044 2.58
      vertex -53.635 -19.3058 2.58
    endloop
  endfacet
  facet normal -0 0 1
    outer loop
      vertex -55.8229 -17.3269 2.58
      vertex -53.635 -19.3058 2.58
      vertex -55.546 -17.044 2.58
    endloop
  endfacet
  facet normal 0 0 1
    outer loop
      vertex -52.9851 -21.9428 2.58
      vertex -54.5848 -24.4481 2.58
      vertex -54.2287 -24.6209 2.58
    endloop
  endfacet
  facet normal -0 0 1
    outer loop
      vertex -56.0744 -17.6325 2.58
      vertex -53.635 -19.3058 2.58
      vertex -55.8229 -17.3269 2.58
    endloop
  endfacet
  facet normal 0 0 1
    outer loop
      vertex -53.3373 -21.7579 2.58
      vertex -54.9247 -24.2453 2.58
      vertex -54.5848 -24.4481 2.58
    endloop
  endfacet
  facet normal 0 0 1
    outer loop
      vertex -53.635 -19.3058 2.58
      vertex -56.0744 -17.6325 2.58
      vertex -53.861 -19.6332 2.58
    endloop
  endfacet
  facet normal 0 0 1
    outer loop
      vertex -53.3373 -21.7579 2.58
      vertex -55.2459 -24.014 2.58
      vertex -54.9247 -24.2453 2.58
    endloop
  endfacet
  facet normal -0 0 1
    outer loop
      vertex -56.2987 -17.9586 2.58
      vertex -53.861 -19.6332 2.58
      vertex -56.0744 -17.6325 2.58
    endloop
  endfacet
  facet normal 0 0 1
    outer loop
      vertex -53.3373 -21.7579 2.58
      vertex -55.546 -23.756 2.58
      vertex -55.2459 -24.014 2.58
    endloop
  endfacet
  facet normal -0 0 1
    outer loop
      vertex -56.4941 -18.3028 2.58
      vertex -53.861 -19.6332 2.58
      vertex -56.2987 -17.9586 2.58
    endloop
  endfacet
  facet normal 0 0 1
    outer loop
      vertex -53.635 -21.4942 2.58
      vertex -55.8229 -23.4731 2.58
      vertex -55.546 -23.756 2.58
    endloop
  endfacet
  facet normal -0 0 1
    outer loop
      vertex -56.6593 -18.6625 2.58
      vertex -53.861 -19.6332 2.58
      vertex -56.4941 -18.3028 2.58
    endloop
  endfacet
  facet normal 0 0 1
    outer loop
      vertex -53.635 -21.4942 2.58
      vertex -56.0744 -23.1675 2.58
      vertex -55.8229 -23.4731 2.58
    endloop
  endfacet
  facet normal 0 0 1
    outer loop
      vertex -53.861 -19.6332 2.58
      vertex -56.6593 -18.6625 2.58
      vertex -54.0021 -20.0051 2.58
    endloop
  endfacet
  facet normal 0 0 1
    outer loop
      vertex -53.861 -21.1668 2.58
      vertex -56.2987 -22.8414 2.58
      vertex -56.0744 -23.1675 2.58
    endloop
  endfacet
  facet normal -0 0 1
    outer loop
      vertex -56.7928 -19.0351 2.58
      vertex -54.0021 -20.0051 2.58
      vertex -56.6593 -18.6625 2.58
    endloop
  endfacet
  facet normal 0 0 1
    outer loop
      vertex -53.861 -21.1668 2.58
      vertex -56.4941 -22.4972 2.58
      vertex -56.2987 -22.8414 2.58
    endloop
  endfacet
  facet normal -0 0 1
    outer loop
      vertex -56.8939 -19.4178 2.58
      vertex -54.0021 -20.0051 2.58
      vertex -56.7928 -19.0351 2.58
    endloop
  endfacet
  facet normal 0 0 1
    outer loop
      vertex -53.861 -21.1668 2.58
      vertex -56.6593 -22.1375 2.58
      vertex -56.4941 -22.4972 2.58
    endloop
  endfacet
  facet normal -0 0 1
    outer loop
      vertex -56.9617 -19.8078 2.58
      vertex -54.0021 -20.0051 2.58
      vertex -56.8939 -19.4178 2.58
    endloop
  endfacet
  facet normal 0 0 1
    outer loop
      vertex -54.0021 -20.7949 2.58
      vertex -56.7928 -21.7649 2.58
      vertex -56.6593 -22.1375 2.58
    endloop
  endfacet
  facet normal 0 0 1
    outer loop
      vertex -54.0021 -20.0051 2.58
      vertex -56.9617 -19.8078 2.58
      vertex -54.05 -20.4 2.58
    endloop
  endfacet
  facet normal 0 0 1
    outer loop
      vertex -54.0021 -20.7949 2.58
      vertex -56.8939 -21.3822 2.58
      vertex -56.7928 -21.7649 2.58
    endloop
  endfacet
  facet normal -0 0 1
    outer loop
      vertex -56.9957 -20.2021 2.58
      vertex -54.05 -20.4 2.58
      vertex -56.9617 -19.8078 2.58
    endloop
  endfacet
  facet normal 0 0 1
    outer loop
      vertex -54.0021 -20.7949 2.58
      vertex -56.9617 -20.9922 2.58
      vertex -56.8939 -21.3822 2.58
    endloop
  endfacet
  facet normal 0 0 1
    outer loop
      vertex -56.9957 -20.5979 2.58
      vertex -54.05 -20.4 2.58
      vertex -56.9957 -20.2021 2.58
    endloop
  endfacet
  facet normal 0 0 1
    outer loop
      vertex -54.05 -20.4 2.58
      vertex -56.9957 -20.5979 2.58
      vertex -56.9617 -20.9922 2.58
    endloop
  endfacet
  facet normal 0.823917 0.566711 0
    outer loop
      vertex -56.0744 -23.1675 2.6
      vertex -56.2987 -22.8414 2.58
      vertex -56.2987 -22.8414 2.6
    endloop
  endfacet
  facet normal 0.823917 0.566711 0
    outer loop
      vertex -56.2987 -22.8414 2.58
      vertex -56.0744 -23.1675 2.6
      vertex -56.0744 -23.1675 2.58
    endloop
  endfacet
  facet normal -0.925929 0.377698 0
    outer loop
      vertex -48.2194 -22.3191 2.58
      vertex -48.0699 -21.9526 6.58
      vertex -48.0699 -21.9526 2.58
    endloop
  endfacet
  facet normal -0.925929 0.377698 0
    outer loop
      vertex -48.0699 -21.9526 6.58
      vertex -48.2194 -22.3191 2.58
      vertex -48.2194 -22.3191 6.58
    endloop
  endfacet
  facet normal -0.234501 0.972116 0
    outer loop
      vertex -51.13 -24.8212 2.58
      vertex -51.5147 -24.914 2.6
      vertex -51.13 -24.8212 2.6
    endloop
  endfacet
  facet normal -0.234501 0.972116 0
    outer loop
      vertex -51.5147 -24.914 2.6
      vertex -51.13 -24.8212 2.58
      vertex -51.5147 -24.914 2.58
    endloop
  endfacet
  facet normal -0.150082 0.988674 0
    outer loop
      vertex -51.5147 -24.914 2.58
      vertex -51.906 -24.9734 2.6
      vertex -51.5147 -24.914 2.6
    endloop
  endfacet
  facet normal -0.150082 0.988674 0
    outer loop
      vertex -51.906 -24.9734 2.6
      vertex -51.5147 -24.914 2.58
      vertex -51.906 -24.9734 2.58
    endloop
  endfacet
  facet normal 0.107354 0.994221 -0
    outer loop
      vertex -52.6967 -24.9904 2.58
      vertex -53.0903 -24.9479 2.6
      vertex -52.6967 -24.9904 2.6
    endloop
  endfacet
  facet normal 0.107354 0.994221 0
    outer loop
      vertex -53.0903 -24.9479 2.6
      vertex -52.6967 -24.9904 2.58
      vertex -53.0903 -24.9479 2.58
    endloop
  endfacet
  facet normal 0.584365 0.811491 -0
    outer loop
      vertex -54.9247 -24.2453 2.58
      vertex -55.2459 -24.014 2.6
      vertex -54.9247 -24.2453 2.6
    endloop
  endfacet
  facet normal 0.584365 0.811491 0
    outer loop
      vertex -55.2459 -24.014 2.6
      vertex -54.9247 -24.2453 2.58
      vertex -55.2459 -24.014 2.58
    endloop
  endfacet
  facet normal 0.35776 0.933814 -0
    outer loop
      vertex -53.8591 -24.7625 2.58
      vertex -54.2287 -24.6209 2.6
      vertex -53.8591 -24.7625 2.6
    endloop
  endfacet
  facet normal 0.35776 0.933814 0
    outer loop
      vertex -54.2287 -24.6209 2.6
      vertex -53.8591 -24.7625 2.58
      vertex -54.2287 -24.6209 2.58
    endloop
  endfacet
  facet normal 0.512376 0.858761 -0
    outer loop
      vertex -54.5848 -24.4481 2.58
      vertex -54.9247 -24.2453 2.6
      vertex -54.5848 -24.4481 2.6
    endloop
  endfacet
  facet normal 0.512376 0.858761 0
    outer loop
      vertex -54.9247 -24.2453 2.6
      vertex -54.5848 -24.4481 2.58
      vertex -54.9247 -24.2453 2.58
    endloop
  endfacet
  facet normal 0.985223 0.171277 0
    outer loop
      vertex -56.8939 -21.3822 2.6
      vertex -56.9617 -20.9922 2.58
      vertex -56.9617 -20.9922 2.6
    endloop
  endfacet
  facet normal 0.985223 0.171277 0
    outer loop
      vertex -56.9617 -20.9922 2.58
      vertex -56.8939 -21.3822 2.6
      vertex -56.8939 -21.3822 2.58
    endloop
  endfacet
  facet normal 0.996303 0.08591 0
    outer loop
      vertex -56.9617 -20.9922 2.6
      vertex -56.9957 -20.5979 2.58
      vertex -56.9957 -20.5979 2.6
    endloop
  endfacet
  facet normal 0.996303 0.08591 0
    outer loop
      vertex -56.9957 -20.5979 2.58
      vertex -56.9617 -20.9922 2.6
      vertex -56.9617 -20.9922 2.58
    endloop
  endfacet
  facet normal -0.684027 0.729457 0
    outer loop
      vertex -49.1125 -23.6175 6.58
      vertex -49.2538 -23.75 2.6
      vertex -49.2538 -23.75 6.58
    endloop
  endfacet
  facet normal -0.684027 0.729457 0
    outer loop
      vertex -49.1125 -23.6175 2.58
      vertex -49.2538 -23.75 2.6
      vertex -49.1125 -23.6175 6.58
    endloop
  endfacet
  facet normal -0.683872 0.729599 0.00203242
    outer loop
      vertex -49.4013 -23.8882 2.58
      vertex -49.2538 -23.75 2.6
      vertex -49.1125 -23.6175 2.58
    endloop
  endfacet
  facet normal -0.683727 0.729738 0
    outer loop
      vertex -49.2538 -23.75 2.6
      vertex -49.4013 -23.8882 2.58
      vertex -49.4013 -23.8882 2.6
    endloop
  endfacet
  facet normal -0.618792 0.785555 0
    outer loop
      vertex -49.4013 -23.8882 2.58
      vertex -49.7122 -24.1331 2.6
      vertex -49.4013 -23.8882 2.6
    endloop
  endfacet
  facet normal -0.618792 0.785555 0
    outer loop
      vertex -49.7122 -24.1331 2.6
      vertex -49.4013 -23.8882 2.58
      vertex -49.7122 -24.1331 2.58
    endloop
  endfacet
  facet normal -0.548739 0.835994 0
    outer loop
      vertex -49.7122 -24.1331 2.58
      vertex -50.0431 -24.3503 2.6
      vertex -49.7122 -24.1331 2.6
    endloop
  endfacet
  facet normal -0.548739 0.835994 0
    outer loop
      vertex -50.0431 -24.3503 2.6
      vertex -49.7122 -24.1331 2.58
      vertex -50.0431 -24.3503 2.58
    endloop
  endfacet
  facet normal -0.74411 0.668057 0
    outer loop
      vertex -49.1125 -23.6175 2.58
      vertex -48.8481 -23.323 6.58
      vertex -48.8481 -23.323 2.58
    endloop
  endfacet
  facet normal -0.74411 0.668057 0
    outer loop
      vertex -48.8481 -23.323 6.58
      vertex -49.1125 -23.6175 2.58
      vertex -49.1125 -23.6175 6.58
    endloop
  endfacet
  facet normal 0.192519 0.981293 -0
    outer loop
      vertex -53.0903 -24.9479 2.58
      vertex -53.4787 -24.8717 2.6
      vertex -53.0903 -24.9479 2.6
    endloop
  endfacet
  facet normal 0.192519 0.981293 0
    outer loop
      vertex -53.4787 -24.8717 2.6
      vertex -53.0903 -24.9479 2.58
      vertex -53.4787 -24.8717 2.58
    endloop
  endfacet
  facet normal 0.021476 0.999769 -0
    outer loop
      vertex -52.301 -24.9989 2.58
      vertex -52.6967 -24.9904 2.6
      vertex -52.301 -24.9989 2.6
    endloop
  endfacet
  facet normal 0.021476 0.999769 0
    outer loop
      vertex -52.6967 -24.9904 2.6
      vertex -52.301 -24.9989 2.58
      vertex -52.6967 -24.9904 2.58
    endloop
  endfacet
  facet normal 0.436571 0.89967 -0
    outer loop
      vertex -54.2287 -24.6209 2.58
      vertex -54.5848 -24.4481 2.6
      vertex -54.2287 -24.6209 2.6
    endloop
  endfacet
  facet normal 0.436571 0.89967 0
    outer loop
      vertex -54.5848 -24.4481 2.6
      vertex -54.2287 -24.6209 2.58
      vertex -54.5848 -24.4481 2.58
    endloop
  endfacet
  facet normal -0.847458 -0.530862 0
    outer loop
      vertex -48.3999 22.6714 2.58
      vertex -48.61 23.0068 6.58
      vertex -48.61 23.0068 2.58
    endloop
  endfacet
  facet normal -0.847458 -0.530862 0
    outer loop
      vertex -48.61 23.0068 6.58
      vertex -48.3999 22.6714 2.58
      vertex -48.3999 22.6714 6.58
    endloop
  endfacet
  facet normal -0.397636 -0.917543 0
    outer loop
      vertex -50.7546 24.6957 2.58
      vertex -50.3914 24.5383 2.6
      vertex -50.7546 24.6957 2.6
    endloop
  endfacet
  facet normal -0.397636 -0.917543 -0
    outer loop
      vertex -50.3914 24.5383 2.6
      vertex -50.7546 24.6957 2.58
      vertex -50.3914 24.5383 2.58
    endloop
  endfacet
  facet normal 0.35776 -0.933814 0
    outer loop
      vertex -54.2287 24.6209 2.58
      vertex -53.8591 24.7625 2.6
      vertex -54.2287 24.6209 2.6
    endloop
  endfacet
  facet normal 0.35776 -0.933814 0
    outer loop
      vertex -53.8591 24.7625 2.6
      vertex -54.2287 24.6209 2.58
      vertex -53.8591 24.7625 2.58
    endloop
  endfacet
  facet normal 0.941398 -0.337297 0
    outer loop
      vertex -56.7928 21.7649 2.6
      vertex -56.6593 22.1375 2.58
      vertex -56.6593 22.1375 2.6
    endloop
  endfacet
  facet normal 0.941398 -0.337297 0
    outer loop
      vertex -56.6593 22.1375 2.58
      vertex -56.7928 21.7649 2.6
      vertex -56.7928 21.7649 2.58
    endloop
  endfacet
  facet normal -0.999077 0.0429548 0
    outer loop
      vertex -47.817 20.0046 2.58
      vertex -47.8 20.4 2.6
      vertex -47.8 20.4 2.58
    endloop
  endfacet
  facet normal -0.999077 0.0429548 0
    outer loop
      vertex -47.8 20.4 2.6
      vertex -47.817 20.0046 2.58
      vertex -47.817 20.0046 2.6
    endloop
  endfacet
  facet normal -0.0644229 -0.997923 0
    outer loop
      vertex -52.301 24.9989 2.58
      vertex -51.906 24.9734 2.6
      vertex -52.301 24.9989 2.6
    endloop
  endfacet
  facet normal -0.0644229 -0.997923 -0
    outer loop
      vertex -51.906 24.9734 2.6
      vertex -52.301 24.9989 2.58
      vertex -51.906 24.9734 2.58
    endloop
  endfacet
  facet normal -0.548739 -0.835994 0
    outer loop
      vertex -50.0431 24.3503 2.58
      vertex -49.7122 24.1331 2.6
      vertex -50.0431 24.3503 2.6
    endloop
  endfacet
  facet normal -0.548739 -0.835994 -0
    outer loop
      vertex -49.7122 24.1331 2.6
      vertex -50.0431 24.3503 2.58
      vertex -49.7122 24.1331 2.58
    endloop
  endfacet
  facet normal 0.996303 -0.08591 0
    outer loop
      vertex -56.9957 20.5979 2.6
      vertex -56.9617 20.9922 2.58
      vertex -56.9617 20.9922 2.6
    endloop
  endfacet
  facet normal 0.996303 -0.08591 0
    outer loop
      vertex -56.9617 20.9922 2.58
      vertex -56.9957 20.5979 2.6
      vertex -56.9957 20.5979 2.58
    endloop
  endfacet
  facet normal 0.772142 -0.63545 0
    outer loop
      vertex -56.0744 23.1675 2.6
      vertex -55.8229 23.4731 2.58
      vertex -55.8229 23.4731 2.6
    endloop
  endfacet
  facet normal 0.772142 -0.63545 0
    outer loop
      vertex -55.8229 23.4731 2.58
      vertex -56.0744 23.1675 2.6
      vertex -56.0744 23.1675 2.58
    endloop
  endfacet
  facet normal 0.192519 -0.981293 0
    outer loop
      vertex -53.4787 24.8717 2.58
      vertex -53.0903 24.9479 2.6
      vertex -53.4787 24.8717 2.6
    endloop
  endfacet
  facet normal 0.192519 -0.981293 0
    outer loop
      vertex -53.0903 24.9479 2.6
      vertex -53.4787 24.8717 2.58
      vertex -53.0903 24.9479 2.58
    endloop
  endfacet
  facet normal -0.548739 0.835994 0
    outer loop
      vertex -49.7122 16.6669 2.58
      vertex -50.0431 16.4497 2.6
      vertex -49.7122 16.6669 2.6
    endloop
  endfacet
  facet normal -0.548739 0.835994 0
    outer loop
      vertex -50.0431 16.4497 2.6
      vertex -49.7122 16.6669 2.58
      vertex -50.0431 16.4497 2.58
    endloop
  endfacet
  facet normal -0.991664 -0.128853 0
    outer loop
      vertex -47.817 20.7954 2.58
      vertex -47.868 21.1879 2.6
      vertex -47.868 21.1879 2.58
    endloop
  endfacet
  facet normal -0.991664 -0.128853 0
    outer loop
      vertex -47.868 21.1879 2.6
      vertex -47.817 20.7954 2.58
      vertex -47.817 20.7954 2.6
    endloop
  endfacet
  facet normal -0.798846 -0.601535 0
    outer loop
      vertex -48.61 23.0068 2.58
      vertex -48.8481 23.323 6.58
      vertex -48.8481 23.323 2.58
    endloop
  endfacet
  facet normal -0.798846 -0.601535 0
    outer loop
      vertex -48.8481 23.323 6.58
      vertex -48.61 23.0068 2.58
      vertex -48.61 23.0068 6.58
    endloop
  endfacet
  facet normal -0.683727 -0.729738 -0
    outer loop
      vertex -49.4013 23.8882 2.6
      vertex -49.4013 23.8882 2.58
      vertex -49.2538 23.75 2.6
    endloop
  endfacet
  facet normal -0.684027 -0.729457 0
    outer loop
      vertex -49.2538 23.75 2.6
      vertex -49.1125 23.6175 6.58
      vertex -49.2538 23.75 6.58
    endloop
  endfacet
  facet normal -0.684027 -0.729457 0
    outer loop
      vertex -49.2538 23.75 2.6
      vertex -49.1125 23.6175 2.58
      vertex -49.1125 23.6175 6.58
    endloop
  endfacet
  facet normal -0.683872 -0.729599 0.00203242
    outer loop
      vertex -49.1125 23.6175 2.58
      vertex -49.2538 23.75 2.6
      vertex -49.4013 23.8882 2.58
    endloop
  endfacet
  facet normal -0.74411 -0.668057 0
    outer loop
      vertex -48.8481 23.323 2.58
      vertex -49.1125 23.6175 6.58
      vertex -49.1125 23.6175 2.58
    endloop
  endfacet
  facet normal -0.74411 -0.668057 0
    outer loop
      vertex -49.1125 23.6175 6.58
      vertex -48.8481 23.323 2.58
      vertex -48.8481 23.323 6.58
    endloop
  endfacet
  facet normal 0.021476 -0.999769 0
    outer loop
      vertex -52.6967 24.9904 2.58
      vertex -52.301 24.9989 2.6
      vertex -52.6967 24.9904 2.6
    endloop
  endfacet
  facet normal 0.021476 -0.999769 0
    outer loop
      vertex -52.301 24.9989 2.6
      vertex -52.6967 24.9904 2.58
      vertex -52.301 24.9989 2.58
    endloop
  endfacet
  facet normal -0.317061 -0.948405 0
    outer loop
      vertex -51.13 24.8212 2.58
      vertex -50.7546 24.6957 2.6
      vertex -51.13 24.8212 2.6
    endloop
  endfacet
  facet normal -0.317061 -0.948405 -0
    outer loop
      vertex -50.7546 24.6957 2.6
      vertex -51.13 24.8212 2.58
      vertex -50.7546 24.6957 2.58
    endloop
  endfacet
  facet normal -0.150082 -0.988674 0
    outer loop
      vertex -51.906 24.9734 2.58
      vertex -51.5147 24.914 2.6
      vertex -51.906 24.9734 2.6
    endloop
  endfacet
  facet normal -0.150082 -0.988674 -0
    outer loop
      vertex -51.5147 24.914 2.6
      vertex -51.906 24.9734 2.58
      vertex -51.5147 24.914 2.58
    endloop
  endfacet
  facet normal -0.474989 -0.879992 0
    outer loop
      vertex -50.3914 24.5383 2.58
      vertex -50.0431 24.3503 2.6
      vertex -50.3914 24.5383 2.6
    endloop
  endfacet
  facet normal -0.474989 -0.879992 -0
    outer loop
      vertex -50.0431 24.3503 2.6
      vertex -50.3914 24.5383 2.58
      vertex -50.0431 24.3503 2.58
    endloop
  endfacet
  facet normal -0.618792 -0.785555 0
    outer loop
      vertex -49.7122 24.1331 2.58
      vertex -49.4013 23.8882 2.6
      vertex -49.7122 24.1331 2.6
    endloop
  endfacet
  facet normal -0.618792 -0.785555 -0
    outer loop
      vertex -49.4013 23.8882 2.6
      vertex -49.7122 24.1331 2.58
      vertex -49.4013 23.8882 2.58
    endloop
  endfacet
  facet normal 1 -0 0
    outer loop
      vertex -56.9957 20.2021 2.6
      vertex -56.9957 20.5979 2.58
      vertex -56.9957 20.5979 2.6
    endloop
  endfacet
  facet normal 1 0 0
    outer loop
      vertex -56.9957 20.5979 2.58
      vertex -56.9957 20.2021 2.6
      vertex -56.9957 20.2021 2.58
    endloop
  endfacet
  facet normal 0.966832 -0.255413 0
    outer loop
      vertex -56.8939 21.3822 2.6
      vertex -56.7928 21.7649 2.58
      vertex -56.7928 21.7649 2.6
    endloop
  endfacet
  facet normal 0.966832 -0.255413 0
    outer loop
      vertex -56.7928 21.7649 2.58
      vertex -56.8939 21.3822 2.6
      vertex -56.8939 21.3822 2.58
    endloop
  endfacet
  facet normal 0.985223 -0.171277 0
    outer loop
      vertex -56.9617 20.9922 2.6
      vertex -56.8939 21.3822 2.58
      vertex -56.8939 21.3822 2.6
    endloop
  endfacet
  facet normal 0.985223 -0.171277 0
    outer loop
      vertex -56.8939 21.3822 2.58
      vertex -56.9617 20.9922 2.6
      vertex -56.9617 20.9922 2.58
    endloop
  endfacet
  facet normal 0.869639 -0.493688 0
    outer loop
      vertex -56.4941 22.4972 2.6
      vertex -56.2987 22.8414 2.58
      vertex -56.2987 22.8414 2.6
    endloop
  endfacet
  facet normal 0.869639 -0.493688 0
    outer loop
      vertex -56.2987 22.8414 2.58
      vertex -56.4941 22.4972 2.6
      vertex -56.4941 22.4972 2.58
    endloop
  endfacet
  facet normal 0.823917 -0.566711 0
    outer loop
      vertex -56.2987 22.8414 2.6
      vertex -56.0744 23.1675 2.58
      vertex -56.0744 23.1675 2.6
    endloop
  endfacet
  facet normal 0.823917 -0.566711 0
    outer loop
      vertex -56.0744 23.1675 2.58
      vertex -56.2987 22.8414 2.6
      vertex -56.2987 22.8414 2.58
    endloop
  endfacet
  facet normal 0.275922 -0.96118 0
    outer loop
      vertex -53.8591 24.7625 2.58
      vertex -53.4787 24.8717 2.6
      vertex -53.8591 24.7625 2.6
    endloop
  endfacet
  facet normal 0.275922 -0.96118 0
    outer loop
      vertex -53.4787 24.8717 2.6
      vertex -53.8591 24.7625 2.58
      vertex -53.4787 24.8717 2.58
    endloop
  endfacet
  facet normal 0.107354 -0.994221 0
    outer loop
      vertex -53.0903 24.9479 2.58
      vertex -52.6967 24.9904 2.6
      vertex -53.0903 24.9479 2.6
    endloop
  endfacet
  facet normal 0.107354 -0.994221 0
    outer loop
      vertex -52.6967 24.9904 2.6
      vertex -53.0903 24.9479 2.58
      vertex -52.6967 24.9904 2.58
    endloop
  endfacet
  facet normal 0.512376 -0.858761 0
    outer loop
      vertex -54.9247 24.2453 2.58
      vertex -54.5848 24.4481 2.6
      vertex -54.9247 24.2453 2.6
    endloop
  endfacet
  facet normal 0.512376 -0.858761 0
    outer loop
      vertex -54.5848 24.4481 2.6
      vertex -54.9247 24.2453 2.58
      vertex -54.5848 24.4481 2.58
    endloop
  endfacet
  facet normal 0.436571 -0.89967 0
    outer loop
      vertex -54.5848 24.4481 2.58
      vertex -54.2287 24.6209 2.6
      vertex -54.5848 24.4481 2.6
    endloop
  endfacet
  facet normal 0.436571 -0.89967 0
    outer loop
      vertex -54.2287 24.6209 2.6
      vertex -54.5848 24.4481 2.58
      vertex -54.2287 24.6209 2.58
    endloop
  endfacet
  facet normal 0.714645 -0.699488 0
    outer loop
      vertex -55.8229 23.4731 2.6
      vertex -55.546 23.756 2.58
      vertex -55.546 23.756 2.6
    endloop
  endfacet
  facet normal 0.714645 -0.699488 0
    outer loop
      vertex -55.546 23.756 2.58
      vertex -55.8229 23.4731 2.6
      vertex -55.8229 23.4731 2.58
    endloop
  endfacet
  facet normal -0.999077 -0.0429548 0
    outer loop
      vertex -47.8 20.4 2.58
      vertex -47.817 20.7954 2.6
      vertex -47.817 20.7954 2.58
    endloop
  endfacet
  facet normal -0.999077 -0.0429548 0
    outer loop
      vertex -47.817 20.7954 2.6
      vertex -47.8 20.4 2.58
      vertex -47.8 20.4 2.6
    endloop
  endfacet
  facet normal 0.823917 0.566711 0
    outer loop
      vertex -56.0744 17.6325 2.6
      vertex -56.2987 17.9586 2.58
      vertex -56.2987 17.9586 2.6
    endloop
  endfacet
  facet normal 0.823917 0.566711 0
    outer loop
      vertex -56.2987 17.9586 2.58
      vertex -56.0744 17.6325 2.6
      vertex -56.0744 17.6325 2.58
    endloop
  endfacet
  facet normal -0.955 0.296606 0
    outer loop
      vertex -48.0699 18.8474 2.58
      vertex -47.9525 19.2254 2.6
      vertex -47.9525 19.2254 2.58
    endloop
  endfacet
  facet normal -0.955 0.296606 0
    outer loop
      vertex -47.9525 19.2254 2.6
      vertex -48.0699 18.8474 2.58
      vertex -48.0699 18.8474 2.6
    endloop
  endfacet
  facet normal -0.798846 0.601535 0
    outer loop
      vertex -48.8481 17.477 2.58
      vertex -48.61 17.7932 2.6
      vertex -48.61 17.7932 2.58
    endloop
  endfacet
  facet normal -0.798846 0.601535 0
    outer loop
      vertex -48.61 17.7932 2.6
      vertex -48.8481 17.477 2.58
      vertex -48.8481 17.477 2.6
    endloop
  endfacet
  facet normal -0.397636 0.917543 0
    outer loop
      vertex -50.3914 16.2617 2.58
      vertex -50.7546 16.1043 2.6
      vertex -50.3914 16.2617 2.6
    endloop
  endfacet
  facet normal -0.397636 0.917543 0
    outer loop
      vertex -50.7546 16.1043 2.6
      vertex -50.3914 16.2617 2.58
      vertex -50.7546 16.1043 2.58
    endloop
  endfacet
  facet normal -0.889988 -0.455983 0
    outer loop
      vertex -48.2194 22.3191 2.58
      vertex -48.3999 22.6714 6.58
      vertex -48.3999 22.6714 2.58
    endloop
  endfacet
  facet normal -0.889988 -0.455983 0
    outer loop
      vertex -48.3999 22.6714 6.58
      vertex -48.2194 22.3191 2.58
      vertex -48.2194 22.3191 6.58
    endloop
  endfacet
  facet normal -0.925929 -0.377698 0
    outer loop
      vertex -48.0699 21.9526 2.58
      vertex -48.2194 22.3191 6.58
      vertex -48.2194 22.3191 2.58
    endloop
  endfacet
  facet normal -0.925929 -0.377698 0
    outer loop
      vertex -48.2194 22.3191 6.58
      vertex -48.0699 21.9526 2.58
      vertex -48.0699 21.9526 6.58
    endloop
  endfacet
  facet normal -0.234501 -0.972116 0
    outer loop
      vertex -51.5147 24.914 2.58
      vertex -51.13 24.8212 2.6
      vertex -51.5147 24.914 2.6
    endloop
  endfacet
  facet normal -0.234501 -0.972116 -0
    outer loop
      vertex -51.13 24.8212 2.6
      vertex -51.5147 24.914 2.58
      vertex -51.13 24.8212 2.58
    endloop
  endfacet
  facet normal 0.908742 -0.417359 0
    outer loop
      vertex -56.6593 22.1375 2.6
      vertex -56.4941 22.4972 2.58
      vertex -56.4941 22.4972 2.6
    endloop
  endfacet
  facet normal 0.908742 -0.417359 0
    outer loop
      vertex -56.4941 22.4972 2.58
      vertex -56.6593 22.1375 2.6
      vertex -56.6593 22.1375 2.58
    endloop
  endfacet
  facet normal 0.651914 -0.758293 0
    outer loop
      vertex -55.546 23.756 2.58
      vertex -55.2459 24.014 2.6
      vertex -55.546 23.756 2.6
    endloop
  endfacet
  facet normal 0.651914 -0.758293 0
    outer loop
      vertex -55.2459 24.014 2.6
      vertex -55.546 23.756 2.58
      vertex -55.2459 24.014 2.58
    endloop
  endfacet
  facet normal 0.584365 -0.811491 0
    outer loop
      vertex -55.2459 24.014 2.58
      vertex -54.9247 24.2453 2.6
      vertex -55.2459 24.014 2.6
    endloop
  endfacet
  facet normal 0.584365 -0.811491 0
    outer loop
      vertex -54.9247 24.2453 2.6
      vertex -55.2459 24.014 2.58
      vertex -54.9247 24.2453 2.58
    endloop
  endfacet
  facet normal 0.021476 0.999769 -0
    outer loop
      vertex -52.301 15.8011 2.58
      vertex -52.6967 15.8096 2.6
      vertex -52.301 15.8011 2.6
    endloop
  endfacet
  facet normal 0.021476 0.999769 0
    outer loop
      vertex -52.6967 15.8096 2.6
      vertex -52.301 15.8011 2.58
      vertex -52.6967 15.8096 2.58
    endloop
  endfacet
  facet normal 0.941398 0.337297 0
    outer loop
      vertex -56.6593 18.6625 2.6
      vertex -56.7928 19.0351 2.58
      vertex -56.7928 19.0351 2.6
    endloop
  endfacet
  facet normal 0.941398 0.337297 0
    outer loop
      vertex -56.7928 19.0351 2.58
      vertex -56.6593 18.6625 2.6
      vertex -56.6593 18.6625 2.58
    endloop
  endfacet
  facet normal -0.976948 0.213478 0
    outer loop
      vertex -47.9525 19.2254 2.58
      vertex -47.868 19.6121 2.6
      vertex -47.868 19.6121 2.58
    endloop
  endfacet
  facet normal -0.976948 0.213478 0
    outer loop
      vertex -47.868 19.6121 2.6
      vertex -47.9525 19.2254 2.58
      vertex -47.9525 19.2254 2.6
    endloop
  endfacet
  facet normal -0.991664 0.128853 0
    outer loop
      vertex -47.868 19.6121 2.58
      vertex -47.817 20.0046 2.6
      vertex -47.817 20.0046 2.58
    endloop
  endfacet
  facet normal -0.991664 0.128853 0
    outer loop
      vertex -47.817 20.0046 2.6
      vertex -47.868 19.6121 2.58
      vertex -47.868 19.6121 2.6
    endloop
  endfacet
  facet normal -0.889988 0.455983 0
    outer loop
      vertex -48.3999 18.1286 2.58
      vertex -48.2194 18.4809 2.6
      vertex -48.2194 18.4809 2.58
    endloop
  endfacet
  facet normal -0.889988 0.455983 0
    outer loop
      vertex -48.2194 18.4809 2.6
      vertex -48.3999 18.1286 2.58
      vertex -48.3999 18.1286 2.6
    endloop
  endfacet
  facet normal -0.150082 0.988674 0
    outer loop
      vertex -51.5147 15.886 2.58
      vertex -51.906 15.8266 2.6
      vertex -51.5147 15.886 2.6
    endloop
  endfacet
  facet normal -0.150082 0.988674 0
    outer loop
      vertex -51.906 15.8266 2.6
      vertex -51.5147 15.886 2.58
      vertex -51.906 15.8266 2.58
    endloop
  endfacet
  facet normal -0.317061 0.948405 0
    outer loop
      vertex -50.7546 16.1043 2.58
      vertex -51.13 15.9788 2.6
      vertex -50.7546 16.1043 2.6
    endloop
  endfacet
  facet normal -0.317061 0.948405 0
    outer loop
      vertex -51.13 15.9788 2.6
      vertex -50.7546 16.1043 2.58
      vertex -51.13 15.9788 2.58
    endloop
  endfacet
  facet normal -0.976948 -0.213478 0
    outer loop
      vertex -47.868 21.1879 2.58
      vertex -47.9525 21.5746 2.6
      vertex -47.9525 21.5746 2.58
    endloop
  endfacet
  facet normal -0.976948 -0.213478 0
    outer loop
      vertex -47.9525 21.5746 2.6
      vertex -47.868 21.1879 2.58
      vertex -47.868 21.1879 2.6
    endloop
  endfacet
  facet normal -0.955032 -0.296503 0
    outer loop
      vertex -48.0699 21.9526 2.58
      vertex -48.007 21.75 2.6
      vertex -48.0699 21.9526 6.58
    endloop
  endfacet
  facet normal -0.954999 -0.296606 -0.00114196
    outer loop
      vertex -47.9525 21.5746 2.58
      vertex -48.007 21.75 2.6
      vertex -48.0699 21.9526 2.58
    endloop
  endfacet
  facet normal -0.954963 -0.296725 0
    outer loop
      vertex -48.007 21.75 2.6
      vertex -47.9525 21.5746 2.58
      vertex -47.9525 21.5746 2.6
    endloop
  endfacet
  facet normal -0.955032 -0.296503 0
    outer loop
      vertex -48.0699 21.9526 6.58
      vertex -48.007 21.75 2.6
      vertex -48.007 21.75 6.58
    endloop
  endfacet
  facet normal 0.436571 0.89967 -0
    outer loop
      vertex -54.2287 16.1791 2.58
      vertex -54.5848 16.3519 6.58
      vertex -54.2287 16.1791 6.58
    endloop
  endfacet
  facet normal 0.436571 0.89967 0
    outer loop
      vertex -54.5848 16.3519 6.58
      vertex -54.2287 16.1791 2.58
      vertex -54.5848 16.3519 2.58
    endloop
  endfacet
  facet normal -0.0644229 0.997923 0
    outer loop
      vertex -51.906 15.8266 2.58
      vertex -52.301 15.8011 2.6
      vertex -51.906 15.8266 2.6
    endloop
  endfacet
  facet normal -0.0644229 0.997923 0
    outer loop
      vertex -52.301 15.8011 2.6
      vertex -51.906 15.8266 2.58
      vertex -52.301 15.8011 2.58
    endloop
  endfacet
  facet normal 0.996303 0.08591 0
    outer loop
      vertex -56.9617 19.8078 2.6
      vertex -56.9957 20.2021 2.58
      vertex -56.9957 20.2021 2.6
    endloop
  endfacet
  facet normal 0.996303 0.08591 0
    outer loop
      vertex -56.9957 20.2021 2.58
      vertex -56.9617 19.8078 2.6
      vertex -56.9617 19.8078 2.58
    endloop
  endfacet
  facet normal 0.869639 0.493688 0
    outer loop
      vertex -56.2987 17.9586 2.6
      vertex -56.4941 18.3028 2.58
      vertex -56.4941 18.3028 2.6
    endloop
  endfacet
  facet normal 0.869639 0.493688 0
    outer loop
      vertex -56.4941 18.3028 2.58
      vertex -56.2987 17.9586 2.6
      vertex -56.2987 17.9586 2.58
    endloop
  endfacet
  facet normal 0.651914 0.758293 -0
    outer loop
      vertex -55.2459 16.786 2.58
      vertex -55.546 17.044 6.58
      vertex -55.2459 16.786 6.58
    endloop
  endfacet
  facet normal 0.651914 0.758293 0
    outer loop
      vertex -55.546 17.044 6.58
      vertex -55.2459 16.786 2.58
      vertex -55.546 17.044 2.58
    endloop
  endfacet
  facet normal 0.966832 0.255413 0
    outer loop
      vertex -56.7928 19.0351 2.6
      vertex -56.8939 19.4178 2.58
      vertex -56.8939 19.4178 2.6
    endloop
  endfacet
  facet normal 0.966832 0.255413 0
    outer loop
      vertex -56.8939 19.4178 2.58
      vertex -56.7928 19.0351 2.6
      vertex -56.7928 19.0351 2.58
    endloop
  endfacet
  facet normal 0.908742 0.417359 0
    outer loop
      vertex -56.4941 18.3028 2.6
      vertex -56.6593 18.6625 2.58
      vertex -56.6593 18.6625 2.6
    endloop
  endfacet
  facet normal 0.908742 0.417359 0
    outer loop
      vertex -56.6593 18.6625 2.58
      vertex -56.4941 18.3028 2.6
      vertex -56.4941 18.3028 2.58
    endloop
  endfacet
  facet normal -0.925929 0.377698 0
    outer loop
      vertex -48.2194 18.4809 2.58
      vertex -48.0699 18.8474 2.6
      vertex -48.0699 18.8474 2.58
    endloop
  endfacet
  facet normal -0.925929 0.377698 0
    outer loop
      vertex -48.0699 18.8474 2.6
      vertex -48.2194 18.4809 2.58
      vertex -48.2194 18.4809 2.6
    endloop
  endfacet
  facet normal -0.847458 0.530862 0
    outer loop
      vertex -48.61 17.7932 2.58
      vertex -48.3999 18.1286 2.6
      vertex -48.3999 18.1286 2.58
    endloop
  endfacet
  facet normal -0.847458 0.530862 0
    outer loop
      vertex -48.3999 18.1286 2.6
      vertex -48.61 17.7932 2.58
      vertex -48.61 17.7932 2.6
    endloop
  endfacet
  facet normal -0.234501 0.972116 0
    outer loop
      vertex -51.13 15.9788 2.58
      vertex -51.5147 15.886 2.6
      vertex -51.13 15.9788 2.6
    endloop
  endfacet
  facet normal -0.234501 0.972116 0
    outer loop
      vertex -51.5147 15.886 2.6
      vertex -51.13 15.9788 2.58
      vertex -51.5147 15.886 2.58
    endloop
  endfacet
  facet normal -0.474989 0.879992 0
    outer loop
      vertex -50.0431 16.4497 2.58
      vertex -50.3914 16.2617 2.6
      vertex -50.0431 16.4497 2.6
    endloop
  endfacet
  facet normal -0.474989 0.879992 0
    outer loop
      vertex -50.3914 16.2617 2.6
      vertex -50.0431 16.4497 2.58
      vertex -50.3914 16.2617 2.58
    endloop
  endfacet
  facet normal 0.584365 0.811491 -0
    outer loop
      vertex -54.9247 16.5547 2.58
      vertex -55.2459 16.786 6.58
      vertex -54.9247 16.5547 6.58
    endloop
  endfacet
  facet normal 0.584365 0.811491 0
    outer loop
      vertex -55.2459 16.786 6.58
      vertex -54.9247 16.5547 2.58
      vertex -55.2459 16.786 2.58
    endloop
  endfacet
  facet normal 0.512376 0.858761 -0
    outer loop
      vertex -54.5848 16.3519 2.58
      vertex -54.9247 16.5547 6.58
      vertex -54.5848 16.3519 6.58
    endloop
  endfacet
  facet normal 0.512376 0.858761 0
    outer loop
      vertex -54.9247 16.5547 6.58
      vertex -54.5848 16.3519 2.58
      vertex -54.9247 16.5547 2.58
    endloop
  endfacet
  facet normal 0.192519 0.981293 -0
    outer loop
      vertex -53.0903 15.8521 2.58
      vertex -53.4787 15.9283 2.6
      vertex -53.0903 15.8521 2.6
    endloop
  endfacet
  facet normal 0.192519 0.981293 0
    outer loop
      vertex -53.4787 15.9283 2.6
      vertex -53.0903 15.8521 2.58
      vertex -53.4787 15.9283 2.58
    endloop
  endfacet
  facet normal 0.107354 0.994221 -0
    outer loop
      vertex -52.6967 15.8096 2.58
      vertex -53.0903 15.8521 2.6
      vertex -52.6967 15.8096 2.6
    endloop
  endfacet
  facet normal 0.107354 0.994221 0
    outer loop
      vertex -53.0903 15.8521 2.6
      vertex -52.6967 15.8096 2.58
      vertex -53.0903 15.8521 2.58
    endloop
  endfacet
  facet normal 0 0 1
    outer loop
      vertex -50.75 20.4 2.58
      vertex -47.8 20.4 2.58
      vertex -47.817 20.7954 2.58
    endloop
  endfacet
  facet normal 0 0 1
    outer loop
      vertex -50.7979 20.7949 2.58
      vertex -47.817 20.7954 2.58
      vertex -47.868 21.1879 2.58
    endloop
  endfacet
  facet normal 0 0 1
    outer loop
      vertex -47.8 20.4 2.58
      vertex -50.75 20.4 2.58
      vertex -47.817 20.0046 2.58
    endloop
  endfacet
  facet normal 0 0 1
    outer loop
      vertex -50.7979 20.7949 2.58
      vertex -47.868 21.1879 2.58
      vertex -47.9525 21.5746 2.58
    endloop
  endfacet
  facet normal -0 0 1
    outer loop
      vertex -50.7979 20.0051 2.58
      vertex -47.817 20.0046 2.58
      vertex -50.75 20.4 2.58
    endloop
  endfacet
  facet normal 0 0 1
    outer loop
      vertex -50.7979 20.7949 2.58
      vertex -47.9525 21.5746 2.58
      vertex -48.0699 21.9526 2.58
    endloop
  endfacet
  facet normal 0 0 1
    outer loop
      vertex -47.817 20.0046 2.58
      vertex -50.7979 20.0051 2.58
      vertex -47.868 19.6121 2.58
    endloop
  endfacet
  facet normal 0 0 1
    outer loop
      vertex -50.939 21.1668 2.58
      vertex -48.0699 21.9526 2.58
      vertex -48.2194 22.3191 2.58
    endloop
  endfacet
  facet normal 0 0 1
    outer loop
      vertex -47.868 19.6121 2.58
      vertex -50.7979 20.0051 2.58
      vertex -47.9525 19.2254 2.58
    endloop
  endfacet
  facet normal 0 0 1
    outer loop
      vertex -50.939 21.1668 2.58
      vertex -48.2194 22.3191 2.58
      vertex -48.3999 22.6714 2.58
    endloop
  endfacet
  facet normal 0 0 1
    outer loop
      vertex -47.9525 19.2254 2.58
      vertex -50.7979 20.0051 2.58
      vertex -48.0699 18.8474 2.58
    endloop
  endfacet
  facet normal 0 0 1
    outer loop
      vertex -50.939 21.1668 2.58
      vertex -48.3999 22.6714 2.58
      vertex -48.61 23.0068 2.58
    endloop
  endfacet
  facet normal -0 0 1
    outer loop
      vertex -50.939 19.6332 2.58
      vertex -48.0699 18.8474 2.58
      vertex -50.7979 20.0051 2.58
    endloop
  endfacet
  facet normal 0 0 1
    outer loop
      vertex -51.165 21.4942 2.58
      vertex -48.61 23.0068 2.58
      vertex -48.8481 23.323 2.58
    endloop
  endfacet
  facet normal 0 0 1
    outer loop
      vertex -48.0699 18.8474 2.58
      vertex -50.939 19.6332 2.58
      vertex -48.2194 18.4809 2.58
    endloop
  endfacet
  facet normal 0 0 1
    outer loop
      vertex -51.165 21.4942 2.58
      vertex -48.8481 23.323 2.58
      vertex -49.1125 23.6175 2.58
    endloop
  endfacet
  facet normal 0 0 1
    outer loop
      vertex -48.2194 18.4809 2.58
      vertex -50.939 19.6332 2.58
      vertex -48.3999 18.1286 2.58
    endloop
  endfacet
  facet normal 0 0 1
    outer loop
      vertex -51.165 21.4942 2.58
      vertex -49.1125 23.6175 2.58
      vertex -49.4013 23.8882 2.58
    endloop
  endfacet
  facet normal 0 0 1
    outer loop
      vertex -48.3999 18.1286 2.58
      vertex -50.939 19.6332 2.58
      vertex -48.61 17.7932 2.58
    endloop
  endfacet
  facet normal 0 0 1
    outer loop
      vertex -51.4627 21.7579 2.58
      vertex -49.4013 23.8882 2.58
      vertex -49.7122 24.1331 2.58
    endloop
  endfacet
  facet normal -0 0 1
    outer loop
      vertex -51.165 19.3058 2.58
      vertex -48.61 17.7932 2.58
      vertex -50.939 19.6332 2.58
    endloop
  endfacet
  facet normal 0 0 1
    outer loop
      vertex -51.4627 21.7579 2.58
      vertex -49.7122 24.1331 2.58
      vertex -50.0431 24.3503 2.58
    endloop
  endfacet
  facet normal 0 0 1
    outer loop
      vertex -48.61 17.7932 2.58
      vertex -51.165 19.3058 2.58
      vertex -48.8481 17.477 2.58
    endloop
  endfacet
  facet normal 0 0 1
    outer loop
      vertex -51.4627 21.7579 2.58
      vertex -50.0431 24.3503 2.58
      vertex -50.3914 24.5383 2.58
    endloop
  endfacet
  facet normal 0 0 1
    outer loop
      vertex -48.8481 17.477 2.58
      vertex -51.165 19.3058 2.58
      vertex -49.1125 17.1825 2.58
    endloop
  endfacet
  facet normal 0 0 1
    outer loop
      vertex -49.1125 17.1825 2.58
      vertex -51.165 19.3058 2.58
      vertex -49.4013 16.9118 2.58
    endloop
  endfacet
  facet normal 0 0 1
    outer loop
      vertex -51.8149 21.9428 2.58
      vertex -50.3914 24.5383 2.58
      vertex -50.7546 24.6957 2.58
    endloop
  endfacet
  facet normal 0 0 1
    outer loop
      vertex -47.817 20.7954 2.58
      vertex -50.7979 20.7949 2.58
      vertex -50.75 20.4 2.58
    endloop
  endfacet
  facet normal 0 0 1
    outer loop
      vertex -48.0699 21.9526 2.58
      vertex -50.939 21.1668 2.58
      vertex -50.7979 20.7949 2.58
    endloop
  endfacet
  facet normal 0 0 1
    outer loop
      vertex -51.8149 21.9428 2.58
      vertex -50.7546 24.6957 2.58
      vertex -51.13 24.8212 2.58
    endloop
  endfacet
  facet normal 0 0 1
    outer loop
      vertex -48.61 23.0068 2.58
      vertex -51.165 21.4942 2.58
      vertex -50.939 21.1668 2.58
    endloop
  endfacet
  facet normal 0 0 1
    outer loop
      vertex -49.4013 23.8882 2.58
      vertex -51.4627 21.7579 2.58
      vertex -51.165 21.4942 2.58
    endloop
  endfacet
  facet normal 0 0 1
    outer loop
      vertex -52.2011 22.038 2.58
      vertex -51.13 24.8212 2.58
      vertex -51.5147 24.914 2.58
    endloop
  endfacet
  facet normal 0 0 1
    outer loop
      vertex -50.3914 24.5383 2.58
      vertex -51.8149 21.9428 2.58
      vertex -51.4627 21.7579 2.58
    endloop
  endfacet
  facet normal 0 0 1
    outer loop
      vertex -52.2011 22.038 2.58
      vertex -51.5147 24.914 2.58
      vertex -51.906 24.9734 2.58
    endloop
  endfacet
  facet normal 0 0 1
    outer loop
      vertex -51.13 24.8212 2.58
      vertex -52.2011 22.038 2.58
      vertex -51.8149 21.9428 2.58
    endloop
  endfacet
  facet normal 0 0 1
    outer loop
      vertex -52.301 24.9989 2.58
      vertex -52.2011 22.038 2.58
      vertex -51.906 24.9734 2.58
    endloop
  endfacet
  facet normal 0 0 1
    outer loop
      vertex -52.301 24.9989 2.58
      vertex -52.5989 22.038 2.58
      vertex -52.2011 22.038 2.58
    endloop
  endfacet
  facet normal -0 0 1
    outer loop
      vertex -52.6967 24.9904 2.58
      vertex -52.5989 22.038 2.58
      vertex -52.301 24.9989 2.58
    endloop
  endfacet
  facet normal -0 0 1
    outer loop
      vertex -53.0903 24.9479 2.58
      vertex -52.5989 22.038 2.58
      vertex -52.6967 24.9904 2.58
    endloop
  endfacet
  facet normal -0 0 1
    outer loop
      vertex -53.4787 24.8717 2.58
      vertex -52.5989 22.038 2.58
      vertex -53.0903 24.9479 2.58
    endloop
  endfacet
  facet normal 0 0 1
    outer loop
      vertex -52.5989 22.038 2.58
      vertex -53.4787 24.8717 2.58
      vertex -52.9851 21.9428 2.58
    endloop
  endfacet
  facet normal -0 0 1
    outer loop
      vertex -53.8591 24.7625 2.58
      vertex -52.9851 21.9428 2.58
      vertex -53.4787 24.8717 2.58
    endloop
  endfacet
  facet normal -0 0 1
    outer loop
      vertex -54.2287 24.6209 2.58
      vertex -52.9851 21.9428 2.58
      vertex -53.8591 24.7625 2.58
    endloop
  endfacet
  facet normal -0 0 1
    outer loop
      vertex -54.5848 24.4481 2.58
      vertex -52.9851 21.9428 2.58
      vertex -54.2287 24.6209 2.58
    endloop
  endfacet
  facet normal 0 0 1
    outer loop
      vertex -52.9851 21.9428 2.58
      vertex -54.5848 24.4481 2.58
      vertex -53.3373 21.7579 2.58
    endloop
  endfacet
  facet normal -0 0 1
    outer loop
      vertex -54.9247 24.2453 2.58
      vertex -53.3373 21.7579 2.58
      vertex -54.5848 24.4481 2.58
    endloop
  endfacet
  facet normal -0 0 1
    outer loop
      vertex -55.2459 24.014 2.58
      vertex -53.3373 21.7579 2.58
      vertex -54.9247 24.2453 2.58
    endloop
  endfacet
  facet normal -0 0 1
    outer loop
      vertex -55.546 23.756 2.58
      vertex -53.3373 21.7579 2.58
      vertex -55.2459 24.014 2.58
    endloop
  endfacet
  facet normal -0 0 1
    outer loop
      vertex -51.4627 19.0421 2.58
      vertex -49.4013 16.9118 2.58
      vertex -51.165 19.3058 2.58
    endloop
  endfacet
  facet normal 0 0 1
    outer loop
      vertex -49.4013 16.9118 2.58
      vertex -51.4627 19.0421 2.58
      vertex -49.7122 16.6669 2.58
    endloop
  endfacet
  facet normal 0 0 1
    outer loop
      vertex -49.7122 16.6669 2.58
      vertex -51.4627 19.0421 2.58
      vertex -50.0431 16.4497 2.58
    endloop
  endfacet
  facet normal 0 0 1
    outer loop
      vertex -50.0431 16.4497 2.58
      vertex -51.4627 19.0421 2.58
      vertex -50.3914 16.2617 2.58
    endloop
  endfacet
  facet normal -0 0 1
    outer loop
      vertex -51.8149 18.8572 2.58
      vertex -50.3914 16.2617 2.58
      vertex -51.4627 19.0421 2.58
    endloop
  endfacet
  facet normal 0 0 1
    outer loop
      vertex -50.3914 16.2617 2.58
      vertex -51.8149 18.8572 2.58
      vertex -50.7546 16.1043 2.58
    endloop
  endfacet
  facet normal 0 0 1
    outer loop
      vertex -50.7546 16.1043 2.58
      vertex -51.8149 18.8572 2.58
      vertex -51.13 15.9788 2.58
    endloop
  endfacet
  facet normal -0 0 1
    outer loop
      vertex -52.2011 18.762 2.58
      vertex -51.13 15.9788 2.58
      vertex -51.8149 18.8572 2.58
    endloop
  endfacet
  facet normal 0 0 1
    outer loop
      vertex -51.13 15.9788 2.58
      vertex -52.2011 18.762 2.58
      vertex -51.5147 15.886 2.58
    endloop
  endfacet
  facet normal 0 0 1
    outer loop
      vertex -51.5147 15.886 2.58
      vertex -52.2011 18.762 2.58
      vertex -51.906 15.8266 2.58
    endloop
  endfacet
  facet normal 0 0 1
    outer loop
      vertex -52.2011 18.762 2.58
      vertex -52.301 15.8011 2.58
      vertex -51.906 15.8266 2.58
    endloop
  endfacet
  facet normal -0 0 1
    outer loop
      vertex -52.5989 18.762 2.58
      vertex -52.301 15.8011 2.58
      vertex -52.2011 18.762 2.58
    endloop
  endfacet
  facet normal 0 0 1
    outer loop
      vertex -52.5989 18.762 2.58
      vertex -52.6967 15.8096 2.58
      vertex -52.301 15.8011 2.58
    endloop
  endfacet
  facet normal 0 0 1
    outer loop
      vertex -53.4787 15.9283 2.58
      vertex -52.5989 18.762 2.58
      vertex -52.9851 18.8572 2.58
    endloop
  endfacet
  facet normal 0 0 1
    outer loop
      vertex -52.5989 18.762 2.58
      vertex -53.0903 15.8521 2.58
      vertex -52.6967 15.8096 2.58
    endloop
  endfacet
  facet normal 0 0 1
    outer loop
      vertex -54.5848 16.3519 2.58
      vertex -52.9851 18.8572 2.58
      vertex -53.3373 19.0421 2.58
    endloop
  endfacet
  facet normal 0 0 1
    outer loop
      vertex -52.5989 18.762 2.58
      vertex -53.4787 15.9283 2.58
      vertex -53.0903 15.8521 2.58
    endloop
  endfacet
  facet normal 0 0 1
    outer loop
      vertex -55.546 17.044 2.58
      vertex -53.3373 19.0421 2.58
      vertex -53.635 19.3058 2.58
    endloop
  endfacet
  facet normal 0 0 1
    outer loop
      vertex -52.9851 18.8572 2.58
      vertex -53.8591 16.0375 2.58
      vertex -53.4787 15.9283 2.58
    endloop
  endfacet
  facet normal 0 0 1
    outer loop
      vertex -56.0744 17.6325 2.58
      vertex -53.635 19.3058 2.58
      vertex -53.861 19.6332 2.58
    endloop
  endfacet
  facet normal 0 0 1
    outer loop
      vertex -56.6593 18.6625 2.58
      vertex -53.861 19.6332 2.58
      vertex -54.0021 20.0051 2.58
    endloop
  endfacet
  facet normal 0 0 1
    outer loop
      vertex -56.9617 19.8078 2.58
      vertex -54.0021 20.0051 2.58
      vertex -54.05 20.4 2.58
    endloop
  endfacet
  facet normal 0 0 1
    outer loop
      vertex -52.9851 18.8572 2.58
      vertex -54.2287 16.1791 2.58
      vertex -53.8591 16.0375 2.58
    endloop
  endfacet
  facet normal 0 0 1
    outer loop
      vertex -53.3373 21.7579 2.58
      vertex -55.546 23.756 2.58
      vertex -53.635 21.4942 2.58
    endloop
  endfacet
  facet normal -0 0 1
    outer loop
      vertex -55.8229 23.4731 2.58
      vertex -53.635 21.4942 2.58
      vertex -55.546 23.756 2.58
    endloop
  endfacet
  facet normal 0 0 1
    outer loop
      vertex -52.9851 18.8572 2.58
      vertex -54.5848 16.3519 2.58
      vertex -54.2287 16.1791 2.58
    endloop
  endfacet
  facet normal -0 0 1
    outer loop
      vertex -56.0744 23.1675 2.58
      vertex -53.635 21.4942 2.58
      vertex -55.8229 23.4731 2.58
    endloop
  endfacet
  facet normal 0 0 1
    outer loop
      vertex -53.3373 19.0421 2.58
      vertex -54.9247 16.5547 2.58
      vertex -54.5848 16.3519 2.58
    endloop
  endfacet
  facet normal 0 0 1
    outer loop
      vertex -53.635 21.4942 2.58
      vertex -56.0744 23.1675 2.58
      vertex -53.861 21.1668 2.58
    endloop
  endfacet
  facet normal 0 0 1
    outer loop
      vertex -53.3373 19.0421 2.58
      vertex -55.2459 16.786 2.58
      vertex -54.9247 16.5547 2.58
    endloop
  endfacet
  facet normal -0 0 1
    outer loop
      vertex -56.2987 22.8414 2.58
      vertex -53.861 21.1668 2.58
      vertex -56.0744 23.1675 2.58
    endloop
  endfacet
  facet normal 0 0 1
    outer loop
      vertex -53.3373 19.0421 2.58
      vertex -55.546 17.044 2.58
      vertex -55.2459 16.786 2.58
    endloop
  endfacet
  facet normal -0 0 1
    outer loop
      vertex -56.4941 22.4972 2.58
      vertex -53.861 21.1668 2.58
      vertex -56.2987 22.8414 2.58
    endloop
  endfacet
  facet normal 0 0 1
    outer loop
      vertex -53.635 19.3058 2.58
      vertex -55.8229 17.3269 2.58
      vertex -55.546 17.044 2.58
    endloop
  endfacet
  facet normal -0 0 1
    outer loop
      vertex -56.6593 22.1375 2.58
      vertex -53.861 21.1668 2.58
      vertex -56.4941 22.4972 2.58
    endloop
  endfacet
  facet normal 0 0 1
    outer loop
      vertex -53.635 19.3058 2.58
      vertex -56.0744 17.6325 2.58
      vertex -55.8229 17.3269 2.58
    endloop
  endfacet
  facet normal 0 0 1
    outer loop
      vertex -53.861 21.1668 2.58
      vertex -56.6593 22.1375 2.58
      vertex -54.0021 20.7949 2.58
    endloop
  endfacet
  facet normal 0 0 1
    outer loop
      vertex -53.861 19.6332 2.58
      vertex -56.2987 17.9586 2.58
      vertex -56.0744 17.6325 2.58
    endloop
  endfacet
  facet normal -0 0 1
    outer loop
      vertex -56.7928 21.7649 2.58
      vertex -54.0021 20.7949 2.58
      vertex -56.6593 22.1375 2.58
    endloop
  endfacet
  facet normal 0 0 1
    outer loop
      vertex -53.861 19.6332 2.58
      vertex -56.4941 18.3028 2.58
      vertex -56.2987 17.9586 2.58
    endloop
  endfacet
  facet normal -0 0 1
    outer loop
      vertex -56.8939 21.3822 2.58
      vertex -54.0021 20.7949 2.58
      vertex -56.7928 21.7649 2.58
    endloop
  endfacet
  facet normal 0 0 1
    outer loop
      vertex -53.861 19.6332 2.58
      vertex -56.6593 18.6625 2.58
      vertex -56.4941 18.3028 2.58
    endloop
  endfacet
  facet normal -0 0 1
    outer loop
      vertex -56.9617 20.9922 2.58
      vertex -54.0021 20.7949 2.58
      vertex -56.8939 21.3822 2.58
    endloop
  endfacet
  facet normal 0 0 1
    outer loop
      vertex -54.0021 20.0051 2.58
      vertex -56.7928 19.0351 2.58
      vertex -56.6593 18.6625 2.58
    endloop
  endfacet
  facet normal 0 0 1
    outer loop
      vertex -54.0021 20.7949 2.58
      vertex -56.9617 20.9922 2.58
      vertex -54.05 20.4 2.58
    endloop
  endfacet
  facet normal 0 0 1
    outer loop
      vertex -54.0021 20.0051 2.58
      vertex -56.8939 19.4178 2.58
      vertex -56.7928 19.0351 2.58
    endloop
  endfacet
  facet normal -0 0 1
    outer loop
      vertex -56.9957 20.5979 2.58
      vertex -54.05 20.4 2.58
      vertex -56.9617 20.9922 2.58
    endloop
  endfacet
  facet normal 0 0 1
    outer loop
      vertex -54.0021 20.0051 2.58
      vertex -56.9617 19.8078 2.58
      vertex -56.8939 19.4178 2.58
    endloop
  endfacet
  facet normal 0 0 1
    outer loop
      vertex -56.9957 20.2021 2.58
      vertex -54.05 20.4 2.58
      vertex -56.9957 20.5979 2.58
    endloop
  endfacet
  facet normal 0 0 1
    outer loop
      vertex -54.05 20.4 2.58
      vertex -56.9957 20.2021 2.58
      vertex -56.9617 19.8078 2.58
    endloop
  endfacet
  facet normal 0.985223 0.171277 0
    outer loop
      vertex -56.8939 19.4178 2.6
      vertex -56.9617 19.8078 2.58
      vertex -56.9617 19.8078 2.6
    endloop
  endfacet
  facet normal 0.985223 0.171277 0
    outer loop
      vertex -56.9617 19.8078 2.58
      vertex -56.8939 19.4178 2.6
      vertex -56.8939 19.4178 2.58
    endloop
  endfacet
  facet normal -0.618792 0.785555 0
    outer loop
      vertex -49.4013 16.9118 2.58
      vertex -49.7122 16.6669 2.6
      vertex -49.4013 16.9118 2.6
    endloop
  endfacet
  facet normal -0.618792 0.785555 0
    outer loop
      vertex -49.7122 16.6669 2.6
      vertex -49.4013 16.9118 2.58
      vertex -49.7122 16.6669 2.58
    endloop
  endfacet
  facet normal -0.74411 0.668057 0
    outer loop
      vertex -49.1125 17.1825 2.58
      vertex -48.8481 17.477 2.6
      vertex -48.8481 17.477 2.58
    endloop
  endfacet
  facet normal -0.74411 0.668057 0
    outer loop
      vertex -48.8481 17.477 2.6
      vertex -49.1125 17.1825 2.58
      vertex -49.1125 17.1825 2.6
    endloop
  endfacet
  facet normal -0.683874 0.7296 0
    outer loop
      vertex -49.1125 17.1825 2.58
      vertex -49.4013 16.9118 2.6
      vertex -49.1125 17.1825 2.6
    endloop
  endfacet
  facet normal -0.683874 0.7296 0
    outer loop
      vertex -49.4013 16.9118 2.6
      vertex -49.1125 17.1825 2.58
      vertex -49.4013 16.9118 2.58
    endloop
  endfacet
  facet normal 0.275984 0.961162 0
    outer loop
      vertex -53.4787 15.9283 2.6
      vertex -53.4787 15.9283 2.58
      vertex -53.75 16.0062 2.6
    endloop
  endfacet
  facet normal 0.275768 0.961224 -0
    outer loop
      vertex -53.75 16.0062 2.6
      vertex -53.8591 16.0375 6.58
      vertex -53.75 16.0062 6.58
    endloop
  endfacet
  facet normal 0.275768 0.961224 0
    outer loop
      vertex -53.75 16.0062 2.6
      vertex -53.8591 16.0375 2.58
      vertex -53.8591 16.0375 6.58
    endloop
  endfacet
  facet normal 0.275922 0.96118 -0.000909634
    outer loop
      vertex -53.8591 16.0375 2.58
      vertex -53.75 16.0062 2.6
      vertex -53.4787 15.9283 2.58
    endloop
  endfacet
  facet normal 0.71461 0.699523 0
    outer loop
      vertex -55.75 17.2524 6.58
      vertex -55.546 17.044 6.58
      vertex -55.75 17.2524 2.6
    endloop
  endfacet
  facet normal 0.71474 0.69939 0
    outer loop
      vertex -55.75 17.2524 2.6
      vertex -55.8229 17.3269 2.58
      vertex -55.8229 17.3269 2.6
    endloop
  endfacet
  facet normal 0.714644 0.699488 0.000712371
    outer loop
      vertex -55.75 17.2524 2.6
      vertex -55.546 17.044 2.58
      vertex -55.8229 17.3269 2.58
    endloop
  endfacet
  facet normal 0.71461 0.699523 -0
    outer loop
      vertex -55.546 17.044 2.58
      vertex -55.75 17.2524 2.6
      vertex -55.546 17.044 6.58
    endloop
  endfacet
  facet normal 0.772142 0.63545 0
    outer loop
      vertex -55.8229 17.3269 2.6
      vertex -56.0744 17.6325 2.58
      vertex -56.0744 17.6325 2.6
    endloop
  endfacet
  facet normal 0.772142 0.63545 0
    outer loop
      vertex -56.0744 17.6325 2.58
      vertex -55.8229 17.3269 2.6
      vertex -55.8229 17.3269 2.58
    endloop
  endfacet
  facet normal 0.35776 0.933814 -0
    outer loop
      vertex -53.8591 16.0375 2.58
      vertex -54.2287 16.1791 6.58
      vertex -53.8591 16.0375 6.58
    endloop
  endfacet
  facet normal 0.35776 0.933814 0
    outer loop
      vertex -54.2287 16.1791 6.58
      vertex -53.8591 16.0375 2.58
      vertex -54.2287 16.1791 2.58
    endloop
  endfacet
  facet normal -0.999077 -0.0429548 0
    outer loop
      vertex 57 -20.4 2.58
      vertex 56.983 -20.0046 2.6
      vertex 56.983 -20.0046 2.58
    endloop
  endfacet
  facet normal -0.999077 -0.0429548 0
    outer loop
      vertex 56.983 -20.0046 2.6
      vertex 57 -20.4 2.58
      vertex 57 -20.4 2.6
    endloop
  endfacet
  facet normal 1 -0 0
    outer loop
      vertex 47.8043 -20.5979 2.6
      vertex 47.8043 -20.2021 2.58
      vertex 47.8043 -20.2021 2.6
    endloop
  endfacet
  facet normal 1 0 0
    outer loop
      vertex 47.8043 -20.2021 2.58
      vertex 47.8043 -20.5979 2.6
      vertex 47.8043 -20.5979 2.58
    endloop
  endfacet
  facet normal 0.021476 -0.999769 0
    outer loop
      vertex 52.1033 -15.8096 2.58
      vertex 52.499 -15.8011 2.6
      vertex 52.1033 -15.8096 2.6
    endloop
  endfacet
  facet normal 0.021476 -0.999769 0
    outer loop
      vertex 52.499 -15.8011 2.6
      vertex 52.1033 -15.8096 2.58
      vertex 52.499 -15.8011 2.58
    endloop
  endfacet
  facet normal -0.683874 -0.7296 0
    outer loop
      vertex 55.3987 -16.9118 2.58
      vertex 55.6875 -17.1825 6.58
      vertex 55.3987 -16.9118 6.58
    endloop
  endfacet
  facet normal -0.683874 -0.7296 -0
    outer loop
      vertex 55.6875 -17.1825 6.58
      vertex 55.3987 -16.9118 2.58
      vertex 55.6875 -17.1825 2.58
    endloop
  endfacet
  facet normal 0.714645 -0.699488 0
    outer loop
      vertex 48.9771 -17.3269 2.6
      vertex 49.254 -17.044 2.58
      vertex 49.254 -17.044 2.6
    endloop
  endfacet
  facet normal 0.714645 -0.699488 0
    outer loop
      vertex 49.254 -17.044 2.58
      vertex 48.9771 -17.3269 2.6
      vertex 48.9771 -17.3269 2.58
    endloop
  endfacet
  facet normal -0.925929 -0.377698 0
    outer loop
      vertex 56.7301 -18.8474 2.58
      vertex 56.5806 -18.4809 2.6
      vertex 56.5806 -18.4809 2.58
    endloop
  endfacet
  facet normal -0.925929 -0.377698 0
    outer loop
      vertex 56.5806 -18.4809 2.6
      vertex 56.7301 -18.8474 2.58
      vertex 56.7301 -18.8474 2.6
    endloop
  endfacet
  facet normal -0.397636 -0.917543 0
    outer loop
      vertex 54.0454 -16.1043 2.58
      vertex 54.4086 -16.2617 6.58
      vertex 54.0454 -16.1043 6.58
    endloop
  endfacet
  facet normal -0.397636 -0.917543 -0
    outer loop
      vertex 54.4086 -16.2617 6.58
      vertex 54.0454 -16.1043 2.58
      vertex 54.4086 -16.2617 2.58
    endloop
  endfacet
  facet normal 0.869639 -0.493688 0
    outer loop
      vertex 48.3059 -18.3028 2.6
      vertex 48.5013 -17.9586 2.58
      vertex 48.5013 -17.9586 2.6
    endloop
  endfacet
  facet normal 0.869639 -0.493688 0
    outer loop
      vertex 48.5013 -17.9586 2.58
      vertex 48.3059 -18.3028 2.6
      vertex 48.3059 -18.3028 2.58
    endloop
  endfacet
  facet normal 0.823917 -0.566711 0
    outer loop
      vertex 48.5013 -17.9586 2.6
      vertex 48.7256 -17.6325 2.58
      vertex 48.7256 -17.6325 2.6
    endloop
  endfacet
  facet normal 0.823917 -0.566711 0
    outer loop
      vertex 48.7256 -17.6325 2.58
      vertex 48.5013 -17.9586 2.6
      vertex 48.5013 -17.9586 2.58
    endloop
  endfacet
  facet normal 0.192519 -0.981293 0
    outer loop
      vertex 51.3213 -15.9283 2.58
      vertex 51.7097 -15.8521 2.6
      vertex 51.3213 -15.9283 2.6
    endloop
  endfacet
  facet normal 0.192519 -0.981293 0
    outer loop
      vertex 51.7097 -15.8521 2.6
      vertex 51.3213 -15.9283 2.58
      vertex 51.7097 -15.8521 2.58
    endloop
  endfacet
  facet normal -0.847458 0.530862 0
    outer loop
      vertex 56.19 -23.0068 2.58
      vertex 56.4001 -22.6714 2.6
      vertex 56.4001 -22.6714 2.58
    endloop
  endfacet
  facet normal -0.847458 0.530862 0
    outer loop
      vertex 56.4001 -22.6714 2.6
      vertex 56.19 -23.0068 2.58
      vertex 56.19 -23.0068 2.6
    endloop
  endfacet
  facet normal -0.234501 0.972116 0
    outer loop
      vertex 53.67 -24.8212 2.58
      vertex 53.2853 -24.914 2.6
      vertex 53.67 -24.8212 2.6
    endloop
  endfacet
  facet normal -0.234501 0.972116 0
    outer loop
      vertex 53.2853 -24.914 2.6
      vertex 53.67 -24.8212 2.58
      vertex 53.2853 -24.914 2.58
    endloop
  endfacet
  facet normal -0.683874 0.7296 0
    outer loop
      vertex 55.6875 -23.6175 2.58
      vertex 55.3987 -23.8882 2.6
      vertex 55.6875 -23.6175 2.6
    endloop
  endfacet
  facet normal -0.683874 0.7296 0
    outer loop
      vertex 55.3987 -23.8882 2.6
      vertex 55.6875 -23.6175 2.58
      vertex 55.3987 -23.8882 2.58
    endloop
  endfacet
  facet normal -0.955 0.296606 0
    outer loop
      vertex 56.7301 -21.9526 2.58
      vertex 56.8475 -21.5746 2.6
      vertex 56.8475 -21.5746 2.58
    endloop
  endfacet
  facet normal -0.955 0.296606 0
    outer loop
      vertex 56.8475 -21.5746 2.6
      vertex 56.7301 -21.9526 2.58
      vertex 56.7301 -21.9526 2.6
    endloop
  endfacet
  facet normal 0.35776 0.933814 -0
    outer loop
      vertex 50.9409 -24.7625 2.58
      vertex 50.5713 -24.6209 2.6
      vertex 50.9409 -24.7625 2.6
    endloop
  endfacet
  facet normal 0.35776 0.933814 0
    outer loop
      vertex 50.5713 -24.6209 2.6
      vertex 50.9409 -24.7625 2.58
      vertex 50.5713 -24.6209 2.58
    endloop
  endfacet
  facet normal 0.71468 0.699452 -0
    outer loop
      vertex 49.2481 -23.75 2.6
      vertex 48.9771 -23.4731 6.58
      vertex 49.2481 -23.75 6.58
    endloop
  endfacet
  facet normal 0.71468 0.699452 0
    outer loop
      vertex 48.9771 -23.4731 6.58
      vertex 49.2481 -23.75 2.6
      vertex 48.9771 -23.4731 2.58
    endloop
  endfacet
  facet normal 0.713024 0.70114 -0
    outer loop
      vertex 49.254 -23.756 2.58
      vertex 49.2481 -23.75 2.6
      vertex 49.254 -23.756 2.6
    endloop
  endfacet
  facet normal 0.714644 0.699487 0.000973826
    outer loop
      vertex 49.2481 -23.75 2.6
      vertex 49.254 -23.756 2.58
      vertex 48.9771 -23.4731 2.58
    endloop
  endfacet
  facet normal 0.941398 0.337297 0
    outer loop
      vertex 48.1407 -22.1375 6.58
      vertex 48.0072 -21.7649 2.58
      vertex 48.0072 -21.7649 6.58
    endloop
  endfacet
  facet normal 0.941398 0.337297 0
    outer loop
      vertex 48.0072 -21.7649 2.58
      vertex 48.1407 -22.1375 6.58
      vertex 48.1407 -22.1375 2.58
    endloop
  endfacet
  facet normal -0.976948 -0.213478 0
    outer loop
      vertex 56.932 -19.6121 2.58
      vertex 56.8475 -19.2254 2.6
      vertex 56.8475 -19.2254 2.58
    endloop
  endfacet
  facet normal -0.976948 -0.213478 0
    outer loop
      vertex 56.8475 -19.2254 2.6
      vertex 56.932 -19.6121 2.58
      vertex 56.932 -19.6121 2.6
    endloop
  endfacet
  facet normal -0.991664 -0.128853 0
    outer loop
      vertex 56.983 -20.0046 2.58
      vertex 56.932 -19.6121 2.6
      vertex 56.932 -19.6121 2.58
    endloop
  endfacet
  facet normal -0.991664 -0.128853 0
    outer loop
      vertex 56.932 -19.6121 2.6
      vertex 56.983 -20.0046 2.58
      vertex 56.983 -20.0046 2.6
    endloop
  endfacet
  facet normal -0.955 -0.296606 0
    outer loop
      vertex 56.8475 -19.2254 2.58
      vertex 56.7301 -18.8474 2.6
      vertex 56.7301 -18.8474 2.58
    endloop
  endfacet
  facet normal -0.955 -0.296606 0
    outer loop
      vertex 56.7301 -18.8474 2.6
      vertex 56.8475 -19.2254 2.58
      vertex 56.8475 -19.2254 2.6
    endloop
  endfacet
  facet normal -0.744038 -0.668137 0
    outer loop
      vertex 55.6875 -17.1825 2.58
      vertex 55.75 -17.2521 2.6
      vertex 55.6875 -17.1825 6.58
    endloop
  endfacet
  facet normal -0.74411 -0.668057 0.000506601
    outer loop
      vertex 55.9519 -17.477 2.58
      vertex 55.75 -17.2521 2.6
      vertex 55.6875 -17.1825 2.58
    endloop
  endfacet
  facet normal -0.744133 -0.668032 0
    outer loop
      vertex 55.75 -17.2521 2.6
      vertex 55.9519 -17.477 2.58
      vertex 55.9519 -17.477 2.6
    endloop
  endfacet
  facet normal -0.744038 -0.668137 0
    outer loop
      vertex 55.6875 -17.1825 6.58
      vertex 55.75 -17.2521 2.6
      vertex 55.75 -17.2521 6.58
    endloop
  endfacet
  facet normal -0.889988 -0.455983 0
    outer loop
      vertex 56.5806 -18.4809 2.58
      vertex 56.4001 -18.1286 2.6
      vertex 56.4001 -18.1286 2.58
    endloop
  endfacet
  facet normal -0.889988 -0.455983 0
    outer loop
      vertex 56.4001 -18.1286 2.6
      vertex 56.5806 -18.4809 2.58
      vertex 56.5806 -18.4809 2.6
    endloop
  endfacet
  facet normal -0.234501 -0.972116 0
    outer loop
      vertex 53.2853 -15.886 2.58
      vertex 53.67 -15.9788 2.6
      vertex 53.2853 -15.886 2.6
    endloop
  endfacet
  facet normal -0.234501 -0.972116 -0
    outer loop
      vertex 53.67 -15.9788 2.6
      vertex 53.2853 -15.886 2.58
      vertex 53.67 -15.9788 2.58
    endloop
  endfacet
  facet normal -0.316583 -0.948565 -0
    outer loop
      vertex 53.67 -15.9788 2.6
      vertex 53.67 -15.9788 2.58
      vertex 53.75 -16.0055 2.6
    endloop
  endfacet
  facet normal -0.317191 -0.948362 0
    outer loop
      vertex 53.75 -16.0055 2.6
      vertex 54.0454 -16.1043 6.58
      vertex 53.75 -16.0055 6.58
    endloop
  endfacet
  facet normal -0.317191 -0.948362 0
    outer loop
      vertex 53.75 -16.0055 2.6
      vertex 54.0454 -16.1043 2.58
      vertex 54.0454 -16.1043 6.58
    endloop
  endfacet
  facet normal -0.317061 -0.948403 0.00212469
    outer loop
      vertex 54.0454 -16.1043 2.58
      vertex 53.75 -16.0055 2.6
      vertex 53.67 -15.9788 2.58
    endloop
  endfacet
  facet normal -0.0644229 -0.997923 0
    outer loop
      vertex 52.499 -15.8011 2.58
      vertex 52.894 -15.8266 2.6
      vertex 52.499 -15.8011 2.6
    endloop
  endfacet
  facet normal -0.0644229 -0.997923 -0
    outer loop
      vertex 52.894 -15.8266 2.6
      vertex 52.499 -15.8011 2.58
      vertex 52.894 -15.8266 2.58
    endloop
  endfacet
  facet normal -0.548739 -0.835994 0
    outer loop
      vertex 54.7569 -16.4497 2.58
      vertex 55.0878 -16.6669 6.58
      vertex 54.7569 -16.4497 6.58
    endloop
  endfacet
  facet normal -0.548739 -0.835994 -0
    outer loop
      vertex 55.0878 -16.6669 6.58
      vertex 54.7569 -16.4497 2.58
      vertex 55.0878 -16.6669 2.58
    endloop
  endfacet
  facet normal -0.474989 -0.879992 0
    outer loop
      vertex 54.4086 -16.2617 2.58
      vertex 54.7569 -16.4497 6.58
      vertex 54.4086 -16.2617 6.58
    endloop
  endfacet
  facet normal -0.474989 -0.879992 -0
    outer loop
      vertex 54.7569 -16.4497 6.58
      vertex 54.4086 -16.2617 2.58
      vertex 54.7569 -16.4497 2.58
    endloop
  endfacet
  facet normal -0.618792 -0.785555 0
    outer loop
      vertex 55.0878 -16.6669 2.58
      vertex 55.3987 -16.9118 6.58
      vertex 55.0878 -16.6669 6.58
    endloop
  endfacet
  facet normal -0.618792 -0.785555 -0
    outer loop
      vertex 55.3987 -16.9118 6.58
      vertex 55.0878 -16.6669 2.58
      vertex 55.3987 -16.9118 2.58
    endloop
  endfacet
  facet normal 0.985223 -0.171277 0
    outer loop
      vertex 47.8383 -19.8078 2.6
      vertex 47.9061 -19.4178 2.58
      vertex 47.9061 -19.4178 2.6
    endloop
  endfacet
  facet normal 0.985223 -0.171277 0
    outer loop
      vertex 47.9061 -19.4178 2.58
      vertex 47.8383 -19.8078 2.6
      vertex 47.8383 -19.8078 2.58
    endloop
  endfacet
  facet normal 0.772142 -0.63545 0
    outer loop
      vertex 48.7256 -17.6325 2.6
      vertex 48.9771 -17.3269 2.58
      vertex 48.9771 -17.3269 2.6
    endloop
  endfacet
  facet normal 0.772142 -0.63545 0
    outer loop
      vertex 48.9771 -17.3269 2.58
      vertex 48.7256 -17.6325 2.6
      vertex 48.7256 -17.6325 2.58
    endloop
  endfacet
  facet normal 0.908742 -0.417359 0
    outer loop
      vertex 48.1407 -18.6625 2.6
      vertex 48.3059 -18.3028 2.58
      vertex 48.3059 -18.3028 2.6
    endloop
  endfacet
  facet normal 0.908742 -0.417359 0
    outer loop
      vertex 48.3059 -18.3028 2.58
      vertex 48.1407 -18.6625 2.6
      vertex 48.1407 -18.6625 2.58
    endloop
  endfacet
  facet normal 0.966832 -0.255413 0
    outer loop
      vertex 47.9061 -19.4178 2.6
      vertex 48.0072 -19.0351 2.58
      vertex 48.0072 -19.0351 2.6
    endloop
  endfacet
  facet normal 0.966832 -0.255413 0
    outer loop
      vertex 48.0072 -19.0351 2.58
      vertex 47.9061 -19.4178 2.6
      vertex 47.9061 -19.4178 2.58
    endloop
  endfacet
  facet normal 0.996303 -0.08591 0
    outer loop
      vertex 47.8043 -20.2021 2.6
      vertex 47.8383 -19.8078 2.58
      vertex 47.8383 -19.8078 2.6
    endloop
  endfacet
  facet normal 0.996303 -0.08591 0
    outer loop
      vertex 47.8383 -19.8078 2.58
      vertex 47.8043 -20.2021 2.6
      vertex 47.8043 -20.2021 2.58
    endloop
  endfacet
  facet normal 0.512376 -0.858761 0
    outer loop
      vertex 49.8753 -16.5547 2.58
      vertex 50.2152 -16.3519 2.6
      vertex 49.8753 -16.5547 2.6
    endloop
  endfacet
  facet normal 0.512376 -0.858761 0
    outer loop
      vertex 50.2152 -16.3519 2.6
      vertex 49.8753 -16.5547 2.58
      vertex 50.2152 -16.3519 2.58
    endloop
  endfacet
  facet normal 0.584365 -0.811491 0
    outer loop
      vertex 49.5541 -16.786 2.58
      vertex 49.8753 -16.5547 2.6
      vertex 49.5541 -16.786 2.6
    endloop
  endfacet
  facet normal 0.584365 -0.811491 0
    outer loop
      vertex 49.8753 -16.5547 2.6
      vertex 49.5541 -16.786 2.58
      vertex 49.8753 -16.5547 2.58
    endloop
  endfacet
  facet normal 0.651914 -0.758293 0
    outer loop
      vertex 49.254 -17.044 2.58
      vertex 49.5541 -16.786 2.6
      vertex 49.254 -17.044 2.6
    endloop
  endfacet
  facet normal 0.651914 -0.758293 0
    outer loop
      vertex 49.5541 -16.786 2.6
      vertex 49.254 -17.044 2.58
      vertex 49.5541 -16.786 2.58
    endloop
  endfacet
  facet normal 0.275922 -0.96118 0
    outer loop
      vertex 50.9409 -16.0375 2.58
      vertex 51.3213 -15.9283 2.6
      vertex 50.9409 -16.0375 2.6
    endloop
  endfacet
  facet normal 0.275922 -0.96118 0
    outer loop
      vertex 51.3213 -15.9283 2.6
      vertex 50.9409 -16.0375 2.58
      vertex 51.3213 -15.9283 2.58
    endloop
  endfacet
  facet normal 0.107354 -0.994221 0
    outer loop
      vertex 51.7097 -15.8521 2.58
      vertex 52.1033 -15.8096 2.6
      vertex 51.7097 -15.8521 2.6
    endloop
  endfacet
  facet normal 0.107354 -0.994221 0
    outer loop
      vertex 52.1033 -15.8096 2.6
      vertex 51.7097 -15.8521 2.58
      vertex 52.1033 -15.8096 2.58
    endloop
  endfacet
  facet normal -0.999077 0.0429548 0
    outer loop
      vertex 56.983 -20.7954 2.58
      vertex 57 -20.4 2.6
      vertex 57 -20.4 2.58
    endloop
  endfacet
  facet normal -0.999077 0.0429548 0
    outer loop
      vertex 57 -20.4 2.6
      vertex 56.983 -20.7954 2.58
      vertex 56.983 -20.7954 2.6
    endloop
  endfacet
  facet normal -0.0644229 0.997923 0
    outer loop
      vertex 52.894 -24.9734 2.58
      vertex 52.499 -24.9989 2.6
      vertex 52.894 -24.9734 2.6
    endloop
  endfacet
  facet normal -0.0644229 0.997923 0
    outer loop
      vertex 52.499 -24.9989 2.6
      vertex 52.894 -24.9734 2.58
      vertex 52.499 -24.9989 2.58
    endloop
  endfacet
  facet normal -0.397636 0.917543 0
    outer loop
      vertex 54.4086 -24.5383 2.58
      vertex 54.0454 -24.6957 2.6
      vertex 54.4086 -24.5383 2.6
    endloop
  endfacet
  facet normal -0.397636 0.917543 0
    outer loop
      vertex 54.0454 -24.6957 2.6
      vertex 54.4086 -24.5383 2.58
      vertex 54.0454 -24.6957 2.58
    endloop
  endfacet
  facet normal -0.548739 0.835994 0
    outer loop
      vertex 55.0878 -24.1331 2.58
      vertex 54.7569 -24.3503 2.6
      vertex 55.0878 -24.1331 2.6
    endloop
  endfacet
  facet normal -0.548739 0.835994 0
    outer loop
      vertex 54.7569 -24.3503 2.6
      vertex 55.0878 -24.1331 2.58
      vertex 54.7569 -24.3503 2.58
    endloop
  endfacet
  facet normal -0.74411 0.668057 0
    outer loop
      vertex 55.6875 -23.6175 2.58
      vertex 55.9519 -23.323 2.6
      vertex 55.9519 -23.323 2.58
    endloop
  endfacet
  facet normal -0.74411 0.668057 0
    outer loop
      vertex 55.9519 -23.323 2.6
      vertex 55.6875 -23.6175 2.58
      vertex 55.6875 -23.6175 2.6
    endloop
  endfacet
  facet normal -0.798846 0.601535 0
    outer loop
      vertex 55.9519 -23.323 2.58
      vertex 56.19 -23.0068 2.6
      vertex 56.19 -23.0068 2.58
    endloop
  endfacet
  facet normal -0.798846 0.601535 0
    outer loop
      vertex 56.19 -23.0068 2.6
      vertex 55.9519 -23.323 2.58
      vertex 55.9519 -23.323 2.6
    endloop
  endfacet
  facet normal 0.651914 0.758293 -0
    outer loop
      vertex 49.5541 -24.014 2.58
      vertex 49.254 -23.756 2.6
      vertex 49.5541 -24.014 2.6
    endloop
  endfacet
  facet normal 0.651914 0.758293 0
    outer loop
      vertex 49.254 -23.756 2.6
      vertex 49.5541 -24.014 2.58
      vertex 49.254 -23.756 2.58
    endloop
  endfacet
  facet normal 0.584365 0.811491 -0
    outer loop
      vertex 49.8753 -24.2453 2.58
      vertex 49.5541 -24.014 2.6
      vertex 49.8753 -24.2453 2.6
    endloop
  endfacet
  facet normal 0.584365 0.811491 0
    outer loop
      vertex 49.5541 -24.014 2.6
      vertex 49.8753 -24.2453 2.58
      vertex 49.5541 -24.014 2.58
    endloop
  endfacet
  facet normal 0.512376 0.858761 -0
    outer loop
      vertex 50.2152 -24.4481 2.58
      vertex 49.8753 -24.2453 2.6
      vertex 50.2152 -24.4481 2.6
    endloop
  endfacet
  facet normal 0.512376 0.858761 0
    outer loop
      vertex 49.8753 -24.2453 2.6
      vertex 50.2152 -24.4481 2.58
      vertex 49.8753 -24.2453 2.58
    endloop
  endfacet
  facet normal 0.021476 0.999769 -0
    outer loop
      vertex 52.499 -24.9989 2.58
      vertex 52.1033 -24.9904 2.6
      vertex 52.499 -24.9989 2.6
    endloop
  endfacet
  facet normal 0.021476 0.999769 0
    outer loop
      vertex 52.1033 -24.9904 2.6
      vertex 52.499 -24.9989 2.58
      vertex 52.1033 -24.9904 2.58
    endloop
  endfacet
  facet normal 0.869639 0.493688 0
    outer loop
      vertex 48.5013 -22.8414 6.58
      vertex 48.3059 -22.4972 2.58
      vertex 48.3059 -22.4972 6.58
    endloop
  endfacet
  facet normal 0.869639 0.493688 0
    outer loop
      vertex 48.3059 -22.4972 2.58
      vertex 48.5013 -22.8414 6.58
      vertex 48.5013 -22.8414 2.58
    endloop
  endfacet
  facet normal 0.908742 0.417359 0
    outer loop
      vertex 48.3059 -22.4972 6.58
      vertex 48.1407 -22.1375 2.58
      vertex 48.1407 -22.1375 6.58
    endloop
  endfacet
  facet normal 0.908742 0.417359 0
    outer loop
      vertex 48.1407 -22.1375 2.58
      vertex 48.3059 -22.4972 6.58
      vertex 48.3059 -22.4972 2.58
    endloop
  endfacet
  facet normal 0.996303 0.08591 0
    outer loop
      vertex 47.8383 -20.9922 2.6
      vertex 47.8043 -20.5979 2.58
      vertex 47.8043 -20.5979 2.6
    endloop
  endfacet
  facet normal 0.996303 0.08591 0
    outer loop
      vertex 47.8043 -20.5979 2.58
      vertex 47.8383 -20.9922 2.6
      vertex 47.8383 -20.9922 2.58
    endloop
  endfacet
  facet normal 0.965803 0.259276 0
    outer loop
      vertex 48.0032 -21.75 6.58
      vertex 48.0072 -21.7649 6.58
      vertex 48.0032 -21.75 2.6
    endloop
  endfacet
  facet normal 0.966873 0.255257 0
    outer loop
      vertex 48.0032 -21.75 2.6
      vertex 47.9061 -21.3822 2.58
      vertex 47.9061 -21.3822 2.6
    endloop
  endfacet
  facet normal 0.966827 0.255412 0.00308339
    outer loop
      vertex 48.0032 -21.75 2.6
      vertex 48.0072 -21.7649 2.58
      vertex 47.9061 -21.3822 2.58
    endloop
  endfacet
  facet normal 0.965803 0.259276 -0
    outer loop
      vertex 48.0072 -21.7649 2.58
      vertex 48.0032 -21.75 2.6
      vertex 48.0072 -21.7649 6.58
    endloop
  endfacet
  facet normal 0 0 1
    outer loop
      vertex 54.05 -20.4 2.58
      vertex 57 -20.4 2.58
      vertex 56.983 -20.0046 2.58
    endloop
  endfacet
  facet normal 0 0 1
    outer loop
      vertex 54.0021 -20.0051 2.58
      vertex 56.983 -20.0046 2.58
      vertex 56.932 -19.6121 2.58
    endloop
  endfacet
  facet normal 0 0 1
    outer loop
      vertex 57 -20.4 2.58
      vertex 54.05 -20.4 2.58
      vertex 56.983 -20.7954 2.58
    endloop
  endfacet
  facet normal 0 0 1
    outer loop
      vertex 54.0021 -20.0051 2.58
      vertex 56.932 -19.6121 2.58
      vertex 56.8475 -19.2254 2.58
    endloop
  endfacet
  facet normal -0 0 1
    outer loop
      vertex 54.0021 -20.7949 2.58
      vertex 56.983 -20.7954 2.58
      vertex 54.05 -20.4 2.58
    endloop
  endfacet
  facet normal 0 0 1
    outer loop
      vertex 54.0021 -20.0051 2.58
      vertex 56.8475 -19.2254 2.58
      vertex 56.7301 -18.8474 2.58
    endloop
  endfacet
  facet normal 0 0 1
    outer loop
      vertex 56.983 -20.7954 2.58
      vertex 54.0021 -20.7949 2.58
      vertex 56.932 -21.1879 2.58
    endloop
  endfacet
  facet normal 0 0 1
    outer loop
      vertex 53.861 -19.6332 2.58
      vertex 56.7301 -18.8474 2.58
      vertex 56.5806 -18.4809 2.58
    endloop
  endfacet
  facet normal 0 0 1
    outer loop
      vertex 56.932 -21.1879 2.58
      vertex 54.0021 -20.7949 2.58
      vertex 56.8475 -21.5746 2.58
    endloop
  endfacet
  facet normal 0 0 1
    outer loop
      vertex 53.861 -19.6332 2.58
      vertex 56.5806 -18.4809 2.58
      vertex 56.4001 -18.1286 2.58
    endloop
  endfacet
  facet normal 0 0 1
    outer loop
      vertex 56.8475 -21.5746 2.58
      vertex 54.0021 -20.7949 2.58
      vertex 56.7301 -21.9526 2.58
    endloop
  endfacet
  facet normal 0 0 1
    outer loop
      vertex 53.861 -19.6332 2.58
      vertex 56.4001 -18.1286 2.58
      vertex 56.19 -17.7932 2.58
    endloop
  endfacet
  facet normal -0 0 1
    outer loop
      vertex 53.861 -21.1668 2.58
      vertex 56.7301 -21.9526 2.58
      vertex 54.0021 -20.7949 2.58
    endloop
  endfacet
  facet normal 0 0 1
    outer loop
      vertex 53.635 -19.3058 2.58
      vertex 56.19 -17.7932 2.58
      vertex 55.9519 -17.477 2.58
    endloop
  endfacet
  facet normal 0 0 1
    outer loop
      vertex 56.7301 -21.9526 2.58
      vertex 53.861 -21.1668 2.58
      vertex 56.5806 -22.3191 2.58
    endloop
  endfacet
  facet normal 0 0 1
    outer loop
      vertex 53.635 -19.3058 2.58
      vertex 55.9519 -17.477 2.58
      vertex 55.6875 -17.1825 2.58
    endloop
  endfacet
  facet normal 0 0 1
    outer loop
      vertex 56.5806 -22.3191 2.58
      vertex 53.861 -21.1668 2.58
      vertex 56.4001 -22.6714 2.58
    endloop
  endfacet
  facet normal 0 0 1
    outer loop
      vertex 53.635 -19.3058 2.58
      vertex 55.6875 -17.1825 2.58
      vertex 55.3987 -16.9118 2.58
    endloop
  endfacet
  facet normal 0 0 1
    outer loop
      vertex 56.4001 -22.6714 2.58
      vertex 53.861 -21.1668 2.58
      vertex 56.19 -23.0068 2.58
    endloop
  endfacet
  facet normal 0 0 1
    outer loop
      vertex 53.3373 -19.0421 2.58
      vertex 55.3987 -16.9118 2.58
      vertex 55.0878 -16.6669 2.58
    endloop
  endfacet
  facet normal -0 0 1
    outer loop
      vertex 53.635 -21.4942 2.58
      vertex 56.19 -23.0068 2.58
      vertex 53.861 -21.1668 2.58
    endloop
  endfacet
  facet normal 0 0 1
    outer loop
      vertex 53.3373 -19.0421 2.58
      vertex 55.0878 -16.6669 2.58
      vertex 54.7569 -16.4497 2.58
    endloop
  endfacet
  facet normal 0 0 1
    outer loop
      vertex 56.19 -23.0068 2.58
      vertex 53.635 -21.4942 2.58
      vertex 55.9519 -23.323 2.58
    endloop
  endfacet
  facet normal 0 0 1
    outer loop
      vertex 53.3373 -19.0421 2.58
      vertex 54.7569 -16.4497 2.58
      vertex 54.4086 -16.2617 2.58
    endloop
  endfacet
  facet normal 0 0 1
    outer loop
      vertex 55.9519 -23.323 2.58
      vertex 53.635 -21.4942 2.58
      vertex 55.6875 -23.6175 2.58
    endloop
  endfacet
  facet normal 0 0 1
    outer loop
      vertex 55.6875 -23.6175 2.58
      vertex 53.635 -21.4942 2.58
      vertex 55.3987 -23.8882 2.58
    endloop
  endfacet
  facet normal 0 0 1
    outer loop
      vertex 52.9851 -18.8572 2.58
      vertex 54.4086 -16.2617 2.58
      vertex 54.0454 -16.1043 2.58
    endloop
  endfacet
  facet normal 0 0 1
    outer loop
      vertex 56.983 -20.0046 2.58
      vertex 54.0021 -20.0051 2.58
      vertex 54.05 -20.4 2.58
    endloop
  endfacet
  facet normal 0 0 1
    outer loop
      vertex 56.7301 -18.8474 2.58
      vertex 53.861 -19.6332 2.58
      vertex 54.0021 -20.0051 2.58
    endloop
  endfacet
  facet normal 0 0 1
    outer loop
      vertex 52.9851 -18.8572 2.58
      vertex 54.0454 -16.1043 2.58
      vertex 53.67 -15.9788 2.58
    endloop
  endfacet
  facet normal 0 0 1
    outer loop
      vertex 56.19 -17.7932 2.58
      vertex 53.635 -19.3058 2.58
      vertex 53.861 -19.6332 2.58
    endloop
  endfacet
  facet normal 0 0 1
    outer loop
      vertex 55.3987 -16.9118 2.58
      vertex 53.3373 -19.0421 2.58
      vertex 53.635 -19.3058 2.58
    endloop
  endfacet
  facet normal 0 0 1
    outer loop
      vertex 52.5989 -18.762 2.58
      vertex 53.67 -15.9788 2.58
      vertex 53.2853 -15.886 2.58
    endloop
  endfacet
  facet normal 0 0 1
    outer loop
      vertex 54.4086 -16.2617 2.58
      vertex 52.9851 -18.8572 2.58
      vertex 53.3373 -19.0421 2.58
    endloop
  endfacet
  facet normal 0 0 1
    outer loop
      vertex 52.5989 -18.762 2.58
      vertex 53.2853 -15.886 2.58
      vertex 52.894 -15.8266 2.58
    endloop
  endfacet
  facet normal 0 0 1
    outer loop
      vertex 53.67 -15.9788 2.58
      vertex 52.5989 -18.762 2.58
      vertex 52.9851 -18.8572 2.58
    endloop
  endfacet
  facet normal 0 0 1
    outer loop
      vertex 52.499 -15.8011 2.58
      vertex 52.5989 -18.762 2.58
      vertex 52.894 -15.8266 2.58
    endloop
  endfacet
  facet normal 0 0 1
    outer loop
      vertex 52.499 -15.8011 2.58
      vertex 52.2011 -18.762 2.58
      vertex 52.5989 -18.762 2.58
    endloop
  endfacet
  facet normal -0 0 1
    outer loop
      vertex 52.1033 -15.8096 2.58
      vertex 52.2011 -18.762 2.58
      vertex 52.499 -15.8011 2.58
    endloop
  endfacet
  facet normal -0 0 1
    outer loop
      vertex 51.7097 -15.8521 2.58
      vertex 52.2011 -18.762 2.58
      vertex 52.1033 -15.8096 2.58
    endloop
  endfacet
  facet normal -0 0 1
    outer loop
      vertex 51.3213 -15.9283 2.58
      vertex 52.2011 -18.762 2.58
      vertex 51.7097 -15.8521 2.58
    endloop
  endfacet
  facet normal 0 0 1
    outer loop
      vertex 52.2011 -18.762 2.58
      vertex 51.3213 -15.9283 2.58
      vertex 51.8149 -18.8572 2.58
    endloop
  endfacet
  facet normal -0 0 1
    outer loop
      vertex 50.9409 -16.0375 2.58
      vertex 51.8149 -18.8572 2.58
      vertex 51.3213 -15.9283 2.58
    endloop
  endfacet
  facet normal -0 0 1
    outer loop
      vertex 50.5713 -16.1791 2.58
      vertex 51.8149 -18.8572 2.58
      vertex 50.9409 -16.0375 2.58
    endloop
  endfacet
  facet normal -0 0 1
    outer loop
      vertex 50.2152 -16.3519 2.58
      vertex 51.8149 -18.8572 2.58
      vertex 50.5713 -16.1791 2.58
    endloop
  endfacet
  facet normal 0 0 1
    outer loop
      vertex 51.8149 -18.8572 2.58
      vertex 50.2152 -16.3519 2.58
      vertex 51.4627 -19.0421 2.58
    endloop
  endfacet
  facet normal -0 0 1
    outer loop
      vertex 49.8753 -16.5547 2.58
      vertex 51.4627 -19.0421 2.58
      vertex 50.2152 -16.3519 2.58
    endloop
  endfacet
  facet normal -0 0 1
    outer loop
      vertex 49.5541 -16.786 2.58
      vertex 51.4627 -19.0421 2.58
      vertex 49.8753 -16.5547 2.58
    endloop
  endfacet
  facet normal -0 0 1
    outer loop
      vertex 49.254 -17.044 2.58
      vertex 51.4627 -19.0421 2.58
      vertex 49.5541 -16.786 2.58
    endloop
  endfacet
  facet normal -0 0 1
    outer loop
      vertex 53.3373 -21.7579 2.58
      vertex 55.3987 -23.8882 2.58
      vertex 53.635 -21.4942 2.58
    endloop
  endfacet
  facet normal 0 0 1
    outer loop
      vertex 55.3987 -23.8882 2.58
      vertex 53.3373 -21.7579 2.58
      vertex 55.0878 -24.1331 2.58
    endloop
  endfacet
  facet normal 0 0 1
    outer loop
      vertex 55.0878 -24.1331 2.58
      vertex 53.3373 -21.7579 2.58
      vertex 54.7569 -24.3503 2.58
    endloop
  endfacet
  facet normal 0 0 1
    outer loop
      vertex 54.7569 -24.3503 2.58
      vertex 53.3373 -21.7579 2.58
      vertex 54.4086 -24.5383 2.58
    endloop
  endfacet
  facet normal -0 0 1
    outer loop
      vertex 52.9851 -21.9428 2.58
      vertex 54.4086 -24.5383 2.58
      vertex 53.3373 -21.7579 2.58
    endloop
  endfacet
  facet normal 0 0 1
    outer loop
      vertex 54.4086 -24.5383 2.58
      vertex 52.9851 -21.9428 2.58
      vertex 54.0454 -24.6957 2.58
    endloop
  endfacet
  facet normal 0 0 1
    outer loop
      vertex 54.0454 -24.6957 2.58
      vertex 52.9851 -21.9428 2.58
      vertex 53.67 -24.8212 2.58
    endloop
  endfacet
  facet normal -0 0 1
    outer loop
      vertex 52.5989 -22.038 2.58
      vertex 53.67 -24.8212 2.58
      vertex 52.9851 -21.9428 2.58
    endloop
  endfacet
  facet normal 0 0 1
    outer loop
      vertex 53.67 -24.8212 2.58
      vertex 52.5989 -22.038 2.58
      vertex 53.2853 -24.914 2.58
    endloop
  endfacet
  facet normal 0 0 1
    outer loop
      vertex 53.2853 -24.914 2.58
      vertex 52.5989 -22.038 2.58
      vertex 52.894 -24.9734 2.58
    endloop
  endfacet
  facet normal 0 0 1
    outer loop
      vertex 52.5989 -22.038 2.58
      vertex 52.499 -24.9989 2.58
      vertex 52.894 -24.9734 2.58
    endloop
  endfacet
  facet normal -0 0 1
    outer loop
      vertex 52.2011 -22.038 2.58
      vertex 52.499 -24.9989 2.58
      vertex 52.5989 -22.038 2.58
    endloop
  endfacet
  facet normal 0 0 1
    outer loop
      vertex 52.2011 -22.038 2.58
      vertex 52.1033 -24.9904 2.58
      vertex 52.499 -24.9989 2.58
    endloop
  endfacet
  facet normal 0 0 1
    outer loop
      vertex 51.3213 -24.8717 2.58
      vertex 52.2011 -22.038 2.58
      vertex 51.8149 -21.9428 2.58
    endloop
  endfacet
  facet normal 0 0 1
    outer loop
      vertex 52.2011 -22.038 2.58
      vertex 51.7097 -24.9479 2.58
      vertex 52.1033 -24.9904 2.58
    endloop
  endfacet
  facet normal 0 0 1
    outer loop
      vertex 50.2152 -24.4481 2.58
      vertex 51.8149 -21.9428 2.58
      vertex 51.4627 -21.7579 2.58
    endloop
  endfacet
  facet normal 0 0 1
    outer loop
      vertex 52.2011 -22.038 2.58
      vertex 51.3213 -24.8717 2.58
      vertex 51.7097 -24.9479 2.58
    endloop
  endfacet
  facet normal 0 0 1
    outer loop
      vertex 49.254 -23.756 2.58
      vertex 51.4627 -21.7579 2.58
      vertex 51.165 -21.4942 2.58
    endloop
  endfacet
  facet normal 0 0 1
    outer loop
      vertex 51.8149 -21.9428 2.58
      vertex 50.9409 -24.7625 2.58
      vertex 51.3213 -24.8717 2.58
    endloop
  endfacet
  facet normal 0 0 1
    outer loop
      vertex 48.7256 -23.1675 2.58
      vertex 51.165 -21.4942 2.58
      vertex 50.939 -21.1668 2.58
    endloop
  endfacet
  facet normal 0 0 1
    outer loop
      vertex 48.1407 -22.1375 2.58
      vertex 50.939 -21.1668 2.58
      vertex 50.7979 -20.7949 2.58
    endloop
  endfacet
  facet normal 0 0 1
    outer loop
      vertex 47.8383 -20.9922 2.58
      vertex 50.7979 -20.7949 2.58
      vertex 50.75 -20.4 2.58
    endloop
  endfacet
  facet normal 0 0 1
    outer loop
      vertex 51.8149 -21.9428 2.58
      vertex 50.5713 -24.6209 2.58
      vertex 50.9409 -24.7625 2.58
    endloop
  endfacet
  facet normal 0 0 1
    outer loop
      vertex 51.4627 -19.0421 2.58
      vertex 49.254 -17.044 2.58
      vertex 51.165 -19.3058 2.58
    endloop
  endfacet
  facet normal -0 0 1
    outer loop
      vertex 48.9771 -17.3269 2.58
      vertex 51.165 -19.3058 2.58
      vertex 49.254 -17.044 2.58
    endloop
  endfacet
  facet normal 0 0 1
    outer loop
      vertex 51.8149 -21.9428 2.58
      vertex 50.2152 -24.4481 2.58
      vertex 50.5713 -24.6209 2.58
    endloop
  endfacet
  facet normal -0 0 1
    outer loop
      vertex 48.7256 -17.6325 2.58
      vertex 51.165 -19.3058 2.58
      vertex 48.9771 -17.3269 2.58
    endloop
  endfacet
  facet normal 0 0 1
    outer loop
      vertex 51.4627 -21.7579 2.58
      vertex 49.8753 -24.2453 2.58
      vertex 50.2152 -24.4481 2.58
    endloop
  endfacet
  facet normal 0 0 1
    outer loop
      vertex 51.165 -19.3058 2.58
      vertex 48.7256 -17.6325 2.58
      vertex 50.939 -19.6332 2.58
    endloop
  endfacet
  facet normal 0 0 1
    outer loop
      vertex 51.4627 -21.7579 2.58
      vertex 49.5541 -24.014 2.58
      vertex 49.8753 -24.2453 2.58
    endloop
  endfacet
  facet normal -0 0 1
    outer loop
      vertex 48.5013 -17.9586 2.58
      vertex 50.939 -19.6332 2.58
      vertex 48.7256 -17.6325 2.58
    endloop
  endfacet
  facet normal 0 0 1
    outer loop
      vertex 51.4627 -21.7579 2.58
      vertex 49.254 -23.756 2.58
      vertex 49.5541 -24.014 2.58
    endloop
  endfacet
  facet normal -0 0 1
    outer loop
      vertex 48.3059 -18.3028 2.58
      vertex 50.939 -19.6332 2.58
      vertex 48.5013 -17.9586 2.58
    endloop
  endfacet
  facet normal 0 0 1
    outer loop
      vertex 51.165 -21.4942 2.58
      vertex 48.9771 -23.4731 2.58
      vertex 49.254 -23.756 2.58
    endloop
  endfacet
  facet normal -0 0 1
    outer loop
      vertex 48.1407 -18.6625 2.58
      vertex 50.939 -19.6332 2.58
      vertex 48.3059 -18.3028 2.58
    endloop
  endfacet
  facet normal 0 0 1
    outer loop
      vertex 51.165 -21.4942 2.58
      vertex 48.7256 -23.1675 2.58
      vertex 48.9771 -23.4731 2.58
    endloop
  endfacet
  facet normal 0 0 1
    outer loop
      vertex 50.939 -19.6332 2.58
      vertex 48.1407 -18.6625 2.58
      vertex 50.7979 -20.0051 2.58
    endloop
  endfacet
  facet normal 0 0 1
    outer loop
      vertex 50.939 -21.1668 2.58
      vertex 48.5013 -22.8414 2.58
      vertex 48.7256 -23.1675 2.58
    endloop
  endfacet
  facet normal -0 0 1
    outer loop
      vertex 48.0072 -19.0351 2.58
      vertex 50.7979 -20.0051 2.58
      vertex 48.1407 -18.6625 2.58
    endloop
  endfacet
  facet normal 0 0 1
    outer loop
      vertex 50.939 -21.1668 2.58
      vertex 48.3059 -22.4972 2.58
      vertex 48.5013 -22.8414 2.58
    endloop
  endfacet
  facet normal -0 0 1
    outer loop
      vertex 47.9061 -19.4178 2.58
      vertex 50.7979 -20.0051 2.58
      vertex 48.0072 -19.0351 2.58
    endloop
  endfacet
  facet normal 0 0 1
    outer loop
      vertex 50.939 -21.1668 2.58
      vertex 48.1407 -22.1375 2.58
      vertex 48.3059 -22.4972 2.58
    endloop
  endfacet
  facet normal -0 0 1
    outer loop
      vertex 47.8383 -19.8078 2.58
      vertex 50.7979 -20.0051 2.58
      vertex 47.9061 -19.4178 2.58
    endloop
  endfacet
  facet normal 0 0 1
    outer loop
      vertex 50.7979 -20.7949 2.58
      vertex 48.0072 -21.7649 2.58
      vertex 48.1407 -22.1375 2.58
    endloop
  endfacet
  facet normal 0 0 1
    outer loop
      vertex 50.7979 -20.0051 2.58
      vertex 47.8383 -19.8078 2.58
      vertex 50.75 -20.4 2.58
    endloop
  endfacet
  facet normal 0 0 1
    outer loop
      vertex 50.7979 -20.7949 2.58
      vertex 47.9061 -21.3822 2.58
      vertex 48.0072 -21.7649 2.58
    endloop
  endfacet
  facet normal -0 0 1
    outer loop
      vertex 47.8043 -20.2021 2.58
      vertex 50.75 -20.4 2.58
      vertex 47.8383 -19.8078 2.58
    endloop
  endfacet
  facet normal 0 0 1
    outer loop
      vertex 50.7979 -20.7949 2.58
      vertex 47.8383 -20.9922 2.58
      vertex 47.9061 -21.3822 2.58
    endloop
  endfacet
  facet normal 0 0 1
    outer loop
      vertex 47.8043 -20.5979 2.58
      vertex 50.75 -20.4 2.58
      vertex 47.8043 -20.2021 2.58
    endloop
  endfacet
  facet normal 0 0 1
    outer loop
      vertex 50.75 -20.4 2.58
      vertex 47.8043 -20.5979 2.58
      vertex 47.8383 -20.9922 2.58
    endloop
  endfacet
  facet normal -0.798846 -0.601535 0
    outer loop
      vertex 56.19 -17.7932 2.58
      vertex 55.9519 -17.477 2.6
      vertex 55.9519 -17.477 2.58
    endloop
  endfacet
  facet normal -0.798846 -0.601535 0
    outer loop
      vertex 55.9519 -17.477 2.6
      vertex 56.19 -17.7932 2.58
      vertex 56.19 -17.7932 2.6
    endloop
  endfacet
  facet normal -0.847458 -0.530862 0
    outer loop
      vertex 56.4001 -18.1286 2.58
      vertex 56.19 -17.7932 2.6
      vertex 56.19 -17.7932 2.58
    endloop
  endfacet
  facet normal -0.847458 -0.530862 0
    outer loop
      vertex 56.19 -17.7932 2.6
      vertex 56.4001 -18.1286 2.58
      vertex 56.4001 -18.1286 2.6
    endloop
  endfacet
  facet normal -0.150082 -0.988674 0
    outer loop
      vertex 52.894 -15.8266 2.58
      vertex 53.2853 -15.886 2.6
      vertex 52.894 -15.8266 2.6
    endloop
  endfacet
  facet normal -0.150082 -0.988674 -0
    outer loop
      vertex 53.2853 -15.886 2.6
      vertex 52.894 -15.8266 2.58
      vertex 53.2853 -15.886 2.58
    endloop
  endfacet
  facet normal 0.436571 -0.89967 0
    outer loop
      vertex 50.2152 -16.3519 2.58
      vertex 50.5713 -16.1791 2.6
      vertex 50.2152 -16.3519 2.6
    endloop
  endfacet
  facet normal 0.436571 -0.89967 0
    outer loop
      vertex 50.5713 -16.1791 2.6
      vertex 50.2152 -16.3519 2.58
      vertex 50.5713 -16.1791 2.58
    endloop
  endfacet
  facet normal -0.150082 0.988674 0
    outer loop
      vertex 53.2853 -24.914 2.58
      vertex 52.894 -24.9734 2.6
      vertex 53.2853 -24.914 2.6
    endloop
  endfacet
  facet normal -0.150082 0.988674 0
    outer loop
      vertex 52.894 -24.9734 2.6
      vertex 53.2853 -24.914 2.58
      vertex 52.894 -24.9734 2.58
    endloop
  endfacet
  facet normal -0.317061 0.948405 0
    outer loop
      vertex 54.0454 -24.6957 2.58
      vertex 53.67 -24.8212 2.6
      vertex 54.0454 -24.6957 2.6
    endloop
  endfacet
  facet normal -0.317061 0.948405 0
    outer loop
      vertex 53.67 -24.8212 2.6
      vertex 54.0454 -24.6957 2.58
      vertex 53.67 -24.8212 2.58
    endloop
  endfacet
  facet normal -0.618792 0.785555 0
    outer loop
      vertex 55.3987 -23.8882 2.58
      vertex 55.0878 -24.1331 2.6
      vertex 55.3987 -23.8882 2.6
    endloop
  endfacet
  facet normal -0.618792 0.785555 0
    outer loop
      vertex 55.0878 -24.1331 2.6
      vertex 55.3987 -23.8882 2.58
      vertex 55.0878 -24.1331 2.58
    endloop
  endfacet
  facet normal -0.474989 0.879992 0
    outer loop
      vertex 54.7569 -24.3503 2.58
      vertex 54.4086 -24.5383 2.6
      vertex 54.7569 -24.3503 2.6
    endloop
  endfacet
  facet normal -0.474989 0.879992 0
    outer loop
      vertex 54.4086 -24.5383 2.6
      vertex 54.7569 -24.3503 2.58
      vertex 54.4086 -24.5383 2.58
    endloop
  endfacet
  facet normal -0.925929 0.377698 0
    outer loop
      vertex 56.5806 -22.3191 2.58
      vertex 56.7301 -21.9526 2.6
      vertex 56.7301 -21.9526 2.58
    endloop
  endfacet
  facet normal -0.925929 0.377698 0
    outer loop
      vertex 56.7301 -21.9526 2.6
      vertex 56.5806 -22.3191 2.58
      vertex 56.5806 -22.3191 2.6
    endloop
  endfacet
  facet normal -0.889988 0.455983 0
    outer loop
      vertex 56.4001 -22.6714 2.58
      vertex 56.5806 -22.3191 2.6
      vertex 56.5806 -22.3191 2.58
    endloop
  endfacet
  facet normal -0.889988 0.455983 0
    outer loop
      vertex 56.5806 -22.3191 2.6
      vertex 56.4001 -22.6714 2.58
      vertex 56.4001 -22.6714 2.6
    endloop
  endfacet
  facet normal -0.991664 0.128853 0
    outer loop
      vertex 56.932 -21.1879 2.58
      vertex 56.983 -20.7954 2.6
      vertex 56.983 -20.7954 2.58
    endloop
  endfacet
  facet normal -0.991664 0.128853 0
    outer loop
      vertex 56.983 -20.7954 2.6
      vertex 56.932 -21.1879 2.58
      vertex 56.932 -21.1879 2.6
    endloop
  endfacet
  facet normal 0.436571 0.89967 -0
    outer loop
      vertex 50.5713 -24.6209 2.58
      vertex 50.2152 -24.4481 2.6
      vertex 50.5713 -24.6209 2.6
    endloop
  endfacet
  facet normal 0.436571 0.89967 0
    outer loop
      vertex 50.2152 -24.4481 2.6
      vertex 50.5713 -24.6209 2.58
      vertex 50.2152 -24.4481 2.58
    endloop
  endfacet
  facet normal 0.275922 0.96118 -0
    outer loop
      vertex 51.3213 -24.8717 2.58
      vertex 50.9409 -24.7625 2.6
      vertex 51.3213 -24.8717 2.6
    endloop
  endfacet
  facet normal 0.275922 0.96118 0
    outer loop
      vertex 50.9409 -24.7625 2.6
      vertex 51.3213 -24.8717 2.58
      vertex 50.9409 -24.7625 2.58
    endloop
  endfacet
  facet normal 0.192519 0.981293 -0
    outer loop
      vertex 51.7097 -24.9479 2.58
      vertex 51.3213 -24.8717 2.6
      vertex 51.7097 -24.9479 2.6
    endloop
  endfacet
  facet normal 0.192519 0.981293 0
    outer loop
      vertex 51.3213 -24.8717 2.6
      vertex 51.7097 -24.9479 2.58
      vertex 51.3213 -24.8717 2.58
    endloop
  endfacet
  facet normal 0.107354 0.994221 -0
    outer loop
      vertex 52.1033 -24.9904 2.58
      vertex 51.7097 -24.9479 2.6
      vertex 52.1033 -24.9904 2.6
    endloop
  endfacet
  facet normal 0.107354 0.994221 0
    outer loop
      vertex 51.7097 -24.9479 2.6
      vertex 52.1033 -24.9904 2.58
      vertex 51.7097 -24.9479 2.58
    endloop
  endfacet
  facet normal 0.823917 0.566711 0
    outer loop
      vertex 48.7256 -23.1675 6.58
      vertex 48.5013 -22.8414 2.58
      vertex 48.5013 -22.8414 6.58
    endloop
  endfacet
  facet normal 0.823917 0.566711 0
    outer loop
      vertex 48.5013 -22.8414 2.58
      vertex 48.7256 -23.1675 6.58
      vertex 48.7256 -23.1675 2.58
    endloop
  endfacet
  facet normal 0.985223 0.171277 0
    outer loop
      vertex 47.9061 -21.3822 2.6
      vertex 47.8383 -20.9922 2.58
      vertex 47.8383 -20.9922 2.6
    endloop
  endfacet
  facet normal 0.985223 0.171277 0
    outer loop
      vertex 47.8383 -20.9922 2.58
      vertex 47.9061 -21.3822 2.6
      vertex 47.9061 -21.3822 2.58
    endloop
  endfacet
  facet normal 0.941398 -0.337297 0
    outer loop
      vertex 48.0072 -19.0351 2.6
      vertex 48.1407 -18.6625 2.58
      vertex 48.1407 -18.6625 2.6
    endloop
  endfacet
  facet normal 0.941398 -0.337297 0
    outer loop
      vertex 48.1407 -18.6625 2.58
      vertex 48.0072 -19.0351 2.6
      vertex 48.0072 -19.0351 2.58
    endloop
  endfacet
  facet normal 0.35776 -0.933814 0
    outer loop
      vertex 50.5713 -16.1791 2.58
      vertex 50.9409 -16.0375 2.6
      vertex 50.5713 -16.1791 2.6
    endloop
  endfacet
  facet normal 0.35776 -0.933814 0
    outer loop
      vertex 50.9409 -16.0375 2.6
      vertex 50.5713 -16.1791 2.58
      vertex 50.9409 -16.0375 2.58
    endloop
  endfacet
  facet normal -0.976948 0.213478 0
    outer loop
      vertex 56.8475 -21.5746 2.58
      vertex 56.932 -21.1879 2.6
      vertex 56.932 -21.1879 2.58
    endloop
  endfacet
  facet normal -0.976948 0.213478 0
    outer loop
      vertex 56.932 -21.1879 2.6
      vertex 56.8475 -21.5746 2.58
      vertex 56.8475 -21.5746 2.6
    endloop
  endfacet
  facet normal 0.772142 0.63545 0
    outer loop
      vertex 48.9771 -23.4731 6.58
      vertex 48.7256 -23.1675 2.58
      vertex 48.7256 -23.1675 6.58
    endloop
  endfacet
  facet normal 0.772142 0.63545 0
    outer loop
      vertex 48.7256 -23.1675 2.58
      vertex 48.9771 -23.4731 6.58
      vertex 48.9771 -23.4731 2.58
    endloop
  endfacet
  facet normal -0.999077 -0.0429548 0
    outer loop
      vertex 57 20.4 2.58
      vertex 56.983 20.7954 2.6
      vertex 56.983 20.7954 2.58
    endloop
  endfacet
  facet normal -0.999077 -0.0429548 0
    outer loop
      vertex 56.983 20.7954 2.6
      vertex 57 20.4 2.58
      vertex 57 20.4 2.6
    endloop
  endfacet
  facet normal 1 -0 0
    outer loop
      vertex 47.8043 20.2021 2.6
      vertex 47.8043 20.5979 2.58
      vertex 47.8043 20.5979 2.6
    endloop
  endfacet
  facet normal 1 0 0
    outer loop
      vertex 47.8043 20.5979 2.58
      vertex 47.8043 20.2021 2.6
      vertex 47.8043 20.2021 2.58
    endloop
  endfacet
  facet normal 0.021476 -0.999769 0
    outer loop
      vertex 52.1033 24.9904 2.58
      vertex 52.499 24.9989 2.6
      vertex 52.1033 24.9904 2.6
    endloop
  endfacet
  facet normal 0.021476 -0.999769 0
    outer loop
      vertex 52.499 24.9989 2.6
      vertex 52.1033 24.9904 2.58
      vertex 52.499 24.9989 2.58
    endloop
  endfacet
  facet normal -0.683874 -0.7296 0
    outer loop
      vertex 55.3987 23.8882 2.58
      vertex 55.6875 23.6175 2.6
      vertex 55.3987 23.8882 2.6
    endloop
  endfacet
  facet normal -0.683874 -0.7296 -0
    outer loop
      vertex 55.6875 23.6175 2.6
      vertex 55.3987 23.8882 2.58
      vertex 55.6875 23.6175 2.58
    endloop
  endfacet
  facet normal 0.71468 -0.699452 0
    outer loop
      vertex 49.2481 23.75 6.58
      vertex 48.9771 23.4731 6.58
      vertex 49.2481 23.75 2.6
    endloop
  endfacet
  facet normal 0.713024 -0.70114 0
    outer loop
      vertex 49.2481 23.75 2.6
      vertex 49.254 23.756 2.58
      vertex 49.254 23.756 2.6
    endloop
  endfacet
  facet normal 0.714644 -0.699487 0.000973826
    outer loop
      vertex 49.2481 23.75 2.6
      vertex 48.9771 23.4731 2.58
      vertex 49.254 23.756 2.58
    endloop
  endfacet
  facet normal 0.71468 -0.699452 0
    outer loop
      vertex 48.9771 23.4731 2.58
      vertex 49.2481 23.75 2.6
      vertex 48.9771 23.4731 6.58
    endloop
  endfacet
  facet normal 0.35776 -0.933814 0
    outer loop
      vertex 50.5713 24.6209 2.58
      vertex 50.9409 24.7625 2.6
      vertex 50.5713 24.6209 2.6
    endloop
  endfacet
  facet normal 0.35776 -0.933814 0
    outer loop
      vertex 50.9409 24.7625 2.6
      vertex 50.5713 24.6209 2.58
      vertex 50.9409 24.7625 2.58
    endloop
  endfacet
  facet normal -0.925929 -0.377698 0
    outer loop
      vertex 56.7301 21.9526 2.58
      vertex 56.5806 22.3191 2.6
      vertex 56.5806 22.3191 2.58
    endloop
  endfacet
  facet normal -0.925929 -0.377698 0
    outer loop
      vertex 56.5806 22.3191 2.6
      vertex 56.7301 21.9526 2.58
      vertex 56.7301 21.9526 2.6
    endloop
  endfacet
  facet normal -0.397636 -0.917543 0
    outer loop
      vertex 54.0454 24.6957 2.58
      vertex 54.4086 24.5383 2.6
      vertex 54.0454 24.6957 2.6
    endloop
  endfacet
  facet normal -0.397636 -0.917543 -0
    outer loop
      vertex 54.4086 24.5383 2.6
      vertex 54.0454 24.6957 2.58
      vertex 54.4086 24.5383 2.58
    endloop
  endfacet
  facet normal -0.548739 -0.835994 0
    outer loop
      vertex 54.7569 24.3503 2.58
      vertex 55.0878 24.1331 2.6
      vertex 54.7569 24.3503 2.6
    endloop
  endfacet
  facet normal -0.548739 -0.835994 -0
    outer loop
      vertex 55.0878 24.1331 2.6
      vertex 54.7569 24.3503 2.58
      vertex 55.0878 24.1331 2.58
    endloop
  endfacet
  facet normal 0.908742 -0.417359 0
    outer loop
      vertex 48.1407 22.1375 6.58
      vertex 48.3059 22.4972 2.58
      vertex 48.3059 22.4972 6.58
    endloop
  endfacet
  facet normal 0.908742 -0.417359 0
    outer loop
      vertex 48.3059 22.4972 2.58
      vertex 48.1407 22.1375 6.58
      vertex 48.1407 22.1375 2.58
    endloop
  endfacet
  facet normal 0.192519 -0.981293 0
    outer loop
      vertex 51.3213 24.8717 2.58
      vertex 51.7097 24.9479 2.6
      vertex 51.3213 24.8717 2.6
    endloop
  endfacet
  facet normal 0.192519 -0.981293 0
    outer loop
      vertex 51.7097 24.9479 2.6
      vertex 51.3213 24.8717 2.58
      vertex 51.7097 24.9479 2.58
    endloop
  endfacet
  facet normal -0.925929 0.377698 0
    outer loop
      vertex 56.5806 18.4809 2.58
      vertex 56.7301 18.8474 2.6
      vertex 56.7301 18.8474 2.58
    endloop
  endfacet
  facet normal -0.925929 0.377698 0
    outer loop
      vertex 56.7301 18.8474 2.6
      vertex 56.5806 18.4809 2.58
      vertex 56.5806 18.4809 2.6
    endloop
  endfacet
  facet normal 0 0 1
    outer loop
      vertex 54.05 20.4 2.58
      vertex 57 20.4 2.58
      vertex 56.983 20.7954 2.58
    endloop
  endfacet
  facet normal 0 0 1
    outer loop
      vertex 54.0021 20.7949 2.58
      vertex 56.983 20.7954 2.58
      vertex 56.932 21.1879 2.58
    endloop
  endfacet
  facet normal 0 0 1
    outer loop
      vertex 57 20.4 2.58
      vertex 54.05 20.4 2.58
      vertex 56.983 20.0046 2.58
    endloop
  endfacet
  facet normal 0 0 1
    outer loop
      vertex 54.0021 20.7949 2.58
      vertex 56.932 21.1879 2.58
      vertex 56.8475 21.5746 2.58
    endloop
  endfacet
  facet normal -0 0 1
    outer loop
      vertex 54.0021 20.0051 2.58
      vertex 56.983 20.0046 2.58
      vertex 54.05 20.4 2.58
    endloop
  endfacet
  facet normal 0 0 1
    outer loop
      vertex 54.0021 20.7949 2.58
      vertex 56.8475 21.5746 2.58
      vertex 56.7301 21.9526 2.58
    endloop
  endfacet
  facet normal 0 0 1
    outer loop
      vertex 56.983 20.0046 2.58
      vertex 54.0021 20.0051 2.58
      vertex 56.932 19.6121 2.58
    endloop
  endfacet
  facet normal 0 0 1
    outer loop
      vertex 53.861 21.1668 2.58
      vertex 56.7301 21.9526 2.58
      vertex 56.5806 22.3191 2.58
    endloop
  endfacet
  facet normal 0 0 1
    outer loop
      vertex 56.932 19.6121 2.58
      vertex 54.0021 20.0051 2.58
      vertex 56.8475 19.2254 2.58
    endloop
  endfacet
  facet normal 0 0 1
    outer loop
      vertex 53.861 21.1668 2.58
      vertex 56.5806 22.3191 2.58
      vertex 56.4001 22.6714 2.58
    endloop
  endfacet
  facet normal 0 0 1
    outer loop
      vertex 56.8475 19.2254 2.58
      vertex 54.0021 20.0051 2.58
      vertex 56.7301 18.8474 2.58
    endloop
  endfacet
  facet normal 0 0 1
    outer loop
      vertex 53.861 21.1668 2.58
      vertex 56.4001 22.6714 2.58
      vertex 56.19 23.0068 2.58
    endloop
  endfacet
  facet normal -0 0 1
    outer loop
      vertex 53.861 19.6332 2.58
      vertex 56.7301 18.8474 2.58
      vertex 54.0021 20.0051 2.58
    endloop
  endfacet
  facet normal 0 0 1
    outer loop
      vertex 53.635 21.4942 2.58
      vertex 56.19 23.0068 2.58
      vertex 55.9519 23.323 2.58
    endloop
  endfacet
  facet normal 0 0 1
    outer loop
      vertex 56.7301 18.8474 2.58
      vertex 53.861 19.6332 2.58
      vertex 56.5806 18.4809 2.58
    endloop
  endfacet
  facet normal 0 0 1
    outer loop
      vertex 53.635 21.4942 2.58
      vertex 55.9519 23.323 2.58
      vertex 55.6875 23.6175 2.58
    endloop
  endfacet
  facet normal 0 0 1
    outer loop
      vertex 56.5806 18.4809 2.58
      vertex 53.861 19.6332 2.58
      vertex 56.4001 18.1286 2.58
    endloop
  endfacet
  facet normal 0 0 1
    outer loop
      vertex 53.635 21.4942 2.58
      vertex 55.6875 23.6175 2.58
      vertex 55.3987 23.8882 2.58
    endloop
  endfacet
  facet normal 0 0 1
    outer loop
      vertex 56.4001 18.1286 2.58
      vertex 53.861 19.6332 2.58
      vertex 56.19 17.7932 2.58
    endloop
  endfacet
  facet normal 0 0 1
    outer loop
      vertex 53.3373 21.7579 2.58
      vertex 55.3987 23.8882 2.58
      vertex 55.0878 24.1331 2.58
    endloop
  endfacet
  facet normal -0 0 1
    outer loop
      vertex 53.635 19.3058 2.58
      vertex 56.19 17.7932 2.58
      vertex 53.861 19.6332 2.58
    endloop
  endfacet
  facet normal 0 0 1
    outer loop
      vertex 53.3373 21.7579 2.58
      vertex 55.0878 24.1331 2.58
      vertex 54.7569 24.3503 2.58
    endloop
  endfacet
  facet normal 0 0 1
    outer loop
      vertex 56.19 17.7932 2.58
      vertex 53.635 19.3058 2.58
      vertex 55.9519 17.477 2.58
    endloop
  endfacet
  facet normal 0 0 1
    outer loop
      vertex 53.3373 21.7579 2.58
      vertex 54.7569 24.3503 2.58
      vertex 54.4086 24.5383 2.58
    endloop
  endfacet
  facet normal 0 0 1
    outer loop
      vertex 55.9519 17.477 2.58
      vertex 53.635 19.3058 2.58
      vertex 55.6875 17.1825 2.58
    endloop
  endfacet
  facet normal 0 0 1
    outer loop
      vertex 55.6875 17.1825 2.58
      vertex 53.635 19.3058 2.58
      vertex 55.3987 16.9118 2.58
    endloop
  endfacet
  facet normal 0 0 1
    outer loop
      vertex 52.9851 21.9428 2.58
      vertex 54.4086 24.5383 2.58
      vertex 54.0454 24.6957 2.58
    endloop
  endfacet
  facet normal 0 0 1
    outer loop
      vertex 56.983 20.7954 2.58
      vertex 54.0021 20.7949 2.58
      vertex 54.05 20.4 2.58
    endloop
  endfacet
  facet normal 0 0 1
    outer loop
      vertex 56.7301 21.9526 2.58
      vertex 53.861 21.1668 2.58
      vertex 54.0021 20.7949 2.58
    endloop
  endfacet
  facet normal 0 0 1
    outer loop
      vertex 52.9851 21.9428 2.58
      vertex 54.0454 24.6957 2.58
      vertex 53.67 24.8212 2.58
    endloop
  endfacet
  facet normal 0 0 1
    outer loop
      vertex 56.19 23.0068 2.58
      vertex 53.635 21.4942 2.58
      vertex 53.861 21.1668 2.58
    endloop
  endfacet
  facet normal 0 0 1
    outer loop
      vertex 55.3987 23.8882 2.58
      vertex 53.3373 21.7579 2.58
      vertex 53.635 21.4942 2.58
    endloop
  endfacet
  facet normal 0 0 1
    outer loop
      vertex 52.5989 22.038 2.58
      vertex 53.67 24.8212 2.58
      vertex 53.2853 24.914 2.58
    endloop
  endfacet
  facet normal 0 0 1
    outer loop
      vertex 54.4086 24.5383 2.58
      vertex 52.9851 21.9428 2.58
      vertex 53.3373 21.7579 2.58
    endloop
  endfacet
  facet normal 0 0 1
    outer loop
      vertex 52.5989 22.038 2.58
      vertex 53.2853 24.914 2.58
      vertex 52.894 24.9734 2.58
    endloop
  endfacet
  facet normal 0 0 1
    outer loop
      vertex 53.67 24.8212 2.58
      vertex 52.5989 22.038 2.58
      vertex 52.9851 21.9428 2.58
    endloop
  endfacet
  facet normal 0 0 1
    outer loop
      vertex 52.499 24.9989 2.58
      vertex 52.5989 22.038 2.58
      vertex 52.894 24.9734 2.58
    endloop
  endfacet
  facet normal 0 0 1
    outer loop
      vertex 52.499 24.9989 2.58
      vertex 52.2011 22.038 2.58
      vertex 52.5989 22.038 2.58
    endloop
  endfacet
  facet normal -0 0 1
    outer loop
      vertex 52.1033 24.9904 2.58
      vertex 52.2011 22.038 2.58
      vertex 52.499 24.9989 2.58
    endloop
  endfacet
  facet normal -0 0 1
    outer loop
      vertex 51.7097 24.9479 2.58
      vertex 52.2011 22.038 2.58
      vertex 52.1033 24.9904 2.58
    endloop
  endfacet
  facet normal -0 0 1
    outer loop
      vertex 51.3213 24.8717 2.58
      vertex 52.2011 22.038 2.58
      vertex 51.7097 24.9479 2.58
    endloop
  endfacet
  facet normal 0 0 1
    outer loop
      vertex 52.2011 22.038 2.58
      vertex 51.3213 24.8717 2.58
      vertex 51.8149 21.9428 2.58
    endloop
  endfacet
  facet normal -0 0 1
    outer loop
      vertex 50.9409 24.7625 2.58
      vertex 51.8149 21.9428 2.58
      vertex 51.3213 24.8717 2.58
    endloop
  endfacet
  facet normal -0 0 1
    outer loop
      vertex 50.5713 24.6209 2.58
      vertex 51.8149 21.9428 2.58
      vertex 50.9409 24.7625 2.58
    endloop
  endfacet
  facet normal -0 0 1
    outer loop
      vertex 50.2152 24.4481 2.58
      vertex 51.8149 21.9428 2.58
      vertex 50.5713 24.6209 2.58
    endloop
  endfacet
  facet normal 0 0 1
    outer loop
      vertex 51.8149 21.9428 2.58
      vertex 50.2152 24.4481 2.58
      vertex 51.4627 21.7579 2.58
    endloop
  endfacet
  facet normal -0 0 1
    outer loop
      vertex 49.8753 24.2453 2.58
      vertex 51.4627 21.7579 2.58
      vertex 50.2152 24.4481 2.58
    endloop
  endfacet
  facet normal -0 0 1
    outer loop
      vertex 49.5541 24.014 2.58
      vertex 51.4627 21.7579 2.58
      vertex 49.8753 24.2453 2.58
    endloop
  endfacet
  facet normal -0 0 1
    outer loop
      vertex 49.254 23.756 2.58
      vertex 51.4627 21.7579 2.58
      vertex 49.5541 24.014 2.58
    endloop
  endfacet
  facet normal -0 0 1
    outer loop
      vertex 53.3373 19.0421 2.58
      vertex 55.3987 16.9118 2.58
      vertex 53.635 19.3058 2.58
    endloop
  endfacet
  facet normal 0 0 1
    outer loop
      vertex 55.3987 16.9118 2.58
      vertex 53.3373 19.0421 2.58
      vertex 55.0878 16.6669 2.58
    endloop
  endfacet
  facet normal 0 0 1
    outer loop
      vertex 55.0878 16.6669 2.58
      vertex 53.3373 19.0421 2.58
      vertex 54.7569 16.4497 2.58
    endloop
  endfacet
  facet normal 0 0 1
    outer loop
      vertex 54.7569 16.4497 2.58
      vertex 53.3373 19.0421 2.58
      vertex 54.4086 16.2617 2.58
    endloop
  endfacet
  facet normal -0 0 1
    outer loop
      vertex 52.9851 18.8572 2.58
      vertex 54.4086 16.2617 2.58
      vertex 53.3373 19.0421 2.58
    endloop
  endfacet
  facet normal 0 0 1
    outer loop
      vertex 54.4086 16.2617 2.58
      vertex 52.9851 18.8572 2.58
      vertex 54.0454 16.1043 2.58
    endloop
  endfacet
  facet normal 0 0 1
    outer loop
      vertex 54.0454 16.1043 2.58
      vertex 52.9851 18.8572 2.58
      vertex 53.67 15.9788 2.58
    endloop
  endfacet
  facet normal -0 0 1
    outer loop
      vertex 52.5989 18.762 2.58
      vertex 53.67 15.9788 2.58
      vertex 52.9851 18.8572 2.58
    endloop
  endfacet
  facet normal 0 0 1
    outer loop
      vertex 53.67 15.9788 2.58
      vertex 52.5989 18.762 2.58
      vertex 53.2853 15.886 2.58
    endloop
  endfacet
  facet normal 0 0 1
    outer loop
      vertex 53.2853 15.886 2.58
      vertex 52.5989 18.762 2.58
      vertex 52.894 15.8266 2.58
    endloop
  endfacet
  facet normal 0 0 1
    outer loop
      vertex 52.5989 18.762 2.58
      vertex 52.499 15.8011 2.58
      vertex 52.894 15.8266 2.58
    endloop
  endfacet
  facet normal -0 0 1
    outer loop
      vertex 52.2011 18.762 2.58
      vertex 52.499 15.8011 2.58
      vertex 52.5989 18.762 2.58
    endloop
  endfacet
  facet normal 0 0 1
    outer loop
      vertex 52.2011 18.762 2.58
      vertex 52.1033 15.8096 2.58
      vertex 52.499 15.8011 2.58
    endloop
  endfacet
  facet normal 0 0 1
    outer loop
      vertex 51.3213 15.9283 2.58
      vertex 52.2011 18.762 2.58
      vertex 51.8149 18.8572 2.58
    endloop
  endfacet
  facet normal 0 0 1
    outer loop
      vertex 52.2011 18.762 2.58
      vertex 51.7097 15.8521 2.58
      vertex 52.1033 15.8096 2.58
    endloop
  endfacet
  facet normal 0 0 1
    outer loop
      vertex 50.2152 16.3519 2.58
      vertex 51.8149 18.8572 2.58
      vertex 51.4627 19.0421 2.58
    endloop
  endfacet
  facet normal 0 0 1
    outer loop
      vertex 52.2011 18.762 2.58
      vertex 51.3213 15.9283 2.58
      vertex 51.7097 15.8521 2.58
    endloop
  endfacet
  facet normal 0 0 1
    outer loop
      vertex 49.254 17.044 2.58
      vertex 51.4627 19.0421 2.58
      vertex 51.165 19.3058 2.58
    endloop
  endfacet
  facet normal 0 0 1
    outer loop
      vertex 51.8149 18.8572 2.58
      vertex 50.9409 16.0375 2.58
      vertex 51.3213 15.9283 2.58
    endloop
  endfacet
  facet normal 0 0 1
    outer loop
      vertex 48.7256 17.6325 2.58
      vertex 51.165 19.3058 2.58
      vertex 50.939 19.6332 2.58
    endloop
  endfacet
  facet normal 0 0 1
    outer loop
      vertex 48.1407 18.6625 2.58
      vertex 50.939 19.6332 2.58
      vertex 50.7979 20.0051 2.58
    endloop
  endfacet
  facet normal 0 0 1
    outer loop
      vertex 47.8383 19.8078 2.58
      vertex 50.7979 20.0051 2.58
      vertex 50.75 20.4 2.58
    endloop
  endfacet
  facet normal 0 0 1
    outer loop
      vertex 51.8149 18.8572 2.58
      vertex 50.5713 16.1791 2.58
      vertex 50.9409 16.0375 2.58
    endloop
  endfacet
  facet normal 0 0 1
    outer loop
      vertex 51.4627 21.7579 2.58
      vertex 49.254 23.756 2.58
      vertex 51.165 21.4942 2.58
    endloop
  endfacet
  facet normal -0 0 1
    outer loop
      vertex 48.9771 23.4731 2.58
      vertex 51.165 21.4942 2.58
      vertex 49.254 23.756 2.58
    endloop
  endfacet
  facet normal 0 0 1
    outer loop
      vertex 51.8149 18.8572 2.58
      vertex 50.2152 16.3519 2.58
      vertex 50.5713 16.1791 2.58
    endloop
  endfacet
  facet normal -0 0 1
    outer loop
      vertex 48.7256 23.1675 2.58
      vertex 51.165 21.4942 2.58
      vertex 48.9771 23.4731 2.58
    endloop
  endfacet
  facet normal 0 0 1
    outer loop
      vertex 51.4627 19.0421 2.58
      vertex 49.8753 16.5547 2.58
      vertex 50.2152 16.3519 2.58
    endloop
  endfacet
  facet normal 0 0 1
    outer loop
      vertex 51.165 21.4942 2.58
      vertex 48.7256 23.1675 2.58
      vertex 50.939 21.1668 2.58
    endloop
  endfacet
  facet normal 0 0 1
    outer loop
      vertex 51.4627 19.0421 2.58
      vertex 49.5541 16.786 2.58
      vertex 49.8753 16.5547 2.58
    endloop
  endfacet
  facet normal -0 0 1
    outer loop
      vertex 48.5013 22.8414 2.58
      vertex 50.939 21.1668 2.58
      vertex 48.7256 23.1675 2.58
    endloop
  endfacet
  facet normal 0 0 1
    outer loop
      vertex 51.4627 19.0421 2.58
      vertex 49.254 17.044 2.58
      vertex 49.5541 16.786 2.58
    endloop
  endfacet
  facet normal -0 0 1
    outer loop
      vertex 48.3059 22.4972 2.58
      vertex 50.939 21.1668 2.58
      vertex 48.5013 22.8414 2.58
    endloop
  endfacet
  facet normal 0 0 1
    outer loop
      vertex 51.165 19.3058 2.58
      vertex 48.9771 17.3269 2.58
      vertex 49.254 17.044 2.58
    endloop
  endfacet
  facet normal -0 0 1
    outer loop
      vertex 48.1407 22.1375 2.58
      vertex 50.939 21.1668 2.58
      vertex 48.3059 22.4972 2.58
    endloop
  endfacet
  facet normal 0 0 1
    outer loop
      vertex 51.165 19.3058 2.58
      vertex 48.7256 17.6325 2.58
      vertex 48.9771 17.3269 2.58
    endloop
  endfacet
  facet normal 0 0 1
    outer loop
      vertex 50.939 21.1668 2.58
      vertex 48.1407 22.1375 2.58
      vertex 50.7979 20.7949 2.58
    endloop
  endfacet
  facet normal 0 0 1
    outer loop
      vertex 50.939 19.6332 2.58
      vertex 48.5013 17.9586 2.58
      vertex 48.7256 17.6325 2.58
    endloop
  endfacet
  facet normal -0 0 1
    outer loop
      vertex 48.0072 21.7649 2.58
      vertex 50.7979 20.7949 2.58
      vertex 48.1407 22.1375 2.58
    endloop
  endfacet
  facet normal 0 0 1
    outer loop
      vertex 50.939 19.6332 2.58
      vertex 48.3059 18.3028 2.58
      vertex 48.5013 17.9586 2.58
    endloop
  endfacet
  facet normal -0 0 1
    outer loop
      vertex 47.9061 21.3822 2.58
      vertex 50.7979 20.7949 2.58
      vertex 48.0072 21.7649 2.58
    endloop
  endfacet
  facet normal 0 0 1
    outer loop
      vertex 50.939 19.6332 2.58
      vertex 48.1407 18.6625 2.58
      vertex 48.3059 18.3028 2.58
    endloop
  endfacet
  facet normal -0 0 1
    outer loop
      vertex 47.8383 20.9922 2.58
      vertex 50.7979 20.7949 2.58
      vertex 47.9061 21.3822 2.58
    endloop
  endfacet
  facet normal 0 0 1
    outer loop
      vertex 50.7979 20.0051 2.58
      vertex 48.0072 19.0351 2.58
      vertex 48.1407 18.6625 2.58
    endloop
  endfacet
  facet normal 0 0 1
    outer loop
      vertex 50.7979 20.7949 2.58
      vertex 47.8383 20.9922 2.58
      vertex 50.75 20.4 2.58
    endloop
  endfacet
  facet normal 0 0 1
    outer loop
      vertex 50.7979 20.0051 2.58
      vertex 47.9061 19.4178 2.58
      vertex 48.0072 19.0351 2.58
    endloop
  endfacet
  facet normal -0 0 1
    outer loop
      vertex 47.8043 20.5979 2.58
      vertex 50.75 20.4 2.58
      vertex 47.8383 20.9922 2.58
    endloop
  endfacet
  facet normal 0 0 1
    outer loop
      vertex 50.7979 20.0051 2.58
      vertex 47.8383 19.8078 2.58
      vertex 47.9061 19.4178 2.58
    endloop
  endfacet
  facet normal 0 0 1
    outer loop
      vertex 47.8043 20.2021 2.58
      vertex 50.75 20.4 2.58
      vertex 47.8043 20.5979 2.58
    endloop
  endfacet
  facet normal 0 0 1
    outer loop
      vertex 50.75 20.4 2.58
      vertex 47.8043 20.2021 2.58
      vertex 47.8383 19.8078 2.58
    endloop
  endfacet
  facet normal -0.976948 -0.213478 0
    outer loop
      vertex 56.932 21.1879 2.58
      vertex 56.8475 21.5746 2.6
      vertex 56.8475 21.5746 2.58
    endloop
  endfacet
  facet normal -0.976948 -0.213478 0
    outer loop
      vertex 56.8475 21.5746 2.6
      vertex 56.932 21.1879 2.58
      vertex 56.932 21.1879 2.6
    endloop
  endfacet
  facet normal -0.991664 -0.128853 0
    outer loop
      vertex 56.983 20.7954 2.58
      vertex 56.932 21.1879 2.6
      vertex 56.932 21.1879 2.58
    endloop
  endfacet
  facet normal -0.991664 -0.128853 0
    outer loop
      vertex 56.932 21.1879 2.6
      vertex 56.983 20.7954 2.58
      vertex 56.983 20.7954 2.6
    endloop
  endfacet
  facet normal -0.955 -0.296606 0
    outer loop
      vertex 56.8475 21.5746 2.58
      vertex 56.7301 21.9526 2.6
      vertex 56.7301 21.9526 2.58
    endloop
  endfacet
  facet normal -0.955 -0.296606 0
    outer loop
      vertex 56.7301 21.9526 2.6
      vertex 56.8475 21.5746 2.58
      vertex 56.8475 21.5746 2.6
    endloop
  endfacet
  facet normal -0.798846 -0.601535 0
    outer loop
      vertex 56.19 23.0068 2.58
      vertex 55.9519 23.323 2.6
      vertex 55.9519 23.323 2.58
    endloop
  endfacet
  facet normal -0.798846 -0.601535 0
    outer loop
      vertex 55.9519 23.323 2.6
      vertex 56.19 23.0068 2.58
      vertex 56.19 23.0068 2.6
    endloop
  endfacet
  facet normal -0.74411 -0.668057 0
    outer loop
      vertex 55.9519 23.323 2.58
      vertex 55.6875 23.6175 2.6
      vertex 55.6875 23.6175 2.58
    endloop
  endfacet
  facet normal -0.74411 -0.668057 0
    outer loop
      vertex 55.6875 23.6175 2.6
      vertex 55.9519 23.323 2.58
      vertex 55.9519 23.323 2.6
    endloop
  endfacet
  facet normal -0.847458 -0.530862 0
    outer loop
      vertex 56.4001 22.6714 2.58
      vertex 56.19 23.0068 2.6
      vertex 56.19 23.0068 2.58
    endloop
  endfacet
  facet normal -0.847458 -0.530862 0
    outer loop
      vertex 56.19 23.0068 2.6
      vertex 56.4001 22.6714 2.58
      vertex 56.4001 22.6714 2.6
    endloop
  endfacet
  facet normal -0.150082 -0.988674 0
    outer loop
      vertex 52.894 24.9734 2.58
      vertex 53.2853 24.914 2.6
      vertex 52.894 24.9734 2.6
    endloop
  endfacet
  facet normal -0.150082 -0.988674 -0
    outer loop
      vertex 53.2853 24.914 2.6
      vertex 52.894 24.9734 2.58
      vertex 53.2853 24.914 2.58
    endloop
  endfacet
  facet normal -0.317061 -0.948405 0
    outer loop
      vertex 53.67 24.8212 2.58
      vertex 54.0454 24.6957 2.6
      vertex 53.67 24.8212 2.6
    endloop
  endfacet
  facet normal -0.317061 -0.948405 -0
    outer loop
      vertex 54.0454 24.6957 2.6
      vertex 53.67 24.8212 2.58
      vertex 54.0454 24.6957 2.58
    endloop
  endfacet
  facet normal -0.0644229 -0.997923 0
    outer loop
      vertex 52.499 24.9989 2.58
      vertex 52.894 24.9734 2.6
      vertex 52.499 24.9989 2.6
    endloop
  endfacet
  facet normal -0.0644229 -0.997923 -0
    outer loop
      vertex 52.894 24.9734 2.6
      vertex 52.499 24.9989 2.58
      vertex 52.894 24.9734 2.58
    endloop
  endfacet
  facet normal -0.474989 -0.879992 0
    outer loop
      vertex 54.4086 24.5383 2.58
      vertex 54.7569 24.3503 2.6
      vertex 54.4086 24.5383 2.6
    endloop
  endfacet
  facet normal -0.474989 -0.879992 -0
    outer loop
      vertex 54.7569 24.3503 2.6
      vertex 54.4086 24.5383 2.58
      vertex 54.7569 24.3503 2.58
    endloop
  endfacet
  facet normal -0.618792 -0.785555 0
    outer loop
      vertex 55.0878 24.1331 2.58
      vertex 55.3987 23.8882 2.6
      vertex 55.0878 24.1331 2.6
    endloop
  endfacet
  facet normal -0.618792 -0.785555 -0
    outer loop
      vertex 55.3987 23.8882 2.6
      vertex 55.0878 24.1331 2.58
      vertex 55.3987 23.8882 2.58
    endloop
  endfacet
  facet normal 0.985223 -0.171277 0
    outer loop
      vertex 47.8383 20.9922 2.6
      vertex 47.9061 21.3822 2.58
      vertex 47.9061 21.3822 2.6
    endloop
  endfacet
  facet normal 0.985223 -0.171277 0
    outer loop
      vertex 47.9061 21.3822 2.58
      vertex 47.8383 20.9922 2.6
      vertex 47.8383 20.9922 2.58
    endloop
  endfacet
  facet normal 0.823917 -0.566711 0
    outer loop
      vertex 48.5013 22.8414 6.58
      vertex 48.7256 23.1675 2.58
      vertex 48.7256 23.1675 6.58
    endloop
  endfacet
  facet normal 0.823917 -0.566711 0
    outer loop
      vertex 48.7256 23.1675 2.58
      vertex 48.5013 22.8414 6.58
      vertex 48.5013 22.8414 2.58
    endloop
  endfacet
  facet normal 0.772142 -0.63545 0
    outer loop
      vertex 48.7256 23.1675 6.58
      vertex 48.9771 23.4731 2.58
      vertex 48.9771 23.4731 6.58
    endloop
  endfacet
  facet normal 0.772142 -0.63545 0
    outer loop
      vertex 48.9771 23.4731 2.58
      vertex 48.7256 23.1675 6.58
      vertex 48.7256 23.1675 2.58
    endloop
  endfacet
  facet normal 0.869639 -0.493688 0
    outer loop
      vertex 48.3059 22.4972 6.58
      vertex 48.5013 22.8414 2.58
      vertex 48.5013 22.8414 6.58
    endloop
  endfacet
  facet normal 0.869639 -0.493688 0
    outer loop
      vertex 48.5013 22.8414 2.58
      vertex 48.3059 22.4972 6.58
      vertex 48.3059 22.4972 2.58
    endloop
  endfacet
  facet normal 0.996303 -0.08591 0
    outer loop
      vertex 47.8043 20.5979 2.6
      vertex 47.8383 20.9922 2.58
      vertex 47.8383 20.9922 2.6
    endloop
  endfacet
  facet normal 0.996303 -0.08591 0
    outer loop
      vertex 47.8383 20.9922 2.58
      vertex 47.8043 20.5979 2.6
      vertex 47.8043 20.5979 2.58
    endloop
  endfacet
  facet normal 0.512376 -0.858761 0
    outer loop
      vertex 49.8753 24.2453 2.58
      vertex 50.2152 24.4481 2.6
      vertex 49.8753 24.2453 2.6
    endloop
  endfacet
  facet normal 0.512376 -0.858761 0
    outer loop
      vertex 50.2152 24.4481 2.6
      vertex 49.8753 24.2453 2.58
      vertex 50.2152 24.4481 2.58
    endloop
  endfacet
  facet normal 0.436571 -0.89967 0
    outer loop
      vertex 50.2152 24.4481 2.58
      vertex 50.5713 24.6209 2.6
      vertex 50.2152 24.4481 2.6
    endloop
  endfacet
  facet normal 0.436571 -0.89967 0
    outer loop
      vertex 50.5713 24.6209 2.6
      vertex 50.2152 24.4481 2.58
      vertex 50.5713 24.6209 2.58
    endloop
  endfacet
  facet normal 0.275922 -0.96118 0
    outer loop
      vertex 50.9409 24.7625 2.58
      vertex 51.3213 24.8717 2.6
      vertex 50.9409 24.7625 2.6
    endloop
  endfacet
  facet normal 0.275922 -0.96118 0
    outer loop
      vertex 51.3213 24.8717 2.6
      vertex 50.9409 24.7625 2.58
      vertex 51.3213 24.8717 2.58
    endloop
  endfacet
  facet normal 0.107354 -0.994221 0
    outer loop
      vertex 51.7097 24.9479 2.58
      vertex 52.1033 24.9904 2.6
      vertex 51.7097 24.9479 2.6
    endloop
  endfacet
  facet normal 0.107354 -0.994221 0
    outer loop
      vertex 52.1033 24.9904 2.6
      vertex 51.7097 24.9479 2.58
      vertex 52.1033 24.9904 2.58
    endloop
  endfacet
  facet normal -0.999077 0.0429548 0
    outer loop
      vertex 56.983 20.0046 2.58
      vertex 57 20.4 2.6
      vertex 57 20.4 2.58
    endloop
  endfacet
  facet normal -0.999077 0.0429548 0
    outer loop
      vertex 57 20.4 2.6
      vertex 56.983 20.0046 2.58
      vertex 56.983 20.0046 2.6
    endloop
  endfacet
  facet normal -0.0644229 0.997923 0
    outer loop
      vertex 52.894 15.8266 2.58
      vertex 52.499 15.8011 2.6
      vertex 52.894 15.8266 2.6
    endloop
  endfacet
  facet normal -0.0644229 0.997923 0
    outer loop
      vertex 52.499 15.8011 2.6
      vertex 52.894 15.8266 2.58
      vertex 52.499 15.8011 2.58
    endloop
  endfacet
  facet normal -0.234501 0.972116 0
    outer loop
      vertex 53.67 15.9788 2.58
      vertex 53.2853 15.886 2.6
      vertex 53.67 15.9788 2.6
    endloop
  endfacet
  facet normal -0.234501 0.972116 0
    outer loop
      vertex 53.2853 15.886 2.6
      vertex 53.67 15.9788 2.58
      vertex 53.2853 15.886 2.58
    endloop
  endfacet
  facet normal -0.548739 0.835994 0
    outer loop
      vertex 55.0878 16.6669 2.58
      vertex 54.7569 16.4497 6.58
      vertex 55.0878 16.6669 6.58
    endloop
  endfacet
  facet normal -0.548739 0.835994 0
    outer loop
      vertex 54.7569 16.4497 6.58
      vertex 55.0878 16.6669 2.58
      vertex 54.7569 16.4497 2.58
    endloop
  endfacet
  facet normal -0.397636 0.917543 0
    outer loop
      vertex 54.4086 16.2617 2.58
      vertex 54.0454 16.1043 6.58
      vertex 54.4086 16.2617 6.58
    endloop
  endfacet
  facet normal -0.397636 0.917543 0
    outer loop
      vertex 54.0454 16.1043 6.58
      vertex 54.4086 16.2617 2.58
      vertex 54.0454 16.1043 2.58
    endloop
  endfacet
  facet normal -0.744133 0.668032 0
    outer loop
      vertex 55.9519 17.477 2.58
      vertex 55.75 17.2521 2.6
      vertex 55.9519 17.477 2.6
    endloop
  endfacet
  facet normal -0.74411 0.668057 0.000506601
    outer loop
      vertex 55.6875 17.1825 2.58
      vertex 55.75 17.2521 2.6
      vertex 55.9519 17.477 2.58
    endloop
  endfacet
  facet normal -0.744038 0.668137 0
    outer loop
      vertex 55.6875 17.1825 6.58
      vertex 55.75 17.2521 2.6
      vertex 55.6875 17.1825 2.58
    endloop
  endfacet
  facet normal -0.744038 0.668137 0
    outer loop
      vertex 55.75 17.2521 2.6
      vertex 55.6875 17.1825 6.58
      vertex 55.75 17.2521 6.58
    endloop
  endfacet
  facet normal -0.847458 0.530862 0
    outer loop
      vertex 56.19 17.7932 2.58
      vertex 56.4001 18.1286 2.6
      vertex 56.4001 18.1286 2.58
    endloop
  endfacet
  facet normal -0.847458 0.530862 0
    outer loop
      vertex 56.4001 18.1286 2.6
      vertex 56.19 17.7932 2.58
      vertex 56.19 17.7932 2.6
    endloop
  endfacet
  facet normal 0.651914 0.758293 -0
    outer loop
      vertex 49.5541 16.786 2.58
      vertex 49.254 17.044 2.6
      vertex 49.5541 16.786 2.6
    endloop
  endfacet
  facet normal 0.651914 0.758293 0
    outer loop
      vertex 49.254 17.044 2.6
      vertex 49.5541 16.786 2.58
      vertex 49.254 17.044 2.58
    endloop
  endfacet
  facet normal 0.512376 0.858761 -0
    outer loop
      vertex 50.2152 16.3519 2.58
      vertex 49.8753 16.5547 2.6
      vertex 50.2152 16.3519 2.6
    endloop
  endfacet
  facet normal 0.512376 0.858761 0
    outer loop
      vertex 49.8753 16.5547 2.6
      vertex 50.2152 16.3519 2.58
      vertex 49.8753 16.5547 2.58
    endloop
  endfacet
  facet normal 0.35776 0.933814 -0
    outer loop
      vertex 50.9409 16.0375 2.58
      vertex 50.5713 16.1791 2.6
      vertex 50.9409 16.0375 2.6
    endloop
  endfacet
  facet normal 0.35776 0.933814 0
    outer loop
      vertex 50.5713 16.1791 2.6
      vertex 50.9409 16.0375 2.58
      vertex 50.5713 16.1791 2.58
    endloop
  endfacet
  facet normal 0.107354 0.994221 -0
    outer loop
      vertex 52.1033 15.8096 2.58
      vertex 51.7097 15.8521 2.6
      vertex 52.1033 15.8096 2.6
    endloop
  endfacet
  facet normal 0.107354 0.994221 0
    outer loop
      vertex 51.7097 15.8521 2.6
      vertex 52.1033 15.8096 2.58
      vertex 51.7097 15.8521 2.58
    endloop
  endfacet
  facet normal 0.869639 0.493688 0
    outer loop
      vertex 48.5013 17.9586 2.6
      vertex 48.3059 18.3028 2.58
      vertex 48.3059 18.3028 2.6
    endloop
  endfacet
  facet normal 0.869639 0.493688 0
    outer loop
      vertex 48.3059 18.3028 2.58
      vertex 48.5013 17.9586 2.6
      vertex 48.5013 17.9586 2.58
    endloop
  endfacet
  facet normal 0.908742 0.417359 0
    outer loop
      vertex 48.3059 18.3028 2.6
      vertex 48.1407 18.6625 2.58
      vertex 48.1407 18.6625 2.6
    endloop
  endfacet
  facet normal 0.908742 0.417359 0
    outer loop
      vertex 48.1407 18.6625 2.58
      vertex 48.3059 18.3028 2.6
      vertex 48.3059 18.3028 2.58
    endloop
  endfacet
  facet normal 0.966832 0.255413 0
    outer loop
      vertex 48.0072 19.0351 2.6
      vertex 47.9061 19.4178 2.58
      vertex 47.9061 19.4178 2.6
    endloop
  endfacet
  facet normal 0.966832 0.255413 0
    outer loop
      vertex 47.9061 19.4178 2.58
      vertex 48.0072 19.0351 2.6
      vertex 48.0072 19.0351 2.58
    endloop
  endfacet
  facet normal 0.941398 0.337297 0
    outer loop
      vertex 48.1407 18.6625 2.6
      vertex 48.0072 19.0351 2.58
      vertex 48.0072 19.0351 2.6
    endloop
  endfacet
  facet normal 0.941398 0.337297 0
    outer loop
      vertex 48.0072 19.0351 2.58
      vertex 48.1407 18.6625 2.6
      vertex 48.1407 18.6625 2.58
    endloop
  endfacet
  facet normal 0.996303 0.08591 0
    outer loop
      vertex 47.8383 19.8078 2.6
      vertex 47.8043 20.2021 2.58
      vertex 47.8043 20.2021 2.6
    endloop
  endfacet
  facet normal 0.996303 0.08591 0
    outer loop
      vertex 47.8043 20.2021 2.58
      vertex 47.8383 19.8078 2.6
      vertex 47.8383 19.8078 2.58
    endloop
  endfacet
  facet normal -0.889988 -0.455983 0
    outer loop
      vertex 56.5806 22.3191 2.58
      vertex 56.4001 22.6714 2.6
      vertex 56.4001 22.6714 2.58
    endloop
  endfacet
  facet normal -0.889988 -0.455983 0
    outer loop
      vertex 56.4001 22.6714 2.6
      vertex 56.5806 22.3191 2.58
      vertex 56.5806 22.3191 2.6
    endloop
  endfacet
  facet normal -0.234501 -0.972116 0
    outer loop
      vertex 53.2853 24.914 2.58
      vertex 53.67 24.8212 2.6
      vertex 53.2853 24.914 2.6
    endloop
  endfacet
  facet normal -0.234501 -0.972116 -0
    outer loop
      vertex 53.67 24.8212 2.6
      vertex 53.2853 24.914 2.58
      vertex 53.67 24.8212 2.58
    endloop
  endfacet
  facet normal 0.965803 -0.259276 0
    outer loop
      vertex 48.0032 21.75 2.6
      vertex 48.0072 21.7649 6.58
      vertex 48.0032 21.75 6.58
    endloop
  endfacet
  facet normal 0.965803 -0.259276 0
    outer loop
      vertex 48.0072 21.7649 6.58
      vertex 48.0032 21.75 2.6
      vertex 48.0072 21.7649 2.58
    endloop
  endfacet
  facet normal 0.966873 -0.255257 0
    outer loop
      vertex 47.9061 21.3822 2.58
      vertex 48.0032 21.75 2.6
      vertex 47.9061 21.3822 2.6
    endloop
  endfacet
  facet normal 0.966827 -0.255412 0.00308339
    outer loop
      vertex 48.0032 21.75 2.6
      vertex 47.9061 21.3822 2.58
      vertex 48.0072 21.7649 2.58
    endloop
  endfacet
  facet normal 0.941398 -0.337297 0
    outer loop
      vertex 48.0072 21.7649 6.58
      vertex 48.1407 22.1375 2.58
      vertex 48.1407 22.1375 6.58
    endloop
  endfacet
  facet normal 0.941398 -0.337297 0
    outer loop
      vertex 48.1407 22.1375 2.58
      vertex 48.0072 21.7649 6.58
      vertex 48.0072 21.7649 2.58
    endloop
  endfacet
  facet normal 0.651914 -0.758293 0
    outer loop
      vertex 49.254 23.756 2.58
      vertex 49.5541 24.014 2.6
      vertex 49.254 23.756 2.6
    endloop
  endfacet
  facet normal 0.651914 -0.758293 0
    outer loop
      vertex 49.5541 24.014 2.6
      vertex 49.254 23.756 2.58
      vertex 49.5541 24.014 2.58
    endloop
  endfacet
  facet normal -0.150082 0.988674 0
    outer loop
      vertex 53.2853 15.886 2.58
      vertex 52.894 15.8266 2.6
      vertex 53.2853 15.886 2.6
    endloop
  endfacet
  facet normal -0.150082 0.988674 0
    outer loop
      vertex 52.894 15.8266 2.6
      vertex 53.2853 15.886 2.58
      vertex 52.894 15.8266 2.58
    endloop
  endfacet
  facet normal -0.317191 0.948362 0
    outer loop
      vertex 54.0454 16.1043 6.58
      vertex 53.75 16.0055 2.6
      vertex 53.75 16.0055 6.58
    endloop
  endfacet
  facet normal -0.317191 0.948362 0
    outer loop
      vertex 54.0454 16.1043 2.58
      vertex 53.75 16.0055 2.6
      vertex 54.0454 16.1043 6.58
    endloop
  endfacet
  facet normal -0.317061 0.948403 0.00212469
    outer loop
      vertex 53.67 15.9788 2.58
      vertex 53.75 16.0055 2.6
      vertex 54.0454 16.1043 2.58
    endloop
  endfacet
  facet normal -0.316583 0.948565 0
    outer loop
      vertex 53.75 16.0055 2.6
      vertex 53.67 15.9788 2.58
      vertex 53.67 15.9788 2.6
    endloop
  endfacet
  facet normal -0.618792 0.785555 0
    outer loop
      vertex 55.3987 16.9118 2.58
      vertex 55.0878 16.6669 6.58
      vertex 55.3987 16.9118 6.58
    endloop
  endfacet
  facet normal -0.618792 0.785555 0
    outer loop
      vertex 55.0878 16.6669 6.58
      vertex 55.3987 16.9118 2.58
      vertex 55.0878 16.6669 2.58
    endloop
  endfacet
  facet normal -0.474989 0.879992 0
    outer loop
      vertex 54.7569 16.4497 2.58
      vertex 54.4086 16.2617 6.58
      vertex 54.7569 16.4497 6.58
    endloop
  endfacet
  facet normal -0.474989 0.879992 0
    outer loop
      vertex 54.4086 16.2617 6.58
      vertex 54.7569 16.4497 2.58
      vertex 54.4086 16.2617 2.58
    endloop
  endfacet
  facet normal -0.798846 0.601535 0
    outer loop
      vertex 55.9519 17.477 2.58
      vertex 56.19 17.7932 2.6
      vertex 56.19 17.7932 2.58
    endloop
  endfacet
  facet normal -0.798846 0.601535 0
    outer loop
      vertex 56.19 17.7932 2.6
      vertex 55.9519 17.477 2.58
      vertex 55.9519 17.477 2.6
    endloop
  endfacet
  facet normal -0.889988 0.455983 0
    outer loop
      vertex 56.4001 18.1286 2.58
      vertex 56.5806 18.4809 2.6
      vertex 56.5806 18.4809 2.58
    endloop
  endfacet
  facet normal -0.889988 0.455983 0
    outer loop
      vertex 56.5806 18.4809 2.6
      vertex 56.4001 18.1286 2.58
      vertex 56.4001 18.1286 2.6
    endloop
  endfacet
  facet normal -0.991664 0.128853 0
    outer loop
      vertex 56.932 19.6121 2.58
      vertex 56.983 20.0046 2.6
      vertex 56.983 20.0046 2.58
    endloop
  endfacet
  facet normal -0.991664 0.128853 0
    outer loop
      vertex 56.983 20.0046 2.6
      vertex 56.932 19.6121 2.58
      vertex 56.932 19.6121 2.6
    endloop
  endfacet
  facet normal -0.955 0.296606 0
    outer loop
      vertex 56.7301 18.8474 2.58
      vertex 56.8475 19.2254 2.6
      vertex 56.8475 19.2254 2.58
    endloop
  endfacet
  facet normal -0.955 0.296606 0
    outer loop
      vertex 56.8475 19.2254 2.6
      vertex 56.7301 18.8474 2.58
      vertex 56.7301 18.8474 2.6
    endloop
  endfacet
  facet normal 0.584365 0.811491 -0
    outer loop
      vertex 49.8753 16.5547 2.58
      vertex 49.5541 16.786 2.6
      vertex 49.8753 16.5547 2.6
    endloop
  endfacet
  facet normal 0.584365 0.811491 0
    outer loop
      vertex 49.5541 16.786 2.6
      vertex 49.8753 16.5547 2.58
      vertex 49.5541 16.786 2.58
    endloop
  endfacet
  facet normal 0.436571 0.89967 -0
    outer loop
      vertex 50.5713 16.1791 2.58
      vertex 50.2152 16.3519 2.6
      vertex 50.5713 16.1791 2.6
    endloop
  endfacet
  facet normal 0.436571 0.89967 0
    outer loop
      vertex 50.2152 16.3519 2.6
      vertex 50.5713 16.1791 2.58
      vertex 50.2152 16.3519 2.58
    endloop
  endfacet
  facet normal 0.275922 0.96118 -0
    outer loop
      vertex 51.3213 15.9283 2.58
      vertex 50.9409 16.0375 2.6
      vertex 51.3213 15.9283 2.6
    endloop
  endfacet
  facet normal 0.275922 0.96118 0
    outer loop
      vertex 50.9409 16.0375 2.6
      vertex 51.3213 15.9283 2.58
      vertex 50.9409 16.0375 2.58
    endloop
  endfacet
  facet normal 0.021476 0.999769 -0
    outer loop
      vertex 52.499 15.8011 2.58
      vertex 52.1033 15.8096 2.6
      vertex 52.499 15.8011 2.6
    endloop
  endfacet
  facet normal 0.021476 0.999769 0
    outer loop
      vertex 52.1033 15.8096 2.6
      vertex 52.499 15.8011 2.58
      vertex 52.1033 15.8096 2.58
    endloop
  endfacet
  facet normal 0.823917 0.566711 0
    outer loop
      vertex 48.7256 17.6325 2.6
      vertex 48.5013 17.9586 2.58
      vertex 48.5013 17.9586 2.6
    endloop
  endfacet
  facet normal 0.823917 0.566711 0
    outer loop
      vertex 48.5013 17.9586 2.58
      vertex 48.7256 17.6325 2.6
      vertex 48.7256 17.6325 2.58
    endloop
  endfacet
  facet normal 0.714645 0.699488 0
    outer loop
      vertex 49.254 17.044 2.6
      vertex 48.9771 17.3269 2.58
      vertex 48.9771 17.3269 2.6
    endloop
  endfacet
  facet normal 0.714645 0.699488 0
    outer loop
      vertex 48.9771 17.3269 2.58
      vertex 49.254 17.044 2.6
      vertex 49.254 17.044 2.58
    endloop
  endfacet
  facet normal 0.985223 0.171277 0
    outer loop
      vertex 47.9061 19.4178 2.6
      vertex 47.8383 19.8078 2.58
      vertex 47.8383 19.8078 2.6
    endloop
  endfacet
  facet normal 0.985223 0.171277 0
    outer loop
      vertex 47.8383 19.8078 2.58
      vertex 47.9061 19.4178 2.6
      vertex 47.9061 19.4178 2.58
    endloop
  endfacet
  facet normal 0.584365 -0.811491 0
    outer loop
      vertex 49.5541 24.014 2.58
      vertex 49.8753 24.2453 2.6
      vertex 49.5541 24.014 2.6
    endloop
  endfacet
  facet normal 0.584365 -0.811491 0
    outer loop
      vertex 49.8753 24.2453 2.6
      vertex 49.5541 24.014 2.58
      vertex 49.8753 24.2453 2.58
    endloop
  endfacet
  facet normal -0.683874 0.7296 0
    outer loop
      vertex 55.6875 17.1825 2.58
      vertex 55.3987 16.9118 6.58
      vertex 55.6875 17.1825 6.58
    endloop
  endfacet
  facet normal -0.683874 0.7296 0
    outer loop
      vertex 55.3987 16.9118 6.58
      vertex 55.6875 17.1825 2.58
      vertex 55.3987 16.9118 2.58
    endloop
  endfacet
  facet normal -0.976948 0.213478 0
    outer loop
      vertex 56.8475 19.2254 2.58
      vertex 56.932 19.6121 2.6
      vertex 56.932 19.6121 2.58
    endloop
  endfacet
  facet normal -0.976948 0.213478 0
    outer loop
      vertex 56.932 19.6121 2.6
      vertex 56.8475 19.2254 2.58
      vertex 56.8475 19.2254 2.6
    endloop
  endfacet
  facet normal 0.192519 0.981293 -0
    outer loop
      vertex 51.7097 15.8521 2.58
      vertex 51.3213 15.9283 2.6
      vertex 51.7097 15.8521 2.6
    endloop
  endfacet
  facet normal 0.192519 0.981293 0
    outer loop
      vertex 51.3213 15.9283 2.6
      vertex 51.7097 15.8521 2.58
      vertex 51.3213 15.9283 2.58
    endloop
  endfacet
  facet normal 0.772142 0.63545 0
    outer loop
      vertex 48.9771 17.3269 2.6
      vertex 48.7256 17.6325 2.58
      vertex 48.7256 17.6325 2.6
    endloop
  endfacet
  facet normal 0.772142 0.63545 0
    outer loop
      vertex 48.7256 17.6325 2.58
      vertex 48.9771 17.3269 2.6
      vertex 48.9771 17.3269 2.58
    endloop
  endfacet
  facet normal -0.992724 -0.120414 0
    outer loop
      vertex -50.75 -20.4 0
      vertex -50.7979 -20.0051 2.58
      vertex -50.7979 -20.0051 0
    endloop
  endfacet
  facet normal -0.992724 -0.120414 0
    outer loop
      vertex -50.7979 -20.0051 2.58
      vertex -50.75 -20.4 0
      vertex -50.75 -20.4 2.58
    endloop
  endfacet
  facet normal 0 -1 0
    outer loop
      vertex -52.5989 -18.762 0
      vertex -52.2011 -18.762 2.58
      vertex -52.5989 -18.762 2.58
    endloop
  endfacet
  facet normal 0 -1 -0
    outer loop
      vertex -52.2011 -18.762 2.58
      vertex -52.5989 -18.762 0
      vertex -52.2011 -18.762 0
    endloop
  endfacet
  facet normal -0.82297 -0.568085 0
    outer loop
      vertex -50.939 -19.6332 0
      vertex -51.165 -19.3058 2.58
      vertex -51.165 -19.3058 0
    endloop
  endfacet
  facet normal -0.82297 -0.568085 0
    outer loop
      vertex -51.165 -19.3058 2.58
      vertex -50.939 -19.6332 0
      vertex -50.939 -19.6332 2.58
    endloop
  endfacet
  facet normal -0.934969 -0.35473 0
    outer loop
      vertex -50.7979 -20.0051 0
      vertex -50.939 -19.6332 2.58
      vertex -50.939 -19.6332 0
    endloop
  endfacet
  facet normal -0.934969 -0.35473 0
    outer loop
      vertex -50.939 -19.6332 2.58
      vertex -50.7979 -20.0051 0
      vertex -50.7979 -20.0051 2.58
    endloop
  endfacet
  facet normal -0.23934 -0.970936 0
    outer loop
      vertex -52.2011 -18.762 0
      vertex -51.8149 -18.8572 2.58
      vertex -52.2011 -18.762 2.58
    endloop
  endfacet
  facet normal -0.23934 -0.970936 -0
    outer loop
      vertex -51.8149 -18.8572 2.58
      vertex -52.2011 -18.762 0
      vertex -51.8149 -18.8572 0
    endloop
  endfacet
  facet normal 0.23934 -0.970936 0
    outer loop
      vertex -52.9851 -18.8572 0
      vertex -52.5989 -18.762 2.58
      vertex -52.9851 -18.8572 2.58
    endloop
  endfacet
  facet normal 0.23934 -0.970936 0
    outer loop
      vertex -52.5989 -18.762 2.58
      vertex -52.9851 -18.8572 0
      vertex -52.5989 -18.762 0
    endloop
  endfacet
  facet normal 0.82297 -0.568085 0
    outer loop
      vertex -53.861 -19.6332 2.58
      vertex -53.635 -19.3058 0
      vertex -53.635 -19.3058 2.58
    endloop
  endfacet
  facet normal 0.82297 -0.568085 0
    outer loop
      vertex -53.635 -19.3058 0
      vertex -53.861 -19.6332 2.58
      vertex -53.861 -19.6332 0
    endloop
  endfacet
  facet normal -0.23934 0.970936 0
    outer loop
      vertex -51.8149 -21.9428 0
      vertex -52.2011 -22.038 2.58
      vertex -51.8149 -21.9428 2.58
    endloop
  endfacet
  facet normal -0.23934 0.970936 0
    outer loop
      vertex -52.2011 -22.038 2.58
      vertex -51.8149 -21.9428 0
      vertex -52.2011 -22.038 0
    endloop
  endfacet
  facet normal -0.663067 -0.74856 0
    outer loop
      vertex -51.4627 -19.0421 0
      vertex -51.165 -19.3058 2.58
      vertex -51.4627 -19.0421 2.58
    endloop
  endfacet
  facet normal -0.663067 -0.74856 -0
    outer loop
      vertex -51.165 -19.3058 2.58
      vertex -51.4627 -19.0421 0
      vertex -51.165 -19.3058 0
    endloop
  endfacet
  facet normal -0.464824 -0.885403 0
    outer loop
      vertex -51.8149 -18.8572 0
      vertex -51.4627 -19.0421 2.58
      vertex -51.8149 -18.8572 2.58
    endloop
  endfacet
  facet normal -0.464824 -0.885403 -0
    outer loop
      vertex -51.4627 -19.0421 2.58
      vertex -51.8149 -18.8572 0
      vertex -51.4627 -19.0421 0
    endloop
  endfacet
  facet normal 0.992724 -0.120414 0
    outer loop
      vertex -54.05 -20.4 2.58
      vertex -54.0021 -20.0051 0
      vertex -54.0021 -20.0051 2.58
    endloop
  endfacet
  facet normal 0.992724 -0.120414 0
    outer loop
      vertex -54.0021 -20.0051 0
      vertex -54.05 -20.4 2.58
      vertex -54.05 -20.4 0
    endloop
  endfacet
  facet normal 0.464824 -0.885403 0
    outer loop
      vertex -53.3373 -19.0421 0
      vertex -52.9851 -18.8572 2.58
      vertex -53.3373 -19.0421 2.58
    endloop
  endfacet
  facet normal 0.464824 -0.885403 0
    outer loop
      vertex -52.9851 -18.8572 2.58
      vertex -53.3373 -19.0421 0
      vertex -52.9851 -18.8572 0
    endloop
  endfacet
  facet normal 0.663067 -0.74856 0
    outer loop
      vertex -53.635 -19.3058 0
      vertex -53.3373 -19.0421 2.58
      vertex -53.635 -19.3058 2.58
    endloop
  endfacet
  facet normal 0.663067 -0.74856 0
    outer loop
      vertex -53.3373 -19.0421 2.58
      vertex -53.635 -19.3058 0
      vertex -53.3373 -19.0421 0
    endloop
  endfacet
  facet normal -0.934969 0.35473 0
    outer loop
      vertex -50.939 -21.1668 0
      vertex -50.7979 -20.7949 2.58
      vertex -50.7979 -20.7949 0
    endloop
  endfacet
  facet normal -0.934969 0.35473 0
    outer loop
      vertex -50.7979 -20.7949 2.58
      vertex -50.939 -21.1668 0
      vertex -50.939 -21.1668 2.58
    endloop
  endfacet
  facet normal 0.663067 0.74856 -0
    outer loop
      vertex -53.3373 -21.7579 0
      vertex -53.635 -21.4942 2.58
      vertex -53.3373 -21.7579 2.58
    endloop
  endfacet
  facet normal 0.663067 0.74856 0
    outer loop
      vertex -53.635 -21.4942 2.58
      vertex -53.3373 -21.7579 0
      vertex -53.635 -21.4942 0
    endloop
  endfacet
  facet normal 0.82297 0.568085 0
    outer loop
      vertex -53.635 -21.4942 2.58
      vertex -53.861 -21.1668 0
      vertex -53.861 -21.1668 2.58
    endloop
  endfacet
  facet normal 0.82297 0.568085 0
    outer loop
      vertex -53.861 -21.1668 0
      vertex -53.635 -21.4942 2.58
      vertex -53.635 -21.4942 0
    endloop
  endfacet
  facet normal -0.663067 0.74856 0
    outer loop
      vertex -51.165 -21.4942 0
      vertex -51.4627 -21.7579 2.58
      vertex -51.165 -21.4942 2.58
    endloop
  endfacet
  facet normal -0.663067 0.74856 0
    outer loop
      vertex -51.4627 -21.7579 2.58
      vertex -51.165 -21.4942 0
      vertex -51.4627 -21.7579 0
    endloop
  endfacet
  facet normal -0.992724 0.120414 0
    outer loop
      vertex -50.7979 -20.7949 0
      vertex -50.75 -20.4 2.58
      vertex -50.75 -20.4 0
    endloop
  endfacet
  facet normal -0.992724 0.120414 0
    outer loop
      vertex -50.75 -20.4 2.58
      vertex -50.7979 -20.7949 0
      vertex -50.7979 -20.7949 2.58
    endloop
  endfacet
  facet normal 0.934969 -0.35473 0
    outer loop
      vertex -54.0021 -20.0051 2.58
      vertex -53.861 -19.6332 0
      vertex -53.861 -19.6332 2.58
    endloop
  endfacet
  facet normal 0.934969 -0.35473 0
    outer loop
      vertex -53.861 -19.6332 0
      vertex -54.0021 -20.0051 2.58
      vertex -54.0021 -20.0051 0
    endloop
  endfacet
  facet normal 0.992724 0.120414 0
    outer loop
      vertex -54.0021 -20.7949 2.58
      vertex -54.05 -20.4 0
      vertex -54.05 -20.4 2.58
    endloop
  endfacet
  facet normal 0.992724 0.120414 0
    outer loop
      vertex -54.05 -20.4 0
      vertex -54.0021 -20.7949 2.58
      vertex -54.0021 -20.7949 0
    endloop
  endfacet
  facet normal -0.464824 0.885403 0
    outer loop
      vertex -51.4627 -21.7579 0
      vertex -51.8149 -21.9428 2.58
      vertex -51.4627 -21.7579 2.58
    endloop
  endfacet
  facet normal -0.464824 0.885403 0
    outer loop
      vertex -51.8149 -21.9428 2.58
      vertex -51.4627 -21.7579 0
      vertex -51.8149 -21.9428 0
    endloop
  endfacet
  facet normal 0 1 -0
    outer loop
      vertex -52.2011 -22.038 0
      vertex -52.5989 -22.038 2.58
      vertex -52.2011 -22.038 2.58
    endloop
  endfacet
  facet normal 0 1 0
    outer loop
      vertex -52.5989 -22.038 2.58
      vertex -52.2011 -22.038 0
      vertex -52.5989 -22.038 0
    endloop
  endfacet
  facet normal 0.23934 0.970936 -0
    outer loop
      vertex -52.5989 -22.038 0
      vertex -52.9851 -21.9428 2.58
      vertex -52.5989 -22.038 2.58
    endloop
  endfacet
  facet normal 0.23934 0.970936 0
    outer loop
      vertex -52.9851 -21.9428 2.58
      vertex -52.5989 -22.038 0
      vertex -52.9851 -21.9428 0
    endloop
  endfacet
  facet normal 0.934969 0.35473 0
    outer loop
      vertex -53.861 -21.1668 2.58
      vertex -54.0021 -20.7949 0
      vertex -54.0021 -20.7949 2.58
    endloop
  endfacet
  facet normal 0.934969 0.35473 0
    outer loop
      vertex -54.0021 -20.7949 0
      vertex -53.861 -21.1668 2.58
      vertex -53.861 -21.1668 0
    endloop
  endfacet
  facet normal -0.82297 0.568085 0
    outer loop
      vertex -51.165 -21.4942 0
      vertex -50.939 -21.1668 2.58
      vertex -50.939 -21.1668 0
    endloop
  endfacet
  facet normal -0.82297 0.568085 0
    outer loop
      vertex -50.939 -21.1668 2.58
      vertex -51.165 -21.4942 0
      vertex -51.165 -21.4942 2.58
    endloop
  endfacet
  facet normal 0.464824 0.885403 -0
    outer loop
      vertex -52.9851 -21.9428 0
      vertex -53.3373 -21.7579 2.58
      vertex -52.9851 -21.9428 2.58
    endloop
  endfacet
  facet normal 0.464824 0.885403 0
    outer loop
      vertex -53.3373 -21.7579 2.58
      vertex -52.9851 -21.9428 0
      vertex -53.3373 -21.7579 0
    endloop
  endfacet
  facet normal -0.992724 -0.120414 0
    outer loop
      vertex -50.75 20.4 0
      vertex -50.7979 20.7949 2.58
      vertex -50.7979 20.7949 0
    endloop
  endfacet
  facet normal -0.992724 -0.120414 0
    outer loop
      vertex -50.7979 20.7949 2.58
      vertex -50.75 20.4 0
      vertex -50.75 20.4 2.58
    endloop
  endfacet
  facet normal 0.992724 -0.120414 0
    outer loop
      vertex -54.05 20.4 2.58
      vertex -54.0021 20.7949 0
      vertex -54.0021 20.7949 2.58
    endloop
  endfacet
  facet normal 0.992724 -0.120414 0
    outer loop
      vertex -54.0021 20.7949 0
      vertex -54.05 20.4 2.58
      vertex -54.05 20.4 0
    endloop
  endfacet
  facet normal 0 -1 0
    outer loop
      vertex -52.5989 22.038 0
      vertex -52.2011 22.038 2.58
      vertex -52.5989 22.038 2.58
    endloop
  endfacet
  facet normal 0 -1 -0
    outer loop
      vertex -52.2011 22.038 2.58
      vertex -52.5989 22.038 0
      vertex -52.2011 22.038 0
    endloop
  endfacet
  facet normal 0 1 -0
    outer loop
      vertex -52.2011 18.762 0
      vertex -52.5989 18.762 2.58
      vertex -52.2011 18.762 2.58
    endloop
  endfacet
  facet normal 0 1 0
    outer loop
      vertex -52.5989 18.762 2.58
      vertex -52.2011 18.762 0
      vertex -52.5989 18.762 0
    endloop
  endfacet
  facet normal -0.663067 -0.74856 0
    outer loop
      vertex -51.4627 21.7579 0
      vertex -51.165 21.4942 2.58
      vertex -51.4627 21.7579 2.58
    endloop
  endfacet
  facet normal -0.663067 -0.74856 -0
    outer loop
      vertex -51.165 21.4942 2.58
      vertex -51.4627 21.7579 0
      vertex -51.165 21.4942 0
    endloop
  endfacet
  facet normal -0.934969 -0.35473 0
    outer loop
      vertex -50.7979 20.7949 0
      vertex -50.939 21.1668 2.58
      vertex -50.939 21.1668 0
    endloop
  endfacet
  facet normal -0.934969 -0.35473 0
    outer loop
      vertex -50.939 21.1668 2.58
      vertex -50.7979 20.7949 0
      vertex -50.7979 20.7949 2.58
    endloop
  endfacet
  facet normal 0.663067 -0.74856 0
    outer loop
      vertex -53.635 21.4942 0
      vertex -53.3373 21.7579 2.58
      vertex -53.635 21.4942 2.58
    endloop
  endfacet
  facet normal 0.663067 -0.74856 0
    outer loop
      vertex -53.3373 21.7579 2.58
      vertex -53.635 21.4942 0
      vertex -53.3373 21.7579 0
    endloop
  endfacet
  facet normal 0.82297 -0.568085 0
    outer loop
      vertex -53.861 21.1668 2.58
      vertex -53.635 21.4942 0
      vertex -53.635 21.4942 2.58
    endloop
  endfacet
  facet normal 0.82297 -0.568085 0
    outer loop
      vertex -53.635 21.4942 0
      vertex -53.861 21.1668 2.58
      vertex -53.861 21.1668 0
    endloop
  endfacet
  facet normal 0.23934 -0.970936 0
    outer loop
      vertex -52.9851 21.9428 0
      vertex -52.5989 22.038 2.58
      vertex -52.9851 21.9428 2.58
    endloop
  endfacet
  facet normal 0.23934 -0.970936 0
    outer loop
      vertex -52.5989 22.038 2.58
      vertex -52.9851 21.9428 0
      vertex -52.5989 22.038 0
    endloop
  endfacet
  facet normal -0.82297 -0.568085 0
    outer loop
      vertex -50.939 21.1668 0
      vertex -51.165 21.4942 2.58
      vertex -51.165 21.4942 0
    endloop
  endfacet
  facet normal -0.82297 -0.568085 0
    outer loop
      vertex -51.165 21.4942 2.58
      vertex -50.939 21.1668 0
      vertex -50.939 21.1668 2.58
    endloop
  endfacet
  facet normal -0.23934 -0.970936 0
    outer loop
      vertex -52.2011 22.038 0
      vertex -51.8149 21.9428 2.58
      vertex -52.2011 22.038 2.58
    endloop
  endfacet
  facet normal -0.23934 -0.970936 -0
    outer loop
      vertex -51.8149 21.9428 2.58
      vertex -52.2011 22.038 0
      vertex -51.8149 21.9428 0
    endloop
  endfacet
  facet normal -0.464824 -0.885403 0
    outer loop
      vertex -51.8149 21.9428 0
      vertex -51.4627 21.7579 2.58
      vertex -51.8149 21.9428 2.58
    endloop
  endfacet
  facet normal -0.464824 -0.885403 -0
    outer loop
      vertex -51.4627 21.7579 2.58
      vertex -51.8149 21.9428 0
      vertex -51.4627 21.7579 0
    endloop
  endfacet
  facet normal 0.934969 -0.35473 0
    outer loop
      vertex -54.0021 20.7949 2.58
      vertex -53.861 21.1668 0
      vertex -53.861 21.1668 2.58
    endloop
  endfacet
  facet normal 0.934969 -0.35473 0
    outer loop
      vertex -53.861 21.1668 0
      vertex -54.0021 20.7949 2.58
      vertex -54.0021 20.7949 0
    endloop
  endfacet
  facet normal 0.464824 -0.885403 0
    outer loop
      vertex -53.3373 21.7579 0
      vertex -52.9851 21.9428 2.58
      vertex -53.3373 21.7579 2.58
    endloop
  endfacet
  facet normal 0.464824 -0.885403 0
    outer loop
      vertex -52.9851 21.9428 2.58
      vertex -53.3373 21.7579 0
      vertex -52.9851 21.9428 0
    endloop
  endfacet
  facet normal -0.992724 0.120414 0
    outer loop
      vertex -50.7979 20.0051 0
      vertex -50.75 20.4 2.58
      vertex -50.75 20.4 0
    endloop
  endfacet
  facet normal -0.992724 0.120414 0
    outer loop
      vertex -50.75 20.4 2.58
      vertex -50.7979 20.0051 0
      vertex -50.7979 20.0051 2.58
    endloop
  endfacet
  facet normal -0.934969 0.35473 0
    outer loop
      vertex -50.939 19.6332 0
      vertex -50.7979 20.0051 2.58
      vertex -50.7979 20.0051 0
    endloop
  endfacet
  facet normal -0.934969 0.35473 0
    outer loop
      vertex -50.7979 20.0051 2.58
      vertex -50.939 19.6332 0
      vertex -50.939 19.6332 2.58
    endloop
  endfacet
  facet normal 0.82297 0.568085 0
    outer loop
      vertex -53.635 19.3058 2.58
      vertex -53.861 19.6332 0
      vertex -53.861 19.6332 2.58
    endloop
  endfacet
  facet normal 0.82297 0.568085 0
    outer loop
      vertex -53.861 19.6332 0
      vertex -53.635 19.3058 2.58
      vertex -53.635 19.3058 0
    endloop
  endfacet
  facet normal -0.663067 0.74856 0
    outer loop
      vertex -51.165 19.3058 0
      vertex -51.4627 19.0421 2.58
      vertex -51.165 19.3058 2.58
    endloop
  endfacet
  facet normal -0.663067 0.74856 0
    outer loop
      vertex -51.4627 19.0421 2.58
      vertex -51.165 19.3058 0
      vertex -51.4627 19.0421 0
    endloop
  endfacet
  facet normal 0.23934 0.970936 -0
    outer loop
      vertex -52.5989 18.762 0
      vertex -52.9851 18.8572 2.58
      vertex -52.5989 18.762 2.58
    endloop
  endfacet
  facet normal 0.23934 0.970936 0
    outer loop
      vertex -52.9851 18.8572 2.58
      vertex -52.5989 18.762 0
      vertex -52.9851 18.8572 0
    endloop
  endfacet
  facet normal 0.663067 0.74856 -0
    outer loop
      vertex -53.3373 19.0421 0
      vertex -53.635 19.3058 2.58
      vertex -53.3373 19.0421 2.58
    endloop
  endfacet
  facet normal 0.663067 0.74856 0
    outer loop
      vertex -53.635 19.3058 2.58
      vertex -53.3373 19.0421 0
      vertex -53.635 19.3058 0
    endloop
  endfacet
  facet normal 0.464824 0.885403 -0
    outer loop
      vertex -52.9851 18.8572 0
      vertex -53.3373 19.0421 2.58
      vertex -52.9851 18.8572 2.58
    endloop
  endfacet
  facet normal 0.464824 0.885403 0
    outer loop
      vertex -53.3373 19.0421 2.58
      vertex -52.9851 18.8572 0
      vertex -53.3373 19.0421 0
    endloop
  endfacet
  facet normal 0.934969 0.35473 0
    outer loop
      vertex -53.861 19.6332 2.58
      vertex -54.0021 20.0051 0
      vertex -54.0021 20.0051 2.58
    endloop
  endfacet
  facet normal 0.934969 0.35473 0
    outer loop
      vertex -54.0021 20.0051 0
      vertex -53.861 19.6332 2.58
      vertex -53.861 19.6332 0
    endloop
  endfacet
  facet normal 0.992724 0.120414 0
    outer loop
      vertex -54.0021 20.0051 2.58
      vertex -54.05 20.4 0
      vertex -54.05 20.4 2.58
    endloop
  endfacet
  facet normal 0.992724 0.120414 0
    outer loop
      vertex -54.05 20.4 0
      vertex -54.0021 20.0051 2.58
      vertex -54.0021 20.0051 0
    endloop
  endfacet
  facet normal -0.464824 0.885403 0
    outer loop
      vertex -51.4627 19.0421 0
      vertex -51.8149 18.8572 2.58
      vertex -51.4627 19.0421 2.58
    endloop
  endfacet
  facet normal -0.464824 0.885403 0
    outer loop
      vertex -51.8149 18.8572 2.58
      vertex -51.4627 19.0421 0
      vertex -51.8149 18.8572 0
    endloop
  endfacet
  facet normal -0.23934 0.970936 0
    outer loop
      vertex -51.8149 18.8572 0
      vertex -52.2011 18.762 2.58
      vertex -51.8149 18.8572 2.58
    endloop
  endfacet
  facet normal -0.23934 0.970936 0
    outer loop
      vertex -52.2011 18.762 2.58
      vertex -51.8149 18.8572 0
      vertex -52.2011 18.762 0
    endloop
  endfacet
  facet normal -0.82297 0.568085 0
    outer loop
      vertex -51.165 19.3058 0
      vertex -50.939 19.6332 2.58
      vertex -50.939 19.6332 0
    endloop
  endfacet
  facet normal -0.82297 0.568085 0
    outer loop
      vertex -50.939 19.6332 2.58
      vertex -51.165 19.3058 0
      vertex -51.165 19.3058 2.58
    endloop
  endfacet
  facet normal -0.992724 -0.120414 0
    outer loop
      vertex 54.05 -20.4 0
      vertex 54.0021 -20.0051 2.58
      vertex 54.0021 -20.0051 0
    endloop
  endfacet
  facet normal -0.992724 -0.120414 0
    outer loop
      vertex 54.0021 -20.0051 2.58
      vertex 54.05 -20.4 0
      vertex 54.05 -20.4 2.58
    endloop
  endfacet
  facet normal 0.992724 -0.120414 0
    outer loop
      vertex 50.75 -20.4 2.58
      vertex 50.7979 -20.0051 0
      vertex 50.7979 -20.0051 2.58
    endloop
  endfacet
  facet normal 0.992724 -0.120414 0
    outer loop
      vertex 50.7979 -20.0051 0
      vertex 50.75 -20.4 2.58
      vertex 50.75 -20.4 0
    endloop
  endfacet
  facet normal 0 -1 0
    outer loop
      vertex 52.2011 -18.762 0
      vertex 52.5989 -18.762 2.58
      vertex 52.2011 -18.762 2.58
    endloop
  endfacet
  facet normal 0 -1 -0
    outer loop
      vertex 52.5989 -18.762 2.58
      vertex 52.2011 -18.762 0
      vertex 52.5989 -18.762 0
    endloop
  endfacet
  facet normal 0 1 -0
    outer loop
      vertex 52.5989 -22.038 0
      vertex 52.2011 -22.038 2.58
      vertex 52.5989 -22.038 2.58
    endloop
  endfacet
  facet normal 0 1 0
    outer loop
      vertex 52.2011 -22.038 2.58
      vertex 52.5989 -22.038 0
      vertex 52.2011 -22.038 0
    endloop
  endfacet
  facet normal -0.663067 -0.74856 0
    outer loop
      vertex 53.3373 -19.0421 0
      vertex 53.635 -19.3058 2.58
      vertex 53.3373 -19.0421 2.58
    endloop
  endfacet
  facet normal -0.663067 -0.74856 -0
    outer loop
      vertex 53.635 -19.3058 2.58
      vertex 53.3373 -19.0421 0
      vertex 53.635 -19.3058 0
    endloop
  endfacet
  facet normal -0.934969 -0.35473 0
    outer loop
      vertex 54.0021 -20.0051 0
      vertex 53.861 -19.6332 2.58
      vertex 53.861 -19.6332 0
    endloop
  endfacet
  facet normal -0.934969 -0.35473 0
    outer loop
      vertex 53.861 -19.6332 2.58
      vertex 54.0021 -20.0051 0
      vertex 54.0021 -20.0051 2.58
    endloop
  endfacet
  facet normal -0.464824 -0.885403 0
    outer loop
      vertex 52.9851 -18.8572 0
      vertex 53.3373 -19.0421 2.58
      vertex 52.9851 -18.8572 2.58
    endloop
  endfacet
  facet normal -0.464824 -0.885403 -0
    outer loop
      vertex 53.3373 -19.0421 2.58
      vertex 52.9851 -18.8572 0
      vertex 53.3373 -19.0421 0
    endloop
  endfacet
  facet normal 0.663067 -0.74856 0
    outer loop
      vertex 51.165 -19.3058 0
      vertex 51.4627 -19.0421 2.58
      vertex 51.165 -19.3058 2.58
    endloop
  endfacet
  facet normal 0.663067 -0.74856 0
    outer loop
      vertex 51.4627 -19.0421 2.58
      vertex 51.165 -19.3058 0
      vertex 51.4627 -19.0421 0
    endloop
  endfacet
  facet normal 0.82297 -0.568085 0
    outer loop
      vertex 50.939 -19.6332 2.58
      vertex 51.165 -19.3058 0
      vertex 51.165 -19.3058 2.58
    endloop
  endfacet
  facet normal 0.82297 -0.568085 0
    outer loop
      vertex 51.165 -19.3058 0
      vertex 50.939 -19.6332 2.58
      vertex 50.939 -19.6332 0
    endloop
  endfacet
  facet normal 0.464824 -0.885403 0
    outer loop
      vertex 51.4627 -19.0421 0
      vertex 51.8149 -18.8572 2.58
      vertex 51.4627 -19.0421 2.58
    endloop
  endfacet
  facet normal 0.464824 -0.885403 0
    outer loop
      vertex 51.8149 -18.8572 2.58
      vertex 51.4627 -19.0421 0
      vertex 51.8149 -18.8572 0
    endloop
  endfacet
  facet normal -0.82297 0.568085 0
    outer loop
      vertex 53.635 -21.4942 0
      vertex 53.861 -21.1668 2.58
      vertex 53.861 -21.1668 0
    endloop
  endfacet
  facet normal -0.82297 0.568085 0
    outer loop
      vertex 53.861 -21.1668 2.58
      vertex 53.635 -21.4942 0
      vertex 53.635 -21.4942 2.58
    endloop
  endfacet
  facet normal -0.82297 -0.568085 0
    outer loop
      vertex 53.861 -19.6332 0
      vertex 53.635 -19.3058 2.58
      vertex 53.635 -19.3058 0
    endloop
  endfacet
  facet normal -0.82297 -0.568085 0
    outer loop
      vertex 53.635 -19.3058 2.58
      vertex 53.861 -19.6332 0
      vertex 53.861 -19.6332 2.58
    endloop
  endfacet
  facet normal -0.23934 -0.970936 0
    outer loop
      vertex 52.5989 -18.762 0
      vertex 52.9851 -18.8572 2.58
      vertex 52.5989 -18.762 2.58
    endloop
  endfacet
  facet normal -0.23934 -0.970936 -0
    outer loop
      vertex 52.9851 -18.8572 2.58
      vertex 52.5989 -18.762 0
      vertex 52.9851 -18.8572 0
    endloop
  endfacet
  facet normal 0.934969 -0.35473 0
    outer loop
      vertex 50.7979 -20.0051 2.58
      vertex 50.939 -19.6332 0
      vertex 50.939 -19.6332 2.58
    endloop
  endfacet
  facet normal 0.934969 -0.35473 0
    outer loop
      vertex 50.939 -19.6332 0
      vertex 50.7979 -20.0051 2.58
      vertex 50.7979 -20.0051 0
    endloop
  endfacet
  facet normal 0.23934 -0.970936 0
    outer loop
      vertex 51.8149 -18.8572 0
      vertex 52.2011 -18.762 2.58
      vertex 51.8149 -18.8572 2.58
    endloop
  endfacet
  facet normal 0.23934 -0.970936 0
    outer loop
      vertex 52.2011 -18.762 2.58
      vertex 51.8149 -18.8572 0
      vertex 52.2011 -18.762 0
    endloop
  endfacet
  facet normal -0.992724 0.120414 0
    outer loop
      vertex 54.0021 -20.7949 0
      vertex 54.05 -20.4 2.58
      vertex 54.05 -20.4 0
    endloop
  endfacet
  facet normal -0.992724 0.120414 0
    outer loop
      vertex 54.05 -20.4 2.58
      vertex 54.0021 -20.7949 0
      vertex 54.0021 -20.7949 2.58
    endloop
  endfacet
  facet normal -0.934969 0.35473 0
    outer loop
      vertex 53.861 -21.1668 0
      vertex 54.0021 -20.7949 2.58
      vertex 54.0021 -20.7949 0
    endloop
  endfacet
  facet normal -0.934969 0.35473 0
    outer loop
      vertex 54.0021 -20.7949 2.58
      vertex 53.861 -21.1668 0
      vertex 53.861 -21.1668 2.58
    endloop
  endfacet
  facet normal 0.23934 0.970936 -0
    outer loop
      vertex 52.2011 -22.038 0
      vertex 51.8149 -21.9428 2.58
      vertex 52.2011 -22.038 2.58
    endloop
  endfacet
  facet normal 0.23934 0.970936 0
    outer loop
      vertex 51.8149 -21.9428 2.58
      vertex 52.2011 -22.038 0
      vertex 51.8149 -21.9428 0
    endloop
  endfacet
  facet normal 0.464824 0.885403 -0
    outer loop
      vertex 51.8149 -21.9428 0
      vertex 51.4627 -21.7579 2.58
      vertex 51.8149 -21.9428 2.58
    endloop
  endfacet
  facet normal 0.464824 0.885403 0
    outer loop
      vertex 51.4627 -21.7579 2.58
      vertex 51.8149 -21.9428 0
      vertex 51.4627 -21.7579 0
    endloop
  endfacet
  facet normal 0.82297 0.568085 0
    outer loop
      vertex 51.165 -21.4942 2.58
      vertex 50.939 -21.1668 0
      vertex 50.939 -21.1668 2.58
    endloop
  endfacet
  facet normal 0.82297 0.568085 0
    outer loop
      vertex 50.939 -21.1668 0
      vertex 51.165 -21.4942 2.58
      vertex 51.165 -21.4942 0
    endloop
  endfacet
  facet normal -0.663067 0.74856 0
    outer loop
      vertex 53.635 -21.4942 0
      vertex 53.3373 -21.7579 2.58
      vertex 53.635 -21.4942 2.58
    endloop
  endfacet
  facet normal -0.663067 0.74856 0
    outer loop
      vertex 53.3373 -21.7579 2.58
      vertex 53.635 -21.4942 0
      vertex 53.3373 -21.7579 0
    endloop
  endfacet
  facet normal -0.464824 0.885403 0
    outer loop
      vertex 53.3373 -21.7579 0
      vertex 52.9851 -21.9428 2.58
      vertex 53.3373 -21.7579 2.58
    endloop
  endfacet
  facet normal -0.464824 0.885403 0
    outer loop
      vertex 52.9851 -21.9428 2.58
      vertex 53.3373 -21.7579 0
      vertex 52.9851 -21.9428 0
    endloop
  endfacet
  facet normal -0.23934 0.970936 0
    outer loop
      vertex 52.9851 -21.9428 0
      vertex 52.5989 -22.038 2.58
      vertex 52.9851 -21.9428 2.58
    endloop
  endfacet
  facet normal -0.23934 0.970936 0
    outer loop
      vertex 52.5989 -22.038 2.58
      vertex 52.9851 -21.9428 0
      vertex 52.5989 -22.038 0
    endloop
  endfacet
  facet normal 0.663067 0.74856 -0
    outer loop
      vertex 51.4627 -21.7579 0
      vertex 51.165 -21.4942 2.58
      vertex 51.4627 -21.7579 2.58
    endloop
  endfacet
  facet normal 0.663067 0.74856 0
    outer loop
      vertex 51.165 -21.4942 2.58
      vertex 51.4627 -21.7579 0
      vertex 51.165 -21.4942 0
    endloop
  endfacet
  facet normal 0.934969 0.35473 0
    outer loop
      vertex 50.939 -21.1668 2.58
      vertex 50.7979 -20.7949 0
      vertex 50.7979 -20.7949 2.58
    endloop
  endfacet
  facet normal 0.934969 0.35473 0
    outer loop
      vertex 50.7979 -20.7949 0
      vertex 50.939 -21.1668 2.58
      vertex 50.939 -21.1668 0
    endloop
  endfacet
  facet normal 0.992724 0.120414 0
    outer loop
      vertex 50.7979 -20.7949 2.58
      vertex 50.75 -20.4 0
      vertex 50.75 -20.4 2.58
    endloop
  endfacet
  facet normal 0.992724 0.120414 0
    outer loop
      vertex 50.75 -20.4 0
      vertex 50.7979 -20.7949 2.58
      vertex 50.7979 -20.7949 0
    endloop
  endfacet
  facet normal -0.992724 -0.120414 0
    outer loop
      vertex 54.05 20.4 0
      vertex 54.0021 20.7949 2.58
      vertex 54.0021 20.7949 0
    endloop
  endfacet
  facet normal -0.992724 -0.120414 0
    outer loop
      vertex 54.0021 20.7949 2.58
      vertex 54.05 20.4 0
      vertex 54.05 20.4 2.58
    endloop
  endfacet
  facet normal 0.992724 -0.120414 0
    outer loop
      vertex 50.75 20.4 2.58
      vertex 50.7979 20.7949 0
      vertex 50.7979 20.7949 2.58
    endloop
  endfacet
  facet normal 0.992724 -0.120414 0
    outer loop
      vertex 50.7979 20.7949 0
      vertex 50.75 20.4 2.58
      vertex 50.75 20.4 0
    endloop
  endfacet
  facet normal 0 -1 0
    outer loop
      vertex 52.2011 22.038 0
      vertex 52.5989 22.038 2.58
      vertex 52.2011 22.038 2.58
    endloop
  endfacet
  facet normal 0 -1 -0
    outer loop
      vertex 52.5989 22.038 2.58
      vertex 52.2011 22.038 0
      vertex 52.5989 22.038 0
    endloop
  endfacet
  facet normal 0 1 -0
    outer loop
      vertex 52.5989 18.762 0
      vertex 52.2011 18.762 2.58
      vertex 52.5989 18.762 2.58
    endloop
  endfacet
  facet normal 0 1 0
    outer loop
      vertex 52.2011 18.762 2.58
      vertex 52.5989 18.762 0
      vertex 52.2011 18.762 0
    endloop
  endfacet
  facet normal -0.663067 -0.74856 0
    outer loop
      vertex 53.3373 21.7579 0
      vertex 53.635 21.4942 2.58
      vertex 53.3373 21.7579 2.58
    endloop
  endfacet
  facet normal -0.663067 -0.74856 -0
    outer loop
      vertex 53.635 21.4942 2.58
      vertex 53.3373 21.7579 0
      vertex 53.635 21.4942 0
    endloop
  endfacet
  facet normal -0.934969 -0.35473 0
    outer loop
      vertex 54.0021 20.7949 0
      vertex 53.861 21.1668 2.58
      vertex 53.861 21.1668 0
    endloop
  endfacet
  facet normal -0.934969 -0.35473 0
    outer loop
      vertex 53.861 21.1668 2.58
      vertex 54.0021 20.7949 0
      vertex 54.0021 20.7949 2.58
    endloop
  endfacet
  facet normal -0.464824 -0.885403 0
    outer loop
      vertex 52.9851 21.9428 0
      vertex 53.3373 21.7579 2.58
      vertex 52.9851 21.9428 2.58
    endloop
  endfacet
  facet normal -0.464824 -0.885403 -0
    outer loop
      vertex 53.3373 21.7579 2.58
      vertex 52.9851 21.9428 0
      vertex 53.3373 21.7579 0
    endloop
  endfacet
  facet normal 0.663067 -0.74856 0
    outer loop
      vertex 51.165 21.4942 0
      vertex 51.4627 21.7579 2.58
      vertex 51.165 21.4942 2.58
    endloop
  endfacet
  facet normal 0.663067 -0.74856 0
    outer loop
      vertex 51.4627 21.7579 2.58
      vertex 51.165 21.4942 0
      vertex 51.4627 21.7579 0
    endloop
  endfacet
  facet normal 0.82297 -0.568085 0
    outer loop
      vertex 50.939 21.1668 2.58
      vertex 51.165 21.4942 0
      vertex 51.165 21.4942 2.58
    endloop
  endfacet
  facet normal 0.82297 -0.568085 0
    outer loop
      vertex 51.165 21.4942 0
      vertex 50.939 21.1668 2.58
      vertex 50.939 21.1668 0
    endloop
  endfacet
  facet normal 0.464824 -0.885403 0
    outer loop
      vertex 51.4627 21.7579 0
      vertex 51.8149 21.9428 2.58
      vertex 51.4627 21.7579 2.58
    endloop
  endfacet
  facet normal 0.464824 -0.885403 0
    outer loop
      vertex 51.8149 21.9428 2.58
      vertex 51.4627 21.7579 0
      vertex 51.8149 21.9428 0
    endloop
  endfacet
  facet normal -0.82297 0.568085 0
    outer loop
      vertex 53.635 19.3058 0
      vertex 53.861 19.6332 2.58
      vertex 53.861 19.6332 0
    endloop
  endfacet
  facet normal -0.82297 0.568085 0
    outer loop
      vertex 53.861 19.6332 2.58
      vertex 53.635 19.3058 0
      vertex 53.635 19.3058 2.58
    endloop
  endfacet
  facet normal -0.82297 -0.568085 0
    outer loop
      vertex 53.861 21.1668 0
      vertex 53.635 21.4942 2.58
      vertex 53.635 21.4942 0
    endloop
  endfacet
  facet normal -0.82297 -0.568085 0
    outer loop
      vertex 53.635 21.4942 2.58
      vertex 53.861 21.1668 0
      vertex 53.861 21.1668 2.58
    endloop
  endfacet
  facet normal -0.23934 -0.970936 0
    outer loop
      vertex 52.5989 22.038 0
      vertex 52.9851 21.9428 2.58
      vertex 52.5989 22.038 2.58
    endloop
  endfacet
  facet normal -0.23934 -0.970936 -0
    outer loop
      vertex 52.9851 21.9428 2.58
      vertex 52.5989 22.038 0
      vertex 52.9851 21.9428 0
    endloop
  endfacet
  facet normal 0.934969 -0.35473 0
    outer loop
      vertex 50.7979 20.7949 2.58
      vertex 50.939 21.1668 0
      vertex 50.939 21.1668 2.58
    endloop
  endfacet
  facet normal 0.934969 -0.35473 0
    outer loop
      vertex 50.939 21.1668 0
      vertex 50.7979 20.7949 2.58
      vertex 50.7979 20.7949 0
    endloop
  endfacet
  facet normal 0.23934 -0.970936 0
    outer loop
      vertex 51.8149 21.9428 0
      vertex 52.2011 22.038 2.58
      vertex 51.8149 21.9428 2.58
    endloop
  endfacet
  facet normal 0.23934 -0.970936 0
    outer loop
      vertex 52.2011 22.038 2.58
      vertex 51.8149 21.9428 0
      vertex 52.2011 22.038 0
    endloop
  endfacet
  facet normal -0.992724 0.120414 0
    outer loop
      vertex 54.0021 20.0051 0
      vertex 54.05 20.4 2.58
      vertex 54.05 20.4 0
    endloop
  endfacet
  facet normal -0.992724 0.120414 0
    outer loop
      vertex 54.05 20.4 2.58
      vertex 54.0021 20.0051 0
      vertex 54.0021 20.0051 2.58
    endloop
  endfacet
  facet normal -0.934969 0.35473 0
    outer loop
      vertex 53.861 19.6332 0
      vertex 54.0021 20.0051 2.58
      vertex 54.0021 20.0051 0
    endloop
  endfacet
  facet normal -0.934969 0.35473 0
    outer loop
      vertex 54.0021 20.0051 2.58
      vertex 53.861 19.6332 0
      vertex 53.861 19.6332 2.58
    endloop
  endfacet
  facet normal 0.23934 0.970936 -0
    outer loop
      vertex 52.2011 18.762 0
      vertex 51.8149 18.8572 2.58
      vertex 52.2011 18.762 2.58
    endloop
  endfacet
  facet normal 0.23934 0.970936 0
    outer loop
      vertex 51.8149 18.8572 2.58
      vertex 52.2011 18.762 0
      vertex 51.8149 18.8572 0
    endloop
  endfacet
  facet normal 0.464824 0.885403 -0
    outer loop
      vertex 51.8149 18.8572 0
      vertex 51.4627 19.0421 2.58
      vertex 51.8149 18.8572 2.58
    endloop
  endfacet
  facet normal 0.464824 0.885403 0
    outer loop
      vertex 51.4627 19.0421 2.58
      vertex 51.8149 18.8572 0
      vertex 51.4627 19.0421 0
    endloop
  endfacet
  facet normal 0.82297 0.568085 0
    outer loop
      vertex 51.165 19.3058 2.58
      vertex 50.939 19.6332 0
      vertex 50.939 19.6332 2.58
    endloop
  endfacet
  facet normal 0.82297 0.568085 0
    outer loop
      vertex 50.939 19.6332 0
      vertex 51.165 19.3058 2.58
      vertex 51.165 19.3058 0
    endloop
  endfacet
  facet normal -0.663067 0.74856 0
    outer loop
      vertex 53.635 19.3058 0
      vertex 53.3373 19.0421 2.58
      vertex 53.635 19.3058 2.58
    endloop
  endfacet
  facet normal -0.663067 0.74856 0
    outer loop
      vertex 53.3373 19.0421 2.58
      vertex 53.635 19.3058 0
      vertex 53.3373 19.0421 0
    endloop
  endfacet
  facet normal -0.464824 0.885403 0
    outer loop
      vertex 53.3373 19.0421 0
      vertex 52.9851 18.8572 2.58
      vertex 53.3373 19.0421 2.58
    endloop
  endfacet
  facet normal -0.464824 0.885403 0
    outer loop
      vertex 52.9851 18.8572 2.58
      vertex 53.3373 19.0421 0
      vertex 52.9851 18.8572 0
    endloop
  endfacet
  facet normal -0.23934 0.970936 0
    outer loop
      vertex 52.9851 18.8572 0
      vertex 52.5989 18.762 2.58
      vertex 52.9851 18.8572 2.58
    endloop
  endfacet
  facet normal -0.23934 0.970936 0
    outer loop
      vertex 52.5989 18.762 2.58
      vertex 52.9851 18.8572 0
      vertex 52.5989 18.762 0
    endloop
  endfacet
  facet normal 0.663067 0.74856 -0
    outer loop
      vertex 51.4627 19.0421 0
      vertex 51.165 19.3058 2.58
      vertex 51.4627 19.0421 2.58
    endloop
  endfacet
  facet normal 0.663067 0.74856 0
    outer loop
      vertex 51.165 19.3058 2.58
      vertex 51.4627 19.0421 0
      vertex 51.165 19.3058 0
    endloop
  endfacet
  facet normal 0.934969 0.35473 0
    outer loop
      vertex 50.939 19.6332 2.58
      vertex 50.7979 20.0051 0
      vertex 50.7979 20.0051 2.58
    endloop
  endfacet
  facet normal 0.934969 0.35473 0
    outer loop
      vertex 50.7979 20.0051 0
      vertex 50.939 19.6332 2.58
      vertex 50.939 19.6332 0
    endloop
  endfacet
  facet normal 0.992724 0.120414 0
    outer loop
      vertex 50.7979 20.0051 2.58
      vertex 50.75 20.4 0
      vertex 50.75 20.4 2.58
    endloop
  endfacet
  facet normal 0.992724 0.120414 0
    outer loop
      vertex 50.75 20.4 0
      vertex 50.7979 20.0051 2.58
      vertex 50.7979 20.0051 0
    endloop
  endfacet
  facet normal 0 1 -0
    outer loop
      vertex 48.0032 -21.75 2.6
      vertex -48.007 -21.75 6.58
      vertex 48.0032 -21.75 6.58
    endloop
  endfacet
  facet normal 0 1 0
    outer loop
      vertex -48.007 -21.75 6.58
      vertex 48.0032 -21.75 2.6
      vertex -48.007 -21.75 2.6
    endloop
  endfacet
  facet normal -1 0 0
    outer loop
      vertex 53.75 -16.0055 2.6
      vertex 53.75 16.0055 6.58
      vertex 53.75 16.0055 2.6
    endloop
  endfacet
  facet normal -1 -0 0
    outer loop
      vertex 53.75 16.0055 6.58
      vertex 53.75 -16.0055 2.6
      vertex 53.75 -16.0055 6.58
    endloop
  endfacet
  facet normal 0 -1 0
    outer loop
      vertex -48.007 21.75 2.6
      vertex 48.0032 21.75 6.58
      vertex -48.007 21.75 6.58
    endloop
  endfacet
  facet normal 0 -1 -0
    outer loop
      vertex 48.0032 21.75 6.58
      vertex -48.007 21.75 2.6
      vertex 48.0032 21.75 2.6
    endloop
  endfacet
  facet normal 1 -0 0
    outer loop
      vertex -53.75 -16.0062 6.58
      vertex -53.75 16.0062 2.6
      vertex -53.75 16.0062 6.58
    endloop
  endfacet
  facet normal 1 0 0
    outer loop
      vertex -53.75 16.0062 2.6
      vertex -53.75 -16.0062 6.58
      vertex -53.75 -16.0062 2.6
    endloop
  endfacet
  facet normal 0 0 1
    outer loop
      vertex 47.8383 -19.8078 2.6
      vertex -47.8 -20.4 2.6
      vertex 47.8043 -20.2021 2.6
    endloop
  endfacet
  facet normal 0 0 1
    outer loop
      vertex 48.1407 -18.6625 2.6
      vertex -47.817 -20.0046 2.6
      vertex -47.8 -20.4 2.6
    endloop
  endfacet
  facet normal 0 0 1
    outer loop
      vertex 48.0072 19.0351 2.6
      vertex -48.0699 18.8474 2.6
      vertex 48.1407 18.6625 2.6
    endloop
  endfacet
  facet normal 0 0 1
    outer loop
      vertex 48.1407 -18.6625 2.6
      vertex -47.868 -19.6121 2.6
      vertex -47.817 -20.0046 2.6
    endloop
  endfacet
  facet normal 0 0 1
    outer loop
      vertex 48.1407 18.6625 2.6
      vertex -48.0699 18.8474 2.6
      vertex 48.1407 -18.6625 2.6
    endloop
  endfacet
  facet normal 0 0 1
    outer loop
      vertex 48.1407 -18.6625 2.6
      vertex -47.9525 -19.2254 2.6
      vertex -47.868 -19.6121 2.6
    endloop
  endfacet
  facet normal 0 0 1
    outer loop
      vertex -48.0699 -18.8474 2.6
      vertex 48.1407 -18.6625 2.6
      vertex -48.0699 18.8474 2.6
    endloop
  endfacet
  facet normal 0 0 1
    outer loop
      vertex 48.1407 -18.6625 2.6
      vertex -48.0699 -18.8474 2.6
      vertex -47.9525 -19.2254 2.6
    endloop
  endfacet
  facet normal -0 0 1
    outer loop
      vertex -48.2194 18.4809 2.6
      vertex -48.0699 -18.8474 2.6
      vertex -48.0699 18.8474 2.6
    endloop
  endfacet
  facet normal 0 0 1
    outer loop
      vertex -48.2194 18.4809 2.6
      vertex -48.2194 -18.4809 2.6
      vertex -48.0699 -18.8474 2.6
    endloop
  endfacet
  facet normal -0 0 1
    outer loop
      vertex -48.3999 18.1286 2.6
      vertex -48.2194 -18.4809 2.6
      vertex -48.2194 18.4809 2.6
    endloop
  endfacet
  facet normal 0 0 1
    outer loop
      vertex -48.3999 18.1286 2.6
      vertex -48.3999 -18.1286 2.6
      vertex -48.2194 -18.4809 2.6
    endloop
  endfacet
  facet normal -0 0 1
    outer loop
      vertex -48.61 17.7932 2.6
      vertex -48.3999 -18.1286 2.6
      vertex -48.3999 18.1286 2.6
    endloop
  endfacet
  facet normal 0 0 1
    outer loop
      vertex -48.61 17.7932 2.6
      vertex -48.61 -17.7932 2.6
      vertex -48.3999 -18.1286 2.6
    endloop
  endfacet
  facet normal -0 0 1
    outer loop
      vertex -48.8481 17.477 2.6
      vertex -48.61 -17.7932 2.6
      vertex -48.61 17.7932 2.6
    endloop
  endfacet
  facet normal 0 0 1
    outer loop
      vertex -48.8481 17.477 2.6
      vertex -48.8481 -17.477 2.6
      vertex -48.61 -17.7932 2.6
    endloop
  endfacet
  facet normal -0 0 1
    outer loop
      vertex -49.1125 17.1825 2.6
      vertex -48.8481 -17.477 2.6
      vertex -48.8481 17.477 2.6
    endloop
  endfacet
  facet normal 0 0 1
    outer loop
      vertex -49.1125 17.1825 2.6
      vertex -49.1125 -17.1825 2.6
      vertex -48.8481 -17.477 2.6
    endloop
  endfacet
  facet normal -0 0 1
    outer loop
      vertex -49.4013 16.9118 2.6
      vertex -49.1125 -17.1825 2.6
      vertex -49.1125 17.1825 2.6
    endloop
  endfacet
  facet normal 0 0 1
    outer loop
      vertex -49.4013 16.9118 2.6
      vertex -49.4013 -16.9118 2.6
      vertex -49.1125 -17.1825 2.6
    endloop
  endfacet
  facet normal -0 0 1
    outer loop
      vertex -49.7122 16.6669 2.6
      vertex -49.4013 -16.9118 2.6
      vertex -49.4013 16.9118 2.6
    endloop
  endfacet
  facet normal 0 0 1
    outer loop
      vertex -49.7122 16.6669 2.6
      vertex -49.7122 -16.6669 2.6
      vertex -49.4013 -16.9118 2.6
    endloop
  endfacet
  facet normal -0 0 1
    outer loop
      vertex -50.0431 16.4497 2.6
      vertex -49.7122 -16.6669 2.6
      vertex -49.7122 16.6669 2.6
    endloop
  endfacet
  facet normal 0 0 1
    outer loop
      vertex -50.0431 16.4497 2.6
      vertex -50.0431 -16.4497 2.6
      vertex -49.7122 -16.6669 2.6
    endloop
  endfacet
  facet normal -0 0 1
    outer loop
      vertex -50.3914 16.2617 2.6
      vertex -50.0431 -16.4497 2.6
      vertex -50.0431 16.4497 2.6
    endloop
  endfacet
  facet normal 0 0 1
    outer loop
      vertex -50.3914 16.2617 2.6
      vertex -50.3914 -16.2617 2.6
      vertex -50.0431 -16.4497 2.6
    endloop
  endfacet
  facet normal -0 0 1
    outer loop
      vertex -50.7546 16.1043 2.6
      vertex -50.3914 -16.2617 2.6
      vertex -50.3914 16.2617 2.6
    endloop
  endfacet
  facet normal 0 0 1
    outer loop
      vertex -50.7546 16.1043 2.6
      vertex -50.7546 -16.1043 2.6
      vertex -50.3914 -16.2617 2.6
    endloop
  endfacet
  facet normal -0 0 1
    outer loop
      vertex -51.13 15.9788 2.6
      vertex -50.7546 -16.1043 2.6
      vertex -50.7546 16.1043 2.6
    endloop
  endfacet
  facet normal 0 0 1
    outer loop
      vertex -51.13 15.9788 2.6
      vertex -51.13 -15.9788 2.6
      vertex -50.7546 -16.1043 2.6
    endloop
  endfacet
  facet normal -0 0 1
    outer loop
      vertex -51.5147 15.886 2.6
      vertex -51.13 -15.9788 2.6
      vertex -51.13 15.9788 2.6
    endloop
  endfacet
  facet normal 0 0 1
    outer loop
      vertex -51.5147 15.886 2.6
      vertex -51.5147 -15.886 2.6
      vertex -51.13 -15.9788 2.6
    endloop
  endfacet
  facet normal -0 0 1
    outer loop
      vertex -51.906 15.8266 2.6
      vertex -51.5147 -15.886 2.6
      vertex -51.5147 15.886 2.6
    endloop
  endfacet
  facet normal 0 0 1
    outer loop
      vertex -51.906 15.8266 2.6
      vertex -51.906 -15.8266 2.6
      vertex -51.5147 -15.886 2.6
    endloop
  endfacet
  facet normal -0 0 1
    outer loop
      vertex -52.301 15.8011 2.6
      vertex -51.906 -15.8266 2.6
      vertex -51.906 15.8266 2.6
    endloop
  endfacet
  facet normal 0 0 1
    outer loop
      vertex -52.301 15.8011 2.6
      vertex -52.301 -15.8011 2.6
      vertex -51.906 -15.8266 2.6
    endloop
  endfacet
  facet normal 0 0 1
    outer loop
      vertex -52.6967 15.8096 2.6
      vertex -52.301 -15.8011 2.6
      vertex -52.301 15.8011 2.6
    endloop
  endfacet
  facet normal 0 0 1
    outer loop
      vertex -52.6967 15.8096 2.6
      vertex -52.6967 -15.8096 2.6
      vertex -52.301 -15.8011 2.6
    endloop
  endfacet
  facet normal 0 0 1
    outer loop
      vertex -53.0903 15.8521 2.6
      vertex -52.6967 -15.8096 2.6
      vertex -52.6967 15.8096 2.6
    endloop
  endfacet
  facet normal 0 0 1
    outer loop
      vertex -53.0903 15.8521 2.6
      vertex -53.0903 -15.8521 2.6
      vertex -52.6967 -15.8096 2.6
    endloop
  endfacet
  facet normal 0 0 1
    outer loop
      vertex -53.4787 15.9283 2.6
      vertex -53.0903 -15.8521 2.6
      vertex -53.0903 15.8521 2.6
    endloop
  endfacet
  facet normal 0 0 1
    outer loop
      vertex -53.4787 15.9283 2.6
      vertex -53.4787 -15.9283 2.6
      vertex -53.0903 -15.8521 2.6
    endloop
  endfacet
  facet normal 0 0 1
    outer loop
      vertex -53.75 16.0062 2.6
      vertex -53.4787 -15.9283 2.6
      vertex -53.4787 15.9283 2.6
    endloop
  endfacet
  facet normal 0 0 1
    outer loop
      vertex -53.4787 -15.9283 2.6
      vertex -53.75 16.0062 2.6
      vertex -53.75 -16.0062 2.6
    endloop
  endfacet
  facet normal -0 0 1
    outer loop
      vertex -47.8 20.4 2.6
      vertex 47.8043 20.2021 2.6
      vertex 47.8043 20.5979 2.6
    endloop
  endfacet
  facet normal 0 0 1
    outer loop
      vertex -47.817 20.0046 2.6
      vertex 47.8043 20.2021 2.6
      vertex -47.8 20.4 2.6
    endloop
  endfacet
  facet normal 0 0 1
    outer loop
      vertex 47.9061 -19.4178 2.6
      vertex -47.8 -20.4 2.6
      vertex 47.8383 -19.8078 2.6
    endloop
  endfacet
  facet normal -0 0 1
    outer loop
      vertex -47.817 20.7954 2.6
      vertex 47.8043 20.5979 2.6
      vertex 47.8383 20.9922 2.6
    endloop
  endfacet
  facet normal -0 0 1
    outer loop
      vertex -47.868 21.1879 2.6
      vertex 47.8383 20.9922 2.6
      vertex 47.9061 21.3822 2.6
    endloop
  endfacet
  facet normal -0 0 1
    outer loop
      vertex -47.9525 21.5746 2.6
      vertex 47.9061 21.3822 2.6
      vertex 48.0032 21.75 2.6
    endloop
  endfacet
  facet normal 0 0 1
    outer loop
      vertex 47.8043 20.5979 2.6
      vertex -47.817 20.7954 2.6
      vertex -47.8 20.4 2.6
    endloop
  endfacet
  facet normal 0 0 1
    outer loop
      vertex 47.8383 20.9922 2.6
      vertex -47.868 21.1879 2.6
      vertex -47.817 20.7954 2.6
    endloop
  endfacet
  facet normal 0 0 1
    outer loop
      vertex 47.9061 21.3822 2.6
      vertex -47.9525 21.5746 2.6
      vertex -47.868 21.1879 2.6
    endloop
  endfacet
  facet normal 0 -0 1
    outer loop
      vertex -47.9525 21.5746 2.6
      vertex 48.0032 21.75 2.6
      vertex -48.007 21.75 2.6
    endloop
  endfacet
  facet normal -0 0 1
    outer loop
      vertex 53.67 15.9788 2.6
      vertex 53.75 -16.0055 2.6
      vertex 53.75 16.0055 2.6
    endloop
  endfacet
  facet normal 0 0 1
    outer loop
      vertex 53.67 15.9788 2.6
      vertex 53.67 -15.9788 2.6
      vertex 53.75 -16.0055 2.6
    endloop
  endfacet
  facet normal -0 0 1
    outer loop
      vertex 53.2853 15.886 2.6
      vertex 53.67 -15.9788 2.6
      vertex 53.67 15.9788 2.6
    endloop
  endfacet
  facet normal 0 0 1
    outer loop
      vertex 53.2853 15.886 2.6
      vertex 53.2853 -15.886 2.6
      vertex 53.67 -15.9788 2.6
    endloop
  endfacet
  facet normal -0 0 1
    outer loop
      vertex 52.894 15.8266 2.6
      vertex 53.2853 -15.886 2.6
      vertex 53.2853 15.886 2.6
    endloop
  endfacet
  facet normal 0 0 1
    outer loop
      vertex 52.894 15.8266 2.6
      vertex 52.894 -15.8266 2.6
      vertex 53.2853 -15.886 2.6
    endloop
  endfacet
  facet normal -0 0 1
    outer loop
      vertex 52.499 15.8011 2.6
      vertex 52.894 -15.8266 2.6
      vertex 52.894 15.8266 2.6
    endloop
  endfacet
  facet normal 0 0 1
    outer loop
      vertex 52.499 15.8011 2.6
      vertex 52.499 -15.8011 2.6
      vertex 52.894 -15.8266 2.6
    endloop
  endfacet
  facet normal 0 0 1
    outer loop
      vertex 52.1033 15.8096 2.6
      vertex 52.499 -15.8011 2.6
      vertex 52.499 15.8011 2.6
    endloop
  endfacet
  facet normal 0 0 1
    outer loop
      vertex 52.1033 15.8096 2.6
      vertex 52.1033 -15.8096 2.6
      vertex 52.499 -15.8011 2.6
    endloop
  endfacet
  facet normal 0 0 1
    outer loop
      vertex 51.7097 15.8521 2.6
      vertex 52.1033 -15.8096 2.6
      vertex 52.1033 15.8096 2.6
    endloop
  endfacet
  facet normal 0 0 1
    outer loop
      vertex 51.7097 15.8521 2.6
      vertex 51.7097 -15.8521 2.6
      vertex 52.1033 -15.8096 2.6
    endloop
  endfacet
  facet normal 0 0 1
    outer loop
      vertex 51.3213 15.9283 2.6
      vertex 51.7097 -15.8521 2.6
      vertex 51.7097 15.8521 2.6
    endloop
  endfacet
  facet normal 0 0 1
    outer loop
      vertex 51.3213 15.9283 2.6
      vertex 51.3213 -15.9283 2.6
      vertex 51.7097 -15.8521 2.6
    endloop
  endfacet
  facet normal 0 0 1
    outer loop
      vertex 50.9409 16.0375 2.6
      vertex 51.3213 -15.9283 2.6
      vertex 51.3213 15.9283 2.6
    endloop
  endfacet
  facet normal 0 0 1
    outer loop
      vertex 50.9409 16.0375 2.6
      vertex 50.9409 -16.0375 2.6
      vertex 51.3213 -15.9283 2.6
    endloop
  endfacet
  facet normal 0 0 1
    outer loop
      vertex 50.5713 16.1791 2.6
      vertex 50.9409 -16.0375 2.6
      vertex 50.9409 16.0375 2.6
    endloop
  endfacet
  facet normal 0 0 1
    outer loop
      vertex 50.5713 16.1791 2.6
      vertex 50.5713 -16.1791 2.6
      vertex 50.9409 -16.0375 2.6
    endloop
  endfacet
  facet normal 0 0 1
    outer loop
      vertex 50.2152 16.3519 2.6
      vertex 50.5713 -16.1791 2.6
      vertex 50.5713 16.1791 2.6
    endloop
  endfacet
  facet normal 0 0 1
    outer loop
      vertex 50.2152 16.3519 2.6
      vertex 50.2152 -16.3519 2.6
      vertex 50.5713 -16.1791 2.6
    endloop
  endfacet
  facet normal 0 0 1
    outer loop
      vertex 49.8753 16.5547 2.6
      vertex 50.2152 -16.3519 2.6
      vertex 50.2152 16.3519 2.6
    endloop
  endfacet
  facet normal 0 0 1
    outer loop
      vertex 49.8753 16.5547 2.6
      vertex 49.8753 -16.5547 2.6
      vertex 50.2152 -16.3519 2.6
    endloop
  endfacet
  facet normal 0 0 1
    outer loop
      vertex 49.5541 16.786 2.6
      vertex 49.8753 -16.5547 2.6
      vertex 49.8753 16.5547 2.6
    endloop
  endfacet
  facet normal 0 0 1
    outer loop
      vertex 49.5541 16.786 2.6
      vertex 49.5541 -16.786 2.6
      vertex 49.8753 -16.5547 2.6
    endloop
  endfacet
  facet normal 0 0 1
    outer loop
      vertex 49.254 17.044 2.6
      vertex 49.5541 -16.786 2.6
      vertex 49.5541 16.786 2.6
    endloop
  endfacet
  facet normal 0 0 1
    outer loop
      vertex 49.254 17.044 2.6
      vertex 49.254 -17.044 2.6
      vertex 49.5541 -16.786 2.6
    endloop
  endfacet
  facet normal 0 0 1
    outer loop
      vertex 48.9771 17.3269 2.6
      vertex 49.254 -17.044 2.6
      vertex 49.254 17.044 2.6
    endloop
  endfacet
  facet normal 0 0 1
    outer loop
      vertex 48.9771 17.3269 2.6
      vertex 48.9771 -17.3269 2.6
      vertex 49.254 -17.044 2.6
    endloop
  endfacet
  facet normal 0 0 1
    outer loop
      vertex 48.7256 17.6325 2.6
      vertex 48.9771 -17.3269 2.6
      vertex 48.9771 17.3269 2.6
    endloop
  endfacet
  facet normal 0 0 1
    outer loop
      vertex 48.7256 17.6325 2.6
      vertex 48.7256 -17.6325 2.6
      vertex 48.9771 -17.3269 2.6
    endloop
  endfacet
  facet normal 0 0 1
    outer loop
      vertex 48.5013 17.9586 2.6
      vertex 48.7256 -17.6325 2.6
      vertex 48.7256 17.6325 2.6
    endloop
  endfacet
  facet normal 0 0 1
    outer loop
      vertex 48.5013 17.9586 2.6
      vertex 48.5013 -17.9586 2.6
      vertex 48.7256 -17.6325 2.6
    endloop
  endfacet
  facet normal 0 0 1
    outer loop
      vertex 48.3059 18.3028 2.6
      vertex 48.5013 -17.9586 2.6
      vertex 48.5013 17.9586 2.6
    endloop
  endfacet
  facet normal 0 0 1
    outer loop
      vertex 48.3059 18.3028 2.6
      vertex 48.3059 -18.3028 2.6
      vertex 48.5013 -17.9586 2.6
    endloop
  endfacet
  facet normal 0 0 1
    outer loop
      vertex 48.1407 18.6625 2.6
      vertex 48.3059 -18.3028 2.6
      vertex 48.3059 18.3028 2.6
    endloop
  endfacet
  facet normal 0 0 1
    outer loop
      vertex 48.1407 18.6625 2.6
      vertex 48.1407 -18.6625 2.6
      vertex 48.3059 -18.3028 2.6
    endloop
  endfacet
  facet normal 0 0 1
    outer loop
      vertex -47.9525 19.2254 2.6
      vertex 47.9061 19.4178 2.6
      vertex -47.868 19.6121 2.6
    endloop
  endfacet
  facet normal 0 0 1
    outer loop
      vertex 47.9061 19.4178 2.6
      vertex -47.9525 19.2254 2.6
      vertex 48.0072 19.0351 2.6
    endloop
  endfacet
  facet normal 0 0 1
    outer loop
      vertex 47.8383 19.8078 2.6
      vertex -47.868 19.6121 2.6
      vertex 47.9061 19.4178 2.6
    endloop
  endfacet
  facet normal 0 0 1
    outer loop
      vertex -48.0699 18.8474 2.6
      vertex 48.0072 19.0351 2.6
      vertex -47.9525 19.2254 2.6
    endloop
  endfacet
  facet normal 0 0 1
    outer loop
      vertex -47.868 19.6121 2.6
      vertex 47.8383 19.8078 2.6
      vertex -47.817 20.0046 2.6
    endloop
  endfacet
  facet normal 0 0 1
    outer loop
      vertex 48.1407 -18.6625 2.6
      vertex -47.8 -20.4 2.6
      vertex 48.0072 -19.0351 2.6
    endloop
  endfacet
  facet normal -0 0 1
    outer loop
      vertex -47.817 20.0046 2.6
      vertex 47.8383 19.8078 2.6
      vertex 47.8043 20.2021 2.6
    endloop
  endfacet
  facet normal 0 0 1
    outer loop
      vertex 48.0072 -19.0351 2.6
      vertex -47.8 -20.4 2.6
      vertex 47.9061 -19.4178 2.6
    endloop
  endfacet
  facet normal 0 0 1
    outer loop
      vertex 47.8043 -20.2021 2.6
      vertex -47.8 -20.4 2.6
      vertex 47.8043 -20.5979 2.6
    endloop
  endfacet
  facet normal 0 0 1
    outer loop
      vertex -47.817 -20.7954 2.6
      vertex 47.8043 -20.5979 2.6
      vertex -47.8 -20.4 2.6
    endloop
  endfacet
  facet normal 0 0 1
    outer loop
      vertex 47.8043 -20.5979 2.6
      vertex -47.817 -20.7954 2.6
      vertex 47.8383 -20.9922 2.6
    endloop
  endfacet
  facet normal 0 0 1
    outer loop
      vertex -47.868 -21.1879 2.6
      vertex 47.8383 -20.9922 2.6
      vertex -47.817 -20.7954 2.6
    endloop
  endfacet
  facet normal 0 0 1
    outer loop
      vertex 47.8383 -20.9922 2.6
      vertex -47.868 -21.1879 2.6
      vertex 47.9061 -21.3822 2.6
    endloop
  endfacet
  facet normal 0 0 1
    outer loop
      vertex -47.9525 -21.5746 2.6
      vertex 47.9061 -21.3822 2.6
      vertex -47.868 -21.1879 2.6
    endloop
  endfacet
  facet normal 0 0 1
    outer loop
      vertex 47.9061 -21.3822 2.6
      vertex -47.9525 -21.5746 2.6
      vertex 48.0032 -21.75 2.6
    endloop
  endfacet
  facet normal 0 0 1
    outer loop
      vertex 48.0032 -21.75 2.6
      vertex -47.9525 -21.5746 2.6
      vertex -48.007 -21.75 2.6
    endloop
  endfacet
endsolid OpenSCAD_Model
