solid OpenSCAD_Model
  facet normal 0 -1 0
    outer loop
      vertex 24 -21 13
      vertex 28 -21 15.8
      vertex 22.2 -21 15.8
    endloop
  endfacet
  facet normal 0 -1 -0
    outer loop
      vertex 28 -21 15.8
      vertex 24 -21 13
      vertex 42 -21 15.8
    endloop
  endfacet
  facet normal 0 -1 0
    outer loop
      vertex 22.8889 -21 12.6629
      vertex 22.2 -21 15.8
      vertex 21.8084 -21 15.7743
    endloop
  endfacet
  facet normal 0 -1 0
    outer loop
      vertex 46 -21 13
      vertex 42 -21 15.8
      vertex 24 -21 13
    endloop
  endfacet
  facet normal 0 -1 0
    outer loop
      vertex 22.8889 -21 12.6629
      vertex 21.8084 -21 15.7743
      vertex 21.4236 -21 15.6978
    endloop
  endfacet
  facet normal 0 -1 0
    outer loop
      vertex 42 -21 15.8
      vertex 46 -21 13
      vertex 47.8 -21 15.8
    endloop
  endfacet
  facet normal 0 -1 0
    outer loop
      vertex 22.8889 -21 12.6629
      vertex 21.4236 -21 15.6978
      vertex 21.052 -21 15.5716
    endloop
  endfacet
  facet normal 0 -1 0
    outer loop
      vertex 46.3902 -21 12.9616
      vertex 47.8 -21 15.8
      vertex 46 -21 13
    endloop
  endfacet
  facet normal 0 -1 0
    outer loop
      vertex 22.8889 -21 12.6629
      vertex 21.052 -21 15.5716
      vertex 20.7 -21 15.3981
    endloop
  endfacet
  facet normal 0 -1 0
    outer loop
      vertex 46.7654 -21 12.8478
      vertex 47.8 -21 15.8
      vertex 46.3902 -21 12.9616
    endloop
  endfacet
  facet normal 0 -1 0
    outer loop
      vertex 22.5858 -21 12.4142
      vertex 20.7 -21 15.3981
      vertex 20.3737 -21 15.1801
    endloop
  endfacet
  facet normal 0 -1 0
    outer loop
      vertex 47.1111 -21 12.6629
      vertex 47.8 -21 15.8
      vertex 46.7654 -21 12.8478
    endloop
  endfacet
  facet normal 0 -1 0
    outer loop
      vertex 22.5858 -21 12.4142
      vertex 20.3737 -21 15.1801
      vertex 20.0787 -21 14.9213
    endloop
  endfacet
  facet normal 0 -1 -0
    outer loop
      vertex 47.8 -21 15.8
      vertex 47.1111 -21 12.6629
      vertex 48.1916 -21 15.7743
    endloop
  endfacet
  facet normal 0 -1 0
    outer loop
      vertex 22.5858 -21 12.4142
      vertex 20.0787 -21 14.9213
      vertex 19.8199 -21 14.6263
    endloop
  endfacet
  facet normal 0 -1 -0
    outer loop
      vertex 48.1916 -21 15.7743
      vertex 47.1111 -21 12.6629
      vertex 48.5764 -21 15.6978
    endloop
  endfacet
  facet normal 0 -1 0
    outer loop
      vertex 22.5858 -21 12.4142
      vertex 19.8199 -21 14.6263
      vertex 19.6019 -21 14.3
    endloop
  endfacet
  facet normal 0 -1 -0
    outer loop
      vertex 48.5764 -21 15.6978
      vertex 47.1111 -21 12.6629
      vertex 48.948 -21 15.5716
    endloop
  endfacet
  facet normal 0 -1 0
    outer loop
      vertex 22.3371 -21 12.1111
      vertex 19.6019 -21 14.3
      vertex 19.4284 -21 13.948
    endloop
  endfacet
  facet normal 0 -1 -0
    outer loop
      vertex 48.948 -21 15.5716
      vertex 47.1111 -21 12.6629
      vertex 49.3 -21 15.3981
    endloop
  endfacet
  facet normal 0 -1 0
    outer loop
      vertex 22.3371 -21 12.1111
      vertex 19.4284 -21 13.948
      vertex 19.3022 -21 13.5764
    endloop
  endfacet
  facet normal 0 -1 0
    outer loop
      vertex 47.4142 -21 12.4142
      vertex 49.3 -21 15.3981
      vertex 47.1111 -21 12.6629
    endloop
  endfacet
  facet normal 0 -1 0
    outer loop
      vertex 22.3371 -21 12.1111
      vertex 19.3022 -21 13.5764
      vertex 19.2257 -21 13.1916
    endloop
  endfacet
  facet normal 0 -1 -0
    outer loop
      vertex 49.3 -21 15.3981
      vertex 47.4142 -21 12.4142
      vertex 49.6263 -21 15.1801
    endloop
  endfacet
  facet normal 0 -1 -0
    outer loop
      vertex 49.6263 -21 15.1801
      vertex 47.4142 -21 12.4142
      vertex 49.9213 -21 14.9213
    endloop
  endfacet
  facet normal 0 -1 0
    outer loop
      vertex 22.2 -21 15.8
      vertex 23.6098 -21 12.9616
      vertex 24 -21 13
    endloop
  endfacet
  facet normal 0 -1 0
    outer loop
      vertex 22.2 -21 15.8
      vertex 23.2346 -21 12.8478
      vertex 23.6098 -21 12.9616
    endloop
  endfacet
  facet normal 0 -1 0
    outer loop
      vertex 22.3371 -21 12.1111
      vertex 19.2257 -21 13.1916
      vertex 19.2 -21 12.8
    endloop
  endfacet
  facet normal 0 -1 0
    outer loop
      vertex 22.2 -21 15.8
      vertex 22.8889 -21 12.6629
      vertex 23.2346 -21 12.8478
    endloop
  endfacet
  facet normal 0 -1 0
    outer loop
      vertex 20.7 -21 15.3981
      vertex 22.5858 -21 12.4142
      vertex 22.8889 -21 12.6629
    endloop
  endfacet
  facet normal 0 -1 0
    outer loop
      vertex 19.6019 -21 14.3
      vertex 22.3371 -21 12.1111
      vertex 22.5858 -21 12.4142
    endloop
  endfacet
  facet normal 0 -1 0
    outer loop
      vertex 19.2 -21 12.8
      vertex 22.1522 -21 11.7654
      vertex 22.3371 -21 12.1111
    endloop
  endfacet
  facet normal 0 -1 0
    outer loop
      vertex 19.2 -21 12.8
      vertex 22.0384 -21 11.3902
      vertex 22.1522 -21 11.7654
    endloop
  endfacet
  facet normal 0 -1 0
    outer loop
      vertex 19.2 -21 12.8
      vertex 22 -21 11
      vertex 22.0384 -21 11.3902
    endloop
  endfacet
  facet normal 0 -1 0
    outer loop
      vertex 19.2 -21 0
      vertex 22 -21 11
      vertex 19.2 -21 12.8
    endloop
  endfacet
  facet normal 0 -1 -0
    outer loop
      vertex 22 -21 11
      vertex 19.2 -21 0
      vertex 22 -21 0
    endloop
  endfacet
  facet normal 0 -1 -0
    outer loop
      vertex 49.9213 -21 14.9213
      vertex 47.4142 -21 12.4142
      vertex 50.1801 -21 14.6263
    endloop
  endfacet
  facet normal 0 -1 -0
    outer loop
      vertex 50.1801 -21 14.6263
      vertex 47.4142 -21 12.4142
      vertex 50.3981 -21 14.3
    endloop
  endfacet
  facet normal 0 -1 0
    outer loop
      vertex 47.6629 -21 12.1111
      vertex 50.3981 -21 14.3
      vertex 47.4142 -21 12.4142
    endloop
  endfacet
  facet normal 0 -1 -0
    outer loop
      vertex 50.3981 -21 14.3
      vertex 47.6629 -21 12.1111
      vertex 50.5716 -21 13.948
    endloop
  endfacet
  facet normal 0 -1 -0
    outer loop
      vertex 50.5716 -21 13.948
      vertex 47.6629 -21 12.1111
      vertex 50.6978 -21 13.5764
    endloop
  endfacet
  facet normal 0 -1 -0
    outer loop
      vertex 50.6978 -21 13.5764
      vertex 47.6629 -21 12.1111
      vertex 50.7743 -21 13.1916
    endloop
  endfacet
  facet normal 0 -1 -0
    outer loop
      vertex 50.7743 -21 13.1916
      vertex 47.6629 -21 12.1111
      vertex 50.8 -21 12.8
    endloop
  endfacet
  facet normal 0 -1 0
    outer loop
      vertex 47.8478 -21 11.7654
      vertex 50.8 -21 12.8
      vertex 47.6629 -21 12.1111
    endloop
  endfacet
  facet normal 0 -1 0
    outer loop
      vertex 47.9616 -21 11.3902
      vertex 50.8 -21 12.8
      vertex 47.8478 -21 11.7654
    endloop
  endfacet
  facet normal 0 -1 0
    outer loop
      vertex 48 -21 11
      vertex 50.8 -21 12.8
      vertex 47.9616 -21 11.3902
    endloop
  endfacet
  facet normal 0 -1 0
    outer loop
      vertex 50.8 -21 0
      vertex 48 -21 11
      vertex 48 -21 0
    endloop
  endfacet
  facet normal 0 -1 0
    outer loop
      vertex 48 -21 11
      vertex 50.8 -21 0
      vertex 50.8 -21 12.8
    endloop
  endfacet
  facet normal 0 -1 0
    outer loop
      vertex 28 -21 22.8
      vertex 30 -21 24.8
      vertex 29.6098 -21 24.7616
    endloop
  endfacet
  facet normal 0 -1 0
    outer loop
      vertex 30 -21 24.8
      vertex 35.0953 -21 20.5714
      vertex 40 -21 24.8
    endloop
  endfacet
  facet normal 0 -1 0
    outer loop
      vertex 28 -21 22.8
      vertex 29.6098 -21 24.7616
      vertex 29.2346 -21 24.6478
    endloop
  endfacet
  facet normal 0 -1 0
    outer loop
      vertex 35.4658 -21 20.4869
      vertex 40 -21 24.8
      vertex 35.0953 -21 20.5714
    endloop
  endfacet
  facet normal 0 -1 0
    outer loop
      vertex 28 -21 22.8
      vertex 29.2346 -21 24.6478
      vertex 28.8889 -21 24.4629
    endloop
  endfacet
  facet normal 0 -1 0
    outer loop
      vertex 35.7949 -21 20.2968
      vertex 40 -21 24.8
      vertex 35.4658 -21 20.4869
    endloop
  endfacet
  facet normal 0 -1 0
    outer loop
      vertex 28 -21 22.8
      vertex 28.8889 -21 24.4629
      vertex 28.5858 -21 24.2142
    endloop
  endfacet
  facet normal 0 -1 0
    outer loop
      vertex 36.0535 -21 20.0182
      vertex 40 -21 24.8
      vertex 35.7949 -21 20.2968
    endloop
  endfacet
  facet normal 0 -1 0
    outer loop
      vertex 28 -21 22.8
      vertex 28.5858 -21 24.2142
      vertex 28.3371 -21 23.9111
    endloop
  endfacet
  facet normal -0 -1 0
    outer loop
      vertex 42 -21 22.8
      vertex 40 -21 24.8
      vertex 36.0535 -21 20.0182
    endloop
  endfacet
  facet normal 0 -1 0
    outer loop
      vertex 28 -21 22.8
      vertex 28.3371 -21 23.9111
      vertex 28.1522 -21 23.5654
    endloop
  endfacet
  facet normal 0 -1 0
    outer loop
      vertex 40 -21 24.8
      vertex 42 -21 22.8
      vertex 40.3902 -21 24.7616
    endloop
  endfacet
  facet normal 0 -1 0
    outer loop
      vertex 28 -21 22.8
      vertex 28.1522 -21 23.5654
      vertex 28.0384 -21 23.1902
    endloop
  endfacet
  facet normal 0 -1 0
    outer loop
      vertex 40.3902 -21 24.7616
      vertex 42 -21 22.8
      vertex 40.7654 -21 24.6478
    endloop
  endfacet
  facet normal 0 -1 -0
    outer loop
      vertex 30 -21 24.8
      vertex 28 -21 22.8
      vertex 33.8513 -21 19.8532
    endloop
  endfacet
  facet normal 0 -1 0
    outer loop
      vertex 40.7654 -21 24.6478
      vertex 42 -21 22.8
      vertex 41.1111 -21 24.4629
    endloop
  endfacet
  facet normal 0 -1 0
    outer loop
      vertex 41.1111 -21 24.4629
      vertex 42 -21 22.8
      vertex 41.4142 -21 24.2142
    endloop
  endfacet
  facet normal 0 -1 0
    outer loop
      vertex 30 -21 24.8
      vertex 34.7163 -21 20.543
      vertex 35.0953 -21 20.5714
    endloop
  endfacet
  facet normal 0 -1 0
    outer loop
      vertex 30 -21 24.8
      vertex 34.3625 -21 20.4042
      vertex 34.7163 -21 20.543
    endloop
  endfacet
  facet normal 0 -1 0
    outer loop
      vertex 30 -21 24.8
      vertex 34.0654 -21 20.1672
      vertex 34.3625 -21 20.4042
    endloop
  endfacet
  facet normal 0 -1 0
    outer loop
      vertex 30 -21 24.8
      vertex 33.8513 -21 19.8532
      vertex 34.0654 -21 20.1672
    endloop
  endfacet
  facet normal 0 -1 0
    outer loop
      vertex 28 -21 22.8
      vertex 33.7392 -21 19.49
      vertex 33.8513 -21 19.8532
    endloop
  endfacet
  facet normal 0 -1 0
    outer loop
      vertex 28 -21 22.8
      vertex 33.7392 -21 19.11
      vertex 33.7392 -21 19.49
    endloop
  endfacet
  facet normal 0 -1 0
    outer loop
      vertex 28 -21 15.8
      vertex 33.7392 -21 19.11
      vertex 28 -21 22.8
    endloop
  endfacet
  facet normal 0 -1 -0
    outer loop
      vertex 33.7392 -21 19.11
      vertex 28 -21 15.8
      vertex 33.8513 -21 18.7468
    endloop
  endfacet
  facet normal 0 -1 -0
    outer loop
      vertex 33.8513 -21 18.7468
      vertex 28 -21 15.8
      vertex 34.0654 -21 18.4328
    endloop
  endfacet
  facet normal 0 -1 -0
    outer loop
      vertex 34.3625 -21 18.1958
      vertex 28 -21 15.8
      vertex 34.7163 -21 18.057
    endloop
  endfacet
  facet normal 0 -1 -0
    outer loop
      vertex 34.0654 -21 18.4328
      vertex 28 -21 15.8
      vertex 34.3625 -21 18.1958
    endloop
  endfacet
  facet normal 0 -1 0
    outer loop
      vertex 41.4142 -21 24.2142
      vertex 42 -21 22.8
      vertex 41.6629 -21 23.9111
    endloop
  endfacet
  facet normal 0 -1 0
    outer loop
      vertex 41.8478 -21 23.5654
      vertex 42 -21 22.8
      vertex 41.9616 -21 23.1902
    endloop
  endfacet
  facet normal 0 -1 0
    outer loop
      vertex 41.6629 -21 23.9111
      vertex 42 -21 22.8
      vertex 41.8478 -21 23.5654
    endloop
  endfacet
  facet normal 0 -1 0
    outer loop
      vertex 36.2184 -21 19.6758
      vertex 42 -21 22.8
      vertex 36.0535 -21 20.0182
    endloop
  endfacet
  facet normal 0 -1 0
    outer loop
      vertex 36.275 -21 19.3
      vertex 42 -21 22.8
      vertex 36.2184 -21 19.6758
    endloop
  endfacet
  facet normal 0 -1 0
    outer loop
      vertex 42 -21 15.8
      vertex 36.275 -21 19.3
      vertex 36.2184 -21 18.9242
    endloop
  endfacet
  facet normal 0 -1 0
    outer loop
      vertex 42 -21 15.8
      vertex 36.2184 -21 18.9242
      vertex 36.0535 -21 18.5818
    endloop
  endfacet
  facet normal 0 -1 0
    outer loop
      vertex 42 -21 15.8
      vertex 36.0535 -21 18.5818
      vertex 35.7949 -21 18.3032
    endloop
  endfacet
  facet normal 0 -1 -0
    outer loop
      vertex 34.7163 -21 18.057
      vertex 28 -21 15.8
      vertex 35.0953 -21 18.0286
    endloop
  endfacet
  facet normal 0 -1 0
    outer loop
      vertex 36.275 -21 19.3
      vertex 42 -21 15.8
      vertex 42 -21 22.8
    endloop
  endfacet
  facet normal 0 -1 0
    outer loop
      vertex 42 -21 15.8
      vertex 35.7949 -21 18.3032
      vertex 35.4658 -21 18.1131
    endloop
  endfacet
  facet normal 0 -1 0
    outer loop
      vertex 42 -21 15.8
      vertex 35.0953 -21 18.0286
      vertex 28 -21 15.8
    endloop
  endfacet
  facet normal 0 -1 0
    outer loop
      vertex 35.0953 -21 18.0286
      vertex 42 -21 15.8
      vertex 35.4658 -21 18.1131
    endloop
  endfacet
  facet normal -0.290248 0 0.956951
    outer loop
      vertex 29.2346 -15 24.6478
      vertex 29.6098 -21 24.7616
      vertex 29.6098 -15 24.7616
    endloop
  endfacet
  facet normal -0.290248 0 0.956951
    outer loop
      vertex 29.6098 -21 24.7616
      vertex 29.2346 -15 24.6478
      vertex 29.2346 -21 24.6478
    endloop
  endfacet
  facet normal 0.77307 -0 0.634321
    outer loop
      vertex 41.4142 -21 24.2142
      vertex 41.6629 -15 23.9111
      vertex 41.4142 -15 24.2142
    endloop
  endfacet
  facet normal 0.77307 0 0.634321
    outer loop
      vertex 41.6629 -15 23.9111
      vertex 41.4142 -21 24.2142
      vertex 41.6629 -21 23.9111
    endloop
  endfacet
  facet normal -0.995193 0 0.097938
    outer loop
      vertex 28 -21 22.8
      vertex 28.0384 -15 23.1902
      vertex 28 -15 22.8
    endloop
  endfacet
  facet normal -0.995193 0 0.097938
    outer loop
      vertex 28.0384 -15 23.1902
      vertex 28 -21 22.8
      vertex 28.0384 -21 23.1902
    endloop
  endfacet
  facet normal -1 0 0
    outer loop
      vertex 28 -21 15.8
      vertex 28 -15 22.8
      vertex 28 -15 15.8
    endloop
  endfacet
  facet normal -1 -0 0
    outer loop
      vertex 28 -15 22.8
      vertex 28 -21 15.8
      vertex 28 -21 22.8
    endloop
  endfacet
  facet normal 0.097938 0 0.995193
    outer loop
      vertex 40 -15 24.8
      vertex 40.3902 -21 24.7616
      vertex 40.3902 -15 24.7616
    endloop
  endfacet
  facet normal 0.097938 0 0.995193
    outer loop
      vertex 40.3902 -21 24.7616
      vertex 40 -15 24.8
      vertex 40 -21 24.8
    endloop
  endfacet
  facet normal -0 0 1
    outer loop
      vertex 30 -15 24.8
      vertex 40 -21 24.8
      vertex 40 -15 24.8
    endloop
  endfacet
  facet normal 0 0 1
    outer loop
      vertex 40 -21 24.8
      vertex 30 -15 24.8
      vertex 30 -21 24.8
    endloop
  endfacet
  facet normal 1 -0 0
    outer loop
      vertex 42 -21 22.8
      vertex 42 -15 15.8
      vertex 42 -15 22.8
    endloop
  endfacet
  facet normal 1 0 0
    outer loop
      vertex 42 -15 15.8
      vertex 42 -21 22.8
      vertex 42 -21 15.8
    endloop
  endfacet
  facet normal -0.77307 0 0.634321
    outer loop
      vertex 28.3371 -21 23.9111
      vertex 28.5858 -15 24.2142
      vertex 28.3371 -15 23.9111
    endloop
  endfacet
  facet normal -0.77307 0 0.634321
    outer loop
      vertex 28.5858 -15 24.2142
      vertex 28.3371 -21 23.9111
      vertex 28.5858 -21 24.2142
    endloop
  endfacet
  facet normal -0.881795 0 0.471634
    outer loop
      vertex 28.1522 -21 23.5654
      vertex 28.3371 -15 23.9111
      vertex 28.1522 -15 23.5654
    endloop
  endfacet
  facet normal -0.881795 0 0.471634
    outer loop
      vertex 28.3371 -15 23.9111
      vertex 28.1522 -21 23.5654
      vertex 28.3371 -21 23.9111
    endloop
  endfacet
  facet normal 0 1 0
    outer loop
      vertex 42 -15 22.8
      vertex 40 -15 24.8
      vertex 40.3902 -15 24.7616
    endloop
  endfacet
  facet normal 0 1 0
    outer loop
      vertex 40 -15 24.8
      vertex 42 -15 15.8
      vertex 30 -15 24.8
    endloop
  endfacet
  facet normal 0 1 0
    outer loop
      vertex 42 -15 22.8
      vertex 40.3902 -15 24.7616
      vertex 40.7654 -15 24.6478
    endloop
  endfacet
  facet normal 0 1 0
    outer loop
      vertex 40 -15 24.8
      vertex 42 -15 22.8
      vertex 42 -15 15.8
    endloop
  endfacet
  facet normal 0 1 0
    outer loop
      vertex 42 -15 22.8
      vertex 40.7654 -15 24.6478
      vertex 41.1111 -15 24.4629
    endloop
  endfacet
  facet normal 0 1 0
    outer loop
      vertex 28 -15 15.8
      vertex 30 -15 24.8
      vertex 42 -15 15.8
    endloop
  endfacet
  facet normal 0 1 0
    outer loop
      vertex 42 -15 22.8
      vertex 41.1111 -15 24.4629
      vertex 41.4142 -15 24.2142
    endloop
  endfacet
  facet normal 0 1 0
    outer loop
      vertex 29.6098 -15 24.7616
      vertex 28 -15 22.8
      vertex 29.2346 -15 24.6478
    endloop
  endfacet
  facet normal 0 1 0
    outer loop
      vertex 42 -15 22.8
      vertex 41.4142 -15 24.2142
      vertex 41.6629 -15 23.9111
    endloop
  endfacet
  facet normal 0 1 0
    outer loop
      vertex 29.2346 -15 24.6478
      vertex 28 -15 22.8
      vertex 28.8889 -15 24.4629
    endloop
  endfacet
  facet normal 0 1 0
    outer loop
      vertex 42 -15 22.8
      vertex 41.6629 -15 23.9111
      vertex 41.8478 -15 23.5654
    endloop
  endfacet
  facet normal 0 1 0
    outer loop
      vertex 28.8889 -15 24.4629
      vertex 28 -15 22.8
      vertex 28.5858 -15 24.2142
    endloop
  endfacet
  facet normal 0 1 0
    outer loop
      vertex 42 -15 22.8
      vertex 41.8478 -15 23.5654
      vertex 41.9616 -15 23.1902
    endloop
  endfacet
  facet normal 0 1 0
    outer loop
      vertex 28.5858 -15 24.2142
      vertex 28 -15 22.8
      vertex 28.3371 -15 23.9111
    endloop
  endfacet
  facet normal 0 1 0
    outer loop
      vertex 28.3371 -15 23.9111
      vertex 28 -15 22.8
      vertex 28.1522 -15 23.5654
    endloop
  endfacet
  facet normal 0 1 0
    outer loop
      vertex 28.1522 -15 23.5654
      vertex 28 -15 22.8
      vertex 28.0384 -15 23.1902
    endloop
  endfacet
  facet normal -0 1 0
    outer loop
      vertex 28 -15 22.8
      vertex 30 -15 24.8
      vertex 28 -15 15.8
    endloop
  endfacet
  facet normal 0 1 0
    outer loop
      vertex 30 -15 24.8
      vertex 28 -15 22.8
      vertex 29.6098 -15 24.7616
    endloop
  endfacet
  facet normal 0.471634 0 0.881795
    outer loop
      vertex 40.7654 -15 24.6478
      vertex 41.1111 -21 24.4629
      vertex 41.1111 -15 24.4629
    endloop
  endfacet
  facet normal 0.471634 0 0.881795
    outer loop
      vertex 41.1111 -21 24.4629
      vertex 40.7654 -15 24.6478
      vertex 40.7654 -21 24.6478
    endloop
  endfacet
  facet normal 0.634321 0 0.77307
    outer loop
      vertex 41.1111 -15 24.4629
      vertex 41.4142 -21 24.2142
      vertex 41.4142 -15 24.2142
    endloop
  endfacet
  facet normal 0.634321 0 0.77307
    outer loop
      vertex 41.4142 -21 24.2142
      vertex 41.1111 -15 24.4629
      vertex 41.1111 -21 24.4629
    endloop
  endfacet
  facet normal 0.290248 0 0.956951
    outer loop
      vertex 40.3902 -15 24.7616
      vertex 40.7654 -21 24.6478
      vertex 40.7654 -15 24.6478
    endloop
  endfacet
  facet normal 0.290248 0 0.956951
    outer loop
      vertex 40.7654 -21 24.6478
      vertex 40.3902 -15 24.7616
      vertex 40.3902 -21 24.7616
    endloop
  endfacet
  facet normal -0.097938 0 0.995193
    outer loop
      vertex 29.6098 -15 24.7616
      vertex 30 -21 24.8
      vertex 30 -15 24.8
    endloop
  endfacet
  facet normal -0.097938 0 0.995193
    outer loop
      vertex 30 -21 24.8
      vertex 29.6098 -15 24.7616
      vertex 29.6098 -21 24.7616
    endloop
  endfacet
  facet normal -0.634321 0 0.77307
    outer loop
      vertex 28.5858 -15 24.2142
      vertex 28.8889 -21 24.4629
      vertex 28.8889 -15 24.4629
    endloop
  endfacet
  facet normal -0.634321 0 0.77307
    outer loop
      vertex 28.8889 -21 24.4629
      vertex 28.5858 -15 24.2142
      vertex 28.5858 -21 24.2142
    endloop
  endfacet
  facet normal -0.471634 0 0.881795
    outer loop
      vertex 28.8889 -15 24.4629
      vertex 29.2346 -21 24.6478
      vertex 29.2346 -15 24.6478
    endloop
  endfacet
  facet normal -0.471634 0 0.881795
    outer loop
      vertex 29.2346 -21 24.6478
      vertex 28.8889 -15 24.4629
      vertex 28.8889 -21 24.4629
    endloop
  endfacet
  facet normal -0.956951 0 0.290248
    outer loop
      vertex 28.0384 -21 23.1902
      vertex 28.1522 -15 23.5654
      vertex 28.0384 -15 23.1902
    endloop
  endfacet
  facet normal -0.956951 0 0.290248
    outer loop
      vertex 28.1522 -15 23.5654
      vertex 28.0384 -21 23.1902
      vertex 28.1522 -21 23.5654
    endloop
  endfacet
  facet normal 0.956951 -0 0.290248
    outer loop
      vertex 41.8478 -21 23.5654
      vertex 41.9616 -15 23.1902
      vertex 41.8478 -15 23.5654
    endloop
  endfacet
  facet normal 0.956951 0 0.290248
    outer loop
      vertex 41.9616 -15 23.1902
      vertex 41.8478 -21 23.5654
      vertex 41.9616 -21 23.1902
    endloop
  endfacet
  facet normal 0.995193 -0 0.097938
    outer loop
      vertex 41.9616 -21 23.1902
      vertex 42 -15 22.8
      vertex 41.9616 -15 23.1902
    endloop
  endfacet
  facet normal 0.995193 0 0.097938
    outer loop
      vertex 42 -15 22.8
      vertex 41.9616 -21 23.1902
      vertex 42 -21 22.8
    endloop
  endfacet
  facet normal 0.881795 -0 0.471634
    outer loop
      vertex 41.6629 -21 23.9111
      vertex 41.8478 -15 23.5654
      vertex 41.6629 -15 23.9111
    endloop
  endfacet
  facet normal 0.881795 0 0.471634
    outer loop
      vertex 41.8478 -15 23.5654
      vertex 41.6629 -21 23.9111
      vertex 41.8478 -21 23.5654
    endloop
  endfacet
  facet normal -1 0 0
    outer loop
      vertex 19.2 -4.55906 9.34746
      vertex 19.2 -4 12.8
      vertex 19.2 -4 9.59637
    endloop
  endfacet
  facet normal -1 0 0
    outer loop
      vertex 19.2 -5.2 9.00666
      vertex 19.2 -4 12.8
      vertex 19.2 -4.55906 9.34746
    endloop
  endfacet
  facet normal -1 0 0
    outer loop
      vertex 19.2 -5.81561 8.62199
      vertex 19.2 -4 12.8
      vertex 19.2 -5.2 9.00666
    endloop
  endfacet
  facet normal -1 0 0
    outer loop
      vertex 19.2 -6.40288 8.19531
      vertex 19.2 -4 12.8
      vertex 19.2 -5.81561 8.62199
    endloop
  endfacet
  facet normal -1 0 0
    outer loop
      vertex 19.2 -6.95896 7.72871
      vertex 19.2 -4 12.8
      vertex 19.2 -6.40288 8.19531
    endloop
  endfacet
  facet normal -1 0 0
    outer loop
      vertex 19.2 -21 12.8
      vertex 19.2 -6.95896 7.72871
      vertex 19.2 -7.48113 7.22445
    endloop
  endfacet
  facet normal -1 0 0
    outer loop
      vertex 19.2 -21 12.8
      vertex 19.2 -7.48113 7.22445
      vertex 19.2 -7.96686 6.68499
    endloop
  endfacet
  facet normal -1 0 0
    outer loop
      vertex 19.2 -21 12.8
      vertex 19.2 -7.96686 6.68499
      vertex 19.2 -8.41378 6.11297
    endloop
  endfacet
  facet normal -1 0 0
    outer loop
      vertex 19.2 -21 12.8
      vertex 19.2 -8.41378 6.11297
      vertex 19.2 -8.8197 5.51116
    endloop
  endfacet
  facet normal -1 0 0
    outer loop
      vertex 19.2 -21 0
      vertex 19.2 -10.3747 0.725467
      vertex 19.2 -10.4 0
    endloop
  endfacet
  facet normal -1 0 0
    outer loop
      vertex 19.2 -21 0
      vertex 19.2 -10.2988 1.4474
      vertex 19.2 -10.3747 0.725467
    endloop
  endfacet
  facet normal -1 0 0
    outer loop
      vertex 19.2 -21 0
      vertex 19.2 -10.1727 2.16228
      vertex 19.2 -10.2988 1.4474
    endloop
  endfacet
  facet normal -1 0 0
    outer loop
      vertex 19.2 -21 0
      vertex 19.2 -9.99712 2.86663
      vertex 19.2 -10.1727 2.16228
    endloop
  endfacet
  facet normal -1 0 0
    outer loop
      vertex 19.2 -21 0
      vertex 19.2 -9.7728 3.55701
      vertex 19.2 -9.99712 2.86663
    endloop
  endfacet
  facet normal -1 0 0
    outer loop
      vertex 19.2 -21 12.8
      vertex 19.2 -9.7728 3.55701
      vertex 19.2 -21 0
    endloop
  endfacet
  facet normal -1 0 0
    outer loop
      vertex 19.2 -9.7728 3.55701
      vertex 19.2 -21 12.8
      vertex 19.2 -9.50087 4.23006
    endloop
  endfacet
  facet normal -1 0 0
    outer loop
      vertex 19.2 -9.50087 4.23006
      vertex 19.2 -21 12.8
      vertex 19.2 -9.18265 4.8825
    endloop
  endfacet
  facet normal -1 0 0
    outer loop
      vertex 19.2 -9.18265 4.8825
      vertex 19.2 -21 12.8
      vertex 19.2 -8.8197 5.51116
    endloop
  endfacet
  facet normal -1 0 0
    outer loop
      vertex 19.2 -6.95896 7.72871
      vertex 19.2 -21 12.8
      vertex 19.2 -4 12.8
    endloop
  endfacet
  facet normal 0.659478 0 0.751724
    outer loop
      vertex 49.6263 -4 15.1801
      vertex 49.9213 -21 14.9213
      vertex 49.9213 -4 14.9213
    endloop
  endfacet
  facet normal 0.659478 0 0.751724
    outer loop
      vertex 49.9213 -21 14.9213
      vertex 49.6263 -4 15.1801
      vertex 49.6263 -21 15.1801
    endloop
  endfacet
  facet normal 1 0 0
    outer loop
      vertex 50.8 -4 12.8
      vertex 50.8 -4.55906 9.34746
      vertex 50.8 -4 9.59637
    endloop
  endfacet
  facet normal 1 0 0
    outer loop
      vertex 50.8 -4 12.8
      vertex 50.8 -5.2 9.00666
      vertex 50.8 -4.55906 9.34746
    endloop
  endfacet
  facet normal 1 0 0
    outer loop
      vertex 50.8 -4 12.8
      vertex 50.8 -5.81561 8.62199
      vertex 50.8 -5.2 9.00666
    endloop
  endfacet
  facet normal 1 0 0
    outer loop
      vertex 50.8 -4 12.8
      vertex 50.8 -6.40288 8.19531
      vertex 50.8 -5.81561 8.62199
    endloop
  endfacet
  facet normal 1 0 0
    outer loop
      vertex 50.8 -4 12.8
      vertex 50.8 -6.95896 7.72871
      vertex 50.8 -6.40288 8.19531
    endloop
  endfacet
  facet normal 1 -0 0
    outer loop
      vertex 50.8 -21 12.8
      vertex 50.8 -6.95896 7.72871
      vertex 50.8 -4 12.8
    endloop
  endfacet
  facet normal 1 0 0
    outer loop
      vertex 50.8 -6.95896 7.72871
      vertex 50.8 -21 12.8
      vertex 50.8 -7.48113 7.22445
    endloop
  endfacet
  facet normal 1 0 0
    outer loop
      vertex 50.8 -7.48113 7.22445
      vertex 50.8 -21 12.8
      vertex 50.8 -7.96686 6.68499
    endloop
  endfacet
  facet normal 1 0 0
    outer loop
      vertex 50.8 -7.96686 6.68499
      vertex 50.8 -21 12.8
      vertex 50.8 -8.41378 6.11297
    endloop
  endfacet
  facet normal 1 0 0
    outer loop
      vertex 50.8 -8.41378 6.11297
      vertex 50.8 -21 12.8
      vertex 50.8 -8.8197 5.51116
    endloop
  endfacet
  facet normal 1 0 0
    outer loop
      vertex 50.8 -21 12.8
      vertex 50.8 -9.18265 4.8825
      vertex 50.8 -8.8197 5.51116
    endloop
  endfacet
  facet normal 1 0 0
    outer loop
      vertex 50.8 -21 12.8
      vertex 50.8 -9.50087 4.23006
      vertex 50.8 -9.18265 4.8825
    endloop
  endfacet
  facet normal 1 0 0
    outer loop
      vertex 50.8 -21 12.8
      vertex 50.8 -9.7728 3.55701
      vertex 50.8 -9.50087 4.23006
    endloop
  endfacet
  facet normal 1 0 0
    outer loop
      vertex 50.8 -21 0
      vertex 50.8 -9.7728 3.55701
      vertex 50.8 -21 12.8
    endloop
  endfacet
  facet normal 1 0 0
    outer loop
      vertex 50.8 -9.7728 3.55701
      vertex 50.8 -21 0
      vertex 50.8 -9.99712 2.86663
    endloop
  endfacet
  facet normal 1 0 0
    outer loop
      vertex 50.8 -9.99712 2.86663
      vertex 50.8 -21 0
      vertex 50.8 -10.1727 2.16228
    endloop
  endfacet
  facet normal 1 0 0
    outer loop
      vertex 50.8 -10.1727 2.16228
      vertex 50.8 -21 0
      vertex 50.8 -10.2988 1.4474
    endloop
  endfacet
  facet normal 1 0 0
    outer loop
      vertex 50.8 -10.2988 1.4474
      vertex 50.8 -21 0
      vertex 50.8 -10.3747 0.725467
    endloop
  endfacet
  facet normal 1 0 0
    outer loop
      vertex 50.8 -10.3747 0.725467
      vertex 50.8 -21 0
      vertex 50.8 -10.4 0
    endloop
  endfacet
  facet normal 0 1 0
    outer loop
      vertex 50.8 -4 12.8
      vertex 47.8 -4 15.8
      vertex 48.1916 -4 15.7743
    endloop
  endfacet
  facet normal 0 1 0
    outer loop
      vertex 47.8 -4 15.8
      vertex 50.8 -4 9.59637
      vertex 22.2 -4 15.8
    endloop
  endfacet
  facet normal 0 1 0
    outer loop
      vertex 50.8 -4 12.8
      vertex 48.1916 -4 15.7743
      vertex 48.5764 -4 15.6978
    endloop
  endfacet
  facet normal 0 1 0
    outer loop
      vertex 19.2 -4 9.59637
      vertex 22.2 -4 15.8
      vertex 50.8 -4 9.59637
    endloop
  endfacet
  facet normal 0 1 0
    outer loop
      vertex 50.8 -4 12.8
      vertex 48.5764 -4 15.6978
      vertex 48.948 -4 15.5716
    endloop
  endfacet
  facet normal -0 1 0
    outer loop
      vertex 19.2 -4 12.8
      vertex 22.2 -4 15.8
      vertex 19.2 -4 9.59637
    endloop
  endfacet
  facet normal 0 1 0
    outer loop
      vertex 50.8 -4 12.8
      vertex 48.948 -4 15.5716
      vertex 49.3 -4 15.3981
    endloop
  endfacet
  facet normal 0 1 0
    outer loop
      vertex 22.2 -4 15.8
      vertex 19.2 -4 12.8
      vertex 21.8084 -4 15.7743
    endloop
  endfacet
  facet normal 0 1 0
    outer loop
      vertex 50.8 -4 12.8
      vertex 49.3 -4 15.3981
      vertex 49.6263 -4 15.1801
    endloop
  endfacet
  facet normal 0 1 0
    outer loop
      vertex 21.8084 -4 15.7743
      vertex 19.2 -4 12.8
      vertex 21.4236 -4 15.6978
    endloop
  endfacet
  facet normal 0 1 0
    outer loop
      vertex 50.8 -4 12.8
      vertex 49.6263 -4 15.1801
      vertex 49.9213 -4 14.9213
    endloop
  endfacet
  facet normal 0 1 0
    outer loop
      vertex 21.4236 -4 15.6978
      vertex 19.2 -4 12.8
      vertex 21.052 -4 15.5716
    endloop
  endfacet
  facet normal 0 1 0
    outer loop
      vertex 50.8 -4 12.8
      vertex 49.9213 -4 14.9213
      vertex 50.1801 -4 14.6263
    endloop
  endfacet
  facet normal 0 1 0
    outer loop
      vertex 21.052 -4 15.5716
      vertex 19.2 -4 12.8
      vertex 20.7 -4 15.3981
    endloop
  endfacet
  facet normal 0 1 0
    outer loop
      vertex 50.8 -4 12.8
      vertex 50.1801 -4 14.6263
      vertex 50.3981 -4 14.3
    endloop
  endfacet
  facet normal 0 1 0
    outer loop
      vertex 20.7 -4 15.3981
      vertex 19.2 -4 12.8
      vertex 20.3737 -4 15.1801
    endloop
  endfacet
  facet normal 0 1 0
    outer loop
      vertex 50.8 -4 12.8
      vertex 50.3981 -4 14.3
      vertex 50.5716 -4 13.948
    endloop
  endfacet
  facet normal 0 1 0
    outer loop
      vertex 20.3737 -4 15.1801
      vertex 19.2 -4 12.8
      vertex 20.0787 -4 14.9213
    endloop
  endfacet
  facet normal 0 1 0
    outer loop
      vertex 50.8 -4 12.8
      vertex 50.5716 -4 13.948
      vertex 50.6978 -4 13.5764
    endloop
  endfacet
  facet normal 0 1 0
    outer loop
      vertex 47.8 -4 15.8
      vertex 50.8 -4 12.8
      vertex 50.8 -4 9.59637
    endloop
  endfacet
  facet normal 0 1 0
    outer loop
      vertex 50.8 -4 12.8
      vertex 50.6978 -4 13.5764
      vertex 50.7743 -4 13.1916
    endloop
  endfacet
  facet normal 0 1 0
    outer loop
      vertex 20.0787 -4 14.9213
      vertex 19.2 -4 12.8
      vertex 19.8199 -4 14.6263
    endloop
  endfacet
  facet normal 0 1 0
    outer loop
      vertex 19.4284 -4 13.948
      vertex 19.2 -4 12.8
      vertex 19.3022 -4 13.5764
    endloop
  endfacet
  facet normal 0 1 0
    outer loop
      vertex 19.3022 -4 13.5764
      vertex 19.2 -4 12.8
      vertex 19.2257 -4 13.1916
    endloop
  endfacet
  facet normal 0 1 0
    outer loop
      vertex 19.8199 -4 14.6263
      vertex 19.2 -4 12.8
      vertex 19.6019 -4 14.3
    endloop
  endfacet
  facet normal 0 1 0
    outer loop
      vertex 19.6019 -4 14.3
      vertex 19.2 -4 12.8
      vertex 19.4284 -4 13.948
    endloop
  endfacet
  facet normal -0.194989 0 0.980806
    outer loop
      vertex 21.4236 -4 15.6978
      vertex 21.8084 -21 15.7743
      vertex 21.8084 -4 15.7743
    endloop
  endfacet
  facet normal -0.194989 0 0.980806
    outer loop
      vertex 21.8084 -21 15.7743
      vertex 21.4236 -4 15.6978
      vertex 21.4236 -21 15.6978
    endloop
  endfacet
  facet normal 0.44211 0 0.896961
    outer loop
      vertex 48.948 -4 15.5716
      vertex 49.3 -21 15.3981
      vertex 49.3 -4 15.3981
    endloop
  endfacet
  facet normal 0.44211 0 0.896961
    outer loop
      vertex 49.3 -21 15.3981
      vertex 48.948 -4 15.5716
      vertex 48.948 -21 15.5716
    endloop
  endfacet
  facet normal 0.321574 0 0.946885
    outer loop
      vertex 48.5764 -4 15.6978
      vertex 48.948 -21 15.5716
      vertex 48.948 -4 15.5716
    endloop
  endfacet
  facet normal 0.321574 0 0.946885
    outer loop
      vertex 48.948 -21 15.5716
      vertex 48.5764 -4 15.6978
      vertex 48.5764 -21 15.6978
    endloop
  endfacet
  facet normal 0 0 1
    outer loop
      vertex 47.8 -4 15.8
      vertex 42 -15 15.8
      vertex 47.8 -21 15.8
    endloop
  endfacet
  facet normal 0 0 1
    outer loop
      vertex 47.8 -4 15.8
      vertex 28 -15 15.8
      vertex 42 -15 15.8
    endloop
  endfacet
  facet normal -0 0 1
    outer loop
      vertex 22.2 -4 15.8
      vertex 28 -15 15.8
      vertex 47.8 -4 15.8
    endloop
  endfacet
  facet normal 0 0 1
    outer loop
      vertex 22.2 -21 15.8
      vertex 28 -15 15.8
      vertex 22.2 -4 15.8
    endloop
  endfacet
  facet normal 0 0 1
    outer loop
      vertex 28 -15 15.8
      vertex 22.2 -21 15.8
      vertex 28 -21 15.8
    endloop
  endfacet
  facet normal 0 0 1
    outer loop
      vertex 47.8 -21 15.8
      vertex 42 -15 15.8
      vertex 42 -21 15.8
    endloop
  endfacet
  facet normal 0.555523 0 0.831501
    outer loop
      vertex 49.3 -4 15.3981
      vertex 49.6263 -21 15.1801
      vertex 49.6263 -4 15.1801
    endloop
  endfacet
  facet normal 0.555523 0 0.831501
    outer loop
      vertex 49.6263 -21 15.1801
      vertex 49.3 -4 15.3981
      vertex 49.3 -21 15.3981
    endloop
  endfacet
  facet normal 0.0654873 0 0.997853
    outer loop
      vertex 47.8 -4 15.8
      vertex 48.1916 -21 15.7743
      vertex 48.1916 -4 15.7743
    endloop
  endfacet
  facet normal 0.0654873 0 0.997853
    outer loop
      vertex 48.1916 -21 15.7743
      vertex 47.8 -4 15.8
      vertex 47.8 -21 15.8
    endloop
  endfacet
  facet normal 0.194989 0 0.980806
    outer loop
      vertex 48.1916 -4 15.7743
      vertex 48.5764 -21 15.6978
      vertex 48.5764 -4 15.6978
    endloop
  endfacet
  facet normal 0.194989 0 0.980806
    outer loop
      vertex 48.5764 -21 15.6978
      vertex 48.1916 -4 15.7743
      vertex 48.1916 -21 15.7743
    endloop
  endfacet
  facet normal -0.0654873 0 0.997853
    outer loop
      vertex 21.8084 -4 15.7743
      vertex 22.2 -21 15.8
      vertex 22.2 -4 15.8
    endloop
  endfacet
  facet normal -0.0654873 0 0.997853
    outer loop
      vertex 22.2 -21 15.8
      vertex 21.8084 -4 15.7743
      vertex 21.8084 -21 15.7743
    endloop
  endfacet
  facet normal 0.946885 -0 0.321574
    outer loop
      vertex 50.5716 -21 13.948
      vertex 50.6978 -4 13.5764
      vertex 50.5716 -4 13.948
    endloop
  endfacet
  facet normal 0.946885 0 0.321574
    outer loop
      vertex 50.6978 -4 13.5764
      vertex 50.5716 -21 13.948
      vertex 50.6978 -21 13.5764
    endloop
  endfacet
  facet normal 0.896961 -0 0.44211
    outer loop
      vertex 50.3981 -21 14.3
      vertex 50.5716 -4 13.948
      vertex 50.3981 -4 14.3
    endloop
  endfacet
  facet normal 0.896961 0 0.44211
    outer loop
      vertex 50.5716 -4 13.948
      vertex 50.3981 -21 14.3
      vertex 50.5716 -21 13.948
    endloop
  endfacet
  facet normal 0.980806 -0 0.194989
    outer loop
      vertex 50.6978 -21 13.5764
      vertex 50.7743 -4 13.1916
      vertex 50.6978 -4 13.5764
    endloop
  endfacet
  facet normal 0.980806 0 0.194989
    outer loop
      vertex 50.7743 -4 13.1916
      vertex 50.6978 -21 13.5764
      vertex 50.7743 -21 13.1916
    endloop
  endfacet
  facet normal -0.751724 0 0.659478
    outer loop
      vertex 19.8199 -21 14.6263
      vertex 20.0787 -4 14.9213
      vertex 19.8199 -4 14.6263
    endloop
  endfacet
  facet normal -0.751724 0 0.659478
    outer loop
      vertex 20.0787 -4 14.9213
      vertex 19.8199 -21 14.6263
      vertex 20.0787 -21 14.9213
    endloop
  endfacet
  facet normal -0.831501 0 0.555523
    outer loop
      vertex 19.6019 -21 14.3
      vertex 19.8199 -4 14.6263
      vertex 19.6019 -4 14.3
    endloop
  endfacet
  facet normal -0.831501 0 0.555523
    outer loop
      vertex 19.8199 -4 14.6263
      vertex 19.6019 -21 14.3
      vertex 19.8199 -21 14.6263
    endloop
  endfacet
  facet normal -0.997853 0 0.0654873
    outer loop
      vertex 19.2 -21 12.8
      vertex 19.2257 -4 13.1916
      vertex 19.2 -4 12.8
    endloop
  endfacet
  facet normal -0.997853 0 0.0654873
    outer loop
      vertex 19.2257 -4 13.1916
      vertex 19.2 -21 12.8
      vertex 19.2257 -21 13.1916
    endloop
  endfacet
  facet normal -0.980806 0 0.194989
    outer loop
      vertex 19.2257 -21 13.1916
      vertex 19.3022 -4 13.5764
      vertex 19.2257 -4 13.1916
    endloop
  endfacet
  facet normal -0.980806 0 0.194989
    outer loop
      vertex 19.3022 -4 13.5764
      vertex 19.2257 -21 13.1916
      vertex 19.3022 -21 13.5764
    endloop
  endfacet
  facet normal 0.997853 -0 0.0654873
    outer loop
      vertex 50.7743 -21 13.1916
      vertex 50.8 -4 12.8
      vertex 50.7743 -4 13.1916
    endloop
  endfacet
  facet normal 0.997853 0 0.0654873
    outer loop
      vertex 50.8 -4 12.8
      vertex 50.7743 -21 13.1916
      vertex 50.8 -21 12.8
    endloop
  endfacet
  facet normal 0.831501 -0 0.555523
    outer loop
      vertex 50.1801 -21 14.6263
      vertex 50.3981 -4 14.3
      vertex 50.1801 -4 14.6263
    endloop
  endfacet
  facet normal 0.831501 0 0.555523
    outer loop
      vertex 50.3981 -4 14.3
      vertex 50.1801 -21 14.6263
      vertex 50.3981 -21 14.3
    endloop
  endfacet
  facet normal 0.751724 -0 0.659478
    outer loop
      vertex 49.9213 -21 14.9213
      vertex 50.1801 -4 14.6263
      vertex 49.9213 -4 14.9213
    endloop
  endfacet
  facet normal 0.751724 0 0.659478
    outer loop
      vertex 50.1801 -4 14.6263
      vertex 49.9213 -21 14.9213
      vertex 50.1801 -21 14.6263
    endloop
  endfacet
  facet normal -0.44211 0 0.896961
    outer loop
      vertex 20.7 -4 15.3981
      vertex 21.052 -21 15.5716
      vertex 21.052 -4 15.5716
    endloop
  endfacet
  facet normal -0.44211 0 0.896961
    outer loop
      vertex 21.052 -21 15.5716
      vertex 20.7 -4 15.3981
      vertex 20.7 -21 15.3981
    endloop
  endfacet
  facet normal -0.946885 0 0.321574
    outer loop
      vertex 19.3022 -21 13.5764
      vertex 19.4284 -4 13.948
      vertex 19.3022 -4 13.5764
    endloop
  endfacet
  facet normal -0.946885 0 0.321574
    outer loop
      vertex 19.4284 -4 13.948
      vertex 19.3022 -21 13.5764
      vertex 19.4284 -21 13.948
    endloop
  endfacet
  facet normal -0.896961 0 0.44211
    outer loop
      vertex 19.4284 -21 13.948
      vertex 19.6019 -4 14.3
      vertex 19.4284 -4 13.948
    endloop
  endfacet
  facet normal -0.896961 0 0.44211
    outer loop
      vertex 19.6019 -4 14.3
      vertex 19.4284 -21 13.948
      vertex 19.6019 -21 14.3
    endloop
  endfacet
  facet normal -0.321574 0 0.946885
    outer loop
      vertex 21.052 -4 15.5716
      vertex 21.4236 -21 15.6978
      vertex 21.4236 -4 15.6978
    endloop
  endfacet
  facet normal -0.321574 0 0.946885
    outer loop
      vertex 21.4236 -21 15.6978
      vertex 21.052 -4 15.5716
      vertex 21.052 -21 15.5716
    endloop
  endfacet
  facet normal -0.659478 0 0.751724
    outer loop
      vertex 20.0787 -4 14.9213
      vertex 20.3737 -21 15.1801
      vertex 20.3737 -4 15.1801
    endloop
  endfacet
  facet normal -0.659478 0 0.751724
    outer loop
      vertex 20.3737 -21 15.1801
      vertex 20.0787 -4 14.9213
      vertex 20.0787 -21 14.9213
    endloop
  endfacet
  facet normal -0.555523 0 0.831501
    outer loop
      vertex 20.3737 -4 15.1801
      vertex 20.7 -21 15.3981
      vertex 20.7 -4 15.3981
    endloop
  endfacet
  facet normal -0.555523 0 0.831501
    outer loop
      vertex 20.7 -21 15.3981
      vertex 20.3737 -4 15.1801
      vertex 20.3737 -21 15.1801
    endloop
  endfacet
  facet normal 0.140483 0.497828 0.855823
    outer loop
      vertex 71.4399 13.5321 10.9844
      vertex 71.0788 13.858 10.8541
      vertex 71.089 13.5321 11.042
    endloop
  endfacet
  facet normal 0.690871 0.307181 0.654475
    outer loop
      vertex 72.1398 13.1742 10.7419
      vertex 72.3397 13.24 10.5
      vertex 72.0646 13.5321 10.6533
    endloop
  endfacet
  facet normal 0.690718 0.307569 0.654454
    outer loop
      vertex 72.3397 13.24 10.5
      vertex 72.1398 13.1742 10.7419
      vertex 72.369 13.1742 10.5
    endloop
  endfacet
  facet normal 0.690718 -0.307569 0.654454
    outer loop
      vertex 72.1398 12.4258 10.7419
      vertex 72.3397 12.36 10.5
      vertex 72.369 12.4258 10.5
    endloop
  endfacet
  facet normal 0.690871 -0.307181 0.654475
    outer loop
      vertex 72.3397 12.36 10.5
      vertex 72.1398 12.4258 10.7419
      vertex 72.0646 12.0679 10.6533
    endloop
  endfacet
  facet normal -0.561364 0.497872 0.661055
    outer loop
      vertex 69.9796 13.7687 10.5
      vertex 70.1828 13.858 10.6053
      vertex 70.0588 13.858 10.5
    endloop
  endfacet
  facet normal -0.56136 0.497759 0.661144
    outer loop
      vertex 70.1828 13.858 10.6053
      vertex 69.9796 13.7687 10.5
      vertex 70.0772 13.5321 10.761
    endloop
  endfacet
  facet normal -0.199296 -0.666765 0.718127
    outer loop
      vertex 70.7644 11.742 10.837
      vertex 70.461 11.742 10.7528
      vertex 70.8051 11.4623 10.5886
    endloop
  endfacet
  facet normal -0.465785 0.10371 0.8788
    outer loop
      vertex 70.0119 13.1742 10.8573
      vertex 69.9899 12.8 10.8898
      vertex 70.3483 13.1742 11.0356
    endloop
  endfacet
  facet normal -0.349025 0.666954 0.658296
    outer loop
      vertex 70.3637 14.0566 10.5
      vertex 70.1828 13.858 10.6053
      vertex 70.461 13.858 10.7528
    endloop
  endfacet
  facet normal -0.349005 0.666946 0.658315
    outer loop
      vertex 70.1828 13.858 10.6053
      vertex 70.3637 14.0566 10.5
      vertex 70.2542 13.9993 10.5
    endloop
  endfacet
  facet normal -0.0470811 0.497824 0.865999
    outer loop
      vertex 71.0788 13.858 10.8541
      vertex 70.734 13.5321 11.0227
      vertex 71.089 13.5321 11.042
    endloop
  endfacet
  facet normal 0.352192 0.307532 0.88396
    outer loop
      vertex 71.7702 13.5321 10.8528
      vertex 71.4399 13.5321 10.9844
      vertex 71.8247 13.1742 10.9556
    endloop
  endfacet
  facet normal -0.0538235 -0.103985 0.993121
    outer loop
      vertex 71.0975 12.8 11.1974
      vertex 70.7152 12.4258 11.1375
      vertex 71.0953 12.4258 11.1581
    endloop
  endfacet
  facet normal -0.791537 -0.103892 0.602225
    outer loop
      vertex 69.7218 12.4258 10.6108
      vertex 69.6089 12.6437 10.5
      vertex 69.6375 12.4258 10.5
    endloop
  endfacet
  facet normal -0.791701 -0.104105 0.601973
    outer loop
      vertex 69.6089 12.6437 10.5
      vertex 69.7218 12.4258 10.6108
      vertex 69.6932 12.8 10.6379
    endloop
  endfacet
  facet normal -0.482296 0.666954 0.567946
    outer loop
      vertex 70.2542 13.9993 10.5
      vertex 70.0588 13.858 10.5
      vertex 70.1828 13.858 10.6053
    endloop
  endfacet
  facet normal 0.0956875 0.807499 0.582056
    outer loop
      vertex 71.1189 14.2054 10.5
      vertex 71.3222 14.1377 10.5605
      vertex 71.3054 14.1833 10.5
    endloop
  endfacet
  facet normal 0.0956021 0.80739 0.582221
    outer loop
      vertex 71.3222 14.1377 10.5605
      vertex 71.1189 14.2054 10.5
      vertex 71.0652 14.1377 10.6027
    endloop
  endfacet
  facet normal 0.154142 0.307329 0.939036
    outer loop
      vertex 71.4399 13.5321 10.9844
      vertex 71.089 13.5321 11.042
      vertex 71.0953 13.1742 11.1581
    endloop
  endfacet
  facet normal 0.418196 -0.666871 0.616762
    outer loop
      vertex 71.7315 11.6004 10.5
      vertex 71.9427 11.742 10.5099
      vertex 71.6821 11.742 10.6866
    endloop
  endfacet
  facet normal 0.418691 -0.667535 0.615707
    outer loop
      vertex 71.9427 11.742 10.5099
      vertex 71.7315 11.6004 10.5
      vertex 71.9343 11.7276 10.5
    endloop
  endfacet
  facet normal 0.16098 -0.103966 0.981467
    outer loop
      vertex 71.4816 12.8 11.1344
      vertex 71.0975 12.8 11.1974
      vertex 71.471 12.4258 11.0965
    endloop
  endfacet
  facet normal 0.558057 0.103785 0.823287
    outer loop
      vertex 72.1653 12.8 10.7719
      vertex 71.8247 13.1742 10.9556
      vertex 71.8431 12.8 10.9903
    endloop
  endfacet
  facet normal 0.558244 0.104033 0.823129
    outer loop
      vertex 72.1398 13.1742 10.7419
      vertex 71.8247 13.1742 10.9556
      vertex 72.1653 12.8 10.7719
    endloop
  endfacet
  facet normal 0.722139 0.103939 0.683894
    outer loop
      vertex 72.375 13.1321 10.5
      vertex 72.1653 12.8 10.7719
      vertex 72.4228 12.8 10.5
    endloop
  endfacet
  facet normal 0.722139 -0.103939 0.683894
    outer loop
      vertex 72.4228 12.8 10.5
      vertex 72.1653 12.8 10.7719
      vertex 72.375 12.4679 10.5
    endloop
  endfacet
  facet normal -0.406403 -0.497747 0.766214
    outer loop
      vertex 70.3913 12.0679 10.9276
      vertex 70.0772 12.0679 10.761
      vertex 70.1828 11.742 10.6053
    endloop
  endfacet
  facet normal 0.486765 -0.49769 0.717889
    outer loop
      vertex 71.7702 12.0679 10.8528
      vertex 71.6821 11.742 10.6866
      vertex 71.9427 11.742 10.5099
    endloop
  endfacet
  facet normal -0.756781 0.306389 0.577414
    outer loop
      vertex 69.7827 13.5321 10.5
      vertex 69.7627 13.4827 10.5
      vertex 69.8062 13.5321 10.5308
    endloop
  endfacet
  facet normal -0.616167 -0.307395 0.725153
    outer loop
      vertex 70.0119 12.4258 10.8573
      vertex 69.7218 12.4258 10.6108
      vertex 69.8062 12.0679 10.5308
    endloop
  endfacet
  facet normal 0.629939 0.497666 0.596243
    outer loop
      vertex 72.1036 13.6664 10.5
      vertex 72.0646 13.5321 10.6533
      vertex 72.2097 13.5321 10.5
    endloop
  endfacet
  facet normal 0.120413 -0.667009 0.735255
    outer loop
      vertex 71.3896 11.742 10.8032
      vertex 71.0788 11.742 10.8541
      vertex 71.3222 11.4623 10.5605
    endloop
  endfacet
  facet normal -0.466119 -0.104119 0.878574
    outer loop
      vertex 70.3337 12.8 11.0722
      vertex 69.9899 12.8 10.8898
      vertex 70.3483 12.4258 11.0356
    endloop
  endfacet
  facet normal -0.689805 0.497157 0.526312
    outer loop
      vertex 69.8387 13.6098 10.5
      vertex 69.7827 13.5321 10.5
      vertex 69.8062 13.5321 10.5308
    endloop
  endfacet
  facet normal -0.199296 0.666765 0.718127
    outer loop
      vertex 70.8051 14.1377 10.5886
      vertex 70.461 13.858 10.7528
      vertex 70.7644 13.858 10.837
    endloop
  endfacet
  facet normal 0.418691 0.667535 0.615707
    outer loop
      vertex 71.7315 13.9996 10.5
      vertex 71.9427 13.858 10.5099
      vertex 71.9343 13.8724 10.5
    endloop
  endfacet
  facet normal 0.418196 0.666871 0.616762
    outer loop
      vertex 71.9427 13.858 10.5099
      vertex 71.7315 13.9996 10.5
      vertex 71.6821 13.858 10.6866
    endloop
  endfacet
  facet normal 0.558244 -0.104033 0.823129
    outer loop
      vertex 72.1653 12.8 10.7719
      vertex 71.8247 12.4258 10.9556
      vertex 72.1398 12.4258 10.7419
    endloop
  endfacet
  facet normal -0.445864 -0.307533 0.840612
    outer loop
      vertex 70.3913 12.0679 10.9276
      vertex 70.0119 12.4258 10.8573
      vertex 70.0772 12.0679 10.761
    endloop
  endfacet
  facet normal 0.558057 -0.103785 0.823287
    outer loop
      vertex 71.8431 12.8 10.9903
      vertex 71.8247 12.4258 10.9556
      vertex 72.1653 12.8 10.7719
    endloop
  endfacet
  facet normal 0.36807 -0.104008 0.923963
    outer loop
      vertex 71.4816 12.8 11.1344
      vertex 71.471 12.4258 11.0965
      vertex 71.8247 12.4258 10.9556
    endloop
  endfacet
  facet normal 0.275744 -0.667001 0.692152
    outer loop
      vertex 71.3896 11.742 10.8032
      vertex 71.4741 11.4623 10.5
      vertex 71.5457 11.4919 10.5
    endloop
  endfacet
  facet normal 0.275678 -0.667025 0.692156
    outer loop
      vertex 71.4741 11.4623 10.5
      vertex 71.3896 11.742 10.8032
      vertex 71.3222 11.4623 10.5605
    endloop
  endfacet
  facet normal 0.352148 0.307481 0.883995
    outer loop
      vertex 71.8247 13.1742 10.9556
      vertex 71.4399 13.5321 10.9844
      vertex 71.471 13.1742 11.0965
    endloop
  endfacet
  facet normal -0.0516588 0.307328 0.9502
    outer loop
      vertex 71.089 13.5321 11.042
      vertex 70.734 13.5321 11.0227
      vertex 71.0953 13.1742 11.1581
    endloop
  endfacet
  facet normal -0.0539104 -0.103897 0.993126
    outer loop
      vertex 71.0975 12.8 11.1974
      vertex 70.7088 12.8 11.1763
      vertex 70.7152 12.4258 11.1375
    endloop
  endfacet
  facet normal -0.791537 0.103892 0.602225
    outer loop
      vertex 69.6089 12.9563 10.5
      vertex 69.7218 13.1742 10.6108
      vertex 69.6375 13.1742 10.5
    endloop
  endfacet
  facet normal -0.791701 0.104105 0.601973
    outer loop
      vertex 69.7218 13.1742 10.6108
      vertex 69.6089 12.9563 10.5
      vertex 69.6932 12.8 10.6379
    endloop
  endfacet
  facet normal 0.153961 0.307492 0.939013
    outer loop
      vertex 71.4399 13.5321 10.9844
      vertex 71.0953 13.1742 11.1581
      vertex 71.471 13.1742 11.0965
    endloop
  endfacet
  facet normal -0.0539104 0.103897 0.993126
    outer loop
      vertex 70.7152 13.1742 11.1375
      vertex 70.7088 12.8 11.1763
      vertex 71.0975 12.8 11.1974
    endloop
  endfacet
  facet normal 0.722052 0.102905 0.684143
    outer loop
      vertex 72.1398 13.1742 10.7419
      vertex 72.375 13.1321 10.5
      vertex 72.369 13.1742 10.5
    endloop
  endfacet
  facet normal 0.722064 0.104039 0.683958
    outer loop
      vertex 72.375 13.1321 10.5
      vertex 72.1398 13.1742 10.7419
      vertex 72.1653 12.8 10.7719
    endloop
  endfacet
  facet normal -0.644028 -0.103692 0.757942
    outer loop
      vertex 69.9899 12.8 10.8898
      vertex 69.7218 12.4258 10.6108
      vertex 70.0119 12.4258 10.8573
    endloop
  endfacet
  facet normal -0.445864 0.307533 0.840612
    outer loop
      vertex 70.0772 13.5321 10.761
      vertex 70.0119 13.1742 10.8573
      vertex 70.3913 13.5321 10.9276
    endloop
  endfacet
  facet normal 0.486765 0.49769 0.717889
    outer loop
      vertex 71.9427 13.858 10.5099
      vertex 71.6821 13.858 10.6866
      vertex 71.7702 13.5321 10.8528
    endloop
  endfacet
  facet normal 0.120748 0.66683 0.735362
    outer loop
      vertex 71.3222 14.1377 10.5605
      vertex 71.0652 14.1377 10.6027
      vertex 71.0788 13.858 10.8541
    endloop
  endfacet
  facet normal 0.629097 0.497433 0.597325
    outer loop
      vertex 71.9427 13.858 10.5099
      vertex 72.1036 13.6664 10.5
      vertex 71.9521 13.858 10.5
    endloop
  endfacet
  facet normal 0.629613 0.497915 0.596379
    outer loop
      vertex 72.1036 13.6664 10.5
      vertex 71.9427 13.858 10.5099
      vertex 72.0646 13.5321 10.6533
    endloop
  endfacet
  facet normal 0.218267 0.807491 0.548012
    outer loop
      vertex 71.4741 14.1377 10.5
      vertex 71.3054 14.1833 10.5
      vertex 71.3222 14.1377 10.5605
    endloop
  endfacet
  facet normal 0.629939 -0.497666 0.596243
    outer loop
      vertex 72.2097 12.0679 10.5
      vertex 72.0646 12.0679 10.6533
      vertex 72.1036 11.9336 10.5
    endloop
  endfacet
  facet normal 0.543291 -0.662368 0.515852
    outer loop
      vertex 71.9521 11.742 10.5
      vertex 71.9427 11.742 10.5099
      vertex 71.9432 11.7347 10.5
    endloop
  endfacet
  facet normal 0.16098 0.103966 0.981467
    outer loop
      vertex 71.471 13.1742 11.0965
      vertex 71.0975 12.8 11.1974
      vertex 71.4816 12.8 11.1344
    endloop
  endfacet
  facet normal 0.36807 0.104008 0.923963
    outer loop
      vertex 71.8247 13.1742 10.9556
      vertex 71.471 13.1742 11.0965
      vertex 71.4816 12.8 11.1344
    endloop
  endfacet
  facet normal 0.160922 -0.104024 0.98147
    outer loop
      vertex 71.0975 12.8 11.1974
      vertex 71.0953 12.4258 11.1581
      vertex 71.471 12.4258 11.0965
    endloop
  endfacet
  facet normal 0.153961 -0.307492 0.939013
    outer loop
      vertex 71.471 12.4258 11.0965
      vertex 71.0953 12.4258 11.1581
      vertex 71.4399 12.0679 10.9844
    endloop
  endfacet
  facet normal -0.254656 0.307283 0.916912
    outer loop
      vertex 70.3913 13.5321 10.9276
      vertex 70.3483 13.1742 11.0356
      vertex 70.7152 13.1742 11.1375
    endloop
  endfacet
  facet normal -0.644028 0.103692 0.757942
    outer loop
      vertex 70.0119 13.1742 10.8573
      vertex 69.7218 13.1742 10.6108
      vertex 69.9899 12.8 10.8898
    endloop
  endfacet
  facet normal 0.691061 0.307559 0.654096
    outer loop
      vertex 72.2097 13.5321 10.5
      vertex 72.0646 13.5321 10.6533
      vertex 72.3397 13.24 10.5
    endloop
  endfacet
  facet normal 0.534089 0.307528 0.787512
    outer loop
      vertex 72.1398 13.1742 10.7419
      vertex 71.7702 13.5321 10.8528
      vertex 71.8247 13.1742 10.9556
    endloop
  endfacet
  facet normal 0.120413 0.667009 0.735255
    outer loop
      vertex 71.3222 14.1377 10.5605
      vertex 71.0788 13.858 10.8541
      vertex 71.3896 13.858 10.8032
    endloop
  endfacet
  facet normal -0.445654 -0.307269 0.84082
    outer loop
      vertex 70.3483 12.4258 11.0356
      vertex 70.0119 12.4258 10.8573
      vertex 70.3913 12.0679 10.9276
    endloop
  endfacet
  facet normal -0.465785 -0.10371 0.8788
    outer loop
      vertex 70.3483 12.4258 11.0356
      vertex 69.9899 12.8 10.8898
      vertex 70.0119 12.4258 10.8573
    endloop
  endfacet
  facet normal -0.406403 0.497747 0.766214
    outer loop
      vertex 70.1828 13.858 10.6053
      vertex 70.0772 13.5321 10.761
      vertex 70.3913 13.5321 10.9276
    endloop
  endfacet
  facet normal -0.266154 0.103917 0.958313
    outer loop
      vertex 70.7152 13.1742 11.1375
      vertex 70.3483 13.1742 11.0356
      vertex 70.7088 12.8 11.1763
    endloop
  endfacet
  facet normal 0.160922 0.104024 0.98147
    outer loop
      vertex 71.471 13.1742 11.0965
      vertex 71.0953 13.1742 11.1581
      vertex 71.0975 12.8 11.1974
    endloop
  endfacet
  facet normal 0.486508 0.497874 0.717935
    outer loop
      vertex 71.9427 13.858 10.5099
      vertex 71.7702 13.5321 10.8528
      vertex 72.0646 13.5321 10.6533
    endloop
  endfacet
  facet normal 0.533854 0.307195 0.787802
    outer loop
      vertex 72.0646 13.5321 10.6533
      vertex 71.7702 13.5321 10.8528
      vertex 72.1398 13.1742 10.7419
    endloop
  endfacet
  facet normal -0.561353 0.497764 0.661146
    outer loop
      vertex 69.8387 13.6098 10.5
      vertex 70.0772 13.5321 10.761
      vertex 69.9796 13.7687 10.5
    endloop
  endfacet
  facet normal -0.561746 0.497105 0.661308
    outer loop
      vertex 70.0772 13.5321 10.761
      vertex 69.8387 13.6098 10.5
      vertex 69.8062 13.5321 10.5308
    endloop
  endfacet
  facet normal -0.616029 0.307529 0.725213
    outer loop
      vertex 70.0772 13.5321 10.761
      vertex 69.8062 13.5321 10.5308
      vertex 70.0119 13.1742 10.8573
    endloop
  endfacet
  facet normal -0.0471005 0.49784 0.865989
    outer loop
      vertex 70.7644 13.858 10.837
      vertex 70.734 13.5321 11.0227
      vertex 71.0788 13.858 10.8541
    endloop
  endfacet
  facet normal -0.231908 0.49782 0.8357
    outer loop
      vertex 70.7644 13.858 10.837
      vertex 70.3913 13.5321 10.9276
      vertex 70.734 13.5321 11.0227
    endloop
  endfacet
  facet normal -0.157747 0.807878 0.567845
    outer loop
      vertex 70.7704 14.1932 10.5
      vertex 70.5542 14.1377 10.5189
      vertex 70.8051 14.1377 10.5886
    endloop
  endfacet
  facet normal -0.158127 0.808849 0.566356
    outer loop
      vertex 70.5542 14.1377 10.5189
      vertex 70.7704 14.1932 10.5
      vertex 70.5617 14.1524 10.5
    endloop
  endfacet
  facet normal 0.14019 0.49758 0.856014
    outer loop
      vertex 71.3896 13.858 10.8032
      vertex 71.0788 13.858 10.8541
      vertex 71.4399 13.5321 10.9844
    endloop
  endfacet
  facet normal 0.418199 0.666869 0.616762
    outer loop
      vertex 71.7315 13.9996 10.5
      vertex 71.5832 14.0926 10.5
      vertex 71.6821 13.858 10.6866
    endloop
  endfacet
  facet normal 0.486508 -0.497874 0.717935
    outer loop
      vertex 72.0646 12.0679 10.6533
      vertex 71.7702 12.0679 10.8528
      vertex 71.9427 11.742 10.5099
    endloop
  endfacet
  facet normal 0.629613 -0.497915 0.596379
    outer loop
      vertex 71.9427 11.742 10.5099
      vertex 72.1036 11.9336 10.5
      vertex 72.0646 12.0679 10.6533
    endloop
  endfacet
  facet normal 0.629097 -0.497433 0.597325
    outer loop
      vertex 72.1036 11.9336 10.5
      vertex 71.9427 11.742 10.5099
      vertex 71.9521 11.742 10.5
    endloop
  endfacet
  facet normal 0.321032 0.497696 0.805753
    outer loop
      vertex 71.6821 13.858 10.6866
      vertex 71.4399 13.5321 10.9844
      vertex 71.7702 13.5321 10.8528
    endloop
  endfacet
  facet normal 0.275744 0.667001 0.692152
    outer loop
      vertex 71.4741 14.1377 10.5
      vertex 71.3896 13.858 10.8032
      vertex 71.5457 14.1081 10.5
    endloop
  endfacet
  facet normal 0.275678 0.667025 0.692156
    outer loop
      vertex 71.3896 13.858 10.8032
      vertex 71.4741 14.1377 10.5
      vertex 71.3222 14.1377 10.5605
    endloop
  endfacet
  facet normal 0.321202 -0.497576 0.805759
    outer loop
      vertex 71.4399 12.0679 10.9844
      vertex 71.3896 11.742 10.8032
      vertex 71.6821 11.742 10.6866
    endloop
  endfacet
  facet normal 0.722064 -0.104039 0.683958
    outer loop
      vertex 72.1398 12.4258 10.7419
      vertex 72.375 12.4679 10.5
      vertex 72.1653 12.8 10.7719
    endloop
  endfacet
  facet normal 0.722052 -0.102905 0.684143
    outer loop
      vertex 72.375 12.4679 10.5
      vertex 72.1398 12.4258 10.7419
      vertex 72.369 12.4258 10.5
    endloop
  endfacet
  facet normal -0.616029 -0.307529 0.725213
    outer loop
      vertex 70.0119 12.4258 10.8573
      vertex 69.8062 12.0679 10.5308
      vertex 70.0772 12.0679 10.761
    endloop
  endfacet
  facet normal 0.352148 -0.307481 0.883995
    outer loop
      vertex 71.471 12.4258 11.0965
      vertex 71.4399 12.0679 10.9844
      vertex 71.8247 12.4258 10.9556
    endloop
  endfacet
  facet normal 0.14019 -0.49758 0.856014
    outer loop
      vertex 71.4399 12.0679 10.9844
      vertex 71.0788 11.742 10.8541
      vertex 71.3896 11.742 10.8032
    endloop
  endfacet
  facet normal -0.0404744 -0.666774 0.74416
    outer loop
      vertex 71.0788 11.742 10.8541
      vertex 70.7644 11.742 10.837
      vertex 70.8051 11.4623 10.5886
    endloop
  endfacet
  facet normal -0.0538235 0.103985 0.993121
    outer loop
      vertex 71.0953 13.1742 11.1581
      vertex 70.7152 13.1742 11.1375
      vertex 71.0975 12.8 11.1974
    endloop
  endfacet
  facet normal -0.0514952 0.307478 0.950161
    outer loop
      vertex 70.734 13.5321 11.0227
      vertex 70.7152 13.1742 11.1375
      vertex 71.0953 13.1742 11.1581
    endloop
  endfacet
  facet normal -0.791868 -0.10386 0.601796
    outer loop
      vertex 69.6932 12.8 10.6379
      vertex 69.5884 12.8 10.5
      vertex 69.6089 12.6437 10.5
    endloop
  endfacet
  facet normal -0.56136 -0.497759 0.661144
    outer loop
      vertex 69.9796 11.8313 10.5
      vertex 70.1828 11.742 10.6053
      vertex 70.0772 12.0679 10.761
    endloop
  endfacet
  facet normal -0.561364 -0.497872 0.661055
    outer loop
      vertex 70.1828 11.742 10.6053
      vertex 69.9796 11.8313 10.5
      vertex 70.0588 11.742 10.5
    endloop
  endfacet
  facet normal -0.266154 -0.103917 0.958313
    outer loop
      vertex 70.7088 12.8 11.1763
      vertex 70.3483 12.4258 11.0356
      vertex 70.7152 12.4258 11.1375
    endloop
  endfacet
  facet normal -0.0310045 -0.807466 0.589099
    outer loop
      vertex 70.8796 11.3948 10.5
      vertex 70.8051 11.4623 10.5886
      vertex 70.8197 11.3971 10.5
    endloop
  endfacet
  facet normal -0.616167 0.307395 0.725153
    outer loop
      vertex 69.8062 13.5321 10.5308
      vertex 69.7218 13.1742 10.6108
      vertex 70.0119 13.1742 10.8573
    endloop
  endfacet
  facet normal -0.757323 0.307348 0.576194
    outer loop
      vertex 69.7218 13.1742 10.6108
      vertex 69.7627 13.4827 10.5
      vertex 69.6375 13.1742 10.5
    endloop
  endfacet
  facet normal -0.757175 0.30739 0.576366
    outer loop
      vertex 69.7627 13.4827 10.5
      vertex 69.7218 13.1742 10.6108
      vertex 69.8062 13.5321 10.5308
    endloop
  endfacet
  facet normal -0.643692 0.104105 0.758171
    outer loop
      vertex 69.7218 13.1742 10.6108
      vertex 69.6932 12.8 10.6379
      vertex 69.9899 12.8 10.8898
    endloop
  endfacet
  facet normal -0.643692 -0.104105 0.758171
    outer loop
      vertex 69.9899 12.8 10.8898
      vertex 69.6932 12.8 10.6379
      vertex 69.7218 12.4258 10.6108
    endloop
  endfacet
  facet normal -0.0403376 -0.66685 0.744099
    outer loop
      vertex 71.0788 11.742 10.8541
      vertex 70.8051 11.4623 10.5886
      vertex 71.0652 11.4623 10.6027
    endloop
  endfacet
  facet normal 0.532882 -0.667978 0.519463
    outer loop
      vertex 71.9427 11.742 10.5099
      vertex 71.9343 11.7276 10.5
      vertex 71.9432 11.7347 10.5
    endloop
  endfacet
  facet normal -0.689805 -0.497157 0.526312
    outer loop
      vertex 69.8062 12.0679 10.5308
      vertex 69.7827 12.0679 10.5
      vertex 69.8387 11.9902 10.5
    endloop
  endfacet
  facet normal -0.445654 0.307269 0.84082
    outer loop
      vertex 70.3913 13.5321 10.9276
      vertex 70.0119 13.1742 10.8573
      vertex 70.3483 13.1742 11.0356
    endloop
  endfacet
  facet normal -0.254444 0.307473 0.916907
    outer loop
      vertex 70.734 13.5321 11.0227
      vertex 70.3913 13.5321 10.9276
      vertex 70.7152 13.1742 11.1375
    endloop
  endfacet
  facet normal 0.0953186 0.807485 0.582136
    outer loop
      vertex 71.1189 14.2054 10.5
      vertex 71.0596 14.2124 10.5
      vertex 71.0652 14.1377 10.6027
    endloop
  endfacet
  facet normal -0.199455 0.666875 0.71798
    outer loop
      vertex 70.5542 14.1377 10.5189
      vertex 70.461 13.858 10.7528
      vertex 70.8051 14.1377 10.5886
    endloop
  endfacet
  facet normal -0.0404744 0.666774 0.74416
    outer loop
      vertex 70.8051 14.1377 10.5886
      vertex 70.7644 13.858 10.837
      vertex 71.0788 13.858 10.8541
    endloop
  endfacet
  facet normal -0.0403376 0.66685 0.744099
    outer loop
      vertex 71.0652 14.1377 10.6027
      vertex 70.8051 14.1377 10.5886
      vertex 71.0788 13.858 10.8541
    endloop
  endfacet
  facet normal 0.532882 0.667978 0.519463
    outer loop
      vertex 71.9432 13.8653 10.5
      vertex 71.9343 13.8724 10.5
      vertex 71.9427 13.858 10.5099
    endloop
  endfacet
  facet normal 0.543291 0.662368 0.515852
    outer loop
      vertex 71.9432 13.8653 10.5
      vertex 71.9427 13.858 10.5099
      vertex 71.9521 13.858 10.5
    endloop
  endfacet
  facet normal 0.691061 -0.307559 0.654096
    outer loop
      vertex 72.3397 12.36 10.5
      vertex 72.0646 12.0679 10.6533
      vertex 72.2097 12.0679 10.5
    endloop
  endfacet
  facet normal 0.321202 0.497576 0.805759
    outer loop
      vertex 71.6821 13.858 10.6866
      vertex 71.3896 13.858 10.8032
      vertex 71.4399 13.5321 10.9844
    endloop
  endfacet
  facet normal 0.275703 0.667022 0.692148
    outer loop
      vertex 71.3896 13.858 10.8032
      vertex 71.5832 14.0926 10.5
      vertex 71.5457 14.1081 10.5
    endloop
  endfacet
  facet normal 0.275929 0.666887 0.692188
    outer loop
      vertex 71.5832 14.0926 10.5
      vertex 71.3896 13.858 10.8032
      vertex 71.6821 13.858 10.6866
    endloop
  endfacet
  facet normal 0.534089 -0.307528 0.787512
    outer loop
      vertex 71.8247 12.4258 10.9556
      vertex 71.7702 12.0679 10.8528
      vertex 72.1398 12.4258 10.7419
    endloop
  endfacet
  facet normal 0.533854 -0.307195 0.787802
    outer loop
      vertex 72.1398 12.4258 10.7419
      vertex 71.7702 12.0679 10.8528
      vertex 72.0646 12.0679 10.6533
    endloop
  endfacet
  facet normal 0.368283 0.103784 0.923903
    outer loop
      vertex 71.8247 13.1742 10.9556
      vertex 71.4816 12.8 11.1344
      vertex 71.8431 12.8 10.9903
    endloop
  endfacet
  facet normal 0.368283 -0.103784 0.923903
    outer loop
      vertex 71.8431 12.8 10.9903
      vertex 71.4816 12.8 11.1344
      vertex 71.8247 12.4258 10.9556
    endloop
  endfacet
  facet normal -0.265965 -0.104111 0.958344
    outer loop
      vertex 70.7088 12.8 11.1763
      vertex 70.3337 12.8 11.0722
      vertex 70.3483 12.4258 11.0356
    endloop
  endfacet
  facet normal -0.254656 -0.307283 0.916912
    outer loop
      vertex 70.7152 12.4258 11.1375
      vertex 70.3483 12.4258 11.0356
      vertex 70.3913 12.0679 10.9276
    endloop
  endfacet
  facet normal 0.321032 -0.497696 0.805753
    outer loop
      vertex 71.7702 12.0679 10.8528
      vertex 71.4399 12.0679 10.9844
      vertex 71.6821 11.742 10.6866
    endloop
  endfacet
  facet normal 0.352192 -0.307532 0.88396
    outer loop
      vertex 71.8247 12.4258 10.9556
      vertex 71.4399 12.0679 10.9844
      vertex 71.7702 12.0679 10.8528
    endloop
  endfacet
  facet normal -0.0516588 -0.307328 0.9502
    outer loop
      vertex 71.0953 12.4258 11.1581
      vertex 70.734 12.0679 11.0227
      vertex 71.089 12.0679 11.042
    endloop
  endfacet
  facet normal -0.0470811 -0.497824 0.865999
    outer loop
      vertex 71.089 12.0679 11.042
      vertex 70.734 12.0679 11.0227
      vertex 71.0788 11.742 10.8541
    endloop
  endfacet
  facet normal -0.561353 -0.497764 0.661146
    outer loop
      vertex 70.0772 12.0679 10.761
      vertex 69.8387 11.9902 10.5
      vertex 69.9796 11.8313 10.5
    endloop
  endfacet
  facet normal -0.561746 -0.497105 0.661308
    outer loop
      vertex 69.8387 11.9902 10.5
      vertex 70.0772 12.0679 10.761
      vertex 69.8062 12.0679 10.5308
    endloop
  endfacet
  facet normal -0.406248 -0.497857 0.766225
    outer loop
      vertex 70.3913 12.0679 10.9276
      vertex 70.1828 11.742 10.6053
      vertex 70.461 11.742 10.7528
    endloop
  endfacet
  facet normal -0.482296 -0.666954 0.567946
    outer loop
      vertex 70.1828 11.742 10.6053
      vertex 70.0588 11.742 10.5
      vertex 70.2542 11.6007 10.5
    endloop
  endfacet
  facet normal -0.791868 0.10386 0.601796
    outer loop
      vertex 69.6089 12.9563 10.5
      vertex 69.5884 12.8 10.5
      vertex 69.6932 12.8 10.6379
    endloop
  endfacet
  facet normal -0.265965 0.104111 0.958344
    outer loop
      vertex 70.3483 13.1742 11.0356
      vertex 70.3337 12.8 11.0722
      vertex 70.7088 12.8 11.1763
    endloop
  endfacet
  facet normal -0.466119 0.104119 0.878574
    outer loop
      vertex 70.3483 13.1742 11.0356
      vertex 69.9899 12.8 10.8898
      vertex 70.3337 12.8 11.0722
    endloop
  endfacet
  facet normal 0.218267 -0.807491 0.548012
    outer loop
      vertex 71.3222 11.4623 10.5605
      vertex 71.3054 11.4167 10.5
      vertex 71.4741 11.4623 10.5
    endloop
  endfacet
  facet normal -0.231922 0.497832 0.835689
    outer loop
      vertex 70.461 13.858 10.7528
      vertex 70.3913 13.5321 10.9276
      vertex 70.7644 13.858 10.837
    endloop
  endfacet
  facet normal -0.406248 0.497857 0.766225
    outer loop
      vertex 70.461 13.858 10.7528
      vertex 70.1828 13.858 10.6053
      vertex 70.3913 13.5321 10.9276
    endloop
  endfacet
  facet normal -0.275822 0.808704 0.519538
    outer loop
      vertex 70.5617 14.1524 10.5
      vertex 70.5186 14.1377 10.5
      vertex 70.5542 14.1377 10.5189
    endloop
  endfacet
  facet normal -0.349431 0.666848 0.658188
    outer loop
      vertex 70.5186 14.1377 10.5
      vertex 70.461 13.858 10.7528
      vertex 70.5542 14.1377 10.5189
    endloop
  endfacet
  facet normal -0.349158 0.666887 0.658294
    outer loop
      vertex 70.461 13.858 10.7528
      vertex 70.5186 14.1377 10.5
      vertex 70.3637 14.0566 10.5
    endloop
  endfacet
  facet normal -0.254444 -0.307473 0.916907
    outer loop
      vertex 70.7152 12.4258 11.1375
      vertex 70.3913 12.0679 10.9276
      vertex 70.734 12.0679 11.0227
    endloop
  endfacet
  facet normal -0.0514952 -0.307478 0.950161
    outer loop
      vertex 71.0953 12.4258 11.1581
      vertex 70.7152 12.4258 11.1375
      vertex 70.734 12.0679 11.0227
    endloop
  endfacet
  facet normal 0.140483 -0.497828 0.855823
    outer loop
      vertex 71.089 12.0679 11.042
      vertex 71.0788 11.742 10.8541
      vertex 71.4399 12.0679 10.9844
    endloop
  endfacet
  facet normal 0.154142 -0.307329 0.939036
    outer loop
      vertex 71.0953 12.4258 11.1581
      vertex 71.089 12.0679 11.042
      vertex 71.4399 12.0679 10.9844
    endloop
  endfacet
  facet normal -0.348757 -0.666944 0.658449
    outer loop
      vertex 70.5186 11.4623 10.5
      vertex 70.461 11.742 10.7528
      vertex 70.3637 11.5433 10.5
    endloop
  endfacet
  facet normal -0.349431 -0.666848 0.658188
    outer loop
      vertex 70.461 11.742 10.7528
      vertex 70.5186 11.4623 10.5
      vertex 70.5542 11.4623 10.5189
    endloop
  endfacet
  facet normal 0.0956021 -0.80739 0.582221
    outer loop
      vertex 71.1189 11.3946 10.5
      vertex 71.3222 11.4623 10.5605
      vertex 71.0652 11.4623 10.6027
    endloop
  endfacet
  facet normal 0.0956875 -0.807499 0.582056
    outer loop
      vertex 71.3222 11.4623 10.5605
      vertex 71.1189 11.3946 10.5
      vertex 71.3054 11.4167 10.5
    endloop
  endfacet
  facet normal -0.199455 -0.666875 0.71798
    outer loop
      vertex 70.8051 11.4623 10.5886
      vertex 70.461 11.742 10.7528
      vertex 70.5542 11.4623 10.5189
    endloop
  endfacet
  facet normal -0.0471005 -0.49784 0.865989
    outer loop
      vertex 71.0788 11.742 10.8541
      vertex 70.734 12.0679 11.0227
      vertex 70.7644 11.742 10.837
    endloop
  endfacet
  facet normal -0.231908 -0.49782 0.8357
    outer loop
      vertex 70.734 12.0679 11.0227
      vertex 70.3913 12.0679 10.9276
      vertex 70.7644 11.742 10.837
    endloop
  endfacet
  facet normal -0.756781 -0.306389 0.577414
    outer loop
      vertex 69.8062 12.0679 10.5308
      vertex 69.7627 12.1173 10.5
      vertex 69.7827 12.0679 10.5
    endloop
  endfacet
  facet normal -0.757323 -0.307348 0.576194
    outer loop
      vertex 69.7627 12.1173 10.5
      vertex 69.7218 12.4258 10.6108
      vertex 69.6375 12.4258 10.5
    endloop
  endfacet
  facet normal -0.757175 -0.30739 0.576366
    outer loop
      vertex 69.7218 12.4258 10.6108
      vertex 69.7627 12.1173 10.5
      vertex 69.8062 12.0679 10.5308
    endloop
  endfacet
  facet normal -0.349634 -0.666986 0.657941
    outer loop
      vertex 70.3637 11.5433 10.5
      vertex 70.1828 11.742 10.6053
      vertex 70.2542 11.6007 10.5
    endloop
  endfacet
  facet normal -0.349103 -0.666768 0.658443
    outer loop
      vertex 70.1828 11.742 10.6053
      vertex 70.3637 11.5433 10.5
      vertex 70.461 11.742 10.7528
    endloop
  endfacet
  facet normal 0.418199 -0.666869 0.616762
    outer loop
      vertex 71.6821 11.742 10.6866
      vertex 71.5832 11.5074 10.5
      vertex 71.7315 11.6004 10.5
    endloop
  endfacet
  facet normal 0.275929 -0.666887 0.692188
    outer loop
      vertex 71.3896 11.742 10.8032
      vertex 71.5832 11.5074 10.5
      vertex 71.6821 11.742 10.6866
    endloop
  endfacet
  facet normal 0.275703 -0.667022 0.692148
    outer loop
      vertex 71.5832 11.5074 10.5
      vertex 71.3896 11.742 10.8032
      vertex 71.5457 11.4919 10.5
    endloop
  endfacet
  facet normal -0.158881 0.807508 0.568057
    outer loop
      vertex 70.8197 14.2029 10.5
      vertex 70.7704 14.1932 10.5
      vertex 70.8051 14.1377 10.5886
    endloop
  endfacet
  facet normal -0.275822 -0.808704 0.519538
    outer loop
      vertex 70.5542 11.4623 10.5189
      vertex 70.5186 11.4623 10.5
      vertex 70.5617 11.4476 10.5
    endloop
  endfacet
  facet normal 0.120748 -0.66683 0.735362
    outer loop
      vertex 71.0788 11.742 10.8541
      vertex 71.0652 11.4623 10.6027
      vertex 71.3222 11.4623 10.5605
    endloop
  endfacet
  facet normal -0.231922 -0.497832 0.835689
    outer loop
      vertex 70.7644 11.742 10.837
      vertex 70.3913 12.0679 10.9276
      vertex 70.461 11.742 10.7528
    endloop
  endfacet
  facet normal -0.158127 -0.808849 0.566356
    outer loop
      vertex 70.7704 11.4068 10.5
      vertex 70.5542 11.4623 10.5189
      vertex 70.5617 11.4476 10.5
    endloop
  endfacet
  facet normal -0.157747 -0.807878 0.567845
    outer loop
      vertex 70.5542 11.4623 10.5189
      vertex 70.7704 11.4068 10.5
      vertex 70.8051 11.4623 10.5886
    endloop
  endfacet
  facet normal -0.158881 -0.807508 0.568057
    outer loop
      vertex 70.8051 11.4623 10.5886
      vertex 70.7704 11.4068 10.5
      vertex 70.8197 11.3971 10.5
    endloop
  endfacet
  facet normal -0.0310045 0.807466 0.589099
    outer loop
      vertex 70.8197 14.2029 10.5
      vertex 70.8051 14.1377 10.5886
      vertex 70.8796 14.2052 10.5
    endloop
  endfacet
  facet normal -0.0322977 0.807442 0.589063
    outer loop
      vertex 70.8796 14.2052 10.5
      vertex 71.0652 14.1377 10.6027
      vertex 71.0596 14.2124 10.5
    endloop
  endfacet
  facet normal -0.0319076 0.8078 0.588593
    outer loop
      vertex 71.0652 14.1377 10.6027
      vertex 70.8796 14.2052 10.5
      vertex 70.8051 14.1377 10.5886
    endloop
  endfacet
  facet normal -0.0319076 -0.8078 0.588593
    outer loop
      vertex 70.8796 11.3948 10.5
      vertex 71.0652 11.4623 10.6027
      vertex 70.8051 11.4623 10.5886
    endloop
  endfacet
  facet normal -0.0322977 -0.807442 0.589063
    outer loop
      vertex 71.0652 11.4623 10.6027
      vertex 70.8796 11.3948 10.5
      vertex 71.0596 11.3876 10.5
    endloop
  endfacet
  facet normal 0.0953186 -0.807485 0.582136
    outer loop
      vertex 71.0652 11.4623 10.6027
      vertex 71.0596 11.3876 10.5
      vertex 71.1189 11.3946 10.5
    endloop
  endfacet
  facet normal -1 0 0
    outer loop
      vertex 62 10.3747 0.725467
      vertex 62 15.4 0
      vertex 62 10.4 0
    endloop
  endfacet
  facet normal -1 0 0
    outer loop
      vertex 62 10.2988 1.4474
      vertex 62 15.4 0
      vertex 62 10.3747 0.725467
    endloop
  endfacet
  facet normal -1 0 0
    outer loop
      vertex 62 10.1727 2.16228
      vertex 62 15.4 0
      vertex 62 10.2988 1.4474
    endloop
  endfacet
  facet normal -1 0 0
    outer loop
      vertex 62 9.99712 2.86663
      vertex 62 15.4 0
      vertex 62 10.1727 2.16228
    endloop
  endfacet
  facet normal -1 0 0
    outer loop
      vertex 62 15.4 0
      vertex 62 9.99712 2.86663
      vertex 62 15.4 8.5
    endloop
  endfacet
  facet normal -1 0 0
    outer loop
      vertex 62 9.7728 3.55701
      vertex 62 15.4 8.5
      vertex 62 9.99712 2.86663
    endloop
  endfacet
  facet normal -1 0 0
    outer loop
      vertex 62 9.50087 4.23006
      vertex 62 15.4 8.5
      vertex 62 9.7728 3.55701
    endloop
  endfacet
  facet normal -1 0 0
    outer loop
      vertex 62 9.18265 4.8825
      vertex 62 15.4 8.5
      vertex 62 9.50087 4.23006
    endloop
  endfacet
  facet normal -1 0 0
    outer loop
      vertex 62 8.8197 5.51116
      vertex 62 15.4 8.5
      vertex 62 9.18265 4.8825
    endloop
  endfacet
  facet normal -1 0 0
    outer loop
      vertex 62 8.41378 6.11297
      vertex 62 15.4 8.5
      vertex 62 8.8197 5.51116
    endloop
  endfacet
  facet normal -1 0 0
    outer loop
      vertex 62 7.96686 6.68499
      vertex 62 15.4 8.5
      vertex 62 8.41378 6.11297
    endloop
  endfacet
  facet normal -1 0 0
    outer loop
      vertex 62 7.48113 7.22445
      vertex 62 15.4 8.5
      vertex 62 7.96686 6.68499
    endloop
  endfacet
  facet normal -1 0 0
    outer loop
      vertex 62 6.95896 7.72871
      vertex 62 15.4 8.5
      vertex 62 7.48113 7.22445
    endloop
  endfacet
  facet normal -1 0 0
    outer loop
      vertex 62 6.40288 8.19531
      vertex 62 15.4 8.5
      vertex 62 6.95896 7.72871
    endloop
  endfacet
  facet normal -1 -0 0
    outer loop
      vertex 62 15.4 8.5
      vertex 62 6.40288 8.19531
      vertex 62 5.98351 8.5
    endloop
  endfacet
  facet normal 0.773039 -0 0.634358
    outer loop
      vertex 79.4142 4.4 9.91422
      vertex 79.6629 15.4 9.61115
      vertex 79.4142 15.4 9.91422
    endloop
  endfacet
  facet normal 0.773039 0 0.634358
    outer loop
      vertex 79.6629 15.4 9.61115
      vertex 79.4142 4.4 9.91422
      vertex 79.6629 4.4 9.61115
    endloop
  endfacet
  facet normal -0.097938 0 0.995193
    outer loop
      vertex 63.6098 15.4 10.4616
      vertex 64 4.4 10.5
      vertex 64 15.4 10.5
    endloop
  endfacet
  facet normal -0.097938 0 0.995193
    outer loop
      vertex 64 4.4 10.5
      vertex 63.6098 15.4 10.4616
      vertex 63.6098 4.4 10.4616
    endloop
  endfacet
  facet normal 1 -0 0
    outer loop
      vertex 80 9.99712 2.86663
      vertex 80 15.4 0
      vertex 80 15.4 8.5
    endloop
  endfacet
  facet normal 1 0 0
    outer loop
      vertex 80 15.4 0
      vertex 80 10.3747 0.725467
      vertex 80 10.4 0
    endloop
  endfacet
  facet normal 1 0 0
    outer loop
      vertex 80 15.4 0
      vertex 80 10.2988 1.4474
      vertex 80 10.3747 0.725467
    endloop
  endfacet
  facet normal 1 0 0
    outer loop
      vertex 80 15.4 0
      vertex 80 10.1727 2.16228
      vertex 80 10.2988 1.4474
    endloop
  endfacet
  facet normal 1 0 0
    outer loop
      vertex 80 15.4 0
      vertex 80 9.99712 2.86663
      vertex 80 10.1727 2.16228
    endloop
  endfacet
  facet normal 1 0 0
    outer loop
      vertex 80 15.4 8.5
      vertex 80 9.7728 3.55701
      vertex 80 9.99712 2.86663
    endloop
  endfacet
  facet normal 1 0 0
    outer loop
      vertex 80 15.4 8.5
      vertex 80 9.50087 4.23006
      vertex 80 9.7728 3.55701
    endloop
  endfacet
  facet normal 1 0 0
    outer loop
      vertex 80 15.4 8.5
      vertex 80 9.18265 4.8825
      vertex 80 9.50087 4.23006
    endloop
  endfacet
  facet normal 1 0 0
    outer loop
      vertex 80 15.4 8.5
      vertex 80 8.8197 5.51116
      vertex 80 9.18265 4.8825
    endloop
  endfacet
  facet normal 1 0 0
    outer loop
      vertex 80 15.4 8.5
      vertex 80 8.41378 6.11297
      vertex 80 8.8197 5.51116
    endloop
  endfacet
  facet normal 1 0 0
    outer loop
      vertex 80 15.4 8.5
      vertex 80 7.96686 6.68499
      vertex 80 8.41378 6.11297
    endloop
  endfacet
  facet normal 1 0 0
    outer loop
      vertex 80 15.4 8.5
      vertex 80 7.48113 7.22445
      vertex 80 7.96686 6.68499
    endloop
  endfacet
  facet normal 1 0 0
    outer loop
      vertex 80 15.4 8.5
      vertex 80 6.95896 7.72871
      vertex 80 7.48113 7.22445
    endloop
  endfacet
  facet normal 1 0 0
    outer loop
      vertex 80 15.4 8.5
      vertex 80 6.40288 8.19531
      vertex 80 6.95896 7.72871
    endloop
  endfacet
  facet normal 1 0 -0
    outer loop
      vertex 80 6.40288 8.19531
      vertex 80 15.4 8.5
      vertex 80 5.98351 8.5
    endloop
  endfacet
  facet normal 0.995192 0 0.0979429
    outer loop
      vertex 79.9616 15.4 8.89018
      vertex 80 5.98351 8.5
      vertex 80 15.4 8.5
    endloop
  endfacet
  facet normal 0.995196 1.84904e-06 0.0978987
    outer loop
      vertex 79.9616 15.4 8.89018
      vertex 79.988 5.81561 8.62199
      vertex 80 5.98351 8.5
    endloop
  endfacet
  facet normal 0.99519 0 0.0979642
    outer loop
      vertex 79.988 5.81561 8.62199
      vertex 79.9616 15.4 8.89018
      vertex 79.9616 5.38641 8.89018
    endloop
  endfacet
  facet normal -0.63429 0 0.773095
    outer loop
      vertex 62.5858 15.4 9.91422
      vertex 62.8889 4.4 10.1629
      vertex 62.8889 15.4 10.1629
    endloop
  endfacet
  facet normal -0.63429 0 0.773095
    outer loop
      vertex 62.8889 4.4 10.1629
      vertex 62.5858 15.4 9.91422
      vertex 62.5858 4.4 9.91422
    endloop
  endfacet
  facet normal -0.773039 0 0.634358
    outer loop
      vertex 62.3371 4.4 9.61115
      vertex 62.5858 15.4 9.91422
      vertex 62.3371 15.4 9.61115
    endloop
  endfacet
  facet normal -0.773039 0 0.634358
    outer loop
      vertex 62.5858 15.4 9.91422
      vertex 62.3371 4.4 9.61115
      vertex 62.5858 4.4 9.91422
    endloop
  endfacet
  facet normal 0 1 0
    outer loop
      vertex 78 15.4 6.5
      vertex 78 15.4 10.5
      vertex 78.3902 15.4 10.4616
    endloop
  endfacet
  facet normal 0 1 0
    outer loop
      vertex 78 15.4 10.5
      vertex 78 15.4 6.5
      vertex 64 15.4 10.5
    endloop
  endfacet
  facet normal 0 1 0
    outer loop
      vertex 78 15.4 6.5
      vertex 78.3902 15.4 10.4616
      vertex 78.7654 15.4 10.3478
    endloop
  endfacet
  facet normal 0 1 0
    outer loop
      vertex 64 15.4 6.5
      vertex 64 15.4 10.5
      vertex 78 15.4 6.5
    endloop
  endfacet
  facet normal 0 1 0
    outer loop
      vertex 78 15.4 6.5
      vertex 78.7654 15.4 10.3478
      vertex 79.1111 15.4 10.1629
    endloop
  endfacet
  facet normal 0 1 0
    outer loop
      vertex 64 15.4 10.5
      vertex 64 15.4 6.5
      vertex 63.6098 15.4 10.4616
    endloop
  endfacet
  facet normal 0 1 0
    outer loop
      vertex 78 15.4 6.5
      vertex 79.1111 15.4 10.1629
      vertex 79.4142 15.4 9.91422
    endloop
  endfacet
  facet normal 0 1 0
    outer loop
      vertex 63.6098 15.4 10.4616
      vertex 64 15.4 6.5
      vertex 63.2346 15.4 10.3478
    endloop
  endfacet
  facet normal 0 1 0
    outer loop
      vertex 78 15.4 6.5
      vertex 79.4142 15.4 9.91422
      vertex 79.6629 15.4 9.61115
    endloop
  endfacet
  facet normal 0 1 0
    outer loop
      vertex 63.2346 15.4 10.3478
      vertex 64 15.4 6.5
      vertex 62.8889 15.4 10.1629
    endloop
  endfacet
  facet normal 0 1 0
    outer loop
      vertex 78 15.4 6.5
      vertex 79.6629 15.4 9.61115
      vertex 79.8478 15.4 9.26537
    endloop
  endfacet
  facet normal 0 1 0
    outer loop
      vertex 62.8889 15.4 10.1629
      vertex 64 15.4 6.5
      vertex 62.5858 15.4 9.91422
    endloop
  endfacet
  facet normal 0 1 0
    outer loop
      vertex 78 15.4 6.5
      vertex 79.8478 15.4 9.26537
      vertex 79.9616 15.4 8.89018
    endloop
  endfacet
  facet normal 0 1 0
    outer loop
      vertex 62.5858 15.4 9.91422
      vertex 64 15.4 6.5
      vertex 62.3371 15.4 9.61115
    endloop
  endfacet
  facet normal 0 1 0
    outer loop
      vertex 78 15.4 6.5
      vertex 79.9616 15.4 8.89018
      vertex 80 15.4 8.5
    endloop
  endfacet
  facet normal 0 1 0
    outer loop
      vertex 62.3371 15.4 9.61115
      vertex 64 15.4 6.5
      vertex 62.1522 15.4 9.26537
    endloop
  endfacet
  facet normal 0 1 0
    outer loop
      vertex 62.1522 15.4 9.26537
      vertex 64 15.4 6.5
      vertex 62.0384 15.4 8.89018
    endloop
  endfacet
  facet normal 0 1 -0
    outer loop
      vertex 80 15.4 0
      vertex 78 15.4 6.5
      vertex 80 15.4 8.5
    endloop
  endfacet
  facet normal 0 1 0
    outer loop
      vertex 78 15.4 6.5
      vertex 80 15.4 0
      vertex 78 15.4 0
    endloop
  endfacet
  facet normal 0 1 0
    outer loop
      vertex 62.0384 15.4 8.89018
      vertex 64 15.4 6.5
      vertex 62 15.4 8.5
    endloop
  endfacet
  facet normal 0 1 0
    outer loop
      vertex 62 15.4 0
      vertex 64 15.4 6.5
      vertex 64 15.4 0
    endloop
  endfacet
  facet normal 0 1 0
    outer loop
      vertex 64 15.4 6.5
      vertex 62 15.4 0
      vertex 62 15.4 8.5
    endloop
  endfacet
  facet normal 0 -1 0
    outer loop
      vertex 62.234 4.4 9.41828
      vertex 64 4.4 10.5
      vertex 63.6098 4.4 10.4616
    endloop
  endfacet
  facet normal 0 -1 -0
    outer loop
      vertex 64 4.4 10.5
      vertex 62.234 4.4 9.41828
      vertex 78 4.4 10.5
    endloop
  endfacet
  facet normal 0 -1 0
    outer loop
      vertex 62.234 4.4 9.41828
      vertex 63.6098 4.4 10.4616
      vertex 63.2346 4.4 10.3478
    endloop
  endfacet
  facet normal 0 -1 0
    outer loop
      vertex 79.766 4.4 9.41828
      vertex 78 4.4 10.5
      vertex 62.234 4.4 9.41828
    endloop
  endfacet
  facet normal 0 -1 0
    outer loop
      vertex 62.234 4.4 9.41828
      vertex 63.2346 4.4 10.3478
      vertex 62.8889 4.4 10.1629
    endloop
  endfacet
  facet normal 0 -1 0
    outer loop
      vertex 78 4.4 10.5
      vertex 79.766 4.4 9.41828
      vertex 78.3902 4.4 10.4616
    endloop
  endfacet
  facet normal 0 -1 0
    outer loop
      vertex 62.234 4.4 9.41828
      vertex 62.8889 4.4 10.1629
      vertex 62.5858 4.4 9.91422
    endloop
  endfacet
  facet normal 0 -1 0
    outer loop
      vertex 78.3902 4.4 10.4616
      vertex 79.766 4.4 9.41828
      vertex 78.7654 4.4 10.3478
    endloop
  endfacet
  facet normal 0 -1 0
    outer loop
      vertex 62.234 4.4 9.41828
      vertex 62.5858 4.4 9.91422
      vertex 62.3371 4.4 9.61115
    endloop
  endfacet
  facet normal 0 -1 0
    outer loop
      vertex 78.7654 4.4 10.3478
      vertex 79.766 4.4 9.41828
      vertex 79.1111 4.4 10.1629
    endloop
  endfacet
  facet normal 0 -1 0
    outer loop
      vertex 79.1111 4.4 10.1629
      vertex 79.766 4.4 9.41828
      vertex 79.4142 4.4 9.91422
    endloop
  endfacet
  facet normal 0 -1 0
    outer loop
      vertex 79.4142 4.4 9.91422
      vertex 79.766 4.4 9.41828
      vertex 79.6629 4.4 9.61115
    endloop
  endfacet
  facet normal -0.290248 0 0.956951
    outer loop
      vertex 63.2346 15.4 10.3478
      vertex 63.6098 4.4 10.4616
      vertex 63.6098 15.4 10.4616
    endloop
  endfacet
  facet normal -0.290248 0 0.956951
    outer loop
      vertex 63.6098 4.4 10.4616
      vertex 63.2346 15.4 10.3478
      vertex 63.2346 4.4 10.3478
    endloop
  endfacet
  facet normal 0.63429 0 0.773095
    outer loop
      vertex 79.1111 15.4 10.1629
      vertex 79.4142 4.4 9.91422
      vertex 79.4142 15.4 9.91422
    endloop
  endfacet
  facet normal 0.63429 0 0.773095
    outer loop
      vertex 79.4142 4.4 9.91422
      vertex 79.1111 15.4 10.1629
      vertex 79.1111 4.4 10.1629
    endloop
  endfacet
  facet normal 0.097938 0 0.995193
    outer loop
      vertex 78 15.4 10.5
      vertex 78.3902 4.4 10.4616
      vertex 78.3902 15.4 10.4616
    endloop
  endfacet
  facet normal 0.097938 0 0.995193
    outer loop
      vertex 78.3902 4.4 10.4616
      vertex 78 15.4 10.5
      vertex 78 4.4 10.5
    endloop
  endfacet
  facet normal 0.290248 0 0.956951
    outer loop
      vertex 78.3902 15.4 10.4616
      vertex 78.7654 4.4 10.3478
      vertex 78.7654 15.4 10.3478
    endloop
  endfacet
  facet normal 0.290248 0 0.956951
    outer loop
      vertex 78.7654 4.4 10.3478
      vertex 78.3902 15.4 10.4616
      vertex 78.3902 4.4 10.4616
    endloop
  endfacet
  facet normal 0 0 1
    outer loop
      vertex 72.375 12.4679 10.5
      vertex 78 15.4 10.5
      vertex 72.4228 12.8 10.5
    endloop
  endfacet
  facet normal 0 0 1
    outer loop
      vertex 78 15.4 10.5
      vertex 72.375 13.1321 10.5
      vertex 72.4228 12.8 10.5
    endloop
  endfacet
  facet normal 0 0 1
    outer loop
      vertex 78 15.4 10.5
      vertex 72.369 13.1742 10.5
      vertex 72.375 13.1321 10.5
    endloop
  endfacet
  facet normal 0 0 1
    outer loop
      vertex 78 15.4 10.5
      vertex 72.3397 13.24 10.5
      vertex 72.369 13.1742 10.5
    endloop
  endfacet
  facet normal 0 0 1
    outer loop
      vertex 78 15.4 10.5
      vertex 72.2097 13.5321 10.5
      vertex 72.3397 13.24 10.5
    endloop
  endfacet
  facet normal 0 0 1
    outer loop
      vertex 78 15.4 10.5
      vertex 72.1036 13.6664 10.5
      vertex 72.2097 13.5321 10.5
    endloop
  endfacet
  facet normal 0 0 1
    outer loop
      vertex 78 15.4 10.5
      vertex 71.9521 13.858 10.5
      vertex 72.1036 13.6664 10.5
    endloop
  endfacet
  facet normal 0 0 1
    outer loop
      vertex 78 15.4 10.5
      vertex 71.9432 13.8653 10.5
      vertex 71.9521 13.858 10.5
    endloop
  endfacet
  facet normal 0 0 1
    outer loop
      vertex 78 15.4 10.5
      vertex 71.9343 13.8724 10.5
      vertex 71.9432 13.8653 10.5
    endloop
  endfacet
  facet normal 0 0 1
    outer loop
      vertex 78 15.4 10.5
      vertex 71.7315 13.9996 10.5
      vertex 71.9343 13.8724 10.5
    endloop
  endfacet
  facet normal 0 0 1
    outer loop
      vertex 78 15.4 10.5
      vertex 71.5832 14.0926 10.5
      vertex 71.7315 13.9996 10.5
    endloop
  endfacet
  facet normal 0 0 1
    outer loop
      vertex 78 15.4 10.5
      vertex 71.5457 14.1081 10.5
      vertex 71.5832 14.0926 10.5
    endloop
  endfacet
  facet normal 0 0 1
    outer loop
      vertex 78 15.4 10.5
      vertex 71.4741 14.1377 10.5
      vertex 71.5457 14.1081 10.5
    endloop
  endfacet
  facet normal 0 0 1
    outer loop
      vertex 78 15.4 10.5
      vertex 71.3054 14.1833 10.5
      vertex 71.4741 14.1377 10.5
    endloop
  endfacet
  facet normal 0 0 1
    outer loop
      vertex 78 15.4 10.5
      vertex 71.1189 14.2054 10.5
      vertex 71.3054 14.1833 10.5
    endloop
  endfacet
  facet normal 0 0 1
    outer loop
      vertex 78 15.4 10.5
      vertex 71.0596 14.2124 10.5
      vertex 71.1189 14.2054 10.5
    endloop
  endfacet
  facet normal -0 0 1
    outer loop
      vertex 64 15.4 10.5
      vertex 71.0596 14.2124 10.5
      vertex 78 15.4 10.5
    endloop
  endfacet
  facet normal 0 0 1
    outer loop
      vertex 71.0596 14.2124 10.5
      vertex 64 15.4 10.5
      vertex 70.8796 14.2052 10.5
    endloop
  endfacet
  facet normal 0 0 1
    outer loop
      vertex 64 15.4 10.5
      vertex 69.9796 13.7687 10.5
      vertex 70.0588 13.858 10.5
    endloop
  endfacet
  facet normal 0 0 1
    outer loop
      vertex 64 15.4 10.5
      vertex 69.6089 12.9563 10.5
      vertex 69.6375 13.1742 10.5
    endloop
  endfacet
  facet normal 0 0 1
    outer loop
      vertex 69.6089 12.9563 10.5
      vertex 64 15.4 10.5
      vertex 69.5884 12.8 10.5
    endloop
  endfacet
  facet normal 0 0 1
    outer loop
      vertex 69.7627 13.4827 10.5
      vertex 64 15.4 10.5
      vertex 69.6375 13.1742 10.5
    endloop
  endfacet
  facet normal 0 0 1
    outer loop
      vertex 69.7827 13.5321 10.5
      vertex 64 15.4 10.5
      vertex 69.7627 13.4827 10.5
    endloop
  endfacet
  facet normal 0 0 1
    outer loop
      vertex 69.8387 13.6098 10.5
      vertex 64 15.4 10.5
      vertex 69.7827 13.5321 10.5
    endloop
  endfacet
  facet normal 0 0 1
    outer loop
      vertex 69.9796 13.7687 10.5
      vertex 64 15.4 10.5
      vertex 69.8387 13.6098 10.5
    endloop
  endfacet
  facet normal 0 0 1
    outer loop
      vertex 70.2542 13.9993 10.5
      vertex 64 15.4 10.5
      vertex 70.0588 13.858 10.5
    endloop
  endfacet
  facet normal 0 0 1
    outer loop
      vertex 70.3637 14.0566 10.5
      vertex 64 15.4 10.5
      vertex 70.2542 13.9993 10.5
    endloop
  endfacet
  facet normal 0 0 1
    outer loop
      vertex 70.5186 14.1377 10.5
      vertex 64 15.4 10.5
      vertex 70.3637 14.0566 10.5
    endloop
  endfacet
  facet normal 0 0 1
    outer loop
      vertex 70.5617 14.1524 10.5
      vertex 64 15.4 10.5
      vertex 70.5186 14.1377 10.5
    endloop
  endfacet
  facet normal 0 0 1
    outer loop
      vertex 70.7704 14.1932 10.5
      vertex 64 15.4 10.5
      vertex 70.5617 14.1524 10.5
    endloop
  endfacet
  facet normal 0 0 1
    outer loop
      vertex 70.8197 14.2029 10.5
      vertex 64 15.4 10.5
      vertex 70.7704 14.1932 10.5
    endloop
  endfacet
  facet normal 0 0 1
    outer loop
      vertex 70.8796 14.2052 10.5
      vertex 64 15.4 10.5
      vertex 70.8197 14.2029 10.5
    endloop
  endfacet
  facet normal 0 0 1
    outer loop
      vertex 72.369 12.4258 10.5
      vertex 78 15.4 10.5
      vertex 72.375 12.4679 10.5
    endloop
  endfacet
  facet normal 0 0 1
    outer loop
      vertex 72.3397 12.36 10.5
      vertex 78 15.4 10.5
      vertex 72.369 12.4258 10.5
    endloop
  endfacet
  facet normal 0 0 1
    outer loop
      vertex 72.2097 12.0679 10.5
      vertex 78 15.4 10.5
      vertex 72.3397 12.36 10.5
    endloop
  endfacet
  facet normal 0 0 1
    outer loop
      vertex 78 15.4 10.5
      vertex 72.2097 12.0679 10.5
      vertex 78 4.4 10.5
    endloop
  endfacet
  facet normal -0 0 1
    outer loop
      vertex 72.1036 11.9336 10.5
      vertex 78 4.4 10.5
      vertex 72.2097 12.0679 10.5
    endloop
  endfacet
  facet normal -0 0 1
    outer loop
      vertex 71.9521 11.742 10.5
      vertex 78 4.4 10.5
      vertex 72.1036 11.9336 10.5
    endloop
  endfacet
  facet normal -0 0 1
    outer loop
      vertex 71.9432 11.7347 10.5
      vertex 78 4.4 10.5
      vertex 71.9521 11.742 10.5
    endloop
  endfacet
  facet normal -0 0 1
    outer loop
      vertex 71.9343 11.7276 10.5
      vertex 78 4.4 10.5
      vertex 71.9432 11.7347 10.5
    endloop
  endfacet
  facet normal -0 0 1
    outer loop
      vertex 71.7315 11.6004 10.5
      vertex 78 4.4 10.5
      vertex 71.9343 11.7276 10.5
    endloop
  endfacet
  facet normal -0 0 1
    outer loop
      vertex 71.5832 11.5074 10.5
      vertex 78 4.4 10.5
      vertex 71.7315 11.6004 10.5
    endloop
  endfacet
  facet normal -0 0 1
    outer loop
      vertex 71.5457 11.4919 10.5
      vertex 78 4.4 10.5
      vertex 71.5832 11.5074 10.5
    endloop
  endfacet
  facet normal -0 0 1
    outer loop
      vertex 71.4741 11.4623 10.5
      vertex 78 4.4 10.5
      vertex 71.5457 11.4919 10.5
    endloop
  endfacet
  facet normal -0 0 1
    outer loop
      vertex 71.3054 11.4167 10.5
      vertex 78 4.4 10.5
      vertex 71.4741 11.4623 10.5
    endloop
  endfacet
  facet normal -0 0 1
    outer loop
      vertex 71.1189 11.3946 10.5
      vertex 78 4.4 10.5
      vertex 71.3054 11.4167 10.5
    endloop
  endfacet
  facet normal -0 0 1
    outer loop
      vertex 71.0596 11.3876 10.5
      vertex 78 4.4 10.5
      vertex 71.1189 11.3946 10.5
    endloop
  endfacet
  facet normal 0 0 1
    outer loop
      vertex 64 4.4 10.5
      vertex 71.0596 11.3876 10.5
      vertex 70.8796 11.3948 10.5
    endloop
  endfacet
  facet normal 0 0 1
    outer loop
      vertex 64 4.4 10.5
      vertex 70.8796 11.3948 10.5
      vertex 70.8197 11.3971 10.5
    endloop
  endfacet
  facet normal 0 0 1
    outer loop
      vertex 64 4.4 10.5
      vertex 70.8197 11.3971 10.5
      vertex 70.7704 11.4068 10.5
    endloop
  endfacet
  facet normal 0 0 1
    outer loop
      vertex 64 4.4 10.5
      vertex 70.7704 11.4068 10.5
      vertex 70.5617 11.4476 10.5
    endloop
  endfacet
  facet normal 0 0 1
    outer loop
      vertex 64 4.4 10.5
      vertex 70.5617 11.4476 10.5
      vertex 70.5186 11.4623 10.5
    endloop
  endfacet
  facet normal 0 0 1
    outer loop
      vertex 64 4.4 10.5
      vertex 70.5186 11.4623 10.5
      vertex 70.3637 11.5433 10.5
    endloop
  endfacet
  facet normal 0 0 1
    outer loop
      vertex 64 4.4 10.5
      vertex 70.3637 11.5433 10.5
      vertex 70.2542 11.6007 10.5
    endloop
  endfacet
  facet normal 0 0 1
    outer loop
      vertex 64 4.4 10.5
      vertex 70.2542 11.6007 10.5
      vertex 70.0588 11.742 10.5
    endloop
  endfacet
  facet normal 0 0 1
    outer loop
      vertex 64 4.4 10.5
      vertex 69.9796 11.8313 10.5
      vertex 69.8387 11.9902 10.5
    endloop
  endfacet
  facet normal 0 0 1
    outer loop
      vertex 64 15.4 10.5
      vertex 69.6089 12.6437 10.5
      vertex 69.5884 12.8 10.5
    endloop
  endfacet
  facet normal 0 0 1
    outer loop
      vertex 69.6089 12.6437 10.5
      vertex 64 15.4 10.5
      vertex 69.6375 12.4258 10.5
    endloop
  endfacet
  facet normal 0 0 1
    outer loop
      vertex 64 15.4 10.5
      vertex 69.7627 12.1173 10.5
      vertex 69.6375 12.4258 10.5
    endloop
  endfacet
  facet normal 0 0 1
    outer loop
      vertex 64 15.4 10.5
      vertex 69.7827 12.0679 10.5
      vertex 69.7627 12.1173 10.5
    endloop
  endfacet
  facet normal 0 0 1
    outer loop
      vertex 64 4.4 10.5
      vertex 69.7827 12.0679 10.5
      vertex 64 15.4 10.5
    endloop
  endfacet
  facet normal 0 0 1
    outer loop
      vertex 69.7827 12.0679 10.5
      vertex 64 4.4 10.5
      vertex 69.8387 11.9902 10.5
    endloop
  endfacet
  facet normal 0 0 1
    outer loop
      vertex 69.9796 11.8313 10.5
      vertex 64 4.4 10.5
      vertex 70.0588 11.742 10.5
    endloop
  endfacet
  facet normal 0 0 1
    outer loop
      vertex 71.0596 11.3876 10.5
      vertex 64 4.4 10.5
      vertex 78 4.4 10.5
    endloop
  endfacet
  facet normal 0.88184 0 0.471549
    outer loop
      vertex 79.6629 15.4 9.61115
      vertex 79.8478 4.71345 9.26537
      vertex 79.8478 15.4 9.26537
    endloop
  endfacet
  facet normal 0.88184 -0 0.471549
    outer loop
      vertex 79.6629 4.4 9.61115
      vertex 79.8478 4.71345 9.26537
      vertex 79.6629 15.4 9.61115
    endloop
  endfacet
  facet normal 0.881856 -4.14877e-05 0.47152
    outer loop
      vertex 79.8478 4.71345 9.26537
      vertex 79.6629 4.4 9.61115
      vertex 79.8039 4.55906 9.34746
    endloop
  endfacet
  facet normal 0.881904 -0.000236618 0.471428
    outer loop
      vertex 79.8039 4.55906 9.34746
      vertex 79.6629 4.4 9.61115
      vertex 79.766 4.4 9.41828
    endloop
  endfacet
  facet normal -0.88184 0 0.471549
    outer loop
      vertex 62.1522 4.71345 9.26537
      vertex 62.3371 15.4 9.61115
      vertex 62.1522 15.4 9.26537
    endloop
  endfacet
  facet normal -0.881856 -4.14877e-05 0.47152
    outer loop
      vertex 62.3371 4.4 9.61115
      vertex 62.1522 4.71345 9.26537
      vertex 62.1961 4.55906 9.34746
    endloop
  endfacet
  facet normal -0.881904 -0.000236618 0.471428
    outer loop
      vertex 62.3371 4.4 9.61115
      vertex 62.1961 4.55906 9.34746
      vertex 62.234 4.4 9.41828
    endloop
  endfacet
  facet normal -0.88184 0 0.471549
    outer loop
      vertex 62.1522 4.71345 9.26537
      vertex 62.3371 4.4 9.61115
      vertex 62.3371 15.4 9.61115
    endloop
  endfacet
  facet normal 0.471634 0 0.881795
    outer loop
      vertex 78.7654 15.4 10.3478
      vertex 79.1111 4.4 10.1629
      vertex 79.1111 15.4 10.1629
    endloop
  endfacet
  facet normal 0.471634 0 0.881795
    outer loop
      vertex 79.1111 4.4 10.1629
      vertex 78.7654 15.4 10.3478
      vertex 78.7654 4.4 10.3478
    endloop
  endfacet
  facet normal 0.956949 0 0.290255
    outer loop
      vertex 79.8478 15.4 9.26537
      vertex 79.9616 5.38641 8.89018
      vertex 79.9616 15.4 8.89018
    endloop
  endfacet
  facet normal 0.956798 -2.03553e-05 0.290753
    outer loop
      vertex 79.8478 15.4 9.26537
      vertex 79.9262 5.2 9.00666
      vertex 79.9616 5.38641 8.89018
    endloop
  endfacet
  facet normal 0.957021 0 0.290018
    outer loop
      vertex 79.9262 5.2 9.00666
      vertex 79.8478 15.4 9.26537
      vertex 79.8478 4.71345 9.26537
    endloop
  endfacet
  facet normal -0.995192 0 0.0979429
    outer loop
      vertex 62 5.98351 8.5
      vertex 62.0384 15.4 8.89018
      vertex 62 15.4 8.5
    endloop
  endfacet
  facet normal -0.995196 1.84904e-06 0.0978987
    outer loop
      vertex 62.012 5.81561 8.62199
      vertex 62.0384 15.4 8.89018
      vertex 62 5.98351 8.5
    endloop
  endfacet
  facet normal -0.99519 0 0.0979642
    outer loop
      vertex 62.0384 15.4 8.89018
      vertex 62.012 5.81561 8.62199
      vertex 62.0384 5.38641 8.89018
    endloop
  endfacet
  facet normal -0.956949 0 0.290255
    outer loop
      vertex 62.0384 5.38641 8.89018
      vertex 62.1522 15.4 9.26537
      vertex 62.0384 15.4 8.89018
    endloop
  endfacet
  facet normal -0.956798 -2.03553e-05 0.290753
    outer loop
      vertex 62.0738 5.2 9.00666
      vertex 62.1522 15.4 9.26537
      vertex 62.0384 5.38641 8.89018
    endloop
  endfacet
  facet normal -0.957021 0 0.290018
    outer loop
      vertex 62.1522 15.4 9.26537
      vertex 62.0738 5.2 9.00666
      vertex 62.1522 4.71345 9.26537
    endloop
  endfacet
  facet normal -0.471634 0 0.881795
    outer loop
      vertex 62.8889 15.4 10.1629
      vertex 63.2346 4.4 10.3478
      vertex 63.2346 15.4 10.3478
    endloop
  endfacet
  facet normal -0.471634 0 0.881795
    outer loop
      vertex 63.2346 4.4 10.3478
      vertex 62.8889 15.4 10.1629
      vertex 62.8889 4.4 10.1629
    endloop
  endfacet
  facet normal 0.972362 -0.233479 0
    outer loop
      vertex 8.87764 -17.6725 5
      vertex 8.96922 -17.2911 0
      vertex 8.96922 -17.2911 5
    endloop
  endfacet
  facet normal 0.972362 -0.233479 0
    outer loop
      vertex 8.96922 -17.2911 0
      vertex 8.87764 -17.6725 5
      vertex 8.87764 -17.6725 0
    endloop
  endfacet
  facet normal -0.760401 -0.649454 0
    outer loop
      vertex 0.732239 -18.6678 0
      vertex 0.477463 -18.3695 5
      vertex 0.477463 -18.3695 0
    endloop
  endfacet
  facet normal -0.760401 -0.649454 0
    outer loop
      vertex 0.477463 -18.3695 5
      vertex 0.732239 -18.6678 0
      vertex 0.732239 -18.6678 5
    endloop
  endfacet
  facet normal -0.996918 -0.0784509 0
    outer loop
      vertex 0.030777 -17.2911 0
      vertex 0 -16.9 5
      vertex 0 -16.9 0
    endloop
  endfacet
  facet normal -0.996918 -0.0784509 0
    outer loop
      vertex 0 -16.9 5
      vertex 0.030777 -17.2911 0
      vertex 0.030777 -17.2911 5
    endloop
  endfacet
  facet normal -0.233492 -0.972359 0
    outer loop
      vertex 1.72746 -19.2776 0
      vertex 2.10892 -19.3692 5
      vertex 1.72746 -19.2776 5
    endloop
  endfacet
  facet normal -0.233492 -0.972359 -0
    outer loop
      vertex 2.10892 -19.3692 5
      vertex 1.72746 -19.2776 0
      vertex 2.10892 -19.3692 0
    endloop
  endfacet
  facet normal 1 -0 0
    outer loop
      vertex 0 16.8023 14.4073
      vertex 0 16.9 5
      vertex 0 17.0192 14.737
    endloop
  endfacet
  facet normal 1 -0 0
    outer loop
      vertex 0 16.5152 14.1364
      vertex 0 16.9 5
      vertex 0 16.8023 14.4073
    endloop
  endfacet
  facet normal 1 -0 0
    outer loop
      vertex 0 16.1733 13.939
      vertex 0 16.9 5
      vertex 0 16.5152 14.1364
    endloop
  endfacet
  facet normal 1 -0 0
    outer loop
      vertex 0 15.7952 13.8258
      vertex 0 16.9 5
      vertex 0 16.1733 13.939
    endloop
  endfacet
  facet normal 1 -0 0
    outer loop
      vertex 0 15.4012 13.8029
      vertex 0 16.9 5
      vertex 0 15.7952 13.8258
    endloop
  endfacet
  facet normal 1 0 0
    outer loop
      vertex 0 15.0124 13.8714
      vertex 0 16.9 5
      vertex 0 15.4012 13.8029
    endloop
  endfacet
  facet normal 1 0 0
    outer loop
      vertex 0 8.41378 6.11297
      vertex 0 15.0124 13.8714
      vertex 0 14.65 14.0278
    endloop
  endfacet
  facet normal 1 0 0
    outer loop
      vertex 0 7.96686 6.68499
      vertex 0 14.65 14.0278
      vertex 0 14.3334 14.2635
    endloop
  endfacet
  facet normal 1 0 0
    outer loop
      vertex 0 6.95896 7.72871
      vertex 0 14.3334 14.2635
      vertex 0 14.0797 14.5658
    endloop
  endfacet
  facet normal 1 0 0
    outer loop
      vertex 0 6.40288 8.19531
      vertex 0 14.0797 14.5658
      vertex 0 13.9025 14.9186
    endloop
  endfacet
  facet normal 1 0 0
    outer loop
      vertex 0 15.0124 13.8714
      vertex 0 8.41378 6.11297
      vertex 0 16.9 5
    endloop
  endfacet
  facet normal 1 0 0
    outer loop
      vertex 0 5.2 9.00666
      vertex 0 13.9025 14.9186
      vertex 0 13.8115 15.3026
    endloop
  endfacet
  facet normal 1 0 0
    outer loop
      vertex 0 26 21
      vertex 0 17.1542 15.892
      vertex 0 17.2 15.5
    endloop
  endfacet
  facet normal 1 0 0
    outer loop
      vertex 0 26 21
      vertex 0 17.0192 16.263
      vertex 0 17.1542 15.892
    endloop
  endfacet
  facet normal 1 0 0
    outer loop
      vertex 0 26 21
      vertex 0 16.8023 16.5927
      vertex 0 17.0192 16.263
    endloop
  endfacet
  facet normal 1 0 0
    outer loop
      vertex 0 21 26
      vertex 0 16.5152 16.8636
      vertex 0 16.8023 16.5927
    endloop
  endfacet
  facet normal 1 0 0
    outer loop
      vertex 0 21 26
      vertex 0 16.1733 17.061
      vertex 0 16.5152 16.8636
    endloop
  endfacet
  facet normal 1 0 0
    outer loop
      vertex 0 21 26
      vertex 0 15.7952 17.1742
      vertex 0 16.1733 17.061
    endloop
  endfacet
  facet normal 1 0 0
    outer loop
      vertex 0 21 26
      vertex 0 15.4012 17.1971
      vertex 0 15.7952 17.1742
    endloop
  endfacet
  facet normal 1 0 0
    outer loop
      vertex 0 21 26
      vertex 0 15.0124 17.1286
      vertex 0 15.4012 17.1971
    endloop
  endfacet
  facet normal 1 0 0
    outer loop
      vertex 0 21 26
      vertex 0 14.65 16.9722
      vertex 0 15.0124 17.1286
    endloop
  endfacet
  facet normal 1 0 0
    outer loop
      vertex 0 21 26
      vertex 0 14.3334 16.7365
      vertex 0 14.65 16.9722
    endloop
  endfacet
  facet normal 1 -0 0
    outer loop
      vertex 0 -14.4848 16.8636
      vertex 0 14.3334 16.7365
      vertex 0 21 26
    endloop
  endfacet
  facet normal 1 0 0
    outer loop
      vertex 0 4.55906 9.34746
      vertex 0 13.8115 15.3026
      vertex 0 13.8115 15.6974
    endloop
  endfacet
  facet normal 1 0 0
    outer loop
      vertex 0 3.21378 9.89099
      vertex 0 13.8115 15.6974
      vertex 0 13.9025 16.0814
    endloop
  endfacet
  facet normal 1 0 0
    outer loop
      vertex 0 16.9 5
      vertex 0 8.8197 5.51116
      vertex 0 9.11482 5
    endloop
  endfacet
  facet normal 1 0 0
    outer loop
      vertex 0 16.9 5
      vertex 0 8.41378 6.11297
      vertex 0 8.8197 5.51116
    endloop
  endfacet
  facet normal 1 0 0
    outer loop
      vertex 0 1.80594 10.242
      vertex 0 13.9025 16.0814
      vertex 0 14.0797 16.4342
    endloop
  endfacet
  facet normal 1 0 0
    outer loop
      vertex 0 14.65 14.0278
      vertex 0 7.96686 6.68499
      vertex 0 8.41378 6.11297
    endloop
  endfacet
  facet normal 1 0 0
    outer loop
      vertex 0 14.3334 14.2635
      vertex 0 7.48113 7.22445
      vertex 0 7.96686 6.68499
    endloop
  endfacet
  facet normal 1 0 0
    outer loop
      vertex 0 14.3334 14.2635
      vertex 0 6.95896 7.72871
      vertex 0 7.48113 7.22445
    endloop
  endfacet
  facet normal 1 0 -0
    outer loop
      vertex 0 -14.1977 16.5927
      vertex 0 14.3334 16.7365
      vertex 0 -14.4848 16.8636
    endloop
  endfacet
  facet normal 1 0 0
    outer loop
      vertex 0 14.0797 14.5658
      vertex 0 6.40288 8.19531
      vertex 0 6.95896 7.72871
    endloop
  endfacet
  facet normal 1 0 0
    outer loop
      vertex 0 13.9025 14.9186
      vertex 0 5.81561 8.62199
      vertex 0 6.40288 8.19531
    endloop
  endfacet
  facet normal 1 0 0
    outer loop
      vertex 0 13.9025 14.9186
      vertex 0 5.2 9.00666
      vertex 0 5.81561 8.62199
    endloop
  endfacet
  facet normal 1 0 0
    outer loop
      vertex 0 13.8115 15.3026
      vertex 0 4.55906 9.34746
      vertex 0 5.2 9.00666
    endloop
  endfacet
  facet normal 1 0 0
    outer loop
      vertex 0 13.8115 15.6974
      vertex 0 3.89591 9.64271
      vertex 0 4.55906 9.34746
    endloop
  endfacet
  facet normal 1 0 0
    outer loop
      vertex 0 13.8115 15.6974
      vertex 0 3.21378 9.89099
      vertex 0 3.89591 9.64271
    endloop
  endfacet
  facet normal 1 0 0
    outer loop
      vertex 0 13.9025 16.0814
      vertex 0 2.51599 10.0911
      vertex 0 3.21378 9.89099
    endloop
  endfacet
  facet normal 1 0 0
    outer loop
      vertex 0 13.9025 16.0814
      vertex 0 1.80594 10.242
      vertex 0 2.51599 10.0911
    endloop
  endfacet
  facet normal 1 0 0
    outer loop
      vertex 0 14.0797 16.4342
      vertex 0 1.0871 10.343
      vertex 0 1.80594 10.242
    endloop
  endfacet
  facet normal 1 0 0
    outer loop
      vertex 0 14.0797 16.4342
      vertex 0 0.362954 10.3937
      vertex 0 1.0871 10.343
    endloop
  endfacet
  facet normal 1 0 0
    outer loop
      vertex 0 14.3334 16.7365
      vertex 0 0.362954 10.3937
      vertex 0 14.0797 16.4342
    endloop
  endfacet
  facet normal 1 0 0
    outer loop
      vertex 0 0.362954 10.3937
      vertex 0 -14.1977 16.5927
      vertex 0 -0.362954 10.3937
    endloop
  endfacet
  facet normal 1 0 0
    outer loop
      vertex 0 -0.362954 10.3937
      vertex 0 -14.1977 16.5927
      vertex 0 -1.0871 10.343
    endloop
  endfacet
  facet normal 1 -0 -0
    outer loop
      vertex 0 -13.9808 16.263
      vertex 0 -1.0871 10.343
      vertex 0 -14.1977 16.5927
    endloop
  endfacet
  facet normal 1 0 0
    outer loop
      vertex 0 -1.0871 10.343
      vertex 0 -13.9808 16.263
      vertex 0 -1.80594 10.242
    endloop
  endfacet
  facet normal 1 0 0
    outer loop
      vertex 0 -1.80594 10.242
      vertex 0 -13.9808 16.263
      vertex 0 -2.51599 10.0911
    endloop
  endfacet
  facet normal 1 -0 -0
    outer loop
      vertex 0 -13.8458 15.892
      vertex 0 -2.51599 10.0911
      vertex 0 -13.9808 16.263
    endloop
  endfacet
  facet normal 1 0 0
    outer loop
      vertex 0 -2.51599 10.0911
      vertex 0 -13.8458 15.892
      vertex 0 -3.21378 9.89099
    endloop
  endfacet
  facet normal 1 -0 -0
    outer loop
      vertex 0 -13.8 15.5
      vertex 0 -3.89591 9.64271
      vertex 0 -13.8458 15.892
    endloop
  endfacet
  facet normal 1 -0 0
    outer loop
      vertex 0 -14.4848 14.1364
      vertex 0 -7.48113 7.22445
      vertex 0 -14.1977 14.4073
    endloop
  endfacet
  facet normal 1 0 0
    outer loop
      vertex 0 -6.95896 7.72871
      vertex 0 -14.1977 14.4073
      vertex 0 -7.48113 7.22445
    endloop
  endfacet
  facet normal 1 -0 0
    outer loop
      vertex 0 -14.1977 14.4073
      vertex 0 -6.95896 7.72871
      vertex 0 -13.9808 14.737
    endloop
  endfacet
  facet normal 1 0 0
    outer loop
      vertex 0 -6.40288 8.19531
      vertex 0 -13.9808 14.737
      vertex 0 -6.95896 7.72871
    endloop
  endfacet
  facet normal 1 0 0
    outer loop
      vertex 0 -5.81561 8.62199
      vertex 0 -13.9808 14.737
      vertex 0 -6.40288 8.19531
    endloop
  endfacet
  facet normal 1 -0 0
    outer loop
      vertex 0 -13.9808 14.737
      vertex 0 -5.81561 8.62199
      vertex 0 -13.8458 15.108
    endloop
  endfacet
  facet normal 1 0 0
    outer loop
      vertex 0 -5.2 9.00666
      vertex 0 -13.8458 15.108
      vertex 0 -5.81561 8.62199
    endloop
  endfacet
  facet normal 1 0 0
    outer loop
      vertex 0 -3.89591 9.64271
      vertex 0 -13.8 15.5
      vertex 0 -4.55906 9.34746
    endloop
  endfacet
  facet normal 1 -0 0
    outer loop
      vertex 0 -13.8458 15.108
      vertex 0 -5.2 9.00666
      vertex 0 -13.8 15.5
    endloop
  endfacet
  facet normal 1 0 0
    outer loop
      vertex 0 -4.55906 9.34746
      vertex 0 -13.8 15.5
      vertex 0 -5.2 9.00666
    endloop
  endfacet
  facet normal 1 0 0
    outer loop
      vertex 0 -3.21378 9.89099
      vertex 0 -13.8458 15.892
      vertex 0 -3.89591 9.64271
    endloop
  endfacet
  facet normal 1 0 -0
    outer loop
      vertex 0 0.362954 10.3937
      vertex 0 14.3334 16.7365
      vertex 0 -14.1977 16.5927
    endloop
  endfacet
  facet normal 1 -0 0
    outer loop
      vertex 0 -21 26
      vertex 0 -14.4848 16.8636
      vertex 0 21 26
    endloop
  endfacet
  facet normal 1 0 0
    outer loop
      vertex 0 -14.4848 16.8636
      vertex 0 -21 26
      vertex 0 -14.8267 17.061
    endloop
  endfacet
  facet normal 1 0 0
    outer loop
      vertex 0 -14.8267 17.061
      vertex 0 -21 26
      vertex 0 -15.2048 17.1742
    endloop
  endfacet
  facet normal 1 0 0
    outer loop
      vertex 0 -15.2048 17.1742
      vertex 0 -21 26
      vertex 0 -15.5988 17.1971
    endloop
  endfacet
  facet normal 1 0 0
    outer loop
      vertex 0 -17.0975 16.0814
      vertex 0 -26 21
      vertex 0 -17.1885 15.6974
    endloop
  endfacet
  facet normal 1 0 0
    outer loop
      vertex 0 -16.9203 16.4342
      vertex 0 -26 21
      vertex 0 -17.0975 16.0814
    endloop
  endfacet
  facet normal 1 0 0
    outer loop
      vertex 0 -16.6666 16.7365
      vertex 0 -26 21
      vertex 0 -16.9203 16.4342
    endloop
  endfacet
  facet normal 1 -0 0
    outer loop
      vertex 0 -26 21
      vertex 0 -16.6666 16.7365
      vertex 0 -21 26
    endloop
  endfacet
  facet normal 1 0 0
    outer loop
      vertex 0 -16.35 16.9722
      vertex 0 -21 26
      vertex 0 -16.6666 16.7365
    endloop
  endfacet
  facet normal 1 0 0
    outer loop
      vertex 0 -15.9876 17.1286
      vertex 0 -21 26
      vertex 0 -16.35 16.9722
    endloop
  endfacet
  facet normal 1 0 0
    outer loop
      vertex 0 -15.5988 17.1971
      vertex 0 -21 26
      vertex 0 -15.9876 17.1286
    endloop
  endfacet
  facet normal 1 0 0
    outer loop
      vertex 0 21 26
      vertex 0 26 21
      vertex 0 25.9842 21.3972
    endloop
  endfacet
  facet normal 1 0 0
    outer loop
      vertex 0 21 26
      vertex 0 25.9842 21.3972
      vertex 0 25.9369 21.792
    endloop
  endfacet
  facet normal 1 0 0
    outer loop
      vertex 0 21 26
      vertex 0 25.9369 21.792
      vertex 0 25.8584 22.1817
    endloop
  endfacet
  facet normal 1 0 0
    outer loop
      vertex 0 21 26
      vertex 0 25.8584 22.1817
      vertex 0 25.7491 22.564
    endloop
  endfacet
  facet normal 1 0 0
    outer loop
      vertex 0 21 26
      vertex 0 25.7491 22.564
      vertex 0 25.6098 22.9364
    endloop
  endfacet
  facet normal 1 0 0
    outer loop
      vertex 0 21 26
      vertex 0 25.6098 22.9364
      vertex 0 25.4414 23.2965
    endloop
  endfacet
  facet normal 1 0 0
    outer loop
      vertex 0 21 26
      vertex 0 25.4414 23.2965
      vertex 0 25.2449 23.6421
    endloop
  endfacet
  facet normal 1 0 0
    outer loop
      vertex 0 21 26
      vertex 0 25.2449 23.6421
      vertex 0 25.0216 23.971
    endloop
  endfacet
  facet normal 1 0 0
    outer loop
      vertex 0 21 26
      vertex 0 25.0216 23.971
      vertex 0 24.7728 24.2811
    endloop
  endfacet
  facet normal 1 0 0
    outer loop
      vertex 0 21 26
      vertex 0 24.7728 24.2811
      vertex 0 24.5002 24.5705
    endloop
  endfacet
  facet normal 1 0 0
    outer loop
      vertex 0 21 26
      vertex 0 24.5002 24.5705
      vertex 0 24.2055 24.8373
    endloop
  endfacet
  facet normal 1 0 0
    outer loop
      vertex 0 21 26
      vertex 0 24.2055 24.8373
      vertex 0 23.8905 25.0799
    endloop
  endfacet
  facet normal 1 0 0
    outer loop
      vertex 0 21 26
      vertex 0 23.8905 25.0799
      vertex 0 23.5572 25.2966
    endloop
  endfacet
  facet normal 1 0 0
    outer loop
      vertex 0 21 26
      vertex 0 23.5572 25.2966
      vertex 0 23.2077 25.4862
    endloop
  endfacet
  facet normal 1 0 0
    outer loop
      vertex 0 21 26
      vertex 0 23.2077 25.4862
      vertex 0 22.8443 25.6474
    endloop
  endfacet
  facet normal 1 0 0
    outer loop
      vertex 0 21 26
      vertex 0 22.8443 25.6474
      vertex 0 22.4693 25.7793
    endloop
  endfacet
  facet normal 1 0 0
    outer loop
      vertex 0 21 26
      vertex 0 22.4693 25.7793
      vertex 0 22.0849 25.8809
    endloop
  endfacet
  facet normal 1 0 0
    outer loop
      vertex 0 21 26
      vertex 0 22.0849 25.8809
      vertex 0 21.6937 25.9516
    endloop
  endfacet
  facet normal 1 0 0
    outer loop
      vertex 0 21 26
      vertex 0 21.6937 25.9516
      vertex 0 21.2981 25.9911
    endloop
  endfacet
  facet normal 1 0 0
    outer loop
      vertex 0 16.8023 16.5927
      vertex 0 26 21
      vertex 0 21 26
    endloop
  endfacet
  facet normal 1 0 0
    outer loop
      vertex 0 26 21
      vertex 0 17.2 15.5
      vertex 0 17.1542 15.108
    endloop
  endfacet
  facet normal 1 0 0
    outer loop
      vertex 0 26 21
      vertex 0 17.1542 15.108
      vertex 0 17.0192 14.737
    endloop
  endfacet
  facet normal 1 0 0
    outer loop
      vertex 0 26 21
      vertex 0 17.0192 14.737
      vertex 0 26 0
    endloop
  endfacet
  facet normal 1 -0 0
    outer loop
      vertex 0 16.9 5
      vertex 0 26 0
      vertex 0 17.0192 14.737
    endloop
  endfacet
  facet normal 1 0 0
    outer loop
      vertex 0 26 0
      vertex 0 16.9 5
      vertex 0 16.9 0
    endloop
  endfacet
  facet normal 1 0 0
    outer loop
      vertex 0 -7.48113 7.22445
      vertex 0 -14.4848 14.1364
      vertex 0 -7.96686 6.68499
    endloop
  endfacet
  facet normal 1 -0 0
    outer loop
      vertex 0 -14.8267 13.939
      vertex 0 -7.96686 6.68499
      vertex 0 -14.4848 14.1364
    endloop
  endfacet
  facet normal 1 0 0
    outer loop
      vertex 0 -7.96686 6.68499
      vertex 0 -14.8267 13.939
      vertex 0 -8.41378 6.11297
    endloop
  endfacet
  facet normal 1 0 0
    outer loop
      vertex 0 -8.41378 6.11297
      vertex 0 -14.8267 13.939
      vertex 0 -8.8197 5.51116
    endloop
  endfacet
  facet normal 1 0 0
    outer loop
      vertex 0 -16.9 5
      vertex 0 -8.8197 5.51116
      vertex 0 -14.8267 13.939
    endloop
  endfacet
  facet normal 1 0 0
    outer loop
      vertex 0 -16.9 5
      vertex 0 -14.8267 13.939
      vertex 0 -15.2048 13.8258
    endloop
  endfacet
  facet normal 1 0 0
    outer loop
      vertex 0 -16.9 5
      vertex 0 -15.2048 13.8258
      vertex 0 -15.5988 13.8029
    endloop
  endfacet
  facet normal 1 0 0
    outer loop
      vertex 0 -16.9 5
      vertex 0 -15.5988 13.8029
      vertex 0 -15.9876 13.8714
    endloop
  endfacet
  facet normal 1 0 0
    outer loop
      vertex 0 -16.9 5
      vertex 0 -15.9876 13.8714
      vertex 0 -16.35 14.0278
    endloop
  endfacet
  facet normal 1 0 0
    outer loop
      vertex 0 -16.9 5
      vertex 0 -16.35 14.0278
      vertex 0 -16.6666 14.2635
    endloop
  endfacet
  facet normal 1 0 0
    outer loop
      vertex 0 -8.8197 5.51116
      vertex 0 -16.9 5
      vertex 0 -9.11482 5
    endloop
  endfacet
  facet normal 1 0 0
    outer loop
      vertex 0 -16.9203 14.5658
      vertex 0 -16.9 5
      vertex 0 -16.6666 14.2635
    endloop
  endfacet
  facet normal 1 0 0
    outer loop
      vertex 0 -26 0
      vertex 0 -16.9 5
      vertex 0 -16.9203 14.5658
    endloop
  endfacet
  facet normal 1 0 0
    outer loop
      vertex 0 -26 0
      vertex 0 -16.9203 14.5658
      vertex 0 -17.0975 14.9186
    endloop
  endfacet
  facet normal 1 0 0
    outer loop
      vertex 0 -26 21
      vertex 0 -17.0975 14.9186
      vertex 0 -17.1885 15.3026
    endloop
  endfacet
  facet normal 1 0 0
    outer loop
      vertex 0 -17.1885 15.6974
      vertex 0 -26 21
      vertex 0 -17.1885 15.3026
    endloop
  endfacet
  facet normal 1 0 0
    outer loop
      vertex 0 -26 21
      vertex 0 -21 26
      vertex 0 -21.3972 25.9842
    endloop
  endfacet
  facet normal 1 0 0
    outer loop
      vertex 0 -26 21
      vertex 0 -21.3972 25.9842
      vertex 0 -21.792 25.9369
    endloop
  endfacet
  facet normal 1 0 0
    outer loop
      vertex 0 -26 21
      vertex 0 -21.792 25.9369
      vertex 0 -22.1817 25.8584
    endloop
  endfacet
  facet normal 1 0 0
    outer loop
      vertex 0 -26 21
      vertex 0 -22.1817 25.8584
      vertex 0 -22.564 25.7491
    endloop
  endfacet
  facet normal 1 0 0
    outer loop
      vertex 0 -26 21
      vertex 0 -22.564 25.7491
      vertex 0 -22.9364 25.6098
    endloop
  endfacet
  facet normal 1 0 0
    outer loop
      vertex 0 -26 21
      vertex 0 -22.9364 25.6098
      vertex 0 -23.2965 25.4414
    endloop
  endfacet
  facet normal 1 0 0
    outer loop
      vertex 0 -26 21
      vertex 0 -23.2965 25.4414
      vertex 0 -23.6421 25.2449
    endloop
  endfacet
  facet normal 1 0 0
    outer loop
      vertex 0 -26 21
      vertex 0 -23.6421 25.2449
      vertex 0 -23.971 25.0216
    endloop
  endfacet
  facet normal 1 0 0
    outer loop
      vertex 0 -26 21
      vertex 0 -23.971 25.0216
      vertex 0 -24.2811 24.7728
    endloop
  endfacet
  facet normal 1 0 0
    outer loop
      vertex 0 -26 21
      vertex 0 -24.2811 24.7728
      vertex 0 -24.5705 24.5002
    endloop
  endfacet
  facet normal 1 0 0
    outer loop
      vertex 0 -26 21
      vertex 0 -24.5705 24.5002
      vertex 0 -24.8373 24.2055
    endloop
  endfacet
  facet normal 1 0 0
    outer loop
      vertex 0 -26 21
      vertex 0 -24.8373 24.2055
      vertex 0 -25.0799 23.8905
    endloop
  endfacet
  facet normal 1 0 0
    outer loop
      vertex 0 -26 21
      vertex 0 -25.0799 23.8905
      vertex 0 -25.2966 23.5572
    endloop
  endfacet
  facet normal 1 0 0
    outer loop
      vertex 0 -26 21
      vertex 0 -25.2966 23.5572
      vertex 0 -25.4862 23.2077
    endloop
  endfacet
  facet normal 1 0 0
    outer loop
      vertex 0 -26 21
      vertex 0 -25.4862 23.2077
      vertex 0 -25.6474 22.8443
    endloop
  endfacet
  facet normal 1 0 0
    outer loop
      vertex 0 -26 21
      vertex 0 -25.6474 22.8443
      vertex 0 -25.7793 22.4693
    endloop
  endfacet
  facet normal 1 0 0
    outer loop
      vertex 0 -26 21
      vertex 0 -25.7793 22.4693
      vertex 0 -25.8809 22.0849
    endloop
  endfacet
  facet normal 1 0 0
    outer loop
      vertex 0 -26 21
      vertex 0 -25.8809 22.0849
      vertex 0 -25.9516 21.6937
    endloop
  endfacet
  facet normal 1 0 0
    outer loop
      vertex 0 -26 21
      vertex 0 -25.9516 21.6937
      vertex 0 -25.9911 21.2981
    endloop
  endfacet
  facet normal 1 0 0
    outer loop
      vertex 0 -17.0975 14.9186
      vertex 0 -26 21
      vertex 0 -26 0
    endloop
  endfacet
  facet normal 1 0 0
    outer loop
      vertex 0 -16.9 5
      vertex 0 -26 0
      vertex 0 -16.9 0
    endloop
  endfacet
  facet normal 0 -1 0
    outer loop
      vertex 2.5 -19.4 0
      vertex 6.5 -19.4 5
      vertex 2.5 -19.4 5
    endloop
  endfacet
  facet normal 0 -1 -0
    outer loop
      vertex 6.5 -19.4 5
      vertex 2.5 -19.4 0
      vertex 6.5 -19.4 0
    endloop
  endfacet
  facet normal -0.0785132 -0.996913 0
    outer loop
      vertex 2.10892 -19.3692 0
      vertex 2.5 -19.4 5
      vertex 2.10892 -19.3692 5
    endloop
  endfacet
  facet normal -0.0785132 -0.996913 -0
    outer loop
      vertex 2.5 -19.4 5
      vertex 2.10892 -19.3692 0
      vertex 2.5 -19.4 0
    endloop
  endfacet
  facet normal -0.522544 -0.852613 0
    outer loop
      vertex 1.03053 -18.9225 0
      vertex 1.36502 -19.1275 5
      vertex 1.03053 -18.9225 5
    endloop
  endfacet
  facet normal -0.522544 -0.852613 -0
    outer loop
      vertex 1.36502 -19.1275 5
      vertex 1.03053 -18.9225 0
      vertex 1.36502 -19.1275 0
    endloop
  endfacet
  facet normal 0.522544 -0.852613 0
    outer loop
      vertex 7.63498 -19.1275 0
      vertex 7.96947 -18.9225 5
      vertex 7.63498 -19.1275 5
    endloop
  endfacet
  facet normal 0.522544 -0.852613 0
    outer loop
      vertex 7.96947 -18.9225 5
      vertex 7.63498 -19.1275 0
      vertex 7.96947 -18.9225 0
    endloop
  endfacet
  facet normal 0.852642 -0.522495 0
    outer loop
      vertex 8.52254 -18.3695 5
      vertex 8.72752 -18.035 0
      vertex 8.72752 -18.035 5
    endloop
  endfacet
  facet normal 0.852642 -0.522495 0
    outer loop
      vertex 8.72752 -18.035 0
      vertex 8.52254 -18.3695 5
      vertex 8.52254 -18.3695 0
    endloop
  endfacet
  facet normal 0.760396 -0.649459 0
    outer loop
      vertex 8.26776 -18.6678 5
      vertex 8.52254 -18.3695 0
      vertex 8.52254 -18.3695 5
    endloop
  endfacet
  facet normal 0.760396 -0.649459 0
    outer loop
      vertex 8.52254 -18.3695 0
      vertex 8.26776 -18.6678 5
      vertex 8.26776 -18.6678 0
    endloop
  endfacet
  facet normal 0.923909 -0.382613 0
    outer loop
      vertex 8.72752 -18.035 5
      vertex 8.87764 -17.6725 0
      vertex 8.87764 -17.6725 5
    endloop
  endfacet
  facet normal 0.923909 -0.382613 0
    outer loop
      vertex 8.87764 -17.6725 0
      vertex 8.72752 -18.035 5
      vertex 8.72752 -18.035 0
    endloop
  endfacet
  facet normal 0.233492 -0.972359 0
    outer loop
      vertex 6.89108 -19.3692 0
      vertex 7.27254 -19.2776 5
      vertex 6.89108 -19.3692 5
    endloop
  endfacet
  facet normal 0.233492 -0.972359 0
    outer loop
      vertex 7.27254 -19.2776 5
      vertex 6.89108 -19.3692 0
      vertex 7.27254 -19.2776 0
    endloop
  endfacet
  facet normal 0.0785132 -0.996913 0
    outer loop
      vertex 6.5 -19.4 0
      vertex 6.89108 -19.3692 5
      vertex 6.5 -19.4 5
    endloop
  endfacet
  facet normal 0.0785132 -0.996913 0
    outer loop
      vertex 6.89108 -19.3692 5
      vertex 6.5 -19.4 0
      vertex 6.89108 -19.3692 0
    endloop
  endfacet
  facet normal -0.852634 -0.522508 0
    outer loop
      vertex 0.477463 -18.3695 0
      vertex 0.272476 -18.035 5
      vertex 0.272476 -18.035 0
    endloop
  endfacet
  facet normal -0.852634 -0.522508 0
    outer loop
      vertex 0.272476 -18.035 5
      vertex 0.477463 -18.3695 0
      vertex 0.477463 -18.3695 5
    endloop
  endfacet
  facet normal -0.923912 -0.382604 0
    outer loop
      vertex 0.272476 -18.035 0
      vertex 0.12236 -17.6725 5
      vertex 0.12236 -17.6725 0
    endloop
  endfacet
  facet normal -0.923912 -0.382604 0
    outer loop
      vertex 0.12236 -17.6725 5
      vertex 0.272476 -18.035 0
      vertex 0.272476 -18.035 5
    endloop
  endfacet
  facet normal -0.97236 -0.233486 0
    outer loop
      vertex 0.12236 -17.6725 0
      vertex 0.030777 -17.2911 5
      vertex 0.030777 -17.2911 0
    endloop
  endfacet
  facet normal -0.97236 -0.233486 0
    outer loop
      vertex 0.030777 -17.2911 5
      vertex 0.12236 -17.6725 0
      vertex 0.12236 -17.6725 5
    endloop
  endfacet
  facet normal -0.382623 -0.923904 0
    outer loop
      vertex 1.36502 -19.1275 0
      vertex 1.72746 -19.2776 5
      vertex 1.36502 -19.1275 5
    endloop
  endfacet
  facet normal -0.382623 -0.923904 -0
    outer loop
      vertex 1.72746 -19.2776 5
      vertex 1.36502 -19.1275 0
      vertex 1.72746 -19.2776 0
    endloop
  endfacet
  facet normal -0 0 1
    outer loop
      vertex 5.55345 -14.7818 5
      vertex 9 -16.9 5
      vertex 9 -9.11482 5
    endloop
  endfacet
  facet normal -0 -0 1
    outer loop
      vertex 5.775 -15.5 5
      vertex 9 -16.9 5
      vertex 5.71836 -15.1242 5
    endloop
  endfacet
  facet normal -0 0 1
    outer loop
      vertex 5.71836 -15.8758 5
      vertex 9 -16.9 5
      vertex 5.775 -15.5 5
    endloop
  endfacet
  facet normal -0 0 1
    outer loop
      vertex 5.55345 -16.2182 5
      vertex 9 -16.9 5
      vertex 5.71836 -15.8758 5
    endloop
  endfacet
  facet normal 0 0 1
    outer loop
      vertex 9 -16.9 5
      vertex 5.55345 -16.2182 5
      vertex 8.96922 -17.2911 5
    endloop
  endfacet
  facet normal 0 0 1
    outer loop
      vertex 8.96922 -17.2911 5
      vertex 5.55345 -16.2182 5
      vertex 8.87764 -17.6725 5
    endloop
  endfacet
  facet normal 0 0 1
    outer loop
      vertex 8.87764 -17.6725 5
      vertex 5.55345 -16.2182 5
      vertex 8.72752 -18.035 5
    endloop
  endfacet
  facet normal 0 0 1
    outer loop
      vertex 8.52254 -18.3695 5
      vertex 5.55345 -16.2182 5
      vertex 8.26776 -18.6678 5
    endloop
  endfacet
  facet normal 0 0 1
    outer loop
      vertex 8.26776 -18.6678 5
      vertex 5.55345 -16.2182 5
      vertex 7.96947 -18.9225 5
    endloop
  endfacet
  facet normal 0 0 1
    outer loop
      vertex 7.96947 -18.9225 5
      vertex 5.55345 -16.2182 5
      vertex 7.63498 -19.1275 5
    endloop
  endfacet
  facet normal 0 0 1
    outer loop
      vertex 7.63498 -19.1275 5
      vertex 5.55345 -16.2182 5
      vertex 7.27254 -19.2776 5
    endloop
  endfacet
  facet normal 0 0 1
    outer loop
      vertex 8.72752 -18.035 5
      vertex 5.55345 -16.2182 5
      vertex 8.52254 -18.3695 5
    endloop
  endfacet
  facet normal 0 0 1
    outer loop
      vertex 9 -16.9 5
      vertex 5.55345 -14.7818 5
      vertex 5.71836 -15.1242 5
    endloop
  endfacet
  facet normal 0 0 1
    outer loop
      vertex 9 -9.11482 5
      vertex 5.29495 -14.5032 5
      vertex 5.55345 -14.7818 5
    endloop
  endfacet
  facet normal 0 0 1
    outer loop
      vertex 9 -9.11482 5
      vertex 4.96581 -14.3131 5
      vertex 5.29495 -14.5032 5
    endloop
  endfacet
  facet normal 0 0 1
    outer loop
      vertex 9 -9.11482 5
      vertex 4.59528 -14.2286 5
      vertex 4.96581 -14.3131 5
    endloop
  endfacet
  facet normal -0 0 1
    outer loop
      vertex 0 -9.11482 5
      vertex 4.59528 -14.2286 5
      vertex 9 -9.11482 5
    endloop
  endfacet
  facet normal 0 0 1
    outer loop
      vertex 4.59528 -14.2286 5
      vertex 0 -9.11482 5
      vertex 4.21629 -14.257 5
    endloop
  endfacet
  facet normal 0 0 1
    outer loop
      vertex 4.21629 -14.257 5
      vertex 0 -9.11482 5
      vertex 3.8625 -14.3958 5
    endloop
  endfacet
  facet normal 0 0 1
    outer loop
      vertex 0 -16.9 5
      vertex 3.23924 -15.69 5
      vertex 3.23924 -15.31 5
    endloop
  endfacet
  facet normal 0 0 1
    outer loop
      vertex 3.23924 -15.69 5
      vertex 2.10892 -19.3692 5
      vertex 2.5 -19.4 5
    endloop
  endfacet
  facet normal 0 0 1
    outer loop
      vertex 3.23924 -15.69 5
      vertex 1.72746 -19.2776 5
      vertex 2.10892 -19.3692 5
    endloop
  endfacet
  facet normal 0 0 1
    outer loop
      vertex 0 -16.9 5
      vertex 3.23924 -15.31 5
      vertex 3.35126 -14.9468 5
    endloop
  endfacet
  facet normal 0 0 1
    outer loop
      vertex 3.23924 -15.69 5
      vertex 1.36502 -19.1275 5
      vertex 1.72746 -19.2776 5
    endloop
  endfacet
  facet normal 0 0 1
    outer loop
      vertex 3.23924 -15.69 5
      vertex 1.03053 -18.9225 5
      vertex 1.36502 -19.1275 5
    endloop
  endfacet
  facet normal 0 0 1
    outer loop
      vertex 3.23924 -15.69 5
      vertex 0.732239 -18.6678 5
      vertex 1.03053 -18.9225 5
    endloop
  endfacet
  facet normal 0 0 1
    outer loop
      vertex 0 -9.11482 5
      vertex 3.35126 -14.9468 5
      vertex 3.56536 -14.6328 5
    endloop
  endfacet
  facet normal 0 0 1
    outer loop
      vertex 3.23924 -15.69 5
      vertex 0.477463 -18.3695 5
      vertex 0.732239 -18.6678 5
    endloop
  endfacet
  facet normal 0 0 1
    outer loop
      vertex 3.23924 -15.69 5
      vertex 0.272476 -18.035 5
      vertex 0.477463 -18.3695 5
    endloop
  endfacet
  facet normal 0 0 1
    outer loop
      vertex 3.23924 -15.69 5
      vertex 0.12236 -17.6725 5
      vertex 0.272476 -18.035 5
    endloop
  endfacet
  facet normal 0 0 1
    outer loop
      vertex 3.8625 -14.3958 5
      vertex 0 -9.11482 5
      vertex 3.56536 -14.6328 5
    endloop
  endfacet
  facet normal 0 0 1
    outer loop
      vertex 3.23924 -15.69 5
      vertex 0 -16.9 5
      vertex 0.030777 -17.2911 5
    endloop
  endfacet
  facet normal 0 0 1
    outer loop
      vertex 3.35126 -14.9468 5
      vertex 0 -9.11482 5
      vertex 0 -16.9 5
    endloop
  endfacet
  facet normal 0 0 1
    outer loop
      vertex 3.23924 -15.69 5
      vertex 0.030777 -17.2911 5
      vertex 0.12236 -17.6725 5
    endloop
  endfacet
  facet normal -0 0 1
    outer loop
      vertex 5.29495 -16.4968 5
      vertex 7.27254 -19.2776 5
      vertex 5.55345 -16.2182 5
    endloop
  endfacet
  facet normal 0 0 1
    outer loop
      vertex 7.27254 -19.2776 5
      vertex 5.29495 -16.4968 5
      vertex 6.89108 -19.3692 5
    endloop
  endfacet
  facet normal 0 0 1
    outer loop
      vertex 6.89108 -19.3692 5
      vertex 5.29495 -16.4968 5
      vertex 6.5 -19.4 5
    endloop
  endfacet
  facet normal -0 0 1
    outer loop
      vertex 4.96581 -16.6869 5
      vertex 6.5 -19.4 5
      vertex 5.29495 -16.4968 5
    endloop
  endfacet
  facet normal -0 0 1
    outer loop
      vertex 4.59528 -16.7714 5
      vertex 6.5 -19.4 5
      vertex 4.96581 -16.6869 5
    endloop
  endfacet
  facet normal 0 0 1
    outer loop
      vertex 2.5 -19.4 5
      vertex 4.59528 -16.7714 5
      vertex 4.21629 -16.743 5
    endloop
  endfacet
  facet normal 0 0 1
    outer loop
      vertex 2.5 -19.4 5
      vertex 4.21629 -16.743 5
      vertex 3.8625 -16.6042 5
    endloop
  endfacet
  facet normal 0 0 1
    outer loop
      vertex 2.5 -19.4 5
      vertex 3.8625 -16.6042 5
      vertex 3.56536 -16.3672 5
    endloop
  endfacet
  facet normal 0 0 1
    outer loop
      vertex 4.59528 -16.7714 5
      vertex 2.5 -19.4 5
      vertex 6.5 -19.4 5
    endloop
  endfacet
  facet normal 0 0 1
    outer loop
      vertex 3.35126 -16.0532 5
      vertex 2.5 -19.4 5
      vertex 3.56536 -16.3672 5
    endloop
  endfacet
  facet normal 0 0 1
    outer loop
      vertex 2.5 -19.4 5
      vertex 3.35126 -16.0532 5
      vertex 3.23924 -15.69 5
    endloop
  endfacet
  facet normal 0.996917 -0.0784585 0
    outer loop
      vertex 8.96922 -17.2911 5
      vertex 9 -16.9 0
      vertex 9 -16.9 5
    endloop
  endfacet
  facet normal 0.996917 -0.0784585 0
    outer loop
      vertex 9 -16.9 0
      vertex 8.96922 -17.2911 5
      vertex 8.96922 -17.2911 0
    endloop
  endfacet
  facet normal 1 -0 0
    outer loop
      vertex 9 -16.9 5
      vertex 9 -9.18265 4.8825
      vertex 9 -9.11482 5
    endloop
  endfacet
  facet normal 1 0 0
    outer loop
      vertex 9 -16.9 5
      vertex 9 -9.50087 4.23006
      vertex 9 -9.18265 4.8825
    endloop
  endfacet
  facet normal 1 0 0
    outer loop
      vertex 9 -16.9 5
      vertex 9 -9.7728 3.55701
      vertex 9 -9.50087 4.23006
    endloop
  endfacet
  facet normal 1 0 0
    outer loop
      vertex 9 -16.9 5
      vertex 9 -9.99712 2.86663
      vertex 9 -9.7728 3.55701
    endloop
  endfacet
  facet normal 1 0 0
    outer loop
      vertex 9 -16.9 5
      vertex 9 -10.1727 2.16228
      vertex 9 -9.99712 2.86663
    endloop
  endfacet
  facet normal 1 0 0
    outer loop
      vertex 9 -16.9 5
      vertex 9 -10.2988 1.4474
      vertex 9 -10.1727 2.16228
    endloop
  endfacet
  facet normal 1 0 0
    outer loop
      vertex 9 -16.9 0
      vertex 9 -10.2988 1.4474
      vertex 9 -16.9 5
    endloop
  endfacet
  facet normal 1 0 0
    outer loop
      vertex 9 -10.2988 1.4474
      vertex 9 -16.9 0
      vertex 9 -10.3747 0.725467
    endloop
  endfacet
  facet normal 1 0 0
    outer loop
      vertex 9 -10.3747 0.725467
      vertex 9 -16.9 0
      vertex 9 -10.4 0
    endloop
  endfacet
  facet normal -0.649353 -0.760487 0
    outer loop
      vertex 0.732239 -18.6678 0
      vertex 1.03053 -18.9225 5
      vertex 0.732239 -18.6678 5
    endloop
  endfacet
  facet normal -0.649353 -0.760487 -0
    outer loop
      vertex 1.03053 -18.9225 5
      vertex 0.732239 -18.6678 0
      vertex 1.03053 -18.9225 0
    endloop
  endfacet
  facet normal 0.382623 -0.923904 0
    outer loop
      vertex 7.27254 -19.2776 0
      vertex 7.63498 -19.1275 5
      vertex 7.27254 -19.2776 5
    endloop
  endfacet
  facet normal 0.382623 -0.923904 0
    outer loop
      vertex 7.63498 -19.1275 5
      vertex 7.27254 -19.2776 0
      vertex 7.63498 -19.1275 0
    endloop
  endfacet
  facet normal 0.649354 -0.760486 0
    outer loop
      vertex 7.96947 -18.9225 0
      vertex 8.26776 -18.6678 5
      vertex 7.96947 -18.9225 5
    endloop
  endfacet
  facet normal 0.649354 -0.760486 0
    outer loop
      vertex 8.26776 -18.6678 5
      vertex 7.96947 -18.9225 0
      vertex 8.26776 -18.6678 0
    endloop
  endfacet
  facet normal 0.0785132 0.996913 -0
    outer loop
      vertex 6.89108 19.3692 0
      vertex 6.5 19.4 5
      vertex 6.89108 19.3692 5
    endloop
  endfacet
  facet normal 0.0785132 0.996913 0
    outer loop
      vertex 6.5 19.4 5
      vertex 6.89108 19.3692 0
      vertex 6.5 19.4 0
    endloop
  endfacet
  facet normal -0.233492 0.972359 0
    outer loop
      vertex 2.10892 19.3692 0
      vertex 1.72746 19.2776 5
      vertex 2.10892 19.3692 5
    endloop
  endfacet
  facet normal -0.233492 0.972359 0
    outer loop
      vertex 1.72746 19.2776 5
      vertex 2.10892 19.3692 0
      vertex 1.72746 19.2776 0
    endloop
  endfacet
  facet normal -0.923912 0.382604 0
    outer loop
      vertex 0.12236 17.6725 0
      vertex 0.272476 18.035 5
      vertex 0.272476 18.035 0
    endloop
  endfacet
  facet normal -0.923912 0.382604 0
    outer loop
      vertex 0.272476 18.035 5
      vertex 0.12236 17.6725 0
      vertex 0.12236 17.6725 5
    endloop
  endfacet
  facet normal -0.0785132 0.996913 0
    outer loop
      vertex 2.5 19.4 0
      vertex 2.10892 19.3692 5
      vertex 2.5 19.4 5
    endloop
  endfacet
  facet normal -0.0785132 0.996913 0
    outer loop
      vertex 2.10892 19.3692 5
      vertex 2.5 19.4 0
      vertex 2.10892 19.3692 0
    endloop
  endfacet
  facet normal 0 1 -0
    outer loop
      vertex 6.5 19.4 0
      vertex 2.5 19.4 5
      vertex 6.5 19.4 5
    endloop
  endfacet
  facet normal 0 1 0
    outer loop
      vertex 2.5 19.4 5
      vertex 6.5 19.4 0
      vertex 2.5 19.4 0
    endloop
  endfacet
  facet normal 0.996917 0.0784585 0
    outer loop
      vertex 9 16.9 5
      vertex 8.96922 17.2911 0
      vertex 8.96922 17.2911 5
    endloop
  endfacet
  facet normal 0.996917 0.0784585 0
    outer loop
      vertex 8.96922 17.2911 0
      vertex 9 16.9 5
      vertex 9 16.9 0
    endloop
  endfacet
  facet normal -0.852634 0.522508 0
    outer loop
      vertex 0.272476 18.035 0
      vertex 0.477463 18.3695 5
      vertex 0.477463 18.3695 0
    endloop
  endfacet
  facet normal -0.852634 0.522508 0
    outer loop
      vertex 0.477463 18.3695 5
      vertex 0.272476 18.035 0
      vertex 0.272476 18.035 5
    endloop
  endfacet
  facet normal -0.760401 0.649454 0
    outer loop
      vertex 0.477463 18.3695 0
      vertex 0.732239 18.6678 5
      vertex 0.732239 18.6678 0
    endloop
  endfacet
  facet normal -0.760401 0.649454 0
    outer loop
      vertex 0.732239 18.6678 5
      vertex 0.477463 18.3695 0
      vertex 0.477463 18.3695 5
    endloop
  endfacet
  facet normal -0.996918 0.0784509 0
    outer loop
      vertex 0 16.9 0
      vertex 0.030777 17.2911 5
      vertex 0.030777 17.2911 0
    endloop
  endfacet
  facet normal -0.996918 0.0784509 0
    outer loop
      vertex 0.030777 17.2911 5
      vertex 0 16.9 0
      vertex 0 16.9 5
    endloop
  endfacet
  facet normal -0.649353 0.760487 0
    outer loop
      vertex 1.03053 18.9225 0
      vertex 0.732239 18.6678 5
      vertex 1.03053 18.9225 5
    endloop
  endfacet
  facet normal -0.649353 0.760487 0
    outer loop
      vertex 0.732239 18.6678 5
      vertex 1.03053 18.9225 0
      vertex 0.732239 18.6678 0
    endloop
  endfacet
  facet normal 0.382623 0.923904 -0
    outer loop
      vertex 7.63498 19.1275 0
      vertex 7.27254 19.2776 5
      vertex 7.63498 19.1275 5
    endloop
  endfacet
  facet normal 0.382623 0.923904 0
    outer loop
      vertex 7.27254 19.2776 5
      vertex 7.63498 19.1275 0
      vertex 7.27254 19.2776 0
    endloop
  endfacet
  facet normal -0.97236 0.233486 0
    outer loop
      vertex 0.030777 17.2911 0
      vertex 0.12236 17.6725 5
      vertex 0.12236 17.6725 0
    endloop
  endfacet
  facet normal -0.97236 0.233486 0
    outer loop
      vertex 0.12236 17.6725 5
      vertex 0.030777 17.2911 0
      vertex 0.030777 17.2911 5
    endloop
  endfacet
  facet normal 0 0 1
    outer loop
      vertex 9 16.9 5
      vertex 5.71836 15.8758 5
      vertex 5.775 15.5 5
    endloop
  endfacet
  facet normal 0 0 1
    outer loop
      vertex 6.89108 19.3692 5
      vertex 5.55345 16.2182 5
      vertex 5.71836 15.8758 5
    endloop
  endfacet
  facet normal 0 0 1
    outer loop
      vertex 6.89108 19.3692 5
      vertex 5.29495 16.4968 5
      vertex 5.55345 16.2182 5
    endloop
  endfacet
  facet normal 0 0 1
    outer loop
      vertex 6.5 19.4 5
      vertex 4.96581 16.6869 5
      vertex 5.29495 16.4968 5
    endloop
  endfacet
  facet normal 0 0 1
    outer loop
      vertex 6.5 19.4 5
      vertex 4.59528 16.7714 5
      vertex 4.96581 16.6869 5
    endloop
  endfacet
  facet normal -0 0 1
    outer loop
      vertex 2.5 19.4 5
      vertex 4.59528 16.7714 5
      vertex 6.5 19.4 5
    endloop
  endfacet
  facet normal 0 0 1
    outer loop
      vertex 4.59528 16.7714 5
      vertex 2.5 19.4 5
      vertex 4.21629 16.743 5
    endloop
  endfacet
  facet normal 0 0 1
    outer loop
      vertex 4.21629 16.743 5
      vertex 2.5 19.4 5
      vertex 3.8625 16.6042 5
    endloop
  endfacet
  facet normal -0 0 1
    outer loop
      vertex 1.36502 19.1275 5
      vertex 3.56536 16.3672 5
      vertex 1.72746 19.2776 5
    endloop
  endfacet
  facet normal -0 0 1
    outer loop
      vertex 1.72746 19.2776 5
      vertex 3.56536 16.3672 5
      vertex 2.10892 19.3692 5
    endloop
  endfacet
  facet normal -0 0 1
    outer loop
      vertex 2.10892 19.3692 5
      vertex 3.56536 16.3672 5
      vertex 2.5 19.4 5
    endloop
  endfacet
  facet normal 0 0 1
    outer loop
      vertex 3.8625 16.6042 5
      vertex 2.5 19.4 5
      vertex 3.56536 16.3672 5
    endloop
  endfacet
  facet normal 0 0 1
    outer loop
      vertex 5.71836 15.8758 5
      vertex 9 16.9 5
      vertex 8.96922 17.2911 5
    endloop
  endfacet
  facet normal 0 0 1
    outer loop
      vertex 5.71836 15.8758 5
      vertex 8.96922 17.2911 5
      vertex 8.87764 17.6725 5
    endloop
  endfacet
  facet normal 0 0 1
    outer loop
      vertex 5.71836 15.8758 5
      vertex 8.87764 17.6725 5
      vertex 8.72752 18.035 5
    endloop
  endfacet
  facet normal 0 0 1
    outer loop
      vertex 5.71836 15.8758 5
      vertex 8.72752 18.035 5
      vertex 8.52254 18.3695 5
    endloop
  endfacet
  facet normal 0 0 1
    outer loop
      vertex 5.71836 15.8758 5
      vertex 8.52254 18.3695 5
      vertex 8.26776 18.6678 5
    endloop
  endfacet
  facet normal 0 0 1
    outer loop
      vertex 5.71836 15.8758 5
      vertex 8.26776 18.6678 5
      vertex 7.96947 18.9225 5
    endloop
  endfacet
  facet normal 0 0 1
    outer loop
      vertex 5.71836 15.8758 5
      vertex 7.96947 18.9225 5
      vertex 7.63498 19.1275 5
    endloop
  endfacet
  facet normal 0 0 1
    outer loop
      vertex 5.71836 15.8758 5
      vertex 7.63498 19.1275 5
      vertex 7.27254 19.2776 5
    endloop
  endfacet
  facet normal 0 0 1
    outer loop
      vertex 5.71836 15.8758 5
      vertex 7.27254 19.2776 5
      vertex 6.89108 19.3692 5
    endloop
  endfacet
  facet normal 0 0 1
    outer loop
      vertex 5.29495 16.4968 5
      vertex 6.89108 19.3692 5
      vertex 6.5 19.4 5
    endloop
  endfacet
  facet normal 0 0 1
    outer loop
      vertex 9 16.9 5
      vertex 5.775 15.5 5
      vertex 5.71836 15.1242 5
    endloop
  endfacet
  facet normal 0 0 1
    outer loop
      vertex 5.55345 14.7818 5
      vertex 9 16.9 5
      vertex 5.71836 15.1242 5
    endloop
  endfacet
  facet normal 0 0 1
    outer loop
      vertex 9 16.9 5
      vertex 5.55345 14.7818 5
      vertex 9 9.11482 5
    endloop
  endfacet
  facet normal -0 0 1
    outer loop
      vertex 5.29495 14.5032 5
      vertex 9 9.11482 5
      vertex 5.55345 14.7818 5
    endloop
  endfacet
  facet normal -0 0 1
    outer loop
      vertex 4.96581 14.3131 5
      vertex 9 9.11482 5
      vertex 5.29495 14.5032 5
    endloop
  endfacet
  facet normal -0 0 1
    outer loop
      vertex 4.59528 14.2286 5
      vertex 9 9.11482 5
      vertex 4.96581 14.3131 5
    endloop
  endfacet
  facet normal 0 0 1
    outer loop
      vertex 0 9.11482 5
      vertex 4.59528 14.2286 5
      vertex 4.21629 14.257 5
    endloop
  endfacet
  facet normal 0 0 1
    outer loop
      vertex 0 9.11482 5
      vertex 4.21629 14.257 5
      vertex 3.8625 14.3958 5
    endloop
  endfacet
  facet normal 0 0 1
    outer loop
      vertex 0 9.11482 5
      vertex 3.8625 14.3958 5
      vertex 3.56536 14.6328 5
    endloop
  endfacet
  facet normal -0 0 1
    outer loop
      vertex 1.03053 18.9225 5
      vertex 3.56536 16.3672 5
      vertex 1.36502 19.1275 5
    endloop
  endfacet
  facet normal -0 0 1
    outer loop
      vertex 0.732239 18.6678 5
      vertex 3.56536 16.3672 5
      vertex 1.03053 18.9225 5
    endloop
  endfacet
  facet normal -0 0 1
    outer loop
      vertex 0.477463 18.3695 5
      vertex 3.56536 16.3672 5
      vertex 0.732239 18.6678 5
    endloop
  endfacet
  facet normal 0 0 1
    outer loop
      vertex 3.56536 16.3672 5
      vertex 0.477463 18.3695 5
      vertex 3.35126 16.0532 5
    endloop
  endfacet
  facet normal -0 0 1
    outer loop
      vertex 0.272476 18.035 5
      vertex 3.35126 16.0532 5
      vertex 0.477463 18.3695 5
    endloop
  endfacet
  facet normal -0 0 1
    outer loop
      vertex 0.12236 17.6725 5
      vertex 3.35126 16.0532 5
      vertex 0.272476 18.035 5
    endloop
  endfacet
  facet normal -0 0 1
    outer loop
      vertex 0.030777 17.2911 5
      vertex 3.35126 16.0532 5
      vertex 0.12236 17.6725 5
    endloop
  endfacet
  facet normal -0 0 1
    outer loop
      vertex 0 16.9 5
      vertex 3.35126 16.0532 5
      vertex 0.030777 17.2911 5
    endloop
  endfacet
  facet normal 0 0 1
    outer loop
      vertex 3.35126 16.0532 5
      vertex 0 16.9 5
      vertex 3.23924 15.69 5
    endloop
  endfacet
  facet normal 0 0 1
    outer loop
      vertex 3.23924 15.69 5
      vertex 0 16.9 5
      vertex 3.23924 15.31 5
    endloop
  endfacet
  facet normal 0 0 1
    outer loop
      vertex 0 9.11482 5
      vertex 3.35126 14.9468 5
      vertex 0 16.9 5
    endloop
  endfacet
  facet normal 0 0 1
    outer loop
      vertex 3.23924 15.31 5
      vertex 0 16.9 5
      vertex 3.35126 14.9468 5
    endloop
  endfacet
  facet normal 0 0 1
    outer loop
      vertex 3.35126 14.9468 5
      vertex 0 9.11482 5
      vertex 3.56536 14.6328 5
    endloop
  endfacet
  facet normal 0 0 1
    outer loop
      vertex 4.59528 14.2286 5
      vertex 0 9.11482 5
      vertex 9 9.11482 5
    endloop
  endfacet
  facet normal -0.382623 0.923904 0
    outer loop
      vertex 1.72746 19.2776 0
      vertex 1.36502 19.1275 5
      vertex 1.72746 19.2776 5
    endloop
  endfacet
  facet normal -0.382623 0.923904 0
    outer loop
      vertex 1.36502 19.1275 5
      vertex 1.72746 19.2776 0
      vertex 1.36502 19.1275 0
    endloop
  endfacet
  facet normal 1 -0 0
    outer loop
      vertex 9 10.2988 1.4474
      vertex 9 16.9 0
      vertex 9 16.9 5
    endloop
  endfacet
  facet normal 1 0 0
    outer loop
      vertex 9 16.9 0
      vertex 9 10.3747 0.725467
      vertex 9 10.4 0
    endloop
  endfacet
  facet normal 1 0 0
    outer loop
      vertex 9 16.9 0
      vertex 9 10.2988 1.4474
      vertex 9 10.3747 0.725467
    endloop
  endfacet
  facet normal 1 0 0
    outer loop
      vertex 9 16.9 5
      vertex 9 10.1727 2.16228
      vertex 9 10.2988 1.4474
    endloop
  endfacet
  facet normal 1 0 0
    outer loop
      vertex 9 16.9 5
      vertex 9 9.99712 2.86663
      vertex 9 10.1727 2.16228
    endloop
  endfacet
  facet normal 1 0 0
    outer loop
      vertex 9 16.9 5
      vertex 9 9.7728 3.55701
      vertex 9 9.99712 2.86663
    endloop
  endfacet
  facet normal 1 0 0
    outer loop
      vertex 9 16.9 5
      vertex 9 9.50087 4.23006
      vertex 9 9.7728 3.55701
    endloop
  endfacet
  facet normal 1 0 0
    outer loop
      vertex 9 16.9 5
      vertex 9 9.18265 4.8825
      vertex 9 9.50087 4.23006
    endloop
  endfacet
  facet normal 1 0 -0
    outer loop
      vertex 9 9.18265 4.8825
      vertex 9 16.9 5
      vertex 9 9.11482 5
    endloop
  endfacet
  facet normal 0.923909 0.382613 0
    outer loop
      vertex 8.87764 17.6725 5
      vertex 8.72752 18.035 0
      vertex 8.72752 18.035 5
    endloop
  endfacet
  facet normal 0.923909 0.382613 0
    outer loop
      vertex 8.72752 18.035 0
      vertex 8.87764 17.6725 5
      vertex 8.87764 17.6725 0
    endloop
  endfacet
  facet normal 0.522544 0.852613 -0
    outer loop
      vertex 7.96947 18.9225 0
      vertex 7.63498 19.1275 5
      vertex 7.96947 18.9225 5
    endloop
  endfacet
  facet normal 0.522544 0.852613 0
    outer loop
      vertex 7.63498 19.1275 5
      vertex 7.96947 18.9225 0
      vertex 7.63498 19.1275 0
    endloop
  endfacet
  facet normal 0.233492 0.972359 -0
    outer loop
      vertex 7.27254 19.2776 0
      vertex 6.89108 19.3692 5
      vertex 7.27254 19.2776 5
    endloop
  endfacet
  facet normal 0.233492 0.972359 0
    outer loop
      vertex 6.89108 19.3692 5
      vertex 7.27254 19.2776 0
      vertex 6.89108 19.3692 0
    endloop
  endfacet
  facet normal -0.522544 0.852613 0
    outer loop
      vertex 1.36502 19.1275 0
      vertex 1.03053 18.9225 5
      vertex 1.36502 19.1275 5
    endloop
  endfacet
  facet normal -0.522544 0.852613 0
    outer loop
      vertex 1.03053 18.9225 5
      vertex 1.36502 19.1275 0
      vertex 1.03053 18.9225 0
    endloop
  endfacet
  facet normal 0.972362 0.233479 0
    outer loop
      vertex 8.96922 17.2911 5
      vertex 8.87764 17.6725 0
      vertex 8.87764 17.6725 5
    endloop
  endfacet
  facet normal 0.972362 0.233479 0
    outer loop
      vertex 8.87764 17.6725 0
      vertex 8.96922 17.2911 5
      vertex 8.96922 17.2911 0
    endloop
  endfacet
  facet normal 0.852642 0.522495 0
    outer loop
      vertex 8.72752 18.035 5
      vertex 8.52254 18.3695 0
      vertex 8.52254 18.3695 5
    endloop
  endfacet
  facet normal 0.852642 0.522495 0
    outer loop
      vertex 8.52254 18.3695 0
      vertex 8.72752 18.035 5
      vertex 8.72752 18.035 0
    endloop
  endfacet
  facet normal 0.649354 0.760486 -0
    outer loop
      vertex 8.26776 18.6678 0
      vertex 7.96947 18.9225 5
      vertex 8.26776 18.6678 5
    endloop
  endfacet
  facet normal 0.649354 0.760486 0
    outer loop
      vertex 7.96947 18.9225 5
      vertex 8.26776 18.6678 0
      vertex 7.96947 18.9225 0
    endloop
  endfacet
  facet normal 0.760396 0.649459 0
    outer loop
      vertex 8.52254 18.3695 5
      vertex 8.26776 18.6678 0
      vertex 8.26776 18.6678 5
    endloop
  endfacet
  facet normal 0.760396 0.649459 0
    outer loop
      vertex 8.26776 18.6678 0
      vertex 8.52254 18.3695 5
      vertex 8.52254 18.3695 0
    endloop
  endfacet
  facet normal 0.97235 -0.233527 0
    outer loop
      vertex 82.8776 -17.6725 5
      vertex 82.9692 -17.2911 0
      vertex 82.9692 -17.2911 5
    endloop
  endfacet
  facet normal 0.97235 -0.233527 0
    outer loop
      vertex 82.9692 -17.2911 0
      vertex 82.8776 -17.6725 5
      vertex 82.8776 -17.6725 0
    endloop
  endfacet
  facet normal -0.760497 -0.649342 0
    outer loop
      vertex 74.7322 -18.6678 0
      vertex 74.4775 -18.3695 5
      vertex 74.4775 -18.3695 0
    endloop
  endfacet
  facet normal -0.760497 -0.649342 0
    outer loop
      vertex 74.4775 -18.3695 5
      vertex 74.7322 -18.6678 0
      vertex 74.7322 -18.6678 5
    endloop
  endfacet
  facet normal -0.233527 -0.97235 0
    outer loop
      vertex 75.7275 -19.2776 0
      vertex 76.1089 -19.3692 5
      vertex 75.7275 -19.2776 5
    endloop
  endfacet
  facet normal -0.233527 -0.97235 -0
    outer loop
      vertex 76.1089 -19.3692 5
      vertex 75.7275 -19.2776 0
      vertex 76.1089 -19.3692 0
    endloop
  endfacet
  facet normal -1 0 0
    outer loop
      vertex 74 -16.9 0
      vertex 74 -10.3747 0.725467
      vertex 74 -10.4 0
    endloop
  endfacet
  facet normal -1 0 0
    outer loop
      vertex 74 -16.9 0
      vertex 74 -10.2988 1.4474
      vertex 74 -10.3747 0.725467
    endloop
  endfacet
  facet normal -1 0 0
    outer loop
      vertex 74 -16.9 0
      vertex 74 -10.1727 2.16228
      vertex 74 -10.2988 1.4474
    endloop
  endfacet
  facet normal -1 0 0
    outer loop
      vertex 74 -16.9 5
      vertex 74 -10.1727 2.16228
      vertex 74 -16.9 0
    endloop
  endfacet
  facet normal -1 0 0
    outer loop
      vertex 74 -10.1727 2.16228
      vertex 74 -16.9 5
      vertex 74 -9.99712 2.86663
    endloop
  endfacet
  facet normal -1 0 0
    outer loop
      vertex 74 -9.99712 2.86663
      vertex 74 -16.9 5
      vertex 74 -9.7728 3.55701
    endloop
  endfacet
  facet normal -1 0 0
    outer loop
      vertex 74 -9.7728 3.55701
      vertex 74 -16.9 5
      vertex 74 -9.50087 4.23006
    endloop
  endfacet
  facet normal -1 0 0
    outer loop
      vertex 74 -9.50087 4.23006
      vertex 74 -16.9 5
      vertex 74 -9.18265 4.8825
    endloop
  endfacet
  facet normal -1 0 0
    outer loop
      vertex 74 -9.18265 4.8825
      vertex 74 -16.9 5
      vertex 74 -9.11482 5
    endloop
  endfacet
  facet normal 0 -1 0
    outer loop
      vertex 76.5 -19.4 0
      vertex 80.5 -19.4 5
      vertex 76.5 -19.4 5
    endloop
  endfacet
  facet normal 0 -1 -0
    outer loop
      vertex 80.5 -19.4 5
      vertex 76.5 -19.4 0
      vertex 80.5 -19.4 0
    endloop
  endfacet
  facet normal -0.0785092 -0.996913 0
    outer loop
      vertex 76.1089 -19.3692 0
      vertex 76.5 -19.4 5
      vertex 76.1089 -19.3692 5
    endloop
  endfacet
  facet normal -0.0785092 -0.996913 -0
    outer loop
      vertex 76.5 -19.4 5
      vertex 76.1089 -19.3692 0
      vertex 76.5 -19.4 0
    endloop
  endfacet
  facet normal -0.522532 -0.85262 0
    outer loop
      vertex 75.0305 -18.9225 0
      vertex 75.365 -19.1275 5
      vertex 75.0305 -18.9225 5
    endloop
  endfacet
  facet normal -0.522532 -0.85262 -0
    outer loop
      vertex 75.365 -19.1275 5
      vertex 75.0305 -18.9225 0
      vertex 75.365 -19.1275 0
    endloop
  endfacet
  facet normal -0.996913 -0.0785092 0
    outer loop
      vertex 74.0308 -17.2911 0
      vertex 74 -16.9 5
      vertex 74 -16.9 0
    endloop
  endfacet
  facet normal -0.996913 -0.0785092 0
    outer loop
      vertex 74 -16.9 5
      vertex 74.0308 -17.2911 0
      vertex 74.0308 -17.2911 5
    endloop
  endfacet
  facet normal 1 0 0
    outer loop
      vertex 83 10.2988 1.4474
      vertex 83 10.4 0
      vertex 83 10.3747 0.725467
    endloop
  endfacet
  facet normal 1 0 0
    outer loop
      vertex 83 10.1727 2.16228
      vertex 83 10.4 0
      vertex 83 10.2988 1.4474
    endloop
  endfacet
  facet normal 1 0 0
    outer loop
      vertex 83 9.99712 2.86663
      vertex 83 10.4 0
      vertex 83 10.1727 2.16228
    endloop
  endfacet
  facet normal 1 0 0
    outer loop
      vertex 83 9.7728 3.55701
      vertex 83 10.4 0
      vertex 83 9.99712 2.86663
    endloop
  endfacet
  facet normal 1 0 0
    outer loop
      vertex 83 9.50087 4.23006
      vertex 83 10.4 0
      vertex 83 9.7728 3.55701
    endloop
  endfacet
  facet normal 1 0 0
    outer loop
      vertex 83 9.18265 4.8825
      vertex 83 10.4 0
      vertex 83 9.50087 4.23006
    endloop
  endfacet
  facet normal 1 0 0
    outer loop
      vertex 83 8.8197 5.51116
      vertex 83 10.4 0
      vertex 83 9.18265 4.8825
    endloop
  endfacet
  facet normal 1 0 0
    outer loop
      vertex 83 8.41378 6.11297
      vertex 83 10.4 0
      vertex 83 8.8197 5.51116
    endloop
  endfacet
  facet normal 1 0 0
    outer loop
      vertex 83 7.96686 6.68499
      vertex 83 10.4 0
      vertex 83 8.41378 6.11297
    endloop
  endfacet
  facet normal 1 0 0
    outer loop
      vertex 83 7.48113 7.22445
      vertex 83 10.4 0
      vertex 83 7.96686 6.68499
    endloop
  endfacet
  facet normal 1 0 0
    outer loop
      vertex 83 6.95896 7.72871
      vertex 83 10.4 0
      vertex 83 7.48113 7.22445
    endloop
  endfacet
  facet normal 1 0 0
    outer loop
      vertex 83 6.40288 8.19531
      vertex 83 10.4 0
      vertex 83 6.95896 7.72871
    endloop
  endfacet
  facet normal 1 0 0
    outer loop
      vertex 83 5.81561 8.62199
      vertex 83 10.4 0
      vertex 83 6.40288 8.19531
    endloop
  endfacet
  facet normal 1 0 0
    outer loop
      vertex 83 5.2 9.00666
      vertex 83 10.4 0
      vertex 83 5.81561 8.62199
    endloop
  endfacet
  facet normal 1 0 0
    outer loop
      vertex 83 4.55906 9.34746
      vertex 83 10.4 0
      vertex 83 5.2 9.00666
    endloop
  endfacet
  facet normal 1 0 0
    outer loop
      vertex 83 3.89591 9.64271
      vertex 83 10.4 0
      vertex 83 4.55906 9.34746
    endloop
  endfacet
  facet normal 1 0 0
    outer loop
      vertex 83 3.21378 9.89099
      vertex 83 10.4 0
      vertex 83 3.89591 9.64271
    endloop
  endfacet
  facet normal 1 0 0
    outer loop
      vertex 83 2.51599 10.0911
      vertex 83 10.4 0
      vertex 83 3.21378 9.89099
    endloop
  endfacet
  facet normal 1 0 0
    outer loop
      vertex 83 1.80594 10.242
      vertex 83 10.4 0
      vertex 83 2.51599 10.0911
    endloop
  endfacet
  facet normal 1 0 0
    outer loop
      vertex 83 1.0871 10.343
      vertex 83 10.4 0
      vertex 83 1.80594 10.242
    endloop
  endfacet
  facet normal 1 0 0
    outer loop
      vertex 83 0.362954 10.3937
      vertex 83 10.4 0
      vertex 83 1.0871 10.343
    endloop
  endfacet
  facet normal 1 -0 0
    outer loop
      vertex 83 -0.362954 10.3937
      vertex 83 10.4 0
      vertex 83 0.362954 10.3937
    endloop
  endfacet
  facet normal 1 -0 0
    outer loop
      vertex 83 -1.0871 10.343
      vertex 83 10.4 0
      vertex 83 -0.362954 10.3937
    endloop
  endfacet
  facet normal 1 -0 0
    outer loop
      vertex 83 -1.80594 10.242
      vertex 83 10.4 0
      vertex 83 -1.0871 10.343
    endloop
  endfacet
  facet normal 1 -0 0
    outer loop
      vertex 83 -2.51599 10.0911
      vertex 83 10.4 0
      vertex 83 -1.80594 10.242
    endloop
  endfacet
  facet normal 1 -0 0
    outer loop
      vertex 83 -3.21378 9.89099
      vertex 83 10.4 0
      vertex 83 -2.51599 10.0911
    endloop
  endfacet
  facet normal 1 -0 0
    outer loop
      vertex 83 -3.89591 9.64271
      vertex 83 10.4 0
      vertex 83 -3.21378 9.89099
    endloop
  endfacet
  facet normal 1 -0 0
    outer loop
      vertex 83 -4.55906 9.34746
      vertex 83 10.4 0
      vertex 83 -3.89591 9.64271
    endloop
  endfacet
  facet normal 1 -0 0
    outer loop
      vertex 83 -5.2 9.00666
      vertex 83 10.4 0
      vertex 83 -4.55906 9.34746
    endloop
  endfacet
  facet normal 1 -0 0
    outer loop
      vertex 83 -5.81561 8.62199
      vertex 83 10.4 0
      vertex 83 -5.2 9.00666
    endloop
  endfacet
  facet normal 1 -0 0
    outer loop
      vertex 83 -6.40288 8.19531
      vertex 83 10.4 0
      vertex 83 -5.81561 8.62199
    endloop
  endfacet
  facet normal 1 -0 0
    outer loop
      vertex 83 -6.95896 7.72871
      vertex 83 10.4 0
      vertex 83 -6.40288 8.19531
    endloop
  endfacet
  facet normal 1 -0 0
    outer loop
      vertex 83 -7.48113 7.22445
      vertex 83 10.4 0
      vertex 83 -6.95896 7.72871
    endloop
  endfacet
  facet normal 1 -0 0
    outer loop
      vertex 83 -7.96686 6.68499
      vertex 83 10.4 0
      vertex 83 -7.48113 7.22445
    endloop
  endfacet
  facet normal 1 -0 0
    outer loop
      vertex 83 -8.41378 6.11297
      vertex 83 10.4 0
      vertex 83 -7.96686 6.68499
    endloop
  endfacet
  facet normal 1 -0 0
    outer loop
      vertex 83 -8.8197 5.51116
      vertex 83 10.4 0
      vertex 83 -8.41378 6.11297
    endloop
  endfacet
  facet normal 1 -0 0
    outer loop
      vertex 83 -9.11482 5
      vertex 83 10.4 0
      vertex 83 -8.8197 5.51116
    endloop
  endfacet
  facet normal 1 0 0
    outer loop
      vertex 83 -16.9 0
      vertex 83 -9.11482 5
      vertex 83 -16.9 5
    endloop
  endfacet
  facet normal 1 0 0
    outer loop
      vertex 83 -9.11482 5
      vertex 83 -16.9 0
      vertex 83 10.4 0
    endloop
  endfacet
  facet normal 0.522532 -0.85262 0
    outer loop
      vertex 81.635 -19.1275 0
      vertex 81.9695 -18.9225 5
      vertex 81.635 -19.1275 5
    endloop
  endfacet
  facet normal 0.522532 -0.85262 0
    outer loop
      vertex 81.9695 -18.9225 5
      vertex 81.635 -19.1275 0
      vertex 81.9695 -18.9225 0
    endloop
  endfacet
  facet normal 0.85262 -0.522532 0
    outer loop
      vertex 82.5225 -18.3695 5
      vertex 82.7275 -18.035 0
      vertex 82.7275 -18.035 5
    endloop
  endfacet
  facet normal 0.85262 -0.522532 0
    outer loop
      vertex 82.7275 -18.035 0
      vertex 82.5225 -18.3695 5
      vertex 82.5225 -18.3695 0
    endloop
  endfacet
  facet normal 0.760497 -0.649342 0
    outer loop
      vertex 82.2678 -18.6678 5
      vertex 82.5225 -18.3695 0
      vertex 82.5225 -18.3695 5
    endloop
  endfacet
  facet normal 0.760497 -0.649342 0
    outer loop
      vertex 82.5225 -18.3695 0
      vertex 82.2678 -18.6678 5
      vertex 82.2678 -18.6678 0
    endloop
  endfacet
  facet normal 0.923927 -0.382569 0
    outer loop
      vertex 82.7275 -18.035 5
      vertex 82.8776 -17.6725 0
      vertex 82.8776 -17.6725 5
    endloop
  endfacet
  facet normal 0.923927 -0.382569 0
    outer loop
      vertex 82.8776 -17.6725 0
      vertex 82.7275 -18.035 5
      vertex 82.7275 -18.035 0
    endloop
  endfacet
  facet normal 0.233527 -0.97235 0
    outer loop
      vertex 80.8911 -19.3692 0
      vertex 81.2725 -19.2776 5
      vertex 80.8911 -19.3692 5
    endloop
  endfacet
  facet normal 0.233527 -0.97235 0
    outer loop
      vertex 81.2725 -19.2776 5
      vertex 80.8911 -19.3692 0
      vertex 81.2725 -19.2776 0
    endloop
  endfacet
  facet normal 0.0785092 -0.996913 0
    outer loop
      vertex 80.5 -19.4 0
      vertex 80.8911 -19.3692 5
      vertex 80.5 -19.4 5
    endloop
  endfacet
  facet normal 0.0785092 -0.996913 0
    outer loop
      vertex 80.8911 -19.3692 5
      vertex 80.5 -19.4 0
      vertex 80.8911 -19.3692 0
    endloop
  endfacet
  facet normal -0.85262 -0.522532 0
    outer loop
      vertex 74.4775 -18.3695 0
      vertex 74.2725 -18.035 5
      vertex 74.2725 -18.035 0
    endloop
  endfacet
  facet normal -0.85262 -0.522532 0
    outer loop
      vertex 74.2725 -18.035 5
      vertex 74.4775 -18.3695 0
      vertex 74.4775 -18.3695 5
    endloop
  endfacet
  facet normal -0.923927 -0.382569 0
    outer loop
      vertex 74.2725 -18.035 0
      vertex 74.1224 -17.6725 5
      vertex 74.1224 -17.6725 0
    endloop
  endfacet
  facet normal -0.923927 -0.382569 0
    outer loop
      vertex 74.1224 -17.6725 5
      vertex 74.2725 -18.035 0
      vertex 74.2725 -18.035 5
    endloop
  endfacet
  facet normal -0.97235 -0.233527 0
    outer loop
      vertex 74.1224 -17.6725 0
      vertex 74.0308 -17.2911 5
      vertex 74.0308 -17.2911 0
    endloop
  endfacet
  facet normal -0.97235 -0.233527 0
    outer loop
      vertex 74.0308 -17.2911 5
      vertex 74.1224 -17.6725 0
      vertex 74.1224 -17.6725 5
    endloop
  endfacet
  facet normal -0.382569 -0.923927 0
    outer loop
      vertex 75.365 -19.1275 0
      vertex 75.7275 -19.2776 5
      vertex 75.365 -19.1275 5
    endloop
  endfacet
  facet normal -0.382569 -0.923927 -0
    outer loop
      vertex 75.7275 -19.2776 5
      vertex 75.365 -19.1275 0
      vertex 75.7275 -19.2776 0
    endloop
  endfacet
  facet normal -0 0 1
    outer loop
      vertex 79.5535 -14.7818 5
      vertex 83 -16.9 5
      vertex 83 -9.11482 5
    endloop
  endfacet
  facet normal -0 -0 1
    outer loop
      vertex 79.775 -15.5 5
      vertex 83 -16.9 5
      vertex 79.7184 -15.1242 5
    endloop
  endfacet
  facet normal -0 0 1
    outer loop
      vertex 79.7184 -15.8758 5
      vertex 83 -16.9 5
      vertex 79.775 -15.5 5
    endloop
  endfacet
  facet normal -0 0 1
    outer loop
      vertex 79.5535 -16.2182 5
      vertex 83 -16.9 5
      vertex 79.7184 -15.8758 5
    endloop
  endfacet
  facet normal 0 0 1
    outer loop
      vertex 83 -16.9 5
      vertex 79.5535 -16.2182 5
      vertex 82.9692 -17.2911 5
    endloop
  endfacet
  facet normal 0 0 1
    outer loop
      vertex 82.9692 -17.2911 5
      vertex 79.5535 -16.2182 5
      vertex 82.8776 -17.6725 5
    endloop
  endfacet
  facet normal 0 0 1
    outer loop
      vertex 82.8776 -17.6725 5
      vertex 79.5535 -16.2182 5
      vertex 82.7275 -18.035 5
    endloop
  endfacet
  facet normal 0 0 1
    outer loop
      vertex 82.5225 -18.3695 5
      vertex 79.5535 -16.2182 5
      vertex 82.2678 -18.6678 5
    endloop
  endfacet
  facet normal 0 0 1
    outer loop
      vertex 82.2678 -18.6678 5
      vertex 79.5535 -16.2182 5
      vertex 81.9695 -18.9225 5
    endloop
  endfacet
  facet normal 0 0 1
    outer loop
      vertex 81.9695 -18.9225 5
      vertex 79.5535 -16.2182 5
      vertex 81.635 -19.1275 5
    endloop
  endfacet
  facet normal 0 0 1
    outer loop
      vertex 81.635 -19.1275 5
      vertex 79.5535 -16.2182 5
      vertex 81.2725 -19.2776 5
    endloop
  endfacet
  facet normal 0 0 1
    outer loop
      vertex 82.7275 -18.035 5
      vertex 79.5535 -16.2182 5
      vertex 82.5225 -18.3695 5
    endloop
  endfacet
  facet normal 0 0 1
    outer loop
      vertex 83 -16.9 5
      vertex 79.5535 -14.7818 5
      vertex 79.7184 -15.1242 5
    endloop
  endfacet
  facet normal 0 0 1
    outer loop
      vertex 83 -9.11482 5
      vertex 79.295 -14.5032 5
      vertex 79.5535 -14.7818 5
    endloop
  endfacet
  facet normal 0 0 1
    outer loop
      vertex 83 -9.11482 5
      vertex 78.9658 -14.3131 5
      vertex 79.295 -14.5032 5
    endloop
  endfacet
  facet normal 0 0 1
    outer loop
      vertex 83 -9.11482 5
      vertex 78.5953 -14.2286 5
      vertex 78.9658 -14.3131 5
    endloop
  endfacet
  facet normal -0 0 1
    outer loop
      vertex 74 -9.11482 5
      vertex 78.5953 -14.2286 5
      vertex 83 -9.11482 5
    endloop
  endfacet
  facet normal 0 0 1
    outer loop
      vertex 78.5953 -14.2286 5
      vertex 74 -9.11482 5
      vertex 78.2163 -14.257 5
    endloop
  endfacet
  facet normal 0 0 1
    outer loop
      vertex 78.2163 -14.257 5
      vertex 74 -9.11482 5
      vertex 77.8625 -14.3958 5
    endloop
  endfacet
  facet normal 0 0 1
    outer loop
      vertex 74 -16.9 5
      vertex 77.2392 -15.69 5
      vertex 77.2392 -15.31 5
    endloop
  endfacet
  facet normal 0 0 1
    outer loop
      vertex 77.2392 -15.69 5
      vertex 76.1089 -19.3692 5
      vertex 76.5 -19.4 5
    endloop
  endfacet
  facet normal 0 0 1
    outer loop
      vertex 77.2392 -15.69 5
      vertex 75.7275 -19.2776 5
      vertex 76.1089 -19.3692 5
    endloop
  endfacet
  facet normal 0 0 1
    outer loop
      vertex 74 -16.9 5
      vertex 77.2392 -15.31 5
      vertex 77.3513 -14.9468 5
    endloop
  endfacet
  facet normal 0 0 1
    outer loop
      vertex 77.2392 -15.69 5
      vertex 75.365 -19.1275 5
      vertex 75.7275 -19.2776 5
    endloop
  endfacet
  facet normal 0 0 1
    outer loop
      vertex 77.2392 -15.69 5
      vertex 75.0305 -18.9225 5
      vertex 75.365 -19.1275 5
    endloop
  endfacet
  facet normal 0 0 1
    outer loop
      vertex 77.2392 -15.69 5
      vertex 74.7322 -18.6678 5
      vertex 75.0305 -18.9225 5
    endloop
  endfacet
  facet normal 0 0 1
    outer loop
      vertex 74 -9.11482 5
      vertex 77.3513 -14.9468 5
      vertex 77.5654 -14.6328 5
    endloop
  endfacet
  facet normal 0 0 1
    outer loop
      vertex 77.2392 -15.69 5
      vertex 74.4775 -18.3695 5
      vertex 74.7322 -18.6678 5
    endloop
  endfacet
  facet normal 0 0 1
    outer loop
      vertex 77.2392 -15.69 5
      vertex 74.2725 -18.035 5
      vertex 74.4775 -18.3695 5
    endloop
  endfacet
  facet normal 0 0 1
    outer loop
      vertex 77.2392 -15.69 5
      vertex 74.1224 -17.6725 5
      vertex 74.2725 -18.035 5
    endloop
  endfacet
  facet normal 0 0 1
    outer loop
      vertex 77.8625 -14.3958 5
      vertex 74 -9.11482 5
      vertex 77.5654 -14.6328 5
    endloop
  endfacet
  facet normal 0 0 1
    outer loop
      vertex 77.2392 -15.69 5
      vertex 74 -16.9 5
      vertex 74.0308 -17.2911 5
    endloop
  endfacet
  facet normal 0 0 1
    outer loop
      vertex 77.3513 -14.9468 5
      vertex 74 -9.11482 5
      vertex 74 -16.9 5
    endloop
  endfacet
  facet normal 0 0 1
    outer loop
      vertex 77.2392 -15.69 5
      vertex 74.0308 -17.2911 5
      vertex 74.1224 -17.6725 5
    endloop
  endfacet
  facet normal -0 0 1
    outer loop
      vertex 79.295 -16.4968 5
      vertex 81.2725 -19.2776 5
      vertex 79.5535 -16.2182 5
    endloop
  endfacet
  facet normal 0 0 1
    outer loop
      vertex 81.2725 -19.2776 5
      vertex 79.295 -16.4968 5
      vertex 80.8911 -19.3692 5
    endloop
  endfacet
  facet normal 0 0 1
    outer loop
      vertex 80.8911 -19.3692 5
      vertex 79.295 -16.4968 5
      vertex 80.5 -19.4 5
    endloop
  endfacet
  facet normal -0 0 1
    outer loop
      vertex 78.9658 -16.6869 5
      vertex 80.5 -19.4 5
      vertex 79.295 -16.4968 5
    endloop
  endfacet
  facet normal -0 0 1
    outer loop
      vertex 78.5953 -16.7714 5
      vertex 80.5 -19.4 5
      vertex 78.9658 -16.6869 5
    endloop
  endfacet
  facet normal 0 0 1
    outer loop
      vertex 76.5 -19.4 5
      vertex 78.5953 -16.7714 5
      vertex 78.2163 -16.743 5
    endloop
  endfacet
  facet normal 0 0 1
    outer loop
      vertex 76.5 -19.4 5
      vertex 78.2163 -16.743 5
      vertex 77.8625 -16.6042 5
    endloop
  endfacet
  facet normal 0 0 1
    outer loop
      vertex 76.5 -19.4 5
      vertex 77.8625 -16.6042 5
      vertex 77.5654 -16.3672 5
    endloop
  endfacet
  facet normal 0 0 1
    outer loop
      vertex 78.5953 -16.7714 5
      vertex 76.5 -19.4 5
      vertex 80.5 -19.4 5
    endloop
  endfacet
  facet normal 0 0 1
    outer loop
      vertex 77.3513 -16.0532 5
      vertex 76.5 -19.4 5
      vertex 77.5654 -16.3672 5
    endloop
  endfacet
  facet normal 0 0 1
    outer loop
      vertex 76.5 -19.4 5
      vertex 77.3513 -16.0532 5
      vertex 77.2392 -15.69 5
    endloop
  endfacet
  facet normal 0.996913 -0.0785092 0
    outer loop
      vertex 82.9692 -17.2911 5
      vertex 83 -16.9 0
      vertex 83 -16.9 5
    endloop
  endfacet
  facet normal 0.996913 -0.0785092 0
    outer loop
      vertex 83 -16.9 0
      vertex 82.9692 -17.2911 5
      vertex 82.9692 -17.2911 0
    endloop
  endfacet
  facet normal -0.649342 -0.760497 0
    outer loop
      vertex 74.7322 -18.6678 0
      vertex 75.0305 -18.9225 5
      vertex 74.7322 -18.6678 5
    endloop
  endfacet
  facet normal -0.649342 -0.760497 -0
    outer loop
      vertex 75.0305 -18.9225 5
      vertex 74.7322 -18.6678 0
      vertex 75.0305 -18.9225 0
    endloop
  endfacet
  facet normal 0.382569 -0.923927 0
    outer loop
      vertex 81.2725 -19.2776 0
      vertex 81.635 -19.1275 5
      vertex 81.2725 -19.2776 5
    endloop
  endfacet
  facet normal 0.382569 -0.923927 0
    outer loop
      vertex 81.635 -19.1275 5
      vertex 81.2725 -19.2776 0
      vertex 81.635 -19.1275 0
    endloop
  endfacet
  facet normal 0.649342 -0.760497 0
    outer loop
      vertex 81.9695 -18.9225 0
      vertex 82.2678 -18.6678 5
      vertex 81.9695 -18.9225 5
    endloop
  endfacet
  facet normal 0.649342 -0.760497 0
    outer loop
      vertex 82.2678 -18.6678 5
      vertex 81.9695 -18.9225 0
      vertex 82.2678 -18.6678 0
    endloop
  endfacet
  facet normal 0 0.999392 0.0348529
    outer loop
      vertex 83 10.4 0
      vertex 80 10.3747 0.725467
      vertex 83 10.3747 0.725467
    endloop
  endfacet
  facet normal 0 0.999392 0.0348529
    outer loop
      vertex 80 10.3747 0.725467
      vertex 83 10.4 0
      vertex 80 10.4 0
    endloop
  endfacet
  facet normal 0 0.999392 0.0348529
    outer loop
      vertex 62 10.4 0
      vertex 9 10.3747 0.725467
      vertex 62 10.3747 0.725467
    endloop
  endfacet
  facet normal 0 0.999392 0.0348529
    outer loop
      vertex 9 10.3747 0.725467
      vertex 62 10.4 0
      vertex 9 10.4 0
    endloop
  endfacet
  facet normal -0 0 1
    outer loop
      vertex 0 0.362954 10.3937
      vertex 83 -0.362954 10.3937
      vertex 83 0.362954 10.3937
    endloop
  endfacet
  facet normal 0 0 1
    outer loop
      vertex 83 -0.362954 10.3937
      vertex 0 0.362954 10.3937
      vertex 0 -0.362954 10.3937
    endloop
  endfacet
  facet normal -0 0.406733 0.913547
    outer loop
      vertex 79.8039 4.55906 9.34746
      vertex 83 3.89591 9.64271
      vertex 83 4.55906 9.34746
    endloop
  endfacet
  facet normal 3.11303e-06 0.406745 0.913542
    outer loop
      vertex 79.766 4.4 9.41828
      vertex 83 3.89591 9.64271
      vertex 79.8039 4.55906 9.34746
    endloop
  endfacet
  facet normal -0 0.406729 0.913549
    outer loop
      vertex 62.234 4.4 9.41828
      vertex 83 3.89591 9.64271
      vertex 79.766 4.4 9.41828
    endloop
  endfacet
  facet normal 0 0.406733 0.913547
    outer loop
      vertex 0 3.89591 9.64271
      vertex 62.1961 4.55906 9.34746
      vertex 0 4.55906 9.34746
    endloop
  endfacet
  facet normal -1.67454e-07 0.406746 0.913541
    outer loop
      vertex 62.1961 4.55906 9.34746
      vertex 0 3.89591 9.64271
      vertex 62.234 4.4 9.41828
    endloop
  endfacet
  facet normal 0 0.406729 0.913549
    outer loop
      vertex 62.234 4.4 9.41828
      vertex 0 3.89591 9.64271
      vertex 83 3.89591 9.64271
    endloop
  endfacet
  facet normal 0 -0.829041 0.559187
    outer loop
      vertex 0 -8.8197 5.51116
      vertex 19.2 -8.41378 6.11297
      vertex 0 -8.41378 6.11297
    endloop
  endfacet
  facet normal 0 -0.829041 0.559187
    outer loop
      vertex 19.2 -8.41378 6.11297
      vertex 0 -8.8197 5.51116
      vertex 19.2 -8.8197 5.51116
    endloop
  endfacet
  facet normal 0 -0.829041 0.559187
    outer loop
      vertex 50.8 -8.8197 5.51116
      vertex 83 -8.41378 6.11297
      vertex 50.8 -8.41378 6.11297
    endloop
  endfacet
  facet normal 0 -0.829041 0.559187
    outer loop
      vertex 83 -8.41378 6.11297
      vertex 50.8 -8.8197 5.51116
      vertex 83 -8.8197 5.51116
    endloop
  endfacet
  facet normal 0 -0.788005 0.615669
    outer loop
      vertex 0 -8.41378 6.11297
      vertex 19.2 -7.96686 6.68499
      vertex 0 -7.96686 6.68499
    endloop
  endfacet
  facet normal 0 -0.788005 0.615669
    outer loop
      vertex 19.2 -7.96686 6.68499
      vertex 0 -8.41378 6.11297
      vertex 19.2 -8.41378 6.11297
    endloop
  endfacet
  facet normal 0 -0.788005 0.615669
    outer loop
      vertex 50.8 -8.41378 6.11297
      vertex 83 -7.96686 6.68499
      vertex 50.8 -7.96686 6.68499
    endloop
  endfacet
  facet normal 0 -0.788005 0.615669
    outer loop
      vertex 83 -7.96686 6.68499
      vertex 50.8 -8.41378 6.11297
      vertex 83 -8.41378 6.11297
    endloop
  endfacet
  facet normal 0 0.994519 0.104558
    outer loop
      vertex 83 10.3747 0.725467
      vertex 80 10.2988 1.4474
      vertex 83 10.2988 1.4474
    endloop
  endfacet
  facet normal 0 0.994519 0.104558
    outer loop
      vertex 80 10.2988 1.4474
      vertex 83 10.3747 0.725467
      vertex 80 10.3747 0.725467
    endloop
  endfacet
  facet normal 0 0.994519 0.104558
    outer loop
      vertex 62 10.3747 0.725467
      vertex 9 10.2988 1.4474
      vertex 62 10.2988 1.4474
    endloop
  endfacet
  facet normal 0 0.994519 0.104558
    outer loop
      vertex 9 10.2988 1.4474
      vertex 62 10.3747 0.725467
      vertex 9 10.3747 0.725467
    endloop
  endfacet
  facet normal 0 0.927184 0.374607
    outer loop
      vertex 83 9.7728 3.55701
      vertex 80 9.50087 4.23006
      vertex 83 9.50087 4.23006
    endloop
  endfacet
  facet normal 0 0.927184 0.374607
    outer loop
      vertex 80 9.50087 4.23006
      vertex 83 9.7728 3.55701
      vertex 80 9.7728 3.55701
    endloop
  endfacet
  facet normal 0 0.927184 0.374607
    outer loop
      vertex 62 9.7728 3.55701
      vertex 9 9.50087 4.23006
      vertex 62 9.50087 4.23006
    endloop
  endfacet
  facet normal 0 0.927184 0.374607
    outer loop
      vertex 9 9.50087 4.23006
      vertex 62 9.7728 3.55701
      vertex 9 9.7728 3.55701
    endloop
  endfacet
  facet normal 0 0.970307 0.241878
    outer loop
      vertex 83 10.1727 2.16228
      vertex 80 9.99712 2.86663
      vertex 83 9.99712 2.86663
    endloop
  endfacet
  facet normal 0 0.970307 0.241878
    outer loop
      vertex 80 9.99712 2.86663
      vertex 83 10.1727 2.16228
      vertex 80 10.1727 2.16228
    endloop
  endfacet
  facet normal 0 0.970307 0.241878
    outer loop
      vertex 62 10.1727 2.16228
      vertex 9 9.99712 2.86663
      vertex 62 9.99712 2.86663
    endloop
  endfacet
  facet normal 0 0.970307 0.241878
    outer loop
      vertex 9 9.99712 2.86663
      vertex 62 10.1727 2.16228
      vertex 9 10.1727 2.16228
    endloop
  endfacet
  facet normal 0 0.788005 0.615669
    outer loop
      vertex 62 8.41378 6.11297
      vertex 0 7.96686 6.68499
      vertex 62 7.96686 6.68499
    endloop
  endfacet
  facet normal 0 0.788005 0.615669
    outer loop
      vertex 0 7.96686 6.68499
      vertex 62 8.41378 6.11297
      vertex 0 8.41378 6.11297
    endloop
  endfacet
  facet normal 0 0.788005 0.615669
    outer loop
      vertex 83 8.41378 6.11297
      vertex 80 7.96686 6.68499
      vertex 83 7.96686 6.68499
    endloop
  endfacet
  facet normal 0 0.788005 0.615669
    outer loop
      vertex 80 7.96686 6.68499
      vertex 83 8.41378 6.11297
      vertex 80 8.41378 6.11297
    endloop
  endfacet
  facet normal -0 0.694663 0.719335
    outer loop
      vertex 0 7.48113 7.22445
      vertex 62 6.95896 7.72871
      vertex 62 7.48113 7.22445
    endloop
  endfacet
  facet normal 0 0.694663 0.719335
    outer loop
      vertex 62 6.95896 7.72871
      vertex 0 7.48113 7.22445
      vertex 0 6.95896 7.72871
    endloop
  endfacet
  facet normal -0 0.694663 0.719335
    outer loop
      vertex 80 7.48113 7.22445
      vertex 83 6.95896 7.72871
      vertex 83 7.48113 7.22445
    endloop
  endfacet
  facet normal 0 0.694663 0.719335
    outer loop
      vertex 83 6.95896 7.72871
      vertex 80 7.48113 7.22445
      vertex 80 6.95896 7.72871
    endloop
  endfacet
  facet normal 0 0.866024 0.500002
    outer loop
      vertex 62 8.8197 5.51116
      vertex 9 9.11482 5
      vertex 0 8.8197 5.51116
    endloop
  endfacet
  facet normal 1.20011e-07 0.86603 0.499993
    outer loop
      vertex 62 9.18265 4.8825
      vertex 9 9.11482 5
      vertex 62 8.8197 5.51116
    endloop
  endfacet
  facet normal 0 0.866053 0.499952
    outer loop
      vertex 9 9.11482 5
      vertex 62 9.18265 4.8825
      vertex 9 9.18265 4.8825
    endloop
  endfacet
  facet normal 0 0.866024 0.500002
    outer loop
      vertex 0 8.8197 5.51116
      vertex 9 9.11482 5
      vertex 0 9.11482 5
    endloop
  endfacet
  facet normal 0 0.86603 0.499993
    outer loop
      vertex 83 9.18265 4.8825
      vertex 80 8.8197 5.51116
      vertex 83 8.8197 5.51116
    endloop
  endfacet
  facet normal 0 0.86603 0.499993
    outer loop
      vertex 80 8.8197 5.51116
      vertex 83 9.18265 4.8825
      vertex 80 9.18265 4.8825
    endloop
  endfacet
  facet normal 0 0.898792 0.438375
    outer loop
      vertex 83 9.50087 4.23006
      vertex 80 9.18265 4.8825
      vertex 83 9.18265 4.8825
    endloop
  endfacet
  facet normal 0 0.898792 0.438375
    outer loop
      vertex 80 9.18265 4.8825
      vertex 83 9.50087 4.23006
      vertex 80 9.50087 4.23006
    endloop
  endfacet
  facet normal 0 0.898792 0.438375
    outer loop
      vertex 62 9.50087 4.23006
      vertex 9 9.18265 4.8825
      vertex 62 9.18265 4.8825
    endloop
  endfacet
  facet normal 0 0.898792 0.438375
    outer loop
      vertex 9 9.18265 4.8825
      vertex 62 9.50087 4.23006
      vertex 9 9.50087 4.23006
    endloop
  endfacet
  facet normal -0 0.207878 0.978155
    outer loop
      vertex 0 2.51599 10.0911
      vertex 83 1.80594 10.242
      vertex 83 2.51599 10.0911
    endloop
  endfacet
  facet normal 0 0.207878 0.978155
    outer loop
      vertex 83 1.80594 10.242
      vertex 0 2.51599 10.0911
      vertex 0 1.80594 10.242
    endloop
  endfacet
  facet normal -0 0.275665 0.961254
    outer loop
      vertex 0 3.21378 9.89099
      vertex 83 2.51599 10.0911
      vertex 83 3.21378 9.89099
    endloop
  endfacet
  facet normal 0 0.275665 0.961254
    outer loop
      vertex 83 2.51599 10.0911
      vertex 0 3.21378 9.89099
      vertex 0 2.51599 10.0911
    endloop
  endfacet
  facet normal 0 0.469478 0.882944
    outer loop
      vertex 0 4.55906 9.34746
      vertex 62.0738 5.2 9.00666
      vertex 0 5.2 9.00666
    endloop
  endfacet
  facet normal -3.93252e-08 0.469481 0.882942
    outer loop
      vertex 62.0738 5.2 9.00666
      vertex 0 4.55906 9.34746
      vertex 62.1522 4.71345 9.26537
    endloop
  endfacet
  facet normal 0 0.469469 0.882949
    outer loop
      vertex 62.1522 4.71345 9.26537
      vertex 0 4.55906 9.34746
      vertex 62.1961 4.55906 9.34746
    endloop
  endfacet
  facet normal -0 0.469478 0.882944
    outer loop
      vertex 79.9262 5.2 9.00666
      vertex 83 4.55906 9.34746
      vertex 83 5.2 9.00666
    endloop
  endfacet
  facet normal 7.69615e-07 0.469481 0.882943
    outer loop
      vertex 79.8478 4.71345 9.26537
      vertex 83 4.55906 9.34746
      vertex 79.9262 5.2 9.00666
    endloop
  endfacet
  facet normal 0 0.469469 0.882949
    outer loop
      vertex 83 4.55906 9.34746
      vertex 79.8478 4.71345 9.26537
      vertex 79.8039 4.55906 9.34746
    endloop
  endfacet
  facet normal -0 0.529913 0.848052
    outer loop
      vertex 79.988 5.81561 8.62199
      vertex 83 5.2 9.00666
      vertex 83 5.81561 8.62199
    endloop
  endfacet
  facet normal 5.30598e-08 0.529914 0.848052
    outer loop
      vertex 79.9616 5.38641 8.89018
      vertex 83 5.2 9.00666
      vertex 79.988 5.81561 8.62199
    endloop
  endfacet
  facet normal 0 0.529913 0.848052
    outer loop
      vertex 83 5.2 9.00666
      vertex 79.9616 5.38641 8.89018
      vertex 79.9262 5.2 9.00666
    endloop
  endfacet
  facet normal 0 0.529913 0.848052
    outer loop
      vertex 0 5.2 9.00666
      vertex 62.012 5.81561 8.62199
      vertex 0 5.81561 8.62199
    endloop
  endfacet
  facet normal -2.60799e-09 0.529914 0.848052
    outer loop
      vertex 62.012 5.81561 8.62199
      vertex 0 5.2 9.00666
      vertex 62.0384 5.38641 8.89018
    endloop
  endfacet
  facet normal 0 0.529913 0.848052
    outer loop
      vertex 62.0384 5.38641 8.89018
      vertex 0 5.2 9.00666
      vertex 62.0738 5.2 9.00666
    endloop
  endfacet
  facet normal 0 -0.898792 0.438375
    outer loop
      vertex 9 -9.50087 4.23006
      vertex 19.2 -9.18265 4.8825
      vertex 9 -9.18265 4.8825
    endloop
  endfacet
  facet normal 0 -0.898792 0.438375
    outer loop
      vertex 19.2 -9.18265 4.8825
      vertex 9 -9.50087 4.23006
      vertex 19.2 -9.50087 4.23006
    endloop
  endfacet
  facet normal 0 -0.898792 0.438375
    outer loop
      vertex 50.8 -9.50087 4.23006
      vertex 74 -9.18265 4.8825
      vertex 50.8 -9.18265 4.8825
    endloop
  endfacet
  facet normal 0 -0.898792 0.438375
    outer loop
      vertex 74 -9.18265 4.8825
      vertex 50.8 -9.50087 4.23006
      vertex 74 -9.50087 4.23006
    endloop
  endfacet
  facet normal 0 -0.970307 0.241878
    outer loop
      vertex 9 -10.1727 2.16228
      vertex 19.2 -9.99712 2.86663
      vertex 9 -9.99712 2.86663
    endloop
  endfacet
  facet normal 0 -0.970307 0.241878
    outer loop
      vertex 19.2 -9.99712 2.86663
      vertex 9 -10.1727 2.16228
      vertex 19.2 -10.1727 2.16228
    endloop
  endfacet
  facet normal 0 -0.970307 0.241878
    outer loop
      vertex 50.8 -10.1727 2.16228
      vertex 74 -9.99712 2.86663
      vertex 50.8 -9.99712 2.86663
    endloop
  endfacet
  facet normal 0 -0.970307 0.241878
    outer loop
      vertex 74 -9.99712 2.86663
      vertex 50.8 -10.1727 2.16228
      vertex 74 -10.1727 2.16228
    endloop
  endfacet
  facet normal 0 -0.529913 0.848052
    outer loop
      vertex 50.8 -5.2 9.00666
      vertex 83 -5.81561 8.62199
      vertex 83 -5.2 9.00666
    endloop
  endfacet
  facet normal 0 -0.529913 0.848052
    outer loop
      vertex 83 -5.81561 8.62199
      vertex 50.8 -5.2 9.00666
      vertex 50.8 -5.81561 8.62199
    endloop
  endfacet
  facet normal 0 -0.529913 0.848052
    outer loop
      vertex 0 -5.2 9.00666
      vertex 19.2 -5.81561 8.62199
      vertex 19.2 -5.2 9.00666
    endloop
  endfacet
  facet normal 0 -0.529913 0.848052
    outer loop
      vertex 19.2 -5.81561 8.62199
      vertex 0 -5.2 9.00666
      vertex 0 -5.81561 8.62199
    endloop
  endfacet
  facet normal 0 -0.139137 0.990273
    outer loop
      vertex 0 -1.0871 10.343
      vertex 83 -1.80594 10.242
      vertex 83 -1.0871 10.343
    endloop
  endfacet
  facet normal 0 -0.139137 0.990273
    outer loop
      vertex 83 -1.80594 10.242
      vertex 0 -1.0871 10.343
      vertex 0 -1.80594 10.242
    endloop
  endfacet
  facet normal 0 -0.207878 0.978155
    outer loop
      vertex 0 -1.80594 10.242
      vertex 83 -2.51599 10.0911
      vertex 83 -1.80594 10.242
    endloop
  endfacet
  facet normal 0 -0.207878 0.978155
    outer loop
      vertex 83 -2.51599 10.0911
      vertex 0 -1.80594 10.242
      vertex 0 -2.51599 10.0911
    endloop
  endfacet
  facet normal 0 0.984797 0.173711
    outer loop
      vertex 83 10.2988 1.4474
      vertex 80 10.1727 2.16228
      vertex 83 10.1727 2.16228
    endloop
  endfacet
  facet normal 0 0.984797 0.173711
    outer loop
      vertex 80 10.1727 2.16228
      vertex 83 10.2988 1.4474
      vertex 80 10.2988 1.4474
    endloop
  endfacet
  facet normal 0 0.984797 0.173711
    outer loop
      vertex 62 10.2988 1.4474
      vertex 9 10.1727 2.16228
      vertex 62 10.1727 2.16228
    endloop
  endfacet
  facet normal 0 0.984797 0.173711
    outer loop
      vertex 9 10.1727 2.16228
      vertex 62 10.2988 1.4474
      vertex 9 10.2988 1.4474
    endloop
  endfacet
  facet normal 0 0.951056 0.309019
    outer loop
      vertex 83 9.99712 2.86663
      vertex 80 9.7728 3.55701
      vertex 83 9.7728 3.55701
    endloop
  endfacet
  facet normal 0 0.951056 0.309019
    outer loop
      vertex 80 9.7728 3.55701
      vertex 83 9.99712 2.86663
      vertex 80 9.99712 2.86663
    endloop
  endfacet
  facet normal 0 0.951056 0.309019
    outer loop
      vertex 62 9.99712 2.86663
      vertex 9 9.7728 3.55701
      vertex 62 9.7728 3.55701
    endloop
  endfacet
  facet normal 0 0.951056 0.309019
    outer loop
      vertex 9 9.7728 3.55701
      vertex 62 9.99712 2.86663
      vertex 9 9.99712 2.86663
    endloop
  endfacet
  facet normal 0 0.743146 0.669129
    outer loop
      vertex 62 7.96686 6.68499
      vertex 0 7.48113 7.22445
      vertex 62 7.48113 7.22445
    endloop
  endfacet
  facet normal 0 0.743146 0.669129
    outer loop
      vertex 0 7.48113 7.22445
      vertex 62 7.96686 6.68499
      vertex 0 7.96686 6.68499
    endloop
  endfacet
  facet normal 0 0.743146 0.669129
    outer loop
      vertex 83 7.96686 6.68499
      vertex 80 7.48113 7.22445
      vertex 83 7.48113 7.22445
    endloop
  endfacet
  facet normal 0 0.743146 0.669129
    outer loop
      vertex 80 7.48113 7.22445
      vertex 83 7.96686 6.68499
      vertex 80 7.96686 6.68499
    endloop
  endfacet
  facet normal 0 0.829041 0.559187
    outer loop
      vertex 62 8.8197 5.51116
      vertex 0 8.41378 6.11297
      vertex 62 8.41378 6.11297
    endloop
  endfacet
  facet normal 0 0.829041 0.559187
    outer loop
      vertex 0 8.41378 6.11297
      vertex 62 8.8197 5.51116
      vertex 0 8.8197 5.51116
    endloop
  endfacet
  facet normal 0 0.829041 0.559187
    outer loop
      vertex 83 8.8197 5.51116
      vertex 80 8.41378 6.11297
      vertex 83 8.41378 6.11297
    endloop
  endfacet
  facet normal 0 0.829041 0.559187
    outer loop
      vertex 80 8.41378 6.11297
      vertex 83 8.8197 5.51116
      vertex 80 8.8197 5.51116
    endloop
  endfacet
  facet normal -0 0.139137 0.990273
    outer loop
      vertex 0 1.80594 10.242
      vertex 83 1.0871 10.343
      vertex 83 1.80594 10.242
    endloop
  endfacet
  facet normal 0 0.139137 0.990273
    outer loop
      vertex 83 1.0871 10.343
      vertex 0 1.80594 10.242
      vertex 0 1.0871 10.343
    endloop
  endfacet
  facet normal -0 0.342026 0.93969
    outer loop
      vertex 0 3.89591 9.64271
      vertex 83 3.21378 9.89099
      vertex 83 3.89591 9.64271
    endloop
  endfacet
  facet normal 0 0.342026 0.93969
    outer loop
      vertex 83 3.21378 9.89099
      vertex 0 3.89591 9.64271
      vertex 0 3.21378 9.89099
    endloop
  endfacet
  facet normal -0 0.642782 0.766049
    outer loop
      vertex 0 6.95896 7.72871
      vertex 62 6.40288 8.19531
      vertex 62 6.95896 7.72871
    endloop
  endfacet
  facet normal 0 0.642782 0.766049
    outer loop
      vertex 62 6.40288 8.19531
      vertex 0 6.95896 7.72871
      vertex 0 6.40288 8.19531
    endloop
  endfacet
  facet normal -0 0.642782 0.766049
    outer loop
      vertex 80 6.95896 7.72871
      vertex 83 6.40288 8.19531
      vertex 83 6.95896 7.72871
    endloop
  endfacet
  facet normal 0 0.642782 0.766049
    outer loop
      vertex 83 6.40288 8.19531
      vertex 80 6.95896 7.72871
      vertex 80 6.40288 8.19531
    endloop
  endfacet
  facet normal 0 -0.999392 0.0348529
    outer loop
      vertex 9 -10.4 0
      vertex 19.2 -10.3747 0.725467
      vertex 9 -10.3747 0.725467
    endloop
  endfacet
  facet normal 0 -0.999392 0.0348529
    outer loop
      vertex 19.2 -10.3747 0.725467
      vertex 9 -10.4 0
      vertex 19.2 -10.4 0
    endloop
  endfacet
  facet normal 0 -0.999392 0.0348529
    outer loop
      vertex 50.8 -10.4 0
      vertex 74 -10.3747 0.725467
      vertex 50.8 -10.3747 0.725467
    endloop
  endfacet
  facet normal 0 -0.999392 0.0348529
    outer loop
      vertex 74 -10.3747 0.725467
      vertex 50.8 -10.4 0
      vertex 74 -10.4 0
    endloop
  endfacet
  facet normal 0 -0.743146 0.669129
    outer loop
      vertex 0 -7.96686 6.68499
      vertex 19.2 -7.48113 7.22445
      vertex 0 -7.48113 7.22445
    endloop
  endfacet
  facet normal 0 -0.743146 0.669129
    outer loop
      vertex 19.2 -7.48113 7.22445
      vertex 0 -7.96686 6.68499
      vertex 19.2 -7.96686 6.68499
    endloop
  endfacet
  facet normal 0 -0.743146 0.669129
    outer loop
      vertex 50.8 -7.96686 6.68499
      vertex 83 -7.48113 7.22445
      vertex 50.8 -7.48113 7.22445
    endloop
  endfacet
  facet normal 0 -0.743146 0.669129
    outer loop
      vertex 83 -7.48113 7.22445
      vertex 50.8 -7.96686 6.68499
      vertex 83 -7.96686 6.68499
    endloop
  endfacet
  facet normal 0 -0.866024 0.500002
    outer loop
      vertex 50.8 -8.8197 5.51116
      vertex 74 -9.11482 5
      vertex 83 -8.8197 5.51116
    endloop
  endfacet
  facet normal -2.74162e-07 -0.86603 0.499993
    outer loop
      vertex 50.8 -9.18265 4.8825
      vertex 74 -9.11482 5
      vertex 50.8 -8.8197 5.51116
    endloop
  endfacet
  facet normal 0 -0.866053 0.499952
    outer loop
      vertex 74 -9.11482 5
      vertex 50.8 -9.18265 4.8825
      vertex 74 -9.18265 4.8825
    endloop
  endfacet
  facet normal 0 -0.866024 0.500002
    outer loop
      vertex 83 -8.8197 5.51116
      vertex 74 -9.11482 5
      vertex 83 -9.11482 5
    endloop
  endfacet
  facet normal 0 -0.866024 0.500002
    outer loop
      vertex 9 -9.11482 5
      vertex 0 -8.8197 5.51116
      vertex 0 -9.11482 5
    endloop
  endfacet
  facet normal 0 -0.866024 0.500002
    outer loop
      vertex 0 -8.8197 5.51116
      vertex 9 -9.11482 5
      vertex 19.2 -8.8197 5.51116
    endloop
  endfacet
  facet normal 0 -0.866053 0.499952
    outer loop
      vertex 19.2 -9.18265 4.8825
      vertex 9 -9.11482 5
      vertex 9 -9.18265 4.8825
    endloop
  endfacet
  facet normal 6.23585e-07 -0.86603 0.499993
    outer loop
      vertex 9 -9.11482 5
      vertex 19.2 -9.18265 4.8825
      vertex 19.2 -8.8197 5.51116
    endloop
  endfacet
  facet normal 0 -0.984797 0.173711
    outer loop
      vertex 9 -10.2988 1.4474
      vertex 19.2 -10.1727 2.16228
      vertex 9 -10.1727 2.16228
    endloop
  endfacet
  facet normal 0 -0.984797 0.173711
    outer loop
      vertex 19.2 -10.1727 2.16228
      vertex 9 -10.2988 1.4474
      vertex 19.2 -10.2988 1.4474
    endloop
  endfacet
  facet normal 0 -0.984797 0.173711
    outer loop
      vertex 50.8 -10.2988 1.4474
      vertex 74 -10.1727 2.16228
      vertex 50.8 -10.1727 2.16228
    endloop
  endfacet
  facet normal 0 -0.984797 0.173711
    outer loop
      vertex 74 -10.1727 2.16228
      vertex 50.8 -10.2988 1.4474
      vertex 74 -10.2988 1.4474
    endloop
  endfacet
  facet normal 0 -0.951056 0.309019
    outer loop
      vertex 9 -9.99712 2.86663
      vertex 19.2 -9.7728 3.55701
      vertex 9 -9.7728 3.55701
    endloop
  endfacet
  facet normal 0 -0.951056 0.309019
    outer loop
      vertex 19.2 -9.7728 3.55701
      vertex 9 -9.99712 2.86663
      vertex 19.2 -9.99712 2.86663
    endloop
  endfacet
  facet normal 0 -0.951056 0.309019
    outer loop
      vertex 50.8 -9.99712 2.86663
      vertex 74 -9.7728 3.55701
      vertex 50.8 -9.7728 3.55701
    endloop
  endfacet
  facet normal 0 -0.951056 0.309019
    outer loop
      vertex 74 -9.7728 3.55701
      vertex 50.8 -9.99712 2.86663
      vertex 74 -9.99712 2.86663
    endloop
  endfacet
  facet normal 0 -0.694663 0.719335
    outer loop
      vertex 0 -6.95896 7.72871
      vertex 19.2 -7.48113 7.22445
      vertex 19.2 -6.95896 7.72871
    endloop
  endfacet
  facet normal 0 -0.694663 0.719335
    outer loop
      vertex 19.2 -7.48113 7.22445
      vertex 0 -6.95896 7.72871
      vertex 0 -7.48113 7.22445
    endloop
  endfacet
  facet normal 0 -0.694663 0.719335
    outer loop
      vertex 50.8 -6.95896 7.72871
      vertex 83 -7.48113 7.22445
      vertex 83 -6.95896 7.72871
    endloop
  endfacet
  facet normal 0 -0.694663 0.719335
    outer loop
      vertex 83 -7.48113 7.22445
      vertex 50.8 -6.95896 7.72871
      vertex 50.8 -7.48113 7.22445
    endloop
  endfacet
  facet normal 0 -0.587788 0.809015
    outer loop
      vertex 0 -5.81561 8.62199
      vertex 19.2 -6.40288 8.19531
      vertex 19.2 -5.81561 8.62199
    endloop
  endfacet
  facet normal 0 -0.587788 0.809015
    outer loop
      vertex 19.2 -6.40288 8.19531
      vertex 0 -5.81561 8.62199
      vertex 0 -6.40288 8.19531
    endloop
  endfacet
  facet normal 0 -0.587788 0.809015
    outer loop
      vertex 50.8 -5.81561 8.62199
      vertex 83 -6.40288 8.19531
      vertex 83 -5.81561 8.62199
    endloop
  endfacet
  facet normal 0 -0.587788 0.809015
    outer loop
      vertex 83 -6.40288 8.19531
      vertex 50.8 -5.81561 8.62199
      vertex 50.8 -6.40288 8.19531
    endloop
  endfacet
  facet normal 0 -0.469478 0.882944
    outer loop
      vertex 50.8 -4.55906 9.34746
      vertex 83 -5.2 9.00666
      vertex 83 -4.55906 9.34746
    endloop
  endfacet
  facet normal 0 -0.469478 0.882944
    outer loop
      vertex 83 -5.2 9.00666
      vertex 50.8 -4.55906 9.34746
      vertex 50.8 -5.2 9.00666
    endloop
  endfacet
  facet normal 0 -0.469478 0.882944
    outer loop
      vertex 0 -4.55906 9.34746
      vertex 19.2 -5.2 9.00666
      vertex 19.2 -4.55906 9.34746
    endloop
  endfacet
  facet normal 0 -0.469478 0.882944
    outer loop
      vertex 19.2 -5.2 9.00666
      vertex 0 -4.55906 9.34746
      vertex 0 -5.2 9.00666
    endloop
  endfacet
  facet normal 9.41851e-08 -0.406733 0.913547
    outer loop
      vertex 83 -3.89591 9.64271
      vertex 50.8 -4 9.59637
      vertex 83 -4.55906 9.34746
    endloop
  endfacet
  facet normal 0 -0.406708 0.913558
    outer loop
      vertex 83 -3.89591 9.64271
      vertex 19.2 -4 9.59637
      vertex 50.8 -4 9.59637
    endloop
  endfacet
  facet normal 0 -0.406708 0.913558
    outer loop
      vertex 0 -3.89591 9.64271
      vertex 19.2 -4 9.59637
      vertex 83 -3.89591 9.64271
    endloop
  endfacet
  facet normal -1.87365e-07 -0.406737 0.913545
    outer loop
      vertex 0 -3.89591 9.64271
      vertex 19.2 -4.55906 9.34746
      vertex 19.2 -4 9.59637
    endloop
  endfacet
  facet normal 0 -0.406733 0.913547
    outer loop
      vertex 19.2 -4.55906 9.34746
      vertex 0 -3.89591 9.64271
      vertex 0 -4.55906 9.34746
    endloop
  endfacet
  facet normal 0 -0.406737 0.913545
    outer loop
      vertex 83 -4.55906 9.34746
      vertex 50.8 -4 9.59637
      vertex 50.8 -4.55906 9.34746
    endloop
  endfacet
  facet normal 0 -0.275665 0.961254
    outer loop
      vertex 0 -2.51599 10.0911
      vertex 83 -3.21378 9.89099
      vertex 83 -2.51599 10.0911
    endloop
  endfacet
  facet normal 0 -0.275665 0.961254
    outer loop
      vertex 83 -3.21378 9.89099
      vertex 0 -2.51599 10.0911
      vertex 0 -3.21378 9.89099
    endloop
  endfacet
  facet normal 0 -0.0698425 0.997558
    outer loop
      vertex 0 -0.362954 10.3937
      vertex 83 -1.0871 10.343
      vertex 83 -0.362954 10.3937
    endloop
  endfacet
  facet normal 0 -0.0698425 0.997558
    outer loop
      vertex 83 -1.0871 10.343
      vertex 0 -0.362954 10.3937
      vertex 0 -1.0871 10.343
    endloop
  endfacet
  facet normal -0 0.0698425 0.997558
    outer loop
      vertex 0 1.0871 10.343
      vertex 83 0.362954 10.3937
      vertex 83 1.0871 10.343
    endloop
  endfacet
  facet normal 0 0.0698425 0.997558
    outer loop
      vertex 83 0.362954 10.3937
      vertex 0 1.0871 10.343
      vertex 0 0.362954 10.3937
    endloop
  endfacet
  facet normal 0 0.587785 0.809017
    outer loop
      vertex 62 6.40288 8.19531
      vertex 0 6.40288 8.19531
      vertex 62 5.98351 8.5
    endloop
  endfacet
  facet normal 3.32243e-08 0.587788 0.809015
    outer loop
      vertex 0 5.81561 8.62199
      vertex 62 5.98351 8.5
      vertex 0 6.40288 8.19531
    endloop
  endfacet
  facet normal 0 0.587796 0.809009
    outer loop
      vertex 62 5.98351 8.5
      vertex 0 5.81561 8.62199
      vertex 62.012 5.81561 8.62199
    endloop
  endfacet
  facet normal 0 0.587785 0.809017
    outer loop
      vertex 80 5.98351 8.5
      vertex 83 6.40288 8.19531
      vertex 80 6.40288 8.19531
    endloop
  endfacet
  facet normal -6.86635e-07 0.587788 0.809015
    outer loop
      vertex 83 6.40288 8.19531
      vertex 80 5.98351 8.5
      vertex 83 5.81561 8.62199
    endloop
  endfacet
  facet normal 0 0.587796 0.809009
    outer loop
      vertex 83 5.81561 8.62199
      vertex 80 5.98351 8.5
      vertex 79.988 5.81561 8.62199
    endloop
  endfacet
  facet normal 0 -0.994519 0.104558
    outer loop
      vertex 9 -10.3747 0.725467
      vertex 19.2 -10.2988 1.4474
      vertex 9 -10.2988 1.4474
    endloop
  endfacet
  facet normal 0 -0.994519 0.104558
    outer loop
      vertex 19.2 -10.2988 1.4474
      vertex 9 -10.3747 0.725467
      vertex 19.2 -10.3747 0.725467
    endloop
  endfacet
  facet normal 0 -0.994519 0.104558
    outer loop
      vertex 50.8 -10.3747 0.725467
      vertex 74 -10.2988 1.4474
      vertex 50.8 -10.2988 1.4474
    endloop
  endfacet
  facet normal 0 -0.994519 0.104558
    outer loop
      vertex 74 -10.2988 1.4474
      vertex 50.8 -10.3747 0.725467
      vertex 74 -10.3747 0.725467
    endloop
  endfacet
  facet normal 0 -0.927184 0.374607
    outer loop
      vertex 9 -9.7728 3.55701
      vertex 19.2 -9.50087 4.23006
      vertex 9 -9.50087 4.23006
    endloop
  endfacet
  facet normal 0 -0.927184 0.374607
    outer loop
      vertex 19.2 -9.50087 4.23006
      vertex 9 -9.7728 3.55701
      vertex 19.2 -9.7728 3.55701
    endloop
  endfacet
  facet normal 0 -0.927184 0.374607
    outer loop
      vertex 50.8 -9.7728 3.55701
      vertex 74 -9.50087 4.23006
      vertex 50.8 -9.50087 4.23006
    endloop
  endfacet
  facet normal 0 -0.927184 0.374607
    outer loop
      vertex 74 -9.50087 4.23006
      vertex 50.8 -9.7728 3.55701
      vertex 74 -9.7728 3.55701
    endloop
  endfacet
  facet normal 0 -0.642782 0.766049
    outer loop
      vertex 0 -6.40288 8.19531
      vertex 19.2 -6.95896 7.72871
      vertex 19.2 -6.40288 8.19531
    endloop
  endfacet
  facet normal 0 -0.642782 0.766049
    outer loop
      vertex 19.2 -6.95896 7.72871
      vertex 0 -6.40288 8.19531
      vertex 0 -6.95896 7.72871
    endloop
  endfacet
  facet normal 0 -0.642782 0.766049
    outer loop
      vertex 50.8 -6.40288 8.19531
      vertex 83 -6.95896 7.72871
      vertex 83 -6.40288 8.19531
    endloop
  endfacet
  facet normal 0 -0.642782 0.766049
    outer loop
      vertex 83 -6.95896 7.72871
      vertex 50.8 -6.40288 8.19531
      vertex 50.8 -6.95896 7.72871
    endloop
  endfacet
  facet normal 0 -0.342026 0.93969
    outer loop
      vertex 0 -3.21378 9.89099
      vertex 83 -3.89591 9.64271
      vertex 83 -3.21378 9.89099
    endloop
  endfacet
  facet normal 0 -0.342026 0.93969
    outer loop
      vertex 83 -3.89591 9.64271
      vertex 0 -3.21378 9.89099
      vertex 0 -3.89591 9.64271
    endloop
  endfacet
  facet normal 0 -0.19747 0.980309
    outer loop
      vertex -4.5 -21.792 25.9369
      vertex 0 -22.1817 25.8584
      vertex 0 -21.792 25.9369
    endloop
  endfacet
  facet normal 0 -0.19747 0.980309
    outer loop
      vertex 0 -22.1817 25.8584
      vertex -4.5 -21.792 25.9369
      vertex -4.5 -22.1817 25.8584
    endloop
  endfacet
  facet normal -1 0 0
    outer loop
      vertex -4.5 -5.6 9.69948
      vertex -4.5 -13.8458 15.108
      vertex -4.5 -13.8 15.5
    endloop
  endfacet
  facet normal -1 0 0
    outer loop
      vertex -4.5 -11.1727 0.781272
      vertex -4.5 -13.9808 14.737
      vertex -4.5 -13.8458 15.108
    endloop
  endfacet
  facet normal -1 0 0
    outer loop
      vertex -4.5 -11.1727 0.781272
      vertex -4.5 -14.1977 14.4073
      vertex -4.5 -13.9808 14.737
    endloop
  endfacet
  facet normal -1 0 0
    outer loop
      vertex -4.5 -11.1727 0.781272
      vertex -4.5 -14.4848 14.1364
      vertex -4.5 -14.1977 14.4073
    endloop
  endfacet
  facet normal -1 0 0
    outer loop
      vertex -4.5 -11.1727 0.781272
      vertex -4.5 -14.8267 13.939
      vertex -4.5 -14.4848 14.1364
    endloop
  endfacet
  facet normal -1 0 0
    outer loop
      vertex -4.5 -11.1727 0.781272
      vertex -4.5 -15.2048 13.8258
      vertex -4.5 -14.8267 13.939
    endloop
  endfacet
  facet normal -1 0 0
    outer loop
      vertex -4.5 -11.1727 0.781272
      vertex -4.5 -15.5988 13.8029
      vertex -4.5 -15.2048 13.8258
    endloop
  endfacet
  facet normal -1 0 0
    outer loop
      vertex -4.5 -11.1727 0.781272
      vertex -4.5 -15.9876 13.8714
      vertex -4.5 -15.5988 13.8029
    endloop
  endfacet
  facet normal -1 -0 0
    outer loop
      vertex -4.5 -11.1727 0.781272
      vertex -4.5 -26 0
      vertex -4.5 -15.9876 13.8714
    endloop
  endfacet
  facet normal -1 -0 0
    outer loop
      vertex -4.5 -15.9876 13.8714
      vertex -4.5 -26 0
      vertex -4.5 -16.35 14.0278
    endloop
  endfacet
  facet normal -1 -0 0
    outer loop
      vertex -4.5 -16.35 14.0278
      vertex -4.5 -26 0
      vertex -4.5 -16.6666 14.2635
    endloop
  endfacet
  facet normal -1 -0 0
    outer loop
      vertex -4.5 -16.6666 14.2635
      vertex -4.5 -26 0
      vertex -4.5 -16.9203 14.5658
    endloop
  endfacet
  facet normal -1 0 0
    outer loop
      vertex -4.5 -26 21
      vertex -4.5 -17.1885 15.6974
      vertex -4.5 -17.1885 15.3026
    endloop
  endfacet
  facet normal -1 0 0
    outer loop
      vertex -4.5 -26 21
      vertex -4.5 -17.1885 15.3026
      vertex -4.5 -17.0975 14.9186
    endloop
  endfacet
  facet normal -1 0 0
    outer loop
      vertex -4.5 -17.1885 15.6974
      vertex -4.5 -26 21
      vertex -4.5 -21 26
    endloop
  endfacet
  facet normal -1 0 0
    outer loop
      vertex -4.5 -21 26
      vertex -4.5 -26 21
      vertex -4.5 -21.3972 25.9842
    endloop
  endfacet
  facet normal -1 -0 0
    outer loop
      vertex -4.5 -16.9203 14.5658
      vertex -4.5 -26 0
      vertex -4.5 -17.0975 14.9186
    endloop
  endfacet
  facet normal -1 0 0
    outer loop
      vertex -4.5 -21.3972 25.9842
      vertex -4.5 -26 21
      vertex -4.5 -21.792 25.9369
    endloop
  endfacet
  facet normal -1 0 0
    outer loop
      vertex -4.5 -21.792 25.9369
      vertex -4.5 -26 21
      vertex -4.5 -22.1817 25.8584
    endloop
  endfacet
  facet normal -1 0 0
    outer loop
      vertex -4.5 -22.1817 25.8584
      vertex -4.5 -26 21
      vertex -4.5 -22.564 25.7491
    endloop
  endfacet
  facet normal -1 0 0
    outer loop
      vertex -4.5 -22.564 25.7491
      vertex -4.5 -26 21
      vertex -4.5 -22.9364 25.6098
    endloop
  endfacet
  facet normal -1 0 0
    outer loop
      vertex -4.5 -22.9364 25.6098
      vertex -4.5 -26 21
      vertex -4.5 -23.2965 25.4414
    endloop
  endfacet
  facet normal -1 0 0
    outer loop
      vertex -4.5 -23.2965 25.4414
      vertex -4.5 -26 21
      vertex -4.5 -23.6421 25.2449
    endloop
  endfacet
  facet normal -1 0 0
    outer loop
      vertex -4.5 -23.6421 25.2449
      vertex -4.5 -26 21
      vertex -4.5 -23.971 25.0216
    endloop
  endfacet
  facet normal -1 0 0
    outer loop
      vertex -4.5 -23.971 25.0216
      vertex -4.5 -26 21
      vertex -4.5 -24.2811 24.7728
    endloop
  endfacet
  facet normal -1 0 0
    outer loop
      vertex -4.5 -24.2811 24.7728
      vertex -4.5 -26 21
      vertex -4.5 -24.5705 24.5002
    endloop
  endfacet
  facet normal -1 0 0
    outer loop
      vertex -4.5 -24.5705 24.5002
      vertex -4.5 -26 21
      vertex -4.5 -24.8373 24.2055
    endloop
  endfacet
  facet normal -1 0 0
    outer loop
      vertex -4.5 -24.8373 24.2055
      vertex -4.5 -26 21
      vertex -4.5 -25.0799 23.8905
    endloop
  endfacet
  facet normal -1 0 0
    outer loop
      vertex -4.5 -25.0799 23.8905
      vertex -4.5 -26 21
      vertex -4.5 -25.2966 23.5572
    endloop
  endfacet
  facet normal -1 0 0
    outer loop
      vertex -4.5 -25.2966 23.5572
      vertex -4.5 -26 21
      vertex -4.5 -25.4862 23.2077
    endloop
  endfacet
  facet normal -1 0 0
    outer loop
      vertex -4.5 -25.4862 23.2077
      vertex -4.5 -26 21
      vertex -4.5 -25.6474 22.8443
    endloop
  endfacet
  facet normal -1 0 0
    outer loop
      vertex -4.5 -25.6474 22.8443
      vertex -4.5 -26 21
      vertex -4.5 -25.7793 22.4693
    endloop
  endfacet
  facet normal -1 0 0
    outer loop
      vertex -4.5 -25.7793 22.4693
      vertex -4.5 -26 21
      vertex -4.5 -25.8809 22.0849
    endloop
  endfacet
  facet normal -1 0 0
    outer loop
      vertex -4.5 -25.8809 22.0849
      vertex -4.5 -26 21
      vertex -4.5 -25.9516 21.6937
    endloop
  endfacet
  facet normal -1 -0 0
    outer loop
      vertex -4.5 -17.0975 14.9186
      vertex -4.5 -26 0
      vertex -4.5 -26 21
    endloop
  endfacet
  facet normal -1 0 0
    outer loop
      vertex -4.5 -25.9516 21.6937
      vertex -4.5 -26 21
      vertex -4.5 -25.9911 21.2981
    endloop
  endfacet
  facet normal -1 0 0
    outer loop
      vertex -4.5 17.0192 14.737
      vertex -4.5 26 21
      vertex -4.5 26 0
    endloop
  endfacet
  facet normal -1 0 -0
    outer loop
      vertex -4.5 17.1542 15.108
      vertex -4.5 26 21
      vertex -4.5 17.0192 14.737
    endloop
  endfacet
  facet normal -1 0 -0
    outer loop
      vertex -4.5 17.2 15.5
      vertex -4.5 26 21
      vertex -4.5 17.1542 15.108
    endloop
  endfacet
  facet normal -1 0 0
    outer loop
      vertex -4.5 17.0192 16.263
      vertex -4.5 26 21
      vertex -4.5 17.1542 15.892
    endloop
  endfacet
  facet normal -1 0 0
    outer loop
      vertex -4.5 16.8023 16.5927
      vertex -4.5 26 21
      vertex -4.5 17.0192 16.263
    endloop
  endfacet
  facet normal -1 -0 0
    outer loop
      vertex -4.5 26 21
      vertex -4.5 16.8023 16.5927
      vertex -4.5 25.9842 21.3972
    endloop
  endfacet
  facet normal -1 -0 0
    outer loop
      vertex -4.5 25.9842 21.3972
      vertex -4.5 16.8023 16.5927
      vertex -4.5 25.9369 21.792
    endloop
  endfacet
  facet normal -1 -0 0
    outer loop
      vertex -4.5 25.9369 21.792
      vertex -4.5 16.8023 16.5927
      vertex -4.5 25.8584 22.1817
    endloop
  endfacet
  facet normal -1 -0 0
    outer loop
      vertex -4.5 25.8584 22.1817
      vertex -4.5 16.8023 16.5927
      vertex -4.5 25.7491 22.564
    endloop
  endfacet
  facet normal -1 -0 0
    outer loop
      vertex -4.5 25.7491 22.564
      vertex -4.5 16.8023 16.5927
      vertex -4.5 25.6098 22.9364
    endloop
  endfacet
  facet normal -1 -0 0
    outer loop
      vertex -4.5 25.6098 22.9364
      vertex -4.5 16.8023 16.5927
      vertex -4.5 25.4414 23.2965
    endloop
  endfacet
  facet normal -1 -0 0
    outer loop
      vertex -4.5 25.4414 23.2965
      vertex -4.5 16.8023 16.5927
      vertex -4.5 25.2449 23.6421
    endloop
  endfacet
  facet normal -1 -0 0
    outer loop
      vertex -4.5 25.2449 23.6421
      vertex -4.5 16.8023 16.5927
      vertex -4.5 25.0216 23.971
    endloop
  endfacet
  facet normal -1 -0 0
    outer loop
      vertex -4.5 25.0216 23.971
      vertex -4.5 16.8023 16.5927
      vertex -4.5 24.7728 24.2811
    endloop
  endfacet
  facet normal -1 -0 0
    outer loop
      vertex -4.5 24.5002 24.5705
      vertex -4.5 16.8023 16.5927
      vertex -4.5 24.2055 24.8373
    endloop
  endfacet
  facet normal -1 -0 0
    outer loop
      vertex -4.5 24.2055 24.8373
      vertex -4.5 16.8023 16.5927
      vertex -4.5 23.8905 25.0799
    endloop
  endfacet
  facet normal -1 -0 0
    outer loop
      vertex -4.5 23.8905 25.0799
      vertex -4.5 16.8023 16.5927
      vertex -4.5 23.5572 25.2966
    endloop
  endfacet
  facet normal -1 -0 0
    outer loop
      vertex -4.5 23.5572 25.2966
      vertex -4.5 16.8023 16.5927
      vertex -4.5 23.2077 25.4862
    endloop
  endfacet
  facet normal -1 -0 0
    outer loop
      vertex -4.5 23.2077 25.4862
      vertex -4.5 16.8023 16.5927
      vertex -4.5 22.8443 25.6474
    endloop
  endfacet
  facet normal -1 -0 0
    outer loop
      vertex -4.5 22.8443 25.6474
      vertex -4.5 16.8023 16.5927
      vertex -4.5 22.4693 25.7793
    endloop
  endfacet
  facet normal -1 -0 0
    outer loop
      vertex -4.5 22.4693 25.7793
      vertex -4.5 16.8023 16.5927
      vertex -4.5 22.0849 25.8809
    endloop
  endfacet
  facet normal -1 -0 0
    outer loop
      vertex -4.5 24.7728 24.2811
      vertex -4.5 16.8023 16.5927
      vertex -4.5 24.5002 24.5705
    endloop
  endfacet
  facet normal -1 0 0
    outer loop
      vertex -4.5 17.1542 15.892
      vertex -4.5 26 21
      vertex -4.5 17.2 15.5
    endloop
  endfacet
  facet normal -1 0 0
    outer loop
      vertex -4.5 26 0
      vertex -4.5 16.8023 14.4073
      vertex -4.5 17.0192 14.737
    endloop
  endfacet
  facet normal -1 0 0
    outer loop
      vertex -4.5 26 0
      vertex -4.5 16.5152 14.1364
      vertex -4.5 16.8023 14.4073
    endloop
  endfacet
  facet normal -1 0 0
    outer loop
      vertex -4.5 26 0
      vertex -4.5 16.1733 13.939
      vertex -4.5 16.5152 14.1364
    endloop
  endfacet
  facet normal -1 0 0
    outer loop
      vertex -4.5 10.7661 3.08714
      vertex -4.5 16.1733 13.939
      vertex -4.5 26 0
    endloop
  endfacet
  facet normal -1 0 0
    outer loop
      vertex -4.5 10.5246 3.83063
      vertex -4.5 16.1733 13.939
      vertex -4.5 10.7661 3.08714
    endloop
  endfacet
  facet normal -1 0 0
    outer loop
      vertex -4.5 16.1733 13.939
      vertex -4.5 10.5246 3.83063
      vertex -4.5 15.7952 13.8258
    endloop
  endfacet
  facet normal -1 0 0
    outer loop
      vertex -4.5 10.2317 4.55545
      vertex -4.5 15.7952 13.8258
      vertex -4.5 10.5246 3.83063
    endloop
  endfacet
  facet normal -1 0 0
    outer loop
      vertex -4.5 9.88901 5.25808
      vertex -4.5 15.4012 13.8029
      vertex -4.5 10.2317 4.55545
    endloop
  endfacet
  facet normal -1 0 0
    outer loop
      vertex -4.5 9.49814 5.93509
      vertex -4.5 15.4012 13.8029
      vertex -4.5 9.88901 5.25808
    endloop
  endfacet
  facet normal -1 0 0
    outer loop
      vertex -4.5 10.7661 3.08714
      vertex -4.5 26 0
      vertex -4.5 10.9553 2.32861
    endloop
  endfacet
  facet normal -1 0 0
    outer loop
      vertex -4.5 10.9553 2.32861
      vertex -4.5 26 0
      vertex -4.5 11.091 1.55874
    endloop
  endfacet
  facet normal -1 0 0
    outer loop
      vertex -4.5 11.091 1.55874
      vertex -4.5 26 0
      vertex -4.5 11.1727 0.781272
    endloop
  endfacet
  facet normal -1 0 0
    outer loop
      vertex -4.5 11.1727 0.781272
      vertex -4.5 26 0
      vertex -4.5 11.2 0
    endloop
  endfacet
  facet normal -1 -0 0
    outer loop
      vertex -4.5 22.0849 25.8809
      vertex -4.5 16.8023 16.5927
      vertex -4.5 21.6937 25.9516
    endloop
  endfacet
  facet normal -1 -0 0
    outer loop
      vertex -4.5 21.6937 25.9516
      vertex -4.5 16.8023 16.5927
      vertex -4.5 21.2981 25.9911
    endloop
  endfacet
  facet normal -1 -0 0
    outer loop
      vertex -4.5 21.2981 25.9911
      vertex -4.5 16.8023 16.5927
      vertex -4.5 21 26
    endloop
  endfacet
  facet normal -1 0 0
    outer loop
      vertex -4.5 16.5152 16.8636
      vertex -4.5 21 26
      vertex -4.5 16.8023 16.5927
    endloop
  endfacet
  facet normal -1 0 0
    outer loop
      vertex -4.5 16.1733 17.061
      vertex -4.5 21 26
      vertex -4.5 16.5152 16.8636
    endloop
  endfacet
  facet normal -1 0 0
    outer loop
      vertex -4.5 15.7952 17.1742
      vertex -4.5 21 26
      vertex -4.5 16.1733 17.061
    endloop
  endfacet
  facet normal -1 0 0
    outer loop
      vertex -4.5 15.4012 17.1971
      vertex -4.5 21 26
      vertex -4.5 15.7952 17.1742
    endloop
  endfacet
  facet normal -1 0 0
    outer loop
      vertex -4.5 15.0124 17.1286
      vertex -4.5 21 26
      vertex -4.5 15.4012 17.1971
    endloop
  endfacet
  facet normal -1 0 0
    outer loop
      vertex -4.5 14.65 16.9722
      vertex -4.5 21 26
      vertex -4.5 15.0124 17.1286
    endloop
  endfacet
  facet normal -1 0 0
    outer loop
      vertex -4.5 14.3334 16.7365
      vertex -4.5 21 26
      vertex -4.5 14.65 16.9722
    endloop
  endfacet
  facet normal -1 0 0
    outer loop
      vertex -4.5 1.17072 11.1386
      vertex -4.5 14.3334 16.7365
      vertex -4.5 14.0797 16.4342
    endloop
  endfacet
  facet normal -1 0 0
    outer loop
      vertex -4.5 15.7952 13.8258
      vertex -4.5 10.2317 4.55545
      vertex -4.5 15.4012 13.8029
    endloop
  endfacet
  facet normal -1 -0 0
    outer loop
      vertex -4.5 15.4012 13.8029
      vertex -4.5 9.49814 5.93509
      vertex -4.5 15.0124 13.8714
    endloop
  endfacet
  facet normal -1 0 0
    outer loop
      vertex -4.5 9.06099 6.58319
      vertex -4.5 15.0124 13.8714
      vertex -4.5 9.49814 5.93509
    endloop
  endfacet
  facet normal -1 -0 0
    outer loop
      vertex -4.5 15.0124 13.8714
      vertex -4.5 9.06099 6.58319
      vertex -4.5 14.65 14.0278
    endloop
  endfacet
  facet normal -1 0 0
    outer loop
      vertex -4.5 8.5797 7.19922
      vertex -4.5 14.65 14.0278
      vertex -4.5 9.06099 6.58319
    endloop
  endfacet
  facet normal -1 -0 0
    outer loop
      vertex -4.5 14.65 14.0278
      vertex -4.5 8.5797 7.19922
      vertex -4.5 14.3334 14.2635
    endloop
  endfacet
  facet normal -1 0 0
    outer loop
      vertex -4.5 8.05661 7.78017
      vertex -4.5 14.3334 14.2635
      vertex -4.5 8.5797 7.19922
    endloop
  endfacet
  facet normal -1 0 0
    outer loop
      vertex -4.5 7.49426 8.32322
      vertex -4.5 14.3334 14.2635
      vertex -4.5 8.05661 7.78017
    endloop
  endfacet
  facet normal -1 -0 0
    outer loop
      vertex -4.5 14.3334 14.2635
      vertex -4.5 7.49426 8.32322
      vertex -4.5 14.0797 14.5658
    endloop
  endfacet
  facet normal -1 0 0
    outer loop
      vertex -4.5 6.89541 8.82572
      vertex -4.5 14.0797 14.5658
      vertex -4.5 7.49426 8.32322
    endloop
  endfacet
  facet normal -1 -0 0
    outer loop
      vertex -4.5 14.0797 14.5658
      vertex -4.5 6.89541 8.82572
      vertex -4.5 13.9025 14.9186
    endloop
  endfacet
  facet normal -1 0 0
    outer loop
      vertex -4.5 6.26296 9.28522
      vertex -4.5 13.9025 14.9186
      vertex -4.5 6.89541 8.82572
    endloop
  endfacet
  facet normal -1 -0 0
    outer loop
      vertex -4.5 13.9025 14.9186
      vertex -4.5 6.26296 9.28522
      vertex -4.5 13.8115 15.3026
    endloop
  endfacet
  facet normal -1 0 0
    outer loop
      vertex -4.5 5.6 9.69948
      vertex -4.5 13.8115 15.3026
      vertex -4.5 6.26296 9.28522
    endloop
  endfacet
  facet normal -1 0 0
    outer loop
      vertex -4.5 4.90976 10.0665
      vertex -4.5 13.8115 15.3026
      vertex -4.5 5.6 9.69948
    endloop
  endfacet
  facet normal -1 -0 0
    outer loop
      vertex -4.5 13.8115 15.3026
      vertex -4.5 4.90976 10.0665
      vertex -4.5 13.8115 15.6974
    endloop
  endfacet
  facet normal -1 0 0
    outer loop
      vertex -4.5 4.19559 10.3845
      vertex -4.5 13.8115 15.6974
      vertex -4.5 4.90976 10.0665
    endloop
  endfacet
  facet normal -1 -0 0
    outer loop
      vertex -4.5 13.8115 15.6974
      vertex -4.5 4.19559 10.3845
      vertex -4.5 13.9025 16.0814
    endloop
  endfacet
  facet normal -1 0 0
    outer loop
      vertex -4.5 3.46099 10.6518
      vertex -4.5 13.9025 16.0814
      vertex -4.5 4.19559 10.3845
    endloop
  endfacet
  facet normal -1 0 0
    outer loop
      vertex -4.5 2.70953 10.8673
      vertex -4.5 13.9025 16.0814
      vertex -4.5 3.46099 10.6518
    endloop
  endfacet
  facet normal -1 -0 0
    outer loop
      vertex -4.5 13.9025 16.0814
      vertex -4.5 2.70953 10.8673
      vertex -4.5 14.0797 16.4342
    endloop
  endfacet
  facet normal -1 0 0
    outer loop
      vertex -4.5 1.94486 11.0298
      vertex -4.5 14.0797 16.4342
      vertex -4.5 2.70953 10.8673
    endloop
  endfacet
  facet normal -1 0 0
    outer loop
      vertex -4.5 1.17072 11.1386
      vertex -4.5 14.0797 16.4342
      vertex -4.5 1.94486 11.0298
    endloop
  endfacet
  facet normal -1 0 0
    outer loop
      vertex -4.5 14.3334 16.7365
      vertex -4.5 1.17072 11.1386
      vertex -4.5 0.390874 11.1932
    endloop
  endfacet
  facet normal -1 -0 0
    outer loop
      vertex -4.5 14.3334 16.7365
      vertex -4.5 0.390874 11.1932
      vertex -4.5 -14.4848 16.8636
    endloop
  endfacet
  facet normal -1 0 0
    outer loop
      vertex -4.5 -14.4848 16.8636
      vertex -4.5 0.390874 11.1932
      vertex -4.5 -0.390874 11.1932
    endloop
  endfacet
  facet normal -1 0 0
    outer loop
      vertex -4.5 -14.1977 16.5927
      vertex -4.5 -0.390874 11.1932
      vertex -4.5 -1.17072 11.1386
    endloop
  endfacet
  facet normal -1 0 0
    outer loop
      vertex -4.5 -14.1977 16.5927
      vertex -4.5 -1.17072 11.1386
      vertex -4.5 -1.94486 11.0298
    endloop
  endfacet
  facet normal -1 0 0
    outer loop
      vertex -4.5 -13.9808 16.263
      vertex -4.5 -1.94486 11.0298
      vertex -4.5 -2.70953 10.8673
    endloop
  endfacet
  facet normal -1 0 0
    outer loop
      vertex -4.5 -13.9808 16.263
      vertex -4.5 -2.70953 10.8673
      vertex -4.5 -3.46099 10.6518
    endloop
  endfacet
  facet normal -1 0 0
    outer loop
      vertex -4.5 -13.8458 15.892
      vertex -4.5 -3.46099 10.6518
      vertex -4.5 -4.19559 10.3845
    endloop
  endfacet
  facet normal -1 0 0
    outer loop
      vertex -4.5 -13.8 15.5
      vertex -4.5 -4.19559 10.3845
      vertex -4.5 -4.90976 10.0665
    endloop
  endfacet
  facet normal -1 0 0
    outer loop
      vertex -4.5 -13.8 15.5
      vertex -4.5 -4.90976 10.0665
      vertex -4.5 -5.6 9.69948
    endloop
  endfacet
  facet normal -1 0 0
    outer loop
      vertex -4.5 -26 0
      vertex -4.5 -11.1727 0.781272
      vertex -4.5 -11.2 0
    endloop
  endfacet
  facet normal -1 0 0
    outer loop
      vertex -4.5 -13.8458 15.108
      vertex -4.5 -11.091 1.55874
      vertex -4.5 -11.1727 0.781272
    endloop
  endfacet
  facet normal -1 0 0
    outer loop
      vertex -4.5 -13.8458 15.108
      vertex -4.5 -10.9553 2.32861
      vertex -4.5 -11.091 1.55874
    endloop
  endfacet
  facet normal -1 0 0
    outer loop
      vertex -4.5 -13.8458 15.108
      vertex -4.5 -10.7661 3.08714
      vertex -4.5 -10.9553 2.32861
    endloop
  endfacet
  facet normal -1 0 0
    outer loop
      vertex -4.5 -13.8458 15.108
      vertex -4.5 -10.5246 3.83063
      vertex -4.5 -10.7661 3.08714
    endloop
  endfacet
  facet normal -1 0 0
    outer loop
      vertex -4.5 -13.8458 15.108
      vertex -4.5 -10.2317 4.55545
      vertex -4.5 -10.5246 3.83063
    endloop
  endfacet
  facet normal -1 0 0
    outer loop
      vertex -4.5 -13.8458 15.108
      vertex -4.5 -9.88901 5.25808
      vertex -4.5 -10.2317 4.55545
    endloop
  endfacet
  facet normal -1 0 0
    outer loop
      vertex -4.5 -13.8458 15.108
      vertex -4.5 -9.49814 5.93509
      vertex -4.5 -9.88901 5.25808
    endloop
  endfacet
  facet normal -1 0 0
    outer loop
      vertex -4.5 -13.8458 15.108
      vertex -4.5 -9.06099 6.58319
      vertex -4.5 -9.49814 5.93509
    endloop
  endfacet
  facet normal -1 0 0
    outer loop
      vertex -4.5 -13.8458 15.108
      vertex -4.5 -8.5797 7.19922
      vertex -4.5 -9.06099 6.58319
    endloop
  endfacet
  facet normal -1 0 0
    outer loop
      vertex -4.5 -13.8458 15.108
      vertex -4.5 -8.05661 7.78017
      vertex -4.5 -8.5797 7.19922
    endloop
  endfacet
  facet normal -1 0 0
    outer loop
      vertex -4.5 -13.8458 15.108
      vertex -4.5 -7.49426 8.32322
      vertex -4.5 -8.05661 7.78017
    endloop
  endfacet
  facet normal -1 0 0
    outer loop
      vertex -4.5 -13.8458 15.108
      vertex -4.5 -6.89541 8.82572
      vertex -4.5 -7.49426 8.32322
    endloop
  endfacet
  facet normal -1 0 0
    outer loop
      vertex -4.5 -13.8458 15.108
      vertex -4.5 -6.26296 9.28522
      vertex -4.5 -6.89541 8.82572
    endloop
  endfacet
  facet normal -1 0 0
    outer loop
      vertex -4.5 -13.8458 15.108
      vertex -4.5 -5.6 9.69948
      vertex -4.5 -6.26296 9.28522
    endloop
  endfacet
  facet normal -1 0 0
    outer loop
      vertex -4.5 -4.19559 10.3845
      vertex -4.5 -13.8 15.5
      vertex -4.5 -13.8458 15.892
    endloop
  endfacet
  facet normal -1 0 0
    outer loop
      vertex -4.5 -3.46099 10.6518
      vertex -4.5 -13.8458 15.892
      vertex -4.5 -13.9808 16.263
    endloop
  endfacet
  facet normal -1 0 0
    outer loop
      vertex -4.5 -1.94486 11.0298
      vertex -4.5 -13.9808 16.263
      vertex -4.5 -14.1977 16.5927
    endloop
  endfacet
  facet normal -1 0 0
    outer loop
      vertex -4.5 -0.390874 11.1932
      vertex -4.5 -14.1977 16.5927
      vertex -4.5 -14.4848 16.8636
    endloop
  endfacet
  facet normal -1 0 0
    outer loop
      vertex -4.5 14.3334 16.7365
      vertex -4.5 -14.4848 16.8636
      vertex -4.5 21 26
    endloop
  endfacet
  facet normal -1 0 0
    outer loop
      vertex -4.5 -21 26
      vertex -4.5 -14.4848 16.8636
      vertex -4.5 -14.8267 17.061
    endloop
  endfacet
  facet normal -1 0 0
    outer loop
      vertex -4.5 -21 26
      vertex -4.5 -14.8267 17.061
      vertex -4.5 -15.2048 17.1742
    endloop
  endfacet
  facet normal -1 0 0
    outer loop
      vertex -4.5 -21 26
      vertex -4.5 -15.2048 17.1742
      vertex -4.5 -15.5988 17.1971
    endloop
  endfacet
  facet normal -1 0 0
    outer loop
      vertex -4.5 -21 26
      vertex -4.5 -15.5988 17.1971
      vertex -4.5 -15.9876 17.1286
    endloop
  endfacet
  facet normal -1 0 0
    outer loop
      vertex -4.5 -14.4848 16.8636
      vertex -4.5 -21 26
      vertex -4.5 21 26
    endloop
  endfacet
  facet normal -1 0 0
    outer loop
      vertex -4.5 -16.35 16.9722
      vertex -4.5 -21 26
      vertex -4.5 -15.9876 17.1286
    endloop
  endfacet
  facet normal -1 0 0
    outer loop
      vertex -4.5 -16.6666 16.7365
      vertex -4.5 -21 26
      vertex -4.5 -16.35 16.9722
    endloop
  endfacet
  facet normal -1 0 0
    outer loop
      vertex -4.5 -16.9203 16.4342
      vertex -4.5 -21 26
      vertex -4.5 -16.6666 16.7365
    endloop
  endfacet
  facet normal -1 0 0
    outer loop
      vertex -4.5 -17.0975 16.0814
      vertex -4.5 -21 26
      vertex -4.5 -16.9203 16.4342
    endloop
  endfacet
  facet normal -1 0 0
    outer loop
      vertex -4.5 -21 26
      vertex -4.5 -17.0975 16.0814
      vertex -4.5 -17.1885 15.6974
    endloop
  endfacet
  facet normal 0 -0.561704 0.827338
    outer loop
      vertex -4.5 -23.6421 25.2449
      vertex 0 -23.971 25.0216
      vertex 0 -23.6421 25.2449
    endloop
  endfacet
  facet normal 0 -0.561704 0.827338
    outer loop
      vertex 0 -23.971 25.0216
      vertex -4.5 -23.6421 25.2449
      vertex -4.5 -23.971 25.0216
    endloop
  endfacet
  facet normal 0 -0.984059 0.177845
    outer loop
      vertex -4.5 -25.9516 21.6937
      vertex 0 -25.8809 22.0849
      vertex -4.5 -25.8809 22.0849
    endloop
  endfacet
  facet normal 0 -0.984059 0.177845
    outer loop
      vertex 0 -25.8809 22.0849
      vertex -4.5 -25.9516 21.6937
      vertex 0 -25.9516 21.6937
    endloop
  endfacet
  facet normal 0 -1 0
    outer loop
      vertex -4.5 -26 0
      vertex 0 -26 21
      vertex -4.5 -26 21
    endloop
  endfacet
  facet normal 0 -1 -0
    outer loop
      vertex 0 -26 21
      vertex -4.5 -26 0
      vertex 0 -26 0
    endloop
  endfacet
  facet normal 0 -0.999555 0.0298425
    outer loop
      vertex -4.5 -26 21
      vertex 0 -25.9911 21.2981
      vertex -4.5 -25.9911 21.2981
    endloop
  endfacet
  facet normal 0 -0.999555 0.0298425
    outer loop
      vertex 0 -25.9911 21.2981
      vertex -4.5 -26 21
      vertex 0 -26 21
    endloop
  endfacet
  facet normal -0 0.545086 0.83838
    outer loop
      vertex -4.5 23.8905 25.0799
      vertex 0 23.5572 25.2966
      vertex 0 23.8905 25.0799
    endloop
  endfacet
  facet normal 0 0.545086 0.83838
    outer loop
      vertex 0 23.5572 25.2966
      vertex -4.5 23.8905 25.0799
      vertex -4.5 23.5572 25.2966
    endloop
  endfacet
  facet normal -0 0.177845 0.984059
    outer loop
      vertex -4.5 22.0849 25.8809
      vertex 0 21.6937 25.9516
      vertex 0 22.0849 25.8809
    endloop
  endfacet
  facet normal 0 0.177845 0.984059
    outer loop
      vertex 0 21.6937 25.9516
      vertex -4.5 22.0849 25.8809
      vertex -4.5 21.6937 25.9516
    endloop
  endfacet
  facet normal -0 0.255533 0.9668
    outer loop
      vertex -4.5 22.4693 25.7793
      vertex 0 22.0849 25.8809
      vertex 0 22.4693 25.7793
    endloop
  endfacet
  facet normal 0 0.255533 0.9668
    outer loop
      vertex 0 22.0849 25.8809
      vertex -4.5 22.4693 25.7793
      vertex -4.5 22.0849 25.8809
    endloop
  endfacet
  facet normal 0 -0.039747 0.99921
    outer loop
      vertex -4.5 -21 26
      vertex 0 -21.3972 25.9842
      vertex 0 -21 26
    endloop
  endfacet
  facet normal 0 -0.039747 0.99921
    outer loop
      vertex 0 -21.3972 25.9842
      vertex -4.5 -21 26
      vertex -4.5 -21.3972 25.9842
    endloop
  endfacet
  facet normal -0 0.0298425 0.999555
    outer loop
      vertex -4.5 21.2981 25.9911
      vertex 0 21 26
      vertex 0 21.2981 25.9911
    endloop
  endfacet
  facet normal 0 0.0298425 0.999555
    outer loop
      vertex 0 21 26
      vertex -4.5 21.2981 25.9911
      vertex -4.5 21 26
    endloop
  endfacet
  facet normal -0 0 1
    outer loop
      vertex -4.5 21 26
      vertex 0 -21 26
      vertex 0 21 26
    endloop
  endfacet
  facet normal 0 0 1
    outer loop
      vertex 0 -21 26
      vertex -4.5 21 26
      vertex -4.5 -21 26
    endloop
  endfacet
  facet normal 0 1 -0
    outer loop
      vertex 0 26 0
      vertex -4.5 26 21
      vertex 0 26 21
    endloop
  endfacet
  facet normal 0 1 0
    outer loop
      vertex -4.5 26 21
      vertex 0 26 0
      vertex -4.5 26 0
    endloop
  endfacet
  facet normal 0 -0.83838 0.545086
    outer loop
      vertex -4.5 -25.2966 23.5572
      vertex 0 -25.0799 23.8905
      vertex -4.5 -25.0799 23.8905
    endloop
  endfacet
  facet normal 0 -0.83838 0.545086
    outer loop
      vertex 0 -25.0799 23.8905
      vertex -4.5 -25.2966 23.5572
      vertex 0 -25.2966 23.5572
    endloop
  endfacet
  facet normal 0 -0.9668 0.255533
    outer loop
      vertex -4.5 -25.8809 22.0849
      vertex 0 -25.7793 22.4693
      vertex -4.5 -25.7793 22.4693
    endloop
  endfacet
  facet normal 0 -0.9668 0.255533
    outer loop
      vertex 0 -25.7793 22.4693
      vertex -4.5 -25.8809 22.0849
      vertex 0 -25.8809 22.0849
    endloop
  endfacet
  facet normal 0 -0.118957 0.992899
    outer loop
      vertex -4.5 -21.3972 25.9842
      vertex 0 -21.792 25.9369
      vertex 0 -21.3972 25.9842
    endloop
  endfacet
  facet normal 0 -0.118957 0.992899
    outer loop
      vertex 0 -21.792 25.9369
      vertex -4.5 -21.3972 25.9842
      vertex -4.5 -21.792 25.9369
    endloop
  endfacet
  facet normal 0 0.727919 0.685663
    outer loop
      vertex 0 24.7728 24.2811
      vertex -4.5 24.5002 24.5705
      vertex 0 24.5002 24.5705
    endloop
  endfacet
  facet normal 0 0.727919 0.685663
    outer loop
      vertex -4.5 24.5002 24.5705
      vertex 0 24.7728 24.2811
      vertex -4.5 24.7728 24.2811
    endloop
  endfacet
  facet normal -0 0.0993543 0.995052
    outer loop
      vertex -4.5 21.6937 25.9516
      vertex 0 21.2981 25.9911
      vertex 0 21.6937 25.9516
    endloop
  endfacet
  facet normal 0 0.0993543 0.995052
    outer loop
      vertex 0 21.2981 25.9911
      vertex -4.5 21.6937 25.9516
      vertex -4.5 21.2981 25.9911
    endloop
  endfacet
  facet normal -0 0.405485 0.914102
    outer loop
      vertex -4.5 23.2077 25.4862
      vertex 0 22.8443 25.6474
      vertex 0 23.2077 25.4862
    endloop
  endfacet
  facet normal 0 0.405485 0.914102
    outer loop
      vertex 0 22.8443 25.6474
      vertex -4.5 23.2077 25.4862
      vertex -4.5 22.8443 25.6474
    endloop
  endfacet
  facet normal 0 0.827338 0.561704
    outer loop
      vertex 0 25.2449 23.6421
      vertex -4.5 25.0216 23.971
      vertex 0 25.0216 23.971
    endloop
  endfacet
  facet normal 0 0.827338 0.561704
    outer loop
      vertex -4.5 25.0216 23.971
      vertex 0 25.2449 23.6421
      vertex -4.5 25.2449 23.6421
    endloop
  endfacet
  facet normal 0 0.99921 0.039747
    outer loop
      vertex 0 26 21
      vertex -4.5 25.9842 21.3972
      vertex 0 25.9842 21.3972
    endloop
  endfacet
  facet normal 0 0.99921 0.039747
    outer loop
      vertex -4.5 25.9842 21.3972
      vertex 0 26 21
      vertex -4.5 26 21
    endloop
  endfacet
  facet normal 0 -0.625799 0.779985
    outer loop
      vertex -4.5 -23.971 25.0216
      vertex 0 -24.2811 24.7728
      vertex 0 -23.971 25.0216
    endloop
  endfacet
  facet normal 0 -0.625799 0.779985
    outer loop
      vertex 0 -24.2811 24.7728
      vertex -4.5 -23.971 25.0216
      vertex -4.5 -24.2811 24.7728
    endloop
  endfacet
  facet normal 0 -0.741327 0.671144
    outer loop
      vertex -4.5 -24.8373 24.2055
      vertex 0 -24.5705 24.5002
      vertex -4.5 -24.5705 24.5002
    endloop
  endfacet
  facet normal 0 -0.741327 0.671144
    outer loop
      vertex 0 -24.5705 24.5002
      vertex -4.5 -24.8373 24.2055
      vertex 0 -24.8373 24.2055
    endloop
  endfacet
  facet normal 0 -0.685663 0.727919
    outer loop
      vertex -4.5 -24.2811 24.7728
      vertex 0 -24.5705 24.5002
      vertex 0 -24.2811 24.7728
    endloop
  endfacet
  facet normal 0 -0.685663 0.727919
    outer loop
      vertex 0 -24.5705 24.5002
      vertex -4.5 -24.2811 24.7728
      vertex -4.5 -24.5705 24.5002
    endloop
  endfacet
  facet normal 0 -0.995052 0.0993543
    outer loop
      vertex -4.5 -25.9911 21.2981
      vertex 0 -25.9516 21.6937
      vertex -4.5 -25.9516 21.6937
    endloop
  endfacet
  facet normal 0 -0.995052 0.0993543
    outer loop
      vertex 0 -25.9516 21.6937
      vertex -4.5 -25.9911 21.2981
      vertex 0 -25.9911 21.2981
    endloop
  endfacet
  facet normal 0 -0.943347 0.331807
    outer loop
      vertex -4.5 -25.7793 22.4693
      vertex 0 -25.6474 22.8443
      vertex -4.5 -25.6474 22.8443
    endloop
  endfacet
  facet normal 0 -0.943347 0.331807
    outer loop
      vertex 0 -25.6474 22.8443
      vertex -4.5 -25.7793 22.4693
      vertex 0 -25.7793 22.4693
    endloop
  endfacet
  facet normal 0 -0.878989 0.476842
    outer loop
      vertex -4.5 -25.4862 23.2077
      vertex 0 -25.2966 23.5572
      vertex -4.5 -25.2966 23.5572
    endloop
  endfacet
  facet normal 0 -0.878989 0.476842
    outer loop
      vertex 0 -25.2966 23.5572
      vertex -4.5 -25.4862 23.2077
      vertex 0 -25.4862 23.2077
    endloop
  endfacet
  facet normal 0 -0.792269 0.610173
    outer loop
      vertex -4.5 -25.0799 23.8905
      vertex 0 -24.8373 24.2055
      vertex -4.5 -24.8373 24.2055
    endloop
  endfacet
  facet normal 0 -0.792269 0.610173
    outer loop
      vertex 0 -24.8373 24.2055
      vertex -4.5 -25.0799 23.8905
      vertex 0 -25.0799 23.8905
    endloop
  endfacet
  facet normal 0 -0.914102 0.405485
    outer loop
      vertex -4.5 -25.6474 22.8443
      vertex 0 -25.4862 23.2077
      vertex -4.5 -25.4862 23.2077
    endloop
  endfacet
  facet normal 0 -0.914102 0.405485
    outer loop
      vertex 0 -25.4862 23.2077
      vertex -4.5 -25.6474 22.8443
      vertex 0 -25.6474 22.8443
    endloop
  endfacet
  facet normal -0 0.671144 0.741327
    outer loop
      vertex -4.5 24.5002 24.5705
      vertex 0 24.2055 24.8373
      vertex 0 24.5002 24.5705
    endloop
  endfacet
  facet normal 0 0.671144 0.741327
    outer loop
      vertex 0 24.2055 24.8373
      vertex -4.5 24.5002 24.5705
      vertex -4.5 24.2055 24.8373
    endloop
  endfacet
  facet normal -0 0.476842 0.878989
    outer loop
      vertex -4.5 23.5572 25.2966
      vertex 0 23.2077 25.4862
      vertex 0 23.5572 25.2966
    endloop
  endfacet
  facet normal 0 0.476842 0.878989
    outer loop
      vertex 0 23.2077 25.4862
      vertex -4.5 23.5572 25.2966
      vertex -4.5 23.2077 25.4862
    endloop
  endfacet
  facet normal -0 0.331807 0.943347
    outer loop
      vertex -4.5 22.8443 25.6474
      vertex 0 22.4693 25.7793
      vertex 0 22.8443 25.6474
    endloop
  endfacet
  facet normal 0 0.331807 0.943347
    outer loop
      vertex 0 22.4693 25.7793
      vertex -4.5 22.8443 25.6474
      vertex -4.5 22.4693 25.7793
    endloop
  endfacet
  facet normal 0 0.779985 0.625799
    outer loop
      vertex 0 25.0216 23.971
      vertex -4.5 24.7728 24.2811
      vertex 0 24.7728 24.2811
    endloop
  endfacet
  facet normal 0 0.779985 0.625799
    outer loop
      vertex -4.5 24.7728 24.2811
      vertex 0 25.0216 23.971
      vertex -4.5 25.0216 23.971
    endloop
  endfacet
  facet normal 0 0.905842 0.423615
    outer loop
      vertex 0 25.6098 22.9364
      vertex -4.5 25.4414 23.2965
      vertex 0 25.4414 23.2965
    endloop
  endfacet
  facet normal 0 0.905842 0.423615
    outer loop
      vertex -4.5 25.4414 23.2965
      vertex 0 25.6098 22.9364
      vertex -4.5 25.6098 22.9364
    endloop
  endfacet
  facet normal 0 0.961476 0.274887
    outer loop
      vertex 0 25.8584 22.1817
      vertex -4.5 25.7491 22.564
      vertex 0 25.7491 22.564
    endloop
  endfacet
  facet normal 0 0.961476 0.274887
    outer loop
      vertex -4.5 25.7491 22.564
      vertex 0 25.8584 22.1817
      vertex -4.5 25.8584 22.1817
    endloop
  endfacet
  facet normal 0 -0.494269 0.869309
    outer loop
      vertex -4.5 -23.2965 25.4414
      vertex 0 -23.6421 25.2449
      vertex 0 -23.2965 25.4414
    endloop
  endfacet
  facet normal 0 -0.494269 0.869309
    outer loop
      vertex 0 -23.6421 25.2449
      vertex -4.5 -23.2965 25.4414
      vertex -4.5 -23.6421 25.2449
    endloop
  endfacet
  facet normal 0 -0.423615 0.905842
    outer loop
      vertex -4.5 -22.9364 25.6098
      vertex 0 -23.2965 25.4414
      vertex 0 -22.9364 25.6098
    endloop
  endfacet
  facet normal 0 -0.423615 0.905842
    outer loop
      vertex 0 -23.2965 25.4414
      vertex -4.5 -22.9364 25.6098
      vertex -4.5 -23.2965 25.4414
    endloop
  endfacet
  facet normal 0 -0.350352 0.936618
    outer loop
      vertex -4.5 -22.564 25.7491
      vertex 0 -22.9364 25.6098
      vertex 0 -22.564 25.7491
    endloop
  endfacet
  facet normal 0 -0.350352 0.936618
    outer loop
      vertex 0 -22.9364 25.6098
      vertex -4.5 -22.564 25.7491
      vertex -4.5 -22.9364 25.6098
    endloop
  endfacet
  facet normal -0 0.610173 0.792269
    outer loop
      vertex -4.5 24.2055 24.8373
      vertex 0 23.8905 25.0799
      vertex 0 24.2055 24.8373
    endloop
  endfacet
  facet normal 0 0.610173 0.792269
    outer loop
      vertex 0 23.8905 25.0799
      vertex -4.5 24.2055 24.8373
      vertex -4.5 23.8905 25.0799
    endloop
  endfacet
  facet normal 0 0.869309 0.494269
    outer loop
      vertex 0 25.4414 23.2965
      vertex -4.5 25.2449 23.6421
      vertex 0 25.2449 23.6421
    endloop
  endfacet
  facet normal 0 0.869309 0.494269
    outer loop
      vertex -4.5 25.2449 23.6421
      vertex 0 25.4414 23.2965
      vertex -4.5 25.4414 23.2965
    endloop
  endfacet
  facet normal 0 0.936618 0.350352
    outer loop
      vertex 0 25.7491 22.564
      vertex -4.5 25.6098 22.9364
      vertex 0 25.6098 22.9364
    endloop
  endfacet
  facet normal 0 0.936618 0.350352
    outer loop
      vertex -4.5 25.6098 22.9364
      vertex 0 25.7491 22.564
      vertex -4.5 25.7491 22.564
    endloop
  endfacet
  facet normal 0 0.992899 0.118957
    outer loop
      vertex 0 25.9842 21.3972
      vertex -4.5 25.9369 21.792
      vertex 0 25.9369 21.792
    endloop
  endfacet
  facet normal 0 0.992899 0.118957
    outer loop
      vertex -4.5 25.9369 21.792
      vertex 0 25.9842 21.3972
      vertex -4.5 25.9842 21.3972
    endloop
  endfacet
  facet normal 0 0.980309 0.19747
    outer loop
      vertex 0 25.9369 21.792
      vertex -4.5 25.8584 22.1817
      vertex 0 25.8584 22.1817
    endloop
  endfacet
  facet normal 0 0.980309 0.19747
    outer loop
      vertex -4.5 25.8584 22.1817
      vertex 0 25.9369 21.792
      vertex -4.5 25.9369 21.792
    endloop
  endfacet
  facet normal 0 -0.274887 0.961476
    outer loop
      vertex -4.5 -22.1817 25.8584
      vertex 0 -22.564 25.7491
      vertex 0 -22.1817 25.8584
    endloop
  endfacet
  facet normal 0 -0.274887 0.961476
    outer loop
      vertex 0 -22.564 25.7491
      vertex -4.5 -22.1817 25.8584
      vertex -4.5 -22.564 25.7491
    endloop
  endfacet
  facet normal 0 0 -1
    outer loop
      vertex 50.8 -21 0
      vertex 48 -21 0
      vertex 50.8 -10.4 0
    endloop
  endfacet
  facet normal 0 0 -1
    outer loop
      vertex 78.9658 -14.3131 0
      vertex 79 -7.4 0
      vertex 79.295 -14.5032 0
    endloop
  endfacet
  facet normal 0 0 -1
    outer loop
      vertex 78.5953 -14.2286 0
      vertex 79 -7.4 0
      vertex 78.9658 -14.3131 0
    endloop
  endfacet
  facet normal 0 0 -1
    outer loop
      vertex 78.2163 -14.257 0
      vertex 79 -7.4 0
      vertex 78.5953 -14.2286 0
    endloop
  endfacet
  facet normal 0 0 -1
    outer loop
      vertex 74 -10.4 0
      vertex 78.2163 -14.257 0
      vertex 77.8625 -14.3958 0
    endloop
  endfacet
  facet normal 0 0 -1
    outer loop
      vertex 74 -10.4 0
      vertex 77.8625 -14.3958 0
      vertex 77.5654 -14.6328 0
    endloop
  endfacet
  facet normal 0 0 -1
    outer loop
      vertex 74 -10.4 0
      vertex 77.5654 -14.6328 0
      vertex 77.3513 -14.9468 0
    endloop
  endfacet
  facet normal 0 0 -1
    outer loop
      vertex 74 -16.9 0
      vertex 77.3513 -14.9468 0
      vertex 77.2392 -15.31 0
    endloop
  endfacet
  facet normal 0 0 -1
    outer loop
      vertex 75.0305 -18.9225 0
      vertex 77.5654 -16.3672 0
      vertex 75.365 -19.1275 0
    endloop
  endfacet
  facet normal 0 0 -1
    outer loop
      vertex 74.7322 -18.6678 0
      vertex 77.5654 -16.3672 0
      vertex 75.0305 -18.9225 0
    endloop
  endfacet
  facet normal 0 0 -1
    outer loop
      vertex 74.4775 -18.3695 0
      vertex 77.5654 -16.3672 0
      vertex 74.7322 -18.6678 0
    endloop
  endfacet
  facet normal -0 0 -1
    outer loop
      vertex 77.5654 -16.3672 0
      vertex 74.4775 -18.3695 0
      vertex 77.3513 -16.0532 0
    endloop
  endfacet
  facet normal 0 0 -1
    outer loop
      vertex 74.2725 -18.035 0
      vertex 77.3513 -16.0532 0
      vertex 74.4775 -18.3695 0
    endloop
  endfacet
  facet normal 0 0 -1
    outer loop
      vertex 74.1224 -17.6725 0
      vertex 77.3513 -16.0532 0
      vertex 74.2725 -18.035 0
    endloop
  endfacet
  facet normal 0 0 -1
    outer loop
      vertex 74.0308 -17.2911 0
      vertex 77.3513 -16.0532 0
      vertex 74.1224 -17.6725 0
    endloop
  endfacet
  facet normal 0 0 -1
    outer loop
      vertex 74 -16.9 0
      vertex 77.3513 -16.0532 0
      vertex 74.0308 -17.2911 0
    endloop
  endfacet
  facet normal -0 0 -1
    outer loop
      vertex 77.3513 -16.0532 0
      vertex 74 -16.9 0
      vertex 77.2392 -15.69 0
    endloop
  endfacet
  facet normal -0 0 -1
    outer loop
      vertex 77.2392 -15.69 0
      vertex 74 -16.9 0
      vertex 77.2392 -15.31 0
    endloop
  endfacet
  facet normal -0 0 -1
    outer loop
      vertex 77.3513 -14.9468 0
      vertex 74 -16.9 0
      vertex 74 -10.4 0
    endloop
  endfacet
  facet normal 0 0 -1
    outer loop
      vertex 78.2163 -14.257 0
      vertex 74 -10.4 0
      vertex 79 -7.4 0
    endloop
  endfacet
  facet normal 0 0 -1
    outer loop
      vertex 47.8438 -7.4 0
      vertex 74 -10.4 0
      vertex 50.8 -10.4 0
    endloop
  endfacet
  facet normal 0 0 -1
    outer loop
      vertex 48 -7.9 0
      vertex 50.8 -10.4 0
      vertex 48 -21 0
    endloop
  endfacet
  facet normal 0 0 -1
    outer loop
      vertex 47.8438 -7.4 0
      vertex 50.8 -10.4 0
      vertex 48 -7.9 0
    endloop
  endfacet
  facet normal 0 0 -1
    outer loop
      vertex 74 -10.4 0
      vertex 47.8438 -7.4 0
      vertex 79 -7.4 0
    endloop
  endfacet
  facet normal 0 0 -1
    outer loop
      vertex 83 -16.9 0
      vertex 79.7184 -15.8758 0
      vertex 79.775 -15.5 0
    endloop
  endfacet
  facet normal 0 0 -1
    outer loop
      vertex 80.8911 -19.3692 0
      vertex 79.5535 -16.2182 0
      vertex 79.7184 -15.8758 0
    endloop
  endfacet
  facet normal 0 0 -1
    outer loop
      vertex 80.8911 -19.3692 0
      vertex 79.295 -16.4968 0
      vertex 79.5535 -16.2182 0
    endloop
  endfacet
  facet normal 0 0 -1
    outer loop
      vertex 80.5 -19.4 0
      vertex 78.9658 -16.6869 0
      vertex 79.295 -16.4968 0
    endloop
  endfacet
  facet normal 0 0 -1
    outer loop
      vertex 80.5 -19.4 0
      vertex 78.5953 -16.7714 0
      vertex 78.9658 -16.6869 0
    endloop
  endfacet
  facet normal 0 0 -1
    outer loop
      vertex 76.5 -19.4 0
      vertex 78.5953 -16.7714 0
      vertex 80.5 -19.4 0
    endloop
  endfacet
  facet normal -0 0 -1
    outer loop
      vertex 78.5953 -16.7714 0
      vertex 76.5 -19.4 0
      vertex 78.2163 -16.743 0
    endloop
  endfacet
  facet normal -0 0 -1
    outer loop
      vertex 78.2163 -16.743 0
      vertex 76.5 -19.4 0
      vertex 77.8625 -16.6042 0
    endloop
  endfacet
  facet normal 0 0 -1
    outer loop
      vertex 75.365 -19.1275 0
      vertex 77.5654 -16.3672 0
      vertex 75.7275 -19.2776 0
    endloop
  endfacet
  facet normal 0 0 -1
    outer loop
      vertex 75.7275 -19.2776 0
      vertex 77.5654 -16.3672 0
      vertex 76.1089 -19.3692 0
    endloop
  endfacet
  facet normal 0 0 -1
    outer loop
      vertex 76.1089 -19.3692 0
      vertex 77.5654 -16.3672 0
      vertex 76.5 -19.4 0
    endloop
  endfacet
  facet normal -0 0 -1
    outer loop
      vertex 77.8625 -16.6042 0
      vertex 76.5 -19.4 0
      vertex 77.5654 -16.3672 0
    endloop
  endfacet
  facet normal 0 0 -1
    outer loop
      vertex 79.7184 -15.8758 0
      vertex 83 -16.9 0
      vertex 82.9692 -17.2911 0
    endloop
  endfacet
  facet normal 0 0 -1
    outer loop
      vertex 79.7184 -15.8758 0
      vertex 82.5225 -18.3695 0
      vertex 82.2678 -18.6678 0
    endloop
  endfacet
  facet normal 0 0 -1
    outer loop
      vertex 79.7184 -15.8758 0
      vertex 82.2678 -18.6678 0
      vertex 81.9695 -18.9225 0
    endloop
  endfacet
  facet normal 0 0 -1
    outer loop
      vertex 79.7184 -15.8758 0
      vertex 81.9695 -18.9225 0
      vertex 81.635 -19.1275 0
    endloop
  endfacet
  facet normal 0 0 -1
    outer loop
      vertex 79.7184 -15.8758 0
      vertex 81.635 -19.1275 0
      vertex 81.2725 -19.2776 0
    endloop
  endfacet
  facet normal 0 0 -1
    outer loop
      vertex 79.7184 -15.8758 0
      vertex 81.2725 -19.2776 0
      vertex 80.8911 -19.3692 0
    endloop
  endfacet
  facet normal 0 0 -1
    outer loop
      vertex 79.295 -16.4968 0
      vertex 80.8911 -19.3692 0
      vertex 80.5 -19.4 0
    endloop
  endfacet
  facet normal 0 0 -1
    outer loop
      vertex 83 -16.9 0
      vertex 79.775 -15.5 0
      vertex 79.7184 -15.1242 0
    endloop
  endfacet
  facet normal 0 0 -1
    outer loop
      vertex 79.5535 -14.7818 0
      vertex 83 -16.9 0
      vertex 79.7184 -15.1242 0
    endloop
  endfacet
  facet normal 0 0 -1
    outer loop
      vertex 79 -7.4 0
      vertex 83 -16.9 0
      vertex 79.5535 -14.7818 0
    endloop
  endfacet
  facet normal 0 0 -1
    outer loop
      vertex 79 -7.4 0
      vertex 79.5535 -14.7818 0
      vertex 79.295 -14.5032 0
    endloop
  endfacet
  facet normal 0 0 -1
    outer loop
      vertex 83 -16.9 0
      vertex 79 -7.4 0
      vertex 82.6 -3.3 0
    endloop
  endfacet
  facet normal -0 0 -1
    outer loop
      vertex 82.6 -3.3 0
      vertex 79 -7.4 0
      vertex 79 -3.3 0
    endloop
  endfacet
  facet normal 0 0 -1
    outer loop
      vertex 79.7184 -15.8758 0
      vertex 82.9692 -17.2911 0
      vertex 82.8776 -17.6725 0
    endloop
  endfacet
  facet normal 0 0 -1
    outer loop
      vertex 79.7184 -15.8758 0
      vertex 82.8776 -17.6725 0
      vertex 82.7275 -18.035 0
    endloop
  endfacet
  facet normal 0 0 -1
    outer loop
      vertex 79.7184 -15.8758 0
      vertex 82.7275 -18.035 0
      vertex 82.5225 -18.3695 0
    endloop
  endfacet
  facet normal 0 0 -1
    outer loop
      vertex 83 -16.9 0
      vertex 82.6 -3.3 0
      vertex 83 10.4 0
    endloop
  endfacet
  facet normal 0 0 -1
    outer loop
      vertex 82.6 3.3 0
      vertex 83 10.4 0
      vertex 82.6 -3.3 0
    endloop
  endfacet
  facet normal 0 0 -1
    outer loop
      vertex 79 7.4 0
      vertex 83 10.4 0
      vertex 82.6 3.3 0
    endloop
  endfacet
  facet normal 0 0 -1
    outer loop
      vertex 79 7.4 0
      vertex 82.6 3.3 0
      vertex 79 3.3 0
    endloop
  endfacet
  facet normal -0 0 -1
    outer loop
      vertex 83 10.4 0
      vertex 79 7.4 0
      vertex 80 10.4 0
    endloop
  endfacet
  facet normal 0 0 -1
    outer loop
      vertex 78 7.4 0
      vertex 80 10.4 0
      vertex 79 7.4 0
    endloop
  endfacet
  facet normal -0 0 -1
    outer loop
      vertex 80 10.4 0
      vertex 78 7.4 0
      vertex 78 15.4 0
    endloop
  endfacet
  facet normal 0 0 -1
    outer loop
      vertex 80 10.4 0
      vertex 78 15.4 0
      vertex 80 15.4 0
    endloop
  endfacet
  facet normal 0 0 -1
    outer loop
      vertex -1.9 3.1 0
      vertex 0 7.4 0
      vertex 0 3.1 0
    endloop
  endfacet
  facet normal 0 0 -1
    outer loop
      vertex 0 7.4 0
      vertex -1.9 11.2 0
      vertex 0 16.9 0
    endloop
  endfacet
  facet normal -0 0 -1
    outer loop
      vertex 0 7.4 0
      vertex -1.9 3.1 0
      vertex -1.9 11.2 0
    endloop
  endfacet
  facet normal 0 0 -1
    outer loop
      vertex -4.5 11.2 0
      vertex 0 16.9 0
      vertex -1.9 11.2 0
    endloop
  endfacet
  facet normal -0 0 -1
    outer loop
      vertex 0 16.9 0
      vertex -4.5 11.2 0
      vertex -4.5 26 0
    endloop
  endfacet
  facet normal 0 0 -1
    outer loop
      vertex 0 16.9 0
      vertex -4.5 26 0
      vertex 0 26 0
    endloop
  endfacet
  facet normal 0 0 -1
    outer loop
      vertex 64 7.4 0
      vertex 62 10.4 0
      vertex 64 15.4 0
    endloop
  endfacet
  facet normal 0 0 -1
    outer loop
      vertex 64 7.4 0
      vertex 9 10.4 0
      vertex 62 10.4 0
    endloop
  endfacet
  facet normal 0 0 -1
    outer loop
      vertex 5.71836 15.1242 0
      vertex 9 16.9 0
      vertex 9 10.4 0
    endloop
  endfacet
  facet normal 0 -0 -1
    outer loop
      vertex 5.775 15.5 0
      vertex 9 16.9 0
      vertex 5.71836 15.1242 0
    endloop
  endfacet
  facet normal 0 0 -1
    outer loop
      vertex 5.71836 15.8758 0
      vertex 9 16.9 0
      vertex 5.775 15.5 0
    endloop
  endfacet
  facet normal 0 0 -1
    outer loop
      vertex 5.55345 16.2182 0
      vertex 9 16.9 0
      vertex 5.71836 15.8758 0
    endloop
  endfacet
  facet normal -0 0 -1
    outer loop
      vertex 9 16.9 0
      vertex 5.55345 16.2182 0
      vertex 8.96922 17.2911 0
    endloop
  endfacet
  facet normal -0 0 -1
    outer loop
      vertex 8.87764 17.6725 0
      vertex 5.55345 16.2182 0
      vertex 8.72752 18.035 0
    endloop
  endfacet
  facet normal -0 0 -1
    outer loop
      vertex 8.72752 18.035 0
      vertex 5.55345 16.2182 0
      vertex 8.52254 18.3695 0
    endloop
  endfacet
  facet normal -0 0 -1
    outer loop
      vertex 8.52254 18.3695 0
      vertex 5.55345 16.2182 0
      vertex 8.26776 18.6678 0
    endloop
  endfacet
  facet normal -0 0 -1
    outer loop
      vertex 8.26776 18.6678 0
      vertex 5.55345 16.2182 0
      vertex 7.96947 18.9225 0
    endloop
  endfacet
  facet normal -0 0 -1
    outer loop
      vertex 7.96947 18.9225 0
      vertex 5.55345 16.2182 0
      vertex 7.63498 19.1275 0
    endloop
  endfacet
  facet normal -0 0 -1
    outer loop
      vertex 7.63498 19.1275 0
      vertex 5.55345 16.2182 0
      vertex 7.27254 19.2776 0
    endloop
  endfacet
  facet normal -0 0 -1
    outer loop
      vertex 8.96922 17.2911 0
      vertex 5.55345 16.2182 0
      vertex 8.87764 17.6725 0
    endloop
  endfacet
  facet normal 0 0 -1
    outer loop
      vertex 9 10.4 0
      vertex 5.55345 14.7818 0
      vertex 5.71836 15.1242 0
    endloop
  endfacet
  facet normal 0 0 -1
    outer loop
      vertex 9 10.4 0
      vertex 5.29495 14.5032 0
      vertex 5.55345 14.7818 0
    endloop
  endfacet
  facet normal 0 0 -1
    outer loop
      vertex 9 10.4 0
      vertex 4.96581 14.3131 0
      vertex 5.29495 14.5032 0
    endloop
  endfacet
  facet normal 0 0 -1
    outer loop
      vertex 9 10.4 0
      vertex 4.59528 14.2286 0
      vertex 4.96581 14.3131 0
    endloop
  endfacet
  facet normal 0 0 -1
    outer loop
      vertex 0 7.4 0
      vertex 4.59528 14.2286 0
      vertex 9 10.4 0
    endloop
  endfacet
  facet normal -0 0 -1
    outer loop
      vertex 4.59528 14.2286 0
      vertex 0 7.4 0
      vertex 4.21629 14.257 0
    endloop
  endfacet
  facet normal 0 0 -1
    outer loop
      vertex 0 16.9 0
      vertex 3.23924 15.69 0
      vertex 3.23924 15.31 0
    endloop
  endfacet
  facet normal 0 0 -1
    outer loop
      vertex 3.23924 15.69 0
      vertex 2.10892 19.3692 0
      vertex 2.5 19.4 0
    endloop
  endfacet
  facet normal 0 0 -1
    outer loop
      vertex 3.23924 15.69 0
      vertex 1.72746 19.2776 0
      vertex 2.10892 19.3692 0
    endloop
  endfacet
  facet normal 0 0 -1
    outer loop
      vertex 0 16.9 0
      vertex 3.23924 15.31 0
      vertex 3.35126 14.9468 0
    endloop
  endfacet
  facet normal 0 0 -1
    outer loop
      vertex 3.23924 15.69 0
      vertex 1.36502 19.1275 0
      vertex 1.72746 19.2776 0
    endloop
  endfacet
  facet normal 0 0 -1
    outer loop
      vertex 3.23924 15.69 0
      vertex 1.03053 18.9225 0
      vertex 1.36502 19.1275 0
    endloop
  endfacet
  facet normal 0 0 -1
    outer loop
      vertex 3.23924 15.69 0
      vertex 0.732239 18.6678 0
      vertex 1.03053 18.9225 0
    endloop
  endfacet
  facet normal 0 0 -1
    outer loop
      vertex 0 7.4 0
      vertex 3.35126 14.9468 0
      vertex 3.56536 14.6328 0
    endloop
  endfacet
  facet normal 0 0 -1
    outer loop
      vertex 3.23924 15.69 0
      vertex 0.477463 18.3695 0
      vertex 0.732239 18.6678 0
    endloop
  endfacet
  facet normal 0 0 -1
    outer loop
      vertex 3.23924 15.69 0
      vertex 0.272476 18.035 0
      vertex 0.477463 18.3695 0
    endloop
  endfacet
  facet normal 0 0 -1
    outer loop
      vertex 3.23924 15.69 0
      vertex 0.12236 17.6725 0
      vertex 0.272476 18.035 0
    endloop
  endfacet
  facet normal 0 0 -1
    outer loop
      vertex 3.23924 15.69 0
      vertex 0.030777 17.2911 0
      vertex 0.12236 17.6725 0
    endloop
  endfacet
  facet normal 0 0 -1
    outer loop
      vertex 0 7.4 0
      vertex 3.56536 14.6328 0
      vertex 3.8625 14.3958 0
    endloop
  endfacet
  facet normal -0 0 -1
    outer loop
      vertex 4.21629 14.257 0
      vertex 0 7.4 0
      vertex 3.8625 14.3958 0
    endloop
  endfacet
  facet normal 0 0 -1
    outer loop
      vertex 0 7.4 0
      vertex 9 10.4 0
      vertex 64 7.4 0
    endloop
  endfacet
  facet normal -0 0 -1
    outer loop
      vertex 3.35126 14.9468 0
      vertex 0 7.4 0
      vertex 0 16.9 0
    endloop
  endfacet
  facet normal 0 0 -1
    outer loop
      vertex 3.23924 15.69 0
      vertex 0 16.9 0
      vertex 0.030777 17.2911 0
    endloop
  endfacet
  facet normal -0 0 -1
    outer loop
      vertex 64 15.4 0
      vertex 62 10.4 0
      vertex 62 15.4 0
    endloop
  endfacet
  facet normal 0 0 -1
    outer loop
      vertex 5.29495 16.4968 0
      vertex 7.27254 19.2776 0
      vertex 5.55345 16.2182 0
    endloop
  endfacet
  facet normal -0 0 -1
    outer loop
      vertex 7.27254 19.2776 0
      vertex 5.29495 16.4968 0
      vertex 6.89108 19.3692 0
    endloop
  endfacet
  facet normal -0 0 -1
    outer loop
      vertex 6.89108 19.3692 0
      vertex 5.29495 16.4968 0
      vertex 6.5 19.4 0
    endloop
  endfacet
  facet normal 0 0 -1
    outer loop
      vertex 4.96581 16.6869 0
      vertex 6.5 19.4 0
      vertex 5.29495 16.4968 0
    endloop
  endfacet
  facet normal 0 0 -1
    outer loop
      vertex 4.59528 16.7714 0
      vertex 6.5 19.4 0
      vertex 4.96581 16.6869 0
    endloop
  endfacet
  facet normal 0 0 -1
    outer loop
      vertex 2.5 19.4 0
      vertex 4.59528 16.7714 0
      vertex 4.21629 16.743 0
    endloop
  endfacet
  facet normal 0 0 -1
    outer loop
      vertex 2.5 19.4 0
      vertex 4.21629 16.743 0
      vertex 3.8625 16.6042 0
    endloop
  endfacet
  facet normal 0 0 -1
    outer loop
      vertex 2.5 19.4 0
      vertex 3.8625 16.6042 0
      vertex 3.56536 16.3672 0
    endloop
  endfacet
  facet normal 0 0 -1
    outer loop
      vertex 4.59528 16.7714 0
      vertex 2.5 19.4 0
      vertex 6.5 19.4 0
    endloop
  endfacet
  facet normal 0 0 -1
    outer loop
      vertex 3.35126 16.0532 0
      vertex 2.5 19.4 0
      vertex 3.56536 16.3672 0
    endloop
  endfacet
  facet normal 0 0 -1
    outer loop
      vertex 2.5 19.4 0
      vertex 3.35126 16.0532 0
      vertex 3.23924 15.69 0
    endloop
  endfacet
  facet normal 0 0 -1
    outer loop
      vertex 5.55345 -16.2182 0
      vertex 9 -16.9 0
      vertex 8.96922 -17.2911 0
    endloop
  endfacet
  facet normal 0 0 -1
    outer loop
      vertex 19.2 -10.4 0
      vertex 22 -21 0
      vertex 19.2 -21 0
    endloop
  endfacet
  facet normal 0 0 -1
    outer loop
      vertex 22 -21 0
      vertex 19.2 -10.4 0
      vertex 22 -7.9 0
    endloop
  endfacet
  facet normal 0 0 -1
    outer loop
      vertex 19.2 -10.4 0
      vertex 22.1562 -7.4 0
      vertex 22 -7.9 0
    endloop
  endfacet
  facet normal 0 0 -1
    outer loop
      vertex 9 -10.4 0
      vertex 22.1562 -7.4 0
      vertex 19.2 -10.4 0
    endloop
  endfacet
  facet normal 0 0 -1
    outer loop
      vertex 5.55345 -16.2182 0
      vertex 8.96922 -17.2911 0
      vertex 8.87764 -17.6725 0
    endloop
  endfacet
  facet normal 0 0 -1
    outer loop
      vertex 5.55345 -16.2182 0
      vertex 8.87764 -17.6725 0
      vertex 8.72752 -18.035 0
    endloop
  endfacet
  facet normal 0 0 -1
    outer loop
      vertex 5.55345 -16.2182 0
      vertex 8.72752 -18.035 0
      vertex 8.52254 -18.3695 0
    endloop
  endfacet
  facet normal 0 0 -1
    outer loop
      vertex 5.55345 -16.2182 0
      vertex 8.52254 -18.3695 0
      vertex 8.26776 -18.6678 0
    endloop
  endfacet
  facet normal 0 0 -1
    outer loop
      vertex 5.55345 -16.2182 0
      vertex 8.26776 -18.6678 0
      vertex 7.96947 -18.9225 0
    endloop
  endfacet
  facet normal 0 0 -1
    outer loop
      vertex 5.55345 -16.2182 0
      vertex 7.96947 -18.9225 0
      vertex 7.63498 -19.1275 0
    endloop
  endfacet
  facet normal 0 0 -1
    outer loop
      vertex 5.55345 -16.2182 0
      vertex 7.63498 -19.1275 0
      vertex 7.27254 -19.2776 0
    endloop
  endfacet
  facet normal 0 0 -1
    outer loop
      vertex 5.29495 -16.4968 0
      vertex 7.27254 -19.2776 0
      vertex 6.89108 -19.3692 0
    endloop
  endfacet
  facet normal 0 0 -1
    outer loop
      vertex 5.29495 -16.4968 0
      vertex 6.89108 -19.3692 0
      vertex 6.5 -19.4 0
    endloop
  endfacet
  facet normal 0 0 -1
    outer loop
      vertex 9 -16.9 0
      vertex 5.775 -15.5 0
      vertex 5.71836 -15.1242 0
    endloop
  endfacet
  facet normal 0 0 -1
    outer loop
      vertex 9 -16.9 0
      vertex 5.71836 -15.1242 0
      vertex 9 -10.4 0
    endloop
  endfacet
  facet normal 0 0 -1
    outer loop
      vertex 5.55345 -14.7818 0
      vertex 9 -10.4 0
      vertex 5.71836 -15.1242 0
    endloop
  endfacet
  facet normal 0 0 -1
    outer loop
      vertex 5.29495 -14.5032 0
      vertex 9 -10.4 0
      vertex 5.55345 -14.7818 0
    endloop
  endfacet
  facet normal 0 0 -1
    outer loop
      vertex 4.96581 -14.3131 0
      vertex 9 -10.4 0
      vertex 5.29495 -14.5032 0
    endloop
  endfacet
  facet normal 0 0 -1
    outer loop
      vertex 4.59528 -14.2286 0
      vertex 9 -10.4 0
      vertex 4.96581 -14.3131 0
    endloop
  endfacet
  facet normal 0 0 -1
    outer loop
      vertex 0 -7.4 0
      vertex 4.59528 -14.2286 0
      vertex 4.21629 -14.257 0
    endloop
  endfacet
  facet normal 0 0 -1
    outer loop
      vertex 0 -7.4 0
      vertex 4.21629 -14.257 0
      vertex 3.8625 -14.3958 0
    endloop
  endfacet
  facet normal 0 0 -1
    outer loop
      vertex 1.03053 -18.9225 0
      vertex 3.56536 -16.3672 0
      vertex 1.36502 -19.1275 0
    endloop
  endfacet
  facet normal 0 0 -1
    outer loop
      vertex 0.732239 -18.6678 0
      vertex 3.56536 -16.3672 0
      vertex 1.03053 -18.9225 0
    endloop
  endfacet
  facet normal 0 0 -1
    outer loop
      vertex 0.477463 -18.3695 0
      vertex 3.56536 -16.3672 0
      vertex 0.732239 -18.6678 0
    endloop
  endfacet
  facet normal -0 0 -1
    outer loop
      vertex 3.56536 -16.3672 0
      vertex 0.477463 -18.3695 0
      vertex 3.35126 -16.0532 0
    endloop
  endfacet
  facet normal 0 0 -1
    outer loop
      vertex 0.272476 -18.035 0
      vertex 3.35126 -16.0532 0
      vertex 0.477463 -18.3695 0
    endloop
  endfacet
  facet normal 0 0 -1
    outer loop
      vertex 0.12236 -17.6725 0
      vertex 3.35126 -16.0532 0
      vertex 0.272476 -18.035 0
    endloop
  endfacet
  facet normal 0 0 -1
    outer loop
      vertex 0.030777 -17.2911 0
      vertex 3.35126 -16.0532 0
      vertex 0.12236 -17.6725 0
    endloop
  endfacet
  facet normal 0 0 -1
    outer loop
      vertex 0 -16.9 0
      vertex 3.35126 -16.0532 0
      vertex 0.030777 -17.2911 0
    endloop
  endfacet
  facet normal -0 0 -1
    outer loop
      vertex 3.35126 -16.0532 0
      vertex 0 -16.9 0
      vertex 3.23924 -15.69 0
    endloop
  endfacet
  facet normal -0 0 -1
    outer loop
      vertex 3.23924 -15.69 0
      vertex 0 -16.9 0
      vertex 3.23924 -15.31 0
    endloop
  endfacet
  facet normal -0 0 -1
    outer loop
      vertex 3.23924 -15.31 0
      vertex 0 -16.9 0
      vertex 3.35126 -14.9468 0
    endloop
  endfacet
  facet normal 0 0 -1
    outer loop
      vertex -1.9 -11.2 0
      vertex 3.35126 -14.9468 0
      vertex 0 -16.9 0
    endloop
  endfacet
  facet normal 0 0 -1
    outer loop
      vertex 3.35126 -14.9468 0
      vertex -1.9 -11.2 0
      vertex 3.56536 -14.6328 0
    endloop
  endfacet
  facet normal 0 0 -1
    outer loop
      vertex 3.56536 -14.6328 0
      vertex -1.9 -11.2 0
      vertex 3.8625 -14.3958 0
    endloop
  endfacet
  facet normal 0 0 -1
    outer loop
      vertex 9 -10.4 0
      vertex 0 -7.4 0
      vertex 22.1562 -7.4 0
    endloop
  endfacet
  facet normal 0 -0 -1
    outer loop
      vertex 0 -7.4 0
      vertex 3.8625 -14.3958 0
      vertex -1.9 -11.2 0
    endloop
  endfacet
  facet normal 0 0 -1
    outer loop
      vertex -4.5 -26 0
      vertex 0 -16.9 0
      vertex 0 -26 0
    endloop
  endfacet
  facet normal 0 0 -1
    outer loop
      vertex 4.59528 -14.2286 0
      vertex 0 -7.4 0
      vertex 9 -10.4 0
    endloop
  endfacet
  facet normal 0 0 -1
    outer loop
      vertex -1.9 -3.09363 0
      vertex 0 -7.4 0
      vertex -1.9 -11.2 0
    endloop
  endfacet
  facet normal 0 0 -1
    outer loop
      vertex -4.5 -11.2 0
      vertex 0 -16.9 0
      vertex -4.5 -26 0
    endloop
  endfacet
  facet normal 0 0 -1
    outer loop
      vertex 0 -16.9 0
      vertex -4.5 -11.2 0
      vertex -1.9 -11.2 0
    endloop
  endfacet
  facet normal 0 0 -1
    outer loop
      vertex 0 -7.4 0
      vertex -1.9 -3.09363 0
      vertex 0 -3.09363 0
    endloop
  endfacet
  facet normal 0 0 -1
    outer loop
      vertex 9 -16.9 0
      vertex 5.71836 -15.8758 0
      vertex 5.775 -15.5 0
    endloop
  endfacet
  facet normal 0 0 -1
    outer loop
      vertex 9 -16.9 0
      vertex 5.55345 -16.2182 0
      vertex 5.71836 -15.8758 0
    endloop
  endfacet
  facet normal 0 0 -1
    outer loop
      vertex 7.27254 -19.2776 0
      vertex 5.29495 -16.4968 0
      vertex 5.55345 -16.2182 0
    endloop
  endfacet
  facet normal 0 0 -1
    outer loop
      vertex 6.5 -19.4 0
      vertex 4.96581 -16.6869 0
      vertex 5.29495 -16.4968 0
    endloop
  endfacet
  facet normal 0 0 -1
    outer loop
      vertex 6.5 -19.4 0
      vertex 4.59528 -16.7714 0
      vertex 4.96581 -16.6869 0
    endloop
  endfacet
  facet normal 0 0 -1
    outer loop
      vertex 2.5 -19.4 0
      vertex 4.59528 -16.7714 0
      vertex 6.5 -19.4 0
    endloop
  endfacet
  facet normal -0 0 -1
    outer loop
      vertex 4.59528 -16.7714 0
      vertex 2.5 -19.4 0
      vertex 4.21629 -16.743 0
    endloop
  endfacet
  facet normal -0 0 -1
    outer loop
      vertex 4.21629 -16.743 0
      vertex 2.5 -19.4 0
      vertex 3.8625 -16.6042 0
    endloop
  endfacet
  facet normal 0 0 -1
    outer loop
      vertex 1.36502 -19.1275 0
      vertex 3.56536 -16.3672 0
      vertex 1.72746 -19.2776 0
    endloop
  endfacet
  facet normal 0 0 -1
    outer loop
      vertex 1.72746 -19.2776 0
      vertex 3.56536 -16.3672 0
      vertex 2.10892 -19.3692 0
    endloop
  endfacet
  facet normal 0 0 -1
    outer loop
      vertex 2.10892 -19.3692 0
      vertex 3.56536 -16.3672 0
      vertex 2.5 -19.4 0
    endloop
  endfacet
  facet normal -0 0 -1
    outer loop
      vertex 3.8625 -16.6042 0
      vertex 2.5 -19.4 0
      vertex 3.56536 -16.3672 0
    endloop
  endfacet
  facet normal 0 -0.993244 -0.116047
    outer loop
      vertex -4.5 17.2 15.5
      vertex 0 17.1542 15.892
      vertex -4.5 17.1542 15.892
    endloop
  endfacet
  facet normal 0 -0.993244 -0.116047
    outer loop
      vertex 0 17.1542 15.892
      vertex -4.5 17.2 15.5
      vertex 0 17.2 15.5
    endloop
  endfacet
  facet normal 0 1 -0
    outer loop
      vertex 0 13.8115 15.3026
      vertex -4.5 13.8115 15.6974
      vertex 0 13.8115 15.6974
    endloop
  endfacet
  facet normal 0 1 0
    outer loop
      vertex -4.5 13.8115 15.6974
      vertex 0 13.8115 15.3026
      vertex -4.5 13.8115 15.3026
    endloop
  endfacet
  facet normal 0 -0.835426 -0.549603
    outer loop
      vertex -4.5 17.0192 16.263
      vertex 0 16.8023 16.5927
      vertex -4.5 16.8023 16.5927
    endloop
  endfacet
  facet normal 0 -0.835426 -0.549603
    outer loop
      vertex 0 16.8023 16.5927
      vertex -4.5 17.0192 16.263
      vertex 0 17.0192 16.263
    endloop
  endfacet
  facet normal 0 -0.939719 -0.341946
    outer loop
      vertex -4.5 17.1542 15.892
      vertex 0 17.0192 16.263
      vertex -4.5 17.0192 16.263
    endloop
  endfacet
  facet normal 0 -0.939719 -0.341946
    outer loop
      vertex 0 17.0192 16.263
      vertex -4.5 17.1542 15.892
      vertex 0 17.1542 15.892
    endloop
  endfacet
  facet normal 0 -0.0580239 -0.998315
    outer loop
      vertex -4.5 15.4012 17.1971
      vertex 0 15.7952 17.1742
      vertex 0 15.4012 17.1971
    endloop
  endfacet
  facet normal -0 -0.0580239 -0.998315
    outer loop
      vertex 0 15.7952 17.1742
      vertex -4.5 15.4012 17.1971
      vertex -4.5 15.7952 17.1742
    endloop
  endfacet
  facet normal 0 -0.286813 -0.957987
    outer loop
      vertex -4.5 15.7952 17.1742
      vertex 0 16.1733 17.061
      vertex 0 15.7952 17.1742
    endloop
  endfacet
  facet normal -0 -0.286813 -0.957987
    outer loop
      vertex 0 16.1733 17.061
      vertex -4.5 15.7952 17.1742
      vertex -4.5 16.1733 17.061
    endloop
  endfacet
  facet normal 0 0.597159 -0.802123
    outer loop
      vertex -4.5 14.3334 16.7365
      vertex 0 14.65 16.9722
      vertex 0 14.3334 16.7365
    endloop
  endfacet
  facet normal 0 0.597159 -0.802123
    outer loop
      vertex 0 14.65 16.9722
      vertex -4.5 14.3334 16.7365
      vertex -4.5 14.65 16.9722
    endloop
  endfacet
  facet normal 0 0.97305 -0.230593
    outer loop
      vertex 0 13.8115 15.6974
      vertex -4.5 13.9025 16.0814
      vertex 0 13.9025 16.0814
    endloop
  endfacet
  facet normal 0 0.97305 -0.230593
    outer loop
      vertex -4.5 13.9025 16.0814
      vertex 0 13.8115 15.6974
      vertex -4.5 13.8115 15.6974
    endloop
  endfacet
  facet normal 0 0.765994 -0.642847
    outer loop
      vertex 0 14.0797 16.4342
      vertex -4.5 14.3334 16.7365
      vertex 0 14.3334 16.7365
    endloop
  endfacet
  facet normal 0 0.765994 -0.642847
    outer loop
      vertex -4.5 14.3334 16.7365
      vertex 0 14.0797 16.4342
      vertex -4.5 14.0797 16.4342
    endloop
  endfacet
  facet normal 0 -0.286813 0.957987
    outer loop
      vertex -4.5 16.1733 13.939
      vertex 0 15.7952 13.8258
      vertex 0 16.1733 13.939
    endloop
  endfacet
  facet normal 0 -0.286813 0.957987
    outer loop
      vertex 0 15.7952 13.8258
      vertex -4.5 16.1733 13.939
      vertex -4.5 15.7952 13.8258
    endloop
  endfacet
  facet normal 0 0.173511 -0.984832
    outer loop
      vertex -4.5 15.0124 17.1286
      vertex 0 15.4012 17.1971
      vertex 0 15.0124 17.1286
    endloop
  endfacet
  facet normal 0 0.173511 -0.984832
    outer loop
      vertex 0 15.4012 17.1971
      vertex -4.5 15.0124 17.1286
      vertex -4.5 15.4012 17.1971
    endloop
  endfacet
  facet normal 0 -0.500007 -0.866021
    outer loop
      vertex -4.5 16.1733 17.061
      vertex 0 16.5152 16.8636
      vertex 0 16.1733 17.061
    endloop
  endfacet
  facet normal -0 -0.500007 -0.866021
    outer loop
      vertex 0 16.5152 16.8636
      vertex -4.5 16.1733 17.061
      vertex -4.5 16.5152 16.8636
    endloop
  endfacet
  facet normal 0 0.893615 -0.448834
    outer loop
      vertex 0 13.9025 16.0814
      vertex -4.5 14.0797 16.4342
      vertex 0 14.0797 16.4342
    endloop
  endfacet
  facet normal 0 0.893615 -0.448834
    outer loop
      vertex -4.5 14.0797 16.4342
      vertex 0 13.9025 16.0814
      vertex -4.5 13.9025 16.0814
    endloop
  endfacet
  facet normal 0 0.396242 -0.918146
    outer loop
      vertex -4.5 14.65 16.9722
      vertex 0 15.0124 17.1286
      vertex 0 14.65 16.9722
    endloop
  endfacet
  facet normal 0 0.396242 -0.918146
    outer loop
      vertex 0 15.0124 17.1286
      vertex -4.5 14.65 16.9722
      vertex -4.5 15.0124 17.1286
    endloop
  endfacet
  facet normal 0 -0.939719 0.341946
    outer loop
      vertex -4.5 17.0192 14.737
      vertex 0 17.1542 15.108
      vertex -4.5 17.1542 15.108
    endloop
  endfacet
  facet normal 0 -0.939719 0.341946
    outer loop
      vertex 0 17.1542 15.108
      vertex -4.5 17.0192 14.737
      vertex 0 17.0192 14.737
    endloop
  endfacet
  facet normal -0 0.597159 0.802123
    outer loop
      vertex -4.5 14.65 14.0278
      vertex 0 14.3334 14.2635
      vertex 0 14.65 14.0278
    endloop
  endfacet
  facet normal 0 0.597159 0.802123
    outer loop
      vertex 0 14.3334 14.2635
      vertex -4.5 14.65 14.0278
      vertex -4.5 14.3334 14.2635
    endloop
  endfacet
  facet normal 0 0.765994 0.642847
    outer loop
      vertex 0 14.3334 14.2635
      vertex -4.5 14.0797 14.5658
      vertex 0 14.0797 14.5658
    endloop
  endfacet
  facet normal 0 0.765994 0.642847
    outer loop
      vertex -4.5 14.0797 14.5658
      vertex 0 14.3334 14.2635
      vertex -4.5 14.3334 14.2635
    endloop
  endfacet
  facet normal 0 -0.686289 0.727329
    outer loop
      vertex -4.5 16.8023 14.4073
      vertex 0 16.5152 14.1364
      vertex 0 16.8023 14.4073
    endloop
  endfacet
  facet normal 0 -0.686289 0.727329
    outer loop
      vertex 0 16.5152 14.1364
      vertex -4.5 16.8023 14.4073
      vertex -4.5 16.5152 14.1364
    endloop
  endfacet
  facet normal 0 -0.993244 0.116047
    outer loop
      vertex -4.5 17.1542 15.108
      vertex 0 17.2 15.5
      vertex -4.5 17.2 15.5
    endloop
  endfacet
  facet normal 0 -0.993244 0.116047
    outer loop
      vertex 0 17.2 15.5
      vertex -4.5 17.1542 15.108
      vertex 0 17.1542 15.108
    endloop
  endfacet
  facet normal 0 -0.686289 -0.727329
    outer loop
      vertex -4.5 16.5152 16.8636
      vertex 0 16.8023 16.5927
      vertex 0 16.5152 16.8636
    endloop
  endfacet
  facet normal -0 -0.686289 -0.727329
    outer loop
      vertex 0 16.8023 16.5927
      vertex -4.5 16.5152 16.8636
      vertex -4.5 16.8023 16.5927
    endloop
  endfacet
  facet normal 0 0.893615 0.448834
    outer loop
      vertex 0 14.0797 14.5658
      vertex -4.5 13.9025 14.9186
      vertex 0 13.9025 14.9186
    endloop
  endfacet
  facet normal 0 0.893615 0.448834
    outer loop
      vertex -4.5 13.9025 14.9186
      vertex 0 14.0797 14.5658
      vertex -4.5 14.0797 14.5658
    endloop
  endfacet
  facet normal 0 0.97305 0.230593
    outer loop
      vertex 0 13.9025 14.9186
      vertex -4.5 13.8115 15.3026
      vertex 0 13.8115 15.3026
    endloop
  endfacet
  facet normal 0 0.97305 0.230593
    outer loop
      vertex -4.5 13.8115 15.3026
      vertex 0 13.9025 14.9186
      vertex -4.5 13.9025 14.9186
    endloop
  endfacet
  facet normal 0 -0.500007 0.866021
    outer loop
      vertex -4.5 16.5152 14.1364
      vertex 0 16.1733 13.939
      vertex 0 16.5152 14.1364
    endloop
  endfacet
  facet normal 0 -0.500007 0.866021
    outer loop
      vertex 0 16.1733 13.939
      vertex -4.5 16.5152 14.1364
      vertex -4.5 16.1733 13.939
    endloop
  endfacet
  facet normal -0 0.396242 0.918146
    outer loop
      vertex -4.5 15.0124 13.8714
      vertex 0 14.65 14.0278
      vertex 0 15.0124 13.8714
    endloop
  endfacet
  facet normal 0 0.396242 0.918146
    outer loop
      vertex 0 14.65 14.0278
      vertex -4.5 15.0124 13.8714
      vertex -4.5 14.65 14.0278
    endloop
  endfacet
  facet normal 0 -0.0580239 0.998315
    outer loop
      vertex -4.5 15.7952 13.8258
      vertex 0 15.4012 13.8029
      vertex 0 15.7952 13.8258
    endloop
  endfacet
  facet normal 0 -0.0580239 0.998315
    outer loop
      vertex 0 15.4012 13.8029
      vertex -4.5 15.7952 13.8258
      vertex -4.5 15.4012 13.8029
    endloop
  endfacet
  facet normal -0 0.173511 0.984832
    outer loop
      vertex -4.5 15.4012 13.8029
      vertex 0 15.0124 13.8714
      vertex 0 15.4012 13.8029
    endloop
  endfacet
  facet normal 0 0.173511 0.984832
    outer loop
      vertex 0 15.0124 13.8714
      vertex -4.5 15.4012 13.8029
      vertex -4.5 15.0124 13.8714
    endloop
  endfacet
  facet normal 0 -0.835426 0.549603
    outer loop
      vertex -4.5 16.8023 14.4073
      vertex 0 17.0192 14.737
      vertex -4.5 17.0192 14.737
    endloop
  endfacet
  facet normal 0 -0.835426 0.549603
    outer loop
      vertex 0 17.0192 14.737
      vertex -4.5 16.8023 14.4073
      vertex 0 16.8023 14.4073
    endloop
  endfacet
  facet normal 0 -0.993244 -0.116047
    outer loop
      vertex -4.5 -13.8 15.5
      vertex 0 -13.8458 15.892
      vertex -4.5 -13.8458 15.892
    endloop
  endfacet
  facet normal 0 -0.993244 -0.116047
    outer loop
      vertex 0 -13.8458 15.892
      vertex -4.5 -13.8 15.5
      vertex 0 -13.8 15.5
    endloop
  endfacet
  facet normal 0 1 -0
    outer loop
      vertex 0 -17.1885 15.3026
      vertex -4.5 -17.1885 15.6974
      vertex 0 -17.1885 15.6974
    endloop
  endfacet
  facet normal 0 1 0
    outer loop
      vertex -4.5 -17.1885 15.6974
      vertex 0 -17.1885 15.3026
      vertex -4.5 -17.1885 15.3026
    endloop
  endfacet
  facet normal 0 -0.835426 -0.549603
    outer loop
      vertex -4.5 -13.9808 16.263
      vertex 0 -14.1977 16.5927
      vertex -4.5 -14.1977 16.5927
    endloop
  endfacet
  facet normal 0 -0.835426 -0.549603
    outer loop
      vertex 0 -14.1977 16.5927
      vertex -4.5 -13.9808 16.263
      vertex 0 -13.9808 16.263
    endloop
  endfacet
  facet normal 0 -0.939719 -0.341946
    outer loop
      vertex -4.5 -13.8458 15.892
      vertex 0 -13.9808 16.263
      vertex -4.5 -13.9808 16.263
    endloop
  endfacet
  facet normal 0 -0.939719 -0.341946
    outer loop
      vertex 0 -13.9808 16.263
      vertex -4.5 -13.8458 15.892
      vertex 0 -13.8458 15.892
    endloop
  endfacet
  facet normal 0 -0.0580239 -0.998315
    outer loop
      vertex -4.5 -15.5988 17.1971
      vertex 0 -15.2048 17.1742
      vertex 0 -15.5988 17.1971
    endloop
  endfacet
  facet normal -0 -0.0580239 -0.998315
    outer loop
      vertex 0 -15.2048 17.1742
      vertex -4.5 -15.5988 17.1971
      vertex -4.5 -15.2048 17.1742
    endloop
  endfacet
  facet normal 0 0.597159 -0.802123
    outer loop
      vertex -4.5 -16.6666 16.7365
      vertex 0 -16.35 16.9722
      vertex 0 -16.6666 16.7365
    endloop
  endfacet
  facet normal 0 0.597159 -0.802123
    outer loop
      vertex 0 -16.35 16.9722
      vertex -4.5 -16.6666 16.7365
      vertex -4.5 -16.35 16.9722
    endloop
  endfacet
  facet normal 0 0.97305 -0.230593
    outer loop
      vertex 0 -17.1885 15.6974
      vertex -4.5 -17.0975 16.0814
      vertex 0 -17.0975 16.0814
    endloop
  endfacet
  facet normal 0 0.97305 -0.230593
    outer loop
      vertex -4.5 -17.0975 16.0814
      vertex 0 -17.1885 15.6974
      vertex -4.5 -17.1885 15.6974
    endloop
  endfacet
  facet normal 0 0.765994 -0.642847
    outer loop
      vertex 0 -16.9203 16.4342
      vertex -4.5 -16.6666 16.7365
      vertex 0 -16.6666 16.7365
    endloop
  endfacet
  facet normal 0 0.765994 -0.642847
    outer loop
      vertex -4.5 -16.6666 16.7365
      vertex 0 -16.9203 16.4342
      vertex -4.5 -16.9203 16.4342
    endloop
  endfacet
  facet normal 0 -0.286813 0.957987
    outer loop
      vertex -4.5 -14.8267 13.939
      vertex 0 -15.2048 13.8258
      vertex 0 -14.8267 13.939
    endloop
  endfacet
  facet normal 0 -0.286813 0.957987
    outer loop
      vertex 0 -15.2048 13.8258
      vertex -4.5 -14.8267 13.939
      vertex -4.5 -15.2048 13.8258
    endloop
  endfacet
  facet normal 0 0.173511 -0.984832
    outer loop
      vertex -4.5 -15.9876 17.1286
      vertex 0 -15.5988 17.1971
      vertex 0 -15.9876 17.1286
    endloop
  endfacet
  facet normal 0 0.173511 -0.984832
    outer loop
      vertex 0 -15.5988 17.1971
      vertex -4.5 -15.9876 17.1286
      vertex -4.5 -15.5988 17.1971
    endloop
  endfacet
  facet normal 0 -0.500007 -0.866021
    outer loop
      vertex -4.5 -14.8267 17.061
      vertex 0 -14.4848 16.8636
      vertex 0 -14.8267 17.061
    endloop
  endfacet
  facet normal -0 -0.500007 -0.866021
    outer loop
      vertex 0 -14.4848 16.8636
      vertex -4.5 -14.8267 17.061
      vertex -4.5 -14.4848 16.8636
    endloop
  endfacet
  facet normal 0 0.893615 -0.448834
    outer loop
      vertex 0 -17.0975 16.0814
      vertex -4.5 -16.9203 16.4342
      vertex 0 -16.9203 16.4342
    endloop
  endfacet
  facet normal 0 0.893615 -0.448834
    outer loop
      vertex -4.5 -16.9203 16.4342
      vertex 0 -17.0975 16.0814
      vertex -4.5 -17.0975 16.0814
    endloop
  endfacet
  facet normal 0 0.396242 -0.918146
    outer loop
      vertex -4.5 -16.35 16.9722
      vertex 0 -15.9876 17.1286
      vertex 0 -16.35 16.9722
    endloop
  endfacet
  facet normal 0 0.396242 -0.918146
    outer loop
      vertex 0 -15.9876 17.1286
      vertex -4.5 -16.35 16.9722
      vertex -4.5 -15.9876 17.1286
    endloop
  endfacet
  facet normal 0 -0.939719 0.341946
    outer loop
      vertex -4.5 -13.9808 14.737
      vertex 0 -13.8458 15.108
      vertex -4.5 -13.8458 15.108
    endloop
  endfacet
  facet normal 0 -0.939719 0.341946
    outer loop
      vertex 0 -13.8458 15.108
      vertex -4.5 -13.9808 14.737
      vertex 0 -13.9808 14.737
    endloop
  endfacet
  facet normal -0 0.597159 0.802123
    outer loop
      vertex -4.5 -16.35 14.0278
      vertex 0 -16.6666 14.2635
      vertex 0 -16.35 14.0278
    endloop
  endfacet
  facet normal 0 0.597159 0.802123
    outer loop
      vertex 0 -16.6666 14.2635
      vertex -4.5 -16.35 14.0278
      vertex -4.5 -16.6666 14.2635
    endloop
  endfacet
  facet normal 0 0.765994 0.642847
    outer loop
      vertex 0 -16.6666 14.2635
      vertex -4.5 -16.9203 14.5658
      vertex 0 -16.9203 14.5658
    endloop
  endfacet
  facet normal 0 0.765994 0.642847
    outer loop
      vertex -4.5 -16.9203 14.5658
      vertex 0 -16.6666 14.2635
      vertex -4.5 -16.6666 14.2635
    endloop
  endfacet
  facet normal 0 -0.686289 0.727329
    outer loop
      vertex -4.5 -14.1977 14.4073
      vertex 0 -14.4848 14.1364
      vertex 0 -14.1977 14.4073
    endloop
  endfacet
  facet normal 0 -0.686289 0.727329
    outer loop
      vertex 0 -14.4848 14.1364
      vertex -4.5 -14.1977 14.4073
      vertex -4.5 -14.4848 14.1364
    endloop
  endfacet
  facet normal 0 -0.993244 0.116047
    outer loop
      vertex -4.5 -13.8458 15.108
      vertex 0 -13.8 15.5
      vertex -4.5 -13.8 15.5
    endloop
  endfacet
  facet normal 0 -0.993244 0.116047
    outer loop
      vertex 0 -13.8 15.5
      vertex -4.5 -13.8458 15.108
      vertex 0 -13.8458 15.108
    endloop
  endfacet
  facet normal 0 -0.686289 -0.727329
    outer loop
      vertex -4.5 -14.4848 16.8636
      vertex 0 -14.1977 16.5927
      vertex 0 -14.4848 16.8636
    endloop
  endfacet
  facet normal -0 -0.686289 -0.727329
    outer loop
      vertex 0 -14.1977 16.5927
      vertex -4.5 -14.4848 16.8636
      vertex -4.5 -14.1977 16.5927
    endloop
  endfacet
  facet normal 0 -0.286813 -0.957987
    outer loop
      vertex -4.5 -15.2048 17.1742
      vertex 0 -14.8267 17.061
      vertex 0 -15.2048 17.1742
    endloop
  endfacet
  facet normal -0 -0.286813 -0.957987
    outer loop
      vertex 0 -14.8267 17.061
      vertex -4.5 -15.2048 17.1742
      vertex -4.5 -14.8267 17.061
    endloop
  endfacet
  facet normal 0 0.893615 0.448834
    outer loop
      vertex 0 -16.9203 14.5658
      vertex -4.5 -17.0975 14.9186
      vertex 0 -17.0975 14.9186
    endloop
  endfacet
  facet normal 0 0.893615 0.448834
    outer loop
      vertex -4.5 -17.0975 14.9186
      vertex 0 -16.9203 14.5658
      vertex -4.5 -16.9203 14.5658
    endloop
  endfacet
  facet normal 0 0.97305 0.230593
    outer loop
      vertex 0 -17.0975 14.9186
      vertex -4.5 -17.1885 15.3026
      vertex 0 -17.1885 15.3026
    endloop
  endfacet
  facet normal 0 0.97305 0.230593
    outer loop
      vertex -4.5 -17.1885 15.3026
      vertex 0 -17.0975 14.9186
      vertex -4.5 -17.0975 14.9186
    endloop
  endfacet
  facet normal 0 -0.500007 0.866021
    outer loop
      vertex -4.5 -14.4848 14.1364
      vertex 0 -14.8267 13.939
      vertex 0 -14.4848 14.1364
    endloop
  endfacet
  facet normal 0 -0.500007 0.866021
    outer loop
      vertex 0 -14.8267 13.939
      vertex -4.5 -14.4848 14.1364
      vertex -4.5 -14.8267 13.939
    endloop
  endfacet
  facet normal -0 0.396242 0.918146
    outer loop
      vertex -4.5 -15.9876 13.8714
      vertex 0 -16.35 14.0278
      vertex 0 -15.9876 13.8714
    endloop
  endfacet
  facet normal 0 0.396242 0.918146
    outer loop
      vertex 0 -16.35 14.0278
      vertex -4.5 -15.9876 13.8714
      vertex -4.5 -16.35 14.0278
    endloop
  endfacet
  facet normal 0 -0.0580239 0.998315
    outer loop
      vertex -4.5 -15.2048 13.8258
      vertex 0 -15.5988 13.8029
      vertex 0 -15.2048 13.8258
    endloop
  endfacet
  facet normal 0 -0.0580239 0.998315
    outer loop
      vertex 0 -15.5988 13.8029
      vertex -4.5 -15.2048 13.8258
      vertex -4.5 -15.5988 13.8029
    endloop
  endfacet
  facet normal -0 0.173511 0.984832
    outer loop
      vertex -4.5 -15.5988 13.8029
      vertex 0 -15.9876 13.8714
      vertex 0 -15.5988 13.8029
    endloop
  endfacet
  facet normal 0 0.173511 0.984832
    outer loop
      vertex 0 -15.9876 13.8714
      vertex -4.5 -15.5988 13.8029
      vertex -4.5 -15.9876 13.8714
    endloop
  endfacet
  facet normal 0 -0.835426 0.549603
    outer loop
      vertex -4.5 -14.1977 14.4073
      vertex 0 -13.9808 14.737
      vertex -4.5 -13.9808 14.737
    endloop
  endfacet
  facet normal 0 -0.835426 0.549603
    outer loop
      vertex 0 -13.9808 14.737
      vertex -4.5 -14.1977 14.4073
      vertex 0 -14.1977 14.4073
    endloop
  endfacet
  facet normal 0 -0.57211 -0.820177
    outer loop
      vertex -1.9 1.60702 2.65094
      vertex 0 1.93282 2.42368
      vertex 0 1.60702 2.65094
    endloop
  endfacet
  facet normal -0 -0.57211 -0.820177
    outer loop
      vertex 0 1.93282 2.42368
      vertex -1.9 1.60702 2.65094
      vertex -1.9 1.93282 2.42368
    endloop
  endfacet
  facet normal 0 0.404772 -0.914418
    outer loop
      vertex -1.9 -1.43387 2.74846
      vertex 0 -1.07063 2.90925
      vertex 0 -1.43387 2.74846
    endloop
  endfacet
  facet normal 0 0.404772 -0.914418
    outer loop
      vertex 0 -1.07063 2.90925
      vertex -1.9 -1.43387 2.74846
      vertex -1.9 -1.07063 2.90925
    endloop
  endfacet
  facet normal 0 0.926916 -0.375268
    outer loop
      vertex 0 -2.94207 0.976835
      vertex -1.9 -2.793 1.34504
      vertex 0 -2.793 1.34504
    endloop
  endfacet
  facet normal 0 0.926916 -0.375268
    outer loop
      vertex -1.9 -2.793 1.34504
      vertex 0 -2.94207 0.976835
      vertex -1.9 -2.94207 0.976835
    endloop
  endfacet
  facet normal 0 -0.90097 -0.433882
    outer loop
      vertex -1.9 2.87344 1.16333
      vertex 0 2.70109 1.52122
      vertex -1.9 2.70109 1.52122
    endloop
  endfacet
  facet normal 0 -0.90097 -0.433882
    outer loop
      vertex 0 2.70109 1.52122
      vertex -1.9 2.87344 1.16333
      vertex 0 2.87344 1.16333
    endloop
  endfacet
  facet normal 0 -0.838085 -0.54554
    outer loop
      vertex -1.9 2.70109 1.52122
      vertex 0 2.48438 1.85414
      vertex -1.9 2.48438 1.85414
    endloop
  endfacet
  facet normal 0 -0.838085 -0.54554
    outer loop
      vertex 0 2.48438 1.85414
      vertex -1.9 2.70109 1.52122
      vertex 0 2.70109 1.52122
    endloop
  endfacet
  facet normal 0 0.0320466 -0.999486
    outer loop
      vertex -1.9 -0.297671 3.08568
      vertex 0 0.0993595 3.09841
      vertex 0 -0.297671 3.08568
    endloop
  endfacet
  facet normal 0 0.0320466 -0.999486
    outer loop
      vertex 0 0.0993595 3.09841
      vertex -1.9 -0.297671 3.08568
      vertex -1.9 0.0993595 3.09841
    endloop
  endfacet
  facet normal 0 0.801415 -0.598109
    outer loop
      vertex 0 -2.59807 1.69116
      vertex -1.9 -2.36048 2.00951
      vertex 0 -2.36048 2.00951
    endloop
  endfacet
  facet normal 0 0.801415 -0.598109
    outer loop
      vertex -1.9 -2.36048 2.00951
      vertex 0 -2.59807 1.69116
      vertex -1.9 -2.59807 1.69116
    endloop
  endfacet
  facet normal 0 0.518407 -0.855134
    outer loop
      vertex -1.9 -1.77356 2.54253
      vertex 0 -1.43387 2.74846
      vertex 0 -1.77356 2.54253
    endloop
  endfacet
  facet normal 0 0.518407 -0.855134
    outer loop
      vertex 0 -1.43387 2.74846
      vertex -1.9 -1.77356 2.54253
      vertex -1.9 -1.43387 2.74846
    endloop
  endfacet
  facet normal 0 0.159603 -0.987181
    outer loop
      vertex -1.9 -0.689815 3.02228
      vertex 0 -0.297671 3.08568
      vertex 0 -0.689815 3.02228
    endloop
  endfacet
  facet normal 0 0.159603 -0.987181
    outer loop
      vertex 0 -0.297671 3.08568
      vertex -1.9 -0.689815 3.02228
      vertex -1.9 -0.297671 3.08568
    endloop
  endfacet
  facet normal 0 -0.981557 -0.191171
    outer loop
      vertex -1.9 3.07455 0.396419
      vertex 0 2.99861 0.786328
      vertex -1.9 2.99861 0.786328
    endloop
  endfacet
  facet normal 0 -0.981557 -0.191171
    outer loop
      vertex 0 2.99861 0.786328
      vertex -1.9 3.07455 0.396419
      vertex 0 3.07455 0.396419
    endloop
  endfacet
  facet normal 0 -0.949058 -0.315101
    outer loop
      vertex -1.9 2.99861 0.786328
      vertex 0 2.87344 1.16333
      vertex -1.9 2.87344 1.16333
    endloop
  endfacet
  facet normal 0 -0.949058 -0.315101
    outer loop
      vertex 0 2.87344 1.16333
      vertex -1.9 2.99861 0.786328
      vertex 0 2.99861 0.786328
    endloop
  endfacet
  facet normal 0 -0.672304 -0.740275
    outer loop
      vertex -1.9 1.93282 2.42368
      vertex 0 2.22688 2.15662
      vertex 0 1.93282 2.42368
    endloop
  endfacet
  facet normal -0 -0.672304 -0.740275
    outer loop
      vertex 0 2.22688 2.15662
      vertex -1.9 1.93282 2.42368
      vertex -1.9 2.22688 2.15662
    endloop
  endfacet
  facet normal 0 -0.345361 -0.93847
    outer loop
      vertex -1.9 0.882035 2.97187
      vertex 0 1.25483 2.83468
      vertex 0 0.882035 2.97187
    endloop
  endfacet
  facet normal -0 -0.345361 -0.93847
    outer loop
      vertex 0 1.25483 2.83468
      vertex -1.9 0.882035 2.97187
      vertex -1.9 1.25483 2.83468
    endloop
  endfacet
  facet normal 0 -0.222514 -0.97493
    outer loop
      vertex -1.9 0.49476 3.06026
      vertex 0 0.882035 2.97187
      vertex 0 0.49476 3.06026
    endloop
  endfacet
  facet normal -0 -0.222514 -0.97493
    outer loop
      vertex 0 0.882035 2.97187
      vertex -1.9 0.49476 3.06026
      vertex -1.9 0.882035 2.97187
    endloop
  endfacet
  facet normal 0 1 -0
    outer loop
      vertex 0 -3.09363 0
      vertex -1.9 -3.09363 0.198617
      vertex 0 -3.09363 0.198617
    endloop
  endfacet
  facet normal 0 1 0
    outer loop
      vertex -1.9 -3.09363 0.198617
      vertex 0 -3.09363 0
      vertex -1.9 -3.09363 0
    endloop
  endfacet
  facet normal 0 0.967295 -0.253653
    outer loop
      vertex 0 -3.04283 0.592591
      vertex -1.9 -2.94207 0.976835
      vertex 0 -2.94207 0.976835
    endloop
  endfacet
  facet normal 0 0.967295 -0.253653
    outer loop
      vertex -1.9 -2.94207 0.976835
      vertex 0 -3.04283 0.592591
      vertex -1.9 -3.04283 0.592591
    endloop
  endfacet
  facet normal 0 0.87132 -0.490715
    outer loop
      vertex 0 -2.793 1.34504
      vertex -1.9 -2.59807 1.69116
      vertex 0 -2.59807 1.69116
    endloop
  endfacet
  facet normal 0 0.87132 -0.490715
    outer loop
      vertex -1.9 -2.59807 1.69116
      vertex 0 -2.793 1.34504
      vertex -1.9 -2.793 1.34504
    endloop
  endfacet
  facet normal 0 0.284542 -0.958664
    outer loop
      vertex -1.9 -1.07063 2.90925
      vertex 0 -0.689815 3.02228
      vertex 0 -1.07063 2.90925
    endloop
  endfacet
  facet normal 0 0.284542 -0.958664
    outer loop
      vertex 0 -0.689815 3.02228
      vertex -1.9 -1.07063 2.90925
      vertex -1.9 -0.689815 3.02228
    endloop
  endfacet
  facet normal 0 0.623488 -0.781833
    outer loop
      vertex -1.9 -2.08413 2.29486
      vertex 0 -1.77356 2.54253
      vertex 0 -2.08413 2.29486
    endloop
  endfacet
  facet normal 0 0.623488 -0.781833
    outer loop
      vertex 0 -1.77356 2.54253
      vertex -1.9 -2.08413 2.29486
      vertex -1.9 -1.77356 2.54253
    endloop
  endfacet
  facet normal 0 0.718344 -0.695688
    outer loop
      vertex 0 -2.36048 2.00951
      vertex -1.9 -2.08413 2.29486
      vertex 0 -2.08413 2.29486
    endloop
  endfacet
  facet normal 0 0.718344 -0.695688
    outer loop
      vertex -1.9 -2.08413 2.29486
      vertex 0 -2.36048 2.00951
      vertex -1.9 -2.36048 2.00951
    endloop
  endfacet
  facet normal 0 -0.997946 -0.0640679
    outer loop
      vertex -1.9 3.1 0
      vertex 0 3.07455 0.396419
      vertex -1.9 3.07455 0.396419
    endloop
  endfacet
  facet normal 0 -0.997946 -0.0640679
    outer loop
      vertex 0 3.07455 0.396419
      vertex -1.9 3.1 0
      vertex 0 3.1 0
    endloop
  endfacet
  facet normal 0 -0.761452 -0.648221
    outer loop
      vertex -1.9 2.48438 1.85414
      vertex 0 2.22688 2.15662
      vertex -1.9 2.22688 2.15662
    endloop
  endfacet
  facet normal 0 -0.761452 -0.648221
    outer loop
      vertex 0 2.22688 2.15662
      vertex -1.9 2.48438 1.85414
      vertex 0 2.48438 1.85414
    endloop
  endfacet
  facet normal 0 -0.462544 -0.886597
    outer loop
      vertex -1.9 1.25483 2.83468
      vertex 0 1.60702 2.65094
      vertex 0 1.25483 2.83468
    endloop
  endfacet
  facet normal -0 -0.462544 -0.886597
    outer loop
      vertex 0 1.60702 2.65094
      vertex -1.9 1.25483 2.83468
      vertex -1.9 1.60702 2.65094
    endloop
  endfacet
  facet normal 0 -0.0960385 -0.995378
    outer loop
      vertex -1.9 0.0993595 3.09841
      vertex 0 0.49476 3.06026
      vertex 0 0.0993595 3.09841
    endloop
  endfacet
  facet normal -0 -0.0960385 -0.995378
    outer loop
      vertex 0 0.49476 3.06026
      vertex -1.9 0.0993595 3.09841
      vertex -1.9 0.49476 3.06026
    endloop
  endfacet
  facet normal 0 0.991789 -0.127884
    outer loop
      vertex 0 -3.09363 0.198617
      vertex -1.9 -3.04283 0.592591
      vertex 0 -3.04283 0.592591
    endloop
  endfacet
  facet normal 0 0.991789 -0.127884
    outer loop
      vertex -1.9 -3.04283 0.592591
      vertex 0 -3.09363 0.198617
      vertex -1.9 -3.09363 0.198617
    endloop
  endfacet
  facet normal 0 -0.99939 -0.0349217
    outer loop
      vertex -4.5 11.2 0
      vertex -1.9 11.1727 0.781272
      vertex -4.5 11.1727 0.781272
    endloop
  endfacet
  facet normal 0 -0.99939 -0.0349217
    outer loop
      vertex -1.9 11.1727 0.781272
      vertex -4.5 11.2 0
      vertex -1.9 11.2 0
    endloop
  endfacet
  facet normal 0 0.99939 -0.0349217
    outer loop
      vertex -1.9 -11.2 0
      vertex -4.5 -11.1727 0.781272
      vertex -1.9 -11.1727 0.781272
    endloop
  endfacet
  facet normal 0 0.99939 -0.0349217
    outer loop
      vertex -4.5 -11.1727 0.781272
      vertex -1.9 -11.2 0
      vertex -4.5 -11.2 0
    endloop
  endfacet
  facet normal 0 0 -1
    outer loop
      vertex -4.5 -0.390874 11.1932
      vertex -1.9 0.390874 11.1932
      vertex -1.9 -0.390874 11.1932
    endloop
  endfacet
  facet normal -0 0 -1
    outer loop
      vertex -1.9 0.390874 11.1932
      vertex -4.5 -0.390874 11.1932
      vertex -4.5 0.390874 11.1932
    endloop
  endfacet
  facet normal 0 0.694655 -0.719343
    outer loop
      vertex -4.5 -8.05661 7.78017
      vertex -1.9 -7.49426 8.32322
      vertex -1.9 -8.05661 7.78017
    endloop
  endfacet
  facet normal 0 0.694655 -0.719343
    outer loop
      vertex -1.9 -7.49426 8.32322
      vertex -4.5 -8.05661 7.78017
      vertex -4.5 -7.49426 8.32322
    endloop
  endfacet
  facet normal 0 0.40677 -0.913531
    outer loop
      vertex -4.5 -4.90976 10.0665
      vertex -1.9 -4.19559 10.3845
      vertex -1.9 -4.90976 10.0665
    endloop
  endfacet
  facet normal 0 0.40677 -0.913531
    outer loop
      vertex -1.9 -4.19559 10.3845
      vertex -4.5 -4.90976 10.0665
      vertex -4.5 -4.19559 10.3845
    endloop
  endfacet
  facet normal 0 -0.40677 -0.913531
    outer loop
      vertex -4.5 4.19559 10.3845
      vertex -1.9 4.90976 10.0665
      vertex -1.9 4.19559 10.3845
    endloop
  endfacet
  facet normal -0 -0.40677 -0.913531
    outer loop
      vertex -1.9 4.90976 10.0665
      vertex -4.5 4.19559 10.3845
      vertex -4.5 4.90976 10.0665
    endloop
  endfacet
  facet normal 0 0.92716 -0.374666
    outer loop
      vertex -1.9 -10.5246 3.83063
      vertex -4.5 -10.2317 4.55545
      vertex -1.9 -10.2317 4.55545
    endloop
  endfacet
  facet normal 0 0.92716 -0.374666
    outer loop
      vertex -4.5 -10.2317 4.55545
      vertex -1.9 -10.5246 3.83063
      vertex -4.5 -10.5246 3.83063
    endloop
  endfacet
  facet normal 0 0.207868 -0.978157
    outer loop
      vertex -4.5 -2.70953 10.8673
      vertex -1.9 -1.94486 11.0298
      vertex -1.9 -2.70953 10.8673
    endloop
  endfacet
  facet normal 0 0.207868 -0.978157
    outer loop
      vertex -1.9 -1.94486 11.0298
      vertex -4.5 -2.70953 10.8673
      vertex -4.5 -1.94486 11.0298
    endloop
  endfacet
  facet normal 0 -0.951085 -0.308931
    outer loop
      vertex -4.5 10.7661 3.08714
      vertex -1.9 10.5246 3.83063
      vertex -4.5 10.5246 3.83063
    endloop
  endfacet
  facet normal 0 -0.951085 -0.308931
    outer loop
      vertex -1.9 10.5246 3.83063
      vertex -4.5 10.7661 3.08714
      vertex -1.9 10.7661 3.08714
    endloop
  endfacet
  facet normal 0 -0.866026 -0.499998
    outer loop
      vertex -4.5 9.88901 5.25808
      vertex -1.9 9.49814 5.93509
      vertex -4.5 9.49814 5.93509
    endloop
  endfacet
  facet normal 0 -0.866026 -0.499998
    outer loop
      vertex -1.9 9.49814 5.93509
      vertex -4.5 9.88901 5.25808
      vertex -1.9 9.88901 5.25808
    endloop
  endfacet
  facet normal 0 -0.207868 -0.978157
    outer loop
      vertex -4.5 1.94486 11.0298
      vertex -1.9 2.70953 10.8673
      vertex -1.9 1.94486 11.0298
    endloop
  endfacet
  facet normal -0 -0.207868 -0.978157
    outer loop
      vertex -1.9 2.70953 10.8673
      vertex -4.5 1.94486 11.0298
      vertex -4.5 2.70953 10.8673
    endloop
  endfacet
  facet normal 0 -0.341938 -0.939722
    outer loop
      vertex -4.5 3.46099 10.6518
      vertex -1.9 4.19559 10.3845
      vertex -1.9 3.46099 10.6518
    endloop
  endfacet
  facet normal -0 -0.341938 -0.939722
    outer loop
      vertex -1.9 4.19559 10.3845
      vertex -4.5 3.46099 10.6518
      vertex -4.5 4.19559 10.3845
    endloop
  endfacet
  facet normal 0 -0.139175 -0.990268
    outer loop
      vertex -4.5 1.17072 11.1386
      vertex -1.9 1.94486 11.0298
      vertex -1.9 1.17072 11.1386
    endloop
  endfacet
  facet normal -0 -0.139175 -0.990268
    outer loop
      vertex -1.9 1.94486 11.0298
      vertex -4.5 1.17072 11.1386
      vertex -4.5 1.94486 11.0298
    endloop
  endfacet
  facet normal 0 -0.642792 -0.766041
    outer loop
      vertex -4.5 6.89541 8.82572
      vertex -1.9 7.49426 8.32322
      vertex -1.9 6.89541 8.82572
    endloop
  endfacet
  facet normal -0 -0.642792 -0.766041
    outer loop
      vertex -1.9 7.49426 8.32322
      vertex -4.5 6.89541 8.82572
      vertex -4.5 7.49426 8.32322
    endloop
  endfacet
  facet normal 0 0.970273 -0.242015
    outer loop
      vertex -1.9 -10.9553 2.32861
      vertex -4.5 -10.7661 3.08714
      vertex -1.9 -10.7661 3.08714
    endloop
  endfacet
  facet normal 0 0.970273 -0.242015
    outer loop
      vertex -4.5 -10.7661 3.08714
      vertex -1.9 -10.9553 2.32861
      vertex -4.5 -10.9553 2.32861
    endloop
  endfacet
  facet normal 0 0.829037 -0.559194
    outer loop
      vertex -1.9 -9.49814 5.93509
      vertex -4.5 -9.06099 6.58319
      vertex -1.9 -9.06099 6.58319
    endloop
  endfacet
  facet normal 0 0.829037 -0.559194
    outer loop
      vertex -4.5 -9.06099 6.58319
      vertex -1.9 -9.49814 5.93509
      vertex -4.5 -9.49814 5.93509
    endloop
  endfacet
  facet normal 0 0.866026 -0.499998
    outer loop
      vertex -1.9 -9.88901 5.25808
      vertex -4.5 -9.49814 5.93509
      vertex -1.9 -9.49814 5.93509
    endloop
  endfacet
  facet normal 0 0.866026 -0.499998
    outer loop
      vertex -4.5 -9.49814 5.93509
      vertex -1.9 -9.88901 5.25808
      vertex -4.5 -9.88901 5.25808
    endloop
  endfacet
  facet normal 0 0.951085 -0.308931
    outer loop
      vertex -1.9 -10.7661 3.08714
      vertex -4.5 -10.5246 3.83063
      vertex -1.9 -10.5246 3.83063
    endloop
  endfacet
  facet normal 0 0.951085 -0.308931
    outer loop
      vertex -4.5 -10.5246 3.83063
      vertex -1.9 -10.7661 3.08714
      vertex -4.5 -10.7661 3.08714
    endloop
  endfacet
  facet normal 0 0.994524 -0.104509
    outer loop
      vertex -1.9 -11.1727 0.781272
      vertex -4.5 -11.091 1.55874
      vertex -1.9 -11.091 1.55874
    endloop
  endfacet
  facet normal 0 0.994524 -0.104509
    outer loop
      vertex -4.5 -11.091 1.55874
      vertex -1.9 -11.1727 0.781272
      vertex -4.5 -11.1727 0.781272
    endloop
  endfacet
  facet normal 0 0.529916 -0.84805
    outer loop
      vertex -4.5 -6.26296 9.28522
      vertex -1.9 -5.6 9.69948
      vertex -1.9 -6.26296 9.28522
    endloop
  endfacet
  facet normal 0 0.529916 -0.84805
    outer loop
      vertex -1.9 -5.6 9.69948
      vertex -4.5 -6.26296 9.28522
      vertex -4.5 -5.6 9.69948
    endloop
  endfacet
  facet normal 0 0.469484 -0.882941
    outer loop
      vertex -4.5 -5.6 9.69948
      vertex -1.9 -4.90976 10.0665
      vertex -1.9 -5.6 9.69948
    endloop
  endfacet
  facet normal 0 0.469484 -0.882941
    outer loop
      vertex -1.9 -4.90976 10.0665
      vertex -4.5 -5.6 9.69948
      vertex -4.5 -4.90976 10.0665
    endloop
  endfacet
  facet normal 0 0.642792 -0.766041
    outer loop
      vertex -4.5 -7.49426 8.32322
      vertex -1.9 -6.89541 8.82572
      vertex -1.9 -7.49426 8.32322
    endloop
  endfacet
  facet normal 0 0.642792 -0.766041
    outer loop
      vertex -1.9 -6.89541 8.82572
      vertex -4.5 -7.49426 8.32322
      vertex -4.5 -6.89541 8.82572
    endloop
  endfacet
  facet normal 0 0.275664 -0.961254
    outer loop
      vertex -4.5 -3.46099 10.6518
      vertex -1.9 -2.70953 10.8673
      vertex -1.9 -3.46099 10.6518
    endloop
  endfacet
  facet normal 0 0.275664 -0.961254
    outer loop
      vertex -1.9 -2.70953 10.8673
      vertex -4.5 -3.46099 10.6518
      vertex -4.5 -2.70953 10.8673
    endloop
  endfacet
  facet normal 0 0.0698428 -0.997558
    outer loop
      vertex -4.5 -1.17072 11.1386
      vertex -1.9 -0.390874 11.1932
      vertex -1.9 -1.17072 11.1386
    endloop
  endfacet
  facet normal 0 0.0698428 -0.997558
    outer loop
      vertex -1.9 -0.390874 11.1932
      vertex -4.5 -1.17072 11.1386
      vertex -4.5 -0.390874 11.1932
    endloop
  endfacet
  facet normal 0 -0.994524 -0.104509
    outer loop
      vertex -4.5 11.1727 0.781272
      vertex -1.9 11.091 1.55874
      vertex -4.5 11.091 1.55874
    endloop
  endfacet
  facet normal 0 -0.994524 -0.104509
    outer loop
      vertex -1.9 11.091 1.55874
      vertex -4.5 11.1727 0.781272
      vertex -1.9 11.1727 0.781272
    endloop
  endfacet
  facet normal 0 -0.970273 -0.242015
    outer loop
      vertex -4.5 10.9553 2.32861
      vertex -1.9 10.7661 3.08714
      vertex -4.5 10.7661 3.08714
    endloop
  endfacet
  facet normal 0 -0.970273 -0.242015
    outer loop
      vertex -1.9 10.7661 3.08714
      vertex -4.5 10.9553 2.32861
      vertex -1.9 10.9553 2.32861
    endloop
  endfacet
  facet normal 0 -0.92716 -0.374666
    outer loop
      vertex -4.5 10.5246 3.83063
      vertex -1.9 10.2317 4.55545
      vertex -4.5 10.2317 4.55545
    endloop
  endfacet
  facet normal 0 -0.92716 -0.374666
    outer loop
      vertex -1.9 10.2317 4.55545
      vertex -4.5 10.5246 3.83063
      vertex -1.9 10.5246 3.83063
    endloop
  endfacet
  facet normal 0 -0.788014 -0.615657
    outer loop
      vertex -4.5 9.06099 6.58319
      vertex -1.9 8.5797 7.19922
      vertex -4.5 8.5797 7.19922
    endloop
  endfacet
  facet normal 0 -0.788014 -0.615657
    outer loop
      vertex -1.9 8.5797 7.19922
      vertex -4.5 9.06099 6.58319
      vertex -1.9 9.06099 6.58319
    endloop
  endfacet
  facet normal 0 -0.694655 -0.719343
    outer loop
      vertex -4.5 7.49426 8.32322
      vertex -1.9 8.05661 7.78017
      vertex -1.9 7.49426 8.32322
    endloop
  endfacet
  facet normal -0 -0.694655 -0.719343
    outer loop
      vertex -1.9 8.05661 7.78017
      vertex -4.5 7.49426 8.32322
      vertex -4.5 8.05661 7.78017
    endloop
  endfacet
  facet normal 0 -0.829037 -0.559194
    outer loop
      vertex -4.5 9.49814 5.93509
      vertex -1.9 9.06099 6.58319
      vertex -4.5 9.06099 6.58319
    endloop
  endfacet
  facet normal 0 -0.829037 -0.559194
    outer loop
      vertex -1.9 9.06099 6.58319
      vertex -4.5 9.49814 5.93509
      vertex -1.9 9.49814 5.93509
    endloop
  endfacet
  facet normal 0 -0.275664 -0.961254
    outer loop
      vertex -4.5 2.70953 10.8673
      vertex -1.9 3.46099 10.6518
      vertex -1.9 2.70953 10.8673
    endloop
  endfacet
  facet normal -0 -0.275664 -0.961254
    outer loop
      vertex -1.9 3.46099 10.6518
      vertex -4.5 2.70953 10.8673
      vertex -4.5 3.46099 10.6518
    endloop
  endfacet
  facet normal 0 -0.0698428 -0.997558
    outer loop
      vertex -4.5 0.390874 11.1932
      vertex -1.9 1.17072 11.1386
      vertex -1.9 0.390874 11.1932
    endloop
  endfacet
  facet normal -0 -0.0698428 -0.997558
    outer loop
      vertex -1.9 1.17072 11.1386
      vertex -4.5 0.390874 11.1932
      vertex -4.5 1.17072 11.1386
    endloop
  endfacet
  facet normal 0 -0.529916 -0.84805
    outer loop
      vertex -4.5 5.6 9.69948
      vertex -1.9 6.26296 9.28522
      vertex -1.9 5.6 9.69948
    endloop
  endfacet
  facet normal -0 -0.529916 -0.84805
    outer loop
      vertex -1.9 6.26296 9.28522
      vertex -4.5 5.6 9.69948
      vertex -4.5 6.26296 9.28522
    endloop
  endfacet
  facet normal 0 -0.587784 -0.809018
    outer loop
      vertex -4.5 6.26296 9.28522
      vertex -1.9 6.89541 8.82572
      vertex -1.9 6.26296 9.28522
    endloop
  endfacet
  facet normal -0 -0.587784 -0.809018
    outer loop
      vertex -1.9 6.89541 8.82572
      vertex -4.5 6.26296 9.28522
      vertex -4.5 6.89541 8.82572
    endloop
  endfacet
  facet normal 0 0.788014 -0.615657
    outer loop
      vertex -1.9 -9.06099 6.58319
      vertex -4.5 -8.5797 7.19922
      vertex -1.9 -8.5797 7.19922
    endloop
  endfacet
  facet normal 0 0.788014 -0.615657
    outer loop
      vertex -4.5 -8.5797 7.19922
      vertex -1.9 -9.06099 6.58319
      vertex -4.5 -9.06099 6.58319
    endloop
  endfacet
  facet normal 0 0.743145 -0.669131
    outer loop
      vertex -1.9 -8.5797 7.19922
      vertex -4.5 -8.05661 7.78017
      vertex -1.9 -8.05661 7.78017
    endloop
  endfacet
  facet normal 0 0.743145 -0.669131
    outer loop
      vertex -4.5 -8.05661 7.78017
      vertex -1.9 -8.5797 7.19922
      vertex -4.5 -8.5797 7.19922
    endloop
  endfacet
  facet normal 0 0.898797 -0.438365
    outer loop
      vertex -1.9 -10.2317 4.55545
      vertex -4.5 -9.88901 5.25808
      vertex -1.9 -9.88901 5.25808
    endloop
  endfacet
  facet normal 0 0.898797 -0.438365
    outer loop
      vertex -4.5 -9.88901 5.25808
      vertex -1.9 -10.2317 4.55545
      vertex -4.5 -10.2317 4.55545
    endloop
  endfacet
  facet normal 0 0.587784 -0.809018
    outer loop
      vertex -4.5 -6.89541 8.82572
      vertex -1.9 -6.26296 9.28522
      vertex -1.9 -6.89541 8.82572
    endloop
  endfacet
  facet normal 0 0.587784 -0.809018
    outer loop
      vertex -1.9 -6.26296 9.28522
      vertex -4.5 -6.89541 8.82572
      vertex -4.5 -6.26296 9.28522
    endloop
  endfacet
  facet normal -1 0 0
    outer loop
      vertex -1.9 -11.2 0
      vertex -1.9 -3.09363 0.198617
      vertex -1.9 -3.09363 0
    endloop
  endfacet
  facet normal -1 0 0
    outer loop
      vertex -1.9 -3.09363 0.198617
      vertex -1.9 -4.19559 10.3845
      vertex -1.9 -3.46099 10.6518
    endloop
  endfacet
  facet normal -1 0 0
    outer loop
      vertex -1.9 -3.09363 0.198617
      vertex -1.9 -4.90976 10.0665
      vertex -1.9 -4.19559 10.3845
    endloop
  endfacet
  facet normal -1 0 0
    outer loop
      vertex -1.9 -3.09363 0.198617
      vertex -1.9 -5.6 9.69948
      vertex -1.9 -4.90976 10.0665
    endloop
  endfacet
  facet normal -1 0 0
    outer loop
      vertex -1.9 -3.09363 0.198617
      vertex -1.9 -6.26296 9.28522
      vertex -1.9 -5.6 9.69948
    endloop
  endfacet
  facet normal -1 0 0
    outer loop
      vertex -1.9 -3.09363 0.198617
      vertex -1.9 -6.89541 8.82572
      vertex -1.9 -6.26296 9.28522
    endloop
  endfacet
  facet normal -1 0 0
    outer loop
      vertex -1.9 -3.09363 0.198617
      vertex -1.9 -7.49426 8.32322
      vertex -1.9 -6.89541 8.82572
    endloop
  endfacet
  facet normal -1 0 0
    outer loop
      vertex -1.9 -3.09363 0.198617
      vertex -1.9 -8.05661 7.78017
      vertex -1.9 -7.49426 8.32322
    endloop
  endfacet
  facet normal -1 0 0
    outer loop
      vertex -1.9 -3.09363 0.198617
      vertex -1.9 -8.5797 7.19922
      vertex -1.9 -8.05661 7.78017
    endloop
  endfacet
  facet normal -1 0 0
    outer loop
      vertex -1.9 -3.09363 0.198617
      vertex -1.9 -9.06099 6.58319
      vertex -1.9 -8.5797 7.19922
    endloop
  endfacet
  facet normal -1 0 0
    outer loop
      vertex -1.9 -3.09363 0.198617
      vertex -1.9 -9.49814 5.93509
      vertex -1.9 -9.06099 6.58319
    endloop
  endfacet
  facet normal -1 0 0
    outer loop
      vertex -1.9 -3.09363 0.198617
      vertex -1.9 -9.88901 5.25808
      vertex -1.9 -9.49814 5.93509
    endloop
  endfacet
  facet normal -1 0 0
    outer loop
      vertex -1.9 -3.09363 0.198617
      vertex -1.9 -10.2317 4.55545
      vertex -1.9 -9.88901 5.25808
    endloop
  endfacet
  facet normal -1 0 0
    outer loop
      vertex -1.9 -3.09363 0.198617
      vertex -1.9 -10.5246 3.83063
      vertex -1.9 -10.2317 4.55545
    endloop
  endfacet
  facet normal -1 0 0
    outer loop
      vertex -1.9 -3.09363 0.198617
      vertex -1.9 -10.7661 3.08714
      vertex -1.9 -10.5246 3.83063
    endloop
  endfacet
  facet normal -1 0 0
    outer loop
      vertex -1.9 -3.09363 0.198617
      vertex -1.9 -10.9553 2.32861
      vertex -1.9 -10.7661 3.08714
    endloop
  endfacet
  facet normal -1 0 0
    outer loop
      vertex -1.9 -3.09363 0.198617
      vertex -1.9 -11.091 1.55874
      vertex -1.9 -10.9553 2.32861
    endloop
  endfacet
  facet normal -1 0 0
    outer loop
      vertex -1.9 -3.09363 0.198617
      vertex -1.9 -11.1727 0.781272
      vertex -1.9 -11.091 1.55874
    endloop
  endfacet
  facet normal -1 -0 0
    outer loop
      vertex -1.9 -3.09363 0.198617
      vertex -1.9 -11.2 0
      vertex -1.9 -11.1727 0.781272
    endloop
  endfacet
  facet normal -1 0 0
    outer loop
      vertex -1.9 3.1 0
      vertex -1.9 11.1727 0.781272
      vertex -1.9 11.2 0
    endloop
  endfacet
  facet normal -1 -0 0
    outer loop
      vertex -1.9 11.1727 0.781272
      vertex -1.9 3.07455 0.396419
      vertex -1.9 11.091 1.55874
    endloop
  endfacet
  facet normal -1 -0 0
    outer loop
      vertex -1.9 11.091 1.55874
      vertex -1.9 3.07455 0.396419
      vertex -1.9 10.9553 2.32861
    endloop
  endfacet
  facet normal -1 0 0
    outer loop
      vertex -1.9 2.99861 0.786328
      vertex -1.9 10.9553 2.32861
      vertex -1.9 3.07455 0.396419
    endloop
  endfacet
  facet normal -1 -0 0
    outer loop
      vertex -1.9 10.9553 2.32861
      vertex -1.9 2.99861 0.786328
      vertex -1.9 10.7661 3.08714
    endloop
  endfacet
  facet normal -1 0 0
    outer loop
      vertex -1.9 2.87344 1.16333
      vertex -1.9 10.5246 3.83063
      vertex -1.9 2.99861 0.786328
    endloop
  endfacet
  facet normal -1 -0 0
    outer loop
      vertex -1.9 10.5246 3.83063
      vertex -1.9 2.87344 1.16333
      vertex -1.9 10.2317 4.55545
    endloop
  endfacet
  facet normal -1 -0 0
    outer loop
      vertex -1.9 10.2317 4.55545
      vertex -1.9 2.87344 1.16333
      vertex -1.9 9.88901 5.25808
    endloop
  endfacet
  facet normal -1 0 0
    outer loop
      vertex -1.9 2.70109 1.52122
      vertex -1.9 9.88901 5.25808
      vertex -1.9 2.87344 1.16333
    endloop
  endfacet
  facet normal -1 0 0
    outer loop
      vertex -1.9 2.48438 1.85414
      vertex -1.9 9.49814 5.93509
      vertex -1.9 2.70109 1.52122
    endloop
  endfacet
  facet normal -1 -0 0
    outer loop
      vertex -1.9 9.49814 5.93509
      vertex -1.9 2.48438 1.85414
      vertex -1.9 9.06099 6.58319
    endloop
  endfacet
  facet normal -1 -0 0
    outer loop
      vertex -1.9 9.06099 6.58319
      vertex -1.9 2.48438 1.85414
      vertex -1.9 8.5797 7.19922
    endloop
  endfacet
  facet normal -1 -0 0
    outer loop
      vertex -1.9 8.5797 7.19922
      vertex -1.9 2.22688 2.15662
      vertex -1.9 8.05661 7.78017
    endloop
  endfacet
  facet normal -1 -0 0
    outer loop
      vertex -1.9 8.05661 7.78017
      vertex -1.9 2.22688 2.15662
      vertex -1.9 7.49426 8.32322
    endloop
  endfacet
  facet normal -1 0 0
    outer loop
      vertex -1.9 1.93282 2.42368
      vertex -1.9 7.49426 8.32322
      vertex -1.9 2.22688 2.15662
    endloop
  endfacet
  facet normal -1 -0 0
    outer loop
      vertex -1.9 7.49426 8.32322
      vertex -1.9 1.93282 2.42368
      vertex -1.9 6.89541 8.82572
    endloop
  endfacet
  facet normal -1 0 0
    outer loop
      vertex -1.9 1.60702 2.65094
      vertex -1.9 6.26296 9.28522
      vertex -1.9 1.93282 2.42368
    endloop
  endfacet
  facet normal -1 0 0
    outer loop
      vertex -1.9 11.1727 0.781272
      vertex -1.9 3.1 0
      vertex -1.9 3.07455 0.396419
    endloop
  endfacet
  facet normal -1 -0 0
    outer loop
      vertex -1.9 10.7661 3.08714
      vertex -1.9 2.99861 0.786328
      vertex -1.9 10.5246 3.83063
    endloop
  endfacet
  facet normal -1 -0 0
    outer loop
      vertex -1.9 9.88901 5.25808
      vertex -1.9 2.70109 1.52122
      vertex -1.9 9.49814 5.93509
    endloop
  endfacet
  facet normal -1 0 0
    outer loop
      vertex -1.9 2.22688 2.15662
      vertex -1.9 8.5797 7.19922
      vertex -1.9 2.48438 1.85414
    endloop
  endfacet
  facet normal -1 -0 0
    outer loop
      vertex -1.9 6.89541 8.82572
      vertex -1.9 1.93282 2.42368
      vertex -1.9 6.26296 9.28522
    endloop
  endfacet
  facet normal -1 -0 0
    outer loop
      vertex -1.9 6.26296 9.28522
      vertex -1.9 1.60702 2.65094
      vertex -1.9 5.6 9.69948
    endloop
  endfacet
  facet normal -1 -0 0
    outer loop
      vertex -1.9 5.6 9.69948
      vertex -1.9 1.60702 2.65094
      vertex -1.9 4.90976 10.0665
    endloop
  endfacet
  facet normal -1 0 0
    outer loop
      vertex -1.9 1.25483 2.83468
      vertex -1.9 4.90976 10.0665
      vertex -1.9 1.60702 2.65094
    endloop
  endfacet
  facet normal -1 -0 0
    outer loop
      vertex -1.9 4.90976 10.0665
      vertex -1.9 1.25483 2.83468
      vertex -1.9 4.19559 10.3845
    endloop
  endfacet
  facet normal -1 -0 0
    outer loop
      vertex -1.9 4.19559 10.3845
      vertex -1.9 1.25483 2.83468
      vertex -1.9 3.46099 10.6518
    endloop
  endfacet
  facet normal -1 0 0
    outer loop
      vertex -1.9 0.882035 2.97187
      vertex -1.9 3.46099 10.6518
      vertex -1.9 1.25483 2.83468
    endloop
  endfacet
  facet normal -1 -0 0
    outer loop
      vertex -1.9 3.46099 10.6518
      vertex -1.9 0.882035 2.97187
      vertex -1.9 2.70953 10.8673
    endloop
  endfacet
  facet normal -1 0 0
    outer loop
      vertex -1.9 0.49476 3.06026
      vertex -1.9 2.70953 10.8673
      vertex -1.9 0.882035 2.97187
    endloop
  endfacet
  facet normal -1 -0 0
    outer loop
      vertex -1.9 2.70953 10.8673
      vertex -1.9 0.49476 3.06026
      vertex -1.9 1.94486 11.0298
    endloop
  endfacet
  facet normal -1 -0 0
    outer loop
      vertex -1.9 1.94486 11.0298
      vertex -1.9 0.49476 3.06026
      vertex -1.9 1.17072 11.1386
    endloop
  endfacet
  facet normal -1 0 0
    outer loop
      vertex -1.9 0.0993595 3.09841
      vertex -1.9 1.17072 11.1386
      vertex -1.9 0.49476 3.06026
    endloop
  endfacet
  facet normal -1 -0 0
    outer loop
      vertex -1.9 1.17072 11.1386
      vertex -1.9 0.0993595 3.09841
      vertex -1.9 0.390874 11.1932
    endloop
  endfacet
  facet normal -1 0 0
    outer loop
      vertex -1.9 -0.390874 11.1932
      vertex -1.9 0.0993595 3.09841
      vertex -1.9 -0.297671 3.08568
    endloop
  endfacet
  facet normal -1 0 0
    outer loop
      vertex -1.9 0.0993595 3.09841
      vertex -1.9 -0.390874 11.1932
      vertex -1.9 0.390874 11.1932
    endloop
  endfacet
  facet normal -1 0 0
    outer loop
      vertex -1.9 -1.94486 11.0298
      vertex -1.9 -0.297671 3.08568
      vertex -1.9 -0.689815 3.02228
    endloop
  endfacet
  facet normal -1 0 0
    outer loop
      vertex -1.9 -3.46099 10.6518
      vertex -1.9 -0.689815 3.02228
      vertex -1.9 -1.07063 2.90925
    endloop
  endfacet
  facet normal -1 0 0
    outer loop
      vertex -1.9 -0.297671 3.08568
      vertex -1.9 -1.17072 11.1386
      vertex -1.9 -0.390874 11.1932
    endloop
  endfacet
  facet normal -1 0 0
    outer loop
      vertex -1.9 -3.46099 10.6518
      vertex -1.9 -1.07063 2.90925
      vertex -1.9 -1.43387 2.74846
    endloop
  endfacet
  facet normal -1 0 0
    outer loop
      vertex -1.9 -3.46099 10.6518
      vertex -1.9 -1.43387 2.74846
      vertex -1.9 -1.77356 2.54253
    endloop
  endfacet
  facet normal -1 0 0
    outer loop
      vertex -1.9 -0.297671 3.08568
      vertex -1.9 -1.94486 11.0298
      vertex -1.9 -1.17072 11.1386
    endloop
  endfacet
  facet normal -1 0 0
    outer loop
      vertex -1.9 -3.46099 10.6518
      vertex -1.9 -1.77356 2.54253
      vertex -1.9 -2.08413 2.29486
    endloop
  endfacet
  facet normal -1 0 0
    outer loop
      vertex -1.9 -3.46099 10.6518
      vertex -1.9 -2.08413 2.29486
      vertex -1.9 -2.36048 2.00951
    endloop
  endfacet
  facet normal -1 0 0
    outer loop
      vertex -1.9 -3.46099 10.6518
      vertex -1.9 -2.36048 2.00951
      vertex -1.9 -2.59807 1.69116
    endloop
  endfacet
  facet normal -1 0 0
    outer loop
      vertex -1.9 -0.689815 3.02228
      vertex -1.9 -2.70953 10.8673
      vertex -1.9 -1.94486 11.0298
    endloop
  endfacet
  facet normal -1 0 0
    outer loop
      vertex -1.9 -3.46099 10.6518
      vertex -1.9 -2.59807 1.69116
      vertex -1.9 -2.793 1.34504
    endloop
  endfacet
  facet normal -1 0 0
    outer loop
      vertex -1.9 -3.46099 10.6518
      vertex -1.9 -2.793 1.34504
      vertex -1.9 -2.94207 0.976835
    endloop
  endfacet
  facet normal -1 0 0
    outer loop
      vertex -1.9 -3.46099 10.6518
      vertex -1.9 -2.94207 0.976835
      vertex -1.9 -3.04283 0.592591
    endloop
  endfacet
  facet normal -1 0 0
    outer loop
      vertex -1.9 -3.46099 10.6518
      vertex -1.9 -3.04283 0.592591
      vertex -1.9 -3.09363 0.198617
    endloop
  endfacet
  facet normal -1 0 0
    outer loop
      vertex -1.9 -0.689815 3.02228
      vertex -1.9 -3.46099 10.6518
      vertex -1.9 -2.70953 10.8673
    endloop
  endfacet
  facet normal 0 -0.984818 -0.173588
    outer loop
      vertex -4.5 11.091 1.55874
      vertex -1.9 10.9553 2.32861
      vertex -4.5 10.9553 2.32861
    endloop
  endfacet
  facet normal 0 -0.984818 -0.173588
    outer loop
      vertex -1.9 10.9553 2.32861
      vertex -4.5 11.091 1.55874
      vertex -1.9 11.091 1.55874
    endloop
  endfacet
  facet normal 0 -0.898797 -0.438365
    outer loop
      vertex -4.5 10.2317 4.55545
      vertex -1.9 9.88901 5.25808
      vertex -4.5 9.88901 5.25808
    endloop
  endfacet
  facet normal 0 -0.898797 -0.438365
    outer loop
      vertex -1.9 9.88901 5.25808
      vertex -4.5 10.2317 4.55545
      vertex -1.9 10.2317 4.55545
    endloop
  endfacet
  facet normal 0 -0.743145 -0.669131
    outer loop
      vertex -4.5 8.5797 7.19922
      vertex -1.9 8.05661 7.78017
      vertex -4.5 8.05661 7.78017
    endloop
  endfacet
  facet normal 0 -0.743145 -0.669131
    outer loop
      vertex -1.9 8.05661 7.78017
      vertex -4.5 8.5797 7.19922
      vertex -1.9 8.5797 7.19922
    endloop
  endfacet
  facet normal 0 -0.469484 -0.882941
    outer loop
      vertex -4.5 4.90976 10.0665
      vertex -1.9 5.6 9.69948
      vertex -1.9 4.90976 10.0665
    endloop
  endfacet
  facet normal -0 -0.469484 -0.882941
    outer loop
      vertex -1.9 5.6 9.69948
      vertex -4.5 4.90976 10.0665
      vertex -4.5 5.6 9.69948
    endloop
  endfacet
  facet normal 0 0.984818 -0.173588
    outer loop
      vertex -1.9 -11.091 1.55874
      vertex -4.5 -10.9553 2.32861
      vertex -1.9 -10.9553 2.32861
    endloop
  endfacet
  facet normal 0 0.984818 -0.173588
    outer loop
      vertex -4.5 -10.9553 2.32861
      vertex -1.9 -11.091 1.55874
      vertex -4.5 -11.091 1.55874
    endloop
  endfacet
  facet normal 0 0.341938 -0.939722
    outer loop
      vertex -4.5 -4.19559 10.3845
      vertex -1.9 -3.46099 10.6518
      vertex -1.9 -4.19559 10.3845
    endloop
  endfacet
  facet normal 0 0.341938 -0.939722
    outer loop
      vertex -1.9 -3.46099 10.6518
      vertex -4.5 -4.19559 10.3845
      vertex -4.5 -3.46099 10.6518
    endloop
  endfacet
  facet normal 0 0.139175 -0.990268
    outer loop
      vertex -4.5 -1.94486 11.0298
      vertex -1.9 -1.17072 11.1386
      vertex -1.9 -1.94486 11.0298
    endloop
  endfacet
  facet normal 0 0.139175 -0.990268
    outer loop
      vertex -1.9 -1.17072 11.1386
      vertex -4.5 -1.94486 11.0298
      vertex -4.5 -1.17072 11.1386
    endloop
  endfacet
  facet normal -0.988847 0 0.148932
    outer loop
      vertex 36.2184 -21 18.9242
      vertex 36.275 -15.8 19.3
      vertex 36.2184 -15.8 18.9242
    endloop
  endfacet
  facet normal -0.988847 0 0.148932
    outer loop
      vertex 36.275 -15.8 19.3
      vertex 36.2184 -21 18.9242
      vertex 36.275 -21 19.3
    endloop
  endfacet
  facet normal 1 -0 0
    outer loop
      vertex 33.7392 -21 19.49
      vertex 33.7392 -15.8 19.11
      vertex 33.7392 -15.8 19.49
    endloop
  endfacet
  facet normal 1 0 0
    outer loop
      vertex 33.7392 -15.8 19.11
      vertex 33.7392 -21 19.49
      vertex 33.7392 -21 19.11
    endloop
  endfacet
  facet normal -0.988847 0 -0.148932
    outer loop
      vertex 36.275 -21 19.3
      vertex 36.2184 -15.8 19.6758
      vertex 36.275 -15.8 19.3
    endloop
  endfacet
  facet normal -0.988847 -0 -0.148932
    outer loop
      vertex 36.2184 -15.8 19.6758
      vertex 36.275 -21 19.3
      vertex 36.2184 -21 19.6758
    endloop
  endfacet
  facet normal 0.0747245 0 -0.997204
    outer loop
      vertex 34.7163 -21 20.543
      vertex 35.0953 -15.8 20.5714
      vertex 35.0953 -21 20.5714
    endloop
  endfacet
  facet normal 0.0747245 0 -0.997204
    outer loop
      vertex 35.0953 -15.8 20.5714
      vertex 34.7163 -21 20.543
      vertex 34.7163 -15.8 20.543
    endloop
  endfacet
  facet normal 0.0747245 0 0.997204
    outer loop
      vertex 34.7163 -15.8 18.057
      vertex 35.0953 -21 18.0286
      vertex 35.0953 -15.8 18.0286
    endloop
  endfacet
  facet normal 0.0747245 0 0.997204
    outer loop
      vertex 35.0953 -21 18.0286
      vertex 34.7163 -15.8 18.057
      vertex 34.7163 -21 18.057
    endloop
  endfacet
  facet normal -0.22236 0 0.974965
    outer loop
      vertex 35.0953 -15.8 18.0286
      vertex 35.4658 -21 18.1131
      vertex 35.4658 -15.8 18.1131
    endloop
  endfacet
  facet normal -0.22236 0 0.974965
    outer loop
      vertex 35.4658 -21 18.1131
      vertex 35.0953 -15.8 18.0286
      vertex 35.0953 -21 18.0286
    endloop
  endfacet
  facet normal -0.732925 0 -0.68031
    outer loop
      vertex 36.0535 -21 20.0182
      vertex 35.7949 -15.8 20.2968
      vertex 36.0535 -15.8 20.0182
    endloop
  endfacet
  facet normal -0.732925 -0 -0.68031
    outer loop
      vertex 35.7949 -15.8 20.2968
      vertex 36.0535 -21 20.0182
      vertex 35.7949 -21 20.2968
    endloop
  endfacet
  facet normal -0.90096 0 0.433903
    outer loop
      vertex 36.0535 -21 18.5818
      vertex 36.2184 -15.8 18.9242
      vertex 36.0535 -15.8 18.5818
    endloop
  endfacet
  facet normal -0.90096 0 0.433903
    outer loop
      vertex 36.2184 -15.8 18.9242
      vertex 36.0535 -21 18.5818
      vertex 36.2184 -21 18.9242
    endloop
  endfacet
  facet normal 0 -1 0
    outer loop
      vertex 34.7163 -15.8 20.543
      vertex 35.4658 -15.8 20.4869
      vertex 35.0953 -15.8 20.5714
    endloop
  endfacet
  facet normal 0 -1 0
    outer loop
      vertex 34.3625 -15.8 20.4042
      vertex 35.4658 -15.8 20.4869
      vertex 34.7163 -15.8 20.543
    endloop
  endfacet
  facet normal 0 -1 0
    outer loop
      vertex 34.3625 -15.8 20.4042
      vertex 35.7949 -15.8 20.2968
      vertex 35.4658 -15.8 20.4869
    endloop
  endfacet
  facet normal 0 -1 0
    outer loop
      vertex 34.0654 -15.8 20.1672
      vertex 35.7949 -15.8 20.2968
      vertex 34.3625 -15.8 20.4042
    endloop
  endfacet
  facet normal 0 -1 0
    outer loop
      vertex 34.0654 -15.8 20.1672
      vertex 36.0535 -15.8 20.0182
      vertex 35.7949 -15.8 20.2968
    endloop
  endfacet
  facet normal 0 -1 0
    outer loop
      vertex 33.8513 -15.8 19.8532
      vertex 36.0535 -15.8 20.0182
      vertex 34.0654 -15.8 20.1672
    endloop
  endfacet
  facet normal 0 -1 0
    outer loop
      vertex 33.8513 -15.8 19.8532
      vertex 36.2184 -15.8 19.6758
      vertex 36.0535 -15.8 20.0182
    endloop
  endfacet
  facet normal 0 -1 0
    outer loop
      vertex 33.7392 -15.8 19.49
      vertex 36.2184 -15.8 19.6758
      vertex 33.8513 -15.8 19.8532
    endloop
  endfacet
  facet normal 0 -1 0
    outer loop
      vertex 33.7392 -15.8 19.49
      vertex 36.275 -15.8 19.3
      vertex 36.2184 -15.8 19.6758
    endloop
  endfacet
  facet normal 0 -1 0
    outer loop
      vertex 33.7392 -15.8 19.11
      vertex 36.275 -15.8 19.3
      vertex 33.7392 -15.8 19.49
    endloop
  endfacet
  facet normal 0 -1 0
    outer loop
      vertex 33.7392 -15.8 19.11
      vertex 36.2184 -15.8 18.9242
      vertex 36.275 -15.8 19.3
    endloop
  endfacet
  facet normal 0 -1 0
    outer loop
      vertex 33.8513 -15.8 18.7468
      vertex 36.2184 -15.8 18.9242
      vertex 33.7392 -15.8 19.11
    endloop
  endfacet
  facet normal 0 -1 0
    outer loop
      vertex 33.8513 -15.8 18.7468
      vertex 36.0535 -15.8 18.5818
      vertex 36.2184 -15.8 18.9242
    endloop
  endfacet
  facet normal 0 -1 0
    outer loop
      vertex 34.0654 -15.8 18.4328
      vertex 36.0535 -15.8 18.5818
      vertex 33.8513 -15.8 18.7468
    endloop
  endfacet
  facet normal 0 -1 0
    outer loop
      vertex 34.0654 -15.8 18.4328
      vertex 35.7949 -15.8 18.3032
      vertex 36.0535 -15.8 18.5818
    endloop
  endfacet
  facet normal 0 -1 0
    outer loop
      vertex 34.3625 -15.8 18.1958
      vertex 35.7949 -15.8 18.3032
      vertex 34.0654 -15.8 18.4328
    endloop
  endfacet
  facet normal 0 -1 0
    outer loop
      vertex 34.3625 -15.8 18.1958
      vertex 35.4658 -15.8 18.1131
      vertex 35.7949 -15.8 18.3032
    endloop
  endfacet
  facet normal 0 -1 0
    outer loop
      vertex 34.7163 -15.8 18.057
      vertex 35.4658 -15.8 18.1131
      vertex 34.3625 -15.8 18.1958
    endloop
  endfacet
  facet normal 0 -1 0
    outer loop
      vertex 35.4658 -15.8 18.1131
      vertex 34.7163 -15.8 18.057
      vertex 35.0953 -15.8 18.0286
    endloop
  endfacet
  facet normal 0.955523 -0 0.294918
    outer loop
      vertex 33.7392 -21 19.11
      vertex 33.8513 -15.8 18.7468
      vertex 33.7392 -15.8 19.11
    endloop
  endfacet
  facet normal 0.955523 0 0.294918
    outer loop
      vertex 33.8513 -15.8 18.7468
      vertex 33.7392 -21 19.11
      vertex 33.8513 -21 18.7468
    endloop
  endfacet
  facet normal 0.365213 0 0.930924
    outer loop
      vertex 34.3625 -15.8 18.1958
      vertex 34.7163 -21 18.057
      vertex 34.7163 -15.8 18.057
    endloop
  endfacet
  facet normal 0.365213 0 0.930924
    outer loop
      vertex 34.7163 -21 18.057
      vertex 34.3625 -15.8 18.1958
      vertex 34.3625 -21 18.1958
    endloop
  endfacet
  facet normal -0.90096 0 -0.433903
    outer loop
      vertex 36.2184 -21 19.6758
      vertex 36.0535 -15.8 20.0182
      vertex 36.2184 -15.8 19.6758
    endloop
  endfacet
  facet normal -0.90096 -0 -0.433903
    outer loop
      vertex 36.0535 -15.8 20.0182
      vertex 36.2184 -21 19.6758
      vertex 36.0535 -21 20.0182
    endloop
  endfacet
  facet normal -0.500186 0 -0.865918
    outer loop
      vertex 35.4658 -21 20.4869
      vertex 35.7949 -15.8 20.2968
      vertex 35.7949 -21 20.2968
    endloop
  endfacet
  facet normal -0.500186 0 -0.865918
    outer loop
      vertex 35.7949 -15.8 20.2968
      vertex 35.4658 -21 20.4869
      vertex 35.4658 -15.8 20.4869
    endloop
  endfacet
  facet normal 0.623603 0 -0.781741
    outer loop
      vertex 34.0654 -21 20.1672
      vertex 34.3625 -15.8 20.4042
      vertex 34.3625 -21 20.4042
    endloop
  endfacet
  facet normal 0.623603 0 -0.781741
    outer loop
      vertex 34.3625 -15.8 20.4042
      vertex 34.0654 -21 20.1672
      vertex 34.0654 -15.8 20.1672
    endloop
  endfacet
  facet normal 0.955523 0 -0.294918
    outer loop
      vertex 33.8513 -21 19.8532
      vertex 33.7392 -15.8 19.49
      vertex 33.8513 -15.8 19.8532
    endloop
  endfacet
  facet normal 0.955523 0 -0.294918
    outer loop
      vertex 33.7392 -15.8 19.49
      vertex 33.8513 -21 19.8532
      vertex 33.7392 -21 19.49
    endloop
  endfacet
  facet normal 0.826216 0 -0.563353
    outer loop
      vertex 34.0654 -21 20.1672
      vertex 33.8513 -15.8 19.8532
      vertex 34.0654 -15.8 20.1672
    endloop
  endfacet
  facet normal 0.826216 0 -0.563353
    outer loop
      vertex 33.8513 -15.8 19.8532
      vertex 34.0654 -21 20.1672
      vertex 33.8513 -21 19.8532
    endloop
  endfacet
  facet normal -0.732925 0 0.68031
    outer loop
      vertex 35.7949 -21 18.3032
      vertex 36.0535 -15.8 18.5818
      vertex 35.7949 -15.8 18.3032
    endloop
  endfacet
  facet normal -0.732925 0 0.68031
    outer loop
      vertex 36.0535 -15.8 18.5818
      vertex 35.7949 -21 18.3032
      vertex 36.0535 -21 18.5818
    endloop
  endfacet
  facet normal -0.500186 0 0.865918
    outer loop
      vertex 35.4658 -15.8 18.1131
      vertex 35.7949 -21 18.3032
      vertex 35.7949 -15.8 18.3032
    endloop
  endfacet
  facet normal -0.500186 0 0.865918
    outer loop
      vertex 35.7949 -21 18.3032
      vertex 35.4658 -15.8 18.1131
      vertex 35.4658 -21 18.1131
    endloop
  endfacet
  facet normal 0.623603 0 0.781741
    outer loop
      vertex 34.0654 -15.8 18.4328
      vertex 34.3625 -21 18.1958
      vertex 34.3625 -15.8 18.1958
    endloop
  endfacet
  facet normal 0.623603 0 0.781741
    outer loop
      vertex 34.3625 -21 18.1958
      vertex 34.0654 -15.8 18.4328
      vertex 34.0654 -21 18.4328
    endloop
  endfacet
  facet normal 0.826216 -0 0.563353
    outer loop
      vertex 33.8513 -21 18.7468
      vertex 34.0654 -15.8 18.4328
      vertex 33.8513 -15.8 18.7468
    endloop
  endfacet
  facet normal 0.826216 0 0.563353
    outer loop
      vertex 34.0654 -15.8 18.4328
      vertex 33.8513 -21 18.7468
      vertex 34.0654 -21 18.4328
    endloop
  endfacet
  facet normal -0.22236 0 -0.974965
    outer loop
      vertex 35.0953 -21 20.5714
      vertex 35.4658 -15.8 20.4869
      vertex 35.4658 -21 20.4869
    endloop
  endfacet
  facet normal -0.22236 0 -0.974965
    outer loop
      vertex 35.4658 -15.8 20.4869
      vertex 35.0953 -21 20.5714
      vertex 35.0953 -15.8 20.5714
    endloop
  endfacet
  facet normal 0.365213 0 -0.930924
    outer loop
      vertex 34.3625 -21 20.4042
      vertex 34.7163 -15.8 20.543
      vertex 34.7163 -21 20.543
    endloop
  endfacet
  facet normal 0.365213 0 -0.930924
    outer loop
      vertex 34.7163 -15.8 20.543
      vertex 34.3625 -21 20.4042
      vertex 34.3625 -15.8 20.4042
    endloop
  endfacet
  facet normal -0.222343 -0.974968 0
    outer loop
      vertex 4.59528 -14.2286 0
      vertex 4.96581 -14.3131 5
      vertex 4.59528 -14.2286 5
    endloop
  endfacet
  facet normal -0.222343 -0.974968 -0
    outer loop
      vertex 4.96581 -14.3131 5
      vertex 4.59528 -14.2286 0
      vertex 4.96581 -14.3131 0
    endloop
  endfacet
  facet normal 1 -0 0
    outer loop
      vertex 3.23924 -15.69 5
      vertex 3.23924 -15.31 0
      vertex 3.23924 -15.31 5
    endloop
  endfacet
  facet normal 1 0 0
    outer loop
      vertex 3.23924 -15.31 0
      vertex 3.23924 -15.69 5
      vertex 3.23924 -15.69 0
    endloop
  endfacet
  facet normal -0.988832 0.149035 0
    outer loop
      vertex 5.71836 -15.8758 0
      vertex 5.775 -15.5 5
      vertex 5.775 -15.5 0
    endloop
  endfacet
  facet normal -0.988832 0.149035 0
    outer loop
      vertex 5.775 -15.5 5
      vertex 5.71836 -15.8758 0
      vertex 5.71836 -15.8758 5
    endloop
  endfacet
  facet normal 0.0747265 0.997204 -0
    outer loop
      vertex 4.59528 -16.7714 0
      vertex 4.21629 -16.743 5
      vertex 4.59528 -16.7714 5
    endloop
  endfacet
  facet normal 0.0747265 0.997204 0
    outer loop
      vertex 4.21629 -16.743 5
      vertex 4.59528 -16.7714 0
      vertex 4.21629 -16.743 0
    endloop
  endfacet
  facet normal -0.900949 -0.433924 0
    outer loop
      vertex 5.71836 -15.1242 0
      vertex 5.55345 -14.7818 5
      vertex 5.55345 -14.7818 0
    endloop
  endfacet
  facet normal -0.900949 -0.433924 0
    outer loop
      vertex 5.55345 -14.7818 5
      vertex 5.71836 -15.1242 0
      vertex 5.71836 -15.1242 5
    endloop
  endfacet
  facet normal 0.0747265 -0.997204 0
    outer loop
      vertex 4.21629 -14.257 0
      vertex 4.59528 -14.2286 5
      vertex 4.21629 -14.257 5
    endloop
  endfacet
  facet normal 0.0747265 -0.997204 0
    outer loop
      vertex 4.59528 -14.2286 5
      vertex 4.21629 -14.257 0
      vertex 4.59528 -14.2286 0
    endloop
  endfacet
  facet normal 0.365222 -0.930921 0
    outer loop
      vertex 3.8625 -14.3958 0
      vertex 4.21629 -14.257 5
      vertex 3.8625 -14.3958 5
    endloop
  endfacet
  facet normal 0.365222 -0.930921 0
    outer loop
      vertex 4.21629 -14.257 5
      vertex 3.8625 -14.3958 0
      vertex 4.21629 -14.257 0
    endloop
  endfacet
  facet normal -0.733056 0.680168 0
    outer loop
      vertex 5.29495 -16.4968 0
      vertex 5.55345 -16.2182 5
      vertex 5.55345 -16.2182 0
    endloop
  endfacet
  facet normal -0.733056 0.680168 0
    outer loop
      vertex 5.55345 -16.2182 5
      vertex 5.29495 -16.4968 0
      vertex 5.29495 -16.4968 5
    endloop
  endfacet
  facet normal -0.900949 0.433924 0
    outer loop
      vertex 5.55345 -16.2182 0
      vertex 5.71836 -15.8758 5
      vertex 5.71836 -15.8758 0
    endloop
  endfacet
  facet normal -0.900949 0.433924 0
    outer loop
      vertex 5.71836 -15.8758 5
      vertex 5.55345 -16.2182 0
      vertex 5.55345 -16.2182 5
    endloop
  endfacet
  facet normal 0.955582 0.294725 0
    outer loop
      vertex 3.35126 -16.0532 5
      vertex 3.23924 -15.69 0
      vertex 3.23924 -15.69 5
    endloop
  endfacet
  facet normal 0.955582 0.294725 0
    outer loop
      vertex 3.23924 -15.69 0
      vertex 3.35126 -16.0532 5
      vertex 3.35126 -16.0532 0
    endloop
  endfacet
  facet normal 0.365222 0.930921 -0
    outer loop
      vertex 4.21629 -16.743 0
      vertex 3.8625 -16.6042 5
      vertex 4.21629 -16.743 5
    endloop
  endfacet
  facet normal 0.365222 0.930921 0
    outer loop
      vertex 3.8625 -16.6042 5
      vertex 4.21629 -16.743 0
      vertex 3.8625 -16.6042 0
    endloop
  endfacet
  facet normal -0.733056 -0.680168 0
    outer loop
      vertex 5.55345 -14.7818 0
      vertex 5.29495 -14.5032 5
      vertex 5.29495 -14.5032 0
    endloop
  endfacet
  facet normal -0.733056 -0.680168 0
    outer loop
      vertex 5.29495 -14.5032 5
      vertex 5.55345 -14.7818 0
      vertex 5.55345 -14.7818 5
    endloop
  endfacet
  facet normal -0.50014 -0.865945 0
    outer loop
      vertex 4.96581 -14.3131 0
      vertex 5.29495 -14.5032 5
      vertex 4.96581 -14.3131 5
    endloop
  endfacet
  facet normal -0.50014 -0.865945 -0
    outer loop
      vertex 5.29495 -14.5032 5
      vertex 4.96581 -14.3131 0
      vertex 5.29495 -14.5032 0
    endloop
  endfacet
  facet normal 0.955582 -0.294725 0
    outer loop
      vertex 3.23924 -15.31 5
      vertex 3.35126 -14.9468 0
      vertex 3.35126 -14.9468 5
    endloop
  endfacet
  facet normal 0.955582 -0.294725 0
    outer loop
      vertex 3.35126 -14.9468 0
      vertex 3.23924 -15.31 5
      vertex 3.23924 -15.31 0
    endloop
  endfacet
  facet normal 0.623552 -0.781782 0
    outer loop
      vertex 3.56536 -14.6328 0
      vertex 3.8625 -14.3958 5
      vertex 3.56536 -14.6328 5
    endloop
  endfacet
  facet normal 0.623552 -0.781782 0
    outer loop
      vertex 3.8625 -14.3958 5
      vertex 3.56536 -14.6328 0
      vertex 3.8625 -14.3958 0
    endloop
  endfacet
  facet normal 0.826216 -0.563353 0
    outer loop
      vertex 3.35126 -14.9468 5
      vertex 3.56536 -14.6328 0
      vertex 3.56536 -14.6328 5
    endloop
  endfacet
  facet normal 0.826216 -0.563353 0
    outer loop
      vertex 3.56536 -14.6328 0
      vertex 3.35126 -14.9468 5
      vertex 3.35126 -14.9468 0
    endloop
  endfacet
  facet normal -0.988832 -0.149035 0
    outer loop
      vertex 5.775 -15.5 0
      vertex 5.71836 -15.1242 5
      vertex 5.71836 -15.1242 0
    endloop
  endfacet
  facet normal -0.988832 -0.149035 0
    outer loop
      vertex 5.71836 -15.1242 5
      vertex 5.775 -15.5 0
      vertex 5.775 -15.5 5
    endloop
  endfacet
  facet normal -0.222343 0.974968 0
    outer loop
      vertex 4.96581 -16.6869 0
      vertex 4.59528 -16.7714 5
      vertex 4.96581 -16.6869 5
    endloop
  endfacet
  facet normal -0.222343 0.974968 0
    outer loop
      vertex 4.59528 -16.7714 5
      vertex 4.96581 -16.6869 0
      vertex 4.59528 -16.7714 0
    endloop
  endfacet
  facet normal -0.50014 0.865945 0
    outer loop
      vertex 5.29495 -16.4968 0
      vertex 4.96581 -16.6869 5
      vertex 5.29495 -16.4968 5
    endloop
  endfacet
  facet normal -0.50014 0.865945 0
    outer loop
      vertex 4.96581 -16.6869 5
      vertex 5.29495 -16.4968 0
      vertex 4.96581 -16.6869 0
    endloop
  endfacet
  facet normal 0.826216 0.563353 0
    outer loop
      vertex 3.56536 -16.3672 5
      vertex 3.35126 -16.0532 0
      vertex 3.35126 -16.0532 5
    endloop
  endfacet
  facet normal 0.826216 0.563353 0
    outer loop
      vertex 3.35126 -16.0532 0
      vertex 3.56536 -16.3672 5
      vertex 3.56536 -16.3672 0
    endloop
  endfacet
  facet normal 0.623552 0.781782 -0
    outer loop
      vertex 3.8625 -16.6042 0
      vertex 3.56536 -16.3672 5
      vertex 3.8625 -16.6042 5
    endloop
  endfacet
  facet normal 0.623552 0.781782 0
    outer loop
      vertex 3.56536 -16.3672 5
      vertex 3.8625 -16.6042 0
      vertex 3.56536 -16.3672 0
    endloop
  endfacet
  facet normal -0.222343 -0.974968 0
    outer loop
      vertex 4.59528 16.7714 0
      vertex 4.96581 16.6869 5
      vertex 4.59528 16.7714 5
    endloop
  endfacet
  facet normal -0.222343 -0.974968 -0
    outer loop
      vertex 4.96581 16.6869 5
      vertex 4.59528 16.7714 0
      vertex 4.96581 16.6869 0
    endloop
  endfacet
  facet normal 1 -0 0
    outer loop
      vertex 3.23924 15.31 5
      vertex 3.23924 15.69 0
      vertex 3.23924 15.69 5
    endloop
  endfacet
  facet normal 1 0 0
    outer loop
      vertex 3.23924 15.69 0
      vertex 3.23924 15.31 5
      vertex 3.23924 15.31 0
    endloop
  endfacet
  facet normal -0.988832 0.149035 0
    outer loop
      vertex 5.71836 15.1242 0
      vertex 5.775 15.5 5
      vertex 5.775 15.5 0
    endloop
  endfacet
  facet normal -0.988832 0.149035 0
    outer loop
      vertex 5.775 15.5 5
      vertex 5.71836 15.1242 0
      vertex 5.71836 15.1242 5
    endloop
  endfacet
  facet normal 0.0747265 0.997204 -0
    outer loop
      vertex 4.59528 14.2286 0
      vertex 4.21629 14.257 5
      vertex 4.59528 14.2286 5
    endloop
  endfacet
  facet normal 0.0747265 0.997204 0
    outer loop
      vertex 4.21629 14.257 5
      vertex 4.59528 14.2286 0
      vertex 4.21629 14.257 0
    endloop
  endfacet
  facet normal -0.900949 -0.433924 0
    outer loop
      vertex 5.71836 15.8758 0
      vertex 5.55345 16.2182 5
      vertex 5.55345 16.2182 0
    endloop
  endfacet
  facet normal -0.900949 -0.433924 0
    outer loop
      vertex 5.55345 16.2182 5
      vertex 5.71836 15.8758 0
      vertex 5.71836 15.8758 5
    endloop
  endfacet
  facet normal 0.0747265 -0.997204 0
    outer loop
      vertex 4.21629 16.743 0
      vertex 4.59528 16.7714 5
      vertex 4.21629 16.743 5
    endloop
  endfacet
  facet normal 0.0747265 -0.997204 0
    outer loop
      vertex 4.59528 16.7714 5
      vertex 4.21629 16.743 0
      vertex 4.59528 16.7714 0
    endloop
  endfacet
  facet normal 0.365222 -0.930921 0
    outer loop
      vertex 3.8625 16.6042 0
      vertex 4.21629 16.743 5
      vertex 3.8625 16.6042 5
    endloop
  endfacet
  facet normal 0.365222 -0.930921 0
    outer loop
      vertex 4.21629 16.743 5
      vertex 3.8625 16.6042 0
      vertex 4.21629 16.743 0
    endloop
  endfacet
  facet normal -0.733056 0.680168 0
    outer loop
      vertex 5.29495 14.5032 0
      vertex 5.55345 14.7818 5
      vertex 5.55345 14.7818 0
    endloop
  endfacet
  facet normal -0.733056 0.680168 0
    outer loop
      vertex 5.55345 14.7818 5
      vertex 5.29495 14.5032 0
      vertex 5.29495 14.5032 5
    endloop
  endfacet
  facet normal -0.900949 0.433924 0
    outer loop
      vertex 5.55345 14.7818 0
      vertex 5.71836 15.1242 5
      vertex 5.71836 15.1242 0
    endloop
  endfacet
  facet normal -0.900949 0.433924 0
    outer loop
      vertex 5.71836 15.1242 5
      vertex 5.55345 14.7818 0
      vertex 5.55345 14.7818 5
    endloop
  endfacet
  facet normal 0.955582 0.294725 0
    outer loop
      vertex 3.35126 14.9468 5
      vertex 3.23924 15.31 0
      vertex 3.23924 15.31 5
    endloop
  endfacet
  facet normal 0.955582 0.294725 0
    outer loop
      vertex 3.23924 15.31 0
      vertex 3.35126 14.9468 5
      vertex 3.35126 14.9468 0
    endloop
  endfacet
  facet normal 0.365222 0.930921 -0
    outer loop
      vertex 4.21629 14.257 0
      vertex 3.8625 14.3958 5
      vertex 4.21629 14.257 5
    endloop
  endfacet
  facet normal 0.365222 0.930921 0
    outer loop
      vertex 3.8625 14.3958 5
      vertex 4.21629 14.257 0
      vertex 3.8625 14.3958 0
    endloop
  endfacet
  facet normal -0.733056 -0.680168 0
    outer loop
      vertex 5.55345 16.2182 0
      vertex 5.29495 16.4968 5
      vertex 5.29495 16.4968 0
    endloop
  endfacet
  facet normal -0.733056 -0.680168 0
    outer loop
      vertex 5.29495 16.4968 5
      vertex 5.55345 16.2182 0
      vertex 5.55345 16.2182 5
    endloop
  endfacet
  facet normal -0.50014 -0.865945 0
    outer loop
      vertex 4.96581 16.6869 0
      vertex 5.29495 16.4968 5
      vertex 4.96581 16.6869 5
    endloop
  endfacet
  facet normal -0.50014 -0.865945 -0
    outer loop
      vertex 5.29495 16.4968 5
      vertex 4.96581 16.6869 0
      vertex 5.29495 16.4968 0
    endloop
  endfacet
  facet normal 0.955582 -0.294725 0
    outer loop
      vertex 3.23924 15.69 5
      vertex 3.35126 16.0532 0
      vertex 3.35126 16.0532 5
    endloop
  endfacet
  facet normal 0.955582 -0.294725 0
    outer loop
      vertex 3.35126 16.0532 0
      vertex 3.23924 15.69 5
      vertex 3.23924 15.69 0
    endloop
  endfacet
  facet normal 0.623552 -0.781782 0
    outer loop
      vertex 3.56536 16.3672 0
      vertex 3.8625 16.6042 5
      vertex 3.56536 16.3672 5
    endloop
  endfacet
  facet normal 0.623552 -0.781782 0
    outer loop
      vertex 3.8625 16.6042 5
      vertex 3.56536 16.3672 0
      vertex 3.8625 16.6042 0
    endloop
  endfacet
  facet normal 0.826216 -0.563353 0
    outer loop
      vertex 3.35126 16.0532 5
      vertex 3.56536 16.3672 0
      vertex 3.56536 16.3672 5
    endloop
  endfacet
  facet normal 0.826216 -0.563353 0
    outer loop
      vertex 3.56536 16.3672 0
      vertex 3.35126 16.0532 5
      vertex 3.35126 16.0532 0
    endloop
  endfacet
  facet normal -0.988832 -0.149035 0
    outer loop
      vertex 5.775 15.5 0
      vertex 5.71836 15.8758 5
      vertex 5.71836 15.8758 0
    endloop
  endfacet
  facet normal -0.988832 -0.149035 0
    outer loop
      vertex 5.71836 15.8758 5
      vertex 5.775 15.5 0
      vertex 5.775 15.5 5
    endloop
  endfacet
  facet normal -0.222343 0.974968 0
    outer loop
      vertex 4.96581 14.3131 0
      vertex 4.59528 14.2286 5
      vertex 4.96581 14.3131 5
    endloop
  endfacet
  facet normal -0.222343 0.974968 0
    outer loop
      vertex 4.59528 14.2286 5
      vertex 4.96581 14.3131 0
      vertex 4.59528 14.2286 0
    endloop
  endfacet
  facet normal -0.50014 0.865945 0
    outer loop
      vertex 5.29495 14.5032 0
      vertex 4.96581 14.3131 5
      vertex 5.29495 14.5032 5
    endloop
  endfacet
  facet normal -0.50014 0.865945 0
    outer loop
      vertex 4.96581 14.3131 5
      vertex 5.29495 14.5032 0
      vertex 4.96581 14.3131 0
    endloop
  endfacet
  facet normal 0.826216 0.563353 0
    outer loop
      vertex 3.56536 14.6328 5
      vertex 3.35126 14.9468 0
      vertex 3.35126 14.9468 5
    endloop
  endfacet
  facet normal 0.826216 0.563353 0
    outer loop
      vertex 3.35126 14.9468 0
      vertex 3.56536 14.6328 5
      vertex 3.56536 14.6328 0
    endloop
  endfacet
  facet normal 0.623552 0.781782 -0
    outer loop
      vertex 3.8625 14.3958 0
      vertex 3.56536 14.6328 5
      vertex 3.8625 14.3958 5
    endloop
  endfacet
  facet normal 0.623552 0.781782 0
    outer loop
      vertex 3.56536 14.6328 5
      vertex 3.8625 14.3958 0
      vertex 3.56536 14.6328 0
    endloop
  endfacet
  facet normal -0.988847 -0.148932 0
    outer loop
      vertex 79.775 -15.5 0
      vertex 79.7184 -15.1242 5
      vertex 79.7184 -15.1242 0
    endloop
  endfacet
  facet normal -0.988847 -0.148932 0
    outer loop
      vertex 79.7184 -15.1242 5
      vertex 79.775 -15.5 0
      vertex 79.775 -15.5 5
    endloop
  endfacet
  facet normal 0.0747245 -0.997204 0
    outer loop
      vertex 78.2163 -14.257 0
      vertex 78.5953 -14.2286 5
      vertex 78.2163 -14.257 5
    endloop
  endfacet
  facet normal 0.0747245 -0.997204 0
    outer loop
      vertex 78.5953 -14.2286 5
      vertex 78.2163 -14.257 0
      vertex 78.5953 -14.2286 0
    endloop
  endfacet
  facet normal 0.623603 0.781741 -0
    outer loop
      vertex 77.8625 -16.6042 0
      vertex 77.5654 -16.3672 5
      vertex 77.8625 -16.6042 5
    endloop
  endfacet
  facet normal 0.623603 0.781741 0
    outer loop
      vertex 77.5654 -16.3672 5
      vertex 77.8625 -16.6042 0
      vertex 77.5654 -16.3672 0
    endloop
  endfacet
  facet normal -0.500072 -0.865984 0
    outer loop
      vertex 78.9658 -14.3131 0
      vertex 79.295 -14.5032 5
      vertex 78.9658 -14.3131 5
    endloop
  endfacet
  facet normal -0.500072 -0.865984 -0
    outer loop
      vertex 79.295 -14.5032 5
      vertex 78.9658 -14.3131 0
      vertex 79.295 -14.5032 0
    endloop
  endfacet
  facet normal -0.90096 -0.433903 0
    outer loop
      vertex 79.7184 -15.1242 0
      vertex 79.5535 -14.7818 5
      vertex 79.5535 -14.7818 0
    endloop
  endfacet
  facet normal -0.90096 -0.433903 0
    outer loop
      vertex 79.5535 -14.7818 5
      vertex 79.7184 -15.1242 0
      vertex 79.7184 -15.1242 5
    endloop
  endfacet
  facet normal -0.22236 -0.974965 0
    outer loop
      vertex 78.5953 -14.2286 0
      vertex 78.9658 -14.3131 5
      vertex 78.5953 -14.2286 5
    endloop
  endfacet
  facet normal -0.22236 -0.974965 -0
    outer loop
      vertex 78.9658 -14.3131 5
      vertex 78.5953 -14.2286 0
      vertex 78.9658 -14.3131 0
    endloop
  endfacet
  facet normal 0.826216 -0.563353 0
    outer loop
      vertex 77.3513 -14.9468 5
      vertex 77.5654 -14.6328 0
      vertex 77.5654 -14.6328 5
    endloop
  endfacet
  facet normal 0.826216 -0.563353 0
    outer loop
      vertex 77.5654 -14.6328 0
      vertex 77.3513 -14.9468 5
      vertex 77.3513 -14.9468 0
    endloop
  endfacet
  facet normal 0.955523 -0.294918 0
    outer loop
      vertex 77.2392 -15.31 5
      vertex 77.3513 -14.9468 0
      vertex 77.3513 -14.9468 5
    endloop
  endfacet
  facet normal 0.955523 -0.294918 0
    outer loop
      vertex 77.3513 -14.9468 0
      vertex 77.2392 -15.31 5
      vertex 77.2392 -15.31 0
    endloop
  endfacet
  facet normal 0.365213 -0.930924 0
    outer loop
      vertex 77.8625 -14.3958 0
      vertex 78.2163 -14.257 5
      vertex 77.8625 -14.3958 5
    endloop
  endfacet
  facet normal 0.365213 -0.930924 0
    outer loop
      vertex 78.2163 -14.257 5
      vertex 77.8625 -14.3958 0
      vertex 78.2163 -14.257 0
    endloop
  endfacet
  facet normal -0.90096 0.433903 0
    outer loop
      vertex 79.5535 -16.2182 0
      vertex 79.7184 -15.8758 5
      vertex 79.7184 -15.8758 0
    endloop
  endfacet
  facet normal -0.90096 0.433903 0
    outer loop
      vertex 79.7184 -15.8758 5
      vertex 79.5535 -16.2182 0
      vertex 79.5535 -16.2182 5
    endloop
  endfacet
  facet normal 0.365213 0.930924 -0
    outer loop
      vertex 78.2163 -16.743 0
      vertex 77.8625 -16.6042 5
      vertex 78.2163 -16.743 5
    endloop
  endfacet
  facet normal 0.365213 0.930924 0
    outer loop
      vertex 77.8625 -16.6042 5
      vertex 78.2163 -16.743 0
      vertex 77.8625 -16.6042 0
    endloop
  endfacet
  facet normal 0.955523 0.294918 0
    outer loop
      vertex 77.3513 -16.0532 5
      vertex 77.2392 -15.69 0
      vertex 77.2392 -15.69 5
    endloop
  endfacet
  facet normal 0.955523 0.294918 0
    outer loop
      vertex 77.2392 -15.69 0
      vertex 77.3513 -16.0532 5
      vertex 77.3513 -16.0532 0
    endloop
  endfacet
  facet normal -0.733056 -0.680168 0
    outer loop
      vertex 79.5535 -14.7818 0
      vertex 79.295 -14.5032 5
      vertex 79.295 -14.5032 0
    endloop
  endfacet
  facet normal -0.733056 -0.680168 0
    outer loop
      vertex 79.295 -14.5032 5
      vertex 79.5535 -14.7818 0
      vertex 79.5535 -14.7818 5
    endloop
  endfacet
  facet normal 1 -0 0
    outer loop
      vertex 77.2392 -15.69 5
      vertex 77.2392 -15.31 0
      vertex 77.2392 -15.31 5
    endloop
  endfacet
  facet normal 1 0 0
    outer loop
      vertex 77.2392 -15.31 0
      vertex 77.2392 -15.69 5
      vertex 77.2392 -15.69 0
    endloop
  endfacet
  facet normal 0.623603 -0.781741 0
    outer loop
      vertex 77.5654 -14.6328 0
      vertex 77.8625 -14.3958 5
      vertex 77.5654 -14.6328 5
    endloop
  endfacet
  facet normal 0.623603 -0.781741 0
    outer loop
      vertex 77.8625 -14.3958 5
      vertex 77.5654 -14.6328 0
      vertex 77.8625 -14.3958 0
    endloop
  endfacet
  facet normal -0.988847 0.148932 0
    outer loop
      vertex 79.7184 -15.8758 0
      vertex 79.775 -15.5 5
      vertex 79.775 -15.5 0
    endloop
  endfacet
  facet normal -0.988847 0.148932 0
    outer loop
      vertex 79.775 -15.5 5
      vertex 79.7184 -15.8758 0
      vertex 79.7184 -15.8758 5
    endloop
  endfacet
  facet normal -0.22236 0.974965 0
    outer loop
      vertex 78.9658 -16.6869 0
      vertex 78.5953 -16.7714 5
      vertex 78.9658 -16.6869 5
    endloop
  endfacet
  facet normal -0.22236 0.974965 0
    outer loop
      vertex 78.5953 -16.7714 5
      vertex 78.9658 -16.6869 0
      vertex 78.5953 -16.7714 0
    endloop
  endfacet
  facet normal -0.733056 0.680168 0
    outer loop
      vertex 79.295 -16.4968 0
      vertex 79.5535 -16.2182 5
      vertex 79.5535 -16.2182 0
    endloop
  endfacet
  facet normal -0.733056 0.680168 0
    outer loop
      vertex 79.5535 -16.2182 5
      vertex 79.295 -16.4968 0
      vertex 79.295 -16.4968 5
    endloop
  endfacet
  facet normal 0.0747245 0.997204 -0
    outer loop
      vertex 78.5953 -16.7714 0
      vertex 78.2163 -16.743 5
      vertex 78.5953 -16.7714 5
    endloop
  endfacet
  facet normal 0.0747245 0.997204 0
    outer loop
      vertex 78.2163 -16.743 5
      vertex 78.5953 -16.7714 0
      vertex 78.2163 -16.743 0
    endloop
  endfacet
  facet normal 0.826216 0.563353 0
    outer loop
      vertex 77.5654 -16.3672 5
      vertex 77.3513 -16.0532 0
      vertex 77.3513 -16.0532 5
    endloop
  endfacet
  facet normal 0.826216 0.563353 0
    outer loop
      vertex 77.3513 -16.0532 0
      vertex 77.5654 -16.3672 5
      vertex 77.5654 -16.3672 0
    endloop
  endfacet
  facet normal -0.500072 0.865984 0
    outer loop
      vertex 79.295 -16.4968 0
      vertex 78.9658 -16.6869 5
      vertex 79.295 -16.4968 5
    endloop
  endfacet
  facet normal -0.500072 0.865984 0
    outer loop
      vertex 78.9658 -16.6869 5
      vertex 79.295 -16.4968 0
      vertex 78.9658 -16.6869 0
    endloop
  endfacet
  facet normal 0 -0.89879 -0.438379
    outer loop
      vertex 78 6.76024 3.00985
      vertex 79 6.53381 3.47409
      vertex 78 6.53381 3.47409
    endloop
  endfacet
  facet normal 0 -0.89879 -0.438379
    outer loop
      vertex 79 6.53381 3.47409
      vertex 78 6.76024 3.00985
      vertex 79 6.76024 3.00985
    endloop
  endfacet
  facet normal 0 -0.89879 -0.438379
    outer loop
      vertex 0 6.76024 3.00985
      vertex 64 6.53381 3.47409
      vertex 0 6.53381 3.47409
    endloop
  endfacet
  facet normal 0 -0.89879 -0.438379
    outer loop
      vertex 64 6.53381 3.47409
      vertex 0 6.76024 3.00985
      vertex 64 6.76024 3.00985
    endloop
  endfacet
  facet normal 0 0.342026 -0.939691
    outer loop
      vertex 0 -2.28673 7.03782
      vertex 23.9171 -2.77209 6.86116
      vertex 0 -2.77209 6.86116
    endloop
  endfacet
  facet normal 8.91349e-07 0.342065 -0.939676
    outer loop
      vertex 23.9171 -2.77209 6.86116
      vertex 0 -2.28673 7.03782
      vertex 23.949 -2.74168 6.87223
    endloop
  endfacet
  facet normal -6.18649e-07 0.341995 -0.939702
    outer loop
      vertex 23.949 -2.74168 6.87223
      vertex 0 -2.28673 7.03782
      vertex 24.2664 -2.522 6.95218
    endloop
  endfacet
  facet normal -1.6053e-07 0.342036 -0.939687
    outer loop
      vertex 24.2664 -2.522 6.95218
      vertex 0 -2.28673 7.03782
      vertex 24.6258 -2.34172 7.0178
    endloop
  endfacet
  facet normal 0 0.3421 -0.939664
    outer loop
      vertex 24.6258 -2.34172 7.0178
      vertex 0 -2.28673 7.03782
      vertex 24.7849 -2.28673 7.03782
    endloop
  endfacet
  facet normal 0 0.342026 -0.939691
    outer loop
      vertex 46.0829 -2.77209 6.86116
      vertex 79 -2.28673 7.03782
      vertex 79 -2.77209 6.86116
    endloop
  endfacet
  facet normal -6.51354e-07 0.342065 -0.939676
    outer loop
      vertex 46.051 -2.74168 6.87223
      vertex 79 -2.28673 7.03782
      vertex 46.0829 -2.77209 6.86116
    endloop
  endfacet
  facet normal 4.52971e-07 0.341994 -0.939702
    outer loop
      vertex 45.7336 -2.522 6.95218
      vertex 79 -2.28673 7.03782
      vertex 46.051 -2.74168 6.87223
    endloop
  endfacet
  facet normal 1.17704e-07 0.342036 -0.939687
    outer loop
      vertex 45.3742 -2.34172 7.0178
      vertex 79 -2.28673 7.03782
      vertex 45.7336 -2.522 6.95218
    endloop
  endfacet
  facet normal 0 0.3421 -0.939664
    outer loop
      vertex 79 -2.28673 7.03782
      vertex 45.3742 -2.34172 7.0178
      vertex 45.2151 -2.28673 7.03782
    endloop
  endfacet
  facet normal 0 0.927189 -0.374593
    outer loop
      vertex 22.2957 -6.95372 2.53095
      vertex 0 -6.76024 3.00985
      vertex 22.3562 -6.76024 3.00985
    endloop
  endfacet
  facet normal 0 0.927189 -0.374593
    outer loop
      vertex 0 -6.76024 3.00985
      vertex 22.2957 -6.95372 2.53095
      vertex 0 -6.95372 2.53095
    endloop
  endfacet
  facet normal 0 0.927189 -0.374593
    outer loop
      vertex 47.7043 -6.95372 2.53095
      vertex 79 -6.76024 3.00985
      vertex 79 -6.95372 2.53095
    endloop
  endfacet
  facet normal 0 0.927189 -0.374593
    outer loop
      vertex 79 -6.76024 3.00985
      vertex 47.7043 -6.95372 2.53095
      vertex 47.6438 -6.76024 3.00985
    endloop
  endfacet
  facet normal 0 -0.139163 -0.990269
    outer loop
      vertex 0 0.77351 7.35946
      vertex 79 1.285 7.28758
      vertex 79 0.77351 7.35946
    endloop
  endfacet
  facet normal -0 -0.139163 -0.990269
    outer loop
      vertex 79 1.285 7.28758
      vertex 0 0.77351 7.35946
      vertex 0 1.285 7.28758
    endloop
  endfacet
  facet normal 0 0.984808 -0.173644
    outer loop
      vertex 22.1788 -7.32798 1.02988
      vertex 0 -7.23829 1.53855
      vertex 22.2068 -7.23829 1.53855
    endloop
  endfacet
  facet normal 0 0.984808 -0.173644
    outer loop
      vertex 0 -7.23829 1.53855
      vertex 22.1788 -7.32798 1.02988
      vertex 0 -7.32798 1.02988
    endloop
  endfacet
  facet normal 0 0.984808 -0.173644
    outer loop
      vertex 47.8212 -7.32798 1.02988
      vertex 79 -7.23829 1.53855
      vertex 79 -7.32798 1.02988
    endloop
  endfacet
  facet normal 0 0.984808 -0.173644
    outer loop
      vertex 79 -7.23829 1.53855
      vertex 47.8212 -7.32798 1.02988
      vertex 47.7932 -7.23829 1.53855
    endloop
  endfacet
  facet normal 0 0.743136 -0.66914
    outer loop
      vertex 22.6973 -5.66873 4.75663
      vertex 0 -5.32311 5.14047
      vertex 22.8053 -5.32311 5.14047
    endloop
  endfacet
  facet normal 0 0.743136 -0.66914
    outer loop
      vertex 0 -5.32311 5.14047
      vertex 22.6973 -5.66873 4.75663
      vertex 0 -5.66873 4.75663
    endloop
  endfacet
  facet normal 0 0.743136 -0.66914
    outer loop
      vertex 47.3027 -5.66873 4.75663
      vertex 79 -5.32311 5.14047
      vertex 79 -5.66873 4.75663
    endloop
  endfacet
  facet normal 0 0.743136 -0.66914
    outer loop
      vertex 79 -5.32311 5.14047
      vertex 47.3027 -5.66873 4.75663
      vertex 47.1947 -5.32311 5.14047
    endloop
  endfacet
  facet normal 0 0.207916 -0.978147
    outer loop
      vertex 0 -1.79022 7.18019
      vertex 79 -1.285 7.28758
      vertex 79 -1.79022 7.18019
    endloop
  endfacet
  facet normal 0 0.207916 -0.978147
    outer loop
      vertex 79 -1.285 7.28758
      vertex 0 -1.79022 7.18019
      vertex 0 -1.285 7.28758
    endloop
  endfacet
  facet normal 0 -0.994522 -0.104528
    outer loop
      vertex 78 7.38197 0.516197
      vertex 79 7.32798 1.02988
      vertex 78 7.32798 1.02988
    endloop
  endfacet
  facet normal 0 -0.994522 -0.104528
    outer loop
      vertex 79 7.32798 1.02988
      vertex 78 7.38197 0.516197
      vertex 79 7.38197 0.516197
    endloop
  endfacet
  facet normal 0 -0.994522 -0.104528
    outer loop
      vertex 0 7.38197 0.516197
      vertex 64 7.32798 1.02988
      vertex 0 7.32798 1.02988
    endloop
  endfacet
  facet normal 0 -0.994522 -0.104528
    outer loop
      vertex 64 7.32798 1.02988
      vertex 0 7.38197 0.516197
      vertex 64 7.38197 0.516197
    endloop
  endfacet
  facet normal 0 -0.788019 -0.615651
    outer loop
      vertex 0 5.98672 4.34961
      vertex 64 5.66873 4.75663
      vertex 0 5.66873 4.75663
    endloop
  endfacet
  facet normal 0 -0.788019 -0.615651
    outer loop
      vertex 64 5.66873 4.75663
      vertex 0 5.98672 4.34961
      vertex 64 5.98672 4.34961
    endloop
  endfacet
  facet normal 0 -0.788019 -0.615651
    outer loop
      vertex 78 5.98672 4.34961
      vertex 79 5.66873 4.75663
      vertex 78 5.66873 4.75663
    endloop
  endfacet
  facet normal 0 -0.788019 -0.615651
    outer loop
      vertex 79 5.66873 4.75663
      vertex 78 5.98672 4.34961
      vertex 79 5.98672 4.34961
    endloop
  endfacet
  facet normal 0 -0.743136 -0.66914
    outer loop
      vertex 0 5.66873 4.75663
      vertex 64 5.32311 5.14047
      vertex 0 5.32311 5.14047
    endloop
  endfacet
  facet normal 0 -0.743136 -0.66914
    outer loop
      vertex 64 5.32311 5.14047
      vertex 0 5.66873 4.75663
      vertex 64 5.66873 4.75663
    endloop
  endfacet
  facet normal 0 -0.743136 -0.66914
    outer loop
      vertex 78 5.66873 4.75663
      vertex 79 5.32311 5.14047
      vertex 78 5.32311 5.14047
    endloop
  endfacet
  facet normal 0 -0.743136 -0.66914
    outer loop
      vertex 79 5.32311 5.14047
      vertex 78 5.66873 4.75663
      vertex 79 5.66873 4.75663
    endloop
  endfacet
  facet normal 0 0 -1
    outer loop
      vertex 0 -0.258256 7.39549
      vertex 79 0.258256 7.39549
      vertex 79 -0.258256 7.39549
    endloop
  endfacet
  facet normal -0 0 -1
    outer loop
      vertex 79 0.258256 7.39549
      vertex 0 -0.258256 7.39549
      vertex 0 0.258256 7.39549
    endloop
  endfacet
  facet normal 0 -0.469477 -0.882944
    outer loop
      vertex 0 3.24395 6.65108
      vertex 79 3.7 6.40859
      vertex 79 3.24395 6.65108
    endloop
  endfacet
  facet normal -0 -0.469477 -0.882944
    outer loop
      vertex 79 3.7 6.40859
      vertex 0 3.24395 6.65108
      vertex 0 3.7 6.40859
    endloop
  endfacet
  facet normal 0 -0.642782 -0.766049
    outer loop
      vertex 0 4.55589 5.83128
      vertex 79 4.95157 5.49927
      vertex 79 4.55589 5.83128
    endloop
  endfacet
  facet normal -0 -0.642782 -0.766049
    outer loop
      vertex 79 4.95157 5.49927
      vertex 0 4.55589 5.83128
      vertex 0 4.95157 5.49927
    endloop
  endfacet
  facet normal 0 0.999391 -0.0349072
    outer loop
      vertex 22.1562 -7.4 0
      vertex 0 -7.38197 0.516197
      vertex 22.1619 -7.38197 0.516197
    endloop
  endfacet
  facet normal 0 0.999391 -0.0349072
    outer loop
      vertex 0 -7.38197 0.516197
      vertex 22.1562 -7.4 0
      vertex 0 -7.4 0
    endloop
  endfacet
  facet normal 0 0.999391 -0.0349072
    outer loop
      vertex 47.8438 -7.4 0
      vertex 79 -7.38197 0.516197
      vertex 79 -7.4 0
    endloop
  endfacet
  facet normal 0 0.999391 -0.0349072
    outer loop
      vertex 79 -7.38197 0.516197
      vertex 47.8438 -7.4 0
      vertex 47.8381 -7.38197 0.516197
    endloop
  endfacet
  facet normal 0 0.951051 -0.309034
    outer loop
      vertex 22.2458 -7.11334 2.03972
      vertex 0 -6.95372 2.53095
      vertex 22.2957 -6.95372 2.53095
    endloop
  endfacet
  facet normal 0 0.951051 -0.309034
    outer loop
      vertex 0 -6.95372 2.53095
      vertex 22.2458 -7.11334 2.03972
      vertex 0 -7.11334 2.03972
    endloop
  endfacet
  facet normal 0 0.951051 -0.309034
    outer loop
      vertex 47.7542 -7.11334 2.03972
      vertex 79 -6.95372 2.53095
      vertex 79 -7.11334 2.03972
    endloop
  endfacet
  facet normal 0 0.951051 -0.309034
    outer loop
      vertex 79 -6.95372 2.53095
      vertex 47.7542 -7.11334 2.03972
      vertex 47.7043 -6.95372 2.53095
    endloop
  endfacet
  facet normal 0 0.970298 -0.241911
    outer loop
      vertex 22.2068 -7.23829 1.53855
      vertex 0 -7.11334 2.03972
      vertex 22.2458 -7.11334 2.03972
    endloop
  endfacet
  facet normal 0 0.970298 -0.241911
    outer loop
      vertex 0 -7.11334 2.03972
      vertex 22.2068 -7.23829 1.53855
      vertex 0 -7.23829 1.53855
    endloop
  endfacet
  facet normal 0 0.970298 -0.241911
    outer loop
      vertex 47.7932 -7.23829 1.53855
      vertex 79 -7.11334 2.03972
      vertex 79 -7.23829 1.53855
    endloop
  endfacet
  facet normal 0 0.970298 -0.241911
    outer loop
      vertex 79 -7.11334 2.03972
      vertex 47.7932 -7.23829 1.53855
      vertex 47.7542 -7.11334 2.03972
    endloop
  endfacet
  facet normal 0 0.82903 -0.559204
    outer loop
      vertex 22.5076 -6.27556 3.9214
      vertex 0 -5.98672 4.34961
      vertex 22.5979 -5.98672 4.34961
    endloop
  endfacet
  facet normal 0 0.82903 -0.559204
    outer loop
      vertex 0 -5.98672 4.34961
      vertex 22.5076 -6.27556 3.9214
      vertex 0 -6.27556 3.9214
    endloop
  endfacet
  facet normal 0 0.82903 -0.559204
    outer loop
      vertex 47.4924 -6.27556 3.9214
      vertex 79 -5.98672 4.34961
      vertex 79 -6.27556 3.9214
    endloop
  endfacet
  facet normal 0 0.82903 -0.559204
    outer loop
      vertex 79 -5.98672 4.34961
      vertex 47.4924 -6.27556 3.9214
      vertex 47.4021 -5.98672 4.34961
    endloop
  endfacet
  facet normal 0 0.275634 -0.961263
    outer loop
      vertex 45.2151 -2.28673 7.03782
      vertex 79 -1.79022 7.18019
      vertex 79 -2.28673 7.03782
    endloop
  endfacet
  facet normal 2.69e-07 0.275617 -0.961268
    outer loop
      vertex 44.9851 -2.20306 7.06181
      vertex 79 -1.79022 7.18019
      vertex 45.2151 -2.28673 7.03782
    endloop
  endfacet
  facet normal 7.35847e-07 0.275581 -0.961278
    outer loop
      vertex 44.5826 -2.11568 7.08686
      vertex 79 -1.79022 7.18019
      vertex 44.9851 -2.20306 7.06181
    endloop
  endfacet
  facet normal -2.07896e-06 0.275856 -0.961199
    outer loop
      vertex 44.1832 -2.08617 7.09533
      vertex 79 -1.79022 7.18019
      vertex 44.5826 -2.11568 7.08686
    endloop
  endfacet
  facet normal 0 0.27563 -0.961264
    outer loop
      vertex 25.8168 -2.08617 7.09533
      vertex 79 -1.79022 7.18019
      vertex 44.1832 -2.08617 7.09533
    endloop
  endfacet
  facet normal 0 0.275634 -0.961263
    outer loop
      vertex 0 -1.79022 7.18019
      vertex 24.7849 -2.28673 7.03782
      vertex 0 -2.28673 7.03782
    endloop
  endfacet
  facet normal -3.61582e-07 0.275617 -0.961267
    outer loop
      vertex 24.7849 -2.28673 7.03782
      vertex 0 -1.79022 7.18019
      vertex 25.0149 -2.20306 7.06181
    endloop
  endfacet
  facet normal -9.81889e-07 0.275582 -0.961277
    outer loop
      vertex 25.0149 -2.20306 7.06181
      vertex 0 -1.79022 7.18019
      vertex 25.4174 -2.11568 7.08686
    endloop
  endfacet
  facet normal 0 0.27563 -0.961264
    outer loop
      vertex 25.8168 -2.08617 7.09533
      vertex 0 -1.79022 7.18019
      vertex 79 -1.79022 7.18019
    endloop
  endfacet
  facet normal 2.70637e-06 0.275849 -0.961201
    outer loop
      vertex 25.4174 -2.11568 7.08686
      vertex 0 -1.79022 7.18019
      vertex 25.8168 -2.08617 7.09533
    endloop
  endfacet
  facet normal 0 0.0697563 -0.997564
    outer loop
      vertex 0 -0.77351 7.35946
      vertex 79 -0.258256 7.39549
      vertex 79 -0.77351 7.35946
    endloop
  endfacet
  facet normal 0 0.0697563 -0.997564
    outer loop
      vertex 79 -0.258256 7.39549
      vertex 0 -0.77351 7.35946
      vertex 0 -0.258256 7.39549
    endloop
  endfacet
  facet normal 0 0.529917 -0.848049
    outer loop
      vertex 0 -3.7 6.40859
      vertex 23.1756 -4.13803 6.13488
      vertex 0 -4.13803 6.13488
    endloop
  endfacet
  facet normal 0 0.529917 -0.848049
    outer loop
      vertex 23.1756 -4.13803 6.13488
      vertex 0 -3.7 6.40859
      vertex 23.3125 -3.7 6.40859
    endloop
  endfacet
  facet normal 0 0.529917 -0.848049
    outer loop
      vertex 46.8244 -4.13803 6.13488
      vertex 79 -3.7 6.40859
      vertex 79 -4.13803 6.13488
    endloop
  endfacet
  facet normal 0 0.529917 -0.848049
    outer loop
      vertex 79 -3.7 6.40859
      vertex 46.8244 -4.13803 6.13488
      vertex 46.6875 -3.7 6.40859
    endloop
  endfacet
  facet normal 0 0.587794 -0.809011
    outer loop
      vertex 0 -4.13803 6.13488
      vertex 23.045 -4.55589 5.83128
      vertex 0 -4.55589 5.83128
    endloop
  endfacet
  facet normal 0 0.587794 -0.809011
    outer loop
      vertex 23.045 -4.55589 5.83128
      vertex 0 -4.13803 6.13488
      vertex 23.1756 -4.13803 6.13488
    endloop
  endfacet
  facet normal 0 0.587794 -0.809011
    outer loop
      vertex 46.955 -4.55589 5.83128
      vertex 79 -4.13803 6.13488
      vertex 79 -4.55589 5.83128
    endloop
  endfacet
  facet normal 0 0.587794 -0.809011
    outer loop
      vertex 79 -4.13803 6.13488
      vertex 46.955 -4.55589 5.83128
      vertex 46.8244 -4.13803 6.13488
    endloop
  endfacet
  facet normal 0 0.406728 -0.913549
    outer loop
      vertex 0 -2.77209 6.86116
      vertex 23.4924 -3.24395 6.65108
      vertex 0 -3.24395 6.65108
    endloop
  endfacet
  facet normal -8.31982e-06 0.406382 -0.913703
    outer loop
      vertex 23.4924 -3.24395 6.65108
      vertex 0 -2.77209 6.86116
      vertex 23.4957 -3.23689 6.65422
    endloop
  endfacet
  facet normal -1.63905e-07 0.406726 -0.91355
    outer loop
      vertex 23.4957 -3.23689 6.65422
      vertex 0 -2.77209 6.86116
      vertex 23.6897 -2.98007 6.76856
    endloop
  endfacet
  facet normal 0 0.406742 -0.913543
    outer loop
      vertex 23.6897 -2.98007 6.76856
      vertex 0 -2.77209 6.86116
      vertex 23.9171 -2.77209 6.86116
    endloop
  endfacet
  facet normal 0 0.406728 -0.913549
    outer loop
      vertex 46.5076 -3.24395 6.65108
      vertex 79 -2.77209 6.86116
      vertex 79 -3.24395 6.65108
    endloop
  endfacet
  facet normal 6.03087e-06 0.406381 -0.913704
    outer loop
      vertex 46.5043 -3.23689 6.65422
      vertex 79 -2.77209 6.86116
      vertex 46.5076 -3.24395 6.65108
    endloop
  endfacet
  facet normal 1.18995e-07 0.406726 -0.91355
    outer loop
      vertex 46.3103 -2.98007 6.76856
      vertex 79 -2.77209 6.86116
      vertex 46.5043 -3.23689 6.65422
    endloop
  endfacet
  facet normal 0 0.406742 -0.913543
    outer loop
      vertex 79 -2.77209 6.86116
      vertex 46.3103 -2.98007 6.76856
      vertex 46.0829 -2.77209 6.86116
    endloop
  endfacet
  facet normal 0 0.642782 -0.766049
    outer loop
      vertex 0 -4.55589 5.83128
      vertex 22.9214 -4.95157 5.49927
      vertex 0 -4.95157 5.49927
    endloop
  endfacet
  facet normal 0 0.642782 -0.766049
    outer loop
      vertex 22.9214 -4.95157 5.49927
      vertex 0 -4.55589 5.83128
      vertex 23.045 -4.55589 5.83128
    endloop
  endfacet
  facet normal 0 0.642782 -0.766049
    outer loop
      vertex 47.0786 -4.95157 5.49927
      vertex 79 -4.55589 5.83128
      vertex 79 -4.95157 5.49927
    endloop
  endfacet
  facet normal 0 0.642782 -0.766049
    outer loop
      vertex 79 -4.55589 5.83128
      vertex 47.0786 -4.95157 5.49927
      vertex 46.955 -4.55589 5.83128
    endloop
  endfacet
  facet normal 0 -0.999391 -0.0349072
    outer loop
      vertex 78 7.4 0
      vertex 79 7.38197 0.516197
      vertex 78 7.38197 0.516197
    endloop
  endfacet
  facet normal 0 -0.999391 -0.0349072
    outer loop
      vertex 79 7.38197 0.516197
      vertex 78 7.4 0
      vertex 79 7.4 0
    endloop
  endfacet
  facet normal 0 -0.999391 -0.0349072
    outer loop
      vertex 0 7.4 0
      vertex 64 7.38197 0.516197
      vertex 0 7.38197 0.516197
    endloop
  endfacet
  facet normal 0 -0.999391 -0.0349072
    outer loop
      vertex 64 7.38197 0.516197
      vertex 0 7.4 0
      vertex 64 7.4 0
    endloop
  endfacet
  facet normal 0 -0.927189 -0.374593
    outer loop
      vertex 78 6.95372 2.53095
      vertex 79 6.76024 3.00985
      vertex 78 6.76024 3.00985
    endloop
  endfacet
  facet normal 0 -0.927189 -0.374593
    outer loop
      vertex 79 6.76024 3.00985
      vertex 78 6.95372 2.53095
      vertex 79 6.95372 2.53095
    endloop
  endfacet
  facet normal 0 -0.927189 -0.374593
    outer loop
      vertex 0 6.95372 2.53095
      vertex 64 6.76024 3.00985
      vertex 0 6.76024 3.00985
    endloop
  endfacet
  facet normal 0 -0.927189 -0.374593
    outer loop
      vertex 64 6.76024 3.00985
      vertex 0 6.95372 2.53095
      vertex 64 6.95372 2.53095
    endloop
  endfacet
  facet normal 0 -0.984808 -0.173644
    outer loop
      vertex 0 7.32798 1.02988
      vertex 64 7.23829 1.53855
      vertex 0 7.23829 1.53855
    endloop
  endfacet
  facet normal 0 -0.984808 -0.173644
    outer loop
      vertex 64 7.23829 1.53855
      vertex 0 7.32798 1.02988
      vertex 64 7.32798 1.02988
    endloop
  endfacet
  facet normal 0 -0.984808 -0.173644
    outer loop
      vertex 78 7.32798 1.02988
      vertex 79 7.23829 1.53855
      vertex 78 7.23829 1.53855
    endloop
  endfacet
  facet normal 0 -0.984808 -0.173644
    outer loop
      vertex 79 7.23829 1.53855
      vertex 78 7.32798 1.02988
      vertex 79 7.32798 1.02988
    endloop
  endfacet
  facet normal 4.68145e-07 -0.694666 -0.719332
    outer loop
      vertex 79 4.95157 5.49927
      vertex 78 5 5.4525
      vertex 79 5.32311 5.14047
    endloop
  endfacet
  facet normal 0 -0.694671 -0.719327
    outer loop
      vertex 79 4.95157 5.49927
      vertex 64 5 5.4525
      vertex 78 5 5.4525
    endloop
  endfacet
  facet normal 0 -0.694671 -0.719327
    outer loop
      vertex 0 4.95157 5.49927
      vertex 64 5 5.4525
      vertex 79 4.95157 5.49927
    endloop
  endfacet
  facet normal -8.41116e-09 -0.694666 -0.719333
    outer loop
      vertex 0 4.95157 5.49927
      vertex 64 5.32311 5.14047
      vertex 64 5 5.4525
    endloop
  endfacet
  facet normal -0 -0.694666 -0.719332
    outer loop
      vertex 64 5.32311 5.14047
      vertex 0 4.95157 5.49927
      vertex 0 5.32311 5.14047
    endloop
  endfacet
  facet normal -0 -0.694666 -0.719333
    outer loop
      vertex 79 5.32311 5.14047
      vertex 78 5 5.4525
      vertex 78 5.32311 5.14047
    endloop
  endfacet
  facet normal 0 -0.82903 -0.559204
    outer loop
      vertex 0 6.27556 3.9214
      vertex 64 5.98672 4.34961
      vertex 0 5.98672 4.34961
    endloop
  endfacet
  facet normal 0 -0.82903 -0.559204
    outer loop
      vertex 64 5.98672 4.34961
      vertex 0 6.27556 3.9214
      vertex 64 6.27556 3.9214
    endloop
  endfacet
  facet normal 0 -0.82903 -0.559204
    outer loop
      vertex 78 6.27556 3.9214
      vertex 79 5.98672 4.34961
      vertex 78 5.98672 4.34961
    endloop
  endfacet
  facet normal 0 -0.82903 -0.559204
    outer loop
      vertex 79 5.98672 4.34961
      vertex 78 6.27556 3.9214
      vertex 79 6.27556 3.9214
    endloop
  endfacet
  facet normal 0 -0.342026 -0.939691
    outer loop
      vertex 0 2.28673 7.03782
      vertex 79 2.77209 6.86116
      vertex 79 2.28673 7.03782
    endloop
  endfacet
  facet normal -0 -0.342026 -0.939691
    outer loop
      vertex 79 2.77209 6.86116
      vertex 0 2.28673 7.03782
      vertex 0 2.77209 6.86116
    endloop
  endfacet
  facet normal 0 -0.0697563 -0.997564
    outer loop
      vertex 0 0.258256 7.39549
      vertex 79 0.77351 7.35946
      vertex 79 0.258256 7.39549
    endloop
  endfacet
  facet normal -0 -0.0697563 -0.997564
    outer loop
      vertex 79 0.77351 7.35946
      vertex 0 0.258256 7.39549
      vertex 0 0.77351 7.35946
    endloop
  endfacet
  facet normal 0 -0.207916 -0.978147
    outer loop
      vertex 0 1.285 7.28758
      vertex 79 1.79022 7.18019
      vertex 79 1.285 7.28758
    endloop
  endfacet
  facet normal -0 -0.207916 -0.978147
    outer loop
      vertex 79 1.79022 7.18019
      vertex 0 1.285 7.28758
      vertex 0 1.79022 7.18019
    endloop
  endfacet
  facet normal 0 -0.406728 -0.913549
    outer loop
      vertex 0 2.77209 6.86116
      vertex 79 3.24395 6.65108
      vertex 79 2.77209 6.86116
    endloop
  endfacet
  facet normal -0 -0.406728 -0.913549
    outer loop
      vertex 79 3.24395 6.65108
      vertex 0 2.77209 6.86116
      vertex 0 3.24395 6.65108
    endloop
  endfacet
  facet normal 0 -0.587794 -0.809011
    outer loop
      vertex 0 4.13803 6.13488
      vertex 79 4.55589 5.83128
      vertex 79 4.13803 6.13488
    endloop
  endfacet
  facet normal -0 -0.587794 -0.809011
    outer loop
      vertex 79 4.55589 5.83128
      vertex 0 4.13803 6.13488
      vertex 0 4.55589 5.83128
    endloop
  endfacet
  facet normal 0 0.994522 -0.104528
    outer loop
      vertex 22.1619 -7.38197 0.516197
      vertex 0 -7.32798 1.02988
      vertex 22.1788 -7.32798 1.02988
    endloop
  endfacet
  facet normal 0 0.994522 -0.104528
    outer loop
      vertex 0 -7.32798 1.02988
      vertex 22.1619 -7.38197 0.516197
      vertex 0 -7.38197 0.516197
    endloop
  endfacet
  facet normal 0 0.994522 -0.104528
    outer loop
      vertex 47.8381 -7.38197 0.516197
      vertex 79 -7.32798 1.02988
      vertex 79 -7.38197 0.516197
    endloop
  endfacet
  facet normal 0 0.994522 -0.104528
    outer loop
      vertex 79 -7.32798 1.02988
      vertex 47.8381 -7.38197 0.516197
      vertex 47.8212 -7.32798 1.02988
    endloop
  endfacet
  facet normal 0 0.866029 -0.499993
    outer loop
      vertex 47.5731 -6.53381 3.47409
      vertex 79 -6.27556 3.9214
      vertex 79 -6.53381 3.47409
    endloop
  endfacet
  facet normal 0 0.866029 -0.499993
    outer loop
      vertex 79 -6.27556 3.9214
      vertex 47.5731 -6.53381 3.47409
      vertex 47.4924 -6.27556 3.9214
    endloop
  endfacet
  facet normal 0 0.866029 -0.499993
    outer loop
      vertex 22.4269 -6.53381 3.47409
      vertex 0 -6.27556 3.9214
      vertex 22.5076 -6.27556 3.9214
    endloop
  endfacet
  facet normal 0 0.866029 -0.499993
    outer loop
      vertex 0 -6.27556 3.9214
      vertex 22.4269 -6.53381 3.47409
      vertex 0 -6.53381 3.47409
    endloop
  endfacet
  facet normal 0 0.89879 -0.438379
    outer loop
      vertex 47.6438 -6.76024 3.00985
      vertex 79 -6.53381 3.47409
      vertex 79 -6.76024 3.00985
    endloop
  endfacet
  facet normal 0 0.89879 -0.438379
    outer loop
      vertex 79 -6.53381 3.47409
      vertex 47.6438 -6.76024 3.00985
      vertex 47.5731 -6.53381 3.47409
    endloop
  endfacet
  facet normal 0 0.89879 -0.438379
    outer loop
      vertex 22.3562 -6.76024 3.00985
      vertex 0 -6.53381 3.47409
      vertex 22.4269 -6.53381 3.47409
    endloop
  endfacet
  facet normal 0 0.89879 -0.438379
    outer loop
      vertex 0 -6.53381 3.47409
      vertex 22.3562 -6.76024 3.00985
      vertex 0 -6.76024 3.00985
    endloop
  endfacet
  facet normal 0 0.469477 -0.882944
    outer loop
      vertex 46.6875 -3.7 6.40859
      vertex 79 -3.24395 6.65108
      vertex 79 -3.7 6.40859
    endloop
  endfacet
  facet normal 1.90198e-07 0.469467 -0.88295
    outer loop
      vertex 46.6217 -3.48945 6.52054
      vertex 79 -3.24395 6.65108
      vertex 46.6875 -3.7 6.40859
    endloop
  endfacet
  facet normal 0 0.469487 -0.88294
    outer loop
      vertex 79 -3.24395 6.65108
      vertex 46.6217 -3.48945 6.52054
      vertex 46.5076 -3.24395 6.65108
    endloop
  endfacet
  facet normal 0 0.469477 -0.882944
    outer loop
      vertex 0 -3.24395 6.65108
      vertex 23.3125 -3.7 6.40859
      vertex 0 -3.7 6.40859
    endloop
  endfacet
  facet normal -2.6318e-07 0.469467 -0.88295
    outer loop
      vertex 23.3125 -3.7 6.40859
      vertex 0 -3.24395 6.65108
      vertex 23.3783 -3.48945 6.52054
    endloop
  endfacet
  facet normal 0 0.469487 -0.88294
    outer loop
      vertex 23.3783 -3.48945 6.52054
      vertex 0 -3.24395 6.65108
      vertex 23.4924 -3.24395 6.65108
    endloop
  endfacet
  facet normal 0 0.694666 -0.719332
    outer loop
      vertex 0 -4.95157 5.49927
      vertex 22.8053 -5.32311 5.14047
      vertex 0 -5.32311 5.14047
    endloop
  endfacet
  facet normal 0 0.694666 -0.719332
    outer loop
      vertex 22.8053 -5.32311 5.14047
      vertex 0 -4.95157 5.49927
      vertex 22.9214 -4.95157 5.49927
    endloop
  endfacet
  facet normal 0 0.694666 -0.719332
    outer loop
      vertex 47.1947 -5.32311 5.14047
      vertex 79 -4.95157 5.49927
      vertex 79 -5.32311 5.14047
    endloop
  endfacet
  facet normal 0 0.694666 -0.719332
    outer loop
      vertex 79 -4.95157 5.49927
      vertex 47.1947 -5.32311 5.14047
      vertex 47.0786 -4.95157 5.49927
    endloop
  endfacet
  facet normal -1 0 0
    outer loop
      vertex 79 3.3 0
      vertex 79 7.38197 0.516197
      vertex 79 7.4 0
    endloop
  endfacet
  facet normal -1 -0 0
    outer loop
      vertex 79 7.38197 0.516197
      vertex 79 3.27594 0.397771
      vertex 79 7.32798 1.02988
    endloop
  endfacet
  facet normal -1 -0 0
    outer loop
      vertex 79 7.32798 1.02988
      vertex 79 3.27594 0.397771
      vertex 79 7.23829 1.53855
    endloop
  endfacet
  facet normal -1 0 0
    outer loop
      vertex 79 3.20411 0.789742
      vertex 79 7.23829 1.53855
      vertex 79 3.27594 0.397771
    endloop
  endfacet
  facet normal -1 -0 0
    outer loop
      vertex 79 7.23829 1.53855
      vertex 79 3.20411 0.789742
      vertex 79 7.11334 2.03972
    endloop
  endfacet
  facet normal -1 -0 0
    outer loop
      vertex 79 7.11334 2.03972
      vertex 79 3.08555 1.1702
      vertex 79 6.95372 2.53095
    endloop
  endfacet
  facet normal -1 -0 0
    outer loop
      vertex 79 6.95372 2.53095
      vertex 79 3.08555 1.1702
      vertex 79 6.76024 3.00985
    endloop
  endfacet
  facet normal -1 0 0
    outer loop
      vertex 79 2.922 1.53359
      vertex 79 6.76024 3.00985
      vertex 79 3.08555 1.1702
    endloop
  endfacet
  facet normal -1 -0 0
    outer loop
      vertex 79 6.53381 3.47409
      vertex 79 2.922 1.53359
      vertex 79 6.27556 3.9214
    endloop
  endfacet
  facet normal -1 0 0
    outer loop
      vertex 79 2.71585 1.87461
      vertex 79 6.27556 3.9214
      vertex 79 2.922 1.53359
    endloop
  endfacet
  facet normal -1 -0 0
    outer loop
      vertex 79 6.27556 3.9214
      vertex 79 2.71585 1.87461
      vertex 79 5.98672 4.34961
    endloop
  endfacet
  facet normal -1 0 0
    outer loop
      vertex 79 2.47009 2.1883
      vertex 79 5.66873 4.75663
      vertex 79 2.71585 1.87461
    endloop
  endfacet
  facet normal -1 -0 0
    outer loop
      vertex 79 5.66873 4.75663
      vertex 79 2.47009 2.1883
      vertex 79 5.32311 5.14047
    endloop
  endfacet
  facet normal -1 0 0
    outer loop
      vertex 79 2.1883 2.47009
      vertex 79 5.32311 5.14047
      vertex 79 2.47009 2.1883
    endloop
  endfacet
  facet normal -1 0 0
    outer loop
      vertex 79 7.38197 0.516197
      vertex 79 3.3 0
      vertex 79 3.27594 0.397771
    endloop
  endfacet
  facet normal -1 0 0
    outer loop
      vertex 79 3.08555 1.1702
      vertex 79 7.11334 2.03972
      vertex 79 3.20411 0.789742
    endloop
  endfacet
  facet normal -1 -0 0
    outer loop
      vertex 79 6.76024 3.00985
      vertex 79 2.922 1.53359
      vertex 79 6.53381 3.47409
    endloop
  endfacet
  facet normal -1 -0 0
    outer loop
      vertex 79 5.98672 4.34961
      vertex 79 2.71585 1.87461
      vertex 79 5.66873 4.75663
    endloop
  endfacet
  facet normal -1 -0 0
    outer loop
      vertex 79 5.32311 5.14047
      vertex 79 2.1883 2.47009
      vertex 79 4.95157 5.49927
    endloop
  endfacet
  facet normal -1 -0 0
    outer loop
      vertex 79 4.95157 5.49927
      vertex 79 2.1883 2.47009
      vertex 79 4.55589 5.83128
    endloop
  endfacet
  facet normal -1 0 0
    outer loop
      vertex 79 1.87461 2.71585
      vertex 79 4.55589 5.83128
      vertex 79 2.1883 2.47009
    endloop
  endfacet
  facet normal -1 -0 0
    outer loop
      vertex 79 4.55589 5.83128
      vertex 79 1.87461 2.71585
      vertex 79 4.13803 6.13488
    endloop
  endfacet
  facet normal -1 -0 0
    outer loop
      vertex 79 4.13803 6.13488
      vertex 79 1.87461 2.71585
      vertex 79 3.7 6.40859
    endloop
  endfacet
  facet normal -1 0 0
    outer loop
      vertex 79 1.53359 2.922
      vertex 79 3.7 6.40859
      vertex 79 1.87461 2.71585
    endloop
  endfacet
  facet normal -1 -0 0
    outer loop
      vertex 79 3.7 6.40859
      vertex 79 1.53359 2.922
      vertex 79 3.24395 6.65108
    endloop
  endfacet
  facet normal -1 0 0
    outer loop
      vertex 79 1.1702 3.08555
      vertex 79 3.24395 6.65108
      vertex 79 1.53359 2.922
    endloop
  endfacet
  facet normal -1 -0 0
    outer loop
      vertex 79 3.24395 6.65108
      vertex 79 1.1702 3.08555
      vertex 79 2.77209 6.86116
    endloop
  endfacet
  facet normal -1 -0 0
    outer loop
      vertex 79 2.77209 6.86116
      vertex 79 1.1702 3.08555
      vertex 79 2.28673 7.03782
    endloop
  endfacet
  facet normal -1 0 0
    outer loop
      vertex 79 0.789742 3.20411
      vertex 79 2.28673 7.03782
      vertex 79 1.1702 3.08555
    endloop
  endfacet
  facet normal -1 -0 0
    outer loop
      vertex 79 2.28673 7.03782
      vertex 79 0.789742 3.20411
      vertex 79 1.79022 7.18019
    endloop
  endfacet
  facet normal -1 -0 0
    outer loop
      vertex 79 1.79022 7.18019
      vertex 79 0.789742 3.20411
      vertex 79 1.285 7.28758
    endloop
  endfacet
  facet normal -1 0 0
    outer loop
      vertex 79 0.397771 3.27594
      vertex 79 1.285 7.28758
      vertex 79 0.789742 3.20411
    endloop
  endfacet
  facet normal -1 -0 0
    outer loop
      vertex 79 1.285 7.28758
      vertex 79 0.397771 3.27594
      vertex 79 0.77351 7.35946
    endloop
  endfacet
  facet normal -1 0 0
    outer loop
      vertex 79 0.397771 3.27594
      vertex 79 0.258256 7.39549
      vertex 79 0.77351 7.35946
    endloop
  endfacet
  facet normal -1 0 0
    outer loop
      vertex 79 0 3.3
      vertex 79 0.258256 7.39549
      vertex 79 0.397771 3.27594
    endloop
  endfacet
  facet normal -1 0 0
    outer loop
      vertex 79 0 3.3
      vertex 79 -0.258256 7.39549
      vertex 79 0.258256 7.39549
    endloop
  endfacet
  facet normal -1 0 0
    outer loop
      vertex 79 -0.397771 3.27594
      vertex 79 -0.258256 7.39549
      vertex 79 0 3.3
    endloop
  endfacet
  facet normal -1 0 0
    outer loop
      vertex 79 -0.397771 3.27594
      vertex 79 -0.77351 7.35946
      vertex 79 -0.258256 7.39549
    endloop
  endfacet
  facet normal -1 0 0
    outer loop
      vertex 79 -1.285 7.28758
      vertex 79 -0.397771 3.27594
      vertex 79 -0.789742 3.20411
    endloop
  endfacet
  facet normal -1 0 0
    outer loop
      vertex 79 -2.28673 7.03782
      vertex 79 -0.789742 3.20411
      vertex 79 -1.1702 3.08555
    endloop
  endfacet
  facet normal -1 0 0
    outer loop
      vertex 79 -0.397771 3.27594
      vertex 79 -1.285 7.28758
      vertex 79 -0.77351 7.35946
    endloop
  endfacet
  facet normal -1 0 0
    outer loop
      vertex 79 -3.24395 6.65108
      vertex 79 -1.1702 3.08555
      vertex 79 -1.53359 2.922
    endloop
  endfacet
  facet normal -1 0 0
    outer loop
      vertex 79 -0.789742 3.20411
      vertex 79 -1.79022 7.18019
      vertex 79 -1.285 7.28758
    endloop
  endfacet
  facet normal -1 0 0
    outer loop
      vertex 79 -3.7 6.40859
      vertex 79 -1.53359 2.922
      vertex 79 -1.87461 2.71585
    endloop
  endfacet
  facet normal -1 0 0
    outer loop
      vertex 79 -4.55589 5.83128
      vertex 79 -1.87461 2.71585
      vertex 79 -2.1883 2.47009
    endloop
  endfacet
  facet normal -1 0 0
    outer loop
      vertex 79 -0.789742 3.20411
      vertex 79 -2.28673 7.03782
      vertex 79 -1.79022 7.18019
    endloop
  endfacet
  facet normal -1 0 0
    outer loop
      vertex 79 -5.32311 5.14047
      vertex 79 -2.1883 2.47009
      vertex 79 -2.47009 2.1883
    endloop
  endfacet
  facet normal -1 0 0
    outer loop
      vertex 79 -5.66873 4.75663
      vertex 79 -2.47009 2.1883
      vertex 79 -2.71585 1.87461
    endloop
  endfacet
  facet normal -1 0 0
    outer loop
      vertex 79 -1.1702 3.08555
      vertex 79 -2.77209 6.86116
      vertex 79 -2.28673 7.03782
    endloop
  endfacet
  facet normal -1 0 0
    outer loop
      vertex 79 -6.27556 3.9214
      vertex 79 -2.71585 1.87461
      vertex 79 -2.922 1.53359
    endloop
  endfacet
  facet normal -1 0 0
    outer loop
      vertex 79 -6.76024 3.00985
      vertex 79 -2.922 1.53359
      vertex 79 -3.08555 1.1702
    endloop
  endfacet
  facet normal -1 0 0
    outer loop
      vertex 79 -7.11334 2.03972
      vertex 79 -3.08555 1.1702
      vertex 79 -3.20411 0.789742
    endloop
  endfacet
  facet normal -1 0 0
    outer loop
      vertex 79 -1.1702 3.08555
      vertex 79 -3.24395 6.65108
      vertex 79 -2.77209 6.86116
    endloop
  endfacet
  facet normal -1 0 0
    outer loop
      vertex 79 -7.23829 1.53855
      vertex 79 -3.20411 0.789742
      vertex 79 -3.27594 0.397771
    endloop
  endfacet
  facet normal -1 0 0
    outer loop
      vertex 79 -7.38197 0.516197
      vertex 79 -3.27594 0.397771
      vertex 79 -3.3 0
    endloop
  endfacet
  facet normal -1 0 0
    outer loop
      vertex 79 -1.53359 2.922
      vertex 79 -3.7 6.40859
      vertex 79 -3.24395 6.65108
    endloop
  endfacet
  facet normal -1 0 0
    outer loop
      vertex 79 -1.87461 2.71585
      vertex 79 -4.13803 6.13488
      vertex 79 -3.7 6.40859
    endloop
  endfacet
  facet normal -1 0 0
    outer loop
      vertex 79 -1.87461 2.71585
      vertex 79 -4.55589 5.83128
      vertex 79 -4.13803 6.13488
    endloop
  endfacet
  facet normal -1 0 0
    outer loop
      vertex 79 -2.1883 2.47009
      vertex 79 -4.95157 5.49927
      vertex 79 -4.55589 5.83128
    endloop
  endfacet
  facet normal -1 0 0
    outer loop
      vertex 79 -2.1883 2.47009
      vertex 79 -5.32311 5.14047
      vertex 79 -4.95157 5.49927
    endloop
  endfacet
  facet normal -1 0 0
    outer loop
      vertex 79 -2.47009 2.1883
      vertex 79 -5.66873 4.75663
      vertex 79 -5.32311 5.14047
    endloop
  endfacet
  facet normal -1 0 0
    outer loop
      vertex 79 -2.71585 1.87461
      vertex 79 -5.98672 4.34961
      vertex 79 -5.66873 4.75663
    endloop
  endfacet
  facet normal -1 0 0
    outer loop
      vertex 79 -2.71585 1.87461
      vertex 79 -6.27556 3.9214
      vertex 79 -5.98672 4.34961
    endloop
  endfacet
  facet normal -1 0 0
    outer loop
      vertex 79 -2.922 1.53359
      vertex 79 -6.53381 3.47409
      vertex 79 -6.27556 3.9214
    endloop
  endfacet
  facet normal -1 0 0
    outer loop
      vertex 79 -2.922 1.53359
      vertex 79 -6.76024 3.00985
      vertex 79 -6.53381 3.47409
    endloop
  endfacet
  facet normal -1 0 0
    outer loop
      vertex 79 -3.08555 1.1702
      vertex 79 -6.95372 2.53095
      vertex 79 -6.76024 3.00985
    endloop
  endfacet
  facet normal -1 0 0
    outer loop
      vertex 79 -3.08555 1.1702
      vertex 79 -7.11334 2.03972
      vertex 79 -6.95372 2.53095
    endloop
  endfacet
  facet normal -1 0 0
    outer loop
      vertex 79 -3.20411 0.789742
      vertex 79 -7.23829 1.53855
      vertex 79 -7.11334 2.03972
    endloop
  endfacet
  facet normal -1 0 0
    outer loop
      vertex 79 -3.27594 0.397771
      vertex 79 -7.32798 1.02988
      vertex 79 -7.23829 1.53855
    endloop
  endfacet
  facet normal -1 0 0
    outer loop
      vertex 79 -3.27594 0.397771
      vertex 79 -7.38197 0.516197
      vertex 79 -7.32798 1.02988
    endloop
  endfacet
  facet normal -1 0 -0
    outer loop
      vertex 79 -7.38197 0.516197
      vertex 79 -3.3 0
      vertex 79 -7.4 0
    endloop
  endfacet
  facet normal 1 0 0
    outer loop
      vertex 0 3.07455 0.396419
      vertex 0 7.38197 0.516197
      vertex 0 7.32798 1.02988
    endloop
  endfacet
  facet normal 1 0 0
    outer loop
      vertex 0 3.07455 0.396419
      vertex 0 7.32798 1.02988
      vertex 0 7.23829 1.53855
    endloop
  endfacet
  facet normal 1 0 0
    outer loop
      vertex 0 2.99861 0.786328
      vertex 0 7.23829 1.53855
      vertex 0 7.11334 2.03972
    endloop
  endfacet
  facet normal 1 0 0
    outer loop
      vertex 0 2.99861 0.786328
      vertex 0 7.11334 2.03972
      vertex 0 6.95372 2.53095
    endloop
  endfacet
  facet normal 1 0 0
    outer loop
      vertex 0 2.87344 1.16333
      vertex 0 6.95372 2.53095
      vertex 0 6.76024 3.00985
    endloop
  endfacet
  facet normal 1 0 0
    outer loop
      vertex 0 2.70109 1.52122
      vertex 0 6.76024 3.00985
      vertex 0 6.53381 3.47409
    endloop
  endfacet
  facet normal 1 0 0
    outer loop
      vertex 0 2.70109 1.52122
      vertex 0 6.53381 3.47409
      vertex 0 6.27556 3.9214
    endloop
  endfacet
  facet normal 1 0 0
    outer loop
      vertex 0 2.48438 1.85414
      vertex 0 6.27556 3.9214
      vertex 0 5.98672 4.34961
    endloop
  endfacet
  facet normal 1 0 0
    outer loop
      vertex 0 2.48438 1.85414
      vertex 0 5.98672 4.34961
      vertex 0 5.66873 4.75663
    endloop
  endfacet
  facet normal 1 0 0
    outer loop
      vertex 0 2.22688 2.15662
      vertex 0 5.66873 4.75663
      vertex 0 5.32311 5.14047
    endloop
  endfacet
  facet normal 1 0 0
    outer loop
      vertex 0 2.22688 2.15662
      vertex 0 5.32311 5.14047
      vertex 0 4.95157 5.49927
    endloop
  endfacet
  facet normal 1 0 0
    outer loop
      vertex 0 1.93282 2.42368
      vertex 0 4.95157 5.49927
      vertex 0 4.55589 5.83128
    endloop
  endfacet
  facet normal 1 0 0
    outer loop
      vertex 0 1.93282 2.42368
      vertex 0 4.55589 5.83128
      vertex 0 4.13803 6.13488
    endloop
  endfacet
  facet normal 1 0 0
    outer loop
      vertex 0 1.60702 2.65094
      vertex 0 4.13803 6.13488
      vertex 0 3.7 6.40859
    endloop
  endfacet
  facet normal 1 0 0
    outer loop
      vertex 0 1.60702 2.65094
      vertex 0 3.7 6.40859
      vertex 0 3.24395 6.65108
    endloop
  endfacet
  facet normal 1 0 0
    outer loop
      vertex 0 6.76024 3.00985
      vertex 0 2.70109 1.52122
      vertex 0 2.87344 1.16333
    endloop
  endfacet
  facet normal 1 0 0
    outer loop
      vertex 0 7.38197 0.516197
      vertex 0 3.1 0
      vertex 0 7.4 0
    endloop
  endfacet
  facet normal 1 0 -0
    outer loop
      vertex 0 3.1 0
      vertex 0 7.38197 0.516197
      vertex 0 3.07455 0.396419
    endloop
  endfacet
  facet normal 1 0 0
    outer loop
      vertex 0 7.23829 1.53855
      vertex 0 2.99861 0.786328
      vertex 0 3.07455 0.396419
    endloop
  endfacet
  facet normal 1 0 0
    outer loop
      vertex 0 1.25483 2.83468
      vertex 0 3.24395 6.65108
      vertex 0 2.77209 6.86116
    endloop
  endfacet
  facet normal 1 0 0
    outer loop
      vertex 0 6.95372 2.53095
      vertex 0 2.87344 1.16333
      vertex 0 2.99861 0.786328
    endloop
  endfacet
  facet normal 1 0 0
    outer loop
      vertex 0 6.27556 3.9214
      vertex 0 2.48438 1.85414
      vertex 0 2.70109 1.52122
    endloop
  endfacet
  facet normal 1 0 0
    outer loop
      vertex 0 1.25483 2.83468
      vertex 0 2.77209 6.86116
      vertex 0 2.28673 7.03782
    endloop
  endfacet
  facet normal 1 0 0
    outer loop
      vertex 0 5.66873 4.75663
      vertex 0 2.22688 2.15662
      vertex 0 2.48438 1.85414
    endloop
  endfacet
  facet normal 1 0 0
    outer loop
      vertex 0 4.95157 5.49927
      vertex 0 1.93282 2.42368
      vertex 0 2.22688 2.15662
    endloop
  endfacet
  facet normal 1 0 0
    outer loop
      vertex 0 0.882035 2.97187
      vertex 0 2.28673 7.03782
      vertex 0 1.79022 7.18019
    endloop
  endfacet
  facet normal 1 0 0
    outer loop
      vertex 0 4.13803 6.13488
      vertex 0 1.60702 2.65094
      vertex 0 1.93282 2.42368
    endloop
  endfacet
  facet normal 1 0 0
    outer loop
      vertex 0 0.49476 3.06026
      vertex 0 1.79022 7.18019
      vertex 0 1.285 7.28758
    endloop
  endfacet
  facet normal 1 0 0
    outer loop
      vertex 0 3.24395 6.65108
      vertex 0 1.25483 2.83468
      vertex 0 1.60702 2.65094
    endloop
  endfacet
  facet normal 1 0 0
    outer loop
      vertex 0 2.28673 7.03782
      vertex 0 0.882035 2.97187
      vertex 0 1.25483 2.83468
    endloop
  endfacet
  facet normal 1 0 0
    outer loop
      vertex 0 0.49476 3.06026
      vertex 0 1.285 7.28758
      vertex 0 0.77351 7.35946
    endloop
  endfacet
  facet normal 1 0 0
    outer loop
      vertex 0 1.79022 7.18019
      vertex 0 0.49476 3.06026
      vertex 0 0.882035 2.97187
    endloop
  endfacet
  facet normal 1 0 0
    outer loop
      vertex 0 0.0993595 3.09841
      vertex 0 0.77351 7.35946
      vertex 0 0.258256 7.39549
    endloop
  endfacet
  facet normal 1 0 0
    outer loop
      vertex 0 0.77351 7.35946
      vertex 0 0.0993595 3.09841
      vertex 0 0.49476 3.06026
    endloop
  endfacet
  facet normal 1 -0 0
    outer loop
      vertex 0 -0.258256 7.39549
      vertex 0 0.0993595 3.09841
      vertex 0 0.258256 7.39549
    endloop
  endfacet
  facet normal 1 0 0
    outer loop
      vertex 0 -0.258256 7.39549
      vertex 0 -0.297671 3.08568
      vertex 0 0.0993595 3.09841
    endloop
  endfacet
  facet normal 1 -0 0
    outer loop
      vertex 0 -0.77351 7.35946
      vertex 0 -0.297671 3.08568
      vertex 0 -0.258256 7.39549
    endloop
  endfacet
  facet normal 1 -0 0
    outer loop
      vertex 0 -1.285 7.28758
      vertex 0 -0.297671 3.08568
      vertex 0 -0.77351 7.35946
    endloop
  endfacet
  facet normal 1 0 0
    outer loop
      vertex 0 -0.297671 3.08568
      vertex 0 -1.285 7.28758
      vertex 0 -0.689815 3.02228
    endloop
  endfacet
  facet normal 1 -0 0
    outer loop
      vertex 0 -1.79022 7.18019
      vertex 0 -0.689815 3.02228
      vertex 0 -1.285 7.28758
    endloop
  endfacet
  facet normal 1 -0 0
    outer loop
      vertex 0 -2.28673 7.03782
      vertex 0 -0.689815 3.02228
      vertex 0 -1.79022 7.18019
    endloop
  endfacet
  facet normal 1 0 0
    outer loop
      vertex 0 -0.689815 3.02228
      vertex 0 -2.28673 7.03782
      vertex 0 -1.07063 2.90925
    endloop
  endfacet
  facet normal 1 -0 0
    outer loop
      vertex 0 -2.77209 6.86116
      vertex 0 -1.07063 2.90925
      vertex 0 -2.28673 7.03782
    endloop
  endfacet
  facet normal 1 0 0
    outer loop
      vertex 0 -1.07063 2.90925
      vertex 0 -2.77209 6.86116
      vertex 0 -1.43387 2.74846
    endloop
  endfacet
  facet normal 1 -0 0
    outer loop
      vertex 0 -3.24395 6.65108
      vertex 0 -1.43387 2.74846
      vertex 0 -2.77209 6.86116
    endloop
  endfacet
  facet normal 1 -0 0
    outer loop
      vertex 0 -3.7 6.40859
      vertex 0 -1.43387 2.74846
      vertex 0 -3.24395 6.65108
    endloop
  endfacet
  facet normal 1 0 0
    outer loop
      vertex 0 -1.43387 2.74846
      vertex 0 -3.7 6.40859
      vertex 0 -1.77356 2.54253
    endloop
  endfacet
  facet normal 1 -0 0
    outer loop
      vertex 0 -4.13803 6.13488
      vertex 0 -1.77356 2.54253
      vertex 0 -3.7 6.40859
    endloop
  endfacet
  facet normal 1 -0 0
    outer loop
      vertex 0 -4.55589 5.83128
      vertex 0 -1.77356 2.54253
      vertex 0 -4.13803 6.13488
    endloop
  endfacet
  facet normal 1 0 0
    outer loop
      vertex 0 -1.77356 2.54253
      vertex 0 -4.55589 5.83128
      vertex 0 -2.08413 2.29486
    endloop
  endfacet
  facet normal 1 -0 0
    outer loop
      vertex 0 -4.95157 5.49927
      vertex 0 -2.08413 2.29486
      vertex 0 -4.55589 5.83128
    endloop
  endfacet
  facet normal 1 -0 0
    outer loop
      vertex 0 -5.32311 5.14047
      vertex 0 -2.08413 2.29486
      vertex 0 -4.95157 5.49927
    endloop
  endfacet
  facet normal 1 0 0
    outer loop
      vertex 0 -2.08413 2.29486
      vertex 0 -5.32311 5.14047
      vertex 0 -2.36048 2.00951
    endloop
  endfacet
  facet normal 1 -0 0
    outer loop
      vertex 0 -5.66873 4.75663
      vertex 0 -2.36048 2.00951
      vertex 0 -5.32311 5.14047
    endloop
  endfacet
  facet normal 1 -0 0
    outer loop
      vertex 0 -5.98672 4.34961
      vertex 0 -2.36048 2.00951
      vertex 0 -5.66873 4.75663
    endloop
  endfacet
  facet normal 1 0 0
    outer loop
      vertex 0 -2.36048 2.00951
      vertex 0 -5.98672 4.34961
      vertex 0 -2.59807 1.69116
    endloop
  endfacet
  facet normal 1 -0 0
    outer loop
      vertex 0 -6.27556 3.9214
      vertex 0 -2.59807 1.69116
      vertex 0 -5.98672 4.34961
    endloop
  endfacet
  facet normal 1 -0 0
    outer loop
      vertex 0 -6.53381 3.47409
      vertex 0 -2.59807 1.69116
      vertex 0 -6.27556 3.9214
    endloop
  endfacet
  facet normal 1 0 0
    outer loop
      vertex 0 -2.59807 1.69116
      vertex 0 -6.53381 3.47409
      vertex 0 -2.793 1.34504
    endloop
  endfacet
  facet normal 1 -0 0
    outer loop
      vertex 0 -6.76024 3.00985
      vertex 0 -2.793 1.34504
      vertex 0 -6.53381 3.47409
    endloop
  endfacet
  facet normal 1 0 0
    outer loop
      vertex 0 -2.793 1.34504
      vertex 0 -6.76024 3.00985
      vertex 0 -2.94207 0.976835
    endloop
  endfacet
  facet normal 1 -0 0
    outer loop
      vertex 0 -6.95372 2.53095
      vertex 0 -2.94207 0.976835
      vertex 0 -6.76024 3.00985
    endloop
  endfacet
  facet normal 1 -0 0
    outer loop
      vertex 0 -7.11334 2.03972
      vertex 0 -2.94207 0.976835
      vertex 0 -6.95372 2.53095
    endloop
  endfacet
  facet normal 1 0 0
    outer loop
      vertex 0 -2.94207 0.976835
      vertex 0 -7.11334 2.03972
      vertex 0 -3.04283 0.592591
    endloop
  endfacet
  facet normal 1 -0 0
    outer loop
      vertex 0 -7.23829 1.53855
      vertex 0 -3.04283 0.592591
      vertex 0 -7.11334 2.03972
    endloop
  endfacet
  facet normal 1 -0 0
    outer loop
      vertex 0 -7.32798 1.02988
      vertex 0 -3.04283 0.592591
      vertex 0 -7.23829 1.53855
    endloop
  endfacet
  facet normal 1 0 0
    outer loop
      vertex 0 -3.04283 0.592591
      vertex 0 -7.32798 1.02988
      vertex 0 -3.09363 0.198617
    endloop
  endfacet
  facet normal 1 -0 0
    outer loop
      vertex 0 -7.38197 0.516197
      vertex 0 -3.09363 0.198617
      vertex 0 -7.32798 1.02988
    endloop
  endfacet
  facet normal 1 0 0
    outer loop
      vertex 0 -7.4 0
      vertex 0 -3.09363 0.198617
      vertex 0 -7.38197 0.516197
    endloop
  endfacet
  facet normal 1 0 0
    outer loop
      vertex 0 -3.09363 0.198617
      vertex 0 -7.4 0
      vertex 0 -3.09363 0
    endloop
  endfacet
  facet normal 0 -0.951051 -0.309034
    outer loop
      vertex 78 7.11334 2.03972
      vertex 79 6.95372 2.53095
      vertex 78 6.95372 2.53095
    endloop
  endfacet
  facet normal 0 -0.951051 -0.309034
    outer loop
      vertex 79 6.95372 2.53095
      vertex 78 7.11334 2.03972
      vertex 79 7.11334 2.03972
    endloop
  endfacet
  facet normal 0 -0.951051 -0.309034
    outer loop
      vertex 0 7.11334 2.03972
      vertex 64 6.95372 2.53095
      vertex 0 6.95372 2.53095
    endloop
  endfacet
  facet normal 0 -0.951051 -0.309034
    outer loop
      vertex 64 6.95372 2.53095
      vertex 0 7.11334 2.03972
      vertex 64 7.11334 2.03972
    endloop
  endfacet
  facet normal 0 -0.970298 -0.241911
    outer loop
      vertex 0 7.23829 1.53855
      vertex 64 7.11334 2.03972
      vertex 0 7.11334 2.03972
    endloop
  endfacet
  facet normal 0 -0.970298 -0.241911
    outer loop
      vertex 64 7.11334 2.03972
      vertex 0 7.23829 1.53855
      vertex 64 7.23829 1.53855
    endloop
  endfacet
  facet normal 0 -0.970298 -0.241911
    outer loop
      vertex 78 7.23829 1.53855
      vertex 79 7.11334 2.03972
      vertex 78 7.11334 2.03972
    endloop
  endfacet
  facet normal 0 -0.970298 -0.241911
    outer loop
      vertex 79 7.11334 2.03972
      vertex 78 7.23829 1.53855
      vertex 79 7.23829 1.53855
    endloop
  endfacet
  facet normal 0 -0.866029 -0.499993
    outer loop
      vertex 78 6.53381 3.47409
      vertex 79 6.27556 3.9214
      vertex 78 6.27556 3.9214
    endloop
  endfacet
  facet normal 0 -0.866029 -0.499993
    outer loop
      vertex 79 6.27556 3.9214
      vertex 78 6.53381 3.47409
      vertex 79 6.53381 3.47409
    endloop
  endfacet
  facet normal 0 -0.866029 -0.499993
    outer loop
      vertex 0 6.53381 3.47409
      vertex 64 6.27556 3.9214
      vertex 0 6.27556 3.9214
    endloop
  endfacet
  facet normal 0 -0.866029 -0.499993
    outer loop
      vertex 64 6.27556 3.9214
      vertex 0 6.53381 3.47409
      vertex 64 6.53381 3.47409
    endloop
  endfacet
  facet normal 0 -0.275634 -0.961263
    outer loop
      vertex 0 1.79022 7.18019
      vertex 79 2.28673 7.03782
      vertex 79 1.79022 7.18019
    endloop
  endfacet
  facet normal -0 -0.275634 -0.961263
    outer loop
      vertex 79 2.28673 7.03782
      vertex 0 1.79022 7.18019
      vertex 0 2.28673 7.03782
    endloop
  endfacet
  facet normal 0 -0.529917 -0.848049
    outer loop
      vertex 0 3.7 6.40859
      vertex 79 4.13803 6.13488
      vertex 79 3.7 6.40859
    endloop
  endfacet
  facet normal -0 -0.529917 -0.848049
    outer loop
      vertex 79 4.13803 6.13488
      vertex 0 3.7 6.40859
      vertex 0 4.13803 6.13488
    endloop
  endfacet
  facet normal 0 0.788019 -0.615651
    outer loop
      vertex 22.5979 -5.98672 4.34961
      vertex 0 -5.66873 4.75663
      vertex 22.6973 -5.66873 4.75663
    endloop
  endfacet
  facet normal 0 0.788019 -0.615651
    outer loop
      vertex 0 -5.66873 4.75663
      vertex 22.5979 -5.98672 4.34961
      vertex 0 -5.98672 4.34961
    endloop
  endfacet
  facet normal 0 0.788019 -0.615651
    outer loop
      vertex 47.4021 -5.98672 4.34961
      vertex 79 -5.66873 4.75663
      vertex 79 -5.98672 4.34961
    endloop
  endfacet
  facet normal 0 0.788019 -0.615651
    outer loop
      vertex 79 -5.66873 4.75663
      vertex 47.4021 -5.98672 4.34961
      vertex 47.3027 -5.66873 4.75663
    endloop
  endfacet
  facet normal 0 0.139163 -0.990269
    outer loop
      vertex 0 -1.285 7.28758
      vertex 79 -0.77351 7.35946
      vertex 79 -1.285 7.28758
    endloop
  endfacet
  facet normal 0 0.139163 -0.990269
    outer loop
      vertex 79 -0.77351 7.35946
      vertex 0 -1.285 7.28758
      vertex 0 -0.77351 7.35946
    endloop
  endfacet
  facet normal 0 -0.998176 -0.0603767
    outer loop
      vertex 79 3.3 0
      vertex 82.6 3.27594 0.397771
      vertex 79 3.27594 0.397771
    endloop
  endfacet
  facet normal 0 -0.998176 -0.0603767
    outer loop
      vertex 82.6 3.27594 0.397771
      vertex 79 3.3 0
      vertex 82.6 3.3 0
    endloop
  endfacet
  facet normal 0 0.998176 -0.0603767
    outer loop
      vertex 82.6 -3.3 0
      vertex 79 -3.27594 0.397771
      vertex 82.6 -3.27594 0.397771
    endloop
  endfacet
  facet normal 0 0.998176 -0.0603767
    outer loop
      vertex 79 -3.27594 0.397771
      vertex 82.6 -3.3 0
      vertex 79 -3.3 0
    endloop
  endfacet
  facet normal 0 0.0603767 -0.998176
    outer loop
      vertex 79 -0.397771 3.27594
      vertex 82.6 0 3.3
      vertex 82.6 -0.397771 3.27594
    endloop
  endfacet
  facet normal 0 0.0603767 -0.998176
    outer loop
      vertex 82.6 0 3.3
      vertex 79 -0.397771 3.27594
      vertex 79 0 3.3
    endloop
  endfacet
  facet normal 0 0.707107 -0.707107
    outer loop
      vertex 82.6 -2.47009 2.1883
      vertex 79 -2.1883 2.47009
      vertex 82.6 -2.1883 2.47009
    endloop
  endfacet
  facet normal 0 0.707107 -0.707107
    outer loop
      vertex 79 -2.1883 2.47009
      vertex 82.6 -2.47009 2.1883
      vertex 79 -2.47009 2.1883
    endloop
  endfacet
  facet normal 0 0.410416 -0.911898
    outer loop
      vertex 79 -1.53359 2.922
      vertex 82.6 -1.1702 3.08555
      vertex 82.6 -1.53359 2.922
    endloop
  endfacet
  facet normal 0 0.410416 -0.911898
    outer loop
      vertex 82.6 -1.1702 3.08555
      vertex 79 -1.53359 2.922
      vertex 79 -1.1702 3.08555
    endloop
  endfacet
  facet normal 0 0.911898 -0.410416
    outer loop
      vertex 82.6 -3.08555 1.1702
      vertex 79 -2.922 1.53359
      vertex 82.6 -2.922 1.53359
    endloop
  endfacet
  facet normal 0 0.911898 -0.410416
    outer loop
      vertex 79 -2.922 1.53359
      vertex 82.6 -3.08555 1.1702
      vertex 79 -3.08555 1.1702
    endloop
  endfacet
  facet normal 0 0.297513 -0.954718
    outer loop
      vertex 79 -1.1702 3.08555
      vertex 82.6 -0.789742 3.20411
      vertex 82.6 -1.1702 3.08555
    endloop
  endfacet
  facet normal 0 0.297513 -0.954718
    outer loop
      vertex 82.6 -0.789742 3.20411
      vertex 79 -1.1702 3.08555
      vertex 79 -0.789742 3.20411
    endloop
  endfacet
  facet normal 0 -0.983621 -0.180252
    outer loop
      vertex 79 3.27594 0.397771
      vertex 82.6 3.20411 0.789742
      vertex 79 3.20411 0.789742
    endloop
  endfacet
  facet normal 0 -0.983621 -0.180252
    outer loop
      vertex 82.6 3.20411 0.789742
      vertex 79 3.27594 0.397771
      vertex 82.6 3.27594 0.397771
    endloop
  endfacet
  facet normal 0 -0.911898 -0.410416
    outer loop
      vertex 79 3.08555 1.1702
      vertex 82.6 2.922 1.53359
      vertex 79 2.922 1.53359
    endloop
  endfacet
  facet normal 0 -0.911898 -0.410416
    outer loop
      vertex 82.6 2.922 1.53359
      vertex 79 3.08555 1.1702
      vertex 82.6 3.08555 1.1702
    endloop
  endfacet
  facet normal 0 -0.707107 -0.707107
    outer loop
      vertex 79 2.47009 2.1883
      vertex 82.6 2.1883 2.47009
      vertex 79 2.1883 2.47009
    endloop
  endfacet
  facet normal 0 -0.707107 -0.707107
    outer loop
      vertex 82.6 2.1883 2.47009
      vertex 79 2.47009 2.1883
      vertex 82.6 2.47009 2.1883
    endloop
  endfacet
  facet normal 0 -0.855785 -0.517331
    outer loop
      vertex 79 2.922 1.53359
      vertex 82.6 2.71585 1.87461
      vertex 79 2.71585 1.87461
    endloop
  endfacet
  facet normal 0 -0.855785 -0.517331
    outer loop
      vertex 82.6 2.71585 1.87461
      vertex 79 2.922 1.53359
      vertex 82.6 2.922 1.53359
    endloop
  endfacet
  facet normal 0 -0.297513 -0.954718
    outer loop
      vertex 79 0.789742 3.20411
      vertex 82.6 1.1702 3.08555
      vertex 82.6 0.789742 3.20411
    endloop
  endfacet
  facet normal -0 -0.297513 -0.954718
    outer loop
      vertex 82.6 1.1702 3.08555
      vertex 79 0.789742 3.20411
      vertex 79 1.1702 3.08555
    endloop
  endfacet
  facet normal 0 -0.0603767 -0.998176
    outer loop
      vertex 79 0 3.3
      vertex 82.6 0.397771 3.27594
      vertex 82.6 0 3.3
    endloop
  endfacet
  facet normal -0 -0.0603767 -0.998176
    outer loop
      vertex 82.6 0.397771 3.27594
      vertex 79 0 3.3
      vertex 79 0.397771 3.27594
    endloop
  endfacet
  facet normal 0 -0.410416 -0.911898
    outer loop
      vertex 79 1.1702 3.08555
      vertex 82.6 1.53359 2.922
      vertex 82.6 1.1702 3.08555
    endloop
  endfacet
  facet normal -0 -0.410416 -0.911898
    outer loop
      vertex 82.6 1.53359 2.922
      vertex 79 1.1702 3.08555
      vertex 79 1.53359 2.922
    endloop
  endfacet
  facet normal 0 -0.616718 -0.787184
    outer loop
      vertex 79 1.87461 2.71585
      vertex 82.6 2.1883 2.47009
      vertex 82.6 1.87461 2.71585
    endloop
  endfacet
  facet normal -0 -0.616718 -0.787184
    outer loop
      vertex 82.6 2.1883 2.47009
      vertex 79 1.87461 2.71585
      vertex 79 2.1883 2.47009
    endloop
  endfacet
  facet normal 0 0.855785 -0.517331
    outer loop
      vertex 82.6 -2.922 1.53359
      vertex 79 -2.71585 1.87461
      vertex 82.6 -2.71585 1.87461
    endloop
  endfacet
  facet normal 0 0.855785 -0.517331
    outer loop
      vertex 79 -2.71585 1.87461
      vertex 82.6 -2.922 1.53359
      vertex 79 -2.922 1.53359
    endloop
  endfacet
  facet normal 0 0.787184 -0.616718
    outer loop
      vertex 82.6 -2.71585 1.87461
      vertex 79 -2.47009 2.1883
      vertex 82.6 -2.47009 2.1883
    endloop
  endfacet
  facet normal 0 0.787184 -0.616718
    outer loop
      vertex 79 -2.47009 2.1883
      vertex 82.6 -2.71585 1.87461
      vertex 79 -2.71585 1.87461
    endloop
  endfacet
  facet normal 0 0.954718 -0.297513
    outer loop
      vertex 82.6 -3.20411 0.789742
      vertex 79 -3.08555 1.1702
      vertex 82.6 -3.08555 1.1702
    endloop
  endfacet
  facet normal 0 0.954718 -0.297513
    outer loop
      vertex 79 -3.08555 1.1702
      vertex 82.6 -3.20411 0.789742
      vertex 79 -3.20411 0.789742
    endloop
  endfacet
  facet normal 0 0.983621 -0.180252
    outer loop
      vertex 82.6 -3.27594 0.397771
      vertex 79 -3.20411 0.789742
      vertex 82.6 -3.20411 0.789742
    endloop
  endfacet
  facet normal 0 0.983621 -0.180252
    outer loop
      vertex 79 -3.20411 0.789742
      vertex 82.6 -3.27594 0.397771
      vertex 79 -3.27594 0.397771
    endloop
  endfacet
  facet normal 0 0.517331 -0.855785
    outer loop
      vertex 79 -1.87461 2.71585
      vertex 82.6 -1.53359 2.922
      vertex 82.6 -1.87461 2.71585
    endloop
  endfacet
  facet normal 0 0.517331 -0.855785
    outer loop
      vertex 82.6 -1.53359 2.922
      vertex 79 -1.87461 2.71585
      vertex 79 -1.53359 2.922
    endloop
  endfacet
  facet normal 0 0.616718 -0.787184
    outer loop
      vertex 79 -2.1883 2.47009
      vertex 82.6 -1.87461 2.71585
      vertex 82.6 -2.1883 2.47009
    endloop
  endfacet
  facet normal 0 0.616718 -0.787184
    outer loop
      vertex 82.6 -1.87461 2.71585
      vertex 79 -2.1883 2.47009
      vertex 79 -1.87461 2.71585
    endloop
  endfacet
  facet normal 0 0.180252 -0.983621
    outer loop
      vertex 79 -0.789742 3.20411
      vertex 82.6 -0.397771 3.27594
      vertex 82.6 -0.789742 3.20411
    endloop
  endfacet
  facet normal 0 0.180252 -0.983621
    outer loop
      vertex 82.6 -0.397771 3.27594
      vertex 79 -0.789742 3.20411
      vertex 79 -0.397771 3.27594
    endloop
  endfacet
  facet normal 0 -0.954718 -0.297513
    outer loop
      vertex 79 3.20411 0.789742
      vertex 82.6 3.08555 1.1702
      vertex 79 3.08555 1.1702
    endloop
  endfacet
  facet normal 0 -0.954718 -0.297513
    outer loop
      vertex 82.6 3.08555 1.1702
      vertex 79 3.20411 0.789742
      vertex 82.6 3.20411 0.789742
    endloop
  endfacet
  facet normal 0 -0.787184 -0.616718
    outer loop
      vertex 79 2.71585 1.87461
      vertex 82.6 2.47009 2.1883
      vertex 79 2.47009 2.1883
    endloop
  endfacet
  facet normal 0 -0.787184 -0.616718
    outer loop
      vertex 82.6 2.47009 2.1883
      vertex 79 2.71585 1.87461
      vertex 82.6 2.71585 1.87461
    endloop
  endfacet
  facet normal 0 -0.180252 -0.983621
    outer loop
      vertex 79 0.397771 3.27594
      vertex 82.6 0.789742 3.20411
      vertex 82.6 0.397771 3.27594
    endloop
  endfacet
  facet normal -0 -0.180252 -0.983621
    outer loop
      vertex 82.6 0.789742 3.20411
      vertex 79 0.397771 3.27594
      vertex 79 0.789742 3.20411
    endloop
  endfacet
  facet normal 0 -0.517331 -0.855785
    outer loop
      vertex 79 1.53359 2.922
      vertex 82.6 1.87461 2.71585
      vertex 82.6 1.53359 2.922
    endloop
  endfacet
  facet normal -0 -0.517331 -0.855785
    outer loop
      vertex 82.6 1.87461 2.71585
      vertex 79 1.53359 2.922
      vertex 79 1.87461 2.71585
    endloop
  endfacet
  facet normal -1 0 0
    outer loop
      vertex 82.6 3.3 0
      vertex 82.6 3.20411 0.789742
      vertex 82.6 3.27594 0.397771
    endloop
  endfacet
  facet normal -1 0 0
    outer loop
      vertex 82.6 3.3 0
      vertex 82.6 3.08555 1.1702
      vertex 82.6 3.20411 0.789742
    endloop
  endfacet
  facet normal -1 0 0
    outer loop
      vertex 82.6 3.3 0
      vertex 82.6 2.922 1.53359
      vertex 82.6 3.08555 1.1702
    endloop
  endfacet
  facet normal -1 0 0
    outer loop
      vertex 82.6 3.3 0
      vertex 82.6 2.71585 1.87461
      vertex 82.6 2.922 1.53359
    endloop
  endfacet
  facet normal -1 0 0
    outer loop
      vertex 82.6 3.3 0
      vertex 82.6 2.47009 2.1883
      vertex 82.6 2.71585 1.87461
    endloop
  endfacet
  facet normal -1 0 0
    outer loop
      vertex 82.6 3.3 0
      vertex 82.6 2.1883 2.47009
      vertex 82.6 2.47009 2.1883
    endloop
  endfacet
  facet normal -1 0 0
    outer loop
      vertex 82.6 3.3 0
      vertex 82.6 1.87461 2.71585
      vertex 82.6 2.1883 2.47009
    endloop
  endfacet
  facet normal -1 0 0
    outer loop
      vertex 82.6 3.3 0
      vertex 82.6 1.53359 2.922
      vertex 82.6 1.87461 2.71585
    endloop
  endfacet
  facet normal -1 0 0
    outer loop
      vertex 82.6 3.3 0
      vertex 82.6 1.1702 3.08555
      vertex 82.6 1.53359 2.922
    endloop
  endfacet
  facet normal -1 0 0
    outer loop
      vertex 82.6 3.3 0
      vertex 82.6 0.789742 3.20411
      vertex 82.6 1.1702 3.08555
    endloop
  endfacet
  facet normal -1 0 0
    outer loop
      vertex 82.6 3.3 0
      vertex 82.6 0.397771 3.27594
      vertex 82.6 0.789742 3.20411
    endloop
  endfacet
  facet normal -1 0 0
    outer loop
      vertex 82.6 3.3 0
      vertex 82.6 0 3.3
      vertex 82.6 0.397771 3.27594
    endloop
  endfacet
  facet normal -1 0 0
    outer loop
      vertex 82.6 3.3 0
      vertex 82.6 -0.397771 3.27594
      vertex 82.6 0 3.3
    endloop
  endfacet
  facet normal -1 0 0
    outer loop
      vertex 82.6 3.3 0
      vertex 82.6 -0.789742 3.20411
      vertex 82.6 -0.397771 3.27594
    endloop
  endfacet
  facet normal -1 0 0
    outer loop
      vertex 82.6 3.3 0
      vertex 82.6 -1.1702 3.08555
      vertex 82.6 -0.789742 3.20411
    endloop
  endfacet
  facet normal -1 0 0
    outer loop
      vertex 82.6 3.3 0
      vertex 82.6 -1.53359 2.922
      vertex 82.6 -1.1702 3.08555
    endloop
  endfacet
  facet normal -1 0 0
    outer loop
      vertex 82.6 3.3 0
      vertex 82.6 -1.87461 2.71585
      vertex 82.6 -1.53359 2.922
    endloop
  endfacet
  facet normal -1 0 0
    outer loop
      vertex 82.6 3.3 0
      vertex 82.6 -2.1883 2.47009
      vertex 82.6 -1.87461 2.71585
    endloop
  endfacet
  facet normal -1 0 0
    outer loop
      vertex 82.6 3.3 0
      vertex 82.6 -2.47009 2.1883
      vertex 82.6 -2.1883 2.47009
    endloop
  endfacet
  facet normal -1 0 0
    outer loop
      vertex 82.6 3.3 0
      vertex 82.6 -2.71585 1.87461
      vertex 82.6 -2.47009 2.1883
    endloop
  endfacet
  facet normal -1 0 0
    outer loop
      vertex 82.6 3.3 0
      vertex 82.6 -2.922 1.53359
      vertex 82.6 -2.71585 1.87461
    endloop
  endfacet
  facet normal -1 0 0
    outer loop
      vertex 82.6 3.3 0
      vertex 82.6 -3.08555 1.1702
      vertex 82.6 -2.922 1.53359
    endloop
  endfacet
  facet normal -1 0 0
    outer loop
      vertex 82.6 3.3 0
      vertex 82.6 -3.20411 0.789742
      vertex 82.6 -3.08555 1.1702
    endloop
  endfacet
  facet normal -1 0 0
    outer loop
      vertex 82.6 3.3 0
      vertex 82.6 -3.27594 0.397771
      vertex 82.6 -3.20411 0.789742
    endloop
  endfacet
  facet normal -1 0 -0
    outer loop
      vertex 82.6 -3.27594 0.397771
      vertex 82.6 3.3 0
      vertex 82.6 -3.3 0
    endloop
  endfacet
  facet normal 0.290248 0 -0.956951
    outer loop
      vertex 23.2346 -21 12.8478
      vertex 23.6098 -7.9 12.9616
      vertex 23.6098 -21 12.9616
    endloop
  endfacet
  facet normal 0.290248 0 -0.956951
    outer loop
      vertex 23.6098 -7.9 12.9616
      vertex 23.2346 -21 12.8478
      vertex 23.2346 -7.9 12.8478
    endloop
  endfacet
  facet normal -0.77307 0 -0.634321
    outer loop
      vertex 47.6629 -21 12.1111
      vertex 47.4142 -7.9 12.4142
      vertex 47.6629 -7.9 12.1111
    endloop
  endfacet
  facet normal -0.77307 -0 -0.634321
    outer loop
      vertex 47.4142 -7.9 12.4142
      vertex 47.6629 -21 12.1111
      vertex 47.4142 -21 12.4142
    endloop
  endfacet
  facet normal 0.634321 0 -0.77307
    outer loop
      vertex 22.5858 -21 12.4142
      vertex 22.8889 -7.9 12.6629
      vertex 22.8889 -21 12.6629
    endloop
  endfacet
  facet normal 0.634321 0 -0.77307
    outer loop
      vertex 22.8889 -7.9 12.6629
      vertex 22.5858 -21 12.4142
      vertex 22.5858 -7.9 12.4142
    endloop
  endfacet
  facet normal 0.995193 0 -0.097938
    outer loop
      vertex 22.0384 -21 11.3902
      vertex 22 -7.9 11
      vertex 22.0384 -7.9 11.3902
    endloop
  endfacet
  facet normal 0.995193 0 -0.097938
    outer loop
      vertex 22 -7.9 11
      vertex 22.0384 -21 11.3902
      vertex 22 -21 11
    endloop
  endfacet
  facet normal 1 -0 0
    outer loop
      vertex 22 -21 11
      vertex 22 -7.9 0
      vertex 22 -7.9 11
    endloop
  endfacet
  facet normal 1 0 0
    outer loop
      vertex 22 -7.9 0
      vertex 22 -21 11
      vertex 22 -21 0
    endloop
  endfacet
  facet normal -0.097938 0 -0.995193
    outer loop
      vertex 46 -21 13
      vertex 46.3902 -7.9 12.9616
      vertex 46.3902 -21 12.9616
    endloop
  endfacet
  facet normal -0.097938 0 -0.995193
    outer loop
      vertex 46.3902 -7.9 12.9616
      vertex 46 -21 13
      vertex 46 -7.9 13
    endloop
  endfacet
  facet normal 0 0 -1
    outer loop
      vertex 24 -21 13
      vertex 46 -7.9 13
      vertex 46 -21 13
    endloop
  endfacet
  facet normal -0 0 -1
    outer loop
      vertex 46 -7.9 13
      vertex 24 -21 13
      vertex 24 -7.9 13
    endloop
  endfacet
  facet normal -1 0 0
    outer loop
      vertex 48 -21 0
      vertex 48 -7.9 11
      vertex 48 -7.9 0
    endloop
  endfacet
  facet normal -1 -0 0
    outer loop
      vertex 48 -7.9 11
      vertex 48 -21 0
      vertex 48 -21 11
    endloop
  endfacet
  facet normal 0.77307 0 -0.634321
    outer loop
      vertex 22.5858 -21 12.4142
      vertex 22.3371 -7.9 12.1111
      vertex 22.5858 -7.9 12.4142
    endloop
  endfacet
  facet normal 0.77307 0 -0.634321
    outer loop
      vertex 22.3371 -7.9 12.1111
      vertex 22.5858 -21 12.4142
      vertex 22.3371 -21 12.1111
    endloop
  endfacet
  facet normal 0.881795 0 -0.471634
    outer loop
      vertex 22.3371 -21 12.1111
      vertex 22.1522 -7.9 11.7654
      vertex 22.3371 -7.9 12.1111
    endloop
  endfacet
  facet normal 0.881795 0 -0.471634
    outer loop
      vertex 22.1522 -7.9 11.7654
      vertex 22.3371 -21 12.1111
      vertex 22.1522 -21 11.7654
    endloop
  endfacet
  facet normal -0.471634 0 -0.881795
    outer loop
      vertex 46.7654 -21 12.8478
      vertex 47.1111 -7.9 12.6629
      vertex 47.1111 -21 12.6629
    endloop
  endfacet
  facet normal -0.471634 0 -0.881795
    outer loop
      vertex 47.1111 -7.9 12.6629
      vertex 46.7654 -21 12.8478
      vertex 46.7654 -7.9 12.8478
    endloop
  endfacet
  facet normal -0.634321 0 -0.77307
    outer loop
      vertex 47.1111 -21 12.6629
      vertex 47.4142 -7.9 12.4142
      vertex 47.4142 -21 12.4142
    endloop
  endfacet
  facet normal -0.634321 0 -0.77307
    outer loop
      vertex 47.4142 -7.9 12.4142
      vertex 47.1111 -21 12.6629
      vertex 47.1111 -7.9 12.6629
    endloop
  endfacet
  facet normal -0.290248 0 -0.956951
    outer loop
      vertex 46.3902 -21 12.9616
      vertex 46.7654 -7.9 12.8478
      vertex 46.7654 -21 12.8478
    endloop
  endfacet
  facet normal -0.290248 0 -0.956951
    outer loop
      vertex 46.7654 -7.9 12.8478
      vertex 46.3902 -21 12.9616
      vertex 46.3902 -7.9 12.9616
    endloop
  endfacet
  facet normal 0.097938 0 -0.995193
    outer loop
      vertex 23.6098 -21 12.9616
      vertex 24 -7.9 13
      vertex 24 -21 13
    endloop
  endfacet
  facet normal 0.097938 0 -0.995193
    outer loop
      vertex 24 -7.9 13
      vertex 23.6098 -21 12.9616
      vertex 23.6098 -7.9 12.9616
    endloop
  endfacet
  facet normal 0.471634 0 -0.881795
    outer loop
      vertex 22.8889 -21 12.6629
      vertex 23.2346 -7.9 12.8478
      vertex 23.2346 -21 12.8478
    endloop
  endfacet
  facet normal 0.471634 0 -0.881795
    outer loop
      vertex 23.2346 -7.9 12.8478
      vertex 22.8889 -21 12.6629
      vertex 22.8889 -7.9 12.6629
    endloop
  endfacet
  facet normal -0.995193 0 -0.097938
    outer loop
      vertex 48 -21 11
      vertex 47.9616 -7.9 11.3902
      vertex 48 -7.9 11
    endloop
  endfacet
  facet normal -0.995193 -0 -0.097938
    outer loop
      vertex 47.9616 -7.9 11.3902
      vertex 48 -21 11
      vertex 47.9616 -21 11.3902
    endloop
  endfacet
  facet normal -0.956951 0 -0.290248
    outer loop
      vertex 47.9616 -21 11.3902
      vertex 47.8478 -7.9 11.7654
      vertex 47.9616 -7.9 11.3902
    endloop
  endfacet
  facet normal -0.956951 -0 -0.290248
    outer loop
      vertex 47.8478 -7.9 11.7654
      vertex 47.9616 -21 11.3902
      vertex 47.8478 -21 11.7654
    endloop
  endfacet
  facet normal 0.956951 0 -0.290248
    outer loop
      vertex 22.1522 -21 11.7654
      vertex 22.0384 -7.9 11.3902
      vertex 22.1522 -7.9 11.7654
    endloop
  endfacet
  facet normal 0.956951 0 -0.290248
    outer loop
      vertex 22.0384 -7.9 11.3902
      vertex 22.1522 -21 11.7654
      vertex 22.0384 -21 11.3902
    endloop
  endfacet
  facet normal -0.881795 0 -0.471634
    outer loop
      vertex 47.8478 -21 11.7654
      vertex 47.6629 -7.9 12.1111
      vertex 47.8478 -7.9 11.7654
    endloop
  endfacet
  facet normal -0.881795 -0 -0.471634
    outer loop
      vertex 47.6629 -7.9 12.1111
      vertex 47.8478 -21 11.7654
      vertex 47.6629 -21 12.1111
    endloop
  endfacet
  facet normal -0.0679108 -0.721289 -0.689297
    outer loop
      vertex 44.5826 -2.11568 7.08686
      vertex 46 -7.9 13
      vertex 44.1832 -2.08617 7.09533
    endloop
  endfacet
  facet normal -0.0678357 -0.721284 -0.68931
    outer loop
      vertex 46 -7.9 13
      vertex 44.5826 -2.11568 7.08686
      vertex 46.3902 -7.9 12.9616
    endloop
  endfacet
  facet normal -0.452279 -0.701151 -0.551209
    outer loop
      vertex 45.3742 -2.34172 7.0178
      vertex 47.4142 -7.9 12.4142
      vertex 47.1111 -7.9 12.6629
    endloop
  endfacet
  facet normal -0.452336 -0.70114 -0.551176
    outer loop
      vertex 47.4142 -7.9 12.4142
      vertex 45.3742 -2.34172 7.0178
      vertex 45.7336 -2.522 6.95218
    endloop
  endfacet
  facet normal -0.920656 -0.379717 -0.0905957
    outer loop
      vertex 48 -7.9 11
      vertex 46.5076 -3.24395 6.65108
      vertex 46.6217 -3.48945 6.52054
    endloop
  endfacet
  facet normal -0.917554 -0.385408 -0.0977535
    outer loop
      vertex 48 -7.9 11
      vertex 46.5043 -3.23689 6.65422
      vertex 46.5076 -3.24395 6.65108
    endloop
  endfacet
  facet normal -0.920648 -0.379736 -0.0906019
    outer loop
      vertex 46.5043 -3.23689 6.65422
      vertex 48 -7.9 11
      vertex 47.9616 -7.9 11.3902
    endloop
  endfacet
  facet normal -0.954507 -0.298188 -0.000124682
    outer loop
      vertex 48 -7.9 0
      vertex 47.8381 -7.38197 0.516197
      vertex 47.8438 -7.4 0
    endloop
  endfacet
  facet normal -0.954487 -0.298251 -5.49934e-05
    outer loop
      vertex 48 -7.9 0
      vertex 47.8212 -7.32798 1.02988
      vertex 47.8381 -7.38197 0.516197
    endloop
  endfacet
  facet normal -0.95441 -0.298499 9.61717e-05
    outer loop
      vertex 48 -7.9 0
      vertex 47.7932 -7.23829 1.53855
      vertex 47.8212 -7.32798 1.02988
    endloop
  endfacet
  facet normal -0.954324 -0.298774 0.000225731
    outer loop
      vertex 48 -7.9 0
      vertex 47.7542 -7.11334 2.03972
      vertex 47.7932 -7.23829 1.53855
    endloop
  endfacet
  facet normal -0.954491 -0.29824 -0
    outer loop
      vertex 48 -7.9 11
      vertex 47.7542 -7.11334 2.03972
      vertex 48 -7.9 0
    endloop
  endfacet
  facet normal -0.954477 -0.298284 -8.71836e-06
    outer loop
      vertex 46.6875 -3.7 6.40859
      vertex 48 -7.9 11
      vertex 46.6217 -3.48945 6.52054
    endloop
  endfacet
  facet normal -0.954474 -0.298295 -1.98172e-05
    outer loop
      vertex 46.8244 -4.13803 6.13488
      vertex 48 -7.9 11
      vertex 46.6875 -3.7 6.40859
    endloop
  endfacet
  facet normal -0.954473 -0.298299 -2.31671e-05
    outer loop
      vertex 46.955 -4.55589 5.83128
      vertex 48 -7.9 11
      vertex 46.8244 -4.13803 6.13488
    endloop
  endfacet
  facet normal -0.954503 -0.298201 4.64644e-05
    outer loop
      vertex 47.0786 -4.95157 5.49927
      vertex 48 -7.9 11
      vertex 46.955 -4.55589 5.83128
    endloop
  endfacet
  facet normal -0.954482 -0.298267 7.45734e-06
    outer loop
      vertex 47.1947 -5.32311 5.14047
      vertex 48 -7.9 11
      vertex 47.0786 -4.95157 5.49927
    endloop
  endfacet
  facet normal -0.954483 -0.298267 7.49391e-06
    outer loop
      vertex 47.3027 -5.66873 4.75663
      vertex 48 -7.9 11
      vertex 47.1947 -5.32311 5.14047
    endloop
  endfacet
  facet normal -0.954462 -0.298331 -1.77503e-05
    outer loop
      vertex 47.4021 -5.98672 4.34961
      vertex 48 -7.9 11
      vertex 47.3027 -5.66873 4.75663
    endloop
  endfacet
  facet normal -0.954455 -0.298354 -2.49911e-05
    outer loop
      vertex 47.4924 -6.27556 3.9214
      vertex 48 -7.9 11
      vertex 47.4021 -5.98672 4.34961
    endloop
  endfacet
  facet normal -0.954484 -0.298262 -1.72165e-06
    outer loop
      vertex 47.5731 -6.53381 3.47409
      vertex 48 -7.9 11
      vertex 47.4924 -6.27556 3.9214
    endloop
  endfacet
  facet normal -0.954534 -0.298103 2.99358e-05
    outer loop
      vertex 47.6438 -6.76024 3.00985
      vertex 48 -7.9 11
      vertex 47.5731 -6.53381 3.47409
    endloop
  endfacet
  facet normal -0.954439 -0.298405 -1.7295e-05
    outer loop
      vertex 47.7043 -6.95372 2.53095
      vertex 48 -7.9 11
      vertex 47.6438 -6.76024 3.00985
    endloop
  endfacet
  facet normal -0.954457 -0.298348 -1.03701e-05
    outer loop
      vertex 47.7542 -7.11334 2.03972
      vertex 48 -7.9 11
      vertex 47.7043 -6.95372 2.53095
    endloop
  endfacet
  facet normal 0.703896 -0.60232 -0.376484
    outer loop
      vertex 22.1522 -7.9 11.7654
      vertex 23.949 -2.74168 6.87223
      vertex 22.3371 -7.9 12.1111
    endloop
  endfacet
  facet normal 0.704397 -0.602037 -0.376001
    outer loop
      vertex 23.949 -2.74168 6.87223
      vertex 22.1522 -7.9 11.7654
      vertex 23.9171 -2.77209 6.86116
    endloop
  endfacet
  facet normal 0.704051 -0.602235 -0.376333
    outer loop
      vertex 23.9171 -2.77209 6.86116
      vertex 22.1522 -7.9 11.7654
      vertex 23.6897 -2.98007 6.76856
    endloop
  endfacet
  facet normal 0.920648 -0.379736 -0.0906019
    outer loop
      vertex 22 -7.9 11
      vertex 23.4957 -3.23689 6.65422
      vertex 22.0384 -7.9 11.3902
    endloop
  endfacet
  facet normal 0.917554 -0.385408 -0.0977535
    outer loop
      vertex 23.4957 -3.23689 6.65422
      vertex 22 -7.9 11
      vertex 23.4924 -3.24395 6.65108
    endloop
  endfacet
  facet normal 0.920656 -0.379717 -0.0905957
    outer loop
      vertex 23.4924 -3.24395 6.65108
      vertex 22 -7.9 11
      vertex 23.3783 -3.48945 6.52054
    endloop
  endfacet
  facet normal 0.954477 -0.298284 -8.71836e-06
    outer loop
      vertex 22 -7.9 11
      vertex 23.3125 -3.7 6.40859
      vertex 23.3783 -3.48945 6.52054
    endloop
  endfacet
  facet normal 0.954474 -0.298295 -1.98172e-05
    outer loop
      vertex 22 -7.9 11
      vertex 23.1756 -4.13803 6.13488
      vertex 23.3125 -3.7 6.40859
    endloop
  endfacet
  facet normal 0.954473 -0.298299 -2.31671e-05
    outer loop
      vertex 22 -7.9 11
      vertex 23.045 -4.55589 5.83128
      vertex 23.1756 -4.13803 6.13488
    endloop
  endfacet
  facet normal 0.954503 -0.298201 4.64644e-05
    outer loop
      vertex 22 -7.9 11
      vertex 22.9214 -4.95157 5.49927
      vertex 23.045 -4.55589 5.83128
    endloop
  endfacet
  facet normal 0.954482 -0.298267 7.45734e-06
    outer loop
      vertex 22 -7.9 11
      vertex 22.8053 -5.32311 5.14047
      vertex 22.9214 -4.95157 5.49927
    endloop
  endfacet
  facet normal 0.954483 -0.298267 7.49391e-06
    outer loop
      vertex 22 -7.9 11
      vertex 22.6973 -5.66873 4.75663
      vertex 22.8053 -5.32311 5.14047
    endloop
  endfacet
  facet normal 0.954462 -0.298331 -1.77503e-05
    outer loop
      vertex 22 -7.9 11
      vertex 22.5979 -5.98672 4.34961
      vertex 22.6973 -5.66873 4.75663
    endloop
  endfacet
  facet normal 0.954455 -0.298354 -2.49911e-05
    outer loop
      vertex 22 -7.9 11
      vertex 22.5076 -6.27556 3.9214
      vertex 22.5979 -5.98672 4.34961
    endloop
  endfacet
  facet normal 0.954484 -0.298262 -1.72165e-06
    outer loop
      vertex 22 -7.9 11
      vertex 22.4269 -6.53381 3.47409
      vertex 22.5076 -6.27556 3.9214
    endloop
  endfacet
  facet normal 0.954534 -0.298103 2.99358e-05
    outer loop
      vertex 22 -7.9 11
      vertex 22.3562 -6.76024 3.00985
      vertex 22.4269 -6.53381 3.47409
    endloop
  endfacet
  facet normal 0.954439 -0.298405 -1.7295e-05
    outer loop
      vertex 22 -7.9 11
      vertex 22.2957 -6.95372 2.53095
      vertex 22.3562 -6.76024 3.00985
    endloop
  endfacet
  facet normal 0.954457 -0.298348 -1.03701e-05
    outer loop
      vertex 22 -7.9 11
      vertex 22.2458 -7.11334 2.03972
      vertex 22.2957 -6.95372 2.53095
    endloop
  endfacet
  facet normal 0.954491 -0.29824 0
    outer loop
      vertex 22 -7.9 0
      vertex 22.2458 -7.11334 2.03972
      vertex 22 -7.9 11
    endloop
  endfacet
  facet normal 0.954324 -0.298774 0.000225731
    outer loop
      vertex 22.2458 -7.11334 2.03972
      vertex 22 -7.9 0
      vertex 22.2068 -7.23829 1.53855
    endloop
  endfacet
  facet normal 0.95441 -0.298499 9.61717e-05
    outer loop
      vertex 22.2068 -7.23829 1.53855
      vertex 22 -7.9 0
      vertex 22.1788 -7.32798 1.02988
    endloop
  endfacet
  facet normal 0.954487 -0.298251 -5.49934e-05
    outer loop
      vertex 22.1788 -7.32798 1.02988
      vertex 22 -7.9 0
      vertex 22.1619 -7.38197 0.516197
    endloop
  endfacet
  facet normal 0.954507 -0.298188 -0.000124682
    outer loop
      vertex 22.1619 -7.38197 0.516197
      vertex 22 -7.9 0
      vertex 22.1562 -7.4 0
    endloop
  endfacet
  facet normal 0 -0.712567 -0.701604
    outer loop
      vertex 25.8168 -2.08617 7.09533
      vertex 46 -7.9 13
      vertex 24 -7.9 13
    endloop
  endfacet
  facet normal 0 -0.712567 -0.701604
    outer loop
      vertex 46 -7.9 13
      vertex 25.8168 -2.08617 7.09533
      vertex 44.1832 -2.08617 7.09533
    endloop
  endfacet
  facet normal 0.0678357 -0.721284 -0.68931
    outer loop
      vertex 25.4174 -2.11568 7.08686
      vertex 24 -7.9 13
      vertex 23.6098 -7.9 12.9616
    endloop
  endfacet
  facet normal 0.0679108 -0.721289 -0.689297
    outer loop
      vertex 24 -7.9 13
      vertex 25.4174 -2.11568 7.08686
      vertex 25.8168 -2.08617 7.09533
    endloop
  endfacet
  facet normal -0.326252 -0.721834 -0.61034
    outer loop
      vertex 45.2151 -2.28673 7.03782
      vertex 46.7654 -7.9 12.8478
      vertex 44.9851 -2.20306 7.06181
    endloop
  endfacet
  facet normal -0.326411 -0.721814 -0.610278
    outer loop
      vertex 46.7654 -7.9 12.8478
      vertex 45.2151 -2.28673 7.03782
      vertex 47.1111 -7.9 12.6629
    endloop
  endfacet
  facet normal -0.326286 -0.721826 -0.610332
    outer loop
      vertex 47.1111 -7.9 12.6629
      vertex 45.2151 -2.28673 7.03782
      vertex 45.3742 -2.34172 7.0178
    endloop
  endfacet
  facet normal -0.822877 -0.510529 -0.249468
    outer loop
      vertex 47.9616 -7.9 11.3902
      vertex 46.3103 -2.98007 6.76856
      vertex 46.5043 -3.23689 6.65422
    endloop
  endfacet
  facet normal -0.822808 -0.510594 -0.249562
    outer loop
      vertex 46.3103 -2.98007 6.76856
      vertex 47.9616 -7.9 11.3902
      vertex 47.8478 -7.9 11.7654
    endloop
  endfacet
  facet normal -0.578683 -0.663076 -0.474822
    outer loop
      vertex 45.7336 -2.522 6.95218
      vertex 47.6629 -7.9 12.1111
      vertex 47.4142 -7.9 12.4142
    endloop
  endfacet
  facet normal -0.578578 -0.663112 -0.474899
    outer loop
      vertex 47.6629 -7.9 12.1111
      vertex 45.7336 -2.522 6.95218
      vertex 46.051 -2.74168 6.87223
    endloop
  endfacet
  facet normal -0.704051 -0.602235 -0.376333
    outer loop
      vertex 47.8478 -7.9 11.7654
      vertex 46.0829 -2.77209 6.86116
      vertex 46.3103 -2.98007 6.76856
    endloop
  endfacet
  facet normal -0.704397 -0.602037 -0.376001
    outer loop
      vertex 47.8478 -7.9 11.7654
      vertex 46.051 -2.74168 6.87223
      vertex 46.0829 -2.77209 6.86116
    endloop
  endfacet
  facet normal -0.703896 -0.60232 -0.376484
    outer loop
      vertex 46.051 -2.74168 6.87223
      vertex 47.8478 -7.9 11.7654
      vertex 47.6629 -7.9 12.1111
    endloop
  endfacet
  facet normal 0.198915 -0.728236 -0.655824
    outer loop
      vertex 25.0149 -2.20306 7.06181
      vertex 23.6098 -7.9 12.9616
      vertex 23.2346 -7.9 12.8478
    endloop
  endfacet
  facet normal 0.198911 -0.728236 -0.655825
    outer loop
      vertex 23.6098 -7.9 12.9616
      vertex 25.0149 -2.20306 7.06181
      vertex 25.4174 -2.11568 7.08686
    endloop
  endfacet
  facet normal 0.452279 -0.701151 -0.551209
    outer loop
      vertex 22.5858 -7.9 12.4142
      vertex 24.6258 -2.34172 7.0178
      vertex 22.8889 -7.9 12.6629
    endloop
  endfacet
  facet normal 0.452336 -0.70114 -0.551176
    outer loop
      vertex 24.6258 -2.34172 7.0178
      vertex 22.5858 -7.9 12.4142
      vertex 24.2664 -2.522 6.95218
    endloop
  endfacet
  facet normal 0.822808 -0.510594 -0.249562
    outer loop
      vertex 22.0384 -7.9 11.3902
      vertex 23.6897 -2.98007 6.76856
      vertex 22.1522 -7.9 11.7654
    endloop
  endfacet
  facet normal 0.822877 -0.510529 -0.249468
    outer loop
      vertex 23.6897 -2.98007 6.76856
      vertex 22.0384 -7.9 11.3902
      vertex 23.4957 -3.23689 6.65422
    endloop
  endfacet
  facet normal -0.198911 -0.728236 -0.655825
    outer loop
      vertex 44.9851 -2.20306 7.06181
      vertex 46.3902 -7.9 12.9616
      vertex 44.5826 -2.11568 7.08686
    endloop
  endfacet
  facet normal -0.198915 -0.728236 -0.655824
    outer loop
      vertex 46.3902 -7.9 12.9616
      vertex 44.9851 -2.20306 7.06181
      vertex 46.7654 -7.9 12.8478
    endloop
  endfacet
  facet normal 0.326411 -0.721814 -0.610278
    outer loop
      vertex 24.7849 -2.28673 7.03782
      vertex 23.2346 -7.9 12.8478
      vertex 22.8889 -7.9 12.6629
    endloop
  endfacet
  facet normal 0.326252 -0.721834 -0.61034
    outer loop
      vertex 23.2346 -7.9 12.8478
      vertex 24.7849 -2.28673 7.03782
      vertex 25.0149 -2.20306 7.06181
    endloop
  endfacet
  facet normal 0.326286 -0.721826 -0.610332
    outer loop
      vertex 24.7849 -2.28673 7.03782
      vertex 22.8889 -7.9 12.6629
      vertex 24.6258 -2.34172 7.0178
    endloop
  endfacet
  facet normal 0.578683 -0.663076 -0.474822
    outer loop
      vertex 22.3371 -7.9 12.1111
      vertex 24.2664 -2.522 6.95218
      vertex 22.5858 -7.9 12.4142
    endloop
  endfacet
  facet normal 0.578578 -0.663112 -0.474899
    outer loop
      vertex 24.2664 -2.522 6.95218
      vertex 22.3371 -7.9 12.1111
      vertex 23.949 -2.74168 6.87223
    endloop
  endfacet
  facet normal 1 -0 0
    outer loop
      vertex 64 7.11334 2.03972
      vertex 64 15.4 0
      vertex 64 15.4 6.5
    endloop
  endfacet
  facet normal 1 0 0
    outer loop
      vertex 64 15.4 0
      vertex 64 7.38197 0.516197
      vertex 64 7.4 0
    endloop
  endfacet
  facet normal 1 0 0
    outer loop
      vertex 64 15.4 0
      vertex 64 7.32798 1.02988
      vertex 64 7.38197 0.516197
    endloop
  endfacet
  facet normal 1 0 0
    outer loop
      vertex 64 15.4 0
      vertex 64 7.23829 1.53855
      vertex 64 7.32798 1.02988
    endloop
  endfacet
  facet normal 1 0 0
    outer loop
      vertex 64 15.4 0
      vertex 64 7.11334 2.03972
      vertex 64 7.23829 1.53855
    endloop
  endfacet
  facet normal 1 0 0
    outer loop
      vertex 64 15.4 6.5
      vertex 64 6.95372 2.53095
      vertex 64 7.11334 2.03972
    endloop
  endfacet
  facet normal 1 0 0
    outer loop
      vertex 64 15.4 6.5
      vertex 64 6.76024 3.00985
      vertex 64 6.95372 2.53095
    endloop
  endfacet
  facet normal 1 0 0
    outer loop
      vertex 64 15.4 6.5
      vertex 64 6.53381 3.47409
      vertex 64 6.76024 3.00985
    endloop
  endfacet
  facet normal 1 0 0
    outer loop
      vertex 64 15.4 6.5
      vertex 64 6.27556 3.9214
      vertex 64 6.53381 3.47409
    endloop
  endfacet
  facet normal 1 0 0
    outer loop
      vertex 64 15.4 6.5
      vertex 64 5.98672 4.34961
      vertex 64 6.27556 3.9214
    endloop
  endfacet
  facet normal 1 -0 0
    outer loop
      vertex 64 5 6.5
      vertex 64 5.98672 4.34961
      vertex 64 15.4 6.5
    endloop
  endfacet
  facet normal 1 0 0
    outer loop
      vertex 64 5.98672 4.34961
      vertex 64 5 6.5
      vertex 64 5.66873 4.75663
    endloop
  endfacet
  facet normal 1 0 0
    outer loop
      vertex 64 5.66873 4.75663
      vertex 64 5 6.5
      vertex 64 5.32311 5.14047
    endloop
  endfacet
  facet normal 1 0 0
    outer loop
      vertex 64 5.32311 5.14047
      vertex 64 5 6.5
      vertex 64 5 5.4525
    endloop
  endfacet
  facet normal 0 1 -0
    outer loop
      vertex 78 5 5.4525
      vertex 64 5 6.5
      vertex 78 5 6.5
    endloop
  endfacet
  facet normal 0 1 0
    outer loop
      vertex 64 5 6.5
      vertex 78 5 5.4525
      vertex 64 5 5.4525
    endloop
  endfacet
  facet normal -1 0 0
    outer loop
      vertex 78 7.38197 0.516197
      vertex 78 15.4 0
      vertex 78 7.4 0
    endloop
  endfacet
  facet normal -1 0 0
    outer loop
      vertex 78 7.32798 1.02988
      vertex 78 15.4 0
      vertex 78 7.38197 0.516197
    endloop
  endfacet
  facet normal -1 0 0
    outer loop
      vertex 78 7.23829 1.53855
      vertex 78 15.4 0
      vertex 78 7.32798 1.02988
    endloop
  endfacet
  facet normal -1 0 0
    outer loop
      vertex 78 7.11334 2.03972
      vertex 78 15.4 0
      vertex 78 7.23829 1.53855
    endloop
  endfacet
  facet normal -1 0 0
    outer loop
      vertex 78 15.4 0
      vertex 78 7.11334 2.03972
      vertex 78 15.4 6.5
    endloop
  endfacet
  facet normal -1 0 0
    outer loop
      vertex 78 6.95372 2.53095
      vertex 78 15.4 6.5
      vertex 78 7.11334 2.03972
    endloop
  endfacet
  facet normal -1 0 0
    outer loop
      vertex 78 6.76024 3.00985
      vertex 78 15.4 6.5
      vertex 78 6.95372 2.53095
    endloop
  endfacet
  facet normal -1 0 0
    outer loop
      vertex 78 6.53381 3.47409
      vertex 78 15.4 6.5
      vertex 78 6.76024 3.00985
    endloop
  endfacet
  facet normal -1 0 0
    outer loop
      vertex 78 6.27556 3.9214
      vertex 78 15.4 6.5
      vertex 78 6.53381 3.47409
    endloop
  endfacet
  facet normal -1 0 0
    outer loop
      vertex 78 5.98672 4.34961
      vertex 78 15.4 6.5
      vertex 78 6.27556 3.9214
    endloop
  endfacet
  facet normal -1 0 0
    outer loop
      vertex 78 5 6.5
      vertex 78 5.98672 4.34961
      vertex 78 5.66873 4.75663
    endloop
  endfacet
  facet normal -1 0 0
    outer loop
      vertex 78 5 6.5
      vertex 78 5.66873 4.75663
      vertex 78 5.32311 5.14047
    endloop
  endfacet
  facet normal -1 0 0
    outer loop
      vertex 78 5 6.5
      vertex 78 5.32311 5.14047
      vertex 78 5 5.4525
    endloop
  endfacet
  facet normal -1 0 0
    outer loop
      vertex 78 5.98672 4.34961
      vertex 78 5 6.5
      vertex 78 15.4 6.5
    endloop
  endfacet
  facet normal 0 0 -1
    outer loop
      vertex 64 5 6.5
      vertex 78 15.4 6.5
      vertex 78 5 6.5
    endloop
  endfacet
  facet normal -0 0 -1
    outer loop
      vertex 78 15.4 6.5
      vertex 64 5 6.5
      vertex 64 15.4 6.5
    endloop
  endfacet
endsolid OpenSCAD_Model
