solid OpenSCAD_Model
  facet normal 0.471634 0 0.881795
    outer loop
      vertex 40.7654 21 24.6478
      vertex 41.1111 15 24.4629
      vertex 41.1111 21 24.4629
    endloop
  endfacet
  facet normal 0.471634 0 0.881795
    outer loop
      vertex 41.1111 15 24.4629
      vertex 40.7654 21 24.6478
      vertex 40.7654 15 24.6478
    endloop
  endfacet
  facet normal 0.290248 0 0.956951
    outer loop
      vertex 40.3902 21 24.7616
      vertex 40.7654 15 24.6478
      vertex 40.7654 21 24.6478
    endloop
  endfacet
  facet normal 0.290248 0 0.956951
    outer loop
      vertex 40.7654 15 24.6478
      vertex 40.3902 21 24.7616
      vertex 40.3902 15 24.7616
    endloop
  endfacet
  facet normal -1 0 0
    outer loop
      vertex 28 15 15.8
      vertex 28 21 22.8
      vertex 28 21 15.8
    endloop
  endfacet
  facet normal -1 -0 0
    outer loop
      vertex 28 21 22.8
      vertex 28 15 15.8
      vertex 28 15 22.8
    endloop
  endfacet
  facet normal 0.097938 0 0.995193
    outer loop
      vertex 40 21 24.8
      vertex 40.3902 15 24.7616
      vertex 40.3902 21 24.7616
    endloop
  endfacet
  facet normal 0.097938 0 0.995193
    outer loop
      vertex 40.3902 15 24.7616
      vertex 40 21 24.8
      vertex 40 15 24.8
    endloop
  endfacet
  facet normal -0 0 1
    outer loop
      vertex 30 21 24.8
      vertex 40 15 24.8
      vertex 40 21 24.8
    endloop
  endfacet
  facet normal 0 0 1
    outer loop
      vertex 40 15 24.8
      vertex 30 21 24.8
      vertex 30 15 24.8
    endloop
  endfacet
  facet normal 1 -0 0
    outer loop
      vertex 42 15 22.8
      vertex 42 21 15.8
      vertex 42 21 22.8
    endloop
  endfacet
  facet normal 1 0 0
    outer loop
      vertex 42 21 15.8
      vertex 42 15 22.8
      vertex 42 15 15.8
    endloop
  endfacet
  facet normal 0 -1 0
    outer loop
      vertex 28 15 22.8
      vertex 30 15 24.8
      vertex 29.6098 15 24.7616
    endloop
  endfacet
  facet normal 0 -1 -0
    outer loop
      vertex 30 15 24.8
      vertex 28 15 15.8
      vertex 40 15 24.8
    endloop
  endfacet
  facet normal 0 -1 0
    outer loop
      vertex 28 15 22.8
      vertex 29.6098 15 24.7616
      vertex 29.2346 15 24.6478
    endloop
  endfacet
  facet normal 0 -1 0
    outer loop
      vertex 30 15 24.8
      vertex 28 15 22.8
      vertex 28 15 15.8
    endloop
  endfacet
  facet normal 0 -1 0
    outer loop
      vertex 28 15 22.8
      vertex 29.2346 15 24.6478
      vertex 28.8889 15 24.4629
    endloop
  endfacet
  facet normal 0 -1 0
    outer loop
      vertex 42 15 15.8
      vertex 40 15 24.8
      vertex 28 15 15.8
    endloop
  endfacet
  facet normal 0 -1 0
    outer loop
      vertex 28 15 22.8
      vertex 28.8889 15 24.4629
      vertex 28.5858 15 24.2142
    endloop
  endfacet
  facet normal 0 -1 0
    outer loop
      vertex 40.3902 15 24.7616
      vertex 42 15 22.8
      vertex 40.7654 15 24.6478
    endloop
  endfacet
  facet normal 0 -1 0
    outer loop
      vertex 28 15 22.8
      vertex 28.5858 15 24.2142
      vertex 28.3371 15 23.9111
    endloop
  endfacet
  facet normal 0 -1 0
    outer loop
      vertex 40.7654 15 24.6478
      vertex 42 15 22.8
      vertex 41.1111 15 24.4629
    endloop
  endfacet
  facet normal 0 -1 0
    outer loop
      vertex 28 15 22.8
      vertex 28.3371 15 23.9111
      vertex 28.1522 15 23.5654
    endloop
  endfacet
  facet normal 0 -1 0
    outer loop
      vertex 41.1111 15 24.4629
      vertex 42 15 22.8
      vertex 41.4142 15 24.2142
    endloop
  endfacet
  facet normal 0 -1 0
    outer loop
      vertex 28 15 22.8
      vertex 28.1522 15 23.5654
      vertex 28.0384 15 23.1902
    endloop
  endfacet
  facet normal 0 -1 0
    outer loop
      vertex 41.4142 15 24.2142
      vertex 42 15 22.8
      vertex 41.6629 15 23.9111
    endloop
  endfacet
  facet normal 0 -1 0
    outer loop
      vertex 41.6629 15 23.9111
      vertex 42 15 22.8
      vertex 41.8478 15 23.5654
    endloop
  endfacet
  facet normal 0 -1 0
    outer loop
      vertex 41.8478 15 23.5654
      vertex 42 15 22.8
      vertex 41.9616 15 23.1902
    endloop
  endfacet
  facet normal -0 -1 -0
    outer loop
      vertex 42 15 22.8
      vertex 40 15 24.8
      vertex 42 15 15.8
    endloop
  endfacet
  facet normal 0 -1 0
    outer loop
      vertex 40 15 24.8
      vertex 42 15 22.8
      vertex 40.3902 15 24.7616
    endloop
  endfacet
  facet normal -0.881795 0 0.471634
    outer loop
      vertex 28.1522 15 23.5654
      vertex 28.3371 21 23.9111
      vertex 28.1522 21 23.5654
    endloop
  endfacet
  facet normal -0.881795 0 0.471634
    outer loop
      vertex 28.3371 21 23.9111
      vertex 28.1522 15 23.5654
      vertex 28.3371 15 23.9111
    endloop
  endfacet
  facet normal -0.634321 0 0.77307
    outer loop
      vertex 28.5858 21 24.2142
      vertex 28.8889 15 24.4629
      vertex 28.8889 21 24.4629
    endloop
  endfacet
  facet normal -0.634321 0 0.77307
    outer loop
      vertex 28.8889 15 24.4629
      vertex 28.5858 21 24.2142
      vertex 28.5858 15 24.2142
    endloop
  endfacet
  facet normal -0.471634 0 0.881795
    outer loop
      vertex 28.8889 21 24.4629
      vertex 29.2346 15 24.6478
      vertex 29.2346 21 24.6478
    endloop
  endfacet
  facet normal -0.471634 0 0.881795
    outer loop
      vertex 29.2346 15 24.6478
      vertex 28.8889 21 24.4629
      vertex 28.8889 15 24.4629
    endloop
  endfacet
  facet normal -0.290248 0 0.956951
    outer loop
      vertex 29.2346 21 24.6478
      vertex 29.6098 15 24.7616
      vertex 29.6098 21 24.7616
    endloop
  endfacet
  facet normal -0.290248 0 0.956951
    outer loop
      vertex 29.6098 15 24.7616
      vertex 29.2346 21 24.6478
      vertex 29.2346 15 24.6478
    endloop
  endfacet
  facet normal 0.956951 -0 0.290248
    outer loop
      vertex 41.8478 15 23.5654
      vertex 41.9616 21 23.1902
      vertex 41.8478 21 23.5654
    endloop
  endfacet
  facet normal 0.956951 0 0.290248
    outer loop
      vertex 41.9616 21 23.1902
      vertex 41.8478 15 23.5654
      vertex 41.9616 15 23.1902
    endloop
  endfacet
  facet normal 0.634321 0 0.77307
    outer loop
      vertex 41.1111 21 24.4629
      vertex 41.4142 15 24.2142
      vertex 41.4142 21 24.2142
    endloop
  endfacet
  facet normal 0.634321 0 0.77307
    outer loop
      vertex 41.4142 15 24.2142
      vertex 41.1111 21 24.4629
      vertex 41.1111 15 24.4629
    endloop
  endfacet
  facet normal -0.995193 0 0.097938
    outer loop
      vertex 28 15 22.8
      vertex 28.0384 21 23.1902
      vertex 28 21 22.8
    endloop
  endfacet
  facet normal -0.995193 0 0.097938
    outer loop
      vertex 28.0384 21 23.1902
      vertex 28 15 22.8
      vertex 28.0384 15 23.1902
    endloop
  endfacet
  facet normal -0.097938 0 0.995193
    outer loop
      vertex 29.6098 21 24.7616
      vertex 30 15 24.8
      vertex 30 21 24.8
    endloop
  endfacet
  facet normal -0.097938 0 0.995193
    outer loop
      vertex 30 15 24.8
      vertex 29.6098 21 24.7616
      vertex 29.6098 15 24.7616
    endloop
  endfacet
  facet normal 0.995193 -0 0.097938
    outer loop
      vertex 41.9616 15 23.1902
      vertex 42 21 22.8
      vertex 41.9616 21 23.1902
    endloop
  endfacet
  facet normal 0.995193 0 0.097938
    outer loop
      vertex 42 21 22.8
      vertex 41.9616 15 23.1902
      vertex 42 15 22.8
    endloop
  endfacet
  facet normal 0.77307 -0 0.634321
    outer loop
      vertex 41.4142 15 24.2142
      vertex 41.6629 21 23.9111
      vertex 41.4142 21 24.2142
    endloop
  endfacet
  facet normal 0.77307 0 0.634321
    outer loop
      vertex 41.6629 21 23.9111
      vertex 41.4142 15 24.2142
      vertex 41.6629 15 23.9111
    endloop
  endfacet
  facet normal -0.77307 0 0.634321
    outer loop
      vertex 28.3371 15 23.9111
      vertex 28.5858 21 24.2142
      vertex 28.3371 21 23.9111
    endloop
  endfacet
  facet normal -0.77307 0 0.634321
    outer loop
      vertex 28.5858 21 24.2142
      vertex 28.3371 15 23.9111
      vertex 28.5858 15 24.2142
    endloop
  endfacet
  facet normal -0.956951 0 0.290248
    outer loop
      vertex 28.0384 15 23.1902
      vertex 28.1522 21 23.5654
      vertex 28.0384 21 23.1902
    endloop
  endfacet
  facet normal -0.956951 0 0.290248
    outer loop
      vertex 28.1522 21 23.5654
      vertex 28.0384 15 23.1902
      vertex 28.1522 15 23.5654
    endloop
  endfacet
  facet normal 0 1 -0
    outer loop
      vertex 46 21 13
      vertex 42 21 15.8
      vertex 47.8 21 15.8
    endloop
  endfacet
  facet normal 0 1 0
    outer loop
      vertex 42 21 15.8
      vertex 46 21 13
      vertex 28 21 15.8
    endloop
  endfacet
  facet normal 0 1 0
    outer loop
      vertex 47.1111 21 12.6629
      vertex 47.8 21 15.8
      vertex 48.1916 21 15.7743
    endloop
  endfacet
  facet normal 0 1 0
    outer loop
      vertex 24 21 13
      vertex 28 21 15.8
      vertex 46 21 13
    endloop
  endfacet
  facet normal 0 1 0
    outer loop
      vertex 47.1111 21 12.6629
      vertex 48.1916 21 15.7743
      vertex 48.5764 21 15.6978
    endloop
  endfacet
  facet normal 0 1 0
    outer loop
      vertex 28 21 15.8
      vertex 24 21 13
      vertex 22.2 21 15.8
    endloop
  endfacet
  facet normal 0 1 0
    outer loop
      vertex 47.1111 21 12.6629
      vertex 48.5764 21 15.6978
      vertex 48.948 21 15.5716
    endloop
  endfacet
  facet normal 0 1 -0
    outer loop
      vertex 23.6098 21 12.9616
      vertex 22.2 21 15.8
      vertex 24 21 13
    endloop
  endfacet
  facet normal 0 1 0
    outer loop
      vertex 47.1111 21 12.6629
      vertex 48.948 21 15.5716
      vertex 49.3 21 15.3981
    endloop
  endfacet
  facet normal 0 1 -0
    outer loop
      vertex 23.2346 21 12.8478
      vertex 22.2 21 15.8
      vertex 23.6098 21 12.9616
    endloop
  endfacet
  facet normal 0 1 0
    outer loop
      vertex 47.4142 21 12.4142
      vertex 49.3 21 15.3981
      vertex 49.6263 21 15.1801
    endloop
  endfacet
  facet normal 0 1 -0
    outer loop
      vertex 22.8889 21 12.6629
      vertex 22.2 21 15.8
      vertex 23.2346 21 12.8478
    endloop
  endfacet
  facet normal 0 1 0
    outer loop
      vertex 47.4142 21 12.4142
      vertex 49.6263 21 15.1801
      vertex 49.9213 21 14.9213
    endloop
  endfacet
  facet normal 0 1 0
    outer loop
      vertex 22.2 21 15.8
      vertex 22.8889 21 12.6629
      vertex 21.8084 21 15.7743
    endloop
  endfacet
  facet normal 0 1 0
    outer loop
      vertex 47.4142 21 12.4142
      vertex 49.9213 21 14.9213
      vertex 50.1801 21 14.6263
    endloop
  endfacet
  facet normal 0 1 0
    outer loop
      vertex 21.8084 21 15.7743
      vertex 22.8889 21 12.6629
      vertex 21.4236 21 15.6978
    endloop
  endfacet
  facet normal 0 1 0
    outer loop
      vertex 47.4142 21 12.4142
      vertex 50.1801 21 14.6263
      vertex 50.3981 21 14.3
    endloop
  endfacet
  facet normal 0 1 0
    outer loop
      vertex 21.4236 21 15.6978
      vertex 22.8889 21 12.6629
      vertex 21.052 21 15.5716
    endloop
  endfacet
  facet normal 0 1 0
    outer loop
      vertex 47.6629 21 12.1111
      vertex 50.3981 21 14.3
      vertex 50.5716 21 13.948
    endloop
  endfacet
  facet normal 0 1 0
    outer loop
      vertex 21.052 21 15.5716
      vertex 22.8889 21 12.6629
      vertex 20.7 21 15.3981
    endloop
  endfacet
  facet normal 0 1 0
    outer loop
      vertex 47.6629 21 12.1111
      vertex 50.5716 21 13.948
      vertex 50.6978 21 13.5764
    endloop
  endfacet
  facet normal 0 1 -0
    outer loop
      vertex 22.5858 21 12.4142
      vertex 20.7 21 15.3981
      vertex 22.8889 21 12.6629
    endloop
  endfacet
  facet normal 0 1 0
    outer loop
      vertex 47.6629 21 12.1111
      vertex 50.6978 21 13.5764
      vertex 50.7743 21 13.1916
    endloop
  endfacet
  facet normal 0 1 0
    outer loop
      vertex 20.7 21 15.3981
      vertex 22.5858 21 12.4142
      vertex 20.3737 21 15.1801
    endloop
  endfacet
  facet normal 0 1 0
    outer loop
      vertex 20.3737 21 15.1801
      vertex 22.5858 21 12.4142
      vertex 20.0787 21 14.9213
    endloop
  endfacet
  facet normal 0 1 0
    outer loop
      vertex 47.8 21 15.8
      vertex 46.3902 21 12.9616
      vertex 46 21 13
    endloop
  endfacet
  facet normal 0 1 0
    outer loop
      vertex 47.8 21 15.8
      vertex 46.7654 21 12.8478
      vertex 46.3902 21 12.9616
    endloop
  endfacet
  facet normal 0 1 0
    outer loop
      vertex 47.6629 21 12.1111
      vertex 50.7743 21 13.1916
      vertex 50.8 21 12.8
    endloop
  endfacet
  facet normal 0 1 0
    outer loop
      vertex 47.8 21 15.8
      vertex 47.1111 21 12.6629
      vertex 46.7654 21 12.8478
    endloop
  endfacet
  facet normal 0 1 0
    outer loop
      vertex 49.3 21 15.3981
      vertex 47.4142 21 12.4142
      vertex 47.1111 21 12.6629
    endloop
  endfacet
  facet normal 0 1 0
    outer loop
      vertex 50.3981 21 14.3
      vertex 47.6629 21 12.1111
      vertex 47.4142 21 12.4142
    endloop
  endfacet
  facet normal 0 1 0
    outer loop
      vertex 50.8 21 12.8
      vertex 47.8478 21 11.7654
      vertex 47.6629 21 12.1111
    endloop
  endfacet
  facet normal 0 1 0
    outer loop
      vertex 50.8 21 12.8
      vertex 47.9616 21 11.3902
      vertex 47.8478 21 11.7654
    endloop
  endfacet
  facet normal 0 1 0
    outer loop
      vertex 50.8 21 12.8
      vertex 48 21 11
      vertex 47.9616 21 11.3902
    endloop
  endfacet
  facet normal 0 1 -0
    outer loop
      vertex 50.8 21 0
      vertex 48 21 11
      vertex 50.8 21 12.8
    endloop
  endfacet
  facet normal 0 1 0
    outer loop
      vertex 48 21 11
      vertex 50.8 21 0
      vertex 48 21 0
    endloop
  endfacet
  facet normal 0 1 0
    outer loop
      vertex 20.0787 21 14.9213
      vertex 22.5858 21 12.4142
      vertex 19.8199 21 14.6263
    endloop
  endfacet
  facet normal 0 1 0
    outer loop
      vertex 19.8199 21 14.6263
      vertex 22.5858 21 12.4142
      vertex 19.6019 21 14.3
    endloop
  endfacet
  facet normal 0 1 -0
    outer loop
      vertex 22.3371 21 12.1111
      vertex 19.6019 21 14.3
      vertex 22.5858 21 12.4142
    endloop
  endfacet
  facet normal 0 1 0
    outer loop
      vertex 19.6019 21 14.3
      vertex 22.3371 21 12.1111
      vertex 19.4284 21 13.948
    endloop
  endfacet
  facet normal 0 1 0
    outer loop
      vertex 19.4284 21 13.948
      vertex 22.3371 21 12.1111
      vertex 19.3022 21 13.5764
    endloop
  endfacet
  facet normal 0 1 0
    outer loop
      vertex 19.3022 21 13.5764
      vertex 22.3371 21 12.1111
      vertex 19.2257 21 13.1916
    endloop
  endfacet
  facet normal 0 1 0
    outer loop
      vertex 19.2257 21 13.1916
      vertex 22.3371 21 12.1111
      vertex 19.2 21 12.8
    endloop
  endfacet
  facet normal 0 1 -0
    outer loop
      vertex 22.1522 21 11.7654
      vertex 19.2 21 12.8
      vertex 22.3371 21 12.1111
    endloop
  endfacet
  facet normal 0 1 -0
    outer loop
      vertex 22.0384 21 11.3902
      vertex 19.2 21 12.8
      vertex 22.1522 21 11.7654
    endloop
  endfacet
  facet normal 0 1 -0
    outer loop
      vertex 22 21 11
      vertex 19.2 21 12.8
      vertex 22.0384 21 11.3902
    endloop
  endfacet
  facet normal 0 1 0
    outer loop
      vertex 19.2 21 0
      vertex 22 21 11
      vertex 22 21 0
    endloop
  endfacet
  facet normal 0 1 0
    outer loop
      vertex 22 21 11
      vertex 19.2 21 0
      vertex 19.2 21 12.8
    endloop
  endfacet
  facet normal 0 1 0
    outer loop
      vertex 42 21 22.8
      vertex 40 21 24.8
      vertex 40.3902 21 24.7616
    endloop
  endfacet
  facet normal 0 1 0
    outer loop
      vertex 40 21 24.8
      vertex 35.0953 21 20.5714
      vertex 30 21 24.8
    endloop
  endfacet
  facet normal 0 1 0
    outer loop
      vertex 42 21 22.8
      vertex 40.3902 21 24.7616
      vertex 40.7654 21 24.6478
    endloop
  endfacet
  facet normal 0 1 -0
    outer loop
      vertex 34.7163 21 20.543
      vertex 30 21 24.8
      vertex 35.0953 21 20.5714
    endloop
  endfacet
  facet normal 0 1 0
    outer loop
      vertex 42 21 22.8
      vertex 40.7654 21 24.6478
      vertex 41.1111 21 24.4629
    endloop
  endfacet
  facet normal 0 1 -0
    outer loop
      vertex 34.3625 21 20.4042
      vertex 30 21 24.8
      vertex 34.7163 21 20.543
    endloop
  endfacet
  facet normal 0 1 0
    outer loop
      vertex 42 21 22.8
      vertex 41.1111 21 24.4629
      vertex 41.4142 21 24.2142
    endloop
  endfacet
  facet normal 0 1 -0
    outer loop
      vertex 34.0654 21 20.1672
      vertex 30 21 24.8
      vertex 34.3625 21 20.4042
    endloop
  endfacet
  facet normal 0 1 0
    outer loop
      vertex 42 21 22.8
      vertex 41.4142 21 24.2142
      vertex 41.6629 21 23.9111
    endloop
  endfacet
  facet normal 0 1 -0
    outer loop
      vertex 33.8513 21 19.8532
      vertex 30 21 24.8
      vertex 34.0654 21 20.1672
    endloop
  endfacet
  facet normal 0 1 0
    outer loop
      vertex 42 21 22.8
      vertex 41.6629 21 23.9111
      vertex 41.8478 21 23.5654
    endloop
  endfacet
  facet normal -0 1 0
    outer loop
      vertex 28 21 22.8
      vertex 30 21 24.8
      vertex 33.8513 21 19.8532
    endloop
  endfacet
  facet normal 0 1 0
    outer loop
      vertex 42 21 22.8
      vertex 41.8478 21 23.5654
      vertex 41.9616 21 23.1902
    endloop
  endfacet
  facet normal 0 1 0
    outer loop
      vertex 29.6098 21 24.7616
      vertex 28 21 22.8
      vertex 29.2346 21 24.6478
    endloop
  endfacet
  facet normal 0 1 0
    outer loop
      vertex 40 21 24.8
      vertex 42 21 22.8
      vertex 36.0535 21 20.0182
    endloop
  endfacet
  facet normal 0 1 0
    outer loop
      vertex 29.2346 21 24.6478
      vertex 28 21 22.8
      vertex 28.8889 21 24.4629
    endloop
  endfacet
  facet normal 0 1 0
    outer loop
      vertex 28.8889 21 24.4629
      vertex 28 21 22.8
      vertex 28.5858 21 24.2142
    endloop
  endfacet
  facet normal 0 1 0
    outer loop
      vertex 40 21 24.8
      vertex 35.4658 21 20.4869
      vertex 35.0953 21 20.5714
    endloop
  endfacet
  facet normal 0 1 0
    outer loop
      vertex 40 21 24.8
      vertex 35.7949 21 20.2968
      vertex 35.4658 21 20.4869
    endloop
  endfacet
  facet normal 0 1 0
    outer loop
      vertex 40 21 24.8
      vertex 36.0535 21 20.0182
      vertex 35.7949 21 20.2968
    endloop
  endfacet
  facet normal 0 1 0
    outer loop
      vertex 42 21 22.8
      vertex 36.2184 21 19.6758
      vertex 36.0535 21 20.0182
    endloop
  endfacet
  facet normal 0 1 0
    outer loop
      vertex 42 21 22.8
      vertex 36.275 21 19.3
      vertex 36.2184 21 19.6758
    endloop
  endfacet
  facet normal 0 1 -0
    outer loop
      vertex 42 21 15.8
      vertex 36.275 21 19.3
      vertex 42 21 22.8
    endloop
  endfacet
  facet normal 0 1 0
    outer loop
      vertex 36.275 21 19.3
      vertex 42 21 15.8
      vertex 36.2184 21 18.9242
    endloop
  endfacet
  facet normal 0 1 0
    outer loop
      vertex 36.2184 21 18.9242
      vertex 42 21 15.8
      vertex 36.0535 21 18.5818
    endloop
  endfacet
  facet normal 0 1 0
    outer loop
      vertex 35.7949 21 18.3032
      vertex 42 21 15.8
      vertex 35.4658 21 18.1131
    endloop
  endfacet
  facet normal 0 1 0
    outer loop
      vertex 36.0535 21 18.5818
      vertex 42 21 15.8
      vertex 35.7949 21 18.3032
    endloop
  endfacet
  facet normal 0 1 0
    outer loop
      vertex 28.5858 21 24.2142
      vertex 28 21 22.8
      vertex 28.3371 21 23.9111
    endloop
  endfacet
  facet normal 0 1 0
    outer loop
      vertex 28.3371 21 23.9111
      vertex 28 21 22.8
      vertex 28.1522 21 23.5654
    endloop
  endfacet
  facet normal 0 1 0
    outer loop
      vertex 28.1522 21 23.5654
      vertex 28 21 22.8
      vertex 28.0384 21 23.1902
    endloop
  endfacet
  facet normal 0 1 0
    outer loop
      vertex 30 21 24.8
      vertex 28 21 22.8
      vertex 29.6098 21 24.7616
    endloop
  endfacet
  facet normal 0 1 -0
    outer loop
      vertex 33.7392 21 19.49
      vertex 28 21 22.8
      vertex 33.8513 21 19.8532
    endloop
  endfacet
  facet normal 0 1 -0
    outer loop
      vertex 33.7392 21 19.11
      vertex 28 21 22.8
      vertex 33.7392 21 19.49
    endloop
  endfacet
  facet normal 0 1 0
    outer loop
      vertex 28 21 15.8
      vertex 33.7392 21 19.11
      vertex 33.8513 21 18.7468
    endloop
  endfacet
  facet normal 0 1 0
    outer loop
      vertex 28 21 15.8
      vertex 33.8513 21 18.7468
      vertex 34.0654 21 18.4328
    endloop
  endfacet
  facet normal 0 1 0
    outer loop
      vertex 28 21 15.8
      vertex 34.0654 21 18.4328
      vertex 34.3625 21 18.1958
    endloop
  endfacet
  facet normal 0 1 0
    outer loop
      vertex 35.4658 21 18.1131
      vertex 42 21 15.8
      vertex 35.0953 21 18.0286
    endloop
  endfacet
  facet normal 0 1 0
    outer loop
      vertex 33.7392 21 19.11
      vertex 28 21 15.8
      vertex 28 21 22.8
    endloop
  endfacet
  facet normal 0 1 0
    outer loop
      vertex 28 21 15.8
      vertex 34.3625 21 18.1958
      vertex 34.7163 21 18.057
    endloop
  endfacet
  facet normal 0 1 0
    outer loop
      vertex 28 21 15.8
      vertex 35.0953 21 18.0286
      vertex 42 21 15.8
    endloop
  endfacet
  facet normal 0 1 0
    outer loop
      vertex 35.0953 21 18.0286
      vertex 28 21 15.8
      vertex 34.7163 21 18.057
    endloop
  endfacet
  facet normal 0.881795 -0 0.471634
    outer loop
      vertex 41.6629 15 23.9111
      vertex 41.8478 21 23.5654
      vertex 41.6629 21 23.9111
    endloop
  endfacet
  facet normal 0.881795 0 0.471634
    outer loop
      vertex 41.8478 21 23.5654
      vertex 41.6629 15 23.9111
      vertex 41.8478 15 23.5654
    endloop
  endfacet
  facet normal 0.321574 0 0.946885
    outer loop
      vertex 48.5764 21 15.6978
      vertex 48.948 4 15.5716
      vertex 48.948 21 15.5716
    endloop
  endfacet
  facet normal 0.321574 0 0.946885
    outer loop
      vertex 48.948 4 15.5716
      vertex 48.5764 21 15.6978
      vertex 48.5764 4 15.6978
    endloop
  endfacet
  facet normal 0.0654873 0 0.997853
    outer loop
      vertex 47.8 21 15.8
      vertex 48.1916 4 15.7743
      vertex 48.1916 21 15.7743
    endloop
  endfacet
  facet normal 0.0654873 0 0.997853
    outer loop
      vertex 48.1916 4 15.7743
      vertex 47.8 21 15.8
      vertex 47.8 4 15.8
    endloop
  endfacet
  facet normal 0.194989 0 0.980806
    outer loop
      vertex 48.1916 21 15.7743
      vertex 48.5764 4 15.6978
      vertex 48.5764 21 15.6978
    endloop
  endfacet
  facet normal 0.194989 0 0.980806
    outer loop
      vertex 48.5764 4 15.6978
      vertex 48.1916 21 15.7743
      vertex 48.1916 4 15.7743
    endloop
  endfacet
  facet normal -1 0 0
    outer loop
      vertex 19.2 10.5742 0.739418
      vertex 19.2 21 0
      vertex 19.2 10.6 0
    endloop
  endfacet
  facet normal -1 0 0
    outer loop
      vertex 19.2 10.4968 1.47523
      vertex 19.2 21 0
      vertex 19.2 10.5742 0.739418
    endloop
  endfacet
  facet normal -1 0 0
    outer loop
      vertex 19.2 10.3684 2.20386
      vertex 19.2 21 0
      vertex 19.2 10.4968 1.47523
    endloop
  endfacet
  facet normal -1 0 0
    outer loop
      vertex 19.2 10.1894 2.92176
      vertex 19.2 21 0
      vertex 19.2 10.3684 2.20386
    endloop
  endfacet
  facet normal -1 0 0
    outer loop
      vertex 19.2 9.96074 3.62541
      vertex 19.2 21 0
      vertex 19.2 10.1894 2.92176
    endloop
  endfacet
  facet normal -1 0 0
    outer loop
      vertex 19.2 21 0
      vertex 19.2 9.96074 3.62541
      vertex 19.2 21 12.8
    endloop
  endfacet
  facet normal -1 0 0
    outer loop
      vertex 19.2 9.68358 4.31141
      vertex 19.2 21 12.8
      vertex 19.2 9.96074 3.62541
    endloop
  endfacet
  facet normal -1 0 0
    outer loop
      vertex 19.2 9.35924 4.9764
      vertex 19.2 21 12.8
      vertex 19.2 9.68358 4.31141
    endloop
  endfacet
  facet normal -1 0 0
    outer loop
      vertex 19.2 8.98931 5.61714
      vertex 19.2 21 12.8
      vertex 19.2 9.35924 4.9764
    endloop
  endfacet
  facet normal -1 0 0
    outer loop
      vertex 19.2 8.57558 6.23052
      vertex 19.2 21 12.8
      vertex 19.2 8.98931 5.61714
    endloop
  endfacet
  facet normal -1 0 0
    outer loop
      vertex 19.2 8.12007 6.81355
      vertex 19.2 21 12.8
      vertex 19.2 8.57558 6.23052
    endloop
  endfacet
  facet normal -1 0 0
    outer loop
      vertex 19.2 7.625 7.36338
      vertex 19.2 21 12.8
      vertex 19.2 8.12007 6.81355
    endloop
  endfacet
  facet normal -1 0 0
    outer loop
      vertex 19.2 7.09278 7.87733
      vertex 19.2 21 12.8
      vertex 19.2 7.625 7.36338
    endloop
  endfacet
  facet normal -1 0 0
    outer loop
      vertex 19.2 4 12.8
      vertex 19.2 7.09278 7.87733
      vertex 19.2 6.52601 8.35291
    endloop
  endfacet
  facet normal -1 0 0
    outer loop
      vertex 19.2 4 12.8
      vertex 19.2 6.52601 8.35291
      vertex 19.2 5.92744 8.7878
    endloop
  endfacet
  facet normal -1 0 0
    outer loop
      vertex 19.2 4 12.8
      vertex 19.2 5.92744 8.7878
      vertex 19.2 5.3 9.17987
    endloop
  endfacet
  facet normal -1 0 0
    outer loop
      vertex 19.2 4 12.8
      vertex 19.2 5.3 9.17987
      vertex 19.2 4.64673 9.52722
    endloop
  endfacet
  facet normal -1 0 0
    outer loop
      vertex 19.2 4 12.8
      vertex 19.2 4.64673 9.52722
      vertex 19.2 4 9.81516
    endloop
  endfacet
  facet normal -1 0 0
    outer loop
      vertex 19.2 7.09278 7.87733
      vertex 19.2 4 12.8
      vertex 19.2 21 12.8
    endloop
  endfacet
  facet normal 0 0 1
    outer loop
      vertex 28 21 15.8
      vertex 22.2 21 15.8
      vertex 28 15 15.8
    endloop
  endfacet
  facet normal 0 0 1
    outer loop
      vertex 42 15 15.8
      vertex 47.8 21 15.8
      vertex 42 21 15.8
    endloop
  endfacet
  facet normal 0 0 1
    outer loop
      vertex 47.8 21 15.8
      vertex 42 15 15.8
      vertex 47.8 4 15.8
    endloop
  endfacet
  facet normal -0 0 1
    outer loop
      vertex 28 15 15.8
      vertex 47.8 4 15.8
      vertex 42 15 15.8
    endloop
  endfacet
  facet normal 0 0 1
    outer loop
      vertex 28 15 15.8
      vertex 22.2 4 15.8
      vertex 47.8 4 15.8
    endloop
  endfacet
  facet normal 0 0 1
    outer loop
      vertex 22.2 4 15.8
      vertex 28 15 15.8
      vertex 22.2 21 15.8
    endloop
  endfacet
  facet normal 1 -0 0
    outer loop
      vertex 50.8 9.96074 3.62541
      vertex 50.8 21 0
      vertex 50.8 21 12.8
    endloop
  endfacet
  facet normal 1 0 0
    outer loop
      vertex 50.8 21 0
      vertex 50.8 10.5742 0.739418
      vertex 50.8 10.6 0
    endloop
  endfacet
  facet normal 1 0 0
    outer loop
      vertex 50.8 21 0
      vertex 50.8 10.4968 1.47523
      vertex 50.8 10.5742 0.739418
    endloop
  endfacet
  facet normal 1 0 0
    outer loop
      vertex 50.8 21 0
      vertex 50.8 10.3684 2.20386
      vertex 50.8 10.4968 1.47523
    endloop
  endfacet
  facet normal 1 0 0
    outer loop
      vertex 50.8 21 0
      vertex 50.8 10.1894 2.92176
      vertex 50.8 10.3684 2.20386
    endloop
  endfacet
  facet normal 1 0 0
    outer loop
      vertex 50.8 21 0
      vertex 50.8 9.96074 3.62541
      vertex 50.8 10.1894 2.92176
    endloop
  endfacet
  facet normal 1 0 0
    outer loop
      vertex 50.8 21 12.8
      vertex 50.8 9.68358 4.31141
      vertex 50.8 9.96074 3.62541
    endloop
  endfacet
  facet normal 1 0 0
    outer loop
      vertex 50.8 21 12.8
      vertex 50.8 9.35924 4.9764
      vertex 50.8 9.68358 4.31141
    endloop
  endfacet
  facet normal 1 0 0
    outer loop
      vertex 50.8 21 12.8
      vertex 50.8 8.98931 5.61714
      vertex 50.8 9.35924 4.9764
    endloop
  endfacet
  facet normal 1 0 0
    outer loop
      vertex 50.8 21 12.8
      vertex 50.8 8.57558 6.23052
      vertex 50.8 8.98931 5.61714
    endloop
  endfacet
  facet normal 1 0 0
    outer loop
      vertex 50.8 21 12.8
      vertex 50.8 8.12007 6.81355
      vertex 50.8 8.57558 6.23052
    endloop
  endfacet
  facet normal 1 0 0
    outer loop
      vertex 50.8 21 12.8
      vertex 50.8 7.625 7.36338
      vertex 50.8 8.12007 6.81355
    endloop
  endfacet
  facet normal 1 0 0
    outer loop
      vertex 50.8 21 12.8
      vertex 50.8 7.09278 7.87733
      vertex 50.8 7.625 7.36338
    endloop
  endfacet
  facet normal 1 -0 0
    outer loop
      vertex 50.8 4 12.8
      vertex 50.8 7.09278 7.87733
      vertex 50.8 21 12.8
    endloop
  endfacet
  facet normal 1 0 0
    outer loop
      vertex 50.8 7.09278 7.87733
      vertex 50.8 4 12.8
      vertex 50.8 6.52601 8.35291
    endloop
  endfacet
  facet normal 1 0 0
    outer loop
      vertex 50.8 6.52601 8.35291
      vertex 50.8 4 12.8
      vertex 50.8 5.92744 8.7878
    endloop
  endfacet
  facet normal 1 0 0
    outer loop
      vertex 50.8 5.92744 8.7878
      vertex 50.8 4 12.8
      vertex 50.8 5.3 9.17987
    endloop
  endfacet
  facet normal 1 0 0
    outer loop
      vertex 50.8 5.3 9.17987
      vertex 50.8 4 12.8
      vertex 50.8 4.64673 9.52722
    endloop
  endfacet
  facet normal 1 0 0
    outer loop
      vertex 50.8 4.64673 9.52722
      vertex 50.8 4 12.8
      vertex 50.8 4 9.81516
    endloop
  endfacet
  facet normal 0.751724 -0 0.659478
    outer loop
      vertex 49.9213 4 14.9213
      vertex 50.1801 21 14.6263
      vertex 49.9213 21 14.9213
    endloop
  endfacet
  facet normal 0.751724 0 0.659478
    outer loop
      vertex 50.1801 21 14.6263
      vertex 49.9213 4 14.9213
      vertex 50.1801 4 14.6263
    endloop
  endfacet
  facet normal 0 -1 0
    outer loop
      vertex 19.2 4 12.8
      vertex 22.2 4 15.8
      vertex 21.8084 4 15.7743
    endloop
  endfacet
  facet normal 0 -1 -0
    outer loop
      vertex 22.2 4 15.8
      vertex 19.2 4 9.81516
      vertex 47.8 4 15.8
    endloop
  endfacet
  facet normal 0 -1 0
    outer loop
      vertex 19.2 4 12.8
      vertex 21.8084 4 15.7743
      vertex 21.4236 4 15.6978
    endloop
  endfacet
  facet normal 0 -1 0
    outer loop
      vertex 50.8 4 9.81516
      vertex 47.8 4 15.8
      vertex 19.2 4 9.81516
    endloop
  endfacet
  facet normal 0 -1 0
    outer loop
      vertex 19.2 4 12.8
      vertex 21.4236 4 15.6978
      vertex 21.052 4 15.5716
    endloop
  endfacet
  facet normal -0 -1 -0
    outer loop
      vertex 50.8 4 12.8
      vertex 47.8 4 15.8
      vertex 50.8 4 9.81516
    endloop
  endfacet
  facet normal 0 -1 0
    outer loop
      vertex 19.2 4 12.8
      vertex 21.052 4 15.5716
      vertex 20.7 4 15.3981
    endloop
  endfacet
  facet normal 0 -1 0
    outer loop
      vertex 47.8 4 15.8
      vertex 50.8 4 12.8
      vertex 48.1916 4 15.7743
    endloop
  endfacet
  facet normal 0 -1 0
    outer loop
      vertex 19.2 4 12.8
      vertex 20.7 4 15.3981
      vertex 20.3737 4 15.1801
    endloop
  endfacet
  facet normal 0 -1 0
    outer loop
      vertex 48.1916 4 15.7743
      vertex 50.8 4 12.8
      vertex 48.5764 4 15.6978
    endloop
  endfacet
  facet normal 0 -1 0
    outer loop
      vertex 19.2 4 12.8
      vertex 20.3737 4 15.1801
      vertex 20.0787 4 14.9213
    endloop
  endfacet
  facet normal 0 -1 0
    outer loop
      vertex 48.5764 4 15.6978
      vertex 50.8 4 12.8
      vertex 48.948 4 15.5716
    endloop
  endfacet
  facet normal 0 -1 0
    outer loop
      vertex 19.2 4 12.8
      vertex 20.0787 4 14.9213
      vertex 19.8199 4 14.6263
    endloop
  endfacet
  facet normal 0 -1 0
    outer loop
      vertex 48.948 4 15.5716
      vertex 50.8 4 12.8
      vertex 49.3 4 15.3981
    endloop
  endfacet
  facet normal 0 -1 0
    outer loop
      vertex 19.2 4 12.8
      vertex 19.8199 4 14.6263
      vertex 19.6019 4 14.3
    endloop
  endfacet
  facet normal 0 -1 0
    outer loop
      vertex 49.3 4 15.3981
      vertex 50.8 4 12.8
      vertex 49.6263 4 15.1801
    endloop
  endfacet
  facet normal 0 -1 0
    outer loop
      vertex 19.2 4 12.8
      vertex 19.6019 4 14.3
      vertex 19.4284 4 13.948
    endloop
  endfacet
  facet normal 0 -1 0
    outer loop
      vertex 49.6263 4 15.1801
      vertex 50.8 4 12.8
      vertex 49.9213 4 14.9213
    endloop
  endfacet
  facet normal 0 -1 0
    outer loop
      vertex 19.2 4 12.8
      vertex 19.4284 4 13.948
      vertex 19.3022 4 13.5764
    endloop
  endfacet
  facet normal 0 -1 0
    outer loop
      vertex 49.9213 4 14.9213
      vertex 50.8 4 12.8
      vertex 50.1801 4 14.6263
    endloop
  endfacet
  facet normal 0 -1 0
    outer loop
      vertex 19.2 4 12.8
      vertex 19.3022 4 13.5764
      vertex 19.2257 4 13.1916
    endloop
  endfacet
  facet normal 0 -1 0
    outer loop
      vertex 22.2 4 15.8
      vertex 19.2 4 12.8
      vertex 19.2 4 9.81516
    endloop
  endfacet
  facet normal 0 -1 0
    outer loop
      vertex 50.1801 4 14.6263
      vertex 50.8 4 12.8
      vertex 50.3981 4 14.3
    endloop
  endfacet
  facet normal 0 -1 0
    outer loop
      vertex 50.6978 4 13.5764
      vertex 50.8 4 12.8
      vertex 50.7743 4 13.1916
    endloop
  endfacet
  facet normal 0 -1 0
    outer loop
      vertex 50.3981 4 14.3
      vertex 50.8 4 12.8
      vertex 50.5716 4 13.948
    endloop
  endfacet
  facet normal 0 -1 0
    outer loop
      vertex 50.5716 4 13.948
      vertex 50.8 4 12.8
      vertex 50.6978 4 13.5764
    endloop
  endfacet
  facet normal -0.659478 0 0.751724
    outer loop
      vertex 20.0787 21 14.9213
      vertex 20.3737 4 15.1801
      vertex 20.3737 21 15.1801
    endloop
  endfacet
  facet normal -0.659478 0 0.751724
    outer loop
      vertex 20.3737 4 15.1801
      vertex 20.0787 21 14.9213
      vertex 20.0787 4 14.9213
    endloop
  endfacet
  facet normal -0.751724 0 0.659478
    outer loop
      vertex 19.8199 4 14.6263
      vertex 20.0787 21 14.9213
      vertex 19.8199 21 14.6263
    endloop
  endfacet
  facet normal -0.751724 0 0.659478
    outer loop
      vertex 20.0787 21 14.9213
      vertex 19.8199 4 14.6263
      vertex 20.0787 4 14.9213
    endloop
  endfacet
  facet normal -0.0654873 0 0.997853
    outer loop
      vertex 21.8084 21 15.7743
      vertex 22.2 4 15.8
      vertex 22.2 21 15.8
    endloop
  endfacet
  facet normal -0.0654873 0 0.997853
    outer loop
      vertex 22.2 4 15.8
      vertex 21.8084 21 15.7743
      vertex 21.8084 4 15.7743
    endloop
  endfacet
  facet normal 0.997853 -0 0.0654873
    outer loop
      vertex 50.7743 4 13.1916
      vertex 50.8 21 12.8
      vertex 50.7743 21 13.1916
    endloop
  endfacet
  facet normal 0.997853 0 0.0654873
    outer loop
      vertex 50.8 21 12.8
      vertex 50.7743 4 13.1916
      vertex 50.8 4 12.8
    endloop
  endfacet
  facet normal 0.980806 -0 0.194989
    outer loop
      vertex 50.6978 4 13.5764
      vertex 50.7743 21 13.1916
      vertex 50.6978 21 13.5764
    endloop
  endfacet
  facet normal 0.980806 0 0.194989
    outer loop
      vertex 50.7743 21 13.1916
      vertex 50.6978 4 13.5764
      vertex 50.7743 4 13.1916
    endloop
  endfacet
  facet normal -0.980806 0 0.194989
    outer loop
      vertex 19.2257 4 13.1916
      vertex 19.3022 21 13.5764
      vertex 19.2257 21 13.1916
    endloop
  endfacet
  facet normal -0.980806 0 0.194989
    outer loop
      vertex 19.3022 21 13.5764
      vertex 19.2257 4 13.1916
      vertex 19.3022 4 13.5764
    endloop
  endfacet
  facet normal -0.997853 0 0.0654873
    outer loop
      vertex 19.2 4 12.8
      vertex 19.2257 21 13.1916
      vertex 19.2 21 12.8
    endloop
  endfacet
  facet normal -0.997853 0 0.0654873
    outer loop
      vertex 19.2257 21 13.1916
      vertex 19.2 4 12.8
      vertex 19.2257 4 13.1916
    endloop
  endfacet
  facet normal -0.44211 0 0.896961
    outer loop
      vertex 20.7 21 15.3981
      vertex 21.052 4 15.5716
      vertex 21.052 21 15.5716
    endloop
  endfacet
  facet normal -0.44211 0 0.896961
    outer loop
      vertex 21.052 4 15.5716
      vertex 20.7 21 15.3981
      vertex 20.7 4 15.3981
    endloop
  endfacet
  facet normal -0.194989 0 0.980806
    outer loop
      vertex 21.4236 21 15.6978
      vertex 21.8084 4 15.7743
      vertex 21.8084 21 15.7743
    endloop
  endfacet
  facet normal -0.194989 0 0.980806
    outer loop
      vertex 21.8084 4 15.7743
      vertex 21.4236 21 15.6978
      vertex 21.4236 4 15.6978
    endloop
  endfacet
  facet normal 0.896961 -0 0.44211
    outer loop
      vertex 50.3981 4 14.3
      vertex 50.5716 21 13.948
      vertex 50.3981 21 14.3
    endloop
  endfacet
  facet normal 0.896961 0 0.44211
    outer loop
      vertex 50.5716 21 13.948
      vertex 50.3981 4 14.3
      vertex 50.5716 4 13.948
    endloop
  endfacet
  facet normal 0.831501 -0 0.555523
    outer loop
      vertex 50.1801 4 14.6263
      vertex 50.3981 21 14.3
      vertex 50.1801 21 14.6263
    endloop
  endfacet
  facet normal 0.831501 0 0.555523
    outer loop
      vertex 50.3981 21 14.3
      vertex 50.1801 4 14.6263
      vertex 50.3981 4 14.3
    endloop
  endfacet
  facet normal 0.44211 0 0.896961
    outer loop
      vertex 48.948 21 15.5716
      vertex 49.3 4 15.3981
      vertex 49.3 21 15.3981
    endloop
  endfacet
  facet normal 0.44211 0 0.896961
    outer loop
      vertex 49.3 4 15.3981
      vertex 48.948 21 15.5716
      vertex 48.948 4 15.5716
    endloop
  endfacet
  facet normal -0.946885 0 0.321574
    outer loop
      vertex 19.3022 4 13.5764
      vertex 19.4284 21 13.948
      vertex 19.3022 21 13.5764
    endloop
  endfacet
  facet normal -0.946885 0 0.321574
    outer loop
      vertex 19.4284 21 13.948
      vertex 19.3022 4 13.5764
      vertex 19.4284 4 13.948
    endloop
  endfacet
  facet normal -0.831501 0 0.555523
    outer loop
      vertex 19.6019 4 14.3
      vertex 19.8199 21 14.6263
      vertex 19.6019 21 14.3
    endloop
  endfacet
  facet normal -0.831501 0 0.555523
    outer loop
      vertex 19.8199 21 14.6263
      vertex 19.6019 4 14.3
      vertex 19.8199 4 14.6263
    endloop
  endfacet
  facet normal -0.555523 0 0.831501
    outer loop
      vertex 20.3737 21 15.1801
      vertex 20.7 4 15.3981
      vertex 20.7 21 15.3981
    endloop
  endfacet
  facet normal -0.555523 0 0.831501
    outer loop
      vertex 20.7 4 15.3981
      vertex 20.3737 21 15.1801
      vertex 20.3737 4 15.1801
    endloop
  endfacet
  facet normal -0.321574 0 0.946885
    outer loop
      vertex 21.052 21 15.5716
      vertex 21.4236 4 15.6978
      vertex 21.4236 21 15.6978
    endloop
  endfacet
  facet normal -0.321574 0 0.946885
    outer loop
      vertex 21.4236 4 15.6978
      vertex 21.052 21 15.5716
      vertex 21.052 4 15.5716
    endloop
  endfacet
  facet normal 0.946885 -0 0.321574
    outer loop
      vertex 50.5716 4 13.948
      vertex 50.6978 21 13.5764
      vertex 50.5716 21 13.948
    endloop
  endfacet
  facet normal 0.946885 0 0.321574
    outer loop
      vertex 50.6978 21 13.5764
      vertex 50.5716 4 13.948
      vertex 50.6978 4 13.5764
    endloop
  endfacet
  facet normal 0.555523 0 0.831501
    outer loop
      vertex 49.3 21 15.3981
      vertex 49.6263 4 15.1801
      vertex 49.6263 21 15.1801
    endloop
  endfacet
  facet normal 0.555523 0 0.831501
    outer loop
      vertex 49.6263 4 15.1801
      vertex 49.3 21 15.3981
      vertex 49.3 4 15.3981
    endloop
  endfacet
  facet normal -0.896961 0 0.44211
    outer loop
      vertex 19.4284 4 13.948
      vertex 19.6019 21 14.3
      vertex 19.4284 21 13.948
    endloop
  endfacet
  facet normal -0.896961 0 0.44211
    outer loop
      vertex 19.6019 21 14.3
      vertex 19.4284 4 13.948
      vertex 19.6019 4 14.3
    endloop
  endfacet
  facet normal 0.659478 0 0.751724
    outer loop
      vertex 49.6263 21 15.1801
      vertex 49.9213 4 14.9213
      vertex 49.9213 21 14.9213
    endloop
  endfacet
  facet normal 0.659478 0 0.751724
    outer loop
      vertex 49.9213 4 14.9213
      vertex 49.6263 21 15.1801
      vertex 49.6263 4 15.1801
    endloop
  endfacet
  facet normal 0.14019 0.49758 0.856014
    outer loop
      vertex 71.3896 -11.942 10.8032
      vertex 71.0788 -11.942 10.8541
      vertex 71.4399 -12.2679 10.9844
    endloop
  endfacet
  facet normal 0.16098 -0.103966 0.981467
    outer loop
      vertex 71.4816 -13 11.1344
      vertex 71.0975 -13 11.1974
      vertex 71.471 -13.3742 11.0965
    endloop
  endfacet
  facet normal -0.265965 0.104111 0.958344
    outer loop
      vertex 70.3483 -12.6258 11.0356
      vertex 70.3337 -13 11.0722
      vertex 70.7088 -13 11.1763
    endloop
  endfacet
  facet normal 0.558057 0.103785 0.823287
    outer loop
      vertex 72.1653 -13 10.7719
      vertex 71.8247 -12.6258 10.9556
      vertex 71.8431 -13 10.9903
    endloop
  endfacet
  facet normal -0.757323 -0.307348 0.576194
    outer loop
      vertex 69.7627 -13.6827 10.5
      vertex 69.7218 -13.3742 10.6108
      vertex 69.6375 -13.3742 10.5
    endloop
  endfacet
  facet normal -0.757175 -0.30739 0.576366
    outer loop
      vertex 69.7218 -13.3742 10.6108
      vertex 69.7627 -13.6827 10.5
      vertex 69.8062 -13.7321 10.5308
    endloop
  endfacet
  facet normal -0.199455 0.666875 0.71798
    outer loop
      vertex 70.5542 -11.6623 10.5189
      vertex 70.461 -11.942 10.7528
      vertex 70.8051 -11.6623 10.5886
    endloop
  endfacet
  facet normal -0.231922 0.497832 0.835689
    outer loop
      vertex 70.461 -11.942 10.7528
      vertex 70.3913 -12.2679 10.9276
      vertex 70.7644 -11.942 10.837
    endloop
  endfacet
  facet normal -0.643692 0.104105 0.758171
    outer loop
      vertex 69.7218 -12.6258 10.6108
      vertex 69.6932 -13 10.6379
      vertex 69.9899 -13 10.8898
    endloop
  endfacet
  facet normal 0.629939 0.497666 0.596243
    outer loop
      vertex 72.1036 -12.1336 10.5
      vertex 72.0646 -12.2679 10.6533
      vertex 72.2097 -12.2679 10.5
    endloop
  endfacet
  facet normal -0.199455 -0.666875 0.71798
    outer loop
      vertex 70.8051 -14.3377 10.5886
      vertex 70.461 -14.058 10.7528
      vertex 70.5542 -14.3377 10.5189
    endloop
  endfacet
  facet normal -0.0539104 0.103897 0.993126
    outer loop
      vertex 70.7152 -12.6258 11.1375
      vertex 70.7088 -13 11.1763
      vertex 71.0975 -13 11.1974
    endloop
  endfacet
  facet normal 0.153961 0.307492 0.939013
    outer loop
      vertex 71.4399 -12.2679 10.9844
      vertex 71.0953 -12.6258 11.1581
      vertex 71.471 -12.6258 11.0965
    endloop
  endfacet
  facet normal 0.36807 0.104008 0.923963
    outer loop
      vertex 71.8247 -12.6258 10.9556
      vertex 71.471 -12.6258 11.0965
      vertex 71.4816 -13 11.1344
    endloop
  endfacet
  facet normal 0.533854 -0.307195 0.787802
    outer loop
      vertex 72.1398 -13.3742 10.7419
      vertex 71.7702 -13.7321 10.8528
      vertex 72.0646 -13.7321 10.6533
    endloop
  endfacet
  facet normal 0.153961 -0.307492 0.939013
    outer loop
      vertex 71.471 -13.3742 11.0965
      vertex 71.0953 -13.3742 11.1581
      vertex 71.4399 -13.7321 10.9844
    endloop
  endfacet
  facet normal -0.0470811 0.497824 0.865999
    outer loop
      vertex 71.0788 -11.942 10.8541
      vertex 70.734 -12.2679 11.0227
      vertex 71.089 -12.2679 11.042
    endloop
  endfacet
  facet normal 0.154142 0.307329 0.939036
    outer loop
      vertex 71.4399 -12.2679 10.9844
      vertex 71.089 -12.2679 11.042
      vertex 71.0953 -12.6258 11.1581
    endloop
  endfacet
  facet normal 0.352192 -0.307532 0.88396
    outer loop
      vertex 71.8247 -13.3742 10.9556
      vertex 71.4399 -13.7321 10.9844
      vertex 71.7702 -13.7321 10.8528
    endloop
  endfacet
  facet normal 0.368283 -0.103784 0.923903
    outer loop
      vertex 71.8431 -13 10.9903
      vertex 71.4816 -13 11.1344
      vertex 71.8247 -13.3742 10.9556
    endloop
  endfacet
  facet normal -0.616167 -0.307395 0.725153
    outer loop
      vertex 70.0119 -13.3742 10.8573
      vertex 69.7218 -13.3742 10.6108
      vertex 69.8062 -13.7321 10.5308
    endloop
  endfacet
  facet normal -0.616029 0.307529 0.725213
    outer loop
      vertex 70.0772 -12.2679 10.761
      vertex 69.8062 -12.2679 10.5308
      vertex 70.0119 -12.6258 10.8573
    endloop
  endfacet
  facet normal -0.158127 -0.808849 0.566356
    outer loop
      vertex 70.7704 -14.3932 10.5
      vertex 70.5542 -14.3377 10.5189
      vertex 70.5617 -14.3524 10.5
    endloop
  endfacet
  facet normal -0.157747 -0.807878 0.567845
    outer loop
      vertex 70.5542 -14.3377 10.5189
      vertex 70.7704 -14.3932 10.5
      vertex 70.8051 -14.3377 10.5886
    endloop
  endfacet
  facet normal 0.486508 0.497874 0.717935
    outer loop
      vertex 71.9427 -11.942 10.5099
      vertex 71.7702 -12.2679 10.8528
      vertex 72.0646 -12.2679 10.6533
    endloop
  endfacet
  facet normal -0.275822 0.808704 0.519538
    outer loop
      vertex 70.5617 -11.6476 10.5
      vertex 70.5186 -11.6623 10.5
      vertex 70.5542 -11.6623 10.5189
    endloop
  endfacet
  facet normal -0.689805 0.497157 0.526312
    outer loop
      vertex 69.8387 -12.1902 10.5
      vertex 69.7827 -12.2679 10.5
      vertex 69.8062 -12.2679 10.5308
    endloop
  endfacet
  facet normal -0.561353 0.497764 0.661146
    outer loop
      vertex 69.8387 -12.1902 10.5
      vertex 70.0772 -12.2679 10.761
      vertex 69.9796 -12.0313 10.5
    endloop
  endfacet
  facet normal -0.561746 0.497105 0.661308
    outer loop
      vertex 70.0772 -12.2679 10.761
      vertex 69.8387 -12.1902 10.5
      vertex 69.8062 -12.2679 10.5308
    endloop
  endfacet
  facet normal 0.534089 -0.307528 0.787512
    outer loop
      vertex 71.8247 -13.3742 10.9556
      vertex 71.7702 -13.7321 10.8528
      vertex 72.1398 -13.3742 10.7419
    endloop
  endfacet
  facet normal 0.120413 -0.667009 0.735255
    outer loop
      vertex 71.3896 -14.058 10.8032
      vertex 71.0788 -14.058 10.8541
      vertex 71.3222 -14.3377 10.5605
    endloop
  endfacet
  facet normal 0.14019 -0.49758 0.856014
    outer loop
      vertex 71.4399 -13.7321 10.9844
      vertex 71.0788 -14.058 10.8541
      vertex 71.3896 -14.058 10.8032
    endloop
  endfacet
  facet normal 0.558057 -0.103785 0.823287
    outer loop
      vertex 71.8431 -13 10.9903
      vertex 71.8247 -13.3742 10.9556
      vertex 72.1653 -13 10.7719
    endloop
  endfacet
  facet normal 0.629613 -0.497915 0.596379
    outer loop
      vertex 71.9427 -14.058 10.5099
      vertex 72.1036 -13.8664 10.5
      vertex 72.0646 -13.7321 10.6533
    endloop
  endfacet
  facet normal 0.629097 -0.497433 0.597325
    outer loop
      vertex 72.1036 -13.8664 10.5
      vertex 71.9427 -14.058 10.5099
      vertex 71.9521 -14.058 10.5
    endloop
  endfacet
  facet normal -0.275822 -0.808704 0.519538
    outer loop
      vertex 70.5542 -14.3377 10.5189
      vertex 70.5186 -14.3377 10.5
      vertex 70.5617 -14.3524 10.5
    endloop
  endfacet
  facet normal 0.321032 -0.497696 0.805753
    outer loop
      vertex 71.7702 -13.7321 10.8528
      vertex 71.4399 -13.7321 10.9844
      vertex 71.6821 -14.058 10.6866
    endloop
  endfacet
  facet normal 0.368283 0.103784 0.923903
    outer loop
      vertex 71.8247 -12.6258 10.9556
      vertex 71.4816 -13 11.1344
      vertex 71.8431 -13 10.9903
    endloop
  endfacet
  facet normal -0.254444 0.307473 0.916907
    outer loop
      vertex 70.734 -12.2679 11.0227
      vertex 70.3913 -12.2679 10.9276
      vertex 70.7152 -12.6258 11.1375
    endloop
  endfacet
  facet normal 0.690871 0.307181 0.654475
    outer loop
      vertex 72.1398 -12.6258 10.7419
      vertex 72.3397 -12.56 10.5
      vertex 72.0646 -12.2679 10.6533
    endloop
  endfacet
  facet normal 0.690718 0.307569 0.654454
    outer loop
      vertex 72.3397 -12.56 10.5
      vertex 72.1398 -12.6258 10.7419
      vertex 72.369 -12.6258 10.5
    endloop
  endfacet
  facet normal -0.199296 -0.666765 0.718127
    outer loop
      vertex 70.7644 -14.058 10.837
      vertex 70.461 -14.058 10.7528
      vertex 70.8051 -14.3377 10.5886
    endloop
  endfacet
  facet normal 0.218267 0.807491 0.548012
    outer loop
      vertex 71.4741 -11.6623 10.5
      vertex 71.3054 -11.6167 10.5
      vertex 71.3222 -11.6623 10.5605
    endloop
  endfacet
  facet normal 0.543291 0.662368 0.515852
    outer loop
      vertex 71.9432 -11.9347 10.5
      vertex 71.9427 -11.942 10.5099
      vertex 71.9521 -11.942 10.5
    endloop
  endfacet
  facet normal -0.616167 0.307395 0.725153
    outer loop
      vertex 69.8062 -12.2679 10.5308
      vertex 69.7218 -12.6258 10.6108
      vertex 70.0119 -12.6258 10.8573
    endloop
  endfacet
  facet normal -0.561364 0.497872 0.661055
    outer loop
      vertex 69.9796 -12.0313 10.5
      vertex 70.1828 -11.942 10.6053
      vertex 70.0588 -11.942 10.5
    endloop
  endfacet
  facet normal -0.56136 0.497759 0.661144
    outer loop
      vertex 70.1828 -11.942 10.6053
      vertex 69.9796 -12.0313 10.5
      vertex 70.0772 -12.2679 10.761
    endloop
  endfacet
  facet normal -0.0539104 -0.103897 0.993126
    outer loop
      vertex 71.0975 -13 11.1974
      vertex 70.7088 -13 11.1763
      vertex 70.7152 -13.3742 11.1375
    endloop
  endfacet
  facet normal -0.254444 -0.307473 0.916907
    outer loop
      vertex 70.7152 -13.3742 11.1375
      vertex 70.3913 -13.7321 10.9276
      vertex 70.734 -13.7321 11.0227
    endloop
  endfacet
  facet normal -0.254656 0.307283 0.916912
    outer loop
      vertex 70.3913 -12.2679 10.9276
      vertex 70.3483 -12.6258 11.0356
      vertex 70.7152 -12.6258 11.1375
    endloop
  endfacet
  facet normal -0.791868 0.10386 0.601796
    outer loop
      vertex 69.6089 -12.8437 10.5
      vertex 69.5884 -13 10.5
      vertex 69.6932 -13 10.6379
    endloop
  endfacet
  facet normal -0.349158 -0.666887 0.658294
    outer loop
      vertex 70.5186 -14.3377 10.5
      vertex 70.461 -14.058 10.7528
      vertex 70.3637 -14.2566 10.5
    endloop
  endfacet
  facet normal -0.349431 -0.666848 0.658188
    outer loop
      vertex 70.461 -14.058 10.7528
      vertex 70.5186 -14.3377 10.5
      vertex 70.5542 -14.3377 10.5189
    endloop
  endfacet
  facet normal 0.558244 -0.104033 0.823129
    outer loop
      vertex 72.1653 -13 10.7719
      vertex 71.8247 -13.3742 10.9556
      vertex 72.1398 -13.3742 10.7419
    endloop
  endfacet
  facet normal 0.36807 -0.104008 0.923963
    outer loop
      vertex 71.4816 -13 11.1344
      vertex 71.471 -13.3742 11.0965
      vertex 71.8247 -13.3742 10.9556
    endloop
  endfacet
  facet normal 0.543291 -0.662368 0.515852
    outer loop
      vertex 71.9521 -14.058 10.5
      vertex 71.9427 -14.058 10.5099
      vertex 71.9432 -14.0653 10.5
    endloop
  endfacet
  facet normal 0.691061 -0.307559 0.654096
    outer loop
      vertex 72.3397 -13.44 10.5
      vertex 72.0646 -13.7321 10.6533
      vertex 72.2097 -13.7321 10.5
    endloop
  endfacet
  facet normal 0.532882 -0.667978 0.519463
    outer loop
      vertex 71.9427 -14.058 10.5099
      vertex 71.9343 -14.0724 10.5
      vertex 71.9432 -14.0653 10.5
    endloop
  endfacet
  facet normal -0.0319076 -0.8078 0.588593
    outer loop
      vertex 70.8796 -14.4052 10.5
      vertex 71.0652 -14.3377 10.6027
      vertex 70.8051 -14.3377 10.5886
    endloop
  endfacet
  facet normal -0.0322977 -0.807442 0.589063
    outer loop
      vertex 71.0652 -14.3377 10.6027
      vertex 70.8796 -14.4052 10.5
      vertex 71.0596 -14.4124 10.5
    endloop
  endfacet
  facet normal -0.0471005 -0.49784 0.865989
    outer loop
      vertex 71.0788 -14.058 10.8541
      vertex 70.734 -13.7321 11.0227
      vertex 70.7644 -14.058 10.837
    endloop
  endfacet
  facet normal -0.199296 0.666765 0.718127
    outer loop
      vertex 70.8051 -11.6623 10.5886
      vertex 70.461 -11.942 10.7528
      vertex 70.7644 -11.942 10.837
    endloop
  endfacet
  facet normal -0.0404744 0.666774 0.74416
    outer loop
      vertex 70.8051 -11.6623 10.5886
      vertex 70.7644 -11.942 10.837
      vertex 71.0788 -11.942 10.8541
    endloop
  endfacet
  facet normal 0.418691 0.667535 0.615707
    outer loop
      vertex 71.7315 -11.8004 10.5
      vertex 71.9427 -11.942 10.5099
      vertex 71.9343 -11.9276 10.5
    endloop
  endfacet
  facet normal 0.418196 0.666871 0.616762
    outer loop
      vertex 71.9427 -11.942 10.5099
      vertex 71.7315 -11.8004 10.5
      vertex 71.6821 -11.942 10.6866
    endloop
  endfacet
  facet normal 0.120413 0.667009 0.735255
    outer loop
      vertex 71.3222 -11.6623 10.5605
      vertex 71.0788 -11.942 10.8541
      vertex 71.3896 -11.942 10.8032
    endloop
  endfacet
  facet normal 0.275929 -0.666887 0.692188
    outer loop
      vertex 71.3896 -14.058 10.8032
      vertex 71.5832 -14.2926 10.5
      vertex 71.6821 -14.058 10.6866
    endloop
  endfacet
  facet normal 0.275703 -0.667022 0.692148
    outer loop
      vertex 71.5832 -14.2926 10.5
      vertex 71.3896 -14.058 10.8032
      vertex 71.5457 -14.3081 10.5
    endloop
  endfacet
  facet normal -0.561353 -0.497764 0.661146
    outer loop
      vertex 70.0772 -13.7321 10.761
      vertex 69.8387 -13.8098 10.5
      vertex 69.9796 -13.9687 10.5
    endloop
  endfacet
  facet normal -0.561746 -0.497105 0.661308
    outer loop
      vertex 69.8387 -13.8098 10.5
      vertex 70.0772 -13.7321 10.761
      vertex 69.8062 -13.7321 10.5308
    endloop
  endfacet
  facet normal 0.691061 0.307559 0.654096
    outer loop
      vertex 72.2097 -12.2679 10.5
      vertex 72.0646 -12.2679 10.6533
      vertex 72.3397 -12.56 10.5
    endloop
  endfacet
  facet normal -0.445654 0.307269 0.84082
    outer loop
      vertex 70.3913 -12.2679 10.9276
      vertex 70.0119 -12.6258 10.8573
      vertex 70.3483 -12.6258 11.0356
    endloop
  endfacet
  facet normal -0.445864 0.307533 0.840612
    outer loop
      vertex 70.0772 -12.2679 10.761
      vertex 70.0119 -12.6258 10.8573
      vertex 70.3913 -12.2679 10.9276
    endloop
  endfacet
  facet normal -0.266154 0.103917 0.958313
    outer loop
      vertex 70.7152 -12.6258 11.1375
      vertex 70.3483 -12.6258 11.0356
      vertex 70.7088 -13 11.1763
    endloop
  endfacet
  facet normal -0.266154 -0.103917 0.958313
    outer loop
      vertex 70.7088 -13 11.1763
      vertex 70.3483 -13.3742 11.0356
      vertex 70.7152 -13.3742 11.1375
    endloop
  endfacet
  facet normal -0.791537 -0.103892 0.602225
    outer loop
      vertex 69.7218 -13.3742 10.6108
      vertex 69.6089 -13.1563 10.5
      vertex 69.6375 -13.3742 10.5
    endloop
  endfacet
  facet normal -0.791701 -0.104105 0.601973
    outer loop
      vertex 69.6089 -13.1563 10.5
      vertex 69.7218 -13.3742 10.6108
      vertex 69.6932 -13 10.6379
    endloop
  endfacet
  facet normal -0.231908 -0.49782 0.8357
    outer loop
      vertex 70.734 -13.7321 11.0227
      vertex 70.3913 -13.7321 10.9276
      vertex 70.7644 -14.058 10.837
    endloop
  endfacet
  facet normal -0.349005 -0.666946 0.658315
    outer loop
      vertex 70.3637 -14.2566 10.5
      vertex 70.1828 -14.058 10.6053
      vertex 70.2542 -14.1993 10.5
    endloop
  endfacet
  facet normal -0.349025 -0.666954 0.658296
    outer loop
      vertex 70.1828 -14.058 10.6053
      vertex 70.3637 -14.2566 10.5
      vertex 70.461 -14.058 10.7528
    endloop
  endfacet
  facet normal 0.690718 -0.307569 0.654454
    outer loop
      vertex 72.1398 -13.3742 10.7419
      vertex 72.3397 -13.44 10.5
      vertex 72.369 -13.3742 10.5
    endloop
  endfacet
  facet normal 0.690871 -0.307181 0.654475
    outer loop
      vertex 72.3397 -13.44 10.5
      vertex 72.1398 -13.3742 10.7419
      vertex 72.0646 -13.7321 10.6533
    endloop
  endfacet
  facet normal 0.629939 -0.497666 0.596243
    outer loop
      vertex 72.2097 -13.7321 10.5
      vertex 72.0646 -13.7321 10.6533
      vertex 72.1036 -13.8664 10.5
    endloop
  endfacet
  facet normal 0.486765 -0.49769 0.717889
    outer loop
      vertex 71.7702 -13.7321 10.8528
      vertex 71.6821 -14.058 10.6866
      vertex 71.9427 -14.058 10.5099
    endloop
  endfacet
  facet normal 0.486508 -0.497874 0.717935
    outer loop
      vertex 72.0646 -13.7321 10.6533
      vertex 71.7702 -13.7321 10.8528
      vertex 71.9427 -14.058 10.5099
    endloop
  endfacet
  facet normal 0.321202 -0.497576 0.805759
    outer loop
      vertex 71.4399 -13.7321 10.9844
      vertex 71.3896 -14.058 10.8032
      vertex 71.6821 -14.058 10.6866
    endloop
  endfacet
  facet normal 0.275744 -0.667001 0.692152
    outer loop
      vertex 71.3896 -14.058 10.8032
      vertex 71.4741 -14.3377 10.5
      vertex 71.5457 -14.3081 10.5
    endloop
  endfacet
  facet normal 0.275678 -0.667025 0.692156
    outer loop
      vertex 71.4741 -14.3377 10.5
      vertex 71.3896 -14.058 10.8032
      vertex 71.3222 -14.3377 10.5605
    endloop
  endfacet
  facet normal -0.0514952 0.307478 0.950161
    outer loop
      vertex 70.734 -12.2679 11.0227
      vertex 70.7152 -12.6258 11.1375
      vertex 71.0953 -12.6258 11.1581
    endloop
  endfacet
  facet normal 0.275703 0.667022 0.692148
    outer loop
      vertex 71.3896 -11.942 10.8032
      vertex 71.5832 -11.7074 10.5
      vertex 71.5457 -11.6919 10.5
    endloop
  endfacet
  facet normal 0.275929 0.666887 0.692188
    outer loop
      vertex 71.5832 -11.7074 10.5
      vertex 71.3896 -11.942 10.8032
      vertex 71.6821 -11.942 10.6866
    endloop
  endfacet
  facet normal -0.0538235 0.103985 0.993121
    outer loop
      vertex 71.0953 -12.6258 11.1581
      vertex 70.7152 -12.6258 11.1375
      vertex 71.0975 -13 11.1974
    endloop
  endfacet
  facet normal -0.0516588 0.307328 0.9502
    outer loop
      vertex 71.089 -12.2679 11.042
      vertex 70.734 -12.2679 11.0227
      vertex 71.0953 -12.6258 11.1581
    endloop
  endfacet
  facet normal 0.120748 0.66683 0.735362
    outer loop
      vertex 71.3222 -11.6623 10.5605
      vertex 71.0652 -11.6623 10.6027
      vertex 71.0788 -11.942 10.8541
    endloop
  endfacet
  facet normal 0.352192 0.307532 0.88396
    outer loop
      vertex 71.7702 -12.2679 10.8528
      vertex 71.4399 -12.2679 10.9844
      vertex 71.8247 -12.6258 10.9556
    endloop
  endfacet
  facet normal 0.629097 0.497433 0.597325
    outer loop
      vertex 71.9427 -11.942 10.5099
      vertex 72.1036 -12.1336 10.5
      vertex 71.9521 -11.942 10.5
    endloop
  endfacet
  facet normal 0.629613 0.497915 0.596379
    outer loop
      vertex 72.1036 -12.1336 10.5
      vertex 71.9427 -11.942 10.5099
      vertex 72.0646 -12.2679 10.6533
    endloop
  endfacet
  facet normal 0.532882 0.667978 0.519463
    outer loop
      vertex 71.9432 -11.9347 10.5
      vertex 71.9343 -11.9276 10.5
      vertex 71.9427 -11.942 10.5099
    endloop
  endfacet
  facet normal -0.0310045 0.807466 0.589099
    outer loop
      vertex 70.8197 -11.5971 10.5
      vertex 70.8051 -11.6623 10.5886
      vertex 70.8796 -11.5948 10.5
    endloop
  endfacet
  facet normal 0.722052 0.102905 0.684143
    outer loop
      vertex 72.1398 -12.6258 10.7419
      vertex 72.375 -12.6679 10.5
      vertex 72.369 -12.6258 10.5
    endloop
  endfacet
  facet normal 0.722064 0.104039 0.683958
    outer loop
      vertex 72.375 -12.6679 10.5
      vertex 72.1398 -12.6258 10.7419
      vertex 72.1653 -13 10.7719
    endloop
  endfacet
  facet normal 0.722064 -0.104039 0.683958
    outer loop
      vertex 72.1398 -13.3742 10.7419
      vertex 72.375 -13.3321 10.5
      vertex 72.1653 -13 10.7719
    endloop
  endfacet
  facet normal 0.722052 -0.102905 0.684143
    outer loop
      vertex 72.375 -13.3321 10.5
      vertex 72.1398 -13.3742 10.7419
      vertex 72.369 -13.3742 10.5
    endloop
  endfacet
  facet normal -0.756781 0.306389 0.577414
    outer loop
      vertex 69.7827 -12.2679 10.5
      vertex 69.7627 -12.3173 10.5
      vertex 69.8062 -12.2679 10.5308
    endloop
  endfacet
  facet normal -0.644028 0.103692 0.757942
    outer loop
      vertex 70.0119 -12.6258 10.8573
      vertex 69.7218 -12.6258 10.6108
      vertex 69.9899 -13 10.8898
    endloop
  endfacet
  facet normal -0.465785 0.10371 0.8788
    outer loop
      vertex 70.0119 -12.6258 10.8573
      vertex 69.9899 -13 10.8898
      vertex 70.3483 -12.6258 11.0356
    endloop
  endfacet
  facet normal -0.265965 -0.104111 0.958344
    outer loop
      vertex 70.7088 -13 11.1763
      vertex 70.3337 -13 11.0722
      vertex 70.3483 -13.3742 11.0356
    endloop
  endfacet
  facet normal -0.466119 0.104119 0.878574
    outer loop
      vertex 70.3483 -12.6258 11.0356
      vertex 69.9899 -13 10.8898
      vertex 70.3337 -13 11.0722
    endloop
  endfacet
  facet normal -0.56136 -0.497759 0.661144
    outer loop
      vertex 69.9796 -13.9687 10.5
      vertex 70.1828 -14.058 10.6053
      vertex 70.0772 -13.7321 10.761
    endloop
  endfacet
  facet normal -0.561364 -0.497872 0.661055
    outer loop
      vertex 70.1828 -14.058 10.6053
      vertex 69.9796 -13.9687 10.5
      vertex 70.0588 -14.058 10.5
    endloop
  endfacet
  facet normal -0.791868 -0.10386 0.601796
    outer loop
      vertex 69.6932 -13 10.6379
      vertex 69.5884 -13 10.5
      vertex 69.6089 -13.1563 10.5
    endloop
  endfacet
  facet normal -0.445654 -0.307269 0.84082
    outer loop
      vertex 70.3483 -13.3742 11.0356
      vertex 70.0119 -13.3742 10.8573
      vertex 70.3913 -13.7321 10.9276
    endloop
  endfacet
  facet normal -0.254656 -0.307283 0.916912
    outer loop
      vertex 70.7152 -13.3742 11.1375
      vertex 70.3483 -13.3742 11.0356
      vertex 70.3913 -13.7321 10.9276
    endloop
  endfacet
  facet normal -0.0310045 -0.807466 0.589099
    outer loop
      vertex 70.8796 -14.4052 10.5
      vertex 70.8051 -14.3377 10.5886
      vertex 70.8197 -14.4029 10.5
    endloop
  endfacet
  facet normal -0.0403376 -0.66685 0.744099
    outer loop
      vertex 71.0788 -14.058 10.8541
      vertex 70.8051 -14.3377 10.5886
      vertex 71.0652 -14.3377 10.6027
    endloop
  endfacet
  facet normal -0.0404744 -0.666774 0.74416
    outer loop
      vertex 71.0788 -14.058 10.8541
      vertex 70.7644 -14.058 10.837
      vertex 70.8051 -14.3377 10.5886
    endloop
  endfacet
  facet normal 0.120748 -0.66683 0.735362
    outer loop
      vertex 71.0788 -14.058 10.8541
      vertex 71.0652 -14.3377 10.6027
      vertex 71.3222 -14.3377 10.5605
    endloop
  endfacet
  facet normal 0.722139 0.103939 0.683894
    outer loop
      vertex 72.375 -12.6679 10.5
      vertex 72.1653 -13 10.7719
      vertex 72.4228 -13 10.5
    endloop
  endfacet
  facet normal 0.352148 -0.307481 0.883995
    outer loop
      vertex 71.471 -13.3742 11.0965
      vertex 71.4399 -13.7321 10.9844
      vertex 71.8247 -13.3742 10.9556
    endloop
  endfacet
  facet normal -0.0514952 -0.307478 0.950161
    outer loop
      vertex 71.0953 -13.3742 11.1581
      vertex 70.7152 -13.3742 11.1375
      vertex 70.734 -13.7321 11.0227
    endloop
  endfacet
  facet normal 0.418199 -0.666869 0.616762
    outer loop
      vertex 71.6821 -14.058 10.6866
      vertex 71.5832 -14.2926 10.5
      vertex 71.7315 -14.1996 10.5
    endloop
  endfacet
  facet normal 0.418196 -0.666871 0.616762
    outer loop
      vertex 71.7315 -14.1996 10.5
      vertex 71.9427 -14.058 10.5099
      vertex 71.6821 -14.058 10.6866
    endloop
  endfacet
  facet normal 0.418691 -0.667535 0.615707
    outer loop
      vertex 71.9427 -14.058 10.5099
      vertex 71.7315 -14.1996 10.5
      vertex 71.9343 -14.0724 10.5
    endloop
  endfacet
  facet normal -0.158881 0.807508 0.568057
    outer loop
      vertex 70.8197 -11.5971 10.5
      vertex 70.7704 -11.6068 10.5
      vertex 70.8051 -11.6623 10.5886
    endloop
  endfacet
  facet normal -0.157747 0.807878 0.567845
    outer loop
      vertex 70.7704 -11.6068 10.5
      vertex 70.5542 -11.6623 10.5189
      vertex 70.8051 -11.6623 10.5886
    endloop
  endfacet
  facet normal -0.158127 0.808849 0.566356
    outer loop
      vertex 70.5542 -11.6623 10.5189
      vertex 70.7704 -11.6068 10.5
      vertex 70.5617 -11.6476 10.5
    endloop
  endfacet
  facet normal -0.0471005 0.49784 0.865989
    outer loop
      vertex 70.7644 -11.942 10.837
      vertex 70.734 -12.2679 11.0227
      vertex 71.0788 -11.942 10.8541
    endloop
  endfacet
  facet normal -0.231908 0.49782 0.8357
    outer loop
      vertex 70.7644 -11.942 10.837
      vertex 70.3913 -12.2679 10.9276
      vertex 70.734 -12.2679 11.0227
    endloop
  endfacet
  facet normal 0.160922 0.104024 0.98147
    outer loop
      vertex 71.471 -12.6258 11.0965
      vertex 71.0953 -12.6258 11.1581
      vertex 71.0975 -13 11.1974
    endloop
  endfacet
  facet normal 0.16098 0.103966 0.981467
    outer loop
      vertex 71.471 -12.6258 11.0965
      vertex 71.0975 -13 11.1974
      vertex 71.4816 -13 11.1344
    endloop
  endfacet
  facet normal 0.275744 0.667001 0.692152
    outer loop
      vertex 71.4741 -11.6623 10.5
      vertex 71.3896 -11.942 10.8032
      vertex 71.5457 -11.6919 10.5
    endloop
  endfacet
  facet normal 0.275678 0.667025 0.692156
    outer loop
      vertex 71.3896 -11.942 10.8032
      vertex 71.4741 -11.6623 10.5
      vertex 71.3222 -11.6623 10.5605
    endloop
  endfacet
  facet normal -0.158881 -0.807508 0.568057
    outer loop
      vertex 70.8051 -14.3377 10.5886
      vertex 70.7704 -14.3932 10.5
      vertex 70.8197 -14.4029 10.5
    endloop
  endfacet
  facet normal 0.218267 -0.807491 0.548012
    outer loop
      vertex 71.3222 -14.3377 10.5605
      vertex 71.3054 -14.3833 10.5
      vertex 71.4741 -14.3377 10.5
    endloop
  endfacet
  facet normal 0.321032 0.497696 0.805753
    outer loop
      vertex 71.6821 -11.942 10.6866
      vertex 71.4399 -12.2679 10.9844
      vertex 71.7702 -12.2679 10.8528
    endloop
  endfacet
  facet normal 0.558244 0.104033 0.823129
    outer loop
      vertex 72.1398 -12.6258 10.7419
      vertex 71.8247 -12.6258 10.9556
      vertex 72.1653 -13 10.7719
    endloop
  endfacet
  facet normal -0.406403 0.497747 0.766214
    outer loop
      vertex 70.1828 -11.942 10.6053
      vertex 70.0772 -12.2679 10.761
      vertex 70.3913 -12.2679 10.9276
    endloop
  endfacet
  facet normal -0.406248 0.497857 0.766225
    outer loop
      vertex 70.461 -11.942 10.7528
      vertex 70.1828 -11.942 10.6053
      vertex 70.3913 -12.2679 10.9276
    endloop
  endfacet
  facet normal -0.482296 0.666954 0.567946
    outer loop
      vertex 70.2542 -11.8007 10.5
      vertex 70.0588 -11.942 10.5
      vertex 70.1828 -11.942 10.6053
    endloop
  endfacet
  facet normal -0.757323 0.307348 0.576194
    outer loop
      vertex 69.7218 -12.6258 10.6108
      vertex 69.7627 -12.3173 10.5
      vertex 69.6375 -12.6258 10.5
    endloop
  endfacet
  facet normal -0.757175 0.30739 0.576366
    outer loop
      vertex 69.7627 -12.3173 10.5
      vertex 69.7218 -12.6258 10.6108
      vertex 69.8062 -12.2679 10.5308
    endloop
  endfacet
  facet normal -0.791537 0.103892 0.602225
    outer loop
      vertex 69.6089 -12.8437 10.5
      vertex 69.7218 -12.6258 10.6108
      vertex 69.6375 -12.6258 10.5
    endloop
  endfacet
  facet normal -0.791701 0.104105 0.601973
    outer loop
      vertex 69.7218 -12.6258 10.6108
      vertex 69.6089 -12.8437 10.5
      vertex 69.6932 -13 10.6379
    endloop
  endfacet
  facet normal -0.643692 -0.104105 0.758171
    outer loop
      vertex 69.9899 -13 10.8898
      vertex 69.6932 -13 10.6379
      vertex 69.7218 -13.3742 10.6108
    endloop
  endfacet
  facet normal -0.644028 -0.103692 0.757942
    outer loop
      vertex 69.9899 -13 10.8898
      vertex 69.7218 -13.3742 10.6108
      vertex 70.0119 -13.3742 10.8573
    endloop
  endfacet
  facet normal -0.616029 -0.307529 0.725213
    outer loop
      vertex 70.0119 -13.3742 10.8573
      vertex 69.8062 -13.7321 10.5308
      vertex 70.0772 -13.7321 10.761
    endloop
  endfacet
  facet normal -0.231922 -0.497832 0.835689
    outer loop
      vertex 70.7644 -14.058 10.837
      vertex 70.3913 -13.7321 10.9276
      vertex 70.461 -14.058 10.7528
    endloop
  endfacet
  facet normal -0.406248 -0.497857 0.766225
    outer loop
      vertex 70.3913 -13.7321 10.9276
      vertex 70.1828 -14.058 10.6053
      vertex 70.461 -14.058 10.7528
    endloop
  endfacet
  facet normal -0.0470811 -0.497824 0.865999
    outer loop
      vertex 71.089 -13.7321 11.042
      vertex 70.734 -13.7321 11.0227
      vertex 71.0788 -14.058 10.8541
    endloop
  endfacet
  facet normal 0.140483 -0.497828 0.855823
    outer loop
      vertex 71.089 -13.7321 11.042
      vertex 71.0788 -14.058 10.8541
      vertex 71.4399 -13.7321 10.9844
    endloop
  endfacet
  facet normal -0.466119 -0.104119 0.878574
    outer loop
      vertex 70.3337 -13 11.0722
      vertex 69.9899 -13 10.8898
      vertex 70.3483 -13.3742 11.0356
    endloop
  endfacet
  facet normal -0.465785 -0.10371 0.8788
    outer loop
      vertex 70.3483 -13.3742 11.0356
      vertex 69.9899 -13 10.8898
      vertex 70.0119 -13.3742 10.8573
    endloop
  endfacet
  facet normal 0.0953186 -0.807485 0.582136
    outer loop
      vertex 71.0652 -14.3377 10.6027
      vertex 71.0596 -14.4124 10.5
      vertex 71.1189 -14.4054 10.5
    endloop
  endfacet
  facet normal 0.0956021 -0.80739 0.582221
    outer loop
      vertex 71.1189 -14.4054 10.5
      vertex 71.3222 -14.3377 10.5605
      vertex 71.0652 -14.3377 10.6027
    endloop
  endfacet
  facet normal 0.0956875 -0.807499 0.582056
    outer loop
      vertex 71.3222 -14.3377 10.5605
      vertex 71.1189 -14.4054 10.5
      vertex 71.3054 -14.3833 10.5
    endloop
  endfacet
  facet normal 0.722139 -0.103939 0.683894
    outer loop
      vertex 72.4228 -13 10.5
      vertex 72.1653 -13 10.7719
      vertex 72.375 -13.3321 10.5
    endloop
  endfacet
  facet normal -0.0322977 0.807442 0.589063
    outer loop
      vertex 70.8796 -11.5948 10.5
      vertex 71.0652 -11.6623 10.6027
      vertex 71.0596 -11.5876 10.5
    endloop
  endfacet
  facet normal -0.0319076 0.8078 0.588593
    outer loop
      vertex 71.0652 -11.6623 10.6027
      vertex 70.8796 -11.5948 10.5
      vertex 70.8051 -11.6623 10.5886
    endloop
  endfacet
  facet normal -0.0403376 0.66685 0.744099
    outer loop
      vertex 71.0652 -11.6623 10.6027
      vertex 70.8051 -11.6623 10.5886
      vertex 71.0788 -11.942 10.8541
    endloop
  endfacet
  facet normal 0.352148 0.307481 0.883995
    outer loop
      vertex 71.8247 -12.6258 10.9556
      vertex 71.4399 -12.2679 10.9844
      vertex 71.471 -12.6258 11.0965
    endloop
  endfacet
  facet normal 0.140483 0.497828 0.855823
    outer loop
      vertex 71.4399 -12.2679 10.9844
      vertex 71.0788 -11.942 10.8541
      vertex 71.089 -12.2679 11.042
    endloop
  endfacet
  facet normal 0.486765 0.49769 0.717889
    outer loop
      vertex 71.9427 -11.942 10.5099
      vertex 71.6821 -11.942 10.6866
      vertex 71.7702 -12.2679 10.8528
    endloop
  endfacet
  facet normal 0.321202 0.497576 0.805759
    outer loop
      vertex 71.6821 -11.942 10.6866
      vertex 71.3896 -11.942 10.8032
      vertex 71.4399 -12.2679 10.9844
    endloop
  endfacet
  facet normal 0.418199 0.666869 0.616762
    outer loop
      vertex 71.7315 -11.8004 10.5
      vertex 71.5832 -11.7074 10.5
      vertex 71.6821 -11.942 10.6866
    endloop
  endfacet
  facet normal 0.0953186 0.807485 0.582136
    outer loop
      vertex 71.1189 -11.5946 10.5
      vertex 71.0596 -11.5876 10.5
      vertex 71.0652 -11.6623 10.6027
    endloop
  endfacet
  facet normal 0.0956875 0.807499 0.582056
    outer loop
      vertex 71.1189 -11.5946 10.5
      vertex 71.3222 -11.6623 10.5605
      vertex 71.3054 -11.6167 10.5
    endloop
  endfacet
  facet normal 0.0956021 0.80739 0.582221
    outer loop
      vertex 71.3222 -11.6623 10.5605
      vertex 71.1189 -11.5946 10.5
      vertex 71.0652 -11.6623 10.6027
    endloop
  endfacet
  facet normal -0.756781 -0.306389 0.577414
    outer loop
      vertex 69.8062 -13.7321 10.5308
      vertex 69.7627 -13.6827 10.5
      vertex 69.7827 -13.7321 10.5
    endloop
  endfacet
  facet normal -0.406403 -0.497747 0.766214
    outer loop
      vertex 70.3913 -13.7321 10.9276
      vertex 70.0772 -13.7321 10.761
      vertex 70.1828 -14.058 10.6053
    endloop
  endfacet
  facet normal -0.445864 -0.307533 0.840612
    outer loop
      vertex 70.3913 -13.7321 10.9276
      vertex 70.0119 -13.3742 10.8573
      vertex 70.0772 -13.7321 10.761
    endloop
  endfacet
  facet normal 0.154142 -0.307329 0.939036
    outer loop
      vertex 71.0953 -13.3742 11.1581
      vertex 71.089 -13.7321 11.042
      vertex 71.4399 -13.7321 10.9844
    endloop
  endfacet
  facet normal -0.0516588 -0.307328 0.9502
    outer loop
      vertex 71.0953 -13.3742 11.1581
      vertex 70.734 -13.7321 11.0227
      vertex 71.089 -13.7321 11.042
    endloop
  endfacet
  facet normal 0.534089 0.307528 0.787512
    outer loop
      vertex 72.1398 -12.6258 10.7419
      vertex 71.7702 -12.2679 10.8528
      vertex 71.8247 -12.6258 10.9556
    endloop
  endfacet
  facet normal 0.533854 0.307195 0.787802
    outer loop
      vertex 72.0646 -12.2679 10.6533
      vertex 71.7702 -12.2679 10.8528
      vertex 72.1398 -12.6258 10.7419
    endloop
  endfacet
  facet normal -0.349025 0.666954 0.658296
    outer loop
      vertex 70.3637 -11.7434 10.5
      vertex 70.1828 -11.942 10.6053
      vertex 70.461 -11.942 10.7528
    endloop
  endfacet
  facet normal -0.349005 0.666946 0.658315
    outer loop
      vertex 70.1828 -11.942 10.6053
      vertex 70.3637 -11.7434 10.5
      vertex 70.2542 -11.8007 10.5
    endloop
  endfacet
  facet normal -0.349431 0.666848 0.658188
    outer loop
      vertex 70.5186 -11.6623 10.5
      vertex 70.461 -11.942 10.7528
      vertex 70.5542 -11.6623 10.5189
    endloop
  endfacet
  facet normal -0.349158 0.666887 0.658294
    outer loop
      vertex 70.461 -11.942 10.7528
      vertex 70.5186 -11.6623 10.5
      vertex 70.3637 -11.7434 10.5
    endloop
  endfacet
  facet normal -0.689805 -0.497157 0.526312
    outer loop
      vertex 69.8062 -13.7321 10.5308
      vertex 69.7827 -13.7321 10.5
      vertex 69.8387 -13.8098 10.5
    endloop
  endfacet
  facet normal 0.160922 -0.104024 0.98147
    outer loop
      vertex 71.0975 -13 11.1974
      vertex 71.0953 -13.3742 11.1581
      vertex 71.471 -13.3742 11.0965
    endloop
  endfacet
  facet normal -0.0538235 -0.103985 0.993121
    outer loop
      vertex 71.0975 -13 11.1974
      vertex 70.7152 -13.3742 11.1375
      vertex 71.0953 -13.3742 11.1581
    endloop
  endfacet
  facet normal -0.482296 -0.666954 0.567946
    outer loop
      vertex 70.1828 -14.058 10.6053
      vertex 70.0588 -14.058 10.5
      vertex 70.2542 -14.1993 10.5
    endloop
  endfacet
  facet normal 0.471634 0 0.881795
    outer loop
      vertex 78.7654 -4.6 10.3478
      vertex 79.1111 -15.6 10.1629
      vertex 79.1111 -4.6 10.1629
    endloop
  endfacet
  facet normal 0.471634 0 0.881795
    outer loop
      vertex 79.1111 -15.6 10.1629
      vertex 78.7654 -4.6 10.3478
      vertex 78.7654 -15.6 10.3478
    endloop
  endfacet
  facet normal 0.097938 0 0.995193
    outer loop
      vertex 78 -4.6 10.5
      vertex 78.3902 -15.6 10.4616
      vertex 78.3902 -4.6 10.4616
    endloop
  endfacet
  facet normal 0.097938 0 0.995193
    outer loop
      vertex 78.3902 -15.6 10.4616
      vertex 78 -4.6 10.5
      vertex 78 -15.6 10.5
    endloop
  endfacet
  facet normal 0.290248 0 0.956951
    outer loop
      vertex 78.3902 -4.6 10.4616
      vertex 78.7654 -15.6 10.3478
      vertex 78.7654 -4.6 10.3478
    endloop
  endfacet
  facet normal 0.290248 0 0.956951
    outer loop
      vertex 78.7654 -15.6 10.3478
      vertex 78.3902 -4.6 10.4616
      vertex 78.3902 -15.6 10.4616
    endloop
  endfacet
  facet normal -0.097938 0 0.995193
    outer loop
      vertex 63.6098 -4.6 10.4616
      vertex 64 -15.6 10.5
      vertex 64 -4.6 10.5
    endloop
  endfacet
  facet normal -0.097938 0 0.995193
    outer loop
      vertex 64 -15.6 10.5
      vertex 63.6098 -4.6 10.4616
      vertex 63.6098 -15.6 10.4616
    endloop
  endfacet
  facet normal 0 1 0
    outer loop
      vertex 79.6967 -4.6 9.54802
      vertex 78 -4.6 10.5
      vertex 78.3902 -4.6 10.4616
    endloop
  endfacet
  facet normal 0 1 0
    outer loop
      vertex 78 -4.6 10.5
      vertex 79.6967 -4.6 9.54802
      vertex 64 -4.6 10.5
    endloop
  endfacet
  facet normal 0 1 0
    outer loop
      vertex 79.6967 -4.6 9.54802
      vertex 78.3902 -4.6 10.4616
      vertex 78.7654 -4.6 10.3478
    endloop
  endfacet
  facet normal 0 1 0
    outer loop
      vertex 62.3033 -4.6 9.54802
      vertex 64 -4.6 10.5
      vertex 79.6967 -4.6 9.54802
    endloop
  endfacet
  facet normal 0 1 0
    outer loop
      vertex 79.6967 -4.6 9.54802
      vertex 78.7654 -4.6 10.3478
      vertex 79.1111 -4.6 10.1629
    endloop
  endfacet
  facet normal 0 1 0
    outer loop
      vertex 64 -4.6 10.5
      vertex 62.3033 -4.6 9.54802
      vertex 63.6098 -4.6 10.4616
    endloop
  endfacet
  facet normal 0 1 0
    outer loop
      vertex 79.6967 -4.6 9.54802
      vertex 79.1111 -4.6 10.1629
      vertex 79.4142 -4.6 9.91422
    endloop
  endfacet
  facet normal 0 1 0
    outer loop
      vertex 63.6098 -4.6 10.4616
      vertex 62.3033 -4.6 9.54802
      vertex 63.2346 -4.6 10.3478
    endloop
  endfacet
  facet normal 0 1 0
    outer loop
      vertex 79.6967 -4.6 9.54802
      vertex 79.4142 -4.6 9.91422
      vertex 79.6629 -4.6 9.61115
    endloop
  endfacet
  facet normal 0 1 0
    outer loop
      vertex 63.2346 -4.6 10.3478
      vertex 62.3033 -4.6 9.54802
      vertex 62.8889 -4.6 10.1629
    endloop
  endfacet
  facet normal 0 1 0
    outer loop
      vertex 62.8889 -4.6 10.1629
      vertex 62.3033 -4.6 9.54802
      vertex 62.5858 -4.6 9.91422
    endloop
  endfacet
  facet normal 0 1 0
    outer loop
      vertex 62.5858 -4.6 9.91422
      vertex 62.3033 -4.6 9.54802
      vertex 62.3371 -4.6 9.61115
    endloop
  endfacet
  facet normal -1 0 0
    outer loop
      vertex 62 -15.6 0
      vertex 62 -10.5742 0.739418
      vertex 62 -10.6 0
    endloop
  endfacet
  facet normal -1 0 0
    outer loop
      vertex 62 -15.6 0
      vertex 62 -10.4968 1.47523
      vertex 62 -10.5742 0.739418
    endloop
  endfacet
  facet normal -1 0 0
    outer loop
      vertex 62 -15.6 0
      vertex 62 -10.3684 2.20386
      vertex 62 -10.4968 1.47523
    endloop
  endfacet
  facet normal -1 0 0
    outer loop
      vertex 62 -15.6 0
      vertex 62 -10.1894 2.92176
      vertex 62 -10.3684 2.20386
    endloop
  endfacet
  facet normal -1 0 0
    outer loop
      vertex 62 -15.6 8.5
      vertex 62 -10.1894 2.92176
      vertex 62 -15.6 0
    endloop
  endfacet
  facet normal -1 0 0
    outer loop
      vertex 62 -10.1894 2.92176
      vertex 62 -15.6 8.5
      vertex 62 -9.96074 3.62541
    endloop
  endfacet
  facet normal -1 0 0
    outer loop
      vertex 62 -9.96074 3.62541
      vertex 62 -15.6 8.5
      vertex 62 -9.68358 4.31141
    endloop
  endfacet
  facet normal -1 0 0
    outer loop
      vertex 62 -9.68358 4.31141
      vertex 62 -15.6 8.5
      vertex 62 -9.35924 4.9764
    endloop
  endfacet
  facet normal -1 0 0
    outer loop
      vertex 62 -9.35924 4.9764
      vertex 62 -15.6 8.5
      vertex 62 -8.98931 5.61714
    endloop
  endfacet
  facet normal -1 0 0
    outer loop
      vertex 62 -8.98931 5.61714
      vertex 62 -15.6 8.5
      vertex 62 -8.57558 6.23052
    endloop
  endfacet
  facet normal -1 0 0
    outer loop
      vertex 62 -8.57558 6.23052
      vertex 62 -15.6 8.5
      vertex 62 -8.12007 6.81355
    endloop
  endfacet
  facet normal -1 0 0
    outer loop
      vertex 62 -8.12007 6.81355
      vertex 62 -15.6 8.5
      vertex 62 -7.625 7.36338
    endloop
  endfacet
  facet normal -1 0 0
    outer loop
      vertex 62 -6.52601 8.35291
      vertex 62 -15.6 8.5
      vertex 62 -6.32356 8.5
    endloop
  endfacet
  facet normal -1 0 0
    outer loop
      vertex 62 -7.09278 7.87733
      vertex 62 -15.6 8.5
      vertex 62 -6.52601 8.35291
    endloop
  endfacet
  facet normal -1 0 0
    outer loop
      vertex 62 -7.625 7.36338
      vertex 62 -15.6 8.5
      vertex 62 -7.09278 7.87733
    endloop
  endfacet
  facet normal -0 0 1
    outer loop
      vertex 72.2097 -12.2679 10.5
      vertex 78 -15.6 10.5
      vertex 78 -4.6 10.5
    endloop
  endfacet
  facet normal 0 0 1
    outer loop
      vertex 78 -15.6 10.5
      vertex 72.375 -12.6679 10.5
      vertex 72.4228 -13 10.5
    endloop
  endfacet
  facet normal 0 0 1
    outer loop
      vertex 78 -15.6 10.5
      vertex 72.369 -12.6258 10.5
      vertex 72.375 -12.6679 10.5
    endloop
  endfacet
  facet normal 0 0 1
    outer loop
      vertex 78 -15.6 10.5
      vertex 72.3397 -12.56 10.5
      vertex 72.369 -12.6258 10.5
    endloop
  endfacet
  facet normal 0 0 1
    outer loop
      vertex 78 -15.6 10.5
      vertex 72.2097 -12.2679 10.5
      vertex 72.3397 -12.56 10.5
    endloop
  endfacet
  facet normal 0 0 1
    outer loop
      vertex 78 -4.6 10.5
      vertex 72.1036 -12.1336 10.5
      vertex 72.2097 -12.2679 10.5
    endloop
  endfacet
  facet normal 0 0 1
    outer loop
      vertex 78 -4.6 10.5
      vertex 71.9521 -11.942 10.5
      vertex 72.1036 -12.1336 10.5
    endloop
  endfacet
  facet normal 0 0 1
    outer loop
      vertex 78 -4.6 10.5
      vertex 71.9432 -11.9347 10.5
      vertex 71.9521 -11.942 10.5
    endloop
  endfacet
  facet normal 0 0 1
    outer loop
      vertex 78 -4.6 10.5
      vertex 71.9343 -11.9276 10.5
      vertex 71.9432 -11.9347 10.5
    endloop
  endfacet
  facet normal 0 0 1
    outer loop
      vertex 78 -4.6 10.5
      vertex 71.7315 -11.8004 10.5
      vertex 71.9343 -11.9276 10.5
    endloop
  endfacet
  facet normal 0 0 1
    outer loop
      vertex 78 -4.6 10.5
      vertex 71.5832 -11.7074 10.5
      vertex 71.7315 -11.8004 10.5
    endloop
  endfacet
  facet normal 0 0 1
    outer loop
      vertex 78 -4.6 10.5
      vertex 71.5457 -11.6919 10.5
      vertex 71.5832 -11.7074 10.5
    endloop
  endfacet
  facet normal 0 0 1
    outer loop
      vertex 78 -4.6 10.5
      vertex 71.4741 -11.6623 10.5
      vertex 71.5457 -11.6919 10.5
    endloop
  endfacet
  facet normal 0 0 1
    outer loop
      vertex 78 -4.6 10.5
      vertex 71.3054 -11.6167 10.5
      vertex 71.4741 -11.6623 10.5
    endloop
  endfacet
  facet normal 0 0 1
    outer loop
      vertex 78 -4.6 10.5
      vertex 71.1189 -11.5946 10.5
      vertex 71.3054 -11.6167 10.5
    endloop
  endfacet
  facet normal 0 0 1
    outer loop
      vertex 78 -4.6 10.5
      vertex 71.0596 -11.5876 10.5
      vertex 71.1189 -11.5946 10.5
    endloop
  endfacet
  facet normal -0 0 1
    outer loop
      vertex 64 -4.6 10.5
      vertex 71.0596 -11.5876 10.5
      vertex 78 -4.6 10.5
    endloop
  endfacet
  facet normal 0 0 1
    outer loop
      vertex 71.0596 -11.5876 10.5
      vertex 64 -4.6 10.5
      vertex 70.8796 -11.5948 10.5
    endloop
  endfacet
  facet normal 0 0 1
    outer loop
      vertex 70.8796 -11.5948 10.5
      vertex 64 -4.6 10.5
      vertex 70.8197 -11.5971 10.5
    endloop
  endfacet
  facet normal 0 0 1
    outer loop
      vertex 70.8197 -11.5971 10.5
      vertex 64 -4.6 10.5
      vertex 70.7704 -11.6068 10.5
    endloop
  endfacet
  facet normal 0 0 1
    outer loop
      vertex 70.7704 -11.6068 10.5
      vertex 64 -4.6 10.5
      vertex 70.5617 -11.6476 10.5
    endloop
  endfacet
  facet normal 0 0 1
    outer loop
      vertex 70.5617 -11.6476 10.5
      vertex 64 -4.6 10.5
      vertex 70.5186 -11.6623 10.5
    endloop
  endfacet
  facet normal 0 0 1
    outer loop
      vertex 70.5186 -11.6623 10.5
      vertex 64 -4.6 10.5
      vertex 70.3637 -11.7434 10.5
    endloop
  endfacet
  facet normal 0 0 1
    outer loop
      vertex 70.3637 -11.7434 10.5
      vertex 64 -4.6 10.5
      vertex 70.2542 -11.8007 10.5
    endloop
  endfacet
  facet normal 0 0 1
    outer loop
      vertex 64 -4.6 10.5
      vertex 69.9796 -12.0313 10.5
      vertex 70.0588 -11.942 10.5
    endloop
  endfacet
  facet normal 0 0 1
    outer loop
      vertex 64 -15.6 10.5
      vertex 69.6089 -12.8437 10.5
      vertex 69.6375 -12.6258 10.5
    endloop
  endfacet
  facet normal 0 0 1
    outer loop
      vertex 69.7627 -12.3173 10.5
      vertex 64 -15.6 10.5
      vertex 69.6375 -12.6258 10.5
    endloop
  endfacet
  facet normal 0 0 1
    outer loop
      vertex 69.7827 -12.2679 10.5
      vertex 64 -15.6 10.5
      vertex 69.7627 -12.3173 10.5
    endloop
  endfacet
  facet normal 0 0 1
    outer loop
      vertex 64 -15.6 10.5
      vertex 69.7827 -12.2679 10.5
      vertex 64 -4.6 10.5
    endloop
  endfacet
  facet normal 0 0 1
    outer loop
      vertex 69.8387 -12.1902 10.5
      vertex 64 -4.6 10.5
      vertex 69.7827 -12.2679 10.5
    endloop
  endfacet
  facet normal 0 0 1
    outer loop
      vertex 69.9796 -12.0313 10.5
      vertex 64 -4.6 10.5
      vertex 69.8387 -12.1902 10.5
    endloop
  endfacet
  facet normal 0 0 1
    outer loop
      vertex 70.2542 -11.8007 10.5
      vertex 64 -4.6 10.5
      vertex 70.0588 -11.942 10.5
    endloop
  endfacet
  facet normal -0 0 1
    outer loop
      vertex 72.375 -13.3321 10.5
      vertex 78 -15.6 10.5
      vertex 72.4228 -13 10.5
    endloop
  endfacet
  facet normal -0 0 1
    outer loop
      vertex 72.369 -13.3742 10.5
      vertex 78 -15.6 10.5
      vertex 72.375 -13.3321 10.5
    endloop
  endfacet
  facet normal -0 0 1
    outer loop
      vertex 72.3397 -13.44 10.5
      vertex 78 -15.6 10.5
      vertex 72.369 -13.3742 10.5
    endloop
  endfacet
  facet normal -0 0 1
    outer loop
      vertex 72.2097 -13.7321 10.5
      vertex 78 -15.6 10.5
      vertex 72.3397 -13.44 10.5
    endloop
  endfacet
  facet normal -0 0 1
    outer loop
      vertex 72.1036 -13.8664 10.5
      vertex 78 -15.6 10.5
      vertex 72.2097 -13.7321 10.5
    endloop
  endfacet
  facet normal -0 0 1
    outer loop
      vertex 71.9521 -14.058 10.5
      vertex 78 -15.6 10.5
      vertex 72.1036 -13.8664 10.5
    endloop
  endfacet
  facet normal -0 0 1
    outer loop
      vertex 71.9432 -14.0653 10.5
      vertex 78 -15.6 10.5
      vertex 71.9521 -14.058 10.5
    endloop
  endfacet
  facet normal -0 0 1
    outer loop
      vertex 71.9343 -14.0724 10.5
      vertex 78 -15.6 10.5
      vertex 71.9432 -14.0653 10.5
    endloop
  endfacet
  facet normal -0 0 1
    outer loop
      vertex 71.7315 -14.1996 10.5
      vertex 78 -15.6 10.5
      vertex 71.9343 -14.0724 10.5
    endloop
  endfacet
  facet normal -0 0 1
    outer loop
      vertex 71.5832 -14.2926 10.5
      vertex 78 -15.6 10.5
      vertex 71.7315 -14.1996 10.5
    endloop
  endfacet
  facet normal -0 0 1
    outer loop
      vertex 71.5457 -14.3081 10.5
      vertex 78 -15.6 10.5
      vertex 71.5832 -14.2926 10.5
    endloop
  endfacet
  facet normal -0 0 1
    outer loop
      vertex 71.4741 -14.3377 10.5
      vertex 78 -15.6 10.5
      vertex 71.5457 -14.3081 10.5
    endloop
  endfacet
  facet normal -0 0 1
    outer loop
      vertex 71.3054 -14.3833 10.5
      vertex 78 -15.6 10.5
      vertex 71.4741 -14.3377 10.5
    endloop
  endfacet
  facet normal -0 0 1
    outer loop
      vertex 71.1189 -14.4054 10.5
      vertex 78 -15.6 10.5
      vertex 71.3054 -14.3833 10.5
    endloop
  endfacet
  facet normal -0 0 1
    outer loop
      vertex 71.0596 -14.4124 10.5
      vertex 78 -15.6 10.5
      vertex 71.1189 -14.4054 10.5
    endloop
  endfacet
  facet normal 0 0 1
    outer loop
      vertex 64 -15.6 10.5
      vertex 71.0596 -14.4124 10.5
      vertex 70.8796 -14.4052 10.5
    endloop
  endfacet
  facet normal 0 0 1
    outer loop
      vertex 64 -15.6 10.5
      vertex 70.8796 -14.4052 10.5
      vertex 70.8197 -14.4029 10.5
    endloop
  endfacet
  facet normal 0 0 1
    outer loop
      vertex 64 -15.6 10.5
      vertex 69.9796 -13.9687 10.5
      vertex 69.8387 -13.8098 10.5
    endloop
  endfacet
  facet normal 0 0 1
    outer loop
      vertex 64 -15.6 10.5
      vertex 69.6089 -13.1563 10.5
      vertex 69.5884 -13 10.5
    endloop
  endfacet
  facet normal 0 0 1
    outer loop
      vertex 69.6089 -12.8437 10.5
      vertex 64 -15.6 10.5
      vertex 69.5884 -13 10.5
    endloop
  endfacet
  facet normal 0 0 1
    outer loop
      vertex 69.6089 -13.1563 10.5
      vertex 64 -15.6 10.5
      vertex 69.6375 -13.3742 10.5
    endloop
  endfacet
  facet normal 0 0 1
    outer loop
      vertex 69.6375 -13.3742 10.5
      vertex 64 -15.6 10.5
      vertex 69.7627 -13.6827 10.5
    endloop
  endfacet
  facet normal 0 0 1
    outer loop
      vertex 71.0596 -14.4124 10.5
      vertex 64 -15.6 10.5
      vertex 78 -15.6 10.5
    endloop
  endfacet
  facet normal 0 0 1
    outer loop
      vertex 70.7704 -14.3932 10.5
      vertex 64 -15.6 10.5
      vertex 70.8197 -14.4029 10.5
    endloop
  endfacet
  facet normal 0 0 1
    outer loop
      vertex 70.5617 -14.3524 10.5
      vertex 64 -15.6 10.5
      vertex 70.7704 -14.3932 10.5
    endloop
  endfacet
  facet normal 0 0 1
    outer loop
      vertex 70.5186 -14.3377 10.5
      vertex 64 -15.6 10.5
      vertex 70.5617 -14.3524 10.5
    endloop
  endfacet
  facet normal 0 0 1
    outer loop
      vertex 70.3637 -14.2566 10.5
      vertex 64 -15.6 10.5
      vertex 70.5186 -14.3377 10.5
    endloop
  endfacet
  facet normal 0 0 1
    outer loop
      vertex 70.2542 -14.1993 10.5
      vertex 64 -15.6 10.5
      vertex 70.3637 -14.2566 10.5
    endloop
  endfacet
  facet normal 0 0 1
    outer loop
      vertex 70.0588 -14.058 10.5
      vertex 64 -15.6 10.5
      vertex 70.2542 -14.1993 10.5
    endloop
  endfacet
  facet normal 0 0 1
    outer loop
      vertex 69.9796 -13.9687 10.5
      vertex 64 -15.6 10.5
      vertex 70.0588 -14.058 10.5
    endloop
  endfacet
  facet normal 0 0 1
    outer loop
      vertex 69.7827 -13.7321 10.5
      vertex 64 -15.6 10.5
      vertex 69.8387 -13.8098 10.5
    endloop
  endfacet
  facet normal 0 0 1
    outer loop
      vertex 69.7627 -13.6827 10.5
      vertex 64 -15.6 10.5
      vertex 69.7827 -13.7321 10.5
    endloop
  endfacet
  facet normal 1 -0 0
    outer loop
      vertex 80 -15.6 8.5
      vertex 80 -6.52601 8.35291
      vertex 80 -6.32356 8.5
    endloop
  endfacet
  facet normal 1 0 0
    outer loop
      vertex 80 -15.6 8.5
      vertex 80 -7.09278 7.87733
      vertex 80 -6.52601 8.35291
    endloop
  endfacet
  facet normal 1 0 0
    outer loop
      vertex 80 -15.6 8.5
      vertex 80 -7.625 7.36338
      vertex 80 -7.09278 7.87733
    endloop
  endfacet
  facet normal 1 0 0
    outer loop
      vertex 80 -15.6 8.5
      vertex 80 -8.12007 6.81355
      vertex 80 -7.625 7.36338
    endloop
  endfacet
  facet normal 1 0 0
    outer loop
      vertex 80 -15.6 8.5
      vertex 80 -8.57558 6.23052
      vertex 80 -8.12007 6.81355
    endloop
  endfacet
  facet normal 1 0 0
    outer loop
      vertex 80 -15.6 8.5
      vertex 80 -8.98931 5.61714
      vertex 80 -8.57558 6.23052
    endloop
  endfacet
  facet normal 1 0 0
    outer loop
      vertex 80 -15.6 8.5
      vertex 80 -9.35924 4.9764
      vertex 80 -8.98931 5.61714
    endloop
  endfacet
  facet normal 1 0 0
    outer loop
      vertex 80 -15.6 8.5
      vertex 80 -9.68358 4.31141
      vertex 80 -9.35924 4.9764
    endloop
  endfacet
  facet normal 1 0 0
    outer loop
      vertex 80 -15.6 8.5
      vertex 80 -9.96074 3.62541
      vertex 80 -9.68358 4.31141
    endloop
  endfacet
  facet normal 1 0 0
    outer loop
      vertex 80 -15.6 8.5
      vertex 80 -10.1894 2.92176
      vertex 80 -9.96074 3.62541
    endloop
  endfacet
  facet normal 1 0 0
    outer loop
      vertex 80 -15.6 0
      vertex 80 -10.1894 2.92176
      vertex 80 -15.6 8.5
    endloop
  endfacet
  facet normal 1 0 0
    outer loop
      vertex 80 -10.1894 2.92176
      vertex 80 -15.6 0
      vertex 80 -10.3684 2.20386
    endloop
  endfacet
  facet normal 1 0 0
    outer loop
      vertex 80 -10.3684 2.20386
      vertex 80 -15.6 0
      vertex 80 -10.4968 1.47523
    endloop
  endfacet
  facet normal 1 0 0
    outer loop
      vertex 80 -10.4968 1.47523
      vertex 80 -15.6 0
      vertex 80 -10.5742 0.739418
    endloop
  endfacet
  facet normal 1 0 0
    outer loop
      vertex 80 -10.5742 0.739418
      vertex 80 -15.6 0
      vertex 80 -10.6 0
    endloop
  endfacet
  facet normal 0.773039 -0 0.634358
    outer loop
      vertex 79.4142 -15.6 9.91422
      vertex 79.6629 -4.6 9.61115
      vertex 79.4142 -4.6 9.91422
    endloop
  endfacet
  facet normal 0.773039 0 0.634358
    outer loop
      vertex 79.6629 -4.6 9.61115
      vertex 79.4142 -15.6 9.91422
      vertex 79.6629 -15.6 9.61115
    endloop
  endfacet
  facet normal 0 -1 0
    outer loop
      vertex 64 -15.6 6.5
      vertex 64 -15.6 10.5
      vertex 63.6098 -15.6 10.4616
    endloop
  endfacet
  facet normal 0 -1 0
    outer loop
      vertex 64 -15.6 10.5
      vertex 64 -15.6 6.5
      vertex 78 -15.6 10.5
    endloop
  endfacet
  facet normal 0 -1 0
    outer loop
      vertex 64 -15.6 6.5
      vertex 63.6098 -15.6 10.4616
      vertex 63.2346 -15.6 10.3478
    endloop
  endfacet
  facet normal 0 -1 0
    outer loop
      vertex 78 -15.6 6.5
      vertex 78 -15.6 10.5
      vertex 64 -15.6 6.5
    endloop
  endfacet
  facet normal 0 -1 0
    outer loop
      vertex 64 -15.6 6.5
      vertex 63.2346 -15.6 10.3478
      vertex 62.8889 -15.6 10.1629
    endloop
  endfacet
  facet normal 0 -1 0
    outer loop
      vertex 78 -15.6 10.5
      vertex 78 -15.6 6.5
      vertex 78.3902 -15.6 10.4616
    endloop
  endfacet
  facet normal 0 -1 0
    outer loop
      vertex 64 -15.6 6.5
      vertex 62.8889 -15.6 10.1629
      vertex 62.5858 -15.6 9.91422
    endloop
  endfacet
  facet normal 0 -1 -0
    outer loop
      vertex 78.3902 -15.6 10.4616
      vertex 78 -15.6 6.5
      vertex 78.7654 -15.6 10.3478
    endloop
  endfacet
  facet normal 0 -1 0
    outer loop
      vertex 64 -15.6 6.5
      vertex 62.5858 -15.6 9.91422
      vertex 62.3371 -15.6 9.61115
    endloop
  endfacet
  facet normal 0 -1 -0
    outer loop
      vertex 78.7654 -15.6 10.3478
      vertex 78 -15.6 6.5
      vertex 79.1111 -15.6 10.1629
    endloop
  endfacet
  facet normal 0 -1 0
    outer loop
      vertex 64 -15.6 6.5
      vertex 62.3371 -15.6 9.61115
      vertex 62.1522 -15.6 9.26537
    endloop
  endfacet
  facet normal 0 -1 -0
    outer loop
      vertex 79.1111 -15.6 10.1629
      vertex 78 -15.6 6.5
      vertex 79.4142 -15.6 9.91422
    endloop
  endfacet
  facet normal 0 -1 0
    outer loop
      vertex 64 -15.6 6.5
      vertex 62.1522 -15.6 9.26537
      vertex 62.0384 -15.6 8.89018
    endloop
  endfacet
  facet normal 0 -1 -0
    outer loop
      vertex 79.4142 -15.6 9.91422
      vertex 78 -15.6 6.5
      vertex 79.6629 -15.6 9.61115
    endloop
  endfacet
  facet normal 0 -1 0
    outer loop
      vertex 64 -15.6 6.5
      vertex 62.0384 -15.6 8.89018
      vertex 62 -15.6 8.5
    endloop
  endfacet
  facet normal 0 -1 -0
    outer loop
      vertex 79.6629 -15.6 9.61115
      vertex 78 -15.6 6.5
      vertex 79.8478 -15.6 9.26537
    endloop
  endfacet
  facet normal 0 -1 -0
    outer loop
      vertex 79.8478 -15.6 9.26537
      vertex 78 -15.6 6.5
      vertex 79.9616 -15.6 8.89018
    endloop
  endfacet
  facet normal 0 -1 0
    outer loop
      vertex 62 -15.6 0
      vertex 64 -15.6 6.5
      vertex 62 -15.6 8.5
    endloop
  endfacet
  facet normal 0 -1 -0
    outer loop
      vertex 64 -15.6 6.5
      vertex 62 -15.6 0
      vertex 64 -15.6 0
    endloop
  endfacet
  facet normal 0 -1 -0
    outer loop
      vertex 79.9616 -15.6 8.89018
      vertex 78 -15.6 6.5
      vertex 80 -15.6 8.5
    endloop
  endfacet
  facet normal 0 -1 0
    outer loop
      vertex 80 -15.6 0
      vertex 78 -15.6 6.5
      vertex 78 -15.6 0
    endloop
  endfacet
  facet normal 0 -1 0
    outer loop
      vertex 78 -15.6 6.5
      vertex 80 -15.6 0
      vertex 80 -15.6 8.5
    endloop
  endfacet
  facet normal -0.63429 0 0.773095
    outer loop
      vertex 62.5858 -4.6 9.91422
      vertex 62.8889 -15.6 10.1629
      vertex 62.8889 -4.6 10.1629
    endloop
  endfacet
  facet normal -0.63429 0 0.773095
    outer loop
      vertex 62.8889 -15.6 10.1629
      vertex 62.5858 -4.6 9.91422
      vertex 62.5858 -15.6 9.91422
    endloop
  endfacet
  facet normal -0.773039 0 0.634358
    outer loop
      vertex 62.3371 -15.6 9.61115
      vertex 62.5858 -4.6 9.91422
      vertex 62.3371 -4.6 9.61115
    endloop
  endfacet
  facet normal -0.773039 0 0.634358
    outer loop
      vertex 62.5858 -4.6 9.91422
      vertex 62.3371 -15.6 9.61115
      vertex 62.5858 -15.6 9.91422
    endloop
  endfacet
  facet normal -0.290248 0 0.956951
    outer loop
      vertex 63.2346 -4.6 10.3478
      vertex 63.6098 -15.6 10.4616
      vertex 63.6098 -4.6 10.4616
    endloop
  endfacet
  facet normal -0.290248 0 0.956951
    outer loop
      vertex 63.6098 -15.6 10.4616
      vertex 63.2346 -4.6 10.3478
      vertex 63.2346 -15.6 10.3478
    endloop
  endfacet
  facet normal 0.957053 -0 0.289914
    outer loop
      vertex 79.8478 -15.6 9.26537
      vertex 79.8737 -5.3 9.17987
      vertex 79.8478 -5.1392 9.26537
    endloop
  endfacet
  facet normal 0.956921 3.94961e-06 0.29035
    outer loop
      vertex 79.8478 -15.6 9.26537
      vertex 79.9616 -5.76359 8.89018
      vertex 79.8737 -5.3 9.17987
    endloop
  endfacet
  facet normal 0.956949 0 0.290255
    outer loop
      vertex 79.9616 -5.76359 8.89018
      vertex 79.8478 -15.6 9.26537
      vertex 79.9616 -15.6 8.89018
    endloop
  endfacet
  facet normal 0.995264 -0 0.0972127
    outer loop
      vertex 79.9616 -15.6 8.89018
      vertex 79.9716 -5.92744 8.7878
      vertex 79.9616 -5.76359 8.89018
    endloop
  endfacet
  facet normal 0.995168 1.04269e-05 0.0981885
    outer loop
      vertex 79.9616 -15.6 8.89018
      vertex 80 -6.32356 8.5
      vertex 79.9716 -5.92744 8.7878
    endloop
  endfacet
  facet normal 0.995192 0 0.0979429
    outer loop
      vertex 80 -6.32356 8.5
      vertex 79.9616 -15.6 8.89018
      vertex 80 -15.6 8.5
    endloop
  endfacet
  facet normal 0.63429 0 0.773095
    outer loop
      vertex 79.1111 -4.6 10.1629
      vertex 79.4142 -15.6 9.91422
      vertex 79.4142 -4.6 9.91422
    endloop
  endfacet
  facet normal 0.63429 0 0.773095
    outer loop
      vertex 79.4142 -15.6 9.91422
      vertex 79.1111 -4.6 10.1629
      vertex 79.1111 -15.6 10.1629
    endloop
  endfacet
  facet normal -0.956949 0 0.290255
    outer loop
      vertex 62.1522 -15.6 9.26537
      vertex 62.0384 -5.76359 8.89018
      vertex 62.0384 -15.6 8.89018
    endloop
  endfacet
  facet normal -0.956921 3.94961e-06 0.29035
    outer loop
      vertex 62.0384 -5.76359 8.89018
      vertex 62.1522 -15.6 9.26537
      vertex 62.1263 -5.3 9.17987
    endloop
  endfacet
  facet normal -0.957053 0 0.289914
    outer loop
      vertex 62.1263 -5.3 9.17987
      vertex 62.1522 -15.6 9.26537
      vertex 62.1522 -5.1392 9.26537
    endloop
  endfacet
  facet normal -0.995192 0 0.0979429
    outer loop
      vertex 62.0384 -15.6 8.89018
      vertex 62 -6.32356 8.5
      vertex 62 -15.6 8.5
    endloop
  endfacet
  facet normal -0.995168 1.04269e-05 0.0981885
    outer loop
      vertex 62 -6.32356 8.5
      vertex 62.0384 -15.6 8.89018
      vertex 62.0284 -5.92744 8.7878
    endloop
  endfacet
  facet normal -0.995264 0 0.0972127
    outer loop
      vertex 62.0284 -5.92744 8.7878
      vertex 62.0384 -15.6 8.89018
      vertex 62.0384 -5.76359 8.89018
    endloop
  endfacet
  facet normal -0.881594 -0.000686433 0.472008
    outer loop
      vertex 62.2922 -4.64673 9.52722
      vertex 62.3371 -4.6 9.61115
      vertex 62.3033 -4.6 9.54802
    endloop
  endfacet
  facet normal -0.881705 -0.000208027 0.471801
    outer loop
      vertex 62.1522 -5.1392 9.26537
      vertex 62.3371 -4.6 9.61115
      vertex 62.2922 -4.64673 9.52722
    endloop
  endfacet
  facet normal -0.88184 0 0.471549
    outer loop
      vertex 62.3371 -15.6 9.61115
      vertex 62.1522 -5.1392 9.26537
      vertex 62.1522 -15.6 9.26537
    endloop
  endfacet
  facet normal -0.88184 0 0.471549
    outer loop
      vertex 62.1522 -5.1392 9.26537
      vertex 62.3371 -15.6 9.61115
      vertex 62.3371 -4.6 9.61115
    endloop
  endfacet
  facet normal 0.881594 -0.000686433 0.472008
    outer loop
      vertex 79.6629 -4.6 9.61115
      vertex 79.7078 -4.64673 9.52722
      vertex 79.6967 -4.6 9.54802
    endloop
  endfacet
  facet normal 0.881705 -0.000208027 0.471801
    outer loop
      vertex 79.6629 -4.6 9.61115
      vertex 79.8478 -5.1392 9.26537
      vertex 79.7078 -4.64673 9.52722
    endloop
  endfacet
  facet normal 0.88184 -0 0.471549
    outer loop
      vertex 79.6629 -15.6 9.61115
      vertex 79.8478 -5.1392 9.26537
      vertex 79.6629 -4.6 9.61115
    endloop
  endfacet
  facet normal 0.88184 0 0.471549
    outer loop
      vertex 79.8478 -5.1392 9.26537
      vertex 79.6629 -15.6 9.61115
      vertex 79.8478 -15.6 9.26537
    endloop
  endfacet
  facet normal -0.471634 0 0.881795
    outer loop
      vertex 62.8889 -4.6 10.1629
      vertex 63.2346 -15.6 10.3478
      vertex 63.2346 -4.6 10.3478
    endloop
  endfacet
  facet normal -0.471634 0 0.881795
    outer loop
      vertex 63.2346 -15.6 10.3478
      vertex 62.8889 -4.6 10.1629
      vertex 62.8889 -15.6 10.1629
    endloop
  endfacet
  facet normal 0.972362 0.233479 0
    outer loop
      vertex 8.96922 17.4911 5
      vertex 8.87764 17.8725 0
      vertex 8.87764 17.8725 5
    endloop
  endfacet
  facet normal 0.972362 0.233479 0
    outer loop
      vertex 8.87764 17.8725 0
      vertex 8.96922 17.4911 5
      vertex 8.96922 17.4911 0
    endloop
  endfacet
  facet normal -0.760294 0.649579 0
    outer loop
      vertex 0.477463 18.5695 0
      vertex 0.732239 18.8677 5
      vertex 0.732239 18.8677 0
    endloop
  endfacet
  facet normal -0.760294 0.649579 0
    outer loop
      vertex 0.732239 18.8677 5
      vertex 0.477463 18.5695 0
      vertex 0.477463 18.5695 5
    endloop
  endfacet
  facet normal 0.382623 0.923904 -0
    outer loop
      vertex 7.63498 19.3275 0
      vertex 7.27254 19.4776 5
      vertex 7.63498 19.3275 5
    endloop
  endfacet
  facet normal 0.382623 0.923904 0
    outer loop
      vertex 7.27254 19.4776 5
      vertex 7.63498 19.3275 0
      vertex 7.27254 19.4776 0
    endloop
  endfacet
  facet normal 1 -0 0
    outer loop
      vertex 0 16.9203 14.5658
      vertex 0 26 0
      vertex 0 17.0975 14.9186
    endloop
  endfacet
  facet normal 1 0 0
    outer loop
      vertex 0 26 0
      vertex 0 16.9203 14.5658
      vertex 0 17.1 5
    endloop
  endfacet
  facet normal 1 -0 0
    outer loop
      vertex 0 16.6666 14.2635
      vertex 0 17.1 5
      vertex 0 16.9203 14.5658
    endloop
  endfacet
  facet normal 1 -0 0
    outer loop
      vertex 0 16.35 14.0278
      vertex 0 17.1 5
      vertex 0 16.6666 14.2635
    endloop
  endfacet
  facet normal 1 -0 0
    outer loop
      vertex 0 15.9876 13.8714
      vertex 0 17.1 5
      vertex 0 16.35 14.0278
    endloop
  endfacet
  facet normal 1 -0 0
    outer loop
      vertex 0 15.5988 13.8029
      vertex 0 17.1 5
      vertex 0 15.9876 13.8714
    endloop
  endfacet
  facet normal 1 0 0
    outer loop
      vertex 0 15.2048 13.8258
      vertex 0 17.1 5
      vertex 0 15.5988 13.8029
    endloop
  endfacet
  facet normal 1 0 0
    outer loop
      vertex 0 14.8267 13.939
      vertex 0 17.1 5
      vertex 0 15.2048 13.8258
    endloop
  endfacet
  facet normal 1 0 0
    outer loop
      vertex 0 8.12007 6.81355
      vertex 0 14.8267 13.939
      vertex 0 14.4848 14.1364
    endloop
  endfacet
  facet normal 1 0 0
    outer loop
      vertex 0 7.625 7.36338
      vertex 0 14.4848 14.1364
      vertex 0 14.1977 14.4073
    endloop
  endfacet
  facet normal 1 0 0
    outer loop
      vertex 0 7.09278 7.87733
      vertex 0 14.1977 14.4073
      vertex 0 13.9808 14.737
    endloop
  endfacet
  facet normal 1 0 0
    outer loop
      vertex 0 5.92744 8.7878
      vertex 0 13.9808 14.737
      vertex 0 13.8458 15.108
    endloop
  endfacet
  facet normal 1 0 0
    outer loop
      vertex 0 14.8267 13.939
      vertex 0 8.57558 6.23052
      vertex 0 8.98931 5.61714
    endloop
  endfacet
  facet normal 1 0 0
    outer loop
      vertex 0 5.3 9.17987
      vertex 0 13.8458 15.108
      vertex 0 13.8 15.5
    endloop
  endfacet
  facet normal 1 0 0
    outer loop
      vertex 0 26 21
      vertex 0 17.0975 16.0814
      vertex 0 17.1885 15.6974
    endloop
  endfacet
  facet normal 1 0 0
    outer loop
      vertex 0 26 21
      vertex 0 16.9203 16.4342
      vertex 0 17.0975 16.0814
    endloop
  endfacet
  facet normal 1 0 0
    outer loop
      vertex 0 26 21
      vertex 0 16.6666 16.7365
      vertex 0 16.9203 16.4342
    endloop
  endfacet
  facet normal 1 0 0
    outer loop
      vertex 0 21 26
      vertex 0 16.35 16.9722
      vertex 0 16.6666 16.7365
    endloop
  endfacet
  facet normal 1 0 0
    outer loop
      vertex 0 21 26
      vertex 0 15.9876 17.1286
      vertex 0 16.35 16.9722
    endloop
  endfacet
  facet normal 1 0 0
    outer loop
      vertex 0 21 26
      vertex 0 15.5988 17.1971
      vertex 0 15.9876 17.1286
    endloop
  endfacet
  facet normal 1 0 0
    outer loop
      vertex 0 21 26
      vertex 0 15.2048 17.1742
      vertex 0 15.5988 17.1971
    endloop
  endfacet
  facet normal 1 0 0
    outer loop
      vertex 0 21 26
      vertex 0 14.8267 17.061
      vertex 0 15.2048 17.1742
    endloop
  endfacet
  facet normal 1 0 0
    outer loop
      vertex 0 21 26
      vertex 0 14.4848 16.8636
      vertex 0 14.8267 17.061
    endloop
  endfacet
  facet normal 1 0 0
    outer loop
      vertex 0 -14.3334 16.7365
      vertex 0 14.4848 16.8636
      vertex 0 21 26
    endloop
  endfacet
  facet normal 1 0 0
    outer loop
      vertex 0 3.97083 9.82815
      vertex 0 13.8 15.5
      vertex 0 13.8458 15.892
    endloop
  endfacet
  facet normal 1 0 0
    outer loop
      vertex 0 2.56437 10.2851
      vertex 0 13.8458 15.892
      vertex 0 13.9808 16.263
    endloop
  endfacet
  facet normal 1 0 0
    outer loop
      vertex 0 17.1 5
      vertex 0 8.98931 5.61714
      vertex 0 9.34562 5
    endloop
  endfacet
  facet normal 1 0 0
    outer loop
      vertex 0 14.8267 13.939
      vertex 0 8.98931 5.61714
      vertex 0 17.1 5
    endloop
  endfacet
  facet normal 1 0 0
    outer loop
      vertex 0 14.8267 13.939
      vertex 0 8.12007 6.81355
      vertex 0 8.57558 6.23052
    endloop
  endfacet
  facet normal 1 0 0
    outer loop
      vertex 0 14.4848 14.1364
      vertex 0 7.625 7.36338
      vertex 0 8.12007 6.81355
    endloop
  endfacet
  facet normal 1 0 0
    outer loop
      vertex 0 1.108 10.5419
      vertex 0 13.9808 16.263
      vertex 0 14.1977 16.5927
    endloop
  endfacet
  facet normal 1 0 0
    outer loop
      vertex 0 14.1977 14.4073
      vertex 0 7.09278 7.87733
      vertex 0 7.625 7.36338
    endloop
  endfacet
  facet normal 1 0 0
    outer loop
      vertex 0 14.4848 16.8636
      vertex 0 -14.3334 16.7365
      vertex 0 14.1977 16.5927
    endloop
  endfacet
  facet normal 1 0 0
    outer loop
      vertex 0 13.9808 14.737
      vertex 0 6.52601 8.35291
      vertex 0 7.09278 7.87733
    endloop
  endfacet
  facet normal 1 0 0
    outer loop
      vertex 0 13.9808 14.737
      vertex 0 5.92744 8.7878
      vertex 0 6.52601 8.35291
    endloop
  endfacet
  facet normal 1 0 0
    outer loop
      vertex 0 13.8458 15.108
      vertex 0 5.3 9.17987
      vertex 0 5.92744 8.7878
    endloop
  endfacet
  facet normal 1 0 0
    outer loop
      vertex 0 13.8 15.5
      vertex 0 4.64673 9.52722
      vertex 0 5.3 9.17987
    endloop
  endfacet
  facet normal 1 0 0
    outer loop
      vertex 0 13.8 15.5
      vertex 0 3.97083 9.82815
      vertex 0 4.64673 9.52722
    endloop
  endfacet
  facet normal 1 0 0
    outer loop
      vertex 0 13.8458 15.892
      vertex 0 3.27558 10.0812
      vertex 0 3.97083 9.82815
    endloop
  endfacet
  facet normal 1 0 0
    outer loop
      vertex 0 13.8458 15.892
      vertex 0 2.56437 10.2851
      vertex 0 3.27558 10.0812
    endloop
  endfacet
  facet normal 1 0 0
    outer loop
      vertex 0 13.9808 16.263
      vertex 0 1.84067 10.439
      vertex 0 2.56437 10.2851
    endloop
  endfacet
  facet normal 1 0 0
    outer loop
      vertex 0 13.9808 16.263
      vertex 0 1.108 10.5419
      vertex 0 1.84067 10.439
    endloop
  endfacet
  facet normal 1 0 0
    outer loop
      vertex 0 14.1977 16.5927
      vertex 0 0.369934 10.5935
      vertex 0 1.108 10.5419
    endloop
  endfacet
  facet normal 1 0 0
    outer loop
      vertex 0 14.1977 16.5927
      vertex 0 -14.3334 16.7365
      vertex 0 0.369934 10.5935
    endloop
  endfacet
  facet normal 1 0 0
    outer loop
      vertex 0 0.369934 10.5935
      vertex 0 -14.3334 16.7365
      vertex 0 -0.369934 10.5935
    endloop
  endfacet
  facet normal 1 -0 -0
    outer loop
      vertex 0 -14.0797 16.4342
      vertex 0 -0.369934 10.5935
      vertex 0 -14.3334 16.7365
    endloop
  endfacet
  facet normal 1 0 0
    outer loop
      vertex 0 -0.369934 10.5935
      vertex 0 -14.0797 16.4342
      vertex 0 -1.108 10.5419
    endloop
  endfacet
  facet normal 1 0 0
    outer loop
      vertex 0 -1.108 10.5419
      vertex 0 -14.0797 16.4342
      vertex 0 -1.84067 10.439
    endloop
  endfacet
  facet normal 1 -0 -0
    outer loop
      vertex 0 -13.9025 16.0814
      vertex 0 -1.84067 10.439
      vertex 0 -14.0797 16.4342
    endloop
  endfacet
  facet normal 1 0 0
    outer loop
      vertex 0 -2.56437 10.2851
      vertex 0 -13.9025 16.0814
      vertex 0 -3.27558 10.0812
    endloop
  endfacet
  facet normal 1 -0 -0
    outer loop
      vertex 0 -13.8115 15.6974
      vertex 0 -3.27558 10.0812
      vertex 0 -13.9025 16.0814
    endloop
  endfacet
  facet normal 1 0 0
    outer loop
      vertex 0 -3.27558 10.0812
      vertex 0 -13.8115 15.6974
      vertex 0 -3.97083 9.82815
    endloop
  endfacet
  facet normal 1 0 0
    outer loop
      vertex 0 -7.09278 7.87733
      vertex 0 -14.3334 14.2635
      vertex 0 -7.625 7.36338
    endloop
  endfacet
  facet normal 1 -0 0
    outer loop
      vertex 0 -14.3334 14.2635
      vertex 0 -7.09278 7.87733
      vertex 0 -14.0797 14.5658
    endloop
  endfacet
  facet normal 1 0 0
    outer loop
      vertex 0 -6.52601 8.35291
      vertex 0 -14.0797 14.5658
      vertex 0 -7.09278 7.87733
    endloop
  endfacet
  facet normal 1 -0 0
    outer loop
      vertex 0 -14.0797 14.5658
      vertex 0 -6.52601 8.35291
      vertex 0 -13.9025 14.9186
    endloop
  endfacet
  facet normal 1 0 0
    outer loop
      vertex 0 -5.92744 8.7878
      vertex 0 -13.9025 14.9186
      vertex 0 -6.52601 8.35291
    endloop
  endfacet
  facet normal 1 0 0
    outer loop
      vertex 0 -5.3 9.17987
      vertex 0 -13.9025 14.9186
      vertex 0 -5.92744 8.7878
    endloop
  endfacet
  facet normal 1 -0 0
    outer loop
      vertex 0 -13.9025 14.9186
      vertex 0 -5.3 9.17987
      vertex 0 -13.8115 15.3026
    endloop
  endfacet
  facet normal 1 0 0
    outer loop
      vertex 0 -3.97083 9.82815
      vertex 0 -13.8115 15.6974
      vertex 0 -4.64673 9.52722
    endloop
  endfacet
  facet normal 1 0 0
    outer loop
      vertex 0 -4.64673 9.52722
      vertex 0 -13.8115 15.3026
      vertex 0 -5.3 9.17987
    endloop
  endfacet
  facet normal 1 -0 0
    outer loop
      vertex 0 -13.8115 15.3026
      vertex 0 -4.64673 9.52722
      vertex 0 -13.8115 15.6974
    endloop
  endfacet
  facet normal 1 0 0
    outer loop
      vertex 0 -1.84067 10.439
      vertex 0 -13.9025 16.0814
      vertex 0 -2.56437 10.2851
    endloop
  endfacet
  facet normal 1 -0 0
    outer loop
      vertex 0 -21 26
      vertex 0 -14.3334 16.7365
      vertex 0 21 26
    endloop
  endfacet
  facet normal 1 0 0
    outer loop
      vertex 0 -14.3334 16.7365
      vertex 0 -21 26
      vertex 0 -14.65 16.9722
    endloop
  endfacet
  facet normal 1 0 0
    outer loop
      vertex 0 -14.65 16.9722
      vertex 0 -21 26
      vertex 0 -15.0124 17.1286
    endloop
  endfacet
  facet normal 1 0 0
    outer loop
      vertex 0 -15.0124 17.1286
      vertex 0 -21 26
      vertex 0 -15.4012 17.1971
    endloop
  endfacet
  facet normal 1 0 0
    outer loop
      vertex 0 -17.0192 16.263
      vertex 0 -26 21
      vertex 0 -17.1542 15.892
    endloop
  endfacet
  facet normal 1 0 0
    outer loop
      vertex 0 -16.8023 16.5927
      vertex 0 -26 21
      vertex 0 -17.0192 16.263
    endloop
  endfacet
  facet normal 1 -0 0
    outer loop
      vertex 0 -26 21
      vertex 0 -16.8023 16.5927
      vertex 0 -21 26
    endloop
  endfacet
  facet normal 1 0 0
    outer loop
      vertex 0 -16.5152 16.8636
      vertex 0 -21 26
      vertex 0 -16.8023 16.5927
    endloop
  endfacet
  facet normal 1 0 0
    outer loop
      vertex 0 -16.1733 17.061
      vertex 0 -21 26
      vertex 0 -16.5152 16.8636
    endloop
  endfacet
  facet normal 1 0 0
    outer loop
      vertex 0 -15.7952 17.1742
      vertex 0 -21 26
      vertex 0 -16.1733 17.061
    endloop
  endfacet
  facet normal 1 0 0
    outer loop
      vertex 0 -15.4012 17.1971
      vertex 0 -21 26
      vertex 0 -15.7952 17.1742
    endloop
  endfacet
  facet normal 1 0 0
    outer loop
      vertex 0 21 26
      vertex 0 26 21
      vertex 0 25.9842 21.3972
    endloop
  endfacet
  facet normal 1 0 0
    outer loop
      vertex 0 21 26
      vertex 0 25.9842 21.3972
      vertex 0 25.9369 21.792
    endloop
  endfacet
  facet normal 1 0 0
    outer loop
      vertex 0 21 26
      vertex 0 25.9369 21.792
      vertex 0 25.8584 22.1817
    endloop
  endfacet
  facet normal 1 0 0
    outer loop
      vertex 0 21 26
      vertex 0 25.8584 22.1817
      vertex 0 25.7491 22.564
    endloop
  endfacet
  facet normal 1 0 0
    outer loop
      vertex 0 21 26
      vertex 0 25.7491 22.564
      vertex 0 25.6098 22.9364
    endloop
  endfacet
  facet normal 1 0 0
    outer loop
      vertex 0 21 26
      vertex 0 25.6098 22.9364
      vertex 0 25.4414 23.2965
    endloop
  endfacet
  facet normal 1 0 0
    outer loop
      vertex 0 21 26
      vertex 0 25.4414 23.2965
      vertex 0 25.2449 23.6421
    endloop
  endfacet
  facet normal 1 0 0
    outer loop
      vertex 0 21 26
      vertex 0 25.2449 23.6421
      vertex 0 25.0216 23.971
    endloop
  endfacet
  facet normal 1 0 0
    outer loop
      vertex 0 21 26
      vertex 0 25.0216 23.971
      vertex 0 24.7728 24.2811
    endloop
  endfacet
  facet normal 1 0 0
    outer loop
      vertex 0 21 26
      vertex 0 24.7728 24.2811
      vertex 0 24.5002 24.5705
    endloop
  endfacet
  facet normal 1 0 0
    outer loop
      vertex 0 21 26
      vertex 0 24.5002 24.5705
      vertex 0 24.2055 24.8373
    endloop
  endfacet
  facet normal 1 0 0
    outer loop
      vertex 0 21 26
      vertex 0 24.2055 24.8373
      vertex 0 23.8905 25.0799
    endloop
  endfacet
  facet normal 1 0 0
    outer loop
      vertex 0 21 26
      vertex 0 23.8905 25.0799
      vertex 0 23.5572 25.2966
    endloop
  endfacet
  facet normal 1 0 0
    outer loop
      vertex 0 21 26
      vertex 0 23.5572 25.2966
      vertex 0 23.2077 25.4862
    endloop
  endfacet
  facet normal 1 0 0
    outer loop
      vertex 0 21 26
      vertex 0 23.2077 25.4862
      vertex 0 22.8443 25.6474
    endloop
  endfacet
  facet normal 1 0 0
    outer loop
      vertex 0 21 26
      vertex 0 22.8443 25.6474
      vertex 0 22.4693 25.7793
    endloop
  endfacet
  facet normal 1 0 0
    outer loop
      vertex 0 21 26
      vertex 0 22.4693 25.7793
      vertex 0 22.0849 25.8809
    endloop
  endfacet
  facet normal 1 0 0
    outer loop
      vertex 0 21.2981 25.9911
      vertex 0 22.0849 25.8809
      vertex 0 21.6937 25.9516
    endloop
  endfacet
  facet normal 1 0 0
    outer loop
      vertex 0 21 26
      vertex 0 22.0849 25.8809
      vertex 0 21.2981 25.9911
    endloop
  endfacet
  facet normal 1 0 0
    outer loop
      vertex 0 16.6666 16.7365
      vertex 0 26 21
      vertex 0 21 26
    endloop
  endfacet
  facet normal 1 0 0
    outer loop
      vertex 0 26 21
      vertex 0 17.1885 15.6974
      vertex 0 17.1885 15.3026
    endloop
  endfacet
  facet normal 1 0 0
    outer loop
      vertex 0 17.0975 14.9186
      vertex 0 26 21
      vertex 0 17.1885 15.3026
    endloop
  endfacet
  facet normal 1 0 0
    outer loop
      vertex 0 26 21
      vertex 0 17.0975 14.9186
      vertex 0 26 0
    endloop
  endfacet
  facet normal 1 0 0
    outer loop
      vertex 0 26 0
      vertex 0 17.1 5
      vertex 0 17.1 0
    endloop
  endfacet
  facet normal 1 0 0
    outer loop
      vertex 0 -7.625 7.36338
      vertex 0 -14.3334 14.2635
      vertex 0 -8.12007 6.81355
    endloop
  endfacet
  facet normal 1 -0 0
    outer loop
      vertex 0 -14.65 14.0278
      vertex 0 -8.12007 6.81355
      vertex 0 -14.3334 14.2635
    endloop
  endfacet
  facet normal 1 0 0
    outer loop
      vertex 0 -8.12007 6.81355
      vertex 0 -14.65 14.0278
      vertex 0 -8.57558 6.23052
    endloop
  endfacet
  facet normal 1 -0 0
    outer loop
      vertex 0 -15.0124 13.8714
      vertex 0 -8.57558 6.23052
      vertex 0 -14.65 14.0278
    endloop
  endfacet
  facet normal 1 0 0
    outer loop
      vertex 0 -8.57558 6.23052
      vertex 0 -15.0124 13.8714
      vertex 0 -8.98931 5.61714
    endloop
  endfacet
  facet normal 1 0 0
    outer loop
      vertex 0 -17.1 5
      vertex 0 -8.98931 5.61714
      vertex 0 -15.0124 13.8714
    endloop
  endfacet
  facet normal 1 0 0
    outer loop
      vertex 0 -17.1 5
      vertex 0 -15.0124 13.8714
      vertex 0 -15.4012 13.8029
    endloop
  endfacet
  facet normal 1 0 0
    outer loop
      vertex 0 -17.1 5
      vertex 0 -15.4012 13.8029
      vertex 0 -15.7952 13.8258
    endloop
  endfacet
  facet normal 1 0 0
    outer loop
      vertex 0 -17.1 5
      vertex 0 -15.7952 13.8258
      vertex 0 -16.1733 13.939
    endloop
  endfacet
  facet normal 1 0 0
    outer loop
      vertex 0 -17.1 5
      vertex 0 -16.1733 13.939
      vertex 0 -16.5152 14.1364
    endloop
  endfacet
  facet normal 1 0 0
    outer loop
      vertex 0 -17.1 5
      vertex 0 -16.5152 14.1364
      vertex 0 -16.8023 14.4073
    endloop
  endfacet
  facet normal 1 0 0
    outer loop
      vertex 0 -8.98931 5.61714
      vertex 0 -17.1 5
      vertex 0 -9.34562 5
    endloop
  endfacet
  facet normal 1 0 0
    outer loop
      vertex 0 -17.0192 14.737
      vertex 0 -17.1 5
      vertex 0 -16.8023 14.4073
    endloop
  endfacet
  facet normal 1 0 0
    outer loop
      vertex 0 -26 21
      vertex 0 -17.0192 14.737
      vertex 0 -17.1542 15.108
    endloop
  endfacet
  facet normal 1 0 0
    outer loop
      vertex 0 -17.0192 14.737
      vertex 0 -26 0
      vertex 0 -17.1 5
    endloop
  endfacet
  facet normal 1 0 0
    outer loop
      vertex 0 -26 21
      vertex 0 -17.1542 15.108
      vertex 0 -17.2 15.5
    endloop
  endfacet
  facet normal 1 0 0
    outer loop
      vertex 0 -17.1542 15.892
      vertex 0 -26 21
      vertex 0 -17.2 15.5
    endloop
  endfacet
  facet normal 1 0 0
    outer loop
      vertex 0 -26 21
      vertex 0 -21 26
      vertex 0 -21.3972 25.9842
    endloop
  endfacet
  facet normal 1 0 0
    outer loop
      vertex 0 -26 21
      vertex 0 -21.3972 25.9842
      vertex 0 -21.792 25.9369
    endloop
  endfacet
  facet normal 1 0 0
    outer loop
      vertex 0 -26 21
      vertex 0 -21.792 25.9369
      vertex 0 -22.1817 25.8584
    endloop
  endfacet
  facet normal 1 0 0
    outer loop
      vertex 0 -26 21
      vertex 0 -22.1817 25.8584
      vertex 0 -22.564 25.7491
    endloop
  endfacet
  facet normal 1 0 0
    outer loop
      vertex 0 -26 21
      vertex 0 -22.564 25.7491
      vertex 0 -22.9364 25.6098
    endloop
  endfacet
  facet normal 1 0 0
    outer loop
      vertex 0 -26 21
      vertex 0 -22.9364 25.6098
      vertex 0 -23.2965 25.4414
    endloop
  endfacet
  facet normal 1 0 0
    outer loop
      vertex 0 -26 21
      vertex 0 -23.2965 25.4414
      vertex 0 -23.6421 25.2449
    endloop
  endfacet
  facet normal 1 0 0
    outer loop
      vertex 0 -26 21
      vertex 0 -23.6421 25.2449
      vertex 0 -23.971 25.0216
    endloop
  endfacet
  facet normal 1 0 0
    outer loop
      vertex 0 -26 21
      vertex 0 -23.971 25.0216
      vertex 0 -24.2811 24.7728
    endloop
  endfacet
  facet normal 1 0 0
    outer loop
      vertex 0 -26 21
      vertex 0 -24.2811 24.7728
      vertex 0 -24.5705 24.5002
    endloop
  endfacet
  facet normal 1 0 0
    outer loop
      vertex 0 -26 21
      vertex 0 -24.5705 24.5002
      vertex 0 -24.8373 24.2055
    endloop
  endfacet
  facet normal 1 0 0
    outer loop
      vertex 0 -26 21
      vertex 0 -24.8373 24.2055
      vertex 0 -25.0799 23.8905
    endloop
  endfacet
  facet normal 1 0 0
    outer loop
      vertex 0 -26 21
      vertex 0 -25.0799 23.8905
      vertex 0 -25.2966 23.5572
    endloop
  endfacet
  facet normal 1 0 0
    outer loop
      vertex 0 -26 21
      vertex 0 -25.2966 23.5572
      vertex 0 -25.4862 23.2077
    endloop
  endfacet
  facet normal 1 0 0
    outer loop
      vertex 0 -26 21
      vertex 0 -25.4862 23.2077
      vertex 0 -25.6474 22.8443
    endloop
  endfacet
  facet normal 1 0 0
    outer loop
      vertex 0 -26 21
      vertex 0 -25.6474 22.8443
      vertex 0 -25.7793 22.4693
    endloop
  endfacet
  facet normal 1 0 0
    outer loop
      vertex 0 -26 21
      vertex 0 -25.7793 22.4693
      vertex 0 -25.8809 22.0849
    endloop
  endfacet
  facet normal 1 0 0
    outer loop
      vertex 0 -26 21
      vertex 0 -25.8809 22.0849
      vertex 0 -25.9516 21.6937
    endloop
  endfacet
  facet normal 1 0 0
    outer loop
      vertex 0 -26 21
      vertex 0 -25.9516 21.6937
      vertex 0 -25.9911 21.2981
    endloop
  endfacet
  facet normal 1 0 0
    outer loop
      vertex 0 -17.0192 14.737
      vertex 0 -26 21
      vertex 0 -26 0
    endloop
  endfacet
  facet normal 1 0 0
    outer loop
      vertex 0 -17.1 5
      vertex 0 -26 0
      vertex 0 -17.1 0
    endloop
  endfacet
  facet normal 0 0 1
    outer loop
      vertex 9 17.1 5
      vertex 7.57455 15.8964 5
      vertex 7.6 15.5 5
    endloop
  endfacet
  facet normal 0 0 1
    outer loop
      vertex 7.96947 19.1225 5
      vertex 7.49861 16.2863 5
      vertex 7.57455 15.8964 5
    endloop
  endfacet
  facet normal 0 0 1
    outer loop
      vertex 7.96947 19.1225 5
      vertex 7.37344 16.6633 5
      vertex 7.49861 16.2863 5
    endloop
  endfacet
  facet normal 0 0 1
    outer loop
      vertex 6.43282 17.9237 5
      vertex 7.63498 19.3275 5
      vertex 7.27254 19.4776 5
    endloop
  endfacet
  facet normal 0 0 1
    outer loop
      vertex 7.96947 19.1225 5
      vertex 7.20109 17.0212 5
      vertex 7.37344 16.6633 5
    endloop
  endfacet
  facet normal 0 0 1
    outer loop
      vertex 7.96947 19.1225 5
      vertex 6.98438 17.3541 5
      vertex 7.20109 17.0212 5
    endloop
  endfacet
  facet normal 0 0 1
    outer loop
      vertex 6.43282 17.9237 5
      vertex 7.27254 19.4776 5
      vertex 6.89108 19.5692 5
    endloop
  endfacet
  facet normal 0 0 1
    outer loop
      vertex 7.96947 19.1225 5
      vertex 6.72688 17.6566 5
      vertex 6.98438 17.3541 5
    endloop
  endfacet
  facet normal 0 0 1
    outer loop
      vertex 6.10702 18.1509 5
      vertex 6.89108 19.5692 5
      vertex 6.5 19.6 5
    endloop
  endfacet
  facet normal 0 0 1
    outer loop
      vertex 7.63498 19.3275 5
      vertex 6.43282 17.9237 5
      vertex 6.72688 17.6566 5
    endloop
  endfacet
  facet normal 0 0 1
    outer loop
      vertex 6.89108 19.5692 5
      vertex 6.10702 18.1509 5
      vertex 6.43282 17.9237 5
    endloop
  endfacet
  facet normal 0 0 1
    outer loop
      vertex 6.5 19.6 5
      vertex 5.75483 18.3347 5
      vertex 6.10702 18.1509 5
    endloop
  endfacet
  facet normal 0 0 1
    outer loop
      vertex 6.5 19.6 5
      vertex 5.38204 18.4719 5
      vertex 5.75483 18.3347 5
    endloop
  endfacet
  facet normal 0 0 1
    outer loop
      vertex 6.5 19.6 5
      vertex 4.99476 18.5603 5
      vertex 5.38204 18.4719 5
    endloop
  endfacet
  facet normal 0 0 1
    outer loop
      vertex 6.5 19.6 5
      vertex 4.59936 18.5984 5
      vertex 4.99476 18.5603 5
    endloop
  endfacet
  facet normal -0 0 1
    outer loop
      vertex 2.5 19.6 5
      vertex 4.59936 18.5984 5
      vertex 6.5 19.6 5
    endloop
  endfacet
  facet normal 0 0 1
    outer loop
      vertex 4.59936 18.5984 5
      vertex 2.5 19.6 5
      vertex 4.20233 18.5857 5
    endloop
  endfacet
  facet normal 0 0 1
    outer loop
      vertex 4.20233 18.5857 5
      vertex 2.5 19.6 5
      vertex 3.81019 18.5223 5
    endloop
  endfacet
  facet normal 0 0 1
    outer loop
      vertex 3.81019 18.5223 5
      vertex 2.5 19.6 5
      vertex 3.42937 18.4093 5
    endloop
  endfacet
  facet normal 0 0 1
    outer loop
      vertex 2.5 19.6 5
      vertex 3.06613 18.2485 5
      vertex 3.42937 18.4093 5
    endloop
  endfacet
  facet normal 0 0 1
    outer loop
      vertex 2.5 19.6 5
      vertex 2.72644 18.0425 5
      vertex 3.06613 18.2485 5
    endloop
  endfacet
  facet normal -0 0 1
    outer loop
      vertex 2.10892 19.5692 5
      vertex 2.72644 18.0425 5
      vertex 2.5 19.6 5
    endloop
  endfacet
  facet normal -0 0 1
    outer loop
      vertex 1.72746 19.4776 5
      vertex 2.72644 18.0425 5
      vertex 2.10892 19.5692 5
    endloop
  endfacet
  facet normal 0 0 1
    outer loop
      vertex 2.72644 18.0425 5
      vertex 1.72746 19.4776 5
      vertex 2.41587 17.7949 5
    endloop
  endfacet
  facet normal -0 0 1
    outer loop
      vertex 1.36502 19.3275 5
      vertex 2.41587 17.7949 5
      vertex 1.72746 19.4776 5
    endloop
  endfacet
  facet normal -0 0 1
    outer loop
      vertex 1.03053 19.1225 5
      vertex 2.41587 17.7949 5
      vertex 1.36502 19.3275 5
    endloop
  endfacet
  facet normal 0 0 1
    outer loop
      vertex 2.41587 17.7949 5
      vertex 1.03053 19.1225 5
      vertex 2.13952 17.5095 5
    endloop
  endfacet
  facet normal -0 0 1
    outer loop
      vertex 0.732239 18.8677 5
      vertex 2.13952 17.5095 5
      vertex 1.03053 19.1225 5
    endloop
  endfacet
  facet normal -0 0 1
    outer loop
      vertex 0.477463 18.5695 5
      vertex 2.13952 17.5095 5
      vertex 0.732239 18.8677 5
    endloop
  endfacet
  facet normal 0 0 1
    outer loop
      vertex 2.13952 17.5095 5
      vertex 0.477463 18.5695 5
      vertex 1.90193 17.1912 5
    endloop
  endfacet
  facet normal -0 0 1
    outer loop
      vertex 0.12236 17.8725 5
      vertex 1.90193 17.1912 5
      vertex 0.272476 18.235 5
    endloop
  endfacet
  facet normal -0 0 1
    outer loop
      vertex 0.272476 18.235 5
      vertex 1.90193 17.1912 5
      vertex 0.477463 18.5695 5
    endloop
  endfacet
  facet normal 0 0 1
    outer loop
      vertex 7.57455 15.8964 5
      vertex 9 17.1 5
      vertex 8.96922 17.4911 5
    endloop
  endfacet
  facet normal 0 0 1
    outer loop
      vertex 7.57455 15.8964 5
      vertex 8.96922 17.4911 5
      vertex 8.87764 17.8725 5
    endloop
  endfacet
  facet normal 0 0 1
    outer loop
      vertex 7.57455 15.8964 5
      vertex 8.87764 17.8725 5
      vertex 8.72752 18.235 5
    endloop
  endfacet
  facet normal 0 0 1
    outer loop
      vertex 7.57455 15.8964 5
      vertex 8.72752 18.235 5
      vertex 8.52254 18.5695 5
    endloop
  endfacet
  facet normal 0 0 1
    outer loop
      vertex 7.57455 15.8964 5
      vertex 8.52254 18.5695 5
      vertex 8.26776 18.8677 5
    endloop
  endfacet
  facet normal 0 0 1
    outer loop
      vertex 7.57455 15.8964 5
      vertex 8.26776 18.8677 5
      vertex 7.96947 19.1225 5
    endloop
  endfacet
  facet normal 0 0 1
    outer loop
      vertex 6.72688 17.6566 5
      vertex 7.96947 19.1225 5
      vertex 7.63498 19.3275 5
    endloop
  endfacet
  facet normal 0 0 1
    outer loop
      vertex 9 17.1 5
      vertex 7.6 15.5 5
      vertex 7.57455 15.1036 5
    endloop
  endfacet
  facet normal 0 0 1
    outer loop
      vertex 9 17.1 5
      vertex 7.57455 15.1036 5
      vertex 7.49861 14.7137 5
    endloop
  endfacet
  facet normal 0 0 1
    outer loop
      vertex 9 17.1 5
      vertex 7.49861 14.7137 5
      vertex 9 9.34562 5
    endloop
  endfacet
  facet normal -0 0 1
    outer loop
      vertex 7.37344 14.3367 5
      vertex 9 9.34562 5
      vertex 7.49861 14.7137 5
    endloop
  endfacet
  facet normal -0 0 1
    outer loop
      vertex 7.20109 13.9788 5
      vertex 9 9.34562 5
      vertex 7.37344 14.3367 5
    endloop
  endfacet
  facet normal -0 0 1
    outer loop
      vertex 6.98438 13.6459 5
      vertex 9 9.34562 5
      vertex 7.20109 13.9788 5
    endloop
  endfacet
  facet normal -0 0 1
    outer loop
      vertex 6.72688 13.3434 5
      vertex 9 9.34562 5
      vertex 6.98438 13.6459 5
    endloop
  endfacet
  facet normal -0 0 1
    outer loop
      vertex 6.43282 13.0763 5
      vertex 9 9.34562 5
      vertex 6.72688 13.3434 5
    endloop
  endfacet
  facet normal -0 0 1
    outer loop
      vertex 6.10702 12.8491 5
      vertex 9 9.34562 5
      vertex 6.43282 13.0763 5
    endloop
  endfacet
  facet normal -0 0 1
    outer loop
      vertex 5.75483 12.6653 5
      vertex 9 9.34562 5
      vertex 6.10702 12.8491 5
    endloop
  endfacet
  facet normal -0 0 1
    outer loop
      vertex 5.38204 12.5281 5
      vertex 9 9.34562 5
      vertex 5.75483 12.6653 5
    endloop
  endfacet
  facet normal -0 0 1
    outer loop
      vertex 4.99476 12.4397 5
      vertex 9 9.34562 5
      vertex 5.38204 12.5281 5
    endloop
  endfacet
  facet normal -0 0 1
    outer loop
      vertex 4.59936 12.4016 5
      vertex 9 9.34562 5
      vertex 4.99476 12.4397 5
    endloop
  endfacet
  facet normal 0 0 1
    outer loop
      vertex 0 9.34562 5
      vertex 4.59936 12.4016 5
      vertex 4.20233 12.4143 5
    endloop
  endfacet
  facet normal 0 0 1
    outer loop
      vertex 0 9.34562 5
      vertex 4.20233 12.4143 5
      vertex 3.81019 12.4777 5
    endloop
  endfacet
  facet normal 0 0 1
    outer loop
      vertex 0 9.34562 5
      vertex 3.81019 12.4777 5
      vertex 3.42937 12.5907 5
    endloop
  endfacet
  facet normal 0 0 1
    outer loop
      vertex 0 9.34562 5
      vertex 3.42937 12.5907 5
      vertex 3.06613 12.7515 5
    endloop
  endfacet
  facet normal 0 0 1
    outer loop
      vertex 1.90193 17.1912 5
      vertex 0.12236 17.8725 5
      vertex 1.707 16.845 5
    endloop
  endfacet
  facet normal -0 0 1
    outer loop
      vertex 0.030777 17.4911 5
      vertex 1.707 16.845 5
      vertex 0.12236 17.8725 5
    endloop
  endfacet
  facet normal -0 0 1
    outer loop
      vertex 0 17.1 5
      vertex 1.707 16.845 5
      vertex 0.030777 17.4911 5
    endloop
  endfacet
  facet normal 0 0 1
    outer loop
      vertex 1.707 16.845 5
      vertex 0 17.1 5
      vertex 1.55793 16.4768 5
    endloop
  endfacet
  facet normal 0 0 1
    outer loop
      vertex 1.55793 16.4768 5
      vertex 0 17.1 5
      vertex 1.45717 16.0926 5
    endloop
  endfacet
  facet normal 0 0 1
    outer loop
      vertex 1.40637 15.3014 5
      vertex 0 17.1 5
      vertex 1.45717 14.9074 5
    endloop
  endfacet
  facet normal 0 0 1
    outer loop
      vertex 1.45717 16.0926 5
      vertex 0 17.1 5
      vertex 1.40637 15.6986 5
    endloop
  endfacet
  facet normal 0 0 1
    outer loop
      vertex 1.45717 14.9074 5
      vertex 0 17.1 5
      vertex 1.55793 14.5232 5
    endloop
  endfacet
  facet normal 0 0 1
    outer loop
      vertex 1.40637 15.6986 5
      vertex 0 17.1 5
      vertex 1.40637 15.3014 5
    endloop
  endfacet
  facet normal 0 0 1
    outer loop
      vertex 0 9.34562 5
      vertex 1.55793 14.5232 5
      vertex 0 17.1 5
    endloop
  endfacet
  facet normal 0 0 1
    outer loop
      vertex 1.55793 14.5232 5
      vertex 0 9.34562 5
      vertex 1.707 14.155 5
    endloop
  endfacet
  facet normal 0 0 1
    outer loop
      vertex 4.59936 12.4016 5
      vertex 0 9.34562 5
      vertex 9 9.34562 5
    endloop
  endfacet
  facet normal 0 0 1
    outer loop
      vertex 2.72644 12.9575 5
      vertex 0 9.34562 5
      vertex 3.06613 12.7515 5
    endloop
  endfacet
  facet normal 0 0 1
    outer loop
      vertex 2.41587 13.2051 5
      vertex 0 9.34562 5
      vertex 2.72644 12.9575 5
    endloop
  endfacet
  facet normal 0 0 1
    outer loop
      vertex 2.13952 13.4905 5
      vertex 0 9.34562 5
      vertex 2.41587 13.2051 5
    endloop
  endfacet
  facet normal 0 0 1
    outer loop
      vertex 1.90193 13.8088 5
      vertex 0 9.34562 5
      vertex 2.13952 13.4905 5
    endloop
  endfacet
  facet normal 0 0 1
    outer loop
      vertex 1.707 14.155 5
      vertex 0 9.34562 5
      vertex 1.90193 13.8088 5
    endloop
  endfacet
  facet normal -0.0785132 0.996913 0
    outer loop
      vertex 2.5 19.6 0
      vertex 2.10892 19.5692 5
      vertex 2.5 19.6 5
    endloop
  endfacet
  facet normal -0.0785132 0.996913 0
    outer loop
      vertex 2.10892 19.5692 5
      vertex 2.5 19.6 0
      vertex 2.10892 19.5692 0
    endloop
  endfacet
  facet normal -0.97236 0.233486 0
    outer loop
      vertex 0.030777 17.4911 0
      vertex 0.12236 17.8725 5
      vertex 0.12236 17.8725 0
    endloop
  endfacet
  facet normal -0.97236 0.233486 0
    outer loop
      vertex 0.12236 17.8725 5
      vertex 0.030777 17.4911 0
      vertex 0.030777 17.4911 5
    endloop
  endfacet
  facet normal -0.522544 0.852613 0
    outer loop
      vertex 1.36502 19.3275 0
      vertex 1.03053 19.1225 5
      vertex 1.36502 19.3275 5
    endloop
  endfacet
  facet normal -0.522544 0.852613 0
    outer loop
      vertex 1.03053 19.1225 5
      vertex 1.36502 19.3275 0
      vertex 1.03053 19.1225 0
    endloop
  endfacet
  facet normal -0.996918 0.0784509 0
    outer loop
      vertex 0 17.1 0
      vertex 0.030777 17.4911 5
      vertex 0.030777 17.4911 0
    endloop
  endfacet
  facet normal -0.996918 0.0784509 0
    outer loop
      vertex 0.030777 17.4911 5
      vertex 0 17.1 0
      vertex 0 17.1 5
    endloop
  endfacet
  facet normal 1 -0 0
    outer loop
      vertex 9 10.4968 1.47523
      vertex 9 17.1 0
      vertex 9 17.1 5
    endloop
  endfacet
  facet normal 1 0 0
    outer loop
      vertex 9 17.1 0
      vertex 9 10.5742 0.739418
      vertex 9 10.6 0
    endloop
  endfacet
  facet normal 1 0 0
    outer loop
      vertex 9 17.1 0
      vertex 9 10.4968 1.47523
      vertex 9 10.5742 0.739418
    endloop
  endfacet
  facet normal 1 0 0
    outer loop
      vertex 9 17.1 5
      vertex 9 10.3684 2.20386
      vertex 9 10.4968 1.47523
    endloop
  endfacet
  facet normal 1 0 0
    outer loop
      vertex 9 17.1 5
      vertex 9 10.1894 2.92176
      vertex 9 10.3684 2.20386
    endloop
  endfacet
  facet normal 1 0 0
    outer loop
      vertex 9 17.1 5
      vertex 9 9.96074 3.62541
      vertex 9 10.1894 2.92176
    endloop
  endfacet
  facet normal 1 0 0
    outer loop
      vertex 9 17.1 5
      vertex 9 9.68358 4.31141
      vertex 9 9.96074 3.62541
    endloop
  endfacet
  facet normal 1 0 0
    outer loop
      vertex 9 17.1 5
      vertex 9 9.35924 4.9764
      vertex 9 9.68358 4.31141
    endloop
  endfacet
  facet normal 1 0 -0
    outer loop
      vertex 9 9.35924 4.9764
      vertex 9 17.1 5
      vertex 9 9.34562 5
    endloop
  endfacet
  facet normal 0.996917 0.0784585 0
    outer loop
      vertex 9 17.1 5
      vertex 8.96922 17.4911 0
      vertex 8.96922 17.4911 5
    endloop
  endfacet
  facet normal 0.996917 0.0784585 0
    outer loop
      vertex 8.96922 17.4911 0
      vertex 9 17.1 5
      vertex 9 17.1 0
    endloop
  endfacet
  facet normal 0.522544 0.852613 -0
    outer loop
      vertex 7.96947 19.1225 0
      vertex 7.63498 19.3275 5
      vertex 7.96947 19.1225 5
    endloop
  endfacet
  facet normal 0.522544 0.852613 0
    outer loop
      vertex 7.63498 19.3275 5
      vertex 7.96947 19.1225 0
      vertex 7.63498 19.3275 0
    endloop
  endfacet
  facet normal 0.923909 0.382613 0
    outer loop
      vertex 8.87764 17.8725 5
      vertex 8.72752 18.235 0
      vertex 8.72752 18.235 5
    endloop
  endfacet
  facet normal 0.923909 0.382613 0
    outer loop
      vertex 8.72752 18.235 0
      vertex 8.87764 17.8725 5
      vertex 8.87764 17.8725 0
    endloop
  endfacet
  facet normal 0.760289 0.649585 0
    outer loop
      vertex 8.52254 18.5695 5
      vertex 8.26776 18.8677 0
      vertex 8.26776 18.8677 5
    endloop
  endfacet
  facet normal 0.760289 0.649585 0
    outer loop
      vertex 8.26776 18.8677 0
      vertex 8.52254 18.5695 5
      vertex 8.52254 18.5695 0
    endloop
  endfacet
  facet normal 0.852642 0.522495 0
    outer loop
      vertex 8.72752 18.235 5
      vertex 8.52254 18.5695 0
      vertex 8.52254 18.5695 5
    endloop
  endfacet
  facet normal 0.852642 0.522495 0
    outer loop
      vertex 8.52254 18.5695 0
      vertex 8.72752 18.235 5
      vertex 8.72752 18.235 0
    endloop
  endfacet
  facet normal 0.233492 0.972359 -0
    outer loop
      vertex 7.27254 19.4776 0
      vertex 6.89108 19.5692 5
      vertex 7.27254 19.4776 5
    endloop
  endfacet
  facet normal 0.233492 0.972359 0
    outer loop
      vertex 6.89108 19.5692 5
      vertex 7.27254 19.4776 0
      vertex 6.89108 19.5692 0
    endloop
  endfacet
  facet normal 0.0785132 0.996913 -0
    outer loop
      vertex 6.89108 19.5692 0
      vertex 6.5 19.6 5
      vertex 6.89108 19.5692 5
    endloop
  endfacet
  facet normal 0.0785132 0.996913 0
    outer loop
      vertex 6.5 19.6 5
      vertex 6.89108 19.5692 0
      vertex 6.5 19.6 0
    endloop
  endfacet
  facet normal 0 1 -0
    outer loop
      vertex 6.5 19.6 0
      vertex 2.5 19.6 5
      vertex 6.5 19.6 5
    endloop
  endfacet
  facet normal 0 1 0
    outer loop
      vertex 2.5 19.6 5
      vertex 6.5 19.6 0
      vertex 2.5 19.6 0
    endloop
  endfacet
  facet normal -0.852634 0.522508 0
    outer loop
      vertex 0.272476 18.235 0
      vertex 0.477463 18.5695 5
      vertex 0.477463 18.5695 0
    endloop
  endfacet
  facet normal -0.852634 0.522508 0
    outer loop
      vertex 0.477463 18.5695 5
      vertex 0.272476 18.235 0
      vertex 0.272476 18.235 5
    endloop
  endfacet
  facet normal -0.923912 0.382604 0
    outer loop
      vertex 0.12236 17.8725 0
      vertex 0.272476 18.235 5
      vertex 0.272476 18.235 0
    endloop
  endfacet
  facet normal -0.923912 0.382604 0
    outer loop
      vertex 0.272476 18.235 5
      vertex 0.12236 17.8725 0
      vertex 0.12236 17.8725 5
    endloop
  endfacet
  facet normal -0.382623 0.923904 0
    outer loop
      vertex 1.72746 19.4776 0
      vertex 1.36502 19.3275 5
      vertex 1.72746 19.4776 5
    endloop
  endfacet
  facet normal -0.382623 0.923904 0
    outer loop
      vertex 1.36502 19.3275 5
      vertex 1.72746 19.4776 0
      vertex 1.36502 19.3275 0
    endloop
  endfacet
  facet normal -0.6495 0.760361 0
    outer loop
      vertex 1.03053 19.1225 0
      vertex 0.732239 18.8677 5
      vertex 1.03053 19.1225 5
    endloop
  endfacet
  facet normal -0.6495 0.760361 0
    outer loop
      vertex 0.732239 18.8677 5
      vertex 1.03053 19.1225 0
      vertex 0.732239 18.8677 0
    endloop
  endfacet
  facet normal -0.233492 0.972359 0
    outer loop
      vertex 2.10892 19.5692 0
      vertex 1.72746 19.4776 5
      vertex 2.10892 19.5692 5
    endloop
  endfacet
  facet normal -0.233492 0.972359 0
    outer loop
      vertex 1.72746 19.4776 5
      vertex 2.10892 19.5692 0
      vertex 1.72746 19.4776 0
    endloop
  endfacet
  facet normal 0.649502 0.76036 -0
    outer loop
      vertex 8.26776 18.8677 0
      vertex 7.96947 19.1225 5
      vertex 8.26776 18.8677 5
    endloop
  endfacet
  facet normal 0.649502 0.76036 0
    outer loop
      vertex 7.96947 19.1225 5
      vertex 8.26776 18.8677 0
      vertex 7.96947 19.1225 0
    endloop
  endfacet
  facet normal 0.0785132 -0.996913 0
    outer loop
      vertex 6.5 -19.6 0
      vertex 6.89108 -19.5692 5
      vertex 6.5 -19.6 5
    endloop
  endfacet
  facet normal 0.0785132 -0.996913 0
    outer loop
      vertex 6.89108 -19.5692 5
      vertex 6.5 -19.6 0
      vertex 6.89108 -19.5692 0
    endloop
  endfacet
  facet normal -0.233492 -0.972359 0
    outer loop
      vertex 1.72746 -19.4776 0
      vertex 2.10892 -19.5692 5
      vertex 1.72746 -19.4776 5
    endloop
  endfacet
  facet normal -0.233492 -0.972359 -0
    outer loop
      vertex 2.10892 -19.5692 5
      vertex 1.72746 -19.4776 0
      vertex 2.10892 -19.5692 0
    endloop
  endfacet
  facet normal -0.97236 -0.233486 0
    outer loop
      vertex 0.12236 -17.8725 0
      vertex 0.030777 -17.4911 5
      vertex 0.030777 -17.4911 0
    endloop
  endfacet
  facet normal -0.97236 -0.233486 0
    outer loop
      vertex 0.030777 -17.4911 5
      vertex 0.12236 -17.8725 0
      vertex 0.12236 -17.8725 5
    endloop
  endfacet
  facet normal -0 0 1
    outer loop
      vertex 7.49861 -14.7137 5
      vertex 9 -17.1 5
      vertex 9 -9.34562 5
    endloop
  endfacet
  facet normal -0 -0 1
    outer loop
      vertex 7.57455 -15.1036 5
      vertex 9 -17.1 5
      vertex 7.49861 -14.7137 5
    endloop
  endfacet
  facet normal -0 0 1
    outer loop
      vertex 7.57455 -15.8964 5
      vertex 9 -17.1 5
      vertex 7.6 -15.5 5
    endloop
  endfacet
  facet normal -0 0 1
    outer loop
      vertex 7.49861 -16.2863 5
      vertex 9 -17.1 5
      vertex 7.57455 -15.8964 5
    endloop
  endfacet
  facet normal -0 0 1
    outer loop
      vertex 7.37344 -16.6633 5
      vertex 9 -17.1 5
      vertex 7.49861 -16.2863 5
    endloop
  endfacet
  facet normal -0 0 1
    outer loop
      vertex 7.20109 -17.0212 5
      vertex 8.96922 -17.4911 5
      vertex 7.37344 -16.6633 5
    endloop
  endfacet
  facet normal 0 0 1
    outer loop
      vertex 8.96922 -17.4911 5
      vertex 7.20109 -17.0212 5
      vertex 8.87764 -17.8725 5
    endloop
  endfacet
  facet normal 0 0 1
    outer loop
      vertex 8.87764 -17.8725 5
      vertex 7.20109 -17.0212 5
      vertex 8.72752 -18.235 5
    endloop
  endfacet
  facet normal 0 0 1
    outer loop
      vertex 9 -17.1 5
      vertex 7.37344 -16.6633 5
      vertex 8.96922 -17.4911 5
    endloop
  endfacet
  facet normal -0 -0 1
    outer loop
      vertex 7.6 -15.5 5
      vertex 9 -17.1 5
      vertex 7.57455 -15.1036 5
    endloop
  endfacet
  facet normal 0 0 1
    outer loop
      vertex 9 -9.34562 5
      vertex 7.37344 -14.3367 5
      vertex 7.49861 -14.7137 5
    endloop
  endfacet
  facet normal 0 0 1
    outer loop
      vertex 9 -9.34562 5
      vertex 7.20109 -13.9788 5
      vertex 7.37344 -14.3367 5
    endloop
  endfacet
  facet normal 0 0 1
    outer loop
      vertex 9 -9.34562 5
      vertex 6.98438 -13.6459 5
      vertex 7.20109 -13.9788 5
    endloop
  endfacet
  facet normal 0 0 1
    outer loop
      vertex 9 -9.34562 5
      vertex 6.72688 -13.3434 5
      vertex 6.98438 -13.6459 5
    endloop
  endfacet
  facet normal 0 0 1
    outer loop
      vertex 9 -9.34562 5
      vertex 6.43282 -13.0763 5
      vertex 6.72688 -13.3434 5
    endloop
  endfacet
  facet normal 0 0 1
    outer loop
      vertex 9 -9.34562 5
      vertex 6.10702 -12.8491 5
      vertex 6.43282 -13.0763 5
    endloop
  endfacet
  facet normal 0 0 1
    outer loop
      vertex 9 -9.34562 5
      vertex 5.75483 -12.6653 5
      vertex 6.10702 -12.8491 5
    endloop
  endfacet
  facet normal 0 0 1
    outer loop
      vertex 9 -9.34562 5
      vertex 5.38204 -12.5281 5
      vertex 5.75483 -12.6653 5
    endloop
  endfacet
  facet normal 0 0 1
    outer loop
      vertex 9 -9.34562 5
      vertex 4.99476 -12.4397 5
      vertex 5.38204 -12.5281 5
    endloop
  endfacet
  facet normal 0 0 1
    outer loop
      vertex 9 -9.34562 5
      vertex 4.59936 -12.4016 5
      vertex 4.99476 -12.4397 5
    endloop
  endfacet
  facet normal -0 0 1
    outer loop
      vertex 0 -9.34562 5
      vertex 4.59936 -12.4016 5
      vertex 9 -9.34562 5
    endloop
  endfacet
  facet normal 0 0 1
    outer loop
      vertex 4.59936 -12.4016 5
      vertex 0 -9.34562 5
      vertex 4.20233 -12.4143 5
    endloop
  endfacet
  facet normal 0 0 1
    outer loop
      vertex 4.20233 -12.4143 5
      vertex 0 -9.34562 5
      vertex 3.81019 -12.4777 5
    endloop
  endfacet
  facet normal 0 0 1
    outer loop
      vertex 3.81019 -12.4777 5
      vertex 0 -9.34562 5
      vertex 3.42937 -12.5907 5
    endloop
  endfacet
  facet normal 0 0 1
    outer loop
      vertex 0 -17.1 5
      vertex 1.40637 -15.6986 5
      vertex 1.40637 -15.3014 5
    endloop
  endfacet
  facet normal 0 0 1
    outer loop
      vertex 1.40637 -15.6986 5
      vertex 1.03053 -19.1225 5
      vertex 1.36502 -19.3275 5
    endloop
  endfacet
  facet normal 0 0 1
    outer loop
      vertex 1.40637 -15.6986 5
      vertex 0.732239 -18.8677 5
      vertex 1.03053 -19.1225 5
    endloop
  endfacet
  facet normal 0 0 1
    outer loop
      vertex 0 -17.1 5
      vertex 1.40637 -15.3014 5
      vertex 1.45717 -14.9074 5
    endloop
  endfacet
  facet normal 0 0 1
    outer loop
      vertex 1.40637 -15.6986 5
      vertex 0.477463 -18.5695 5
      vertex 0.732239 -18.8677 5
    endloop
  endfacet
  facet normal 0 0 1
    outer loop
      vertex 0 -17.1 5
      vertex 1.45717 -14.9074 5
      vertex 1.55793 -14.5232 5
    endloop
  endfacet
  facet normal 0 0 1
    outer loop
      vertex 1.40637 -15.6986 5
      vertex 0 -17.1 5
      vertex 0.030777 -17.4911 5
    endloop
  endfacet
  facet normal 0 0 1
    outer loop
      vertex 1.40637 -15.6986 5
      vertex 0.272476 -18.235 5
      vertex 0.477463 -18.5695 5
    endloop
  endfacet
  facet normal 0 0 1
    outer loop
      vertex 0 -9.34562 5
      vertex 1.55793 -14.5232 5
      vertex 1.707 -14.155 5
    endloop
  endfacet
  facet normal 0 0 1
    outer loop
      vertex 1.40637 -15.6986 5
      vertex 0.12236 -17.8725 5
      vertex 0.272476 -18.235 5
    endloop
  endfacet
  facet normal 0 0 1
    outer loop
      vertex 3.42937 -12.5907 5
      vertex 0 -9.34562 5
      vertex 3.06613 -12.7515 5
    endloop
  endfacet
  facet normal 0 0 1
    outer loop
      vertex 0 -9.34562 5
      vertex 2.72644 -12.9575 5
      vertex 3.06613 -12.7515 5
    endloop
  endfacet
  facet normal 0 0 1
    outer loop
      vertex 0 -9.34562 5
      vertex 2.41587 -13.2051 5
      vertex 2.72644 -12.9575 5
    endloop
  endfacet
  facet normal 0 0 1
    outer loop
      vertex 0 -9.34562 5
      vertex 2.13952 -13.4905 5
      vertex 2.41587 -13.2051 5
    endloop
  endfacet
  facet normal 0 0 1
    outer loop
      vertex 0 -9.34562 5
      vertex 1.90193 -13.8088 5
      vertex 2.13952 -13.4905 5
    endloop
  endfacet
  facet normal 0 0 1
    outer loop
      vertex 0 -9.34562 5
      vertex 1.707 -14.155 5
      vertex 1.90193 -13.8088 5
    endloop
  endfacet
  facet normal 0 0 1
    outer loop
      vertex 1.55793 -14.5232 5
      vertex 0 -9.34562 5
      vertex 0 -17.1 5
    endloop
  endfacet
  facet normal 0 0 1
    outer loop
      vertex 1.40637 -15.6986 5
      vertex 0.030777 -17.4911 5
      vertex 0.12236 -17.8725 5
    endloop
  endfacet
  facet normal -0 0 1
    outer loop
      vertex 6.98438 -17.3541 5
      vertex 8.72752 -18.235 5
      vertex 7.20109 -17.0212 5
    endloop
  endfacet
  facet normal 0 0 1
    outer loop
      vertex 8.72752 -18.235 5
      vertex 6.98438 -17.3541 5
      vertex 8.52254 -18.5695 5
    endloop
  endfacet
  facet normal 0 0 1
    outer loop
      vertex 8.52254 -18.5695 5
      vertex 6.98438 -17.3541 5
      vertex 8.26776 -18.8677 5
    endloop
  endfacet
  facet normal -0 0 1
    outer loop
      vertex 6.72688 -17.6566 5
      vertex 8.26776 -18.8677 5
      vertex 6.98438 -17.3541 5
    endloop
  endfacet
  facet normal 0 0 1
    outer loop
      vertex 8.26776 -18.8677 5
      vertex 6.72688 -17.6566 5
      vertex 7.96947 -19.1225 5
    endloop
  endfacet
  facet normal 0 0 1
    outer loop
      vertex 7.96947 -19.1225 5
      vertex 6.72688 -17.6566 5
      vertex 7.63498 -19.3275 5
    endloop
  endfacet
  facet normal -0 0 1
    outer loop
      vertex 6.43282 -17.9237 5
      vertex 7.63498 -19.3275 5
      vertex 6.72688 -17.6566 5
    endloop
  endfacet
  facet normal 0 0 1
    outer loop
      vertex 7.63498 -19.3275 5
      vertex 6.43282 -17.9237 5
      vertex 7.27254 -19.4776 5
    endloop
  endfacet
  facet normal 0 0 1
    outer loop
      vertex 7.27254 -19.4776 5
      vertex 6.43282 -17.9237 5
      vertex 6.89108 -19.5692 5
    endloop
  endfacet
  facet normal -0 0 1
    outer loop
      vertex 6.10702 -18.1509 5
      vertex 6.89108 -19.5692 5
      vertex 6.43282 -17.9237 5
    endloop
  endfacet
  facet normal 0 0 1
    outer loop
      vertex 6.89108 -19.5692 5
      vertex 6.10702 -18.1509 5
      vertex 6.5 -19.6 5
    endloop
  endfacet
  facet normal -0 0 1
    outer loop
      vertex 5.75483 -18.3347 5
      vertex 6.5 -19.6 5
      vertex 6.10702 -18.1509 5
    endloop
  endfacet
  facet normal -0 0 1
    outer loop
      vertex 5.38204 -18.4719 5
      vertex 6.5 -19.6 5
      vertex 5.75483 -18.3347 5
    endloop
  endfacet
  facet normal -0 0 1
    outer loop
      vertex 4.99476 -18.5603 5
      vertex 6.5 -19.6 5
      vertex 5.38204 -18.4719 5
    endloop
  endfacet
  facet normal -0 0 1
    outer loop
      vertex 4.59936 -18.5984 5
      vertex 6.5 -19.6 5
      vertex 4.99476 -18.5603 5
    endloop
  endfacet
  facet normal 0 0 1
    outer loop
      vertex 2.5 -19.6 5
      vertex 4.59936 -18.5984 5
      vertex 4.20233 -18.5857 5
    endloop
  endfacet
  facet normal 0 0 1
    outer loop
      vertex 2.5 -19.6 5
      vertex 4.20233 -18.5857 5
      vertex 3.81019 -18.5223 5
    endloop
  endfacet
  facet normal 0 0 1
    outer loop
      vertex 2.5 -19.6 5
      vertex 3.81019 -18.5223 5
      vertex 3.42937 -18.4093 5
    endloop
  endfacet
  facet normal 0 0 1
    outer loop
      vertex 4.59936 -18.5984 5
      vertex 2.5 -19.6 5
      vertex 6.5 -19.6 5
    endloop
  endfacet
  facet normal 0 0 1
    outer loop
      vertex 3.06613 -18.2485 5
      vertex 2.5 -19.6 5
      vertex 3.42937 -18.4093 5
    endloop
  endfacet
  facet normal 0 0 1
    outer loop
      vertex 2.72644 -18.0425 5
      vertex 2.5 -19.6 5
      vertex 3.06613 -18.2485 5
    endloop
  endfacet
  facet normal 0 0 1
    outer loop
      vertex 1.72746 -19.4776 5
      vertex 2.72644 -18.0425 5
      vertex 2.41587 -17.7949 5
    endloop
  endfacet
  facet normal 0 0 1
    outer loop
      vertex 1.36502 -19.3275 5
      vertex 2.41587 -17.7949 5
      vertex 2.13952 -17.5095 5
    endloop
  endfacet
  facet normal 0 0 1
    outer loop
      vertex 2.72644 -18.0425 5
      vertex 2.10892 -19.5692 5
      vertex 2.5 -19.6 5
    endloop
  endfacet
  facet normal 0 0 1
    outer loop
      vertex 1.36502 -19.3275 5
      vertex 2.13952 -17.5095 5
      vertex 1.90193 -17.1912 5
    endloop
  endfacet
  facet normal 0 0 1
    outer loop
      vertex 2.72644 -18.0425 5
      vertex 1.72746 -19.4776 5
      vertex 2.10892 -19.5692 5
    endloop
  endfacet
  facet normal 0 0 1
    outer loop
      vertex 1.36502 -19.3275 5
      vertex 1.90193 -17.1912 5
      vertex 1.707 -16.845 5
    endloop
  endfacet
  facet normal 0 0 1
    outer loop
      vertex 1.36502 -19.3275 5
      vertex 1.707 -16.845 5
      vertex 1.55793 -16.4768 5
    endloop
  endfacet
  facet normal 0 0 1
    outer loop
      vertex 1.36502 -19.3275 5
      vertex 1.55793 -16.4768 5
      vertex 1.45717 -16.0926 5
    endloop
  endfacet
  facet normal 0 0 1
    outer loop
      vertex 1.36502 -19.3275 5
      vertex 1.45717 -16.0926 5
      vertex 1.40637 -15.6986 5
    endloop
  endfacet
  facet normal 0 0 1
    outer loop
      vertex 2.41587 -17.7949 5
      vertex 1.36502 -19.3275 5
      vertex 1.72746 -19.4776 5
    endloop
  endfacet
  facet normal -0.0785132 -0.996913 0
    outer loop
      vertex 2.10892 -19.5692 0
      vertex 2.5 -19.6 5
      vertex 2.10892 -19.5692 5
    endloop
  endfacet
  facet normal -0.0785132 -0.996913 -0
    outer loop
      vertex 2.5 -19.6 5
      vertex 2.10892 -19.5692 0
      vertex 2.5 -19.6 0
    endloop
  endfacet
  facet normal 0 -1 0
    outer loop
      vertex 2.5 -19.6 0
      vertex 6.5 -19.6 5
      vertex 2.5 -19.6 5
    endloop
  endfacet
  facet normal 0 -1 -0
    outer loop
      vertex 6.5 -19.6 5
      vertex 2.5 -19.6 0
      vertex 6.5 -19.6 0
    endloop
  endfacet
  facet normal 0.996917 -0.0784585 0
    outer loop
      vertex 8.96922 -17.4911 5
      vertex 9 -17.1 0
      vertex 9 -17.1 5
    endloop
  endfacet
  facet normal 0.996917 -0.0784585 0
    outer loop
      vertex 9 -17.1 0
      vertex 8.96922 -17.4911 5
      vertex 8.96922 -17.4911 0
    endloop
  endfacet
  facet normal -0.852634 -0.522508 0
    outer loop
      vertex 0.477463 -18.5695 0
      vertex 0.272476 -18.235 5
      vertex 0.272476 -18.235 0
    endloop
  endfacet
  facet normal -0.852634 -0.522508 0
    outer loop
      vertex 0.272476 -18.235 5
      vertex 0.477463 -18.5695 0
      vertex 0.477463 -18.5695 5
    endloop
  endfacet
  facet normal -0.760294 -0.649579 0
    outer loop
      vertex 0.732239 -18.8677 0
      vertex 0.477463 -18.5695 5
      vertex 0.477463 -18.5695 0
    endloop
  endfacet
  facet normal -0.760294 -0.649579 0
    outer loop
      vertex 0.477463 -18.5695 5
      vertex 0.732239 -18.8677 0
      vertex 0.732239 -18.8677 5
    endloop
  endfacet
  facet normal -0.996918 -0.0784509 0
    outer loop
      vertex 0.030777 -17.4911 0
      vertex 0 -17.1 5
      vertex 0 -17.1 0
    endloop
  endfacet
  facet normal -0.996918 -0.0784509 0
    outer loop
      vertex 0 -17.1 5
      vertex 0.030777 -17.4911 0
      vertex 0.030777 -17.4911 5
    endloop
  endfacet
  facet normal -0.522544 -0.852613 0
    outer loop
      vertex 1.03053 -19.1225 0
      vertex 1.36502 -19.3275 5
      vertex 1.03053 -19.1225 5
    endloop
  endfacet
  facet normal -0.522544 -0.852613 -0
    outer loop
      vertex 1.36502 -19.3275 5
      vertex 1.03053 -19.1225 0
      vertex 1.36502 -19.3275 0
    endloop
  endfacet
  facet normal 0.522544 -0.852613 0
    outer loop
      vertex 7.63498 -19.3275 0
      vertex 7.96947 -19.1225 5
      vertex 7.63498 -19.3275 5
    endloop
  endfacet
  facet normal 0.522544 -0.852613 0
    outer loop
      vertex 7.96947 -19.1225 5
      vertex 7.63498 -19.3275 0
      vertex 7.96947 -19.1225 0
    endloop
  endfacet
  facet normal -0.923912 -0.382604 0
    outer loop
      vertex 0.272476 -18.235 0
      vertex 0.12236 -17.8725 5
      vertex 0.12236 -17.8725 0
    endloop
  endfacet
  facet normal -0.923912 -0.382604 0
    outer loop
      vertex 0.12236 -17.8725 5
      vertex 0.272476 -18.235 0
      vertex 0.272476 -18.235 5
    endloop
  endfacet
  facet normal -0.382623 -0.923904 0
    outer loop
      vertex 1.36502 -19.3275 0
      vertex 1.72746 -19.4776 5
      vertex 1.36502 -19.3275 5
    endloop
  endfacet
  facet normal -0.382623 -0.923904 -0
    outer loop
      vertex 1.72746 -19.4776 5
      vertex 1.36502 -19.3275 0
      vertex 1.72746 -19.4776 0
    endloop
  endfacet
  facet normal 1 -0 0
    outer loop
      vertex 9 -17.1 5
      vertex 9 -9.35924 4.9764
      vertex 9 -9.34562 5
    endloop
  endfacet
  facet normal 1 0 0
    outer loop
      vertex 9 -17.1 5
      vertex 9 -9.68358 4.31141
      vertex 9 -9.35924 4.9764
    endloop
  endfacet
  facet normal 1 0 0
    outer loop
      vertex 9 -17.1 5
      vertex 9 -9.96074 3.62541
      vertex 9 -9.68358 4.31141
    endloop
  endfacet
  facet normal 1 0 0
    outer loop
      vertex 9 -17.1 5
      vertex 9 -10.1894 2.92176
      vertex 9 -9.96074 3.62541
    endloop
  endfacet
  facet normal 1 0 0
    outer loop
      vertex 9 -17.1 5
      vertex 9 -10.3684 2.20386
      vertex 9 -10.1894 2.92176
    endloop
  endfacet
  facet normal 1 0 0
    outer loop
      vertex 9 -17.1 5
      vertex 9 -10.4968 1.47523
      vertex 9 -10.3684 2.20386
    endloop
  endfacet
  facet normal 1 0 0
    outer loop
      vertex 9 -17.1 0
      vertex 9 -10.4968 1.47523
      vertex 9 -17.1 5
    endloop
  endfacet
  facet normal 1 0 0
    outer loop
      vertex 9 -10.4968 1.47523
      vertex 9 -17.1 0
      vertex 9 -10.5742 0.739418
    endloop
  endfacet
  facet normal 1 0 0
    outer loop
      vertex 9 -10.5742 0.739418
      vertex 9 -17.1 0
      vertex 9 -10.6 0
    endloop
  endfacet
  facet normal 0.923909 -0.382613 0
    outer loop
      vertex 8.72752 -18.235 5
      vertex 8.87764 -17.8725 0
      vertex 8.87764 -17.8725 5
    endloop
  endfacet
  facet normal 0.923909 -0.382613 0
    outer loop
      vertex 8.87764 -17.8725 0
      vertex 8.72752 -18.235 5
      vertex 8.72752 -18.235 0
    endloop
  endfacet
  facet normal 0.233492 -0.972359 0
    outer loop
      vertex 6.89108 -19.5692 0
      vertex 7.27254 -19.4776 5
      vertex 6.89108 -19.5692 5
    endloop
  endfacet
  facet normal 0.233492 -0.972359 0
    outer loop
      vertex 7.27254 -19.4776 5
      vertex 6.89108 -19.5692 0
      vertex 7.27254 -19.4776 0
    endloop
  endfacet
  facet normal 0.382623 -0.923904 0
    outer loop
      vertex 7.27254 -19.4776 0
      vertex 7.63498 -19.3275 5
      vertex 7.27254 -19.4776 5
    endloop
  endfacet
  facet normal 0.382623 -0.923904 0
    outer loop
      vertex 7.63498 -19.3275 5
      vertex 7.27254 -19.4776 0
      vertex 7.63498 -19.3275 0
    endloop
  endfacet
  facet normal -0.6495 -0.760361 0
    outer loop
      vertex 0.732239 -18.8677 0
      vertex 1.03053 -19.1225 5
      vertex 0.732239 -18.8677 5
    endloop
  endfacet
  facet normal -0.6495 -0.760361 -0
    outer loop
      vertex 1.03053 -19.1225 5
      vertex 0.732239 -18.8677 0
      vertex 1.03053 -19.1225 0
    endloop
  endfacet
  facet normal 0.972362 -0.233479 0
    outer loop
      vertex 8.87764 -17.8725 5
      vertex 8.96922 -17.4911 0
      vertex 8.96922 -17.4911 5
    endloop
  endfacet
  facet normal 0.972362 -0.233479 0
    outer loop
      vertex 8.96922 -17.4911 0
      vertex 8.87764 -17.8725 5
      vertex 8.87764 -17.8725 0
    endloop
  endfacet
  facet normal 0.852642 -0.522495 0
    outer loop
      vertex 8.52254 -18.5695 5
      vertex 8.72752 -18.235 0
      vertex 8.72752 -18.235 5
    endloop
  endfacet
  facet normal 0.852642 -0.522495 0
    outer loop
      vertex 8.72752 -18.235 0
      vertex 8.52254 -18.5695 5
      vertex 8.52254 -18.5695 0
    endloop
  endfacet
  facet normal 0.649502 -0.76036 0
    outer loop
      vertex 7.96947 -19.1225 0
      vertex 8.26776 -18.8677 5
      vertex 7.96947 -19.1225 5
    endloop
  endfacet
  facet normal 0.649502 -0.76036 0
    outer loop
      vertex 8.26776 -18.8677 5
      vertex 7.96947 -19.1225 0
      vertex 8.26776 -18.8677 0
    endloop
  endfacet
  facet normal 0.760289 -0.649585 0
    outer loop
      vertex 8.26776 -18.8677 5
      vertex 8.52254 -18.5695 0
      vertex 8.52254 -18.5695 5
    endloop
  endfacet
  facet normal 0.760289 -0.649585 0
    outer loop
      vertex 8.52254 -18.5695 0
      vertex 8.26776 -18.8677 5
      vertex 8.26776 -18.8677 0
    endloop
  endfacet
  facet normal 0.97235 0.233527 0
    outer loop
      vertex 82.9692 17.4911 5
      vertex 82.8776 17.8725 0
      vertex 82.8776 17.8725 5
    endloop
  endfacet
  facet normal 0.97235 0.233527 0
    outer loop
      vertex 82.8776 17.8725 0
      vertex 82.9692 17.4911 5
      vertex 82.9692 17.4911 0
    endloop
  endfacet
  facet normal -0.760389 0.649467 0
    outer loop
      vertex 74.4775 18.5695 0
      vertex 74.7322 18.8677 5
      vertex 74.7322 18.8677 0
    endloop
  endfacet
  facet normal -0.760389 0.649467 0
    outer loop
      vertex 74.7322 18.8677 5
      vertex 74.4775 18.5695 0
      vertex 74.4775 18.5695 5
    endloop
  endfacet
  facet normal -0.996913 0.0785092 0
    outer loop
      vertex 74 17.1 0
      vertex 74.0308 17.4911 5
      vertex 74.0308 17.4911 0
    endloop
  endfacet
  facet normal -0.996913 0.0785092 0
    outer loop
      vertex 74.0308 17.4911 5
      vertex 74 17.1 0
      vertex 74 17.1 5
    endloop
  endfacet
  facet normal -1 0 0
    outer loop
      vertex 74 10.5742 0.739418
      vertex 74 17.1 0
      vertex 74 10.6 0
    endloop
  endfacet
  facet normal -1 0 0
    outer loop
      vertex 74 10.4968 1.47523
      vertex 74 17.1 0
      vertex 74 10.5742 0.739418
    endloop
  endfacet
  facet normal -1 0 0
    outer loop
      vertex 74 17.1 0
      vertex 74 10.4968 1.47523
      vertex 74 17.1 5
    endloop
  endfacet
  facet normal -1 0 0
    outer loop
      vertex 74 10.3684 2.20386
      vertex 74 17.1 5
      vertex 74 10.4968 1.47523
    endloop
  endfacet
  facet normal -1 0 0
    outer loop
      vertex 74 10.1894 2.92176
      vertex 74 17.1 5
      vertex 74 10.3684 2.20386
    endloop
  endfacet
  facet normal -1 0 0
    outer loop
      vertex 74 9.96074 3.62541
      vertex 74 17.1 5
      vertex 74 10.1894 2.92176
    endloop
  endfacet
  facet normal -1 0 0
    outer loop
      vertex 74 9.68358 4.31141
      vertex 74 17.1 5
      vertex 74 9.96074 3.62541
    endloop
  endfacet
  facet normal -1 0 0
    outer loop
      vertex 74 9.35924 4.9764
      vertex 74 17.1 5
      vertex 74 9.68358 4.31141
    endloop
  endfacet
  facet normal -1 -0 0
    outer loop
      vertex 74 17.1 5
      vertex 74 9.35924 4.9764
      vertex 74 9.34562 5
    endloop
  endfacet
  facet normal 0 0 1
    outer loop
      vertex 83 17.1 5
      vertex 81.5745 15.8964 5
      vertex 81.6 15.5 5
    endloop
  endfacet
  facet normal 0 0 1
    outer loop
      vertex 81.9695 19.1225 5
      vertex 81.4986 16.2863 5
      vertex 81.5745 15.8964 5
    endloop
  endfacet
  facet normal 0 0 1
    outer loop
      vertex 81.9695 19.1225 5
      vertex 81.3734 16.6633 5
      vertex 81.4986 16.2863 5
    endloop
  endfacet
  facet normal 0 0 1
    outer loop
      vertex 80.4328 17.9237 5
      vertex 81.635 19.3275 5
      vertex 81.2725 19.4776 5
    endloop
  endfacet
  facet normal 0 0 1
    outer loop
      vertex 81.9695 19.1225 5
      vertex 81.2011 17.0212 5
      vertex 81.3734 16.6633 5
    endloop
  endfacet
  facet normal 0 0 1
    outer loop
      vertex 81.9695 19.1225 5
      vertex 80.9844 17.3541 5
      vertex 81.2011 17.0212 5
    endloop
  endfacet
  facet normal 0 0 1
    outer loop
      vertex 80.4328 17.9237 5
      vertex 81.2725 19.4776 5
      vertex 80.8911 19.5692 5
    endloop
  endfacet
  facet normal 0 0 1
    outer loop
      vertex 81.9695 19.1225 5
      vertex 80.7269 17.6566 5
      vertex 80.9844 17.3541 5
    endloop
  endfacet
  facet normal 0 0 1
    outer loop
      vertex 80.107 18.1509 5
      vertex 80.8911 19.5692 5
      vertex 80.5 19.6 5
    endloop
  endfacet
  facet normal 0 0 1
    outer loop
      vertex 81.635 19.3275 5
      vertex 80.4328 17.9237 5
      vertex 80.7269 17.6566 5
    endloop
  endfacet
  facet normal 0 0 1
    outer loop
      vertex 80.8911 19.5692 5
      vertex 80.107 18.1509 5
      vertex 80.4328 17.9237 5
    endloop
  endfacet
  facet normal 0 0 1
    outer loop
      vertex 80.5 19.6 5
      vertex 79.7548 18.3347 5
      vertex 80.107 18.1509 5
    endloop
  endfacet
  facet normal 0 0 1
    outer loop
      vertex 80.5 19.6 5
      vertex 79.382 18.4719 5
      vertex 79.7548 18.3347 5
    endloop
  endfacet
  facet normal 0 0 1
    outer loop
      vertex 80.5 19.6 5
      vertex 78.9948 18.5603 5
      vertex 79.382 18.4719 5
    endloop
  endfacet
  facet normal 0 0 1
    outer loop
      vertex 80.5 19.6 5
      vertex 78.5994 18.5984 5
      vertex 78.9948 18.5603 5
    endloop
  endfacet
  facet normal -0 0 1
    outer loop
      vertex 76.5 19.6 5
      vertex 78.5994 18.5984 5
      vertex 80.5 19.6 5
    endloop
  endfacet
  facet normal 0 0 1
    outer loop
      vertex 78.5994 18.5984 5
      vertex 76.5 19.6 5
      vertex 78.2023 18.5857 5
    endloop
  endfacet
  facet normal 0 0 1
    outer loop
      vertex 78.2023 18.5857 5
      vertex 76.5 19.6 5
      vertex 77.8102 18.5223 5
    endloop
  endfacet
  facet normal 0 0 1
    outer loop
      vertex 77.8102 18.5223 5
      vertex 76.5 19.6 5
      vertex 77.4294 18.4093 5
    endloop
  endfacet
  facet normal 0 0 1
    outer loop
      vertex 76.5 19.6 5
      vertex 77.0661 18.2485 5
      vertex 77.4294 18.4093 5
    endloop
  endfacet
  facet normal 0 0 1
    outer loop
      vertex 76.5 19.6 5
      vertex 76.7264 18.0425 5
      vertex 77.0661 18.2485 5
    endloop
  endfacet
  facet normal -0 0 1
    outer loop
      vertex 76.1089 19.5692 5
      vertex 76.7264 18.0425 5
      vertex 76.5 19.6 5
    endloop
  endfacet
  facet normal -0 0 1
    outer loop
      vertex 75.7275 19.4776 5
      vertex 76.7264 18.0425 5
      vertex 76.1089 19.5692 5
    endloop
  endfacet
  facet normal 0 0 1
    outer loop
      vertex 76.7264 18.0425 5
      vertex 75.7275 19.4776 5
      vertex 76.4159 17.7949 5
    endloop
  endfacet
  facet normal -0 0 1
    outer loop
      vertex 75.365 19.3275 5
      vertex 76.4159 17.7949 5
      vertex 75.7275 19.4776 5
    endloop
  endfacet
  facet normal -0 0 1
    outer loop
      vertex 75.0305 19.1225 5
      vertex 76.4159 17.7949 5
      vertex 75.365 19.3275 5
    endloop
  endfacet
  facet normal 0 0 1
    outer loop
      vertex 76.4159 17.7949 5
      vertex 75.0305 19.1225 5
      vertex 76.1395 17.5095 5
    endloop
  endfacet
  facet normal -0 0 1
    outer loop
      vertex 74.7322 18.8677 5
      vertex 76.1395 17.5095 5
      vertex 75.0305 19.1225 5
    endloop
  endfacet
  facet normal -0 0 1
    outer loop
      vertex 74.4775 18.5695 5
      vertex 76.1395 17.5095 5
      vertex 74.7322 18.8677 5
    endloop
  endfacet
  facet normal 0 0 1
    outer loop
      vertex 76.1395 17.5095 5
      vertex 74.4775 18.5695 5
      vertex 75.9019 17.1912 5
    endloop
  endfacet
  facet normal -0 0 1
    outer loop
      vertex 74.1224 17.8725 5
      vertex 75.9019 17.1912 5
      vertex 74.2725 18.235 5
    endloop
  endfacet
  facet normal -0 0 1
    outer loop
      vertex 74.2725 18.235 5
      vertex 75.9019 17.1912 5
      vertex 74.4775 18.5695 5
    endloop
  endfacet
  facet normal 0 0 1
    outer loop
      vertex 81.5745 15.8964 5
      vertex 83 17.1 5
      vertex 82.9692 17.4911 5
    endloop
  endfacet
  facet normal 0 0 1
    outer loop
      vertex 81.5745 15.8964 5
      vertex 82.9692 17.4911 5
      vertex 82.8776 17.8725 5
    endloop
  endfacet
  facet normal 0 0 1
    outer loop
      vertex 81.5745 15.8964 5
      vertex 82.8776 17.8725 5
      vertex 82.7275 18.235 5
    endloop
  endfacet
  facet normal 0 0 1
    outer loop
      vertex 81.5745 15.8964 5
      vertex 82.7275 18.235 5
      vertex 82.5225 18.5695 5
    endloop
  endfacet
  facet normal 0 0 1
    outer loop
      vertex 81.5745 15.8964 5
      vertex 82.5225 18.5695 5
      vertex 82.2678 18.8677 5
    endloop
  endfacet
  facet normal 0 0 1
    outer loop
      vertex 81.5745 15.8964 5
      vertex 82.2678 18.8677 5
      vertex 81.9695 19.1225 5
    endloop
  endfacet
  facet normal 0 0 1
    outer loop
      vertex 80.7269 17.6566 5
      vertex 81.9695 19.1225 5
      vertex 81.635 19.3275 5
    endloop
  endfacet
  facet normal 0 0 1
    outer loop
      vertex 83 17.1 5
      vertex 81.6 15.5 5
      vertex 81.5745 15.1036 5
    endloop
  endfacet
  facet normal 0 0 1
    outer loop
      vertex 83 17.1 5
      vertex 81.5745 15.1036 5
      vertex 81.4986 14.7137 5
    endloop
  endfacet
  facet normal 0 0 1
    outer loop
      vertex 83 17.1 5
      vertex 81.4986 14.7137 5
      vertex 83 9.34562 5
    endloop
  endfacet
  facet normal -0 0 1
    outer loop
      vertex 81.3734 14.3367 5
      vertex 83 9.34562 5
      vertex 81.4986 14.7137 5
    endloop
  endfacet
  facet normal -0 0 1
    outer loop
      vertex 81.2011 13.9788 5
      vertex 83 9.34562 5
      vertex 81.3734 14.3367 5
    endloop
  endfacet
  facet normal -0 0 1
    outer loop
      vertex 80.9844 13.6459 5
      vertex 83 9.34562 5
      vertex 81.2011 13.9788 5
    endloop
  endfacet
  facet normal -0 0 1
    outer loop
      vertex 80.7269 13.3434 5
      vertex 83 9.34562 5
      vertex 80.9844 13.6459 5
    endloop
  endfacet
  facet normal -0 0 1
    outer loop
      vertex 80.4328 13.0763 5
      vertex 83 9.34562 5
      vertex 80.7269 13.3434 5
    endloop
  endfacet
  facet normal -0 0 1
    outer loop
      vertex 80.107 12.8491 5
      vertex 83 9.34562 5
      vertex 80.4328 13.0763 5
    endloop
  endfacet
  facet normal -0 0 1
    outer loop
      vertex 79.7548 12.6653 5
      vertex 83 9.34562 5
      vertex 80.107 12.8491 5
    endloop
  endfacet
  facet normal -0 0 1
    outer loop
      vertex 79.382 12.5281 5
      vertex 83 9.34562 5
      vertex 79.7548 12.6653 5
    endloop
  endfacet
  facet normal -0 0 1
    outer loop
      vertex 78.9948 12.4397 5
      vertex 83 9.34562 5
      vertex 79.382 12.5281 5
    endloop
  endfacet
  facet normal -0 0 1
    outer loop
      vertex 78.5994 12.4016 5
      vertex 83 9.34562 5
      vertex 78.9948 12.4397 5
    endloop
  endfacet
  facet normal 0 0 1
    outer loop
      vertex 74 9.34562 5
      vertex 78.5994 12.4016 5
      vertex 78.2023 12.4143 5
    endloop
  endfacet
  facet normal 0 0 1
    outer loop
      vertex 74 9.34562 5
      vertex 78.2023 12.4143 5
      vertex 77.8102 12.4777 5
    endloop
  endfacet
  facet normal 0 0 1
    outer loop
      vertex 74 9.34562 5
      vertex 77.8102 12.4777 5
      vertex 77.4294 12.5907 5
    endloop
  endfacet
  facet normal 0 0 1
    outer loop
      vertex 74 9.34562 5
      vertex 77.4294 12.5907 5
      vertex 77.0661 12.7515 5
    endloop
  endfacet
  facet normal 0 0 1
    outer loop
      vertex 75.9019 17.1912 5
      vertex 74.1224 17.8725 5
      vertex 75.707 16.845 5
    endloop
  endfacet
  facet normal -0 0 1
    outer loop
      vertex 74.0308 17.4911 5
      vertex 75.707 16.845 5
      vertex 74.1224 17.8725 5
    endloop
  endfacet
  facet normal -0 0 1
    outer loop
      vertex 74 17.1 5
      vertex 75.707 16.845 5
      vertex 74.0308 17.4911 5
    endloop
  endfacet
  facet normal 0 0 1
    outer loop
      vertex 75.707 16.845 5
      vertex 74 17.1 5
      vertex 75.5579 16.4768 5
    endloop
  endfacet
  facet normal 0 0 1
    outer loop
      vertex 75.5579 16.4768 5
      vertex 74 17.1 5
      vertex 75.4572 16.0926 5
    endloop
  endfacet
  facet normal 0 0 1
    outer loop
      vertex 75.4064 15.3014 5
      vertex 74 17.1 5
      vertex 75.4572 14.9074 5
    endloop
  endfacet
  facet normal 0 0 1
    outer loop
      vertex 75.4572 16.0926 5
      vertex 74 17.1 5
      vertex 75.4064 15.6986 5
    endloop
  endfacet
  facet normal 0 0 1
    outer loop
      vertex 75.4572 14.9074 5
      vertex 74 17.1 5
      vertex 75.5579 14.5232 5
    endloop
  endfacet
  facet normal 0 0 1
    outer loop
      vertex 75.4064 15.6986 5
      vertex 74 17.1 5
      vertex 75.4064 15.3014 5
    endloop
  endfacet
  facet normal 0 0 1
    outer loop
      vertex 74 9.34562 5
      vertex 75.5579 14.5232 5
      vertex 74 17.1 5
    endloop
  endfacet
  facet normal 0 0 1
    outer loop
      vertex 75.5579 14.5232 5
      vertex 74 9.34562 5
      vertex 75.707 14.155 5
    endloop
  endfacet
  facet normal 0 0 1
    outer loop
      vertex 78.5994 12.4016 5
      vertex 74 9.34562 5
      vertex 83 9.34562 5
    endloop
  endfacet
  facet normal 0 0 1
    outer loop
      vertex 76.7264 12.9575 5
      vertex 74 9.34562 5
      vertex 77.0661 12.7515 5
    endloop
  endfacet
  facet normal 0 0 1
    outer loop
      vertex 76.4159 13.2051 5
      vertex 74 9.34562 5
      vertex 76.7264 12.9575 5
    endloop
  endfacet
  facet normal 0 0 1
    outer loop
      vertex 76.1395 13.4905 5
      vertex 74 9.34562 5
      vertex 76.4159 13.2051 5
    endloop
  endfacet
  facet normal 0 0 1
    outer loop
      vertex 75.9019 13.8088 5
      vertex 74 9.34562 5
      vertex 76.1395 13.4905 5
    endloop
  endfacet
  facet normal 0 0 1
    outer loop
      vertex 75.707 14.155 5
      vertex 74 9.34562 5
      vertex 75.9019 13.8088 5
    endloop
  endfacet
  facet normal 0 1 -0
    outer loop
      vertex 80.5 19.6 0
      vertex 76.5 19.6 5
      vertex 80.5 19.6 5
    endloop
  endfacet
  facet normal 0 1 0
    outer loop
      vertex 76.5 19.6 5
      vertex 80.5 19.6 0
      vertex 76.5 19.6 0
    endloop
  endfacet
  facet normal -0.0785092 0.996913 0
    outer loop
      vertex 76.5 19.6 0
      vertex 76.1089 19.5692 5
      vertex 76.5 19.6 5
    endloop
  endfacet
  facet normal -0.0785092 0.996913 0
    outer loop
      vertex 76.1089 19.5692 5
      vertex 76.5 19.6 0
      vertex 76.1089 19.5692 0
    endloop
  endfacet
  facet normal -0.522532 0.85262 0
    outer loop
      vertex 75.365 19.3275 0
      vertex 75.0305 19.1225 5
      vertex 75.365 19.3275 5
    endloop
  endfacet
  facet normal -0.522532 0.85262 0
    outer loop
      vertex 75.0305 19.1225 5
      vertex 75.365 19.3275 0
      vertex 75.0305 19.1225 0
    endloop
  endfacet
  facet normal 0.85262 0.522532 0
    outer loop
      vertex 82.7275 18.235 5
      vertex 82.5225 18.5695 0
      vertex 82.5225 18.5695 5
    endloop
  endfacet
  facet normal 0.85262 0.522532 0
    outer loop
      vertex 82.5225 18.5695 0
      vertex 82.7275 18.235 5
      vertex 82.7275 18.235 0
    endloop
  endfacet
  facet normal 0.760389 0.649467 0
    outer loop
      vertex 82.5225 18.5695 5
      vertex 82.2678 18.8677 0
      vertex 82.2678 18.8677 5
    endloop
  endfacet
  facet normal 0.760389 0.649467 0
    outer loop
      vertex 82.2678 18.8677 0
      vertex 82.5225 18.5695 5
      vertex 82.5225 18.5695 0
    endloop
  endfacet
  facet normal 0.923927 0.382569 0
    outer loop
      vertex 82.8776 17.8725 5
      vertex 82.7275 18.235 0
      vertex 82.7275 18.235 5
    endloop
  endfacet
  facet normal 0.923927 0.382569 0
    outer loop
      vertex 82.7275 18.235 0
      vertex 82.8776 17.8725 5
      vertex 82.8776 17.8725 0
    endloop
  endfacet
  facet normal 0.233527 0.97235 -0
    outer loop
      vertex 81.2725 19.4776 0
      vertex 80.8911 19.5692 5
      vertex 81.2725 19.4776 5
    endloop
  endfacet
  facet normal 0.233527 0.97235 0
    outer loop
      vertex 80.8911 19.5692 5
      vertex 81.2725 19.4776 0
      vertex 80.8911 19.5692 0
    endloop
  endfacet
  facet normal 0.0785092 0.996913 -0
    outer loop
      vertex 80.8911 19.5692 0
      vertex 80.5 19.6 5
      vertex 80.8911 19.5692 5
    endloop
  endfacet
  facet normal 0.0785092 0.996913 0
    outer loop
      vertex 80.5 19.6 5
      vertex 80.8911 19.5692 0
      vertex 80.5 19.6 0
    endloop
  endfacet
  facet normal -0.85262 0.522532 0
    outer loop
      vertex 74.2725 18.235 0
      vertex 74.4775 18.5695 5
      vertex 74.4775 18.5695 0
    endloop
  endfacet
  facet normal -0.85262 0.522532 0
    outer loop
      vertex 74.4775 18.5695 5
      vertex 74.2725 18.235 0
      vertex 74.2725 18.235 5
    endloop
  endfacet
  facet normal -0.923927 0.382569 0
    outer loop
      vertex 74.1224 17.8725 0
      vertex 74.2725 18.235 5
      vertex 74.2725 18.235 0
    endloop
  endfacet
  facet normal -0.923927 0.382569 0
    outer loop
      vertex 74.2725 18.235 5
      vertex 74.1224 17.8725 0
      vertex 74.1224 17.8725 5
    endloop
  endfacet
  facet normal -0.97235 0.233527 0
    outer loop
      vertex 74.0308 17.4911 0
      vertex 74.1224 17.8725 5
      vertex 74.1224 17.8725 0
    endloop
  endfacet
  facet normal -0.97235 0.233527 0
    outer loop
      vertex 74.1224 17.8725 5
      vertex 74.0308 17.4911 0
      vertex 74.0308 17.4911 5
    endloop
  endfacet
  facet normal -0.382569 0.923927 0
    outer loop
      vertex 75.7275 19.4776 0
      vertex 75.365 19.3275 5
      vertex 75.7275 19.4776 5
    endloop
  endfacet
  facet normal -0.382569 0.923927 0
    outer loop
      vertex 75.365 19.3275 5
      vertex 75.7275 19.4776 0
      vertex 75.365 19.3275 0
    endloop
  endfacet
  facet normal 0.996913 0.0785092 0
    outer loop
      vertex 83 17.1 5
      vertex 82.9692 17.4911 0
      vertex 82.9692 17.4911 5
    endloop
  endfacet
  facet normal 0.996913 0.0785092 0
    outer loop
      vertex 82.9692 17.4911 0
      vertex 83 17.1 5
      vertex 83 17.1 0
    endloop
  endfacet
  facet normal 1 -0 0
    outer loop
      vertex 83 9.34562 5
      vertex 83 17.1 0
      vertex 83 17.1 5
    endloop
  endfacet
  facet normal 1 0 0
    outer loop
      vertex 83 8.57558 6.23052
      vertex 83 9.34562 5
      vertex 83 8.98931 5.61714
    endloop
  endfacet
  facet normal 1 0 0
    outer loop
      vertex 83 8.12007 6.81355
      vertex 83 9.34562 5
      vertex 83 8.57558 6.23052
    endloop
  endfacet
  facet normal 1 0 0
    outer loop
      vertex 83 7.625 7.36338
      vertex 83 9.34562 5
      vertex 83 8.12007 6.81355
    endloop
  endfacet
  facet normal 1 0 0
    outer loop
      vertex 83 7.09278 7.87733
      vertex 83 9.34562 5
      vertex 83 7.625 7.36338
    endloop
  endfacet
  facet normal 1 0 0
    outer loop
      vertex 83 6.52601 8.35291
      vertex 83 9.34562 5
      vertex 83 7.09278 7.87733
    endloop
  endfacet
  facet normal 1 0 0
    outer loop
      vertex 83 5.92744 8.7878
      vertex 83 9.34562 5
      vertex 83 6.52601 8.35291
    endloop
  endfacet
  facet normal 1 0 0
    outer loop
      vertex 83 5.3 9.17987
      vertex 83 9.34562 5
      vertex 83 5.92744 8.7878
    endloop
  endfacet
  facet normal 1 0 0
    outer loop
      vertex 83 4.64673 9.52722
      vertex 83 9.34562 5
      vertex 83 5.3 9.17987
    endloop
  endfacet
  facet normal 1 0 0
    outer loop
      vertex 83 3.97083 9.82815
      vertex 83 9.34562 5
      vertex 83 4.64673 9.52722
    endloop
  endfacet
  facet normal 1 0 0
    outer loop
      vertex 83 3.27558 10.0812
      vertex 83 9.34562 5
      vertex 83 3.97083 9.82815
    endloop
  endfacet
  facet normal 1 0 0
    outer loop
      vertex 83 2.56437 10.2851
      vertex 83 9.34562 5
      vertex 83 3.27558 10.0812
    endloop
  endfacet
  facet normal 1 0 0
    outer loop
      vertex 83 1.84067 10.439
      vertex 83 9.34562 5
      vertex 83 2.56437 10.2851
    endloop
  endfacet
  facet normal 1 0 0
    outer loop
      vertex 83 1.108 10.5419
      vertex 83 9.34562 5
      vertex 83 1.84067 10.439
    endloop
  endfacet
  facet normal 1 0 0
    outer loop
      vertex 83 0.369934 10.5935
      vertex 83 9.34562 5
      vertex 83 1.108 10.5419
    endloop
  endfacet
  facet normal 1 0 0
    outer loop
      vertex 83 -10.6 0
      vertex 83 9.34562 5
      vertex 83 0.369934 10.5935
    endloop
  endfacet
  facet normal 1 0 0
    outer loop
      vertex 83 -10.6 0
      vertex 83 0.369934 10.5935
      vertex 83 -0.369934 10.5935
    endloop
  endfacet
  facet normal 1 0 0
    outer loop
      vertex 83 -10.6 0
      vertex 83 -0.369934 10.5935
      vertex 83 -1.108 10.5419
    endloop
  endfacet
  facet normal 1 0 0
    outer loop
      vertex 83 -10.6 0
      vertex 83 -1.108 10.5419
      vertex 83 -1.84067 10.439
    endloop
  endfacet
  facet normal 1 0 0
    outer loop
      vertex 83 -10.6 0
      vertex 83 -1.84067 10.439
      vertex 83 -2.56437 10.2851
    endloop
  endfacet
  facet normal 1 0 0
    outer loop
      vertex 83 -10.6 0
      vertex 83 -2.56437 10.2851
      vertex 83 -3.27558 10.0812
    endloop
  endfacet
  facet normal 1 0 0
    outer loop
      vertex 83 -10.6 0
      vertex 83 -3.27558 10.0812
      vertex 83 -3.97083 9.82815
    endloop
  endfacet
  facet normal 1 0 0
    outer loop
      vertex 83 -10.6 0
      vertex 83 -3.97083 9.82815
      vertex 83 -4.64673 9.52722
    endloop
  endfacet
  facet normal 1 0 0
    outer loop
      vertex 83 -10.6 0
      vertex 83 -4.64673 9.52722
      vertex 83 -5.3 9.17987
    endloop
  endfacet
  facet normal 1 0 0
    outer loop
      vertex 83 -10.6 0
      vertex 83 -5.3 9.17987
      vertex 83 -5.92744 8.7878
    endloop
  endfacet
  facet normal 1 0 0
    outer loop
      vertex 83 -10.6 0
      vertex 83 -5.92744 8.7878
      vertex 83 -6.52601 8.35291
    endloop
  endfacet
  facet normal 1 0 0
    outer loop
      vertex 83 -10.6 0
      vertex 83 -6.52601 8.35291
      vertex 83 -7.09278 7.87733
    endloop
  endfacet
  facet normal 1 0 0
    outer loop
      vertex 83 -10.6 0
      vertex 83 -7.09278 7.87733
      vertex 83 -7.625 7.36338
    endloop
  endfacet
  facet normal 1 0 0
    outer loop
      vertex 83 -10.6 0
      vertex 83 -7.625 7.36338
      vertex 83 -8.12007 6.81355
    endloop
  endfacet
  facet normal 1 0 0
    outer loop
      vertex 83 -10.6 0
      vertex 83 -8.12007 6.81355
      vertex 83 -8.57558 6.23052
    endloop
  endfacet
  facet normal 1 0 0
    outer loop
      vertex 83 -10.6 0
      vertex 83 -8.57558 6.23052
      vertex 83 -8.98931 5.61714
    endloop
  endfacet
  facet normal 1 0 0
    outer loop
      vertex 83 -10.6 0
      vertex 83 -8.98931 5.61714
      vertex 83 -9.35924 4.9764
    endloop
  endfacet
  facet normal 1 0 0
    outer loop
      vertex 83 -10.6 0
      vertex 83 -9.35924 4.9764
      vertex 83 -9.68358 4.31141
    endloop
  endfacet
  facet normal 1 0 0
    outer loop
      vertex 83 -10.6 0
      vertex 83 -9.68358 4.31141
      vertex 83 -9.96074 3.62541
    endloop
  endfacet
  facet normal 1 0 0
    outer loop
      vertex 83 -10.6 0
      vertex 83 -9.96074 3.62541
      vertex 83 -10.1894 2.92176
    endloop
  endfacet
  facet normal 1 0 0
    outer loop
      vertex 83 -10.6 0
      vertex 83 -10.1894 2.92176
      vertex 83 -10.3684 2.20386
    endloop
  endfacet
  facet normal 1 0 0
    outer loop
      vertex 83 -10.6 0
      vertex 83 -10.3684 2.20386
      vertex 83 -10.4968 1.47523
    endloop
  endfacet
  facet normal 1 0 0
    outer loop
      vertex 83 -10.6 0
      vertex 83 -10.4968 1.47523
      vertex 83 -10.5742 0.739418
    endloop
  endfacet
  facet normal 1 0 0
    outer loop
      vertex 83 9.34562 5
      vertex 83 -10.6 0
      vertex 83 17.1 0
    endloop
  endfacet
  facet normal -0.649489 0.760371 0
    outer loop
      vertex 75.0305 19.1225 0
      vertex 74.7322 18.8677 5
      vertex 75.0305 19.1225 5
    endloop
  endfacet
  facet normal -0.649489 0.760371 0
    outer loop
      vertex 74.7322 18.8677 5
      vertex 75.0305 19.1225 0
      vertex 74.7322 18.8677 0
    endloop
  endfacet
  facet normal -0.233527 0.97235 0
    outer loop
      vertex 76.1089 19.5692 0
      vertex 75.7275 19.4776 5
      vertex 76.1089 19.5692 5
    endloop
  endfacet
  facet normal -0.233527 0.97235 0
    outer loop
      vertex 75.7275 19.4776 5
      vertex 76.1089 19.5692 0
      vertex 75.7275 19.4776 0
    endloop
  endfacet
  facet normal 0.382569 0.923927 -0
    outer loop
      vertex 81.635 19.3275 0
      vertex 81.2725 19.4776 5
      vertex 81.635 19.3275 5
    endloop
  endfacet
  facet normal 0.382569 0.923927 0
    outer loop
      vertex 81.2725 19.4776 5
      vertex 81.635 19.3275 0
      vertex 81.2725 19.4776 0
    endloop
  endfacet
  facet normal 0.649489 0.760371 -0
    outer loop
      vertex 82.2678 18.8677 0
      vertex 81.9695 19.1225 5
      vertex 82.2678 18.8677 5
    endloop
  endfacet
  facet normal 0.649489 0.760371 0
    outer loop
      vertex 81.9695 19.1225 5
      vertex 82.2678 18.8677 0
      vertex 81.9695 19.1225 0
    endloop
  endfacet
  facet normal 0.522532 0.85262 -0
    outer loop
      vertex 81.9695 19.1225 0
      vertex 81.635 19.3275 5
      vertex 81.9695 19.1225 5
    endloop
  endfacet
  facet normal 0.522532 0.85262 0
    outer loop
      vertex 81.635 19.3275 5
      vertex 81.9695 19.1225 0
      vertex 81.635 19.3275 0
    endloop
  endfacet
  facet normal -0 0.0697422 0.997565
    outer loop
      vertex 0 1.108 10.5419
      vertex 83 0.369934 10.5935
      vertex 83 1.108 10.5419
    endloop
  endfacet
  facet normal 0 0.0697422 0.997565
    outer loop
      vertex 83 0.369934 10.5935
      vertex 0 1.108 10.5419
      vertex 0 0.369934 10.5935
    endloop
  endfacet
  facet normal 0 -0.34202 0.939693
    outer loop
      vertex 0 -3.27558 10.0812
      vertex 83 -3.97083 9.82815
      vertex 83 -3.27558 10.0812
    endloop
  endfacet
  facet normal 0 -0.34202 0.939693
    outer loop
      vertex 83 -3.97083 9.82815
      vertex 0 -3.27558 10.0812
      vertex 0 -3.97083 9.82815
    endloop
  endfacet
  facet normal 0 -0.999392 0.0348711
    outer loop
      vertex 80 -10.6 0
      vertex 83 -10.5742 0.739418
      vertex 80 -10.5742 0.739418
    endloop
  endfacet
  facet normal 0 -0.999392 0.0348711
    outer loop
      vertex 83 -10.5742 0.739418
      vertex 80 -10.6 0
      vertex 83 -10.6 0
    endloop
  endfacet
  facet normal 0 -0.999392 0.0348711
    outer loop
      vertex 9 -10.6 0
      vertex 62 -10.5742 0.739418
      vertex 9 -10.5742 0.739418
    endloop
  endfacet
  facet normal 0 -0.999392 0.0348711
    outer loop
      vertex 62 -10.5742 0.739418
      vertex 9 -10.6 0
      vertex 62 -10.6 0
    endloop
  endfacet
  facet normal 0 -0.994513 0.104613
    outer loop
      vertex 80 -10.5742 0.739418
      vertex 83 -10.4968 1.47523
      vertex 80 -10.4968 1.47523
    endloop
  endfacet
  facet normal 0 -0.994513 0.104613
    outer loop
      vertex 83 -10.4968 1.47523
      vertex 80 -10.5742 0.739418
      vertex 83 -10.5742 0.739418
    endloop
  endfacet
  facet normal 0 -0.994513 0.104613
    outer loop
      vertex 9 -10.5742 0.739418
      vertex 62 -10.4968 1.47523
      vertex 9 -10.4968 1.47523
    endloop
  endfacet
  facet normal 0 -0.994513 0.104613
    outer loop
      vertex 62 -10.4968 1.47523
      vertex 9 -10.5742 0.739418
      vertex 62 -10.5742 0.739418
    endloop
  endfacet
  facet normal 0 -0.866023 0.500004
    outer loop
      vertex 9 -9.34562 5
      vertex 0 -8.98931 5.61714
      vertex 0 -9.34562 5
    endloop
  endfacet
  facet normal 0 -0.866023 0.500004
    outer loop
      vertex 0 -8.98931 5.61714
      vertex 9 -9.34562 5
      vertex 62 -8.98931 5.61714
    endloop
  endfacet
  facet normal 0 -0.866112 0.49985
    outer loop
      vertex 62 -9.35924 4.9764
      vertex 9 -9.34562 5
      vertex 9 -9.35924 4.9764
    endloop
  endfacet
  facet normal 8.84714e-08 -0.866026 0.499999
    outer loop
      vertex 9 -9.34562 5
      vertex 62 -9.35924 4.9764
      vertex 62 -8.98931 5.61714
    endloop
  endfacet
  facet normal 0 -0.866026 0.499999
    outer loop
      vertex 80 -9.35924 4.9764
      vertex 83 -8.98931 5.61714
      vertex 80 -8.98931 5.61714
    endloop
  endfacet
  facet normal 0 -0.866026 0.499999
    outer loop
      vertex 83 -8.98931 5.61714
      vertex 80 -9.35924 4.9764
      vertex 83 -9.35924 4.9764
    endloop
  endfacet
  facet normal -1.49568e-06 -0.529921 0.848047
    outer loop
      vertex 79.9616 -5.76359 8.89018
      vertex 83 -5.92744 8.7878
      vertex 83 -5.3 9.17987
    endloop
  endfacet
  facet normal 0 -0.529901 0.848059
    outer loop
      vertex 83 -5.92744 8.7878
      vertex 79.9616 -5.76359 8.89018
      vertex 79.9716 -5.92744 8.7878
    endloop
  endfacet
  facet normal 0 -0.529928 0.848042
    outer loop
      vertex 79.9616 -5.76359 8.89018
      vertex 83 -5.3 9.17987
      vertex 79.8737 -5.3 9.17987
    endloop
  endfacet
  facet normal 0 -0.529928 0.848042
    outer loop
      vertex 0 -5.3 9.17987
      vertex 62.0384 -5.76359 8.89018
      vertex 62.1263 -5.3 9.17987
    endloop
  endfacet
  facet normal 2.80387e-07 -0.529901 0.848059
    outer loop
      vertex 0 -5.3 9.17987
      vertex 62.0284 -5.92744 8.7878
      vertex 62.0384 -5.76359 8.89018
    endloop
  endfacet
  facet normal 0 -0.529921 0.848047
    outer loop
      vertex 62.0284 -5.92744 8.7878
      vertex 0 -5.3 9.17987
      vertex 0 -5.92744 8.7878
    endloop
  endfacet
  facet normal -0 0.208006 0.978128
    outer loop
      vertex 0 2.56437 10.2851
      vertex 83 1.84067 10.439
      vertex 83 2.56437 10.2851
    endloop
  endfacet
  facet normal 0 0.208006 0.978128
    outer loop
      vertex 83 1.84067 10.439
      vertex 0 2.56437 10.2851
      vertex 0 1.84067 10.439
    endloop
  endfacet
  facet normal 0 0.743144 0.669131
    outer loop
      vertex 19.2 8.12007 6.81355
      vertex 0 7.625 7.36338
      vertex 19.2 7.625 7.36338
    endloop
  endfacet
  facet normal 0 0.743144 0.669131
    outer loop
      vertex 0 7.625 7.36338
      vertex 19.2 8.12007 6.81355
      vertex 0 8.12007 6.81355
    endloop
  endfacet
  facet normal 0 0.743144 0.669131
    outer loop
      vertex 83 8.12007 6.81355
      vertex 50.8 7.625 7.36338
      vertex 83 7.625 7.36338
    endloop
  endfacet
  facet normal 0 0.743144 0.669131
    outer loop
      vertex 50.8 7.625 7.36338
      vertex 83 8.12007 6.81355
      vertex 50.8 8.12007 6.81355
    endloop
  endfacet
  facet normal 0 0.829038 0.559193
    outer loop
      vertex 83 8.98931 5.61714
      vertex 50.8 8.57558 6.23052
      vertex 83 8.57558 6.23052
    endloop
  endfacet
  facet normal 0 0.829038 0.559193
    outer loop
      vertex 50.8 8.57558 6.23052
      vertex 83 8.98931 5.61714
      vertex 50.8 8.98931 5.61714
    endloop
  endfacet
  facet normal 0 0.829038 0.559193
    outer loop
      vertex 19.2 8.98931 5.61714
      vertex 0 8.57558 6.23052
      vertex 19.2 8.57558 6.23052
    endloop
  endfacet
  facet normal 0 0.829038 0.559193
    outer loop
      vertex 0 8.57558 6.23052
      vertex 19.2 8.98931 5.61714
      vertex 0 8.98931 5.61714
    endloop
  endfacet
  facet normal 0 0.984826 0.173547
    outer loop
      vertex 19.2 10.4968 1.47523
      vertex 9 10.3684 2.20386
      vertex 19.2 10.3684 2.20386
    endloop
  endfacet
  facet normal 0 0.984826 0.173547
    outer loop
      vertex 9 10.3684 2.20386
      vertex 19.2 10.4968 1.47523
      vertex 9 10.4968 1.47523
    endloop
  endfacet
  facet normal 0 0.984826 0.173547
    outer loop
      vertex 74 10.4968 1.47523
      vertex 50.8 10.3684 2.20386
      vertex 74 10.3684 2.20386
    endloop
  endfacet
  facet normal 0 0.984826 0.173547
    outer loop
      vertex 50.8 10.3684 2.20386
      vertex 74 10.4968 1.47523
      vertex 50.8 10.4968 1.47523
    endloop
  endfacet
  facet normal 0 -0.0697422 0.997565
    outer loop
      vertex 0 -0.369934 10.5935
      vertex 83 -1.108 10.5419
      vertex 83 -0.369934 10.5935
    endloop
  endfacet
  facet normal 0 -0.0697422 0.997565
    outer loop
      vertex 83 -1.108 10.5419
      vertex 0 -0.369934 10.5935
      vertex 0 -1.108 10.5419
    endloop
  endfacet
  facet normal 0 -0.275592 0.961275
    outer loop
      vertex 0 -2.56437 10.2851
      vertex 83 -3.27558 10.0812
      vertex 83 -2.56437 10.2851
    endloop
  endfacet
  facet normal 0 -0.275592 0.961275
    outer loop
      vertex 83 -3.27558 10.0812
      vertex 0 -2.56437 10.2851
      vertex 0 -3.27558 10.0812
    endloop
  endfacet
  facet normal 0 -0.208006 0.978128
    outer loop
      vertex 0 -1.84067 10.439
      vertex 83 -2.56437 10.2851
      vertex 83 -1.84067 10.439
    endloop
  endfacet
  facet normal 0 -0.208006 0.978128
    outer loop
      vertex 83 -2.56437 10.2851
      vertex 0 -1.84067 10.439
      vertex 0 -2.56437 10.2851
    endloop
  endfacet
  facet normal 0 -0.898793 0.438374
    outer loop
      vertex 80 -9.68358 4.31141
      vertex 83 -9.35924 4.9764
      vertex 80 -9.35924 4.9764
    endloop
  endfacet
  facet normal 0 -0.898793 0.438374
    outer loop
      vertex 83 -9.35924 4.9764
      vertex 80 -9.68358 4.31141
      vertex 83 -9.68358 4.31141
    endloop
  endfacet
  facet normal 0 -0.898793 0.438374
    outer loop
      vertex 9 -9.68358 4.31141
      vertex 62 -9.35924 4.9764
      vertex 9 -9.35924 4.9764
    endloop
  endfacet
  facet normal 0 -0.898793 0.438374
    outer loop
      vertex 62 -9.35924 4.9764
      vertex 9 -9.68358 4.31141
      vertex 62 -9.68358 4.31141
    endloop
  endfacet
  facet normal 0 -0.951044 0.309054
    outer loop
      vertex 80 -10.1894 2.92176
      vertex 83 -9.96074 3.62541
      vertex 80 -9.96074 3.62541
    endloop
  endfacet
  facet normal 0 -0.951044 0.309054
    outer loop
      vertex 83 -9.96074 3.62541
      vertex 80 -10.1894 2.92176
      vertex 83 -10.1894 2.92176
    endloop
  endfacet
  facet normal 0 -0.951044 0.309054
    outer loop
      vertex 9 -10.1894 2.92176
      vertex 62 -9.96074 3.62541
      vertex 9 -9.96074 3.62541
    endloop
  endfacet
  facet normal 0 -0.951044 0.309054
    outer loop
      vertex 62 -9.96074 3.62541
      vertex 9 -10.1894 2.92176
      vertex 62 -10.1894 2.92176
    endloop
  endfacet
  facet normal 0 -0.970293 0.241931
    outer loop
      vertex 80 -10.3684 2.20386
      vertex 83 -10.1894 2.92176
      vertex 80 -10.1894 2.92176
    endloop
  endfacet
  facet normal 0 -0.970293 0.241931
    outer loop
      vertex 83 -10.1894 2.92176
      vertex 80 -10.3684 2.20386
      vertex 83 -10.3684 2.20386
    endloop
  endfacet
  facet normal 0 -0.970293 0.241931
    outer loop
      vertex 9 -10.3684 2.20386
      vertex 62 -10.1894 2.92176
      vertex 9 -10.1894 2.92176
    endloop
  endfacet
  facet normal 0 -0.970293 0.241931
    outer loop
      vertex 62 -10.1894 2.92176
      vertex 9 -10.3684 2.20386
      vertex 62 -10.3684 2.20386
    endloop
  endfacet
  facet normal 0 -0.694652 0.719346
    outer loop
      vertex 0 -7.09278 7.87733
      vertex 62 -7.625 7.36338
      vertex 62 -7.09278 7.87733
    endloop
  endfacet
  facet normal 0 -0.694652 0.719346
    outer loop
      vertex 62 -7.625 7.36338
      vertex 0 -7.09278 7.87733
      vertex 0 -7.625 7.36338
    endloop
  endfacet
  facet normal 0 -0.694652 0.719346
    outer loop
      vertex 80 -7.09278 7.87733
      vertex 83 -7.625 7.36338
      vertex 83 -7.09278 7.87733
    endloop
  endfacet
  facet normal 0 -0.694652 0.719346
    outer loop
      vertex 83 -7.625 7.36338
      vertex 80 -7.09278 7.87733
      vertex 80 -7.625 7.36338
    endloop
  endfacet
  facet normal 0 -0.743144 0.669131
    outer loop
      vertex 80 -8.12007 6.81355
      vertex 83 -7.625 7.36338
      vertex 80 -7.625 7.36338
    endloop
  endfacet
  facet normal 0 -0.743144 0.669131
    outer loop
      vertex 83 -7.625 7.36338
      vertex 80 -8.12007 6.81355
      vertex 83 -8.12007 6.81355
    endloop
  endfacet
  facet normal 0 -0.743144 0.669131
    outer loop
      vertex 0 -8.12007 6.81355
      vertex 62 -7.625 7.36338
      vertex 0 -7.625 7.36338
    endloop
  endfacet
  facet normal 0 -0.743144 0.669131
    outer loop
      vertex 62 -7.625 7.36338
      vertex 0 -8.12007 6.81355
      vertex 62 -8.12007 6.81355
    endloop
  endfacet
  facet normal 0 -0.406737 0.913545
    outer loop
      vertex 83 -3.97083 9.82815
      vertex 79.7078 -4.64673 9.52722
      vertex 83 -4.64673 9.52722
    endloop
  endfacet
  facet normal -2.11705e-05 -0.406651 0.913584
    outer loop
      vertex 83 -3.97083 9.82815
      vertex 79.6967 -4.6 9.54802
      vertex 79.7078 -4.64673 9.52722
    endloop
  endfacet
  facet normal 0 -0.406743 0.913543
    outer loop
      vertex 83 -3.97083 9.82815
      vertex 62.3033 -4.6 9.54802
      vertex 79.6967 -4.6 9.54802
    endloop
  endfacet
  facet normal 0 -0.406743 0.913543
    outer loop
      vertex 0 -3.97083 9.82815
      vertex 62.3033 -4.6 9.54802
      vertex 83 -3.97083 9.82815
    endloop
  endfacet
  facet normal 1.17043e-06 -0.406647 0.913586
    outer loop
      vertex 0 -3.97083 9.82815
      vertex 62.2922 -4.64673 9.52722
      vertex 62.3033 -4.6 9.54802
    endloop
  endfacet
  facet normal 0 -0.406737 0.913545
    outer loop
      vertex 62.2922 -4.64673 9.52722
      vertex 0 -3.97083 9.82815
      vertex 0 -4.64673 9.52722
    endloop
  endfacet
  facet normal 0 -0.587788 0.809015
    outer loop
      vertex 0 -5.92744 8.7878
      vertex 62 -6.32356 8.5
      vertex 62.0284 -5.92744 8.7878
    endloop
  endfacet
  facet normal -1.16532e-08 -0.587789 0.809014
    outer loop
      vertex 0 -5.92744 8.7878
      vertex 62 -6.52601 8.35291
      vertex 62 -6.32356 8.5
    endloop
  endfacet
  facet normal 0 -0.587788 0.809015
    outer loop
      vertex 62 -6.52601 8.35291
      vertex 0 -5.92744 8.7878
      vertex 0 -6.52601 8.35291
    endloop
  endfacet
  facet normal 8.14552e-08 -0.587788 0.809015
    outer loop
      vertex 83 -5.92744 8.7878
      vertex 80 -6.32356 8.5
      vertex 83 -6.52601 8.35291
    endloop
  endfacet
  facet normal 0 -0.587788 0.809015
    outer loop
      vertex 80 -6.32356 8.5
      vertex 83 -5.92744 8.7878
      vertex 79.9716 -5.92744 8.7878
    endloop
  endfacet
  facet normal 0 -0.587789 0.809014
    outer loop
      vertex 83 -6.52601 8.35291
      vertex 80 -6.32356 8.5
      vertex 80 -6.52601 8.35291
    endloop
  endfacet
  facet normal 0 -0.64279 0.766042
    outer loop
      vertex 0 -6.52601 8.35291
      vertex 62 -7.09278 7.87733
      vertex 62 -6.52601 8.35291
    endloop
  endfacet
  facet normal 0 -0.64279 0.766042
    outer loop
      vertex 62 -7.09278 7.87733
      vertex 0 -6.52601 8.35291
      vertex 0 -7.09278 7.87733
    endloop
  endfacet
  facet normal 0 -0.64279 0.766042
    outer loop
      vertex 80 -6.52601 8.35291
      vertex 83 -7.09278 7.87733
      vertex 83 -6.52601 8.35291
    endloop
  endfacet
  facet normal 0 -0.64279 0.766042
    outer loop
      vertex 83 -7.09278 7.87733
      vertex 80 -6.52601 8.35291
      vertex 80 -7.09278 7.87733
    endloop
  endfacet
  facet normal -0 0 1
    outer loop
      vertex 0 0.369934 10.5935
      vertex 83 -0.369934 10.5935
      vertex 83 0.369934 10.5935
    endloop
  endfacet
  facet normal 0 0 1
    outer loop
      vertex 83 -0.369934 10.5935
      vertex 0 0.369934 10.5935
      vertex 0 -0.369934 10.5935
    endloop
  endfacet
  facet normal -0 0.587788 0.809015
    outer loop
      vertex 50.8 6.52601 8.35291
      vertex 83 5.92744 8.7878
      vertex 83 6.52601 8.35291
    endloop
  endfacet
  facet normal 0 0.587788 0.809015
    outer loop
      vertex 83 5.92744 8.7878
      vertex 50.8 6.52601 8.35291
      vertex 50.8 5.92744 8.7878
    endloop
  endfacet
  facet normal -0 0.587788 0.809015
    outer loop
      vertex 0 6.52601 8.35291
      vertex 19.2 5.92744 8.7878
      vertex 19.2 6.52601 8.35291
    endloop
  endfacet
  facet normal 0 0.587788 0.809015
    outer loop
      vertex 19.2 5.92744 8.7878
      vertex 0 6.52601 8.35291
      vertex 0 5.92744 8.7878
    endloop
  endfacet
  facet normal -0 0.34202 0.939693
    outer loop
      vertex 0 3.97083 9.82815
      vertex 83 3.27558 10.0812
      vertex 83 3.97083 9.82815
    endloop
  endfacet
  facet normal 0 0.34202 0.939693
    outer loop
      vertex 83 3.27558 10.0812
      vertex 0 3.97083 9.82815
      vertex 0 3.27558 10.0812
    endloop
  endfacet
  facet normal -0 0.694652 0.719346
    outer loop
      vertex 0 7.625 7.36338
      vertex 19.2 7.09278 7.87733
      vertex 19.2 7.625 7.36338
    endloop
  endfacet
  facet normal 0 0.694652 0.719346
    outer loop
      vertex 19.2 7.09278 7.87733
      vertex 0 7.625 7.36338
      vertex 0 7.09278 7.87733
    endloop
  endfacet
  facet normal -0 0.694652 0.719346
    outer loop
      vertex 50.8 7.625 7.36338
      vertex 83 7.09278 7.87733
      vertex 83 7.625 7.36338
    endloop
  endfacet
  facet normal 0 0.694652 0.719346
    outer loop
      vertex 83 7.09278 7.87733
      vertex 50.8 7.625 7.36338
      vertex 50.8 7.09278 7.87733
    endloop
  endfacet
  facet normal 0 0.898793 0.438374
    outer loop
      vertex 19.2 9.68358 4.31141
      vertex 9 9.35924 4.9764
      vertex 19.2 9.35924 4.9764
    endloop
  endfacet
  facet normal 0 0.898793 0.438374
    outer loop
      vertex 9 9.35924 4.9764
      vertex 19.2 9.68358 4.31141
      vertex 9 9.68358 4.31141
    endloop
  endfacet
  facet normal 0 0.898793 0.438374
    outer loop
      vertex 74 9.68358 4.31141
      vertex 50.8 9.35924 4.9764
      vertex 74 9.35924 4.9764
    endloop
  endfacet
  facet normal 0 0.898793 0.438374
    outer loop
      vertex 50.8 9.35924 4.9764
      vertex 74 9.68358 4.31141
      vertex 50.8 9.68358 4.31141
    endloop
  endfacet
  facet normal 0 0.970293 0.241931
    outer loop
      vertex 19.2 10.3684 2.20386
      vertex 9 10.1894 2.92176
      vertex 19.2 10.1894 2.92176
    endloop
  endfacet
  facet normal 0 0.970293 0.241931
    outer loop
      vertex 9 10.1894 2.92176
      vertex 19.2 10.3684 2.20386
      vertex 9 10.3684 2.20386
    endloop
  endfacet
  facet normal 0 0.970293 0.241931
    outer loop
      vertex 74 10.3684 2.20386
      vertex 50.8 10.1894 2.92176
      vertex 74 10.1894 2.92176
    endloop
  endfacet
  facet normal 0 0.970293 0.241931
    outer loop
      vertex 50.8 10.1894 2.92176
      vertex 74 10.3684 2.20386
      vertex 50.8 10.3684 2.20386
    endloop
  endfacet
  facet normal 0 0.994513 0.104613
    outer loop
      vertex 19.2 10.5742 0.739418
      vertex 9 10.4968 1.47523
      vertex 19.2 10.4968 1.47523
    endloop
  endfacet
  facet normal 0 0.994513 0.104613
    outer loop
      vertex 9 10.4968 1.47523
      vertex 19.2 10.5742 0.739418
      vertex 9 10.5742 0.739418
    endloop
  endfacet
  facet normal 0 0.994513 0.104613
    outer loop
      vertex 74 10.5742 0.739418
      vertex 50.8 10.4968 1.47523
      vertex 74 10.4968 1.47523
    endloop
  endfacet
  facet normal 0 0.994513 0.104613
    outer loop
      vertex 50.8 10.4968 1.47523
      vertex 74 10.5742 0.739418
      vertex 50.8 10.5742 0.739418
    endloop
  endfacet
  facet normal 0 0.999392 0.0348711
    outer loop
      vertex 19.2 10.6 0
      vertex 9 10.5742 0.739418
      vertex 19.2 10.5742 0.739418
    endloop
  endfacet
  facet normal 0 0.999392 0.0348711
    outer loop
      vertex 9 10.5742 0.739418
      vertex 19.2 10.6 0
      vertex 9 10.6 0
    endloop
  endfacet
  facet normal 0 0.999392 0.0348711
    outer loop
      vertex 74 10.6 0
      vertex 50.8 10.5742 0.739418
      vertex 74 10.5742 0.739418
    endloop
  endfacet
  facet normal 0 0.999392 0.0348711
    outer loop
      vertex 50.8 10.5742 0.739418
      vertex 74 10.6 0
      vertex 50.8 10.6 0
    endloop
  endfacet
  facet normal 0 -0.13908 0.990281
    outer loop
      vertex 0 -1.108 10.5419
      vertex 83 -1.84067 10.439
      vertex 83 -1.108 10.5419
    endloop
  endfacet
  facet normal 0 -0.13908 0.990281
    outer loop
      vertex 83 -1.84067 10.439
      vertex 0 -1.108 10.5419
      vertex 0 -1.84067 10.439
    endloop
  endfacet
  facet normal 0 -0.984826 0.173547
    outer loop
      vertex 80 -10.4968 1.47523
      vertex 83 -10.3684 2.20386
      vertex 80 -10.3684 2.20386
    endloop
  endfacet
  facet normal 0 -0.984826 0.173547
    outer loop
      vertex 83 -10.3684 2.20386
      vertex 80 -10.4968 1.47523
      vertex 83 -10.4968 1.47523
    endloop
  endfacet
  facet normal 0 -0.984826 0.173547
    outer loop
      vertex 9 -10.4968 1.47523
      vertex 62 -10.3684 2.20386
      vertex 9 -10.3684 2.20386
    endloop
  endfacet
  facet normal 0 -0.984826 0.173547
    outer loop
      vertex 62 -10.3684 2.20386
      vertex 9 -10.4968 1.47523
      vertex 62 -10.4968 1.47523
    endloop
  endfacet
  facet normal 0 -0.788013 0.615659
    outer loop
      vertex 0 -8.57558 6.23052
      vertex 62 -8.12007 6.81355
      vertex 0 -8.12007 6.81355
    endloop
  endfacet
  facet normal 0 -0.788013 0.615659
    outer loop
      vertex 62 -8.12007 6.81355
      vertex 0 -8.57558 6.23052
      vertex 62 -8.57558 6.23052
    endloop
  endfacet
  facet normal 0 -0.788013 0.615659
    outer loop
      vertex 80 -8.57558 6.23052
      vertex 83 -8.12007 6.81355
      vertex 80 -8.12007 6.81355
    endloop
  endfacet
  facet normal 0 -0.788013 0.615659
    outer loop
      vertex 83 -8.12007 6.81355
      vertex 80 -8.57558 6.23052
      vertex 83 -8.57558 6.23052
    endloop
  endfacet
  facet normal 0 -0.829038 0.559193
    outer loop
      vertex 0 -8.98931 5.61714
      vertex 62 -8.57558 6.23052
      vertex 0 -8.57558 6.23052
    endloop
  endfacet
  facet normal 0 -0.829038 0.559193
    outer loop
      vertex 62 -8.57558 6.23052
      vertex 0 -8.98931 5.61714
      vertex 62 -8.98931 5.61714
    endloop
  endfacet
  facet normal 0 -0.829038 0.559193
    outer loop
      vertex 80 -8.98931 5.61714
      vertex 83 -8.57558 6.23052
      vertex 80 -8.57558 6.23052
    endloop
  endfacet
  facet normal 0 -0.829038 0.559193
    outer loop
      vertex 83 -8.57558 6.23052
      vertex 80 -8.98931 5.61714
      vertex 83 -8.98931 5.61714
    endloop
  endfacet
  facet normal 0 -0.469472 0.882947
    outer loop
      vertex 83 -4.64673 9.52722
      vertex 79.8737 -5.3 9.17987
      vertex 83 -5.3 9.17987
    endloop
  endfacet
  facet normal 1.19793e-06 -0.469476 0.882945
    outer loop
      vertex 83 -4.64673 9.52722
      vertex 79.8478 -5.1392 9.26537
      vertex 79.8737 -5.3 9.17987
    endloop
  endfacet
  facet normal 0 -0.46947 0.882948
    outer loop
      vertex 79.8478 -5.1392 9.26537
      vertex 83 -4.64673 9.52722
      vertex 79.7078 -4.64673 9.52722
    endloop
  endfacet
  facet normal 0 -0.46947 0.882948
    outer loop
      vertex 0 -4.64673 9.52722
      vertex 62.1522 -5.1392 9.26537
      vertex 62.2922 -4.64673 9.52722
    endloop
  endfacet
  facet normal -6.22051e-08 -0.469476 0.882945
    outer loop
      vertex 0 -4.64673 9.52722
      vertex 62.1263 -5.3 9.17987
      vertex 62.1522 -5.1392 9.26537
    endloop
  endfacet
  facet normal 0 -0.469472 0.882947
    outer loop
      vertex 62.1263 -5.3 9.17987
      vertex 0 -4.64673 9.52722
      vertex 0 -5.3 9.17987
    endloop
  endfacet
  facet normal -0 0.13908 0.990281
    outer loop
      vertex 0 1.84067 10.439
      vertex 83 1.108 10.5419
      vertex 83 1.84067 10.439
    endloop
  endfacet
  facet normal 0 0.13908 0.990281
    outer loop
      vertex 83 1.108 10.5419
      vertex 0 1.84067 10.439
      vertex 0 1.108 10.5419
    endloop
  endfacet
  facet normal -0 0.64279 0.766042
    outer loop
      vertex 50.8 7.09278 7.87733
      vertex 83 6.52601 8.35291
      vertex 83 7.09278 7.87733
    endloop
  endfacet
  facet normal 0 0.64279 0.766042
    outer loop
      vertex 83 6.52601 8.35291
      vertex 50.8 7.09278 7.87733
      vertex 50.8 6.52601 8.35291
    endloop
  endfacet
  facet normal -0 0.64279 0.766042
    outer loop
      vertex 0 7.09278 7.87733
      vertex 19.2 6.52601 8.35291
      vertex 19.2 7.09278 7.87733
    endloop
  endfacet
  facet normal 0 0.64279 0.766042
    outer loop
      vertex 19.2 6.52601 8.35291
      vertex 0 7.09278 7.87733
      vertex 0 6.52601 8.35291
    endloop
  endfacet
  facet normal -0 0.275592 0.961275
    outer loop
      vertex 0 3.27558 10.0812
      vertex 83 2.56437 10.2851
      vertex 83 3.27558 10.0812
    endloop
  endfacet
  facet normal 0 0.275592 0.961275
    outer loop
      vertex 83 2.56437 10.2851
      vertex 0 3.27558 10.0812
      vertex 0 2.56437 10.2851
    endloop
  endfacet
  facet normal 0 0.788013 0.615659
    outer loop
      vertex 83 8.57558 6.23052
      vertex 50.8 8.12007 6.81355
      vertex 83 8.12007 6.81355
    endloop
  endfacet
  facet normal 0 0.788013 0.615659
    outer loop
      vertex 50.8 8.12007 6.81355
      vertex 83 8.57558 6.23052
      vertex 50.8 8.57558 6.23052
    endloop
  endfacet
  facet normal 0 0.788013 0.615659
    outer loop
      vertex 19.2 8.57558 6.23052
      vertex 0 8.12007 6.81355
      vertex 19.2 8.12007 6.81355
    endloop
  endfacet
  facet normal 0 0.788013 0.615659
    outer loop
      vertex 0 8.12007 6.81355
      vertex 19.2 8.57558 6.23052
      vertex 0 8.57558 6.23052
    endloop
  endfacet
  facet normal -0 0.866023 0.500004
    outer loop
      vertex 74 9.34562 5
      vertex 83 8.98931 5.61714
      vertex 83 9.34562 5
    endloop
  endfacet
  facet normal 0 0.866023 0.500004
    outer loop
      vertex 83 8.98931 5.61714
      vertex 74 9.34562 5
      vertex 50.8 8.98931 5.61714
    endloop
  endfacet
  facet normal -0 0.866112 0.49985
    outer loop
      vertex 50.8 9.35924 4.9764
      vertex 74 9.34562 5
      vertex 74 9.35924 4.9764
    endloop
  endfacet
  facet normal -2.02111e-07 0.866026 0.499999
    outer loop
      vertex 74 9.34562 5
      vertex 50.8 9.35924 4.9764
      vertex 50.8 8.98931 5.61714
    endloop
  endfacet
  facet normal 0 0.866023 0.500004
    outer loop
      vertex 19.2 8.98931 5.61714
      vertex 9 9.34562 5
      vertex 0 8.98931 5.61714
    endloop
  endfacet
  facet normal 4.59704e-07 0.866026 0.499999
    outer loop
      vertex 19.2 9.35924 4.9764
      vertex 9 9.34562 5
      vertex 19.2 8.98931 5.61714
    endloop
  endfacet
  facet normal 0 0.866112 0.49985
    outer loop
      vertex 9 9.34562 5
      vertex 19.2 9.35924 4.9764
      vertex 9 9.35924 4.9764
    endloop
  endfacet
  facet normal 0 0.866023 0.500004
    outer loop
      vertex 0 8.98931 5.61714
      vertex 9 9.34562 5
      vertex 0 9.34562 5
    endloop
  endfacet
  facet normal 0 0.927185 0.374604
    outer loop
      vertex 19.2 9.96074 3.62541
      vertex 9 9.68358 4.31141
      vertex 19.2 9.68358 4.31141
    endloop
  endfacet
  facet normal 0 0.927185 0.374604
    outer loop
      vertex 9 9.68358 4.31141
      vertex 19.2 9.96074 3.62541
      vertex 9 9.96074 3.62541
    endloop
  endfacet
  facet normal 0 0.927185 0.374604
    outer loop
      vertex 74 9.96074 3.62541
      vertex 50.8 9.68358 4.31141
      vertex 74 9.68358 4.31141
    endloop
  endfacet
  facet normal 0 0.927185 0.374604
    outer loop
      vertex 50.8 9.68358 4.31141
      vertex 74 9.96074 3.62541
      vertex 50.8 9.96074 3.62541
    endloop
  endfacet
  facet normal 0 0.951044 0.309054
    outer loop
      vertex 19.2 10.1894 2.92176
      vertex 9 9.96074 3.62541
      vertex 19.2 9.96074 3.62541
    endloop
  endfacet
  facet normal 0 0.951044 0.309054
    outer loop
      vertex 9 9.96074 3.62541
      vertex 19.2 10.1894 2.92176
      vertex 9 10.1894 2.92176
    endloop
  endfacet
  facet normal 0 0.951044 0.309054
    outer loop
      vertex 74 10.1894 2.92176
      vertex 50.8 9.96074 3.62541
      vertex 74 9.96074 3.62541
    endloop
  endfacet
  facet normal 0 0.951044 0.309054
    outer loop
      vertex 50.8 9.96074 3.62541
      vertex 74 10.1894 2.92176
      vertex 50.8 10.1894 2.92176
    endloop
  endfacet
  facet normal 0 -0.927185 0.374604
    outer loop
      vertex 80 -9.96074 3.62541
      vertex 83 -9.68358 4.31141
      vertex 80 -9.68358 4.31141
    endloop
  endfacet
  facet normal 0 -0.927185 0.374604
    outer loop
      vertex 83 -9.68358 4.31141
      vertex 80 -9.96074 3.62541
      vertex 83 -9.96074 3.62541
    endloop
  endfacet
  facet normal 0 -0.927185 0.374604
    outer loop
      vertex 9 -9.96074 3.62541
      vertex 62 -9.68358 4.31141
      vertex 9 -9.68358 4.31141
    endloop
  endfacet
  facet normal 0 -0.927185 0.374604
    outer loop
      vertex 62 -9.68358 4.31141
      vertex 9 -9.96074 3.62541
      vertex 62 -9.96074 3.62541
    endloop
  endfacet
  facet normal -0 0.529921 0.848047
    outer loop
      vertex 50.8 5.92744 8.7878
      vertex 83 5.3 9.17987
      vertex 83 5.92744 8.7878
    endloop
  endfacet
  facet normal 0 0.529921 0.848047
    outer loop
      vertex 83 5.3 9.17987
      vertex 50.8 5.92744 8.7878
      vertex 50.8 5.3 9.17987
    endloop
  endfacet
  facet normal -0 0.529921 0.848047
    outer loop
      vertex 0 5.92744 8.7878
      vertex 19.2 5.3 9.17987
      vertex 19.2 5.92744 8.7878
    endloop
  endfacet
  facet normal 0 0.529921 0.848047
    outer loop
      vertex 19.2 5.3 9.17987
      vertex 0 5.92744 8.7878
      vertex 0 5.3 9.17987
    endloop
  endfacet
  facet normal 0 0.406733 0.913547
    outer loop
      vertex 19.2 4.64673 9.52722
      vertex 0 4.64673 9.52722
      vertex 19.2 4 9.81516
    endloop
  endfacet
  facet normal -0 0.406737 0.913545
    outer loop
      vertex 50.8 4.64673 9.52722
      vertex 83 3.97083 9.82815
      vertex 83 4.64673 9.52722
    endloop
  endfacet
  facet normal -7.95291e-08 0.406733 0.913547
    outer loop
      vertex 50.8 4 9.81516
      vertex 83 3.97083 9.82815
      vertex 50.8 4.64673 9.52722
    endloop
  endfacet
  facet normal -0 0.406807 0.913514
    outer loop
      vertex 19.2 4 9.81516
      vertex 83 3.97083 9.82815
      vertex 50.8 4 9.81516
    endloop
  endfacet
  facet normal 0 0.406807 0.913514
    outer loop
      vertex 19.2 4 9.81516
      vertex 0 3.97083 9.82815
      vertex 83 3.97083 9.82815
    endloop
  endfacet
  facet normal 1.2762e-07 0.406737 0.913545
    outer loop
      vertex 0 3.97083 9.82815
      vertex 19.2 4 9.81516
      vertex 0 4.64673 9.52722
    endloop
  endfacet
  facet normal -0 0.469472 0.882947
    outer loop
      vertex 50.8 5.3 9.17987
      vertex 83 4.64673 9.52722
      vertex 83 5.3 9.17987
    endloop
  endfacet
  facet normal 0 0.469472 0.882947
    outer loop
      vertex 83 4.64673 9.52722
      vertex 50.8 5.3 9.17987
      vertex 50.8 4.64673 9.52722
    endloop
  endfacet
  facet normal -0 0.469472 0.882947
    outer loop
      vertex 0 5.3 9.17987
      vertex 19.2 4.64673 9.52722
      vertex 19.2 5.3 9.17987
    endloop
  endfacet
  facet normal 0 0.469472 0.882947
    outer loop
      vertex 19.2 4.64673 9.52722
      vertex 0 5.3 9.17987
      vertex 0 4.64673 9.52722
    endloop
  endfacet
  facet normal 0 -0.039747 0.99921
    outer loop
      vertex -4.5 -21 26
      vertex 0 -21.3972 25.9842
      vertex 0 -21 26
    endloop
  endfacet
  facet normal 0 -0.039747 0.99921
    outer loop
      vertex 0 -21.3972 25.9842
      vertex -4.5 -21 26
      vertex -4.5 -21.3972 25.9842
    endloop
  endfacet
  facet normal 0 -0.118957 0.992899
    outer loop
      vertex -4.5 -21.3972 25.9842
      vertex 0 -21.792 25.9369
      vertex 0 -21.3972 25.9842
    endloop
  endfacet
  facet normal 0 -0.118957 0.992899
    outer loop
      vertex 0 -21.792 25.9369
      vertex -4.5 -21.3972 25.9842
      vertex -4.5 -21.792 25.9369
    endloop
  endfacet
  facet normal 0 -0.274887 0.961476
    outer loop
      vertex -4.5 -22.1817 25.8584
      vertex 0 -22.564 25.7491
      vertex 0 -22.1817 25.8584
    endloop
  endfacet
  facet normal 0 -0.274887 0.961476
    outer loop
      vertex 0 -22.564 25.7491
      vertex -4.5 -22.1817 25.8584
      vertex -4.5 -22.564 25.7491
    endloop
  endfacet
  facet normal 0 -0.19747 0.980309
    outer loop
      vertex -4.5 -21.792 25.9369
      vertex 0 -22.1817 25.8584
      vertex 0 -21.792 25.9369
    endloop
  endfacet
  facet normal 0 -0.19747 0.980309
    outer loop
      vertex 0 -22.1817 25.8584
      vertex -4.5 -21.792 25.9369
      vertex -4.5 -22.1817 25.8584
    endloop
  endfacet
  facet normal -0 0.0993543 0.995052
    outer loop
      vertex -4.5 21.6937 25.9516
      vertex 0 21.2981 25.9911
      vertex 0 21.6937 25.9516
    endloop
  endfacet
  facet normal 0 0.0993543 0.995052
    outer loop
      vertex 0 21.2981 25.9911
      vertex -4.5 21.6937 25.9516
      vertex -4.5 21.2981 25.9911
    endloop
  endfacet
  facet normal -1 0 0
    outer loop
      vertex -4.5 -6.26296 9.28522
      vertex -4.5 -13.9025 14.9186
      vertex -4.5 -13.8115 15.3026
    endloop
  endfacet
  facet normal -1 0 0
    outer loop
      vertex -4.5 -11.1727 0.781272
      vertex -4.5 -14.0797 14.5658
      vertex -4.5 -13.9025 14.9186
    endloop
  endfacet
  facet normal -1 0 0
    outer loop
      vertex -4.5 -11.1727 0.781272
      vertex -4.5 -14.3334 14.2635
      vertex -4.5 -14.0797 14.5658
    endloop
  endfacet
  facet normal -1 0 0
    outer loop
      vertex -4.5 -11.1727 0.781272
      vertex -4.5 -14.65 14.0278
      vertex -4.5 -14.3334 14.2635
    endloop
  endfacet
  facet normal -1 0 0
    outer loop
      vertex -4.5 -11.1727 0.781272
      vertex -4.5 -15.0124 13.8714
      vertex -4.5 -14.65 14.0278
    endloop
  endfacet
  facet normal -1 0 0
    outer loop
      vertex -4.5 -11.1727 0.781272
      vertex -4.5 -15.4012 13.8029
      vertex -4.5 -15.0124 13.8714
    endloop
  endfacet
  facet normal -1 0 0
    outer loop
      vertex -4.5 -11.1727 0.781272
      vertex -4.5 -15.7952 13.8258
      vertex -4.5 -15.4012 13.8029
    endloop
  endfacet
  facet normal -1 0 0
    outer loop
      vertex -4.5 -11.1727 0.781272
      vertex -4.5 -16.1733 13.939
      vertex -4.5 -15.7952 13.8258
    endloop
  endfacet
  facet normal -1 -0 0
    outer loop
      vertex -4.5 -11.1727 0.781272
      vertex -4.5 -26 0
      vertex -4.5 -16.1733 13.939
    endloop
  endfacet
  facet normal -1 -0 0
    outer loop
      vertex -4.5 -16.1733 13.939
      vertex -4.5 -26 0
      vertex -4.5 -16.5152 14.1364
    endloop
  endfacet
  facet normal -1 -0 0
    outer loop
      vertex -4.5 -16.5152 14.1364
      vertex -4.5 -26 0
      vertex -4.5 -16.8023 14.4073
    endloop
  endfacet
  facet normal -1 0 0
    outer loop
      vertex -4.5 -26 21
      vertex -4.5 -17.2 15.5
      vertex -4.5 -17.1542 15.108
    endloop
  endfacet
  facet normal -1 0 0
    outer loop
      vertex -4.5 -17.2 15.5
      vertex -4.5 -26 21
      vertex -4.5 -21 26
    endloop
  endfacet
  facet normal -1 0 0
    outer loop
      vertex -4.5 -26 21
      vertex -4.5 -17.1542 15.108
      vertex -4.5 -17.0192 14.737
    endloop
  endfacet
  facet normal -1 0 0
    outer loop
      vertex -4.5 -21 26
      vertex -4.5 -26 21
      vertex -4.5 -21.3972 25.9842
    endloop
  endfacet
  facet normal -1 -0 0
    outer loop
      vertex -4.5 -16.8023 14.4073
      vertex -4.5 -26 0
      vertex -4.5 -17.0192 14.737
    endloop
  endfacet
  facet normal -1 0 0
    outer loop
      vertex -4.5 -21.3972 25.9842
      vertex -4.5 -26 21
      vertex -4.5 -21.792 25.9369
    endloop
  endfacet
  facet normal -1 0 0
    outer loop
      vertex -4.5 -21.792 25.9369
      vertex -4.5 -26 21
      vertex -4.5 -22.1817 25.8584
    endloop
  endfacet
  facet normal -1 0 0
    outer loop
      vertex -4.5 -22.1817 25.8584
      vertex -4.5 -26 21
      vertex -4.5 -22.564 25.7491
    endloop
  endfacet
  facet normal -1 0 0
    outer loop
      vertex -4.5 -22.564 25.7491
      vertex -4.5 -26 21
      vertex -4.5 -22.9364 25.6098
    endloop
  endfacet
  facet normal -1 0 0
    outer loop
      vertex -4.5 -22.9364 25.6098
      vertex -4.5 -26 21
      vertex -4.5 -23.2965 25.4414
    endloop
  endfacet
  facet normal -1 0 0
    outer loop
      vertex -4.5 -23.2965 25.4414
      vertex -4.5 -26 21
      vertex -4.5 -23.6421 25.2449
    endloop
  endfacet
  facet normal -1 0 0
    outer loop
      vertex -4.5 -23.6421 25.2449
      vertex -4.5 -26 21
      vertex -4.5 -23.971 25.0216
    endloop
  endfacet
  facet normal -1 0 0
    outer loop
      vertex -4.5 -23.971 25.0216
      vertex -4.5 -26 21
      vertex -4.5 -24.2811 24.7728
    endloop
  endfacet
  facet normal -1 0 0
    outer loop
      vertex -4.5 -24.2811 24.7728
      vertex -4.5 -26 21
      vertex -4.5 -24.5705 24.5002
    endloop
  endfacet
  facet normal -1 0 0
    outer loop
      vertex -4.5 -24.5705 24.5002
      vertex -4.5 -26 21
      vertex -4.5 -24.8373 24.2055
    endloop
  endfacet
  facet normal -1 0 0
    outer loop
      vertex -4.5 -24.8373 24.2055
      vertex -4.5 -26 21
      vertex -4.5 -25.0799 23.8905
    endloop
  endfacet
  facet normal -1 0 0
    outer loop
      vertex -4.5 -25.0799 23.8905
      vertex -4.5 -26 21
      vertex -4.5 -25.2966 23.5572
    endloop
  endfacet
  facet normal -1 0 0
    outer loop
      vertex -4.5 -25.2966 23.5572
      vertex -4.5 -26 21
      vertex -4.5 -25.4862 23.2077
    endloop
  endfacet
  facet normal -1 0 0
    outer loop
      vertex -4.5 -25.4862 23.2077
      vertex -4.5 -26 21
      vertex -4.5 -25.6474 22.8443
    endloop
  endfacet
  facet normal -1 0 0
    outer loop
      vertex -4.5 -25.6474 22.8443
      vertex -4.5 -26 21
      vertex -4.5 -25.7793 22.4693
    endloop
  endfacet
  facet normal -1 0 0
    outer loop
      vertex -4.5 -25.7793 22.4693
      vertex -4.5 -26 21
      vertex -4.5 -25.8809 22.0849
    endloop
  endfacet
  facet normal -1 0 0
    outer loop
      vertex -4.5 -25.8809 22.0849
      vertex -4.5 -26 21
      vertex -4.5 -25.9516 21.6937
    endloop
  endfacet
  facet normal -1 -0 0
    outer loop
      vertex -4.5 -17.0192 14.737
      vertex -4.5 -26 0
      vertex -4.5 -26 21
    endloop
  endfacet
  facet normal -1 0 0
    outer loop
      vertex -4.5 -25.9516 21.6937
      vertex -4.5 -26 21
      vertex -4.5 -25.9911 21.2981
    endloop
  endfacet
  facet normal -1 0 0
    outer loop
      vertex -4.5 17.0975 14.9186
      vertex -4.5 26 21
      vertex -4.5 26 0
    endloop
  endfacet
  facet normal -1 0 -0
    outer loop
      vertex -4.5 17.1885 15.3026
      vertex -4.5 26 21
      vertex -4.5 17.0975 14.9186
    endloop
  endfacet
  facet normal -1 0 0
    outer loop
      vertex -4.5 17.1885 15.6974
      vertex -4.5 26 21
      vertex -4.5 17.1885 15.3026
    endloop
  endfacet
  facet normal -1 0 0
    outer loop
      vertex -4.5 17.0975 16.0814
      vertex -4.5 26 21
      vertex -4.5 17.1885 15.6974
    endloop
  endfacet
  facet normal -1 0 0
    outer loop
      vertex -4.5 16.9203 16.4342
      vertex -4.5 26 21
      vertex -4.5 17.0975 16.0814
    endloop
  endfacet
  facet normal -1 0 0
    outer loop
      vertex -4.5 16.6666 16.7365
      vertex -4.5 26 21
      vertex -4.5 16.9203 16.4342
    endloop
  endfacet
  facet normal -1 -0 0
    outer loop
      vertex -4.5 26 21
      vertex -4.5 16.6666 16.7365
      vertex -4.5 25.9842 21.3972
    endloop
  endfacet
  facet normal -1 -0 0
    outer loop
      vertex -4.5 25.9842 21.3972
      vertex -4.5 16.6666 16.7365
      vertex -4.5 25.9369 21.792
    endloop
  endfacet
  facet normal -1 -0 0
    outer loop
      vertex -4.5 25.8584 22.1817
      vertex -4.5 16.6666 16.7365
      vertex -4.5 25.7491 22.564
    endloop
  endfacet
  facet normal -1 -0 0
    outer loop
      vertex -4.5 25.7491 22.564
      vertex -4.5 16.6666 16.7365
      vertex -4.5 25.6098 22.9364
    endloop
  endfacet
  facet normal -1 -0 0
    outer loop
      vertex -4.5 25.6098 22.9364
      vertex -4.5 16.6666 16.7365
      vertex -4.5 25.4414 23.2965
    endloop
  endfacet
  facet normal -1 -0 0
    outer loop
      vertex -4.5 25.4414 23.2965
      vertex -4.5 16.6666 16.7365
      vertex -4.5 25.2449 23.6421
    endloop
  endfacet
  facet normal -1 -0 0
    outer loop
      vertex -4.5 25.2449 23.6421
      vertex -4.5 16.6666 16.7365
      vertex -4.5 25.0216 23.971
    endloop
  endfacet
  facet normal -1 -0 0
    outer loop
      vertex -4.5 25.0216 23.971
      vertex -4.5 16.6666 16.7365
      vertex -4.5 24.7728 24.2811
    endloop
  endfacet
  facet normal -1 -0 0
    outer loop
      vertex -4.5 24.7728 24.2811
      vertex -4.5 16.6666 16.7365
      vertex -4.5 24.5002 24.5705
    endloop
  endfacet
  facet normal -1 -0 0
    outer loop
      vertex -4.5 24.5002 24.5705
      vertex -4.5 16.6666 16.7365
      vertex -4.5 24.2055 24.8373
    endloop
  endfacet
  facet normal -1 -0 0
    outer loop
      vertex -4.5 24.2055 24.8373
      vertex -4.5 16.6666 16.7365
      vertex -4.5 23.8905 25.0799
    endloop
  endfacet
  facet normal -1 -0 0
    outer loop
      vertex -4.5 23.8905 25.0799
      vertex -4.5 16.6666 16.7365
      vertex -4.5 23.5572 25.2966
    endloop
  endfacet
  facet normal -1 -0 0
    outer loop
      vertex -4.5 23.5572 25.2966
      vertex -4.5 16.6666 16.7365
      vertex -4.5 23.2077 25.4862
    endloop
  endfacet
  facet normal -1 -0 0
    outer loop
      vertex -4.5 23.2077 25.4862
      vertex -4.5 16.6666 16.7365
      vertex -4.5 22.8443 25.6474
    endloop
  endfacet
  facet normal -1 -0 0
    outer loop
      vertex -4.5 22.8443 25.6474
      vertex -4.5 16.6666 16.7365
      vertex -4.5 22.4693 25.7793
    endloop
  endfacet
  facet normal -1 -0 0
    outer loop
      vertex -4.5 25.9369 21.792
      vertex -4.5 16.6666 16.7365
      vertex -4.5 25.8584 22.1817
    endloop
  endfacet
  facet normal -1 0 0
    outer loop
      vertex -4.5 26 0
      vertex -4.5 16.9203 14.5658
      vertex -4.5 17.0975 14.9186
    endloop
  endfacet
  facet normal -1 0 0
    outer loop
      vertex -4.5 26 0
      vertex -4.5 16.6666 14.2635
      vertex -4.5 16.9203 14.5658
    endloop
  endfacet
  facet normal -1 0 0
    outer loop
      vertex -4.5 26 0
      vertex -4.5 16.35 14.0278
      vertex -4.5 16.6666 14.2635
    endloop
  endfacet
  facet normal -1 0 0
    outer loop
      vertex -4.5 26 0
      vertex -4.5 15.9876 13.8714
      vertex -4.5 16.35 14.0278
    endloop
  endfacet
  facet normal -1 0 0
    outer loop
      vertex -4.5 10.7661 3.08714
      vertex -4.5 15.9876 13.8714
      vertex -4.5 26 0
    endloop
  endfacet
  facet normal -1 0 0
    outer loop
      vertex -4.5 10.5246 3.83063
      vertex -4.5 15.9876 13.8714
      vertex -4.5 10.7661 3.08714
    endloop
  endfacet
  facet normal -1 0 0
    outer loop
      vertex -4.5 15.9876 13.8714
      vertex -4.5 10.5246 3.83063
      vertex -4.5 15.5988 13.8029
    endloop
  endfacet
  facet normal -1 0 0
    outer loop
      vertex -4.5 10.2317 4.55545
      vertex -4.5 15.5988 13.8029
      vertex -4.5 10.5246 3.83063
    endloop
  endfacet
  facet normal -1 -0 0
    outer loop
      vertex -4.5 15.5988 13.8029
      vertex -4.5 9.88901 5.25808
      vertex -4.5 15.2048 13.8258
    endloop
  endfacet
  facet normal -1 0 0
    outer loop
      vertex -4.5 10.7661 3.08714
      vertex -4.5 26 0
      vertex -4.5 10.9553 2.32861
    endloop
  endfacet
  facet normal -1 0 0
    outer loop
      vertex -4.5 10.9553 2.32861
      vertex -4.5 26 0
      vertex -4.5 11.091 1.55874
    endloop
  endfacet
  facet normal -1 0 0
    outer loop
      vertex -4.5 11.091 1.55874
      vertex -4.5 26 0
      vertex -4.5 11.1727 0.781272
    endloop
  endfacet
  facet normal -1 0 0
    outer loop
      vertex -4.5 11.1727 0.781272
      vertex -4.5 26 0
      vertex -4.5 11.2 0
    endloop
  endfacet
  facet normal -1 -0 0
    outer loop
      vertex -4.5 22.4693 25.7793
      vertex -4.5 16.6666 16.7365
      vertex -4.5 22.0849 25.8809
    endloop
  endfacet
  facet normal -1 -0 0
    outer loop
      vertex -4.5 22.0849 25.8809
      vertex -4.5 16.6666 16.7365
      vertex -4.5 21.6937 25.9516
    endloop
  endfacet
  facet normal -1 -0 0
    outer loop
      vertex -4.5 21.6937 25.9516
      vertex -4.5 16.6666 16.7365
      vertex -4.5 21.2981 25.9911
    endloop
  endfacet
  facet normal -1 -0 0
    outer loop
      vertex -4.5 21.2981 25.9911
      vertex -4.5 16.6666 16.7365
      vertex -4.5 21 26
    endloop
  endfacet
  facet normal -1 0 0
    outer loop
      vertex -4.5 16.35 16.9722
      vertex -4.5 21 26
      vertex -4.5 16.6666 16.7365
    endloop
  endfacet
  facet normal -1 0 0
    outer loop
      vertex -4.5 15.9876 17.1286
      vertex -4.5 21 26
      vertex -4.5 16.35 16.9722
    endloop
  endfacet
  facet normal -1 0 0
    outer loop
      vertex -4.5 15.5988 17.1971
      vertex -4.5 21 26
      vertex -4.5 15.9876 17.1286
    endloop
  endfacet
  facet normal -1 0 0
    outer loop
      vertex -4.5 15.2048 17.1742
      vertex -4.5 21 26
      vertex -4.5 15.5988 17.1971
    endloop
  endfacet
  facet normal -1 0 0
    outer loop
      vertex -4.5 14.8267 17.061
      vertex -4.5 21 26
      vertex -4.5 15.2048 17.1742
    endloop
  endfacet
  facet normal -1 0 0
    outer loop
      vertex -4.5 14.4848 16.8636
      vertex -4.5 21 26
      vertex -4.5 14.8267 17.061
    endloop
  endfacet
  facet normal -1 0 0
    outer loop
      vertex -4.5 0.390874 11.1932
      vertex -4.5 14.4848 16.8636
      vertex -4.5 14.1977 16.5927
    endloop
  endfacet
  facet normal -1 0 0
    outer loop
      vertex -4.5 9.88901 5.25808
      vertex -4.5 15.5988 13.8029
      vertex -4.5 10.2317 4.55545
    endloop
  endfacet
  facet normal -1 0 0
    outer loop
      vertex -4.5 9.49814 5.93509
      vertex -4.5 15.2048 13.8258
      vertex -4.5 9.88901 5.25808
    endloop
  endfacet
  facet normal -1 -0 0
    outer loop
      vertex -4.5 15.2048 13.8258
      vertex -4.5 9.49814 5.93509
      vertex -4.5 14.8267 13.939
    endloop
  endfacet
  facet normal -1 0 0
    outer loop
      vertex -4.5 9.06099 6.58319
      vertex -4.5 14.8267 13.939
      vertex -4.5 9.49814 5.93509
    endloop
  endfacet
  facet normal -1 0 0
    outer loop
      vertex -4.5 8.5797 7.19922
      vertex -4.5 14.8267 13.939
      vertex -4.5 9.06099 6.58319
    endloop
  endfacet
  facet normal -1 -0 0
    outer loop
      vertex -4.5 14.8267 13.939
      vertex -4.5 8.5797 7.19922
      vertex -4.5 14.4848 14.1364
    endloop
  endfacet
  facet normal -1 0 0
    outer loop
      vertex -4.5 8.05661 7.78017
      vertex -4.5 14.4848 14.1364
      vertex -4.5 8.5797 7.19922
    endloop
  endfacet
  facet normal -1 -0 0
    outer loop
      vertex -4.5 14.4848 14.1364
      vertex -4.5 8.05661 7.78017
      vertex -4.5 14.1977 14.4073
    endloop
  endfacet
  facet normal -1 0 0
    outer loop
      vertex -4.5 7.49426 8.32322
      vertex -4.5 14.1977 14.4073
      vertex -4.5 8.05661 7.78017
    endloop
  endfacet
  facet normal -1 -0 0
    outer loop
      vertex -4.5 14.1977 14.4073
      vertex -4.5 7.49426 8.32322
      vertex -4.5 13.9808 14.737
    endloop
  endfacet
  facet normal -1 0 0
    outer loop
      vertex -4.5 6.89541 8.82572
      vertex -4.5 13.9808 14.737
      vertex -4.5 7.49426 8.32322
    endloop
  endfacet
  facet normal -1 0 0
    outer loop
      vertex -4.5 6.26296 9.28522
      vertex -4.5 13.9808 14.737
      vertex -4.5 6.89541 8.82572
    endloop
  endfacet
  facet normal -1 -0 0
    outer loop
      vertex -4.5 13.9808 14.737
      vertex -4.5 6.26296 9.28522
      vertex -4.5 13.8458 15.108
    endloop
  endfacet
  facet normal -1 0 0
    outer loop
      vertex -4.5 5.6 9.69948
      vertex -4.5 13.8458 15.108
      vertex -4.5 6.26296 9.28522
    endloop
  endfacet
  facet normal -1 -0 0
    outer loop
      vertex -4.5 13.8458 15.108
      vertex -4.5 5.6 9.69948
      vertex -4.5 13.8 15.5
    endloop
  endfacet
  facet normal -1 0 0
    outer loop
      vertex -4.5 4.90976 10.0665
      vertex -4.5 13.8 15.5
      vertex -4.5 5.6 9.69948
    endloop
  endfacet
  facet normal -1 0 0
    outer loop
      vertex -4.5 4.19559 10.3845
      vertex -4.5 13.8 15.5
      vertex -4.5 4.90976 10.0665
    endloop
  endfacet
  facet normal -1 -0 0
    outer loop
      vertex -4.5 13.8 15.5
      vertex -4.5 4.19559 10.3845
      vertex -4.5 13.8458 15.892
    endloop
  endfacet
  facet normal -1 0 0
    outer loop
      vertex -4.5 3.46099 10.6518
      vertex -4.5 13.8458 15.892
      vertex -4.5 4.19559 10.3845
    endloop
  endfacet
  facet normal -1 -0 0
    outer loop
      vertex -4.5 13.8458 15.892
      vertex -4.5 3.46099 10.6518
      vertex -4.5 13.9808 16.263
    endloop
  endfacet
  facet normal -1 0 0
    outer loop
      vertex -4.5 2.70953 10.8673
      vertex -4.5 13.9808 16.263
      vertex -4.5 3.46099 10.6518
    endloop
  endfacet
  facet normal -1 0 0
    outer loop
      vertex -4.5 1.94486 11.0298
      vertex -4.5 13.9808 16.263
      vertex -4.5 2.70953 10.8673
    endloop
  endfacet
  facet normal -1 -0 0
    outer loop
      vertex -4.5 13.9808 16.263
      vertex -4.5 1.94486 11.0298
      vertex -4.5 14.1977 16.5927
    endloop
  endfacet
  facet normal -1 0 0
    outer loop
      vertex -4.5 1.17072 11.1386
      vertex -4.5 14.1977 16.5927
      vertex -4.5 1.94486 11.0298
    endloop
  endfacet
  facet normal -1 0 0
    outer loop
      vertex -4.5 0.390874 11.1932
      vertex -4.5 14.1977 16.5927
      vertex -4.5 1.17072 11.1386
    endloop
  endfacet
  facet normal -1 0 0
    outer loop
      vertex -4.5 14.4848 16.8636
      vertex -4.5 0.390874 11.1932
      vertex -4.5 -14.3334 16.7365
    endloop
  endfacet
  facet normal -1 0 0
    outer loop
      vertex -4.5 -14.3334 16.7365
      vertex -4.5 0.390874 11.1932
      vertex -4.5 -0.390874 11.1932
    endloop
  endfacet
  facet normal -1 0 0
    outer loop
      vertex -4.5 -14.3334 16.7365
      vertex -4.5 -0.390874 11.1932
      vertex -4.5 -1.17072 11.1386
    endloop
  endfacet
  facet normal -1 0 0
    outer loop
      vertex -4.5 -14.0797 16.4342
      vertex -4.5 -1.17072 11.1386
      vertex -4.5 -1.94486 11.0298
    endloop
  endfacet
  facet normal -1 0 0
    outer loop
      vertex -4.5 -14.0797 16.4342
      vertex -4.5 -1.94486 11.0298
      vertex -4.5 -2.70953 10.8673
    endloop
  endfacet
  facet normal -1 0 0
    outer loop
      vertex -4.5 -13.9025 16.0814
      vertex -4.5 -2.70953 10.8673
      vertex -4.5 -3.46099 10.6518
    endloop
  endfacet
  facet normal -1 0 0
    outer loop
      vertex -4.5 -13.9025 16.0814
      vertex -4.5 -3.46099 10.6518
      vertex -4.5 -4.19559 10.3845
    endloop
  endfacet
  facet normal -1 0 0
    outer loop
      vertex -4.5 -13.8115 15.6974
      vertex -4.5 -4.19559 10.3845
      vertex -4.5 -4.90976 10.0665
    endloop
  endfacet
  facet normal -1 0 0
    outer loop
      vertex -4.5 -13.8115 15.3026
      vertex -4.5 -4.90976 10.0665
      vertex -4.5 -5.6 9.69948
    endloop
  endfacet
  facet normal -1 0 0
    outer loop
      vertex -4.5 -26 0
      vertex -4.5 -11.1727 0.781272
      vertex -4.5 -11.2 0
    endloop
  endfacet
  facet normal -1 0 0
    outer loop
      vertex -4.5 -13.9025 14.9186
      vertex -4.5 -11.091 1.55874
      vertex -4.5 -11.1727 0.781272
    endloop
  endfacet
  facet normal -1 0 0
    outer loop
      vertex -4.5 -13.9025 14.9186
      vertex -4.5 -10.9553 2.32861
      vertex -4.5 -11.091 1.55874
    endloop
  endfacet
  facet normal -1 0 0
    outer loop
      vertex -4.5 -13.9025 14.9186
      vertex -4.5 -10.7661 3.08714
      vertex -4.5 -10.9553 2.32861
    endloop
  endfacet
  facet normal -1 0 0
    outer loop
      vertex -4.5 -13.9025 14.9186
      vertex -4.5 -10.5246 3.83063
      vertex -4.5 -10.7661 3.08714
    endloop
  endfacet
  facet normal -1 0 0
    outer loop
      vertex -4.5 -13.9025 14.9186
      vertex -4.5 -10.2317 4.55545
      vertex -4.5 -10.5246 3.83063
    endloop
  endfacet
  facet normal -1 0 0
    outer loop
      vertex -4.5 -13.9025 14.9186
      vertex -4.5 -9.88901 5.25808
      vertex -4.5 -10.2317 4.55545
    endloop
  endfacet
  facet normal -1 0 0
    outer loop
      vertex -4.5 -13.9025 14.9186
      vertex -4.5 -9.49814 5.93509
      vertex -4.5 -9.88901 5.25808
    endloop
  endfacet
  facet normal -1 0 0
    outer loop
      vertex -4.5 -13.9025 14.9186
      vertex -4.5 -9.06099 6.58319
      vertex -4.5 -9.49814 5.93509
    endloop
  endfacet
  facet normal -1 0 0
    outer loop
      vertex -4.5 -13.9025 14.9186
      vertex -4.5 -8.5797 7.19922
      vertex -4.5 -9.06099 6.58319
    endloop
  endfacet
  facet normal -1 0 0
    outer loop
      vertex -4.5 -13.9025 14.9186
      vertex -4.5 -8.05661 7.78017
      vertex -4.5 -8.5797 7.19922
    endloop
  endfacet
  facet normal -1 0 0
    outer loop
      vertex -4.5 -13.9025 14.9186
      vertex -4.5 -7.49426 8.32322
      vertex -4.5 -8.05661 7.78017
    endloop
  endfacet
  facet normal -1 0 0
    outer loop
      vertex -4.5 -13.9025 14.9186
      vertex -4.5 -6.89541 8.82572
      vertex -4.5 -7.49426 8.32322
    endloop
  endfacet
  facet normal -1 0 0
    outer loop
      vertex -4.5 -13.9025 14.9186
      vertex -4.5 -6.26296 9.28522
      vertex -4.5 -6.89541 8.82572
    endloop
  endfacet
  facet normal -1 0 0
    outer loop
      vertex -4.5 -13.8115 15.3026
      vertex -4.5 -5.6 9.69948
      vertex -4.5 -6.26296 9.28522
    endloop
  endfacet
  facet normal -1 0 0
    outer loop
      vertex -4.5 -4.90976 10.0665
      vertex -4.5 -13.8115 15.3026
      vertex -4.5 -13.8115 15.6974
    endloop
  endfacet
  facet normal -1 0 0
    outer loop
      vertex -4.5 -4.19559 10.3845
      vertex -4.5 -13.8115 15.6974
      vertex -4.5 -13.9025 16.0814
    endloop
  endfacet
  facet normal -1 0 0
    outer loop
      vertex -4.5 -2.70953 10.8673
      vertex -4.5 -13.9025 16.0814
      vertex -4.5 -14.0797 16.4342
    endloop
  endfacet
  facet normal -1 0 0
    outer loop
      vertex -4.5 -1.17072 11.1386
      vertex -4.5 -14.0797 16.4342
      vertex -4.5 -14.3334 16.7365
    endloop
  endfacet
  facet normal -1 -0 0
    outer loop
      vertex -4.5 14.4848 16.8636
      vertex -4.5 -14.3334 16.7365
      vertex -4.5 21 26
    endloop
  endfacet
  facet normal -1 0 0
    outer loop
      vertex -4.5 -21 26
      vertex -4.5 -14.3334 16.7365
      vertex -4.5 -14.65 16.9722
    endloop
  endfacet
  facet normal -1 0 0
    outer loop
      vertex -4.5 -21 26
      vertex -4.5 -14.65 16.9722
      vertex -4.5 -15.0124 17.1286
    endloop
  endfacet
  facet normal -1 0 0
    outer loop
      vertex -4.5 -21 26
      vertex -4.5 -15.0124 17.1286
      vertex -4.5 -15.4012 17.1971
    endloop
  endfacet
  facet normal -1 0 0
    outer loop
      vertex -4.5 -21 26
      vertex -4.5 -15.4012 17.1971
      vertex -4.5 -15.7952 17.1742
    endloop
  endfacet
  facet normal -1 0 0
    outer loop
      vertex -4.5 -14.3334 16.7365
      vertex -4.5 -21 26
      vertex -4.5 21 26
    endloop
  endfacet
  facet normal -1 0 0
    outer loop
      vertex -4.5 -16.1733 17.061
      vertex -4.5 -21 26
      vertex -4.5 -15.7952 17.1742
    endloop
  endfacet
  facet normal -1 0 0
    outer loop
      vertex -4.5 -16.5152 16.8636
      vertex -4.5 -21 26
      vertex -4.5 -16.1733 17.061
    endloop
  endfacet
  facet normal -1 0 0
    outer loop
      vertex -4.5 -16.8023 16.5927
      vertex -4.5 -21 26
      vertex -4.5 -16.5152 16.8636
    endloop
  endfacet
  facet normal -1 0 0
    outer loop
      vertex -4.5 -17.0192 16.263
      vertex -4.5 -21 26
      vertex -4.5 -16.8023 16.5927
    endloop
  endfacet
  facet normal -1 0 0
    outer loop
      vertex -4.5 -17.1542 15.892
      vertex -4.5 -21 26
      vertex -4.5 -17.0192 16.263
    endloop
  endfacet
  facet normal -1 0 0
    outer loop
      vertex -4.5 -21 26
      vertex -4.5 -17.1542 15.892
      vertex -4.5 -17.2 15.5
    endloop
  endfacet
  facet normal 0 1 -0
    outer loop
      vertex 0 26 0
      vertex -4.5 26 21
      vertex 0 26 21
    endloop
  endfacet
  facet normal 0 1 0
    outer loop
      vertex -4.5 26 21
      vertex 0 26 0
      vertex -4.5 26 0
    endloop
  endfacet
  facet normal -0 0.545086 0.83838
    outer loop
      vertex -4.5 23.8905 25.0799
      vertex 0 23.5572 25.2966
      vertex 0 23.8905 25.0799
    endloop
  endfacet
  facet normal 0 0.545086 0.83838
    outer loop
      vertex 0 23.5572 25.2966
      vertex -4.5 23.8905 25.0799
      vertex -4.5 23.5572 25.2966
    endloop
  endfacet
  facet normal -0 0.0298425 0.999555
    outer loop
      vertex -4.5 21.2981 25.9911
      vertex 0 21 26
      vertex 0 21.2981 25.9911
    endloop
  endfacet
  facet normal 0 0.0298425 0.999555
    outer loop
      vertex 0 21 26
      vertex -4.5 21.2981 25.9911
      vertex -4.5 21 26
    endloop
  endfacet
  facet normal -0 0 1
    outer loop
      vertex -4.5 21 26
      vertex 0 -21 26
      vertex 0 21 26
    endloop
  endfacet
  facet normal 0 0 1
    outer loop
      vertex 0 -21 26
      vertex -4.5 21 26
      vertex -4.5 -21 26
    endloop
  endfacet
  facet normal 0 -1 0
    outer loop
      vertex -4.5 -26 0
      vertex 0 -26 21
      vertex -4.5 -26 21
    endloop
  endfacet
  facet normal 0 -1 -0
    outer loop
      vertex 0 -26 21
      vertex -4.5 -26 0
      vertex 0 -26 0
    endloop
  endfacet
  facet normal 0 -0.999555 0.0298425
    outer loop
      vertex -4.5 -26 21
      vertex 0 -25.9911 21.2981
      vertex -4.5 -25.9911 21.2981
    endloop
  endfacet
  facet normal 0 -0.999555 0.0298425
    outer loop
      vertex 0 -25.9911 21.2981
      vertex -4.5 -26 21
      vertex 0 -26 21
    endloop
  endfacet
  facet normal 0 -0.914102 0.405485
    outer loop
      vertex -4.5 -25.6474 22.8443
      vertex 0 -25.4862 23.2077
      vertex -4.5 -25.4862 23.2077
    endloop
  endfacet
  facet normal 0 -0.914102 0.405485
    outer loop
      vertex 0 -25.4862 23.2077
      vertex -4.5 -25.6474 22.8443
      vertex 0 -25.6474 22.8443
    endloop
  endfacet
  facet normal 0 0.936618 0.350352
    outer loop
      vertex 0 25.7491 22.564
      vertex -4.5 25.6098 22.9364
      vertex 0 25.6098 22.9364
    endloop
  endfacet
  facet normal 0 0.936618 0.350352
    outer loop
      vertex -4.5 25.6098 22.9364
      vertex 0 25.7491 22.564
      vertex -4.5 25.7491 22.564
    endloop
  endfacet
  facet normal 0 0.869309 0.494269
    outer loop
      vertex 0 25.4414 23.2965
      vertex -4.5 25.2449 23.6421
      vertex 0 25.2449 23.6421
    endloop
  endfacet
  facet normal 0 0.869309 0.494269
    outer loop
      vertex -4.5 25.2449 23.6421
      vertex 0 25.4414 23.2965
      vertex -4.5 25.4414 23.2965
    endloop
  endfacet
  facet normal -0 0.476842 0.878989
    outer loop
      vertex -4.5 23.5572 25.2966
      vertex 0 23.2077 25.4862
      vertex 0 23.5572 25.2966
    endloop
  endfacet
  facet normal 0 0.476842 0.878989
    outer loop
      vertex 0 23.2077 25.4862
      vertex -4.5 23.5572 25.2966
      vertex -4.5 23.2077 25.4862
    endloop
  endfacet
  facet normal -0 0.405485 0.914102
    outer loop
      vertex -4.5 23.2077 25.4862
      vertex 0 22.8443 25.6474
      vertex 0 23.2077 25.4862
    endloop
  endfacet
  facet normal 0 0.405485 0.914102
    outer loop
      vertex 0 22.8443 25.6474
      vertex -4.5 23.2077 25.4862
      vertex -4.5 22.8443 25.6474
    endloop
  endfacet
  facet normal 0 -0.984059 0.177845
    outer loop
      vertex -4.5 -25.9516 21.6937
      vertex 0 -25.8809 22.0849
      vertex -4.5 -25.8809 22.0849
    endloop
  endfacet
  facet normal 0 -0.984059 0.177845
    outer loop
      vertex 0 -25.8809 22.0849
      vertex -4.5 -25.9516 21.6937
      vertex 0 -25.9516 21.6937
    endloop
  endfacet
  facet normal 0 -0.83838 0.545086
    outer loop
      vertex -4.5 -25.2966 23.5572
      vertex 0 -25.0799 23.8905
      vertex -4.5 -25.0799 23.8905
    endloop
  endfacet
  facet normal 0 -0.83838 0.545086
    outer loop
      vertex 0 -25.0799 23.8905
      vertex -4.5 -25.2966 23.5572
      vertex 0 -25.2966 23.5572
    endloop
  endfacet
  facet normal 0 0.779985 0.625799
    outer loop
      vertex 0 25.0216 23.971
      vertex -4.5 24.7728 24.2811
      vertex 0 24.7728 24.2811
    endloop
  endfacet
  facet normal 0 0.779985 0.625799
    outer loop
      vertex -4.5 24.7728 24.2811
      vertex 0 25.0216 23.971
      vertex -4.5 25.0216 23.971
    endloop
  endfacet
  facet normal 0 0.99921 0.039747
    outer loop
      vertex 0 26 21
      vertex -4.5 25.9842 21.3972
      vertex 0 25.9842 21.3972
    endloop
  endfacet
  facet normal 0 0.99921 0.039747
    outer loop
      vertex -4.5 25.9842 21.3972
      vertex 0 26 21
      vertex -4.5 26 21
    endloop
  endfacet
  facet normal 0 0.980309 0.19747
    outer loop
      vertex 0 25.9369 21.792
      vertex -4.5 25.8584 22.1817
      vertex 0 25.8584 22.1817
    endloop
  endfacet
  facet normal 0 0.980309 0.19747
    outer loop
      vertex -4.5 25.8584 22.1817
      vertex 0 25.9369 21.792
      vertex -4.5 25.9369 21.792
    endloop
  endfacet
  facet normal 0 0.961476 0.274887
    outer loop
      vertex 0 25.8584 22.1817
      vertex -4.5 25.7491 22.564
      vertex 0 25.7491 22.564
    endloop
  endfacet
  facet normal 0 0.961476 0.274887
    outer loop
      vertex -4.5 25.7491 22.564
      vertex 0 25.8584 22.1817
      vertex -4.5 25.8584 22.1817
    endloop
  endfacet
  facet normal 0 0.905842 0.423615
    outer loop
      vertex 0 25.6098 22.9364
      vertex -4.5 25.4414 23.2965
      vertex 0 25.4414 23.2965
    endloop
  endfacet
  facet normal 0 0.905842 0.423615
    outer loop
      vertex -4.5 25.4414 23.2965
      vertex 0 25.6098 22.9364
      vertex -4.5 25.6098 22.9364
    endloop
  endfacet
  facet normal -0 0.177845 0.984059
    outer loop
      vertex -4.5 22.0849 25.8809
      vertex 0 21.6937 25.9516
      vertex 0 22.0849 25.8809
    endloop
  endfacet
  facet normal 0 0.177845 0.984059
    outer loop
      vertex 0 21.6937 25.9516
      vertex -4.5 22.0849 25.8809
      vertex -4.5 21.6937 25.9516
    endloop
  endfacet
  facet normal -0 0.331807 0.943347
    outer loop
      vertex -4.5 22.8443 25.6474
      vertex 0 22.4693 25.7793
      vertex 0 22.8443 25.6474
    endloop
  endfacet
  facet normal 0 0.331807 0.943347
    outer loop
      vertex 0 22.4693 25.7793
      vertex -4.5 22.8443 25.6474
      vertex -4.5 22.4693 25.7793
    endloop
  endfacet
  facet normal -0 0.255533 0.9668
    outer loop
      vertex -4.5 22.4693 25.7793
      vertex 0 22.0849 25.8809
      vertex 0 22.4693 25.7793
    endloop
  endfacet
  facet normal 0 0.255533 0.9668
    outer loop
      vertex 0 22.0849 25.8809
      vertex -4.5 22.4693 25.7793
      vertex -4.5 22.0849 25.8809
    endloop
  endfacet
  facet normal 0 -0.995052 0.0993543
    outer loop
      vertex -4.5 -25.9911 21.2981
      vertex 0 -25.9516 21.6937
      vertex -4.5 -25.9516 21.6937
    endloop
  endfacet
  facet normal 0 -0.995052 0.0993543
    outer loop
      vertex 0 -25.9516 21.6937
      vertex -4.5 -25.9911 21.2981
      vertex 0 -25.9911 21.2981
    endloop
  endfacet
  facet normal 0 -0.943347 0.331807
    outer loop
      vertex -4.5 -25.7793 22.4693
      vertex 0 -25.6474 22.8443
      vertex -4.5 -25.6474 22.8443
    endloop
  endfacet
  facet normal 0 -0.943347 0.331807
    outer loop
      vertex 0 -25.6474 22.8443
      vertex -4.5 -25.7793 22.4693
      vertex 0 -25.7793 22.4693
    endloop
  endfacet
  facet normal 0 -0.878989 0.476842
    outer loop
      vertex -4.5 -25.4862 23.2077
      vertex 0 -25.2966 23.5572
      vertex -4.5 -25.2966 23.5572
    endloop
  endfacet
  facet normal 0 -0.878989 0.476842
    outer loop
      vertex 0 -25.2966 23.5572
      vertex -4.5 -25.4862 23.2077
      vertex 0 -25.4862 23.2077
    endloop
  endfacet
  facet normal 0 -0.494269 0.869309
    outer loop
      vertex -4.5 -23.2965 25.4414
      vertex 0 -23.6421 25.2449
      vertex 0 -23.2965 25.4414
    endloop
  endfacet
  facet normal 0 -0.494269 0.869309
    outer loop
      vertex 0 -23.6421 25.2449
      vertex -4.5 -23.2965 25.4414
      vertex -4.5 -23.6421 25.2449
    endloop
  endfacet
  facet normal 0 -0.350352 0.936618
    outer loop
      vertex -4.5 -22.564 25.7491
      vertex 0 -22.9364 25.6098
      vertex 0 -22.564 25.7491
    endloop
  endfacet
  facet normal 0 -0.350352 0.936618
    outer loop
      vertex 0 -22.9364 25.6098
      vertex -4.5 -22.564 25.7491
      vertex -4.5 -22.9364 25.6098
    endloop
  endfacet
  facet normal 0 -0.741327 0.671144
    outer loop
      vertex -4.5 -24.8373 24.2055
      vertex 0 -24.5705 24.5002
      vertex -4.5 -24.5705 24.5002
    endloop
  endfacet
  facet normal 0 -0.741327 0.671144
    outer loop
      vertex 0 -24.5705 24.5002
      vertex -4.5 -24.8373 24.2055
      vertex 0 -24.8373 24.2055
    endloop
  endfacet
  facet normal 0 -0.625799 0.779985
    outer loop
      vertex -4.5 -23.971 25.0216
      vertex 0 -24.2811 24.7728
      vertex 0 -23.971 25.0216
    endloop
  endfacet
  facet normal 0 -0.625799 0.779985
    outer loop
      vertex 0 -24.2811 24.7728
      vertex -4.5 -23.971 25.0216
      vertex -4.5 -24.2811 24.7728
    endloop
  endfacet
  facet normal 0 0.827338 0.561704
    outer loop
      vertex 0 25.2449 23.6421
      vertex -4.5 25.0216 23.971
      vertex 0 25.0216 23.971
    endloop
  endfacet
  facet normal 0 0.827338 0.561704
    outer loop
      vertex -4.5 25.0216 23.971
      vertex 0 25.2449 23.6421
      vertex -4.5 25.2449 23.6421
    endloop
  endfacet
  facet normal 0 0.992899 0.118957
    outer loop
      vertex 0 25.9842 21.3972
      vertex -4.5 25.9369 21.792
      vertex 0 25.9369 21.792
    endloop
  endfacet
  facet normal 0 0.992899 0.118957
    outer loop
      vertex -4.5 25.9369 21.792
      vertex 0 25.9842 21.3972
      vertex -4.5 25.9842 21.3972
    endloop
  endfacet
  facet normal -0 0.610173 0.792269
    outer loop
      vertex -4.5 24.2055 24.8373
      vertex 0 23.8905 25.0799
      vertex 0 24.2055 24.8373
    endloop
  endfacet
  facet normal 0 0.610173 0.792269
    outer loop
      vertex 0 23.8905 25.0799
      vertex -4.5 24.2055 24.8373
      vertex -4.5 23.8905 25.0799
    endloop
  endfacet
  facet normal -0 0.671144 0.741327
    outer loop
      vertex -4.5 24.5002 24.5705
      vertex 0 24.2055 24.8373
      vertex 0 24.5002 24.5705
    endloop
  endfacet
  facet normal 0 0.671144 0.741327
    outer loop
      vertex 0 24.2055 24.8373
      vertex -4.5 24.5002 24.5705
      vertex -4.5 24.2055 24.8373
    endloop
  endfacet
  facet normal 0 0.727919 0.685663
    outer loop
      vertex 0 24.7728 24.2811
      vertex -4.5 24.5002 24.5705
      vertex 0 24.5002 24.5705
    endloop
  endfacet
  facet normal 0 0.727919 0.685663
    outer loop
      vertex -4.5 24.5002 24.5705
      vertex 0 24.7728 24.2811
      vertex -4.5 24.7728 24.2811
    endloop
  endfacet
  facet normal 0 -0.9668 0.255533
    outer loop
      vertex -4.5 -25.8809 22.0849
      vertex 0 -25.7793 22.4693
      vertex -4.5 -25.7793 22.4693
    endloop
  endfacet
  facet normal 0 -0.9668 0.255533
    outer loop
      vertex 0 -25.7793 22.4693
      vertex -4.5 -25.8809 22.0849
      vertex 0 -25.8809 22.0849
    endloop
  endfacet
  facet normal 0 -0.561704 0.827338
    outer loop
      vertex -4.5 -23.6421 25.2449
      vertex 0 -23.971 25.0216
      vertex 0 -23.6421 25.2449
    endloop
  endfacet
  facet normal 0 -0.561704 0.827338
    outer loop
      vertex 0 -23.971 25.0216
      vertex -4.5 -23.6421 25.2449
      vertex -4.5 -23.971 25.0216
    endloop
  endfacet
  facet normal 0 -0.423615 0.905842
    outer loop
      vertex -4.5 -22.9364 25.6098
      vertex 0 -23.2965 25.4414
      vertex 0 -22.9364 25.6098
    endloop
  endfacet
  facet normal 0 -0.423615 0.905842
    outer loop
      vertex 0 -23.2965 25.4414
      vertex -4.5 -22.9364 25.6098
      vertex -4.5 -23.2965 25.4414
    endloop
  endfacet
  facet normal 0 -0.685663 0.727919
    outer loop
      vertex -4.5 -24.2811 24.7728
      vertex 0 -24.5705 24.5002
      vertex 0 -24.2811 24.7728
    endloop
  endfacet
  facet normal 0 -0.685663 0.727919
    outer loop
      vertex 0 -24.5705 24.5002
      vertex -4.5 -24.2811 24.7728
      vertex -4.5 -24.5705 24.5002
    endloop
  endfacet
  facet normal 0 -0.792269 0.610173
    outer loop
      vertex -4.5 -25.0799 23.8905
      vertex 0 -24.8373 24.2055
      vertex -4.5 -24.8373 24.2055
    endloop
  endfacet
  facet normal 0 -0.792269 0.610173
    outer loop
      vertex 0 -24.8373 24.2055
      vertex -4.5 -25.0799 23.8905
      vertex 0 -25.0799 23.8905
    endloop
  endfacet
  facet normal 0 0 -1
    outer loop
      vertex 78 -15.6 0
      vertex 80 -10.6 0
      vertex 80 -15.6 0
    endloop
  endfacet
  facet normal 0 0 -1
    outer loop
      vertex 78 -7.6 0
      vertex 80 -10.6 0
      vertex 78 -15.6 0
    endloop
  endfacet
  facet normal 0 0 -1
    outer loop
      vertex 80 -10.6 0
      vertex 78 -7.6 0
      vertex 79 -7.6 0
    endloop
  endfacet
  facet normal 0 0 -1
    outer loop
      vertex 82.6 3.3 0
      vertex 83 17.1 0
      vertex 83 -10.6 0
    endloop
  endfacet
  facet normal 0 0 -1
    outer loop
      vertex 79 7.6 0
      vertex 83 17.1 0
      vertex 82.6 3.3 0
    endloop
  endfacet
  facet normal 0 -0 -1
    outer loop
      vertex 80.1021 15.1051 0
      vertex 83 17.1 0
      vertex 79.961 14.7332 0
    endloop
  endfacet
  facet normal 0 0 -1
    outer loop
      vertex 82.6 3.3 0
      vertex 83 -10.6 0
      vertex 82.6 -3.3 0
    endloop
  endfacet
  facet normal 0 0 -1
    outer loop
      vertex 79 -7.6 0
      vertex 83 -10.6 0
      vertex 80 -10.6 0
    endloop
  endfacet
  facet normal 0 0 -1
    outer loop
      vertex 83 -10.6 0
      vertex 79 -7.6 0
      vertex 82.6 -3.3 0
    endloop
  endfacet
  facet normal -0 0 -1
    outer loop
      vertex 82.6 -3.3 0
      vertex 79 -7.6 0
      vertex 79 -3.3 0
    endloop
  endfacet
  facet normal 0 -0 -1
    outer loop
      vertex 80.15 15.5 0
      vertex 83 17.1 0
      vertex 80.1021 15.1051 0
    endloop
  endfacet
  facet normal 0 0 -1
    outer loop
      vertex 80.1021 15.8949 0
      vertex 83 17.1 0
      vertex 80.15 15.5 0
    endloop
  endfacet
  facet normal 0 0 -1
    outer loop
      vertex 79.961 16.2668 0
      vertex 83 17.1 0
      vertex 80.1021 15.8949 0
    endloop
  endfacet
  facet normal -0 0 -1
    outer loop
      vertex 82.9692 17.4911 0
      vertex 79.961 16.2668 0
      vertex 82.8776 17.8725 0
    endloop
  endfacet
  facet normal -0 0 -1
    outer loop
      vertex 82.8776 17.8725 0
      vertex 79.961 16.2668 0
      vertex 82.7275 18.235 0
    endloop
  endfacet
  facet normal 0 0 -1
    outer loop
      vertex 79.735 16.5942 0
      vertex 82.7275 18.235 0
      vertex 79.961 16.2668 0
    endloop
  endfacet
  facet normal -0 0 -1
    outer loop
      vertex 82.7275 18.235 0
      vertex 79.735 16.5942 0
      vertex 82.5225 18.5695 0
    endloop
  endfacet
  facet normal -0 0 -1
    outer loop
      vertex 82.2678 18.8677 0
      vertex 79.735 16.5942 0
      vertex 81.9695 19.1225 0
    endloop
  endfacet
  facet normal -0 0 -1
    outer loop
      vertex 81.9695 19.1225 0
      vertex 79.735 16.5942 0
      vertex 81.635 19.3275 0
    endloop
  endfacet
  facet normal -0 0 -1
    outer loop
      vertex 82.5225 18.5695 0
      vertex 79.735 16.5942 0
      vertex 82.2678 18.8677 0
    endloop
  endfacet
  facet normal -0 0 -1
    outer loop
      vertex 83 17.1 0
      vertex 79.961 16.2668 0
      vertex 82.9692 17.4911 0
    endloop
  endfacet
  facet normal 0 -0 -1
    outer loop
      vertex 79.735 14.4058 0
      vertex 83 17.1 0
      vertex 79 7.6 0
    endloop
  endfacet
  facet normal 0 0 -1
    outer loop
      vertex 83 17.1 0
      vertex 79.735 14.4058 0
      vertex 79.961 14.7332 0
    endloop
  endfacet
  facet normal 0 0 -1
    outer loop
      vertex 79.735 14.4058 0
      vertex 79 7.6 0
      vertex 79.4373 14.1421 0
    endloop
  endfacet
  facet normal 0 0 -1
    outer loop
      vertex 79 7.6 0
      vertex 82.6 3.3 0
      vertex 79 3.3 0
    endloop
  endfacet
  facet normal 0 0 -1
    outer loop
      vertex 79.4373 14.1421 0
      vertex 79 7.6 0
      vertex 79.0851 13.9572 0
    endloop
  endfacet
  facet normal 0 0 -1
    outer loop
      vertex 79 7.6 0
      vertex 78.6989 13.862 0
      vertex 79.0851 13.9572 0
    endloop
  endfacet
  facet normal 0 0 -1
    outer loop
      vertex 79 7.6 0
      vertex 78.3011 13.862 0
      vertex 78.6989 13.862 0
    endloop
  endfacet
  facet normal 0 0 -1
    outer loop
      vertex 74 10.6 0
      vertex 78.3011 13.862 0
      vertex 79 7.6 0
    endloop
  endfacet
  facet normal -0 0 -1
    outer loop
      vertex 78.3011 13.862 0
      vertex 74 10.6 0
      vertex 77.9149 13.9572 0
    endloop
  endfacet
  facet normal -0 0 -1
    outer loop
      vertex 77.9149 13.9572 0
      vertex 74 10.6 0
      vertex 77.5627 14.1421 0
    endloop
  endfacet
  facet normal -0 0 -1
    outer loop
      vertex 77.5627 14.1421 0
      vertex 74 10.6 0
      vertex 77.265 14.4058 0
    endloop
  endfacet
  facet normal -0 0 -1
    outer loop
      vertex 77.265 14.4058 0
      vertex 74 10.6 0
      vertex 77.039 14.7332 0
    endloop
  endfacet
  facet normal 0 0 -1
    outer loop
      vertex 77.5627 16.8579 0
      vertex 76.1089 19.5692 0
      vertex 76.5 19.6 0
    endloop
  endfacet
  facet normal 0 0 -1
    outer loop
      vertex 74 17.1 0
      vertex 76.85 15.5 0
      vertex 76.8979 15.1051 0
    endloop
  endfacet
  facet normal 0 0 -1
    outer loop
      vertex 76.8979 15.8949 0
      vertex 75.7275 19.4776 0
      vertex 76.1089 19.5692 0
    endloop
  endfacet
  facet normal 0 0 -1
    outer loop
      vertex 76.8979 15.8949 0
      vertex 75.365 19.3275 0
      vertex 75.7275 19.4776 0
    endloop
  endfacet
  facet normal -0 0 -1
    outer loop
      vertex 77.039 14.7332 0
      vertex 74 10.6 0
      vertex 76.8979 15.1051 0
    endloop
  endfacet
  facet normal 0 0 -1
    outer loop
      vertex 76.8979 15.8949 0
      vertex 74 17.1 0
      vertex 74.0308 17.4911 0
    endloop
  endfacet
  facet normal 0 0 -1
    outer loop
      vertex 76.8979 15.8949 0
      vertex 75.0305 19.1225 0
      vertex 75.365 19.3275 0
    endloop
  endfacet
  facet normal 0 0 -1
    outer loop
      vertex 76.8979 15.8949 0
      vertex 74.7322 18.8677 0
      vertex 75.0305 19.1225 0
    endloop
  endfacet
  facet normal 0 0 -1
    outer loop
      vertex 76.8979 15.8949 0
      vertex 74.4775 18.5695 0
      vertex 74.7322 18.8677 0
    endloop
  endfacet
  facet normal 0 0 -1
    outer loop
      vertex 76.8979 15.8949 0
      vertex 74.2725 18.235 0
      vertex 74.4775 18.5695 0
    endloop
  endfacet
  facet normal 0 0 -1
    outer loop
      vertex 76.8979 15.8949 0
      vertex 74.1224 17.8725 0
      vertex 74.2725 18.235 0
    endloop
  endfacet
  facet normal -0 0 -1
    outer loop
      vertex 76.8979 15.1051 0
      vertex 74 10.6 0
      vertex 74 17.1 0
    endloop
  endfacet
  facet normal 0 0 -1
    outer loop
      vertex 47.9062 7.6 0
      vertex 74 10.6 0
      vertex 79 7.6 0
    endloop
  endfacet
  facet normal 0 0 -1
    outer loop
      vertex 48 21 0
      vertex 50.8 10.6 0
      vertex 48 7.9 0
    endloop
  endfacet
  facet normal -0 0 -1
    outer loop
      vertex 74 10.6 0
      vertex 47.9062 7.6 0
      vertex 50.8 10.6 0
    endloop
  endfacet
  facet normal 0 0 -1
    outer loop
      vertex 50.8 10.6 0
      vertex 47.9062 7.6 0
      vertex 48 7.9 0
    endloop
  endfacet
  facet normal -0 0 -1
    outer loop
      vertex 81.635 19.3275 0
      vertex 79.735 16.5942 0
      vertex 81.2725 19.4776 0
    endloop
  endfacet
  facet normal -0 0 -1
    outer loop
      vertex 81.2725 19.4776 0
      vertex 79.735 16.5942 0
      vertex 80.8911 19.5692 0
    endloop
  endfacet
  facet normal 0 0 -1
    outer loop
      vertex 79.4373 16.8579 0
      vertex 80.8911 19.5692 0
      vertex 79.735 16.5942 0
    endloop
  endfacet
  facet normal -0 0 -1
    outer loop
      vertex 80.8911 19.5692 0
      vertex 79.4373 16.8579 0
      vertex 80.5 19.6 0
    endloop
  endfacet
  facet normal 0 0 -1
    outer loop
      vertex 79.0851 17.0428 0
      vertex 80.5 19.6 0
      vertex 79.4373 16.8579 0
    endloop
  endfacet
  facet normal 0 0 -1
    outer loop
      vertex 78.6989 17.138 0
      vertex 80.5 19.6 0
      vertex 79.0851 17.0428 0
    endloop
  endfacet
  facet normal 0 0 -1
    outer loop
      vertex 78.3011 17.138 0
      vertex 80.5 19.6 0
      vertex 78.6989 17.138 0
    endloop
  endfacet
  facet normal 0 0 -1
    outer loop
      vertex 76.5 19.6 0
      vertex 78.3011 17.138 0
      vertex 77.9149 17.0428 0
    endloop
  endfacet
  facet normal 0 0 -1
    outer loop
      vertex 76.5 19.6 0
      vertex 77.9149 17.0428 0
      vertex 77.5627 16.8579 0
    endloop
  endfacet
  facet normal 0 0 -1
    outer loop
      vertex 76.1089 19.5692 0
      vertex 77.5627 16.8579 0
      vertex 77.265 16.5942 0
    endloop
  endfacet
  facet normal 0 0 -1
    outer loop
      vertex 78.3011 17.138 0
      vertex 76.5 19.6 0
      vertex 80.5 19.6 0
    endloop
  endfacet
  facet normal 0 0 -1
    outer loop
      vertex 76.1089 19.5692 0
      vertex 77.265 16.5942 0
      vertex 77.039 16.2668 0
    endloop
  endfacet
  facet normal 0 0 -1
    outer loop
      vertex 76.1089 19.5692 0
      vertex 77.039 16.2668 0
      vertex 76.8979 15.8949 0
    endloop
  endfacet
  facet normal 0 0 -1
    outer loop
      vertex 74 17.1 0
      vertex 76.8979 15.8949 0
      vertex 76.85 15.5 0
    endloop
  endfacet
  facet normal 0 0 -1
    outer loop
      vertex 76.8979 15.8949 0
      vertex 74.0308 17.4911 0
      vertex 74.1224 17.8725 0
    endloop
  endfacet
  facet normal 0 0 -1
    outer loop
      vertex 50.8 10.6 0
      vertex 48 21 0
      vertex 50.8 21 0
    endloop
  endfacet
  facet normal 0 0 -1
    outer loop
      vertex 5.961 -16.2668 0
      vertex 9 -17.1 0
      vertex 8.96922 -17.4911 0
    endloop
  endfacet
  facet normal 0 0 -1
    outer loop
      vertex 62 -10.6 0
      vertex 64 -15.6 0
      vertex 62 -15.6 0
    endloop
  endfacet
  facet normal 0 0 -1
    outer loop
      vertex 64 -15.6 0
      vertex 62 -10.6 0
      vertex 64 -7.6 0
    endloop
  endfacet
  facet normal 0 0 -1
    outer loop
      vertex 9 -10.6 0
      vertex 64 -7.6 0
      vertex 62 -10.6 0
    endloop
  endfacet
  facet normal 0 0 -1
    outer loop
      vertex 5.961 -16.2668 0
      vertex 8.96922 -17.4911 0
      vertex 8.87764 -17.8725 0
    endloop
  endfacet
  facet normal 0 0 -1
    outer loop
      vertex 5.961 -16.2668 0
      vertex 8.87764 -17.8725 0
      vertex 8.72752 -18.235 0
    endloop
  endfacet
  facet normal 0 0 -1
    outer loop
      vertex 5.73504 -16.5942 0
      vertex 8.72752 -18.235 0
      vertex 8.52254 -18.5695 0
    endloop
  endfacet
  facet normal 0 0 -1
    outer loop
      vertex 5.73504 -16.5942 0
      vertex 8.52254 -18.5695 0
      vertex 8.26776 -18.8677 0
    endloop
  endfacet
  facet normal 0 0 -1
    outer loop
      vertex 5.73504 -16.5942 0
      vertex 8.26776 -18.8677 0
      vertex 7.96947 -19.1225 0
    endloop
  endfacet
  facet normal 0 0 -1
    outer loop
      vertex 5.73504 -16.5942 0
      vertex 7.96947 -19.1225 0
      vertex 7.63498 -19.3275 0
    endloop
  endfacet
  facet normal 0 0 -1
    outer loop
      vertex 5.73504 -16.5942 0
      vertex 7.63498 -19.3275 0
      vertex 7.27254 -19.4776 0
    endloop
  endfacet
  facet normal 0 0 -1
    outer loop
      vertex 5.73504 -16.5942 0
      vertex 7.27254 -19.4776 0
      vertex 6.89108 -19.5692 0
    endloop
  endfacet
  facet normal 0 0 -1
    outer loop
      vertex 5.43731 -16.8579 0
      vertex 6.89108 -19.5692 0
      vertex 6.5 -19.6 0
    endloop
  endfacet
  facet normal 0 0 -1
    outer loop
      vertex 9 -17.1 0
      vertex 6.10205 -15.8949 0
      vertex 6.15 -15.5 0
    endloop
  endfacet
  facet normal 0 0 -1
    outer loop
      vertex 9 -17.1 0
      vertex 6.10205 -15.1051 0
      vertex 9 -10.6 0
    endloop
  endfacet
  facet normal 0 0 -1
    outer loop
      vertex 5.961 -14.7332 0
      vertex 9 -10.6 0
      vertex 6.10205 -15.1051 0
    endloop
  endfacet
  facet normal 0 0 -1
    outer loop
      vertex 5.73504 -14.4058 0
      vertex 9 -10.6 0
      vertex 5.961 -14.7332 0
    endloop
  endfacet
  facet normal 0 0 -1
    outer loop
      vertex 5.43731 -14.1421 0
      vertex 9 -10.6 0
      vertex 5.73504 -14.4058 0
    endloop
  endfacet
  facet normal 0 0 -1
    outer loop
      vertex 5.0851 -13.9572 0
      vertex 9 -10.6 0
      vertex 5.43731 -14.1421 0
    endloop
  endfacet
  facet normal 0 0 -1
    outer loop
      vertex 4.69888 -13.862 0
      vertex 9 -10.6 0
      vertex 5.0851 -13.9572 0
    endloop
  endfacet
  facet normal 0 0 -1
    outer loop
      vertex 4.30112 -13.862 0
      vertex 9 -10.6 0
      vertex 4.69888 -13.862 0
    endloop
  endfacet
  facet normal 0 0 -1
    outer loop
      vertex 0 -7.6 0
      vertex 4.30112 -13.862 0
      vertex 3.9149 -13.9572 0
    endloop
  endfacet
  facet normal 0 0 -1
    outer loop
      vertex 0 -7.6 0
      vertex 3.9149 -13.9572 0
      vertex 3.56269 -14.1421 0
    endloop
  endfacet
  facet normal 0 0 -1
    outer loop
      vertex 1.03053 -19.1225 0
      vertex 3.26496 -16.5942 0
      vertex 1.36502 -19.3275 0
    endloop
  endfacet
  facet normal 0 0 -1
    outer loop
      vertex 0.732239 -18.8677 0
      vertex 3.26496 -16.5942 0
      vertex 1.03053 -19.1225 0
    endloop
  endfacet
  facet normal 0 0 -1
    outer loop
      vertex 0.477463 -18.5695 0
      vertex 3.26496 -16.5942 0
      vertex 0.732239 -18.8677 0
    endloop
  endfacet
  facet normal 0 0 -1
    outer loop
      vertex 0.272476 -18.235 0
      vertex 3.26496 -16.5942 0
      vertex 0.477463 -18.5695 0
    endloop
  endfacet
  facet normal -0 0 -1
    outer loop
      vertex 3.26496 -16.5942 0
      vertex 0.272476 -18.235 0
      vertex 3.039 -16.2668 0
    endloop
  endfacet
  facet normal 0 0 -1
    outer loop
      vertex 0.12236 -17.8725 0
      vertex 3.039 -16.2668 0
      vertex 0.272476 -18.235 0
    endloop
  endfacet
  facet normal 0 0 -1
    outer loop
      vertex 0.030777 -17.4911 0
      vertex 3.039 -16.2668 0
      vertex 0.12236 -17.8725 0
    endloop
  endfacet
  facet normal 0 0 -1
    outer loop
      vertex 0 -17.1 0
      vertex 3.039 -16.2668 0
      vertex 0.030777 -17.4911 0
    endloop
  endfacet
  facet normal -0 0 -1
    outer loop
      vertex 3.039 -16.2668 0
      vertex 0 -17.1 0
      vertex 2.89795 -15.8949 0
    endloop
  endfacet
  facet normal 0 0 -1
    outer loop
      vertex -1.9 -11.2 0
      vertex 2.89795 -15.1051 0
      vertex 0 -17.1 0
    endloop
  endfacet
  facet normal -0 0 -1
    outer loop
      vertex 2.89795 -15.8949 0
      vertex 0 -17.1 0
      vertex 2.85 -15.5 0
    endloop
  endfacet
  facet normal -0 0 -1
    outer loop
      vertex 2.85 -15.5 0
      vertex 0 -17.1 0
      vertex 2.89795 -15.1051 0
    endloop
  endfacet
  facet normal 0 0 -1
    outer loop
      vertex 2.89795 -15.1051 0
      vertex -1.9 -11.2 0
      vertex 3.039 -14.7332 0
    endloop
  endfacet
  facet normal 0 0 -1
    outer loop
      vertex 3.039 -14.7332 0
      vertex -1.9 -11.2 0
      vertex 3.26496 -14.4058 0
    endloop
  endfacet
  facet normal 0 0 -1
    outer loop
      vertex 9 -10.6 0
      vertex 0 -7.6 0
      vertex 64 -7.6 0
    endloop
  endfacet
  facet normal 0 0 -1
    outer loop
      vertex 4.30112 -13.862 0
      vertex 0 -7.6 0
      vertex 9 -10.6 0
    endloop
  endfacet
  facet normal 0 0 -1
    outer loop
      vertex 3.26496 -14.4058 0
      vertex -1.9 -11.2 0
      vertex 3.56269 -14.1421 0
    endloop
  endfacet
  facet normal 0 0 -1
    outer loop
      vertex -4.5 -26 0
      vertex 0 -17.1 0
      vertex 0 -26 0
    endloop
  endfacet
  facet normal 0 0 -1
    outer loop
      vertex 3.56269 -14.1421 0
      vertex -1.9 -11.2 0
      vertex 0 -7.6 0
    endloop
  endfacet
  facet normal 0 0 -1
    outer loop
      vertex -1.9 -3.1 0
      vertex 0 -7.6 0
      vertex -1.9 -11.2 0
    endloop
  endfacet
  facet normal 0 0 -1
    outer loop
      vertex -4.5 -11.2 0
      vertex 0 -17.1 0
      vertex -4.5 -26 0
    endloop
  endfacet
  facet normal 0 0 -1
    outer loop
      vertex 0 -17.1 0
      vertex -4.5 -11.2 0
      vertex -1.9 -11.2 0
    endloop
  endfacet
  facet normal 0 0 -1
    outer loop
      vertex 0 -7.6 0
      vertex -1.9 -3.1 0
      vertex 0 -3.1 0
    endloop
  endfacet
  facet normal 0 0 -1
    outer loop
      vertex 9 -17.1 0
      vertex 6.15 -15.5 0
      vertex 6.10205 -15.1051 0
    endloop
  endfacet
  facet normal 0 0 -1
    outer loop
      vertex 9 -17.1 0
      vertex 5.961 -16.2668 0
      vertex 6.10205 -15.8949 0
    endloop
  endfacet
  facet normal 0 0 -1
    outer loop
      vertex 8.72752 -18.235 0
      vertex 5.73504 -16.5942 0
      vertex 5.961 -16.2668 0
    endloop
  endfacet
  facet normal 0 0 -1
    outer loop
      vertex 6.89108 -19.5692 0
      vertex 5.43731 -16.8579 0
      vertex 5.73504 -16.5942 0
    endloop
  endfacet
  facet normal 0 0 -1
    outer loop
      vertex 6.5 -19.6 0
      vertex 5.0851 -17.0428 0
      vertex 5.43731 -16.8579 0
    endloop
  endfacet
  facet normal 0 0 -1
    outer loop
      vertex 6.5 -19.6 0
      vertex 4.69888 -17.138 0
      vertex 5.0851 -17.0428 0
    endloop
  endfacet
  facet normal 0 0 -1
    outer loop
      vertex 6.5 -19.6 0
      vertex 4.30112 -17.138 0
      vertex 4.69888 -17.138 0
    endloop
  endfacet
  facet normal 0 0 -1
    outer loop
      vertex 2.5 -19.6 0
      vertex 4.30112 -17.138 0
      vertex 6.5 -19.6 0
    endloop
  endfacet
  facet normal -0 0 -1
    outer loop
      vertex 4.30112 -17.138 0
      vertex 2.5 -19.6 0
      vertex 3.9149 -17.0428 0
    endloop
  endfacet
  facet normal -0 0 -1
    outer loop
      vertex 3.9149 -17.0428 0
      vertex 2.5 -19.6 0
      vertex 3.56269 -16.8579 0
    endloop
  endfacet
  facet normal 0 0 -1
    outer loop
      vertex 1.36502 -19.3275 0
      vertex 3.26496 -16.5942 0
      vertex 1.72746 -19.4776 0
    endloop
  endfacet
  facet normal 0 0 -1
    outer loop
      vertex 1.72746 -19.4776 0
      vertex 3.26496 -16.5942 0
      vertex 2.10892 -19.5692 0
    endloop
  endfacet
  facet normal -0 0 -1
    outer loop
      vertex 3.56269 -16.8579 0
      vertex 2.10892 -19.5692 0
      vertex 3.26496 -16.5942 0
    endloop
  endfacet
  facet normal 0 0 -1
    outer loop
      vertex 2.10892 -19.5692 0
      vertex 3.56269 -16.8579 0
      vertex 2.5 -19.6 0
    endloop
  endfacet
  facet normal 0 0 -1
    outer loop
      vertex -1.9 3.09363 0
      vertex 0 7.6 0
      vertex 0 3.09363 0
    endloop
  endfacet
  facet normal 0 0 -1
    outer loop
      vertex 0 7.6 0
      vertex -1.9 11.2 0
      vertex 0 17.1 0
    endloop
  endfacet
  facet normal -0 0 -1
    outer loop
      vertex 0 7.6 0
      vertex -1.9 3.09363 0
      vertex -1.9 11.2 0
    endloop
  endfacet
  facet normal 0 0 -1
    outer loop
      vertex -4.5 11.2 0
      vertex 0 17.1 0
      vertex -1.9 11.2 0
    endloop
  endfacet
  facet normal -0 0 -1
    outer loop
      vertex 0 17.1 0
      vertex -4.5 11.2 0
      vertex -4.5 26 0
    endloop
  endfacet
  facet normal 0 0 -1
    outer loop
      vertex 0 17.1 0
      vertex -4.5 26 0
      vertex 0 26 0
    endloop
  endfacet
  facet normal 0 0 -1
    outer loop
      vertex 22 7.9 0
      vertex 19.2 10.6 0
      vertex 22 21 0
    endloop
  endfacet
  facet normal 0 0 -1
    outer loop
      vertex 22.0938 7.6 0
      vertex 19.2 10.6 0
      vertex 22 7.9 0
    endloop
  endfacet
  facet normal 0 0 -1
    outer loop
      vertex 22.0938 7.6 0
      vertex 9 10.6 0
      vertex 19.2 10.6 0
    endloop
  endfacet
  facet normal 0 0 -1
    outer loop
      vertex 6.10205 15.1051 0
      vertex 9 17.1 0
      vertex 9 10.6 0
    endloop
  endfacet
  facet normal 0 -0 -1
    outer loop
      vertex 6.15 15.5 0
      vertex 9 17.1 0
      vertex 6.10205 15.1051 0
    endloop
  endfacet
  facet normal 0 0 -1
    outer loop
      vertex 6.10205 15.8949 0
      vertex 9 17.1 0
      vertex 6.15 15.5 0
    endloop
  endfacet
  facet normal 0 0 -1
    outer loop
      vertex 5.961 16.2668 0
      vertex 9 17.1 0
      vertex 6.10205 15.8949 0
    endloop
  endfacet
  facet normal -0 0 -1
    outer loop
      vertex 9 17.1 0
      vertex 5.961 16.2668 0
      vertex 8.96922 17.4911 0
    endloop
  endfacet
  facet normal -0 0 -1
    outer loop
      vertex 8.87764 17.8725 0
      vertex 5.961 16.2668 0
      vertex 8.72752 18.235 0
    endloop
  endfacet
  facet normal 0 0 -1
    outer loop
      vertex 5.73504 16.5942 0
      vertex 8.72752 18.235 0
      vertex 5.961 16.2668 0
    endloop
  endfacet
  facet normal -0 0 -1
    outer loop
      vertex 8.72752 18.235 0
      vertex 5.73504 16.5942 0
      vertex 8.52254 18.5695 0
    endloop
  endfacet
  facet normal -0 0 -1
    outer loop
      vertex 8.52254 18.5695 0
      vertex 5.73504 16.5942 0
      vertex 8.26776 18.8677 0
    endloop
  endfacet
  facet normal -0 0 -1
    outer loop
      vertex 8.26776 18.8677 0
      vertex 5.73504 16.5942 0
      vertex 7.96947 19.1225 0
    endloop
  endfacet
  facet normal -0 0 -1
    outer loop
      vertex 7.96947 19.1225 0
      vertex 5.73504 16.5942 0
      vertex 7.63498 19.3275 0
    endloop
  endfacet
  facet normal -0 0 -1
    outer loop
      vertex 8.96922 17.4911 0
      vertex 5.961 16.2668 0
      vertex 8.87764 17.8725 0
    endloop
  endfacet
  facet normal 0 0 -1
    outer loop
      vertex 9 10.6 0
      vertex 5.961 14.7332 0
      vertex 6.10205 15.1051 0
    endloop
  endfacet
  facet normal 0 0 -1
    outer loop
      vertex 9 10.6 0
      vertex 5.73504 14.4058 0
      vertex 5.961 14.7332 0
    endloop
  endfacet
  facet normal 0 0 -1
    outer loop
      vertex 9 10.6 0
      vertex 5.43731 14.1421 0
      vertex 5.73504 14.4058 0
    endloop
  endfacet
  facet normal 0 0 -1
    outer loop
      vertex 9 10.6 0
      vertex 5.0851 13.9572 0
      vertex 5.43731 14.1421 0
    endloop
  endfacet
  facet normal 0 0 -1
    outer loop
      vertex 9 10.6 0
      vertex 4.69888 13.862 0
      vertex 5.0851 13.9572 0
    endloop
  endfacet
  facet normal 0 0 -1
    outer loop
      vertex 9 10.6 0
      vertex 4.30112 13.862 0
      vertex 4.69888 13.862 0
    endloop
  endfacet
  facet normal 0 0 -1
    outer loop
      vertex 0 7.6 0
      vertex 4.30112 13.862 0
      vertex 9 10.6 0
    endloop
  endfacet
  facet normal -0 0 -1
    outer loop
      vertex 4.30112 13.862 0
      vertex 0 7.6 0
      vertex 3.9149 13.9572 0
    endloop
  endfacet
  facet normal 0 0 -1
    outer loop
      vertex 3.56269 16.8579 0
      vertex 2.10892 19.5692 0
      vertex 2.5 19.6 0
    endloop
  endfacet
  facet normal 0 0 -1
    outer loop
      vertex 0 17.1 0
      vertex 2.85 15.5 0
      vertex 2.89795 15.1051 0
    endloop
  endfacet
  facet normal 0 0 -1
    outer loop
      vertex 2.89795 15.8949 0
      vertex 1.72746 19.4776 0
      vertex 2.10892 19.5692 0
    endloop
  endfacet
  facet normal 0 0 -1
    outer loop
      vertex 2.89795 15.8949 0
      vertex 1.36502 19.3275 0
      vertex 1.72746 19.4776 0
    endloop
  endfacet
  facet normal 0 0 -1
    outer loop
      vertex 2.89795 15.8949 0
      vertex 1.03053 19.1225 0
      vertex 1.36502 19.3275 0
    endloop
  endfacet
  facet normal 0 0 -1
    outer loop
      vertex 0 17.1 0
      vertex 2.89795 15.1051 0
      vertex 3.039 14.7332 0
    endloop
  endfacet
  facet normal 0 0 -1
    outer loop
      vertex 2.89795 15.8949 0
      vertex 0.732239 18.8677 0
      vertex 1.03053 19.1225 0
    endloop
  endfacet
  facet normal 0 0 -1
    outer loop
      vertex 2.89795 15.8949 0
      vertex 0.477463 18.5695 0
      vertex 0.732239 18.8677 0
    endloop
  endfacet
  facet normal 0 0 -1
    outer loop
      vertex 2.89795 15.8949 0
      vertex 0.272476 18.235 0
      vertex 0.477463 18.5695 0
    endloop
  endfacet
  facet normal 0 0 -1
    outer loop
      vertex 0 7.6 0
      vertex 3.039 14.7332 0
      vertex 3.26496 14.4058 0
    endloop
  endfacet
  facet normal 0 0 -1
    outer loop
      vertex 2.89795 15.8949 0
      vertex 0 17.1 0
      vertex 0.030777 17.4911 0
    endloop
  endfacet
  facet normal 0 0 -1
    outer loop
      vertex 2.89795 15.8949 0
      vertex 0.12236 17.8725 0
      vertex 0.272476 18.235 0
    endloop
  endfacet
  facet normal 0 0 -1
    outer loop
      vertex 0 7.6 0
      vertex 9 10.6 0
      vertex 22.0938 7.6 0
    endloop
  endfacet
  facet normal -0 0 -1
    outer loop
      vertex 3.9149 13.9572 0
      vertex 0 7.6 0
      vertex 3.56269 14.1421 0
    endloop
  endfacet
  facet normal 0 0 -1
    outer loop
      vertex 0 7.6 0
      vertex 3.26496 14.4058 0
      vertex 3.56269 14.1421 0
    endloop
  endfacet
  facet normal -0 0 -1
    outer loop
      vertex 3.039 14.7332 0
      vertex 0 7.6 0
      vertex 0 17.1 0
    endloop
  endfacet
  facet normal 0 0 -1
    outer loop
      vertex 2.89795 15.8949 0
      vertex 0.030777 17.4911 0
      vertex 0.12236 17.8725 0
    endloop
  endfacet
  facet normal -0 0 -1
    outer loop
      vertex 22 21 0
      vertex 19.2 10.6 0
      vertex 19.2 21 0
    endloop
  endfacet
  facet normal -0 0 -1
    outer loop
      vertex 7.63498 19.3275 0
      vertex 5.73504 16.5942 0
      vertex 7.27254 19.4776 0
    endloop
  endfacet
  facet normal -0 0 -1
    outer loop
      vertex 7.27254 19.4776 0
      vertex 5.73504 16.5942 0
      vertex 6.89108 19.5692 0
    endloop
  endfacet
  facet normal 0 0 -1
    outer loop
      vertex 5.43731 16.8579 0
      vertex 6.89108 19.5692 0
      vertex 5.73504 16.5942 0
    endloop
  endfacet
  facet normal -0 0 -1
    outer loop
      vertex 6.89108 19.5692 0
      vertex 5.43731 16.8579 0
      vertex 6.5 19.6 0
    endloop
  endfacet
  facet normal 0 0 -1
    outer loop
      vertex 5.0851 17.0428 0
      vertex 6.5 19.6 0
      vertex 5.43731 16.8579 0
    endloop
  endfacet
  facet normal 0 0 -1
    outer loop
      vertex 4.69888 17.138 0
      vertex 6.5 19.6 0
      vertex 5.0851 17.0428 0
    endloop
  endfacet
  facet normal 0 0 -1
    outer loop
      vertex 4.30112 17.138 0
      vertex 6.5 19.6 0
      vertex 4.69888 17.138 0
    endloop
  endfacet
  facet normal 0 0 -1
    outer loop
      vertex 2.5 19.6 0
      vertex 4.30112 17.138 0
      vertex 3.9149 17.0428 0
    endloop
  endfacet
  facet normal 0 0 -1
    outer loop
      vertex 2.5 19.6 0
      vertex 3.9149 17.0428 0
      vertex 3.56269 16.8579 0
    endloop
  endfacet
  facet normal 0 0 -1
    outer loop
      vertex 2.10892 19.5692 0
      vertex 3.56269 16.8579 0
      vertex 3.26496 16.5942 0
    endloop
  endfacet
  facet normal 0 0 -1
    outer loop
      vertex 4.30112 17.138 0
      vertex 2.5 19.6 0
      vertex 6.5 19.6 0
    endloop
  endfacet
  facet normal 0 0 -1
    outer loop
      vertex 2.10892 19.5692 0
      vertex 3.26496 16.5942 0
      vertex 3.039 16.2668 0
    endloop
  endfacet
  facet normal 0 0 -1
    outer loop
      vertex 2.10892 19.5692 0
      vertex 3.039 16.2668 0
      vertex 2.89795 15.8949 0
    endloop
  endfacet
  facet normal 0 0 -1
    outer loop
      vertex 0 17.1 0
      vertex 2.89795 15.8949 0
      vertex 2.85 15.5 0
    endloop
  endfacet
  facet normal 0 0.993244 0.116047
    outer loop
      vertex 0 -17.1542 15.108
      vertex -4.5 -17.2 15.5
      vertex 0 -17.2 15.5
    endloop
  endfacet
  facet normal 0 0.993244 0.116047
    outer loop
      vertex -4.5 -17.2 15.5
      vertex 0 -17.1542 15.108
      vertex -4.5 -17.1542 15.108
    endloop
  endfacet
  facet normal 0 -1 0
    outer loop
      vertex -4.5 -13.8115 15.3026
      vertex 0 -13.8115 15.6974
      vertex -4.5 -13.8115 15.6974
    endloop
  endfacet
  facet normal 0 -1 -0
    outer loop
      vertex 0 -13.8115 15.6974
      vertex -4.5 -13.8115 15.3026
      vertex 0 -13.8115 15.3026
    endloop
  endfacet
  facet normal 0 0.835426 0.549603
    outer loop
      vertex 0 -16.8023 14.4073
      vertex -4.5 -17.0192 14.737
      vertex 0 -17.0192 14.737
    endloop
  endfacet
  facet normal 0 0.835426 0.549603
    outer loop
      vertex -4.5 -17.0192 14.737
      vertex 0 -16.8023 14.4073
      vertex -4.5 -16.8023 14.4073
    endloop
  endfacet
  facet normal 0 0.939719 0.341946
    outer loop
      vertex 0 -17.0192 14.737
      vertex -4.5 -17.1542 15.108
      vertex 0 -17.1542 15.108
    endloop
  endfacet
  facet normal 0 0.939719 0.341946
    outer loop
      vertex -4.5 -17.1542 15.108
      vertex 0 -17.0192 14.737
      vertex -4.5 -17.0192 14.737
    endloop
  endfacet
  facet normal -0 0.0580239 0.998315
    outer loop
      vertex -4.5 -15.4012 13.8029
      vertex 0 -15.7952 13.8258
      vertex 0 -15.4012 13.8029
    endloop
  endfacet
  facet normal 0 0.0580239 0.998315
    outer loop
      vertex 0 -15.7952 13.8258
      vertex -4.5 -15.4012 13.8029
      vertex -4.5 -15.7952 13.8258
    endloop
  endfacet
  facet normal 0 -0.597159 0.802123
    outer loop
      vertex -4.5 -14.3334 14.2635
      vertex 0 -14.65 14.0278
      vertex 0 -14.3334 14.2635
    endloop
  endfacet
  facet normal 0 -0.597159 0.802123
    outer loop
      vertex 0 -14.65 14.0278
      vertex -4.5 -14.3334 14.2635
      vertex -4.5 -14.65 14.0278
    endloop
  endfacet
  facet normal 0 -0.97305 0.230593
    outer loop
      vertex -4.5 -13.9025 14.9186
      vertex 0 -13.8115 15.3026
      vertex -4.5 -13.8115 15.3026
    endloop
  endfacet
  facet normal 0 -0.97305 0.230593
    outer loop
      vertex 0 -13.8115 15.3026
      vertex -4.5 -13.9025 14.9186
      vertex 0 -13.9025 14.9186
    endloop
  endfacet
  facet normal 0 -0.765994 0.642847
    outer loop
      vertex -4.5 -14.3334 14.2635
      vertex 0 -14.0797 14.5658
      vertex -4.5 -14.0797 14.5658
    endloop
  endfacet
  facet normal 0 -0.765994 0.642847
    outer loop
      vertex 0 -14.0797 14.5658
      vertex -4.5 -14.3334 14.2635
      vertex 0 -14.3334 14.2635
    endloop
  endfacet
  facet normal 0 0.286813 -0.957987
    outer loop
      vertex -4.5 -16.1733 17.061
      vertex 0 -15.7952 17.1742
      vertex 0 -16.1733 17.061
    endloop
  endfacet
  facet normal 0 0.286813 -0.957987
    outer loop
      vertex 0 -15.7952 17.1742
      vertex -4.5 -16.1733 17.061
      vertex -4.5 -15.7952 17.1742
    endloop
  endfacet
  facet normal 0 -0.173511 0.984832
    outer loop
      vertex -4.5 -15.0124 13.8714
      vertex 0 -15.4012 13.8029
      vertex 0 -15.0124 13.8714
    endloop
  endfacet
  facet normal 0 -0.173511 0.984832
    outer loop
      vertex 0 -15.4012 13.8029
      vertex -4.5 -15.0124 13.8714
      vertex -4.5 -15.4012 13.8029
    endloop
  endfacet
  facet normal -0 0.500007 0.866021
    outer loop
      vertex -4.5 -16.1733 13.939
      vertex 0 -16.5152 14.1364
      vertex 0 -16.1733 13.939
    endloop
  endfacet
  facet normal 0 0.500007 0.866021
    outer loop
      vertex 0 -16.5152 14.1364
      vertex -4.5 -16.1733 13.939
      vertex -4.5 -16.5152 14.1364
    endloop
  endfacet
  facet normal 0 -0.893615 0.448834
    outer loop
      vertex -4.5 -14.0797 14.5658
      vertex 0 -13.9025 14.9186
      vertex -4.5 -13.9025 14.9186
    endloop
  endfacet
  facet normal 0 -0.893615 0.448834
    outer loop
      vertex 0 -13.9025 14.9186
      vertex -4.5 -14.0797 14.5658
      vertex 0 -14.0797 14.5658
    endloop
  endfacet
  facet normal 0 -0.396242 0.918146
    outer loop
      vertex -4.5 -14.65 14.0278
      vertex 0 -15.0124 13.8714
      vertex 0 -14.65 14.0278
    endloop
  endfacet
  facet normal 0 -0.396242 0.918146
    outer loop
      vertex 0 -15.0124 13.8714
      vertex -4.5 -14.65 14.0278
      vertex -4.5 -15.0124 13.8714
    endloop
  endfacet
  facet normal 0 0.939719 -0.341946
    outer loop
      vertex 0 -17.1542 15.892
      vertex -4.5 -17.0192 16.263
      vertex 0 -17.0192 16.263
    endloop
  endfacet
  facet normal 0 0.939719 -0.341946
    outer loop
      vertex -4.5 -17.0192 16.263
      vertex 0 -17.1542 15.892
      vertex -4.5 -17.1542 15.892
    endloop
  endfacet
  facet normal 0 -0.765994 -0.642847
    outer loop
      vertex -4.5 -14.0797 16.4342
      vertex 0 -14.3334 16.7365
      vertex -4.5 -14.3334 16.7365
    endloop
  endfacet
  facet normal 0 -0.765994 -0.642847
    outer loop
      vertex 0 -14.3334 16.7365
      vertex -4.5 -14.0797 16.4342
      vertex 0 -14.0797 16.4342
    endloop
  endfacet
  facet normal 0 0.686289 -0.727329
    outer loop
      vertex -4.5 -16.8023 16.5927
      vertex 0 -16.5152 16.8636
      vertex 0 -16.8023 16.5927
    endloop
  endfacet
  facet normal 0 0.686289 -0.727329
    outer loop
      vertex 0 -16.5152 16.8636
      vertex -4.5 -16.8023 16.5927
      vertex -4.5 -16.5152 16.8636
    endloop
  endfacet
  facet normal 0 0.993244 -0.116047
    outer loop
      vertex 0 -17.2 15.5
      vertex -4.5 -17.1542 15.892
      vertex 0 -17.1542 15.892
    endloop
  endfacet
  facet normal 0 0.993244 -0.116047
    outer loop
      vertex -4.5 -17.1542 15.892
      vertex 0 -17.2 15.5
      vertex -4.5 -17.2 15.5
    endloop
  endfacet
  facet normal -0 0.686289 0.727329
    outer loop
      vertex -4.5 -16.5152 14.1364
      vertex 0 -16.8023 14.4073
      vertex 0 -16.5152 14.1364
    endloop
  endfacet
  facet normal 0 0.686289 0.727329
    outer loop
      vertex 0 -16.8023 14.4073
      vertex -4.5 -16.5152 14.1364
      vertex -4.5 -16.8023 14.4073
    endloop
  endfacet
  facet normal -0 0.286813 0.957987
    outer loop
      vertex -4.5 -15.7952 13.8258
      vertex 0 -16.1733 13.939
      vertex 0 -15.7952 13.8258
    endloop
  endfacet
  facet normal 0 0.286813 0.957987
    outer loop
      vertex 0 -16.1733 13.939
      vertex -4.5 -15.7952 13.8258
      vertex -4.5 -16.1733 13.939
    endloop
  endfacet
  facet normal 0 -0.396242 -0.918146
    outer loop
      vertex -4.5 -15.0124 17.1286
      vertex 0 -14.65 16.9722
      vertex 0 -15.0124 17.1286
    endloop
  endfacet
  facet normal -0 -0.396242 -0.918146
    outer loop
      vertex 0 -14.65 16.9722
      vertex -4.5 -15.0124 17.1286
      vertex -4.5 -14.65 16.9722
    endloop
  endfacet
  facet normal 0 -0.893615 -0.448834
    outer loop
      vertex -4.5 -13.9025 16.0814
      vertex 0 -14.0797 16.4342
      vertex -4.5 -14.0797 16.4342
    endloop
  endfacet
  facet normal 0 -0.893615 -0.448834
    outer loop
      vertex 0 -14.0797 16.4342
      vertex -4.5 -13.9025 16.0814
      vertex 0 -13.9025 16.0814
    endloop
  endfacet
  facet normal 0 -0.97305 -0.230593
    outer loop
      vertex -4.5 -13.8115 15.6974
      vertex 0 -13.9025 16.0814
      vertex -4.5 -13.9025 16.0814
    endloop
  endfacet
  facet normal 0 -0.97305 -0.230593
    outer loop
      vertex 0 -13.9025 16.0814
      vertex -4.5 -13.8115 15.6974
      vertex 0 -13.8115 15.6974
    endloop
  endfacet
  facet normal 0 0.835426 -0.549603
    outer loop
      vertex 0 -17.0192 16.263
      vertex -4.5 -16.8023 16.5927
      vertex 0 -16.8023 16.5927
    endloop
  endfacet
  facet normal 0 0.835426 -0.549603
    outer loop
      vertex -4.5 -16.8023 16.5927
      vertex 0 -17.0192 16.263
      vertex -4.5 -17.0192 16.263
    endloop
  endfacet
  facet normal 0 0.0580239 -0.998315
    outer loop
      vertex -4.5 -15.7952 17.1742
      vertex 0 -15.4012 17.1971
      vertex 0 -15.7952 17.1742
    endloop
  endfacet
  facet normal 0 0.0580239 -0.998315
    outer loop
      vertex 0 -15.4012 17.1971
      vertex -4.5 -15.7952 17.1742
      vertex -4.5 -15.4012 17.1971
    endloop
  endfacet
  facet normal 0 -0.173511 -0.984832
    outer loop
      vertex -4.5 -15.4012 17.1971
      vertex 0 -15.0124 17.1286
      vertex 0 -15.4012 17.1971
    endloop
  endfacet
  facet normal -0 -0.173511 -0.984832
    outer loop
      vertex 0 -15.0124 17.1286
      vertex -4.5 -15.4012 17.1971
      vertex -4.5 -15.0124 17.1286
    endloop
  endfacet
  facet normal 0 0.500007 -0.866021
    outer loop
      vertex -4.5 -16.5152 16.8636
      vertex 0 -16.1733 17.061
      vertex 0 -16.5152 16.8636
    endloop
  endfacet
  facet normal 0 0.500007 -0.866021
    outer loop
      vertex 0 -16.1733 17.061
      vertex -4.5 -16.5152 16.8636
      vertex -4.5 -16.1733 17.061
    endloop
  endfacet
  facet normal 0 -0.597159 -0.802123
    outer loop
      vertex -4.5 -14.65 16.9722
      vertex 0 -14.3334 16.7365
      vertex 0 -14.65 16.9722
    endloop
  endfacet
  facet normal -0 -0.597159 -0.802123
    outer loop
      vertex 0 -14.3334 16.7365
      vertex -4.5 -14.65 16.9722
      vertex -4.5 -14.3334 16.7365
    endloop
  endfacet
  facet normal 0 0.993244 0.116047
    outer loop
      vertex 0 13.8458 15.108
      vertex -4.5 13.8 15.5
      vertex 0 13.8 15.5
    endloop
  endfacet
  facet normal 0 0.993244 0.116047
    outer loop
      vertex -4.5 13.8 15.5
      vertex 0 13.8458 15.108
      vertex -4.5 13.8458 15.108
    endloop
  endfacet
  facet normal 0 -1 0
    outer loop
      vertex -4.5 17.1885 15.3026
      vertex 0 17.1885 15.6974
      vertex -4.5 17.1885 15.6974
    endloop
  endfacet
  facet normal 0 -1 -0
    outer loop
      vertex 0 17.1885 15.6974
      vertex -4.5 17.1885 15.3026
      vertex 0 17.1885 15.3026
    endloop
  endfacet
  facet normal 0 0.835426 0.549603
    outer loop
      vertex 0 14.1977 14.4073
      vertex -4.5 13.9808 14.737
      vertex 0 13.9808 14.737
    endloop
  endfacet
  facet normal 0 0.835426 0.549603
    outer loop
      vertex -4.5 13.9808 14.737
      vertex 0 14.1977 14.4073
      vertex -4.5 14.1977 14.4073
    endloop
  endfacet
  facet normal 0 0.939719 0.341946
    outer loop
      vertex 0 13.9808 14.737
      vertex -4.5 13.8458 15.108
      vertex 0 13.8458 15.108
    endloop
  endfacet
  facet normal 0 0.939719 0.341946
    outer loop
      vertex -4.5 13.8458 15.108
      vertex 0 13.9808 14.737
      vertex -4.5 13.9808 14.737
    endloop
  endfacet
  facet normal -0 0.0580239 0.998315
    outer loop
      vertex -4.5 15.5988 13.8029
      vertex 0 15.2048 13.8258
      vertex 0 15.5988 13.8029
    endloop
  endfacet
  facet normal 0 0.0580239 0.998315
    outer loop
      vertex 0 15.2048 13.8258
      vertex -4.5 15.5988 13.8029
      vertex -4.5 15.2048 13.8258
    endloop
  endfacet
  facet normal -0 0.286813 0.957987
    outer loop
      vertex -4.5 15.2048 13.8258
      vertex 0 14.8267 13.939
      vertex 0 15.2048 13.8258
    endloop
  endfacet
  facet normal 0 0.286813 0.957987
    outer loop
      vertex 0 14.8267 13.939
      vertex -4.5 15.2048 13.8258
      vertex -4.5 14.8267 13.939
    endloop
  endfacet
  facet normal 0 -0.597159 0.802123
    outer loop
      vertex -4.5 16.6666 14.2635
      vertex 0 16.35 14.0278
      vertex 0 16.6666 14.2635
    endloop
  endfacet
  facet normal 0 -0.597159 0.802123
    outer loop
      vertex 0 16.35 14.0278
      vertex -4.5 16.6666 14.2635
      vertex -4.5 16.35 14.0278
    endloop
  endfacet
  facet normal 0 -0.97305 0.230593
    outer loop
      vertex -4.5 17.0975 14.9186
      vertex 0 17.1885 15.3026
      vertex -4.5 17.1885 15.3026
    endloop
  endfacet
  facet normal 0 -0.97305 0.230593
    outer loop
      vertex 0 17.1885 15.3026
      vertex -4.5 17.0975 14.9186
      vertex 0 17.0975 14.9186
    endloop
  endfacet
  facet normal 0 -0.765994 0.642847
    outer loop
      vertex -4.5 16.6666 14.2635
      vertex 0 16.9203 14.5658
      vertex -4.5 16.9203 14.5658
    endloop
  endfacet
  facet normal 0 -0.765994 0.642847
    outer loop
      vertex 0 16.9203 14.5658
      vertex -4.5 16.6666 14.2635
      vertex 0 16.6666 14.2635
    endloop
  endfacet
  facet normal 0 0.286813 -0.957987
    outer loop
      vertex -4.5 14.8267 17.061
      vertex 0 15.2048 17.1742
      vertex 0 14.8267 17.061
    endloop
  endfacet
  facet normal 0 0.286813 -0.957987
    outer loop
      vertex 0 15.2048 17.1742
      vertex -4.5 14.8267 17.061
      vertex -4.5 15.2048 17.1742
    endloop
  endfacet
  facet normal 0 -0.173511 0.984832
    outer loop
      vertex -4.5 15.9876 13.8714
      vertex 0 15.5988 13.8029
      vertex 0 15.9876 13.8714
    endloop
  endfacet
  facet normal 0 -0.173511 0.984832
    outer loop
      vertex 0 15.5988 13.8029
      vertex -4.5 15.9876 13.8714
      vertex -4.5 15.5988 13.8029
    endloop
  endfacet
  facet normal -0 0.500007 0.866021
    outer loop
      vertex -4.5 14.8267 13.939
      vertex 0 14.4848 14.1364
      vertex 0 14.8267 13.939
    endloop
  endfacet
  facet normal 0 0.500007 0.866021
    outer loop
      vertex 0 14.4848 14.1364
      vertex -4.5 14.8267 13.939
      vertex -4.5 14.4848 14.1364
    endloop
  endfacet
  facet normal 0 -0.893615 0.448834
    outer loop
      vertex -4.5 16.9203 14.5658
      vertex 0 17.0975 14.9186
      vertex -4.5 17.0975 14.9186
    endloop
  endfacet
  facet normal 0 -0.893615 0.448834
    outer loop
      vertex 0 17.0975 14.9186
      vertex -4.5 16.9203 14.5658
      vertex 0 16.9203 14.5658
    endloop
  endfacet
  facet normal 0 -0.396242 0.918146
    outer loop
      vertex -4.5 16.35 14.0278
      vertex 0 15.9876 13.8714
      vertex 0 16.35 14.0278
    endloop
  endfacet
  facet normal 0 -0.396242 0.918146
    outer loop
      vertex 0 15.9876 13.8714
      vertex -4.5 16.35 14.0278
      vertex -4.5 15.9876 13.8714
    endloop
  endfacet
  facet normal 0 0.939719 -0.341946
    outer loop
      vertex 0 13.8458 15.892
      vertex -4.5 13.9808 16.263
      vertex 0 13.9808 16.263
    endloop
  endfacet
  facet normal 0 0.939719 -0.341946
    outer loop
      vertex -4.5 13.9808 16.263
      vertex 0 13.8458 15.892
      vertex -4.5 13.8458 15.892
    endloop
  endfacet
  facet normal 0 -0.597159 -0.802123
    outer loop
      vertex -4.5 16.35 16.9722
      vertex 0 16.6666 16.7365
      vertex 0 16.35 16.9722
    endloop
  endfacet
  facet normal -0 -0.597159 -0.802123
    outer loop
      vertex 0 16.6666 16.7365
      vertex -4.5 16.35 16.9722
      vertex -4.5 16.6666 16.7365
    endloop
  endfacet
  facet normal 0 -0.765994 -0.642847
    outer loop
      vertex -4.5 16.9203 16.4342
      vertex 0 16.6666 16.7365
      vertex -4.5 16.6666 16.7365
    endloop
  endfacet
  facet normal 0 -0.765994 -0.642847
    outer loop
      vertex 0 16.6666 16.7365
      vertex -4.5 16.9203 16.4342
      vertex 0 16.9203 16.4342
    endloop
  endfacet
  facet normal 0 0.686289 -0.727329
    outer loop
      vertex -4.5 14.1977 16.5927
      vertex 0 14.4848 16.8636
      vertex 0 14.1977 16.5927
    endloop
  endfacet
  facet normal 0 0.686289 -0.727329
    outer loop
      vertex 0 14.4848 16.8636
      vertex -4.5 14.1977 16.5927
      vertex -4.5 14.4848 16.8636
    endloop
  endfacet
  facet normal 0 0.993244 -0.116047
    outer loop
      vertex 0 13.8 15.5
      vertex -4.5 13.8458 15.892
      vertex 0 13.8458 15.892
    endloop
  endfacet
  facet normal 0 0.993244 -0.116047
    outer loop
      vertex -4.5 13.8458 15.892
      vertex 0 13.8 15.5
      vertex -4.5 13.8 15.5
    endloop
  endfacet
  facet normal -0 0.686289 0.727329
    outer loop
      vertex -4.5 14.4848 14.1364
      vertex 0 14.1977 14.4073
      vertex 0 14.4848 14.1364
    endloop
  endfacet
  facet normal 0 0.686289 0.727329
    outer loop
      vertex 0 14.1977 14.4073
      vertex -4.5 14.4848 14.1364
      vertex -4.5 14.1977 14.4073
    endloop
  endfacet
  facet normal 0 -0.893615 -0.448834
    outer loop
      vertex -4.5 17.0975 16.0814
      vertex 0 16.9203 16.4342
      vertex -4.5 16.9203 16.4342
    endloop
  endfacet
  facet normal 0 -0.893615 -0.448834
    outer loop
      vertex 0 16.9203 16.4342
      vertex -4.5 17.0975 16.0814
      vertex 0 17.0975 16.0814
    endloop
  endfacet
  facet normal 0 -0.97305 -0.230593
    outer loop
      vertex -4.5 17.1885 15.6974
      vertex 0 17.0975 16.0814
      vertex -4.5 17.0975 16.0814
    endloop
  endfacet
  facet normal 0 -0.97305 -0.230593
    outer loop
      vertex 0 17.0975 16.0814
      vertex -4.5 17.1885 15.6974
      vertex 0 17.1885 15.6974
    endloop
  endfacet
  facet normal 0 0.500007 -0.866021
    outer loop
      vertex -4.5 14.4848 16.8636
      vertex 0 14.8267 17.061
      vertex 0 14.4848 16.8636
    endloop
  endfacet
  facet normal 0 0.500007 -0.866021
    outer loop
      vertex 0 14.8267 17.061
      vertex -4.5 14.4848 16.8636
      vertex -4.5 14.8267 17.061
    endloop
  endfacet
  facet normal 0 -0.396242 -0.918146
    outer loop
      vertex -4.5 15.9876 17.1286
      vertex 0 16.35 16.9722
      vertex 0 15.9876 17.1286
    endloop
  endfacet
  facet normal -0 -0.396242 -0.918146
    outer loop
      vertex 0 16.35 16.9722
      vertex -4.5 15.9876 17.1286
      vertex -4.5 16.35 16.9722
    endloop
  endfacet
  facet normal 0 0.0580239 -0.998315
    outer loop
      vertex -4.5 15.2048 17.1742
      vertex 0 15.5988 17.1971
      vertex 0 15.2048 17.1742
    endloop
  endfacet
  facet normal 0 0.0580239 -0.998315
    outer loop
      vertex 0 15.5988 17.1971
      vertex -4.5 15.2048 17.1742
      vertex -4.5 15.5988 17.1971
    endloop
  endfacet
  facet normal 0 -0.173511 -0.984832
    outer loop
      vertex -4.5 15.5988 17.1971
      vertex 0 15.9876 17.1286
      vertex 0 15.5988 17.1971
    endloop
  endfacet
  facet normal -0 -0.173511 -0.984832
    outer loop
      vertex 0 15.9876 17.1286
      vertex -4.5 15.5988 17.1971
      vertex -4.5 15.9876 17.1286
    endloop
  endfacet
  facet normal 0 0.835426 -0.549603
    outer loop
      vertex 0 13.9808 16.263
      vertex -4.5 14.1977 16.5927
      vertex 0 14.1977 16.5927
    endloop
  endfacet
  facet normal 0 0.835426 -0.549603
    outer loop
      vertex -4.5 14.1977 16.5927
      vertex 0 13.9808 16.263
      vertex -4.5 13.9808 16.263
    endloop
  endfacet
  facet normal 0 -0.284542 -0.958664
    outer loop
      vertex -1.9 0.689815 3.02228
      vertex 0 1.07063 2.90925
      vertex 0 0.689815 3.02228
    endloop
  endfacet
  facet normal -0 -0.284542 -0.958664
    outer loop
      vertex 0 1.07063 2.90925
      vertex -1.9 0.689815 3.02228
      vertex -1.9 1.07063 2.90925
    endloop
  endfacet
  facet normal 0 -0.87132 -0.490715
    outer loop
      vertex -1.9 2.793 1.34504
      vertex 0 2.59807 1.69116
      vertex -1.9 2.59807 1.69116
    endloop
  endfacet
  facet normal 0 -0.87132 -0.490715
    outer loop
      vertex 0 2.59807 1.69116
      vertex -1.9 2.793 1.34504
      vertex 0 2.793 1.34504
    endloop
  endfacet
  facet normal 0 0.0960385 -0.995378
    outer loop
      vertex -1.9 -0.49476 3.06026
      vertex 0 -0.0993595 3.09841
      vertex 0 -0.49476 3.06026
    endloop
  endfacet
  facet normal 0 0.0960385 -0.995378
    outer loop
      vertex 0 -0.0993595 3.09841
      vertex -1.9 -0.49476 3.06026
      vertex -1.9 -0.0993595 3.09841
    endloop
  endfacet
  facet normal 0 0.761452 -0.648221
    outer loop
      vertex 0 -2.48438 1.85414
      vertex -1.9 -2.22688 2.15662
      vertex 0 -2.22688 2.15662
    endloop
  endfacet
  facet normal 0 0.761452 -0.648221
    outer loop
      vertex -1.9 -2.22688 2.15662
      vertex 0 -2.48438 1.85414
      vertex -1.9 -2.48438 1.85414
    endloop
  endfacet
  facet normal 0 0.222514 -0.97493
    outer loop
      vertex -1.9 -0.882035 2.97187
      vertex 0 -0.49476 3.06026
      vertex 0 -0.882035 2.97187
    endloop
  endfacet
  facet normal 0 0.222514 -0.97493
    outer loop
      vertex 0 -0.49476 3.06026
      vertex -1.9 -0.882035 2.97187
      vertex -1.9 -0.49476 3.06026
    endloop
  endfacet
  facet normal 0 -0.0320466 -0.999486
    outer loop
      vertex -1.9 -0.0993595 3.09841
      vertex 0 0.297671 3.08568
      vertex 0 -0.0993595 3.09841
    endloop
  endfacet
  facet normal -0 -0.0320466 -0.999486
    outer loop
      vertex 0 0.297671 3.08568
      vertex -1.9 -0.0993595 3.09841
      vertex -1.9 0.297671 3.08568
    endloop
  endfacet
  facet normal 0 -0.623488 -0.781833
    outer loop
      vertex -1.9 1.77356 2.54253
      vertex 0 2.08413 2.29486
      vertex 0 1.77356 2.54253
    endloop
  endfacet
  facet normal -0 -0.623488 -0.781833
    outer loop
      vertex 0 2.08413 2.29486
      vertex -1.9 1.77356 2.54253
      vertex -1.9 2.08413 2.29486
    endloop
  endfacet
  facet normal 0 -0.991789 -0.127884
    outer loop
      vertex -1.9 3.09363 0.198617
      vertex 0 3.04283 0.592591
      vertex -1.9 3.04283 0.592591
    endloop
  endfacet
  facet normal 0 -0.991789 -0.127884
    outer loop
      vertex 0 3.04283 0.592591
      vertex -1.9 3.09363 0.198617
      vertex 0 3.09363 0.198617
    endloop
  endfacet
  facet normal 0 -0.718344 -0.695688
    outer loop
      vertex -1.9 2.36048 2.00951
      vertex 0 2.08413 2.29486
      vertex -1.9 2.08413 2.29486
    endloop
  endfacet
  facet normal 0 -0.718344 -0.695688
    outer loop
      vertex 0 2.08413 2.29486
      vertex -1.9 2.36048 2.00951
      vertex 0 2.36048 2.00951
    endloop
  endfacet
  facet normal 0 -1 0
    outer loop
      vertex -1.9 3.09363 0
      vertex 0 3.09363 0.198617
      vertex -1.9 3.09363 0.198617
    endloop
  endfacet
  facet normal 0 -1 -0
    outer loop
      vertex 0 3.09363 0.198617
      vertex -1.9 3.09363 0
      vertex 0 3.09363 0
    endloop
  endfacet
  facet normal 0 0.949058 -0.315101
    outer loop
      vertex 0 -2.99861 0.786328
      vertex -1.9 -2.87344 1.16333
      vertex 0 -2.87344 1.16333
    endloop
  endfacet
  facet normal 0 0.949058 -0.315101
    outer loop
      vertex -1.9 -2.87344 1.16333
      vertex 0 -2.99861 0.786328
      vertex -1.9 -2.99861 0.786328
    endloop
  endfacet
  facet normal 0 0.462544 -0.886597
    outer loop
      vertex -1.9 -1.60702 2.65094
      vertex 0 -1.25483 2.83468
      vertex 0 -1.60702 2.65094
    endloop
  endfacet
  facet normal 0 0.462544 -0.886597
    outer loop
      vertex 0 -1.25483 2.83468
      vertex -1.9 -1.60702 2.65094
      vertex -1.9 -1.25483 2.83468
    endloop
  endfacet
  facet normal 0 0.672304 -0.740275
    outer loop
      vertex -1.9 -2.22688 2.15662
      vertex 0 -1.93282 2.42368
      vertex 0 -2.22688 2.15662
    endloop
  endfacet
  facet normal 0 0.672304 -0.740275
    outer loop
      vertex 0 -1.93282 2.42368
      vertex -1.9 -2.22688 2.15662
      vertex -1.9 -1.93282 2.42368
    endloop
  endfacet
  facet normal 0 0.57211 -0.820177
    outer loop
      vertex -1.9 -1.93282 2.42368
      vertex 0 -1.60702 2.65094
      vertex 0 -1.93282 2.42368
    endloop
  endfacet
  facet normal 0 0.57211 -0.820177
    outer loop
      vertex 0 -1.60702 2.65094
      vertex -1.9 -1.93282 2.42368
      vertex -1.9 -1.60702 2.65094
    endloop
  endfacet
  facet normal 0 0.90097 -0.433882
    outer loop
      vertex 0 -2.87344 1.16333
      vertex -1.9 -2.70109 1.52122
      vertex 0 -2.70109 1.52122
    endloop
  endfacet
  facet normal 0 0.90097 -0.433882
    outer loop
      vertex -1.9 -2.70109 1.52122
      vertex 0 -2.87344 1.16333
      vertex -1.9 -2.87344 1.16333
    endloop
  endfacet
  facet normal 0 -0.159603 -0.987181
    outer loop
      vertex -1.9 0.297671 3.08568
      vertex 0 0.689815 3.02228
      vertex 0 0.297671 3.08568
    endloop
  endfacet
  facet normal -0 -0.159603 -0.987181
    outer loop
      vertex 0 0.689815 3.02228
      vertex -1.9 0.297671 3.08568
      vertex -1.9 0.689815 3.02228
    endloop
  endfacet
  facet normal 0 -0.518407 -0.855134
    outer loop
      vertex -1.9 1.43387 2.74846
      vertex 0 1.77356 2.54253
      vertex 0 1.43387 2.74846
    endloop
  endfacet
  facet normal -0 -0.518407 -0.855134
    outer loop
      vertex 0 1.77356 2.54253
      vertex -1.9 1.43387 2.74846
      vertex -1.9 1.77356 2.54253
    endloop
  endfacet
  facet normal 0 -0.404772 -0.914418
    outer loop
      vertex -1.9 1.07063 2.90925
      vertex 0 1.43387 2.74846
      vertex 0 1.07063 2.90925
    endloop
  endfacet
  facet normal -0 -0.404772 -0.914418
    outer loop
      vertex 0 1.43387 2.74846
      vertex -1.9 1.07063 2.90925
      vertex -1.9 1.43387 2.74846
    endloop
  endfacet
  facet normal 0 -0.967295 -0.253653
    outer loop
      vertex -1.9 3.04283 0.592591
      vertex 0 2.94207 0.976835
      vertex -1.9 2.94207 0.976835
    endloop
  endfacet
  facet normal 0 -0.967295 -0.253653
    outer loop
      vertex 0 2.94207 0.976835
      vertex -1.9 3.04283 0.592591
      vertex 0 3.04283 0.592591
    endloop
  endfacet
  facet normal 0 -0.926916 -0.375268
    outer loop
      vertex -1.9 2.94207 0.976835
      vertex 0 2.793 1.34504
      vertex -1.9 2.793 1.34504
    endloop
  endfacet
  facet normal 0 -0.926916 -0.375268
    outer loop
      vertex 0 2.793 1.34504
      vertex -1.9 2.94207 0.976835
      vertex 0 2.94207 0.976835
    endloop
  endfacet
  facet normal 0 -0.801415 -0.598109
    outer loop
      vertex -1.9 2.59807 1.69116
      vertex 0 2.36048 2.00951
      vertex -1.9 2.36048 2.00951
    endloop
  endfacet
  facet normal 0 -0.801415 -0.598109
    outer loop
      vertex 0 2.36048 2.00951
      vertex -1.9 2.59807 1.69116
      vertex 0 2.59807 1.69116
    endloop
  endfacet
  facet normal 0 0.981557 -0.191171
    outer loop
      vertex 0 -3.07455 0.396419
      vertex -1.9 -2.99861 0.786328
      vertex 0 -2.99861 0.786328
    endloop
  endfacet
  facet normal 0 0.981557 -0.191171
    outer loop
      vertex -1.9 -2.99861 0.786328
      vertex 0 -3.07455 0.396419
      vertex -1.9 -3.07455 0.396419
    endloop
  endfacet
  facet normal 0 0.997946 -0.0640679
    outer loop
      vertex 0 -3.1 0
      vertex -1.9 -3.07455 0.396419
      vertex 0 -3.07455 0.396419
    endloop
  endfacet
  facet normal 0 0.997946 -0.0640679
    outer loop
      vertex -1.9 -3.07455 0.396419
      vertex 0 -3.1 0
      vertex -1.9 -3.1 0
    endloop
  endfacet
  facet normal 0 0.345361 -0.93847
    outer loop
      vertex -1.9 -1.25483 2.83468
      vertex 0 -0.882035 2.97187
      vertex 0 -1.25483 2.83468
    endloop
  endfacet
  facet normal 0 0.345361 -0.93847
    outer loop
      vertex 0 -0.882035 2.97187
      vertex -1.9 -1.25483 2.83468
      vertex -1.9 -0.882035 2.97187
    endloop
  endfacet
  facet normal 0 0.838085 -0.54554
    outer loop
      vertex 0 -2.70109 1.52122
      vertex -1.9 -2.48438 1.85414
      vertex 0 -2.48438 1.85414
    endloop
  endfacet
  facet normal 0 0.838085 -0.54554
    outer loop
      vertex -1.9 -2.48438 1.85414
      vertex 0 -2.70109 1.52122
      vertex -1.9 -2.70109 1.52122
    endloop
  endfacet
  facet normal 0 0.99939 -0.0349217
    outer loop
      vertex -1.9 -11.2 0
      vertex -4.5 -11.1727 0.781272
      vertex -1.9 -11.1727 0.781272
    endloop
  endfacet
  facet normal 0 0.99939 -0.0349217
    outer loop
      vertex -4.5 -11.1727 0.781272
      vertex -1.9 -11.2 0
      vertex -4.5 -11.2 0
    endloop
  endfacet
  facet normal 0 0.951085 -0.308931
    outer loop
      vertex -1.9 -10.7661 3.08714
      vertex -4.5 -10.5246 3.83063
      vertex -1.9 -10.5246 3.83063
    endloop
  endfacet
  facet normal 0 0.951085 -0.308931
    outer loop
      vertex -4.5 -10.5246 3.83063
      vertex -1.9 -10.7661 3.08714
      vertex -4.5 -10.7661 3.08714
    endloop
  endfacet
  facet normal 0 -0.951085 -0.308931
    outer loop
      vertex -4.5 10.7661 3.08714
      vertex -1.9 10.5246 3.83063
      vertex -4.5 10.5246 3.83063
    endloop
  endfacet
  facet normal 0 -0.951085 -0.308931
    outer loop
      vertex -1.9 10.5246 3.83063
      vertex -4.5 10.7661 3.08714
      vertex -1.9 10.7661 3.08714
    endloop
  endfacet
  facet normal -1 0 0
    outer loop
      vertex -1.9 3.09363 0.198617
      vertex -1.9 11.1727 0.781272
      vertex -1.9 11.2 0
    endloop
  endfacet
  facet normal -1 -0 0
    outer loop
      vertex -1.9 11.1727 0.781272
      vertex -1.9 3.09363 0.198617
      vertex -1.9 11.091 1.55874
    endloop
  endfacet
  facet normal -1 0 0
    outer loop
      vertex -1.9 3.04283 0.592591
      vertex -1.9 11.091 1.55874
      vertex -1.9 3.09363 0.198617
    endloop
  endfacet
  facet normal -1 -0 0
    outer loop
      vertex -1.9 10.9553 2.32861
      vertex -1.9 3.04283 0.592591
      vertex -1.9 10.7661 3.08714
    endloop
  endfacet
  facet normal -1 0 0
    outer loop
      vertex -1.9 2.94207 0.976835
      vertex -1.9 10.7661 3.08714
      vertex -1.9 3.04283 0.592591
    endloop
  endfacet
  facet normal -1 -0 0
    outer loop
      vertex -1.9 10.7661 3.08714
      vertex -1.9 2.94207 0.976835
      vertex -1.9 10.5246 3.83063
    endloop
  endfacet
  facet normal -1 -0 0
    outer loop
      vertex -1.9 10.5246 3.83063
      vertex -1.9 2.94207 0.976835
      vertex -1.9 10.2317 4.55545
    endloop
  endfacet
  facet normal -1 -0 0
    outer loop
      vertex -1.9 10.2317 4.55545
      vertex -1.9 2.793 1.34504
      vertex -1.9 9.88901 5.25808
    endloop
  endfacet
  facet normal -1 0 0
    outer loop
      vertex -1.9 2.59807 1.69116
      vertex -1.9 9.88901 5.25808
      vertex -1.9 2.793 1.34504
    endloop
  endfacet
  facet normal -1 -0 0
    outer loop
      vertex -1.9 9.88901 5.25808
      vertex -1.9 2.59807 1.69116
      vertex -1.9 9.49814 5.93509
    endloop
  endfacet
  facet normal -1 0 0
    outer loop
      vertex -1.9 2.36048 2.00951
      vertex -1.9 9.06099 6.58319
      vertex -1.9 2.59807 1.69116
    endloop
  endfacet
  facet normal -1 -0 0
    outer loop
      vertex -1.9 9.06099 6.58319
      vertex -1.9 2.36048 2.00951
      vertex -1.9 8.5797 7.19922
    endloop
  endfacet
  facet normal -1 -0 0
    outer loop
      vertex -1.9 8.5797 7.19922
      vertex -1.9 2.36048 2.00951
      vertex -1.9 8.05661 7.78017
    endloop
  endfacet
  facet normal -1 0 0
    outer loop
      vertex -1.9 2.08413 2.29486
      vertex -1.9 8.05661 7.78017
      vertex -1.9 2.36048 2.00951
    endloop
  endfacet
  facet normal -1 -0 0
    outer loop
      vertex -1.9 7.49426 8.32322
      vertex -1.9 2.08413 2.29486
      vertex -1.9 6.89541 8.82572
    endloop
  endfacet
  facet normal -1 0 0
    outer loop
      vertex -1.9 1.77356 2.54253
      vertex -1.9 6.89541 8.82572
      vertex -1.9 2.08413 2.29486
    endloop
  endfacet
  facet normal -1 -0 0
    outer loop
      vertex -1.9 6.89541 8.82572
      vertex -1.9 1.77356 2.54253
      vertex -1.9 6.26296 9.28522
    endloop
  endfacet
  facet normal -1 0 0
    outer loop
      vertex -1.9 3.09363 0.198617
      vertex -1.9 11.2 0
      vertex -1.9 3.09363 0
    endloop
  endfacet
  facet normal -1 -0 0
    outer loop
      vertex -1.9 11.091 1.55874
      vertex -1.9 3.04283 0.592591
      vertex -1.9 10.9553 2.32861
    endloop
  endfacet
  facet normal -1 0 0
    outer loop
      vertex -1.9 2.793 1.34504
      vertex -1.9 10.2317 4.55545
      vertex -1.9 2.94207 0.976835
    endloop
  endfacet
  facet normal -1 -0 0
    outer loop
      vertex -1.9 9.49814 5.93509
      vertex -1.9 2.59807 1.69116
      vertex -1.9 9.06099 6.58319
    endloop
  endfacet
  facet normal -1 -0 0
    outer loop
      vertex -1.9 8.05661 7.78017
      vertex -1.9 2.08413 2.29486
      vertex -1.9 7.49426 8.32322
    endloop
  endfacet
  facet normal -1 -0 0
    outer loop
      vertex -1.9 6.26296 9.28522
      vertex -1.9 1.77356 2.54253
      vertex -1.9 5.6 9.69948
    endloop
  endfacet
  facet normal -1 0 0
    outer loop
      vertex -1.9 1.43387 2.74846
      vertex -1.9 5.6 9.69948
      vertex -1.9 1.77356 2.54253
    endloop
  endfacet
  facet normal -1 -0 0
    outer loop
      vertex -1.9 5.6 9.69948
      vertex -1.9 1.43387 2.74846
      vertex -1.9 4.90976 10.0665
    endloop
  endfacet
  facet normal -1 -0 0
    outer loop
      vertex -1.9 4.90976 10.0665
      vertex -1.9 1.43387 2.74846
      vertex -1.9 4.19559 10.3845
    endloop
  endfacet
  facet normal -1 0 0
    outer loop
      vertex -1.9 1.07063 2.90925
      vertex -1.9 4.19559 10.3845
      vertex -1.9 1.43387 2.74846
    endloop
  endfacet
  facet normal -1 -0 0
    outer loop
      vertex -1.9 4.19559 10.3845
      vertex -1.9 1.07063 2.90925
      vertex -1.9 3.46099 10.6518
    endloop
  endfacet
  facet normal -1 0 0
    outer loop
      vertex -1.9 0.689815 3.02228
      vertex -1.9 3.46099 10.6518
      vertex -1.9 1.07063 2.90925
    endloop
  endfacet
  facet normal -1 -0 0
    outer loop
      vertex -1.9 3.46099 10.6518
      vertex -1.9 0.689815 3.02228
      vertex -1.9 2.70953 10.8673
    endloop
  endfacet
  facet normal -1 -0 0
    outer loop
      vertex -1.9 2.70953 10.8673
      vertex -1.9 0.689815 3.02228
      vertex -1.9 1.94486 11.0298
    endloop
  endfacet
  facet normal -1 0 0
    outer loop
      vertex -1.9 0.297671 3.08568
      vertex -1.9 1.94486 11.0298
      vertex -1.9 0.689815 3.02228
    endloop
  endfacet
  facet normal -1 -0 0
    outer loop
      vertex -1.9 1.94486 11.0298
      vertex -1.9 0.297671 3.08568
      vertex -1.9 1.17072 11.1386
    endloop
  endfacet
  facet normal -1 -0 0
    outer loop
      vertex -1.9 1.17072 11.1386
      vertex -1.9 0.297671 3.08568
      vertex -1.9 0.390874 11.1932
    endloop
  endfacet
  facet normal -1 0 0
    outer loop
      vertex -1.9 -0.0993595 3.09841
      vertex -1.9 0.390874 11.1932
      vertex -1.9 0.297671 3.08568
    endloop
  endfacet
  facet normal -1 0 0
    outer loop
      vertex -1.9 -0.0993595 3.09841
      vertex -1.9 -0.390874 11.1932
      vertex -1.9 0.390874 11.1932
    endloop
  endfacet
  facet normal -1 0 0
    outer loop
      vertex -1.9 -1.17072 11.1386
      vertex -1.9 -0.0993595 3.09841
      vertex -1.9 -0.49476 3.06026
    endloop
  endfacet
  facet normal -1 0 0
    outer loop
      vertex -1.9 -2.70953 10.8673
      vertex -1.9 -0.49476 3.06026
      vertex -1.9 -0.882035 2.97187
    endloop
  endfacet
  facet normal -1 0 0
    outer loop
      vertex -1.9 -0.0993595 3.09841
      vertex -1.9 -1.17072 11.1386
      vertex -1.9 -0.390874 11.1932
    endloop
  endfacet
  facet normal -1 0 0
    outer loop
      vertex -1.9 -3.46099 10.6518
      vertex -1.9 -0.882035 2.97187
      vertex -1.9 -1.25483 2.83468
    endloop
  endfacet
  facet normal -1 0 0
    outer loop
      vertex -1.9 -4.90976 10.0665
      vertex -1.9 -1.25483 2.83468
      vertex -1.9 -1.60702 2.65094
    endloop
  endfacet
  facet normal -1 0 0
    outer loop
      vertex -1.9 -6.26296 9.28522
      vertex -1.9 -1.60702 2.65094
      vertex -1.9 -1.93282 2.42368
    endloop
  endfacet
  facet normal -1 0 0
    outer loop
      vertex -1.9 -0.49476 3.06026
      vertex -1.9 -1.94486 11.0298
      vertex -1.9 -1.17072 11.1386
    endloop
  endfacet
  facet normal -1 0 0
    outer loop
      vertex -1.9 -7.49426 8.32322
      vertex -1.9 -1.93282 2.42368
      vertex -1.9 -2.22688 2.15662
    endloop
  endfacet
  facet normal -1 0 0
    outer loop
      vertex -1.9 -8.5797 7.19922
      vertex -1.9 -2.22688 2.15662
      vertex -1.9 -2.48438 1.85414
    endloop
  endfacet
  facet normal -1 0 0
    outer loop
      vertex -1.9 -9.49814 5.93509
      vertex -1.9 -2.48438 1.85414
      vertex -1.9 -2.70109 1.52122
    endloop
  endfacet
  facet normal -1 0 0
    outer loop
      vertex -1.9 -0.49476 3.06026
      vertex -1.9 -2.70953 10.8673
      vertex -1.9 -1.94486 11.0298
    endloop
  endfacet
  facet normal -1 0 0
    outer loop
      vertex -1.9 -9.88901 5.25808
      vertex -1.9 -2.70109 1.52122
      vertex -1.9 -2.87344 1.16333
    endloop
  endfacet
  facet normal -1 0 0
    outer loop
      vertex -1.9 -10.5246 3.83063
      vertex -1.9 -2.87344 1.16333
      vertex -1.9 -2.99861 0.786328
    endloop
  endfacet
  facet normal -1 0 0
    outer loop
      vertex -1.9 -10.9553 2.32861
      vertex -1.9 -2.99861 0.786328
      vertex -1.9 -3.07455 0.396419
    endloop
  endfacet
  facet normal -1 0 0
    outer loop
      vertex -1.9 -11.1727 0.781272
      vertex -1.9 -3.07455 0.396419
      vertex -1.9 -3.1 0
    endloop
  endfacet
  facet normal -1 0 0
    outer loop
      vertex -1.9 -0.882035 2.97187
      vertex -1.9 -3.46099 10.6518
      vertex -1.9 -2.70953 10.8673
    endloop
  endfacet
  facet normal -1 0 0
    outer loop
      vertex -1.9 -1.25483 2.83468
      vertex -1.9 -4.19559 10.3845
      vertex -1.9 -3.46099 10.6518
    endloop
  endfacet
  facet normal -1 0 0
    outer loop
      vertex -1.9 -1.25483 2.83468
      vertex -1.9 -4.90976 10.0665
      vertex -1.9 -4.19559 10.3845
    endloop
  endfacet
  facet normal -1 0 0
    outer loop
      vertex -1.9 -1.60702 2.65094
      vertex -1.9 -5.6 9.69948
      vertex -1.9 -4.90976 10.0665
    endloop
  endfacet
  facet normal -1 0 0
    outer loop
      vertex -1.9 -1.60702 2.65094
      vertex -1.9 -6.26296 9.28522
      vertex -1.9 -5.6 9.69948
    endloop
  endfacet
  facet normal -1 0 0
    outer loop
      vertex -1.9 -1.93282 2.42368
      vertex -1.9 -6.89541 8.82572
      vertex -1.9 -6.26296 9.28522
    endloop
  endfacet
  facet normal -1 0 0
    outer loop
      vertex -1.9 -1.93282 2.42368
      vertex -1.9 -7.49426 8.32322
      vertex -1.9 -6.89541 8.82572
    endloop
  endfacet
  facet normal -1 0 0
    outer loop
      vertex -1.9 -2.22688 2.15662
      vertex -1.9 -8.05661 7.78017
      vertex -1.9 -7.49426 8.32322
    endloop
  endfacet
  facet normal -1 0 0
    outer loop
      vertex -1.9 -2.22688 2.15662
      vertex -1.9 -8.5797 7.19922
      vertex -1.9 -8.05661 7.78017
    endloop
  endfacet
  facet normal -1 0 0
    outer loop
      vertex -1.9 -2.48438 1.85414
      vertex -1.9 -9.06099 6.58319
      vertex -1.9 -8.5797 7.19922
    endloop
  endfacet
  facet normal -1 0 0
    outer loop
      vertex -1.9 -2.48438 1.85414
      vertex -1.9 -9.49814 5.93509
      vertex -1.9 -9.06099 6.58319
    endloop
  endfacet
  facet normal -1 0 0
    outer loop
      vertex -1.9 -2.70109 1.52122
      vertex -1.9 -9.88901 5.25808
      vertex -1.9 -9.49814 5.93509
    endloop
  endfacet
  facet normal -1 0 0
    outer loop
      vertex -1.9 -2.87344 1.16333
      vertex -1.9 -10.2317 4.55545
      vertex -1.9 -9.88901 5.25808
    endloop
  endfacet
  facet normal -1 0 0
    outer loop
      vertex -1.9 -2.87344 1.16333
      vertex -1.9 -10.5246 3.83063
      vertex -1.9 -10.2317 4.55545
    endloop
  endfacet
  facet normal -1 0 0
    outer loop
      vertex -1.9 -2.99861 0.786328
      vertex -1.9 -10.7661 3.08714
      vertex -1.9 -10.5246 3.83063
    endloop
  endfacet
  facet normal -1 0 0
    outer loop
      vertex -1.9 -2.99861 0.786328
      vertex -1.9 -10.9553 2.32861
      vertex -1.9 -10.7661 3.08714
    endloop
  endfacet
  facet normal -1 0 0
    outer loop
      vertex -1.9 -3.07455 0.396419
      vertex -1.9 -11.091 1.55874
      vertex -1.9 -10.9553 2.32861
    endloop
  endfacet
  facet normal -1 0 0
    outer loop
      vertex -1.9 -3.07455 0.396419
      vertex -1.9 -11.1727 0.781272
      vertex -1.9 -11.091 1.55874
    endloop
  endfacet
  facet normal -1 0 -0
    outer loop
      vertex -1.9 -11.1727 0.781272
      vertex -1.9 -3.1 0
      vertex -1.9 -11.2 0
    endloop
  endfacet
  facet normal 0 0.341938 -0.939722
    outer loop
      vertex -4.5 -4.19559 10.3845
      vertex -1.9 -3.46099 10.6518
      vertex -1.9 -4.19559 10.3845
    endloop
  endfacet
  facet normal 0 0.341938 -0.939722
    outer loop
      vertex -1.9 -3.46099 10.6518
      vertex -4.5 -4.19559 10.3845
      vertex -4.5 -3.46099 10.6518
    endloop
  endfacet
  facet normal 0 0.984818 -0.173588
    outer loop
      vertex -1.9 -11.091 1.55874
      vertex -4.5 -10.9553 2.32861
      vertex -1.9 -10.9553 2.32861
    endloop
  endfacet
  facet normal 0 0.984818 -0.173588
    outer loop
      vertex -4.5 -10.9553 2.32861
      vertex -1.9 -11.091 1.55874
      vertex -4.5 -11.091 1.55874
    endloop
  endfacet
  facet normal 0 0.898797 -0.438365
    outer loop
      vertex -1.9 -10.2317 4.55545
      vertex -4.5 -9.88901 5.25808
      vertex -1.9 -9.88901 5.25808
    endloop
  endfacet
  facet normal 0 0.898797 -0.438365
    outer loop
      vertex -4.5 -9.88901 5.25808
      vertex -1.9 -10.2317 4.55545
      vertex -4.5 -10.2317 4.55545
    endloop
  endfacet
  facet normal 0 0 -1
    outer loop
      vertex -4.5 -0.390874 11.1932
      vertex -1.9 0.390874 11.1932
      vertex -1.9 -0.390874 11.1932
    endloop
  endfacet
  facet normal -0 0 -1
    outer loop
      vertex -1.9 0.390874 11.1932
      vertex -4.5 -0.390874 11.1932
      vertex -4.5 0.390874 11.1932
    endloop
  endfacet
  facet normal 0 -0.40677 -0.913531
    outer loop
      vertex -4.5 4.19559 10.3845
      vertex -1.9 4.90976 10.0665
      vertex -1.9 4.19559 10.3845
    endloop
  endfacet
  facet normal -0 -0.40677 -0.913531
    outer loop
      vertex -1.9 4.90976 10.0665
      vertex -4.5 4.19559 10.3845
      vertex -4.5 4.90976 10.0665
    endloop
  endfacet
  facet normal 0 0.0698428 -0.997558
    outer loop
      vertex -4.5 -1.17072 11.1386
      vertex -1.9 -0.390874 11.1932
      vertex -1.9 -1.17072 11.1386
    endloop
  endfacet
  facet normal 0 0.0698428 -0.997558
    outer loop
      vertex -1.9 -0.390874 11.1932
      vertex -4.5 -1.17072 11.1386
      vertex -4.5 -0.390874 11.1932
    endloop
  endfacet
  facet normal 0 0.275664 -0.961254
    outer loop
      vertex -4.5 -3.46099 10.6518
      vertex -1.9 -2.70953 10.8673
      vertex -1.9 -3.46099 10.6518
    endloop
  endfacet
  facet normal 0 0.275664 -0.961254
    outer loop
      vertex -1.9 -2.70953 10.8673
      vertex -4.5 -3.46099 10.6518
      vertex -4.5 -2.70953 10.8673
    endloop
  endfacet
  facet normal 0 0.40677 -0.913531
    outer loop
      vertex -4.5 -4.90976 10.0665
      vertex -1.9 -4.19559 10.3845
      vertex -1.9 -4.90976 10.0665
    endloop
  endfacet
  facet normal 0 0.40677 -0.913531
    outer loop
      vertex -1.9 -4.19559 10.3845
      vertex -4.5 -4.90976 10.0665
      vertex -4.5 -4.19559 10.3845
    endloop
  endfacet
  facet normal 0 0.994524 -0.104509
    outer loop
      vertex -1.9 -11.1727 0.781272
      vertex -4.5 -11.091 1.55874
      vertex -1.9 -11.091 1.55874
    endloop
  endfacet
  facet normal 0 0.994524 -0.104509
    outer loop
      vertex -4.5 -11.091 1.55874
      vertex -1.9 -11.1727 0.781272
      vertex -4.5 -11.1727 0.781272
    endloop
  endfacet
  facet normal 0 0.970273 -0.242015
    outer loop
      vertex -1.9 -10.9553 2.32861
      vertex -4.5 -10.7661 3.08714
      vertex -1.9 -10.7661 3.08714
    endloop
  endfacet
  facet normal 0 0.970273 -0.242015
    outer loop
      vertex -4.5 -10.7661 3.08714
      vertex -1.9 -10.9553 2.32861
      vertex -4.5 -10.9553 2.32861
    endloop
  endfacet
  facet normal 0 0.788014 -0.615657
    outer loop
      vertex -1.9 -9.06099 6.58319
      vertex -4.5 -8.5797 7.19922
      vertex -1.9 -8.5797 7.19922
    endloop
  endfacet
  facet normal 0 0.788014 -0.615657
    outer loop
      vertex -4.5 -8.5797 7.19922
      vertex -1.9 -9.06099 6.58319
      vertex -4.5 -9.06099 6.58319
    endloop
  endfacet
  facet normal 0 0.829037 -0.559194
    outer loop
      vertex -1.9 -9.49814 5.93509
      vertex -4.5 -9.06099 6.58319
      vertex -1.9 -9.06099 6.58319
    endloop
  endfacet
  facet normal 0 0.829037 -0.559194
    outer loop
      vertex -4.5 -9.06099 6.58319
      vertex -1.9 -9.49814 5.93509
      vertex -4.5 -9.49814 5.93509
    endloop
  endfacet
  facet normal 0 0.866026 -0.499998
    outer loop
      vertex -1.9 -9.88901 5.25808
      vertex -4.5 -9.49814 5.93509
      vertex -1.9 -9.49814 5.93509
    endloop
  endfacet
  facet normal 0 0.866026 -0.499998
    outer loop
      vertex -4.5 -9.49814 5.93509
      vertex -1.9 -9.88901 5.25808
      vertex -4.5 -9.88901 5.25808
    endloop
  endfacet
  facet normal 0 0.469484 -0.882941
    outer loop
      vertex -4.5 -5.6 9.69948
      vertex -1.9 -4.90976 10.0665
      vertex -1.9 -5.6 9.69948
    endloop
  endfacet
  facet normal 0 0.469484 -0.882941
    outer loop
      vertex -1.9 -4.90976 10.0665
      vertex -4.5 -5.6 9.69948
      vertex -4.5 -4.90976 10.0665
    endloop
  endfacet
  facet normal 0 0.529916 -0.84805
    outer loop
      vertex -4.5 -6.26296 9.28522
      vertex -1.9 -5.6 9.69948
      vertex -1.9 -6.26296 9.28522
    endloop
  endfacet
  facet normal 0 0.529916 -0.84805
    outer loop
      vertex -1.9 -5.6 9.69948
      vertex -4.5 -6.26296 9.28522
      vertex -4.5 -5.6 9.69948
    endloop
  endfacet
  facet normal 0 0.92716 -0.374666
    outer loop
      vertex -1.9 -10.5246 3.83063
      vertex -4.5 -10.2317 4.55545
      vertex -1.9 -10.2317 4.55545
    endloop
  endfacet
  facet normal 0 0.92716 -0.374666
    outer loop
      vertex -4.5 -10.2317 4.55545
      vertex -1.9 -10.5246 3.83063
      vertex -4.5 -10.5246 3.83063
    endloop
  endfacet
  facet normal 0 -0.829037 -0.559194
    outer loop
      vertex -4.5 9.49814 5.93509
      vertex -1.9 9.06099 6.58319
      vertex -4.5 9.06099 6.58319
    endloop
  endfacet
  facet normal 0 -0.829037 -0.559194
    outer loop
      vertex -1.9 9.06099 6.58319
      vertex -4.5 9.49814 5.93509
      vertex -1.9 9.49814 5.93509
    endloop
  endfacet
  facet normal 0 -0.866026 -0.499998
    outer loop
      vertex -4.5 9.88901 5.25808
      vertex -1.9 9.49814 5.93509
      vertex -4.5 9.49814 5.93509
    endloop
  endfacet
  facet normal 0 -0.866026 -0.499998
    outer loop
      vertex -1.9 9.49814 5.93509
      vertex -4.5 9.88901 5.25808
      vertex -1.9 9.88901 5.25808
    endloop
  endfacet
  facet normal 0 -0.970273 -0.242015
    outer loop
      vertex -4.5 10.9553 2.32861
      vertex -1.9 10.7661 3.08714
      vertex -4.5 10.7661 3.08714
    endloop
  endfacet
  facet normal 0 -0.970273 -0.242015
    outer loop
      vertex -1.9 10.7661 3.08714
      vertex -4.5 10.9553 2.32861
      vertex -1.9 10.9553 2.32861
    endloop
  endfacet
  facet normal 0 -0.984818 -0.173588
    outer loop
      vertex -4.5 11.091 1.55874
      vertex -1.9 10.9553 2.32861
      vertex -4.5 10.9553 2.32861
    endloop
  endfacet
  facet normal 0 -0.984818 -0.173588
    outer loop
      vertex -1.9 10.9553 2.32861
      vertex -4.5 11.091 1.55874
      vertex -1.9 11.091 1.55874
    endloop
  endfacet
  facet normal 0 -0.99939 -0.0349217
    outer loop
      vertex -4.5 11.2 0
      vertex -1.9 11.1727 0.781272
      vertex -4.5 11.1727 0.781272
    endloop
  endfacet
  facet normal 0 -0.99939 -0.0349217
    outer loop
      vertex -1.9 11.1727 0.781272
      vertex -4.5 11.2 0
      vertex -1.9 11.2 0
    endloop
  endfacet
  facet normal 0 0.139175 -0.990268
    outer loop
      vertex -4.5 -1.94486 11.0298
      vertex -1.9 -1.17072 11.1386
      vertex -1.9 -1.94486 11.0298
    endloop
  endfacet
  facet normal 0 0.139175 -0.990268
    outer loop
      vertex -1.9 -1.17072 11.1386
      vertex -4.5 -1.94486 11.0298
      vertex -4.5 -1.17072 11.1386
    endloop
  endfacet
  facet normal 0 0.207868 -0.978157
    outer loop
      vertex -4.5 -2.70953 10.8673
      vertex -1.9 -1.94486 11.0298
      vertex -1.9 -2.70953 10.8673
    endloop
  endfacet
  facet normal 0 0.207868 -0.978157
    outer loop
      vertex -1.9 -1.94486 11.0298
      vertex -4.5 -2.70953 10.8673
      vertex -4.5 -1.94486 11.0298
    endloop
  endfacet
  facet normal 0 0.694655 -0.719343
    outer loop
      vertex -4.5 -8.05661 7.78017
      vertex -1.9 -7.49426 8.32322
      vertex -1.9 -8.05661 7.78017
    endloop
  endfacet
  facet normal 0 0.694655 -0.719343
    outer loop
      vertex -1.9 -7.49426 8.32322
      vertex -4.5 -8.05661 7.78017
      vertex -4.5 -7.49426 8.32322
    endloop
  endfacet
  facet normal 0 -0.0698428 -0.997558
    outer loop
      vertex -4.5 0.390874 11.1932
      vertex -1.9 1.17072 11.1386
      vertex -1.9 0.390874 11.1932
    endloop
  endfacet
  facet normal -0 -0.0698428 -0.997558
    outer loop
      vertex -1.9 1.17072 11.1386
      vertex -4.5 0.390874 11.1932
      vertex -4.5 1.17072 11.1386
    endloop
  endfacet
  facet normal 0 -0.139175 -0.990268
    outer loop
      vertex -4.5 1.17072 11.1386
      vertex -1.9 1.94486 11.0298
      vertex -1.9 1.17072 11.1386
    endloop
  endfacet
  facet normal -0 -0.139175 -0.990268
    outer loop
      vertex -1.9 1.94486 11.0298
      vertex -4.5 1.17072 11.1386
      vertex -4.5 1.94486 11.0298
    endloop
  endfacet
  facet normal 0 -0.341938 -0.939722
    outer loop
      vertex -4.5 3.46099 10.6518
      vertex -1.9 4.19559 10.3845
      vertex -1.9 3.46099 10.6518
    endloop
  endfacet
  facet normal -0 -0.341938 -0.939722
    outer loop
      vertex -1.9 4.19559 10.3845
      vertex -4.5 3.46099 10.6518
      vertex -4.5 4.19559 10.3845
    endloop
  endfacet
  facet normal 0 -0.694655 -0.719343
    outer loop
      vertex -4.5 7.49426 8.32322
      vertex -1.9 8.05661 7.78017
      vertex -1.9 7.49426 8.32322
    endloop
  endfacet
  facet normal -0 -0.694655 -0.719343
    outer loop
      vertex -1.9 8.05661 7.78017
      vertex -4.5 7.49426 8.32322
      vertex -4.5 8.05661 7.78017
    endloop
  endfacet
  facet normal 0 -0.743145 -0.669131
    outer loop
      vertex -4.5 8.5797 7.19922
      vertex -1.9 8.05661 7.78017
      vertex -4.5 8.05661 7.78017
    endloop
  endfacet
  facet normal 0 -0.743145 -0.669131
    outer loop
      vertex -1.9 8.05661 7.78017
      vertex -4.5 8.5797 7.19922
      vertex -1.9 8.5797 7.19922
    endloop
  endfacet
  facet normal 0 -0.788014 -0.615657
    outer loop
      vertex -4.5 9.06099 6.58319
      vertex -1.9 8.5797 7.19922
      vertex -4.5 8.5797 7.19922
    endloop
  endfacet
  facet normal 0 -0.788014 -0.615657
    outer loop
      vertex -1.9 8.5797 7.19922
      vertex -4.5 9.06099 6.58319
      vertex -1.9 9.06099 6.58319
    endloop
  endfacet
  facet normal 0 -0.898797 -0.438365
    outer loop
      vertex -4.5 10.2317 4.55545
      vertex -1.9 9.88901 5.25808
      vertex -4.5 9.88901 5.25808
    endloop
  endfacet
  facet normal 0 -0.898797 -0.438365
    outer loop
      vertex -1.9 9.88901 5.25808
      vertex -4.5 10.2317 4.55545
      vertex -1.9 10.2317 4.55545
    endloop
  endfacet
  facet normal 0 -0.92716 -0.374666
    outer loop
      vertex -4.5 10.5246 3.83063
      vertex -1.9 10.2317 4.55545
      vertex -4.5 10.2317 4.55545
    endloop
  endfacet
  facet normal 0 -0.92716 -0.374666
    outer loop
      vertex -1.9 10.2317 4.55545
      vertex -4.5 10.5246 3.83063
      vertex -1.9 10.5246 3.83063
    endloop
  endfacet
  facet normal 0 -0.994524 -0.104509
    outer loop
      vertex -4.5 11.1727 0.781272
      vertex -1.9 11.091 1.55874
      vertex -4.5 11.091 1.55874
    endloop
  endfacet
  facet normal 0 -0.994524 -0.104509
    outer loop
      vertex -1.9 11.091 1.55874
      vertex -4.5 11.1727 0.781272
      vertex -1.9 11.1727 0.781272
    endloop
  endfacet
  facet normal 0 0.587784 -0.809018
    outer loop
      vertex -4.5 -6.89541 8.82572
      vertex -1.9 -6.26296 9.28522
      vertex -1.9 -6.89541 8.82572
    endloop
  endfacet
  facet normal 0 0.587784 -0.809018
    outer loop
      vertex -1.9 -6.26296 9.28522
      vertex -4.5 -6.89541 8.82572
      vertex -4.5 -6.26296 9.28522
    endloop
  endfacet
  facet normal 0 0.642792 -0.766041
    outer loop
      vertex -4.5 -7.49426 8.32322
      vertex -1.9 -6.89541 8.82572
      vertex -1.9 -7.49426 8.32322
    endloop
  endfacet
  facet normal 0 0.642792 -0.766041
    outer loop
      vertex -1.9 -6.89541 8.82572
      vertex -4.5 -7.49426 8.32322
      vertex -4.5 -6.89541 8.82572
    endloop
  endfacet
  facet normal 0 -0.207868 -0.978157
    outer loop
      vertex -4.5 1.94486 11.0298
      vertex -1.9 2.70953 10.8673
      vertex -1.9 1.94486 11.0298
    endloop
  endfacet
  facet normal -0 -0.207868 -0.978157
    outer loop
      vertex -1.9 2.70953 10.8673
      vertex -4.5 1.94486 11.0298
      vertex -4.5 2.70953 10.8673
    endloop
  endfacet
  facet normal 0 -0.469484 -0.882941
    outer loop
      vertex -4.5 4.90976 10.0665
      vertex -1.9 5.6 9.69948
      vertex -1.9 4.90976 10.0665
    endloop
  endfacet
  facet normal -0 -0.469484 -0.882941
    outer loop
      vertex -1.9 5.6 9.69948
      vertex -4.5 4.90976 10.0665
      vertex -4.5 5.6 9.69948
    endloop
  endfacet
  facet normal 0 -0.587784 -0.809018
    outer loop
      vertex -4.5 6.26296 9.28522
      vertex -1.9 6.89541 8.82572
      vertex -1.9 6.26296 9.28522
    endloop
  endfacet
  facet normal -0 -0.587784 -0.809018
    outer loop
      vertex -1.9 6.89541 8.82572
      vertex -4.5 6.26296 9.28522
      vertex -4.5 6.89541 8.82572
    endloop
  endfacet
  facet normal 0 0.743145 -0.669131
    outer loop
      vertex -1.9 -8.5797 7.19922
      vertex -4.5 -8.05661 7.78017
      vertex -1.9 -8.05661 7.78017
    endloop
  endfacet
  facet normal 0 0.743145 -0.669131
    outer loop
      vertex -4.5 -8.05661 7.78017
      vertex -1.9 -8.5797 7.19922
      vertex -4.5 -8.5797 7.19922
    endloop
  endfacet
  facet normal 0 -0.275664 -0.961254
    outer loop
      vertex -4.5 2.70953 10.8673
      vertex -1.9 3.46099 10.6518
      vertex -1.9 2.70953 10.8673
    endloop
  endfacet
  facet normal -0 -0.275664 -0.961254
    outer loop
      vertex -1.9 3.46099 10.6518
      vertex -4.5 2.70953 10.8673
      vertex -4.5 3.46099 10.6518
    endloop
  endfacet
  facet normal 0 -0.642792 -0.766041
    outer loop
      vertex -4.5 6.89541 8.82572
      vertex -1.9 7.49426 8.32322
      vertex -1.9 6.89541 8.82572
    endloop
  endfacet
  facet normal -0 -0.642792 -0.766041
    outer loop
      vertex -1.9 7.49426 8.32322
      vertex -4.5 6.89541 8.82572
      vertex -4.5 7.49426 8.32322
    endloop
  endfacet
  facet normal 0 -0.529916 -0.84805
    outer loop
      vertex -4.5 5.6 9.69948
      vertex -1.9 6.26296 9.28522
      vertex -1.9 5.6 9.69948
    endloop
  endfacet
  facet normal -0 -0.529916 -0.84805
    outer loop
      vertex -1.9 6.26296 9.28522
      vertex -4.5 5.6 9.69948
      vertex -4.5 6.26296 9.28522
    endloop
  endfacet
  facet normal -0.988847 0 -0.148932
    outer loop
      vertex 36.275 15.8 19.3
      vertex 36.2184 21 19.6758
      vertex 36.275 21 19.3
    endloop
  endfacet
  facet normal -0.988847 -0 -0.148932
    outer loop
      vertex 36.2184 21 19.6758
      vertex 36.275 15.8 19.3
      vertex 36.2184 15.8 19.6758
    endloop
  endfacet
  facet normal -0.22236 0 0.974965
    outer loop
      vertex 35.0953 21 18.0286
      vertex 35.4658 15.8 18.1131
      vertex 35.4658 21 18.1131
    endloop
  endfacet
  facet normal -0.22236 0 0.974965
    outer loop
      vertex 35.4658 15.8 18.1131
      vertex 35.0953 21 18.0286
      vertex 35.0953 15.8 18.0286
    endloop
  endfacet
  facet normal 0.0747245 0 0.997204
    outer loop
      vertex 34.7163 21 18.057
      vertex 35.0953 15.8 18.0286
      vertex 35.0953 21 18.0286
    endloop
  endfacet
  facet normal 0.0747245 0 0.997204
    outer loop
      vertex 35.0953 15.8 18.0286
      vertex 34.7163 21 18.057
      vertex 34.7163 15.8 18.057
    endloop
  endfacet
  facet normal -0.732925 0 -0.68031
    outer loop
      vertex 36.0535 15.8 20.0182
      vertex 35.7949 21 20.2968
      vertex 36.0535 21 20.0182
    endloop
  endfacet
  facet normal -0.732925 -0 -0.68031
    outer loop
      vertex 35.7949 21 20.2968
      vertex 36.0535 15.8 20.0182
      vertex 35.7949 15.8 20.2968
    endloop
  endfacet
  facet normal 0.0747245 0 -0.997204
    outer loop
      vertex 34.7163 15.8 20.543
      vertex 35.0953 21 20.5714
      vertex 35.0953 15.8 20.5714
    endloop
  endfacet
  facet normal 0.0747245 0 -0.997204
    outer loop
      vertex 35.0953 21 20.5714
      vertex 34.7163 15.8 20.543
      vertex 34.7163 21 20.543
    endloop
  endfacet
  facet normal -0.500186 0 -0.865918
    outer loop
      vertex 35.4658 15.8 20.4869
      vertex 35.7949 21 20.2968
      vertex 35.7949 15.8 20.2968
    endloop
  endfacet
  facet normal -0.500186 0 -0.865918
    outer loop
      vertex 35.7949 21 20.2968
      vertex 35.4658 15.8 20.4869
      vertex 35.4658 21 20.4869
    endloop
  endfacet
  facet normal -0.988847 0 0.148932
    outer loop
      vertex 36.2184 15.8 18.9242
      vertex 36.275 21 19.3
      vertex 36.2184 21 18.9242
    endloop
  endfacet
  facet normal -0.988847 0 0.148932
    outer loop
      vertex 36.275 21 19.3
      vertex 36.2184 15.8 18.9242
      vertex 36.275 15.8 19.3
    endloop
  endfacet
  facet normal 0.365213 0 0.930924
    outer loop
      vertex 34.3625 21 18.1958
      vertex 34.7163 15.8 18.057
      vertex 34.7163 21 18.057
    endloop
  endfacet
  facet normal 0.365213 0 0.930924
    outer loop
      vertex 34.7163 15.8 18.057
      vertex 34.3625 21 18.1958
      vertex 34.3625 15.8 18.1958
    endloop
  endfacet
  facet normal -0.90096 0 -0.433903
    outer loop
      vertex 36.2184 15.8 19.6758
      vertex 36.0535 21 20.0182
      vertex 36.2184 21 19.6758
    endloop
  endfacet
  facet normal -0.90096 -0 -0.433903
    outer loop
      vertex 36.0535 21 20.0182
      vertex 36.2184 15.8 19.6758
      vertex 36.0535 15.8 20.0182
    endloop
  endfacet
  facet normal -0.22236 0 -0.974965
    outer loop
      vertex 35.0953 15.8 20.5714
      vertex 35.4658 21 20.4869
      vertex 35.4658 15.8 20.4869
    endloop
  endfacet
  facet normal -0.22236 0 -0.974965
    outer loop
      vertex 35.4658 21 20.4869
      vertex 35.0953 15.8 20.5714
      vertex 35.0953 21 20.5714
    endloop
  endfacet
  facet normal 1 -0 0
    outer loop
      vertex 33.7392 15.8 19.49
      vertex 33.7392 21 19.11
      vertex 33.7392 21 19.49
    endloop
  endfacet
  facet normal 1 0 0
    outer loop
      vertex 33.7392 21 19.11
      vertex 33.7392 15.8 19.49
      vertex 33.7392 15.8 19.11
    endloop
  endfacet
  facet normal 0.826216 0 -0.563353
    outer loop
      vertex 34.0654 15.8 20.1672
      vertex 33.8513 21 19.8532
      vertex 34.0654 21 20.1672
    endloop
  endfacet
  facet normal 0.826216 0 -0.563353
    outer loop
      vertex 33.8513 21 19.8532
      vertex 34.0654 15.8 20.1672
      vertex 33.8513 15.8 19.8532
    endloop
  endfacet
  facet normal 0.365213 0 -0.930924
    outer loop
      vertex 34.3625 15.8 20.4042
      vertex 34.7163 21 20.543
      vertex 34.7163 15.8 20.543
    endloop
  endfacet
  facet normal 0.365213 0 -0.930924
    outer loop
      vertex 34.7163 21 20.543
      vertex 34.3625 15.8 20.4042
      vertex 34.3625 21 20.4042
    endloop
  endfacet
  facet normal 0.623603 0 -0.781741
    outer loop
      vertex 34.0654 15.8 20.1672
      vertex 34.3625 21 20.4042
      vertex 34.3625 15.8 20.4042
    endloop
  endfacet
  facet normal 0.623603 0 -0.781741
    outer loop
      vertex 34.3625 21 20.4042
      vertex 34.0654 15.8 20.1672
      vertex 34.0654 21 20.1672
    endloop
  endfacet
  facet normal 0.955523 -0 0.294918
    outer loop
      vertex 33.7392 15.8 19.11
      vertex 33.8513 21 18.7468
      vertex 33.7392 21 19.11
    endloop
  endfacet
  facet normal 0.955523 0 0.294918
    outer loop
      vertex 33.8513 21 18.7468
      vertex 33.7392 15.8 19.11
      vertex 33.8513 15.8 18.7468
    endloop
  endfacet
  facet normal 0 1 0
    outer loop
      vertex 35.4658 15.8 20.4869
      vertex 34.7163 15.8 20.543
      vertex 35.0953 15.8 20.5714
    endloop
  endfacet
  facet normal 0 1 0
    outer loop
      vertex 35.4658 15.8 20.4869
      vertex 34.3625 15.8 20.4042
      vertex 34.7163 15.8 20.543
    endloop
  endfacet
  facet normal 0 1 0
    outer loop
      vertex 35.7949 15.8 20.2968
      vertex 34.3625 15.8 20.4042
      vertex 35.4658 15.8 20.4869
    endloop
  endfacet
  facet normal 0 1 0
    outer loop
      vertex 35.7949 15.8 20.2968
      vertex 34.0654 15.8 20.1672
      vertex 34.3625 15.8 20.4042
    endloop
  endfacet
  facet normal 0 1 0
    outer loop
      vertex 36.0535 15.8 20.0182
      vertex 34.0654 15.8 20.1672
      vertex 35.7949 15.8 20.2968
    endloop
  endfacet
  facet normal 0 1 0
    outer loop
      vertex 36.0535 15.8 20.0182
      vertex 33.8513 15.8 19.8532
      vertex 34.0654 15.8 20.1672
    endloop
  endfacet
  facet normal 0 1 0
    outer loop
      vertex 36.2184 15.8 19.6758
      vertex 33.8513 15.8 19.8532
      vertex 36.0535 15.8 20.0182
    endloop
  endfacet
  facet normal 0 1 0
    outer loop
      vertex 36.2184 15.8 19.6758
      vertex 33.7392 15.8 19.49
      vertex 33.8513 15.8 19.8532
    endloop
  endfacet
  facet normal 0 1 0
    outer loop
      vertex 36.275 15.8 19.3
      vertex 33.7392 15.8 19.49
      vertex 36.2184 15.8 19.6758
    endloop
  endfacet
  facet normal 0 1 0
    outer loop
      vertex 36.275 15.8 19.3
      vertex 33.7392 15.8 19.11
      vertex 33.7392 15.8 19.49
    endloop
  endfacet
  facet normal 0 1 -0
    outer loop
      vertex 36.2184 15.8 18.9242
      vertex 33.7392 15.8 19.11
      vertex 36.275 15.8 19.3
    endloop
  endfacet
  facet normal 0 1 0
    outer loop
      vertex 36.2184 15.8 18.9242
      vertex 33.8513 15.8 18.7468
      vertex 33.7392 15.8 19.11
    endloop
  endfacet
  facet normal 0 1 -0
    outer loop
      vertex 36.0535 15.8 18.5818
      vertex 33.8513 15.8 18.7468
      vertex 36.2184 15.8 18.9242
    endloop
  endfacet
  facet normal 0 1 0
    outer loop
      vertex 36.0535 15.8 18.5818
      vertex 34.0654 15.8 18.4328
      vertex 33.8513 15.8 18.7468
    endloop
  endfacet
  facet normal 0 1 -0
    outer loop
      vertex 35.7949 15.8 18.3032
      vertex 34.0654 15.8 18.4328
      vertex 36.0535 15.8 18.5818
    endloop
  endfacet
  facet normal 0 1 0
    outer loop
      vertex 35.7949 15.8 18.3032
      vertex 34.3625 15.8 18.1958
      vertex 34.0654 15.8 18.4328
    endloop
  endfacet
  facet normal 0 1 -0
    outer loop
      vertex 35.4658 15.8 18.1131
      vertex 34.3625 15.8 18.1958
      vertex 35.7949 15.8 18.3032
    endloop
  endfacet
  facet normal 0 1 0
    outer loop
      vertex 35.4658 15.8 18.1131
      vertex 34.7163 15.8 18.057
      vertex 34.3625 15.8 18.1958
    endloop
  endfacet
  facet normal -0 1 0
    outer loop
      vertex 34.7163 15.8 18.057
      vertex 35.4658 15.8 18.1131
      vertex 35.0953 15.8 18.0286
    endloop
  endfacet
  facet normal 0.955523 0 -0.294918
    outer loop
      vertex 33.8513 15.8 19.8532
      vertex 33.7392 21 19.49
      vertex 33.8513 21 19.8532
    endloop
  endfacet
  facet normal 0.955523 0 -0.294918
    outer loop
      vertex 33.7392 21 19.49
      vertex 33.8513 15.8 19.8532
      vertex 33.7392 15.8 19.49
    endloop
  endfacet
  facet normal -0.90096 0 0.433903
    outer loop
      vertex 36.0535 15.8 18.5818
      vertex 36.2184 21 18.9242
      vertex 36.0535 21 18.5818
    endloop
  endfacet
  facet normal -0.90096 0 0.433903
    outer loop
      vertex 36.2184 21 18.9242
      vertex 36.0535 15.8 18.5818
      vertex 36.2184 15.8 18.9242
    endloop
  endfacet
  facet normal -0.500186 0 0.865918
    outer loop
      vertex 35.4658 21 18.1131
      vertex 35.7949 15.8 18.3032
      vertex 35.7949 21 18.3032
    endloop
  endfacet
  facet normal -0.500186 0 0.865918
    outer loop
      vertex 35.7949 15.8 18.3032
      vertex 35.4658 21 18.1131
      vertex 35.4658 15.8 18.1131
    endloop
  endfacet
  facet normal 0.826216 -0 0.563353
    outer loop
      vertex 33.8513 15.8 18.7468
      vertex 34.0654 21 18.4328
      vertex 33.8513 21 18.7468
    endloop
  endfacet
  facet normal 0.826216 0 0.563353
    outer loop
      vertex 34.0654 21 18.4328
      vertex 33.8513 15.8 18.7468
      vertex 34.0654 15.8 18.4328
    endloop
  endfacet
  facet normal 0.623603 0 0.781741
    outer loop
      vertex 34.0654 21 18.4328
      vertex 34.3625 15.8 18.1958
      vertex 34.3625 21 18.1958
    endloop
  endfacet
  facet normal 0.623603 0 0.781741
    outer loop
      vertex 34.3625 15.8 18.1958
      vertex 34.0654 21 18.4328
      vertex 34.0654 15.8 18.4328
    endloop
  endfacet
  facet normal -0.732925 0 0.68031
    outer loop
      vertex 35.7949 15.8 18.3032
      vertex 36.0535 21 18.5818
      vertex 35.7949 21 18.3032
    endloop
  endfacet
  facet normal -0.732925 0 0.68031
    outer loop
      vertex 36.0535 21 18.5818
      vertex 35.7949 15.8 18.3032
      vertex 36.0535 15.8 18.5818
    endloop
  endfacet
  facet normal -0.992709 0.120538 0
    outer loop
      vertex 6.10205 15.1051 0
      vertex 6.15 15.5 2.8
      vertex 6.15 15.5 0
    endloop
  endfacet
  facet normal -0.992709 0.120538 0
    outer loop
      vertex 6.15 15.5 2.8
      vertex 6.10205 15.1051 0
      vertex 6.10205 15.1051 2.8
    endloop
  endfacet
  facet normal 0.992709 0.120538 0
    outer loop
      vertex 2.89795 15.1051 2.8
      vertex 2.85 15.5 0
      vertex 2.85 15.5 2.8
    endloop
  endfacet
  facet normal 0.992709 0.120538 0
    outer loop
      vertex 2.85 15.5 0
      vertex 2.89795 15.1051 2.8
      vertex 2.89795 15.1051 0
    endloop
  endfacet
  facet normal 0 1 -0
    outer loop
      vertex 4.69888 13.862 0
      vertex 4.30112 13.862 2.8
      vertex 4.69888 13.862 2.8
    endloop
  endfacet
  facet normal 0 1 0
    outer loop
      vertex 4.30112 13.862 2.8
      vertex 4.69888 13.862 0
      vertex 4.30112 13.862 0
    endloop
  endfacet
  facet normal 0 -1 0
    outer loop
      vertex 4.30112 17.138 0
      vertex 4.69888 17.138 2.8
      vertex 4.30112 17.138 2.8
    endloop
  endfacet
  facet normal 0 -1 -0
    outer loop
      vertex 4.69888 17.138 2.8
      vertex 4.30112 17.138 0
      vertex 4.69888 17.138 0
    endloop
  endfacet
  facet normal -0.66303 -0.748593 0
    outer loop
      vertex 5.43731 16.8579 0
      vertex 5.73504 16.5942 2.8
      vertex 5.43731 16.8579 2.8
    endloop
  endfacet
  facet normal -0.66303 -0.748593 -0
    outer loop
      vertex 5.73504 16.5942 2.8
      vertex 5.43731 16.8579 0
      vertex 5.73504 16.5942 0
    endloop
  endfacet
  facet normal -0.66303 0.748593 0
    outer loop
      vertex 5.73504 14.4058 0
      vertex 5.43731 14.1421 2.8
      vertex 5.73504 14.4058 2.8
    endloop
  endfacet
  facet normal -0.66303 0.748593 0
    outer loop
      vertex 5.43731 14.1421 2.8
      vertex 5.73504 14.4058 0
      vertex 5.43731 14.1421 0
    endloop
  endfacet
  facet normal -0.464814 0.885409 0
    outer loop
      vertex 5.43731 14.1421 0
      vertex 5.0851 13.9572 2.8
      vertex 5.43731 14.1421 2.8
    endloop
  endfacet
  facet normal -0.464814 0.885409 0
    outer loop
      vertex 5.0851 13.9572 2.8
      vertex 5.43731 14.1421 0
      vertex 5.0851 13.9572 0
    endloop
  endfacet
  facet normal 0.66303 0.748593 -0
    outer loop
      vertex 3.56269 14.1421 0
      vertex 3.26496 14.4058 2.8
      vertex 3.56269 14.1421 2.8
    endloop
  endfacet
  facet normal 0.66303 0.748593 0
    outer loop
      vertex 3.26496 14.4058 2.8
      vertex 3.56269 14.1421 0
      vertex 3.26496 14.4058 0
    endloop
  endfacet
  facet normal 0.464814 0.885409 -0
    outer loop
      vertex 3.9149 13.9572 0
      vertex 3.56269 14.1421 2.8
      vertex 3.9149 13.9572 2.8
    endloop
  endfacet
  facet normal 0.464814 0.885409 0
    outer loop
      vertex 3.56269 14.1421 2.8
      vertex 3.9149 13.9572 0
      vertex 3.56269 14.1421 0
    endloop
  endfacet
  facet normal -0.823017 0.568017 0
    outer loop
      vertex 5.73504 14.4058 0
      vertex 5.961 14.7332 2.8
      vertex 5.961 14.7332 0
    endloop
  endfacet
  facet normal -0.823017 0.568017 0
    outer loop
      vertex 5.961 14.7332 2.8
      vertex 5.73504 14.4058 0
      vertex 5.73504 14.4058 2.8
    endloop
  endfacet
  facet normal -0.93501 0.35462 0
    outer loop
      vertex 5.961 14.7332 0
      vertex 6.10205 15.1051 2.8
      vertex 6.10205 15.1051 0
    endloop
  endfacet
  facet normal -0.93501 0.35462 0
    outer loop
      vertex 6.10205 15.1051 2.8
      vertex 5.961 14.7332 0
      vertex 5.961 14.7332 2.8
    endloop
  endfacet
  facet normal -0.239328 0.970939 0
    outer loop
      vertex 5.0851 13.9572 0
      vertex 4.69888 13.862 2.8
      vertex 5.0851 13.9572 2.8
    endloop
  endfacet
  facet normal -0.239328 0.970939 0
    outer loop
      vertex 4.69888 13.862 2.8
      vertex 5.0851 13.9572 0
      vertex 4.69888 13.862 0
    endloop
  endfacet
  facet normal 0.823017 0.568017 0
    outer loop
      vertex 3.26496 14.4058 2.8
      vertex 3.039 14.7332 0
      vertex 3.039 14.7332 2.8
    endloop
  endfacet
  facet normal 0.823017 0.568017 0
    outer loop
      vertex 3.039 14.7332 0
      vertex 3.26496 14.4058 2.8
      vertex 3.26496 14.4058 0
    endloop
  endfacet
  facet normal 0.93501 0.35462 0
    outer loop
      vertex 3.039 14.7332 2.8
      vertex 2.89795 15.1051 0
      vertex 2.89795 15.1051 2.8
    endloop
  endfacet
  facet normal 0.93501 0.35462 0
    outer loop
      vertex 2.89795 15.1051 0
      vertex 3.039 14.7332 2.8
      vertex 3.039 14.7332 0
    endloop
  endfacet
  facet normal 0.239328 0.970939 -0
    outer loop
      vertex 4.30112 13.862 0
      vertex 3.9149 13.9572 2.8
      vertex 4.30112 13.862 2.8
    endloop
  endfacet
  facet normal 0.239328 0.970939 0
    outer loop
      vertex 3.9149 13.9572 2.8
      vertex 4.30112 13.862 0
      vertex 3.9149 13.9572 0
    endloop
  endfacet
  facet normal -0.239328 -0.970939 0
    outer loop
      vertex 4.69888 17.138 0
      vertex 5.0851 17.0428 2.8
      vertex 4.69888 17.138 2.8
    endloop
  endfacet
  facet normal -0.239328 -0.970939 -0
    outer loop
      vertex 5.0851 17.0428 2.8
      vertex 4.69888 17.138 0
      vertex 5.0851 17.0428 0
    endloop
  endfacet
  facet normal -0.93501 -0.35462 0
    outer loop
      vertex 6.10205 15.8949 0
      vertex 5.961 16.2668 2.8
      vertex 5.961 16.2668 0
    endloop
  endfacet
  facet normal -0.93501 -0.35462 0
    outer loop
      vertex 5.961 16.2668 2.8
      vertex 6.10205 15.8949 0
      vertex 6.10205 15.8949 2.8
    endloop
  endfacet
  facet normal -0.823017 -0.568017 0
    outer loop
      vertex 5.961 16.2668 0
      vertex 5.73504 16.5942 2.8
      vertex 5.73504 16.5942 0
    endloop
  endfacet
  facet normal -0.823017 -0.568017 0
    outer loop
      vertex 5.73504 16.5942 2.8
      vertex 5.961 16.2668 0
      vertex 5.961 16.2668 2.8
    endloop
  endfacet
  facet normal -0.992709 -0.120538 0
    outer loop
      vertex 6.15 15.5 0
      vertex 6.10205 15.8949 2.8
      vertex 6.10205 15.8949 0
    endloop
  endfacet
  facet normal -0.992709 -0.120538 0
    outer loop
      vertex 6.10205 15.8949 2.8
      vertex 6.15 15.5 0
      vertex 6.15 15.5 2.8
    endloop
  endfacet
  facet normal 0.93501 -0.35462 0
    outer loop
      vertex 2.89795 15.8949 2.8
      vertex 3.039 16.2668 0
      vertex 3.039 16.2668 2.8
    endloop
  endfacet
  facet normal 0.93501 -0.35462 0
    outer loop
      vertex 3.039 16.2668 0
      vertex 2.89795 15.8949 2.8
      vertex 2.89795 15.8949 0
    endloop
  endfacet
  facet normal 0.992709 -0.120538 0
    outer loop
      vertex 2.85 15.5 2.8
      vertex 2.89795 15.8949 0
      vertex 2.89795 15.8949 2.8
    endloop
  endfacet
  facet normal 0.992709 -0.120538 0
    outer loop
      vertex 2.89795 15.8949 0
      vertex 2.85 15.5 2.8
      vertex 2.85 15.5 0
    endloop
  endfacet
  facet normal 0.823017 -0.568017 0
    outer loop
      vertex 3.039 16.2668 2.8
      vertex 3.26496 16.5942 0
      vertex 3.26496 16.5942 2.8
    endloop
  endfacet
  facet normal 0.823017 -0.568017 0
    outer loop
      vertex 3.26496 16.5942 0
      vertex 3.039 16.2668 2.8
      vertex 3.039 16.2668 0
    endloop
  endfacet
  facet normal -0.464814 -0.885409 0
    outer loop
      vertex 5.0851 17.0428 0
      vertex 5.43731 16.8579 2.8
      vertex 5.0851 17.0428 2.8
    endloop
  endfacet
  facet normal -0.464814 -0.885409 -0
    outer loop
      vertex 5.43731 16.8579 2.8
      vertex 5.0851 17.0428 0
      vertex 5.43731 16.8579 0
    endloop
  endfacet
  facet normal 0.464814 -0.885409 0
    outer loop
      vertex 3.56269 16.8579 0
      vertex 3.9149 17.0428 2.8
      vertex 3.56269 16.8579 2.8
    endloop
  endfacet
  facet normal 0.464814 -0.885409 0
    outer loop
      vertex 3.9149 17.0428 2.8
      vertex 3.56269 16.8579 0
      vertex 3.9149 17.0428 0
    endloop
  endfacet
  facet normal 0.66303 -0.748593 0
    outer loop
      vertex 3.26496 16.5942 0
      vertex 3.56269 16.8579 2.8
      vertex 3.26496 16.5942 2.8
    endloop
  endfacet
  facet normal 0.66303 -0.748593 0
    outer loop
      vertex 3.56269 16.8579 2.8
      vertex 3.26496 16.5942 0
      vertex 3.56269 16.8579 0
    endloop
  endfacet
  facet normal 0.239328 -0.970939 0
    outer loop
      vertex 3.9149 17.0428 0
      vertex 4.30112 17.138 2.8
      vertex 3.9149 17.0428 2.8
    endloop
  endfacet
  facet normal 0.239328 -0.970939 0
    outer loop
      vertex 4.30112 17.138 2.8
      vertex 3.9149 17.0428 0
      vertex 4.30112 17.138 0
    endloop
  endfacet
  facet normal -0.572008 0.820248 0
    outer loop
      vertex 6.43282 13.0763 2.8
      vertex 6.10702 12.8491 5
      vertex 6.43282 13.0763 5
    endloop
  endfacet
  facet normal -0.572008 0.820248 0
    outer loop
      vertex 6.10702 12.8491 5
      vertex 6.43282 13.0763 2.8
      vertex 6.10702 12.8491 2.8
    endloop
  endfacet
  facet normal 0.967288 0.25368 0
    outer loop
      vertex 1.55793 14.5232 5
      vertex 1.45717 14.9074 2.8
      vertex 1.45717 14.9074 5
    endloop
  endfacet
  facet normal 0.967288 0.25368 0
    outer loop
      vertex 1.45717 14.9074 2.8
      vertex 1.55793 14.5232 5
      vertex 1.55793 14.5232 2.8
    endloop
  endfacet
  facet normal 0.284469 -0.958685 0
    outer loop
      vertex 3.42937 18.4093 2.8
      vertex 3.81019 18.5223 5
      vertex 3.42937 18.4093 5
    endloop
  endfacet
  facet normal 0.284469 -0.958685 0
    outer loop
      vertex 3.81019 18.5223 5
      vertex 3.42937 18.4093 2.8
      vertex 3.81019 18.5223 2.8
    endloop
  endfacet
  facet normal -0.462662 0.886535 0
    outer loop
      vertex 6.10702 12.8491 2.8
      vertex 5.75483 12.6653 5
      vertex 6.10702 12.8491 5
    endloop
  endfacet
  facet normal -0.462662 0.886535 0
    outer loop
      vertex 5.75483 12.6653 5
      vertex 6.10702 12.8491 2.8
      vertex 5.75483 12.6653 2.8
    endloop
  endfacet
  facet normal 0.404793 0.914408 -0
    outer loop
      vertex 3.42937 12.5907 2.8
      vertex 3.06613 12.7515 5
      vertex 3.42937 12.5907 5
    endloop
  endfacet
  facet normal 0.404793 0.914408 0
    outer loop
      vertex 3.06613 12.7515 5
      vertex 3.42937 12.5907 2.8
      vertex 3.06613 12.7515 2.8
    endloop
  endfacet
  facet normal 0.926915 0.375272 0
    outer loop
      vertex 1.707 14.155 5
      vertex 1.55793 14.5232 2.8
      vertex 1.55793 14.5232 5
    endloop
  endfacet
  facet normal 0.926915 0.375272 0
    outer loop
      vertex 1.55793 14.5232 2.8
      vertex 1.707 14.155 5
      vertex 1.707 14.155 2.8
    endloop
  endfacet
  facet normal 0.871368 -0.490629 0
    outer loop
      vertex 1.707 16.845 5
      vertex 1.90193 17.1912 2.8
      vertex 1.90193 17.1912 5
    endloop
  endfacet
  facet normal 0.871368 -0.490629 0
    outer loop
      vertex 1.90193 17.1912 2.8
      vertex 1.707 16.845 5
      vertex 1.707 16.845 2.8
    endloop
  endfacet
  facet normal -0.949058 0.315102 0
    outer loop
      vertex 7.37344 14.3367 2.8
      vertex 7.49861 14.7137 5
      vertex 7.49861 14.7137 2.8
    endloop
  endfacet
  facet normal -0.949058 0.315102 0
    outer loop
      vertex 7.49861 14.7137 5
      vertex 7.37344 14.3367 2.8
      vertex 7.37344 14.3367 5
    endloop
  endfacet
  facet normal -0.900974 0.433872 0
    outer loop
      vertex 7.20109 13.9788 2.8
      vertex 7.37344 14.3367 5
      vertex 7.37344 14.3367 2.8
    endloop
  endfacet
  facet normal -0.900974 0.433872 0
    outer loop
      vertex 7.37344 14.3367 5
      vertex 7.20109 13.9788 2.8
      vertex 7.20109 13.9788 5
    endloop
  endfacet
  facet normal -0.67236 0.740225 0
    outer loop
      vertex 6.72688 13.3434 2.8
      vertex 6.43282 13.0763 5
      vertex 6.72688 13.3434 5
    endloop
  endfacet
  facet normal -0.67236 0.740225 0
    outer loop
      vertex 6.43282 13.0763 5
      vertex 6.72688 13.3434 2.8
      vertex 6.43282 13.0763 2.8
    endloop
  endfacet
  facet normal -0.345387 0.93846 0
    outer loop
      vertex 5.75483 12.6653 2.8
      vertex 5.38204 12.5281 5
      vertex 5.75483 12.6653 5
    endloop
  endfacet
  facet normal -0.345387 0.93846 0
    outer loop
      vertex 5.38204 12.5281 5
      vertex 5.75483 12.6653 2.8
      vertex 5.38204 12.5281 2.8
    endloop
  endfacet
  facet normal 0.0319712 0.999489 -0
    outer loop
      vertex 4.59936 12.4016 2.8
      vertex 4.20233 12.4143 5
      vertex 4.59936 12.4016 5
    endloop
  endfacet
  facet normal 0.0319712 0.999489 0
    outer loop
      vertex 4.20233 12.4143 5
      vertex 4.59936 12.4016 2.8
      vertex 4.20233 12.4143 2.8
    endloop
  endfacet
  facet normal -0.0959139 0.99539 0
    outer loop
      vertex 4.99476 12.4397 2.8
      vertex 4.59936 12.4016 5
      vertex 4.99476 12.4397 5
    endloop
  endfacet
  facet normal -0.0959139 0.99539 0
    outer loop
      vertex 4.59936 12.4016 5
      vertex 4.99476 12.4397 2.8
      vertex 4.59936 12.4016 2.8
    endloop
  endfacet
  facet normal 0.80137 0.59817 0
    outer loop
      vertex 2.13952 13.4905 5
      vertex 1.90193 13.8088 2.8
      vertex 1.90193 13.8088 5
    endloop
  endfacet
  facet normal 0.80137 0.59817 0
    outer loop
      vertex 1.90193 13.8088 2.8
      vertex 2.13952 13.4905 5
      vertex 2.13952 13.4905 2.8
    endloop
  endfacet
  facet normal 0.518536 0.855056 -0
    outer loop
      vertex 3.06613 12.7515 2.8
      vertex 2.72644 12.9575 5
      vertex 3.06613 12.7515 5
    endloop
  endfacet
  facet normal 0.518536 0.855056 0
    outer loop
      vertex 2.72644 12.9575 5
      vertex 3.06613 12.7515 2.8
      vertex 2.72644 12.9575 2.8
    endloop
  endfacet
  facet normal 0.159604 0.987181 -0
    outer loop
      vertex 4.20233 12.4143 2.8
      vertex 3.81019 12.4777 5
      vertex 4.20233 12.4143 5
    endloop
  endfacet
  facet normal 0.159604 0.987181 0
    outer loop
      vertex 3.81019 12.4777 5
      vertex 4.20233 12.4143 2.8
      vertex 3.81019 12.4777 2.8
    endloop
  endfacet
  facet normal 0.62338 0.781919 -0
    outer loop
      vertex 2.72644 12.9575 2.8
      vertex 2.41587 13.2051 5
      vertex 2.72644 12.9575 5
    endloop
  endfacet
  facet normal 0.62338 0.781919 0
    outer loop
      vertex 2.41587 13.2051 5
      vertex 2.72644 12.9575 2.8
      vertex 2.41587 13.2051 2.8
    endloop
  endfacet
  facet normal -0.0959139 -0.99539 0
    outer loop
      vertex 4.59936 18.5984 2.8
      vertex 4.99476 18.5603 5
      vertex 4.59936 18.5984 5
    endloop
  endfacet
  facet normal -0.0959139 -0.99539 -0
    outer loop
      vertex 4.99476 18.5603 5
      vertex 4.59936 18.5984 2.8
      vertex 4.99476 18.5603 2.8
    endloop
  endfacet
  facet normal -0.761473 -0.648196 0
    outer loop
      vertex 6.98438 17.3541 2.8
      vertex 6.72688 17.6566 5
      vertex 6.72688 17.6566 2.8
    endloop
  endfacet
  facet normal -0.761473 -0.648196 0
    outer loop
      vertex 6.72688 17.6566 5
      vertex 6.98438 17.3541 2.8
      vertex 6.98438 17.3541 5
    endloop
  endfacet
  facet normal -0.222535 -0.974925 0
    outer loop
      vertex 4.99476 18.5603 2.8
      vertex 5.38204 18.4719 5
      vertex 4.99476 18.5603 5
    endloop
  endfacet
  facet normal -0.222535 -0.974925 -0
    outer loop
      vertex 5.38204 18.4719 5
      vertex 4.99476 18.5603 2.8
      vertex 5.38204 18.4719 2.8
    endloop
  endfacet
  facet normal 0.62338 -0.781919 0
    outer loop
      vertex 2.41587 17.7949 2.8
      vertex 2.72644 18.0425 5
      vertex 2.41587 17.7949 5
    endloop
  endfacet
  facet normal 0.62338 -0.781919 0
    outer loop
      vertex 2.72644 18.0425 5
      vertex 2.41587 17.7949 2.8
      vertex 2.72644 18.0425 2.8
    endloop
  endfacet
  facet normal 0.99179 -0.127875 0
    outer loop
      vertex 1.40637 15.6986 5
      vertex 1.45717 16.0926 2.8
      vertex 1.45717 16.0926 5
    endloop
  endfacet
  facet normal 0.99179 -0.127875 0
    outer loop
      vertex 1.45717 16.0926 2.8
      vertex 1.40637 15.6986 5
      vertex 1.40637 15.6986 2.8
    endloop
  endfacet
  facet normal -0.981556 0.191176 0
    outer loop
      vertex 7.49861 14.7137 2.8
      vertex 7.57455 15.1036 5
      vertex 7.57455 15.1036 2.8
    endloop
  endfacet
  facet normal -0.981556 0.191176 0
    outer loop
      vertex 7.57455 15.1036 5
      vertex 7.49861 14.7137 2.8
      vertex 7.49861 14.7137 5
    endloop
  endfacet
  facet normal -0.83807 0.545563 0
    outer loop
      vertex 6.98438 13.6459 2.8
      vertex 7.20109 13.9788 5
      vertex 7.20109 13.9788 2.8
    endloop
  endfacet
  facet normal -0.83807 0.545563 0
    outer loop
      vertex 7.20109 13.9788 5
      vertex 6.98438 13.6459 2.8
      vertex 6.98438 13.6459 5
    endloop
  endfacet
  facet normal -0.761473 0.648196 0
    outer loop
      vertex 6.72688 13.3434 2.8
      vertex 6.98438 13.6459 5
      vertex 6.98438 13.6459 2.8
    endloop
  endfacet
  facet normal -0.761473 0.648196 0
    outer loop
      vertex 6.98438 13.6459 5
      vertex 6.72688 13.3434 2.8
      vertex 6.72688 13.3434 5
    endloop
  endfacet
  facet normal -0.222535 0.974925 0
    outer loop
      vertex 5.38204 12.5281 2.8
      vertex 4.99476 12.4397 5
      vertex 5.38204 12.5281 5
    endloop
  endfacet
  facet normal -0.222535 0.974925 0
    outer loop
      vertex 4.99476 12.4397 5
      vertex 5.38204 12.5281 2.8
      vertex 4.99476 12.4397 2.8
    endloop
  endfacet
  facet normal 1 -0 0
    outer loop
      vertex 1.40637 15.3014 5
      vertex 1.40637 15.6986 2.8
      vertex 1.40637 15.6986 5
    endloop
  endfacet
  facet normal 1 0 0
    outer loop
      vertex 1.40637 15.6986 2.8
      vertex 1.40637 15.3014 5
      vertex 1.40637 15.3014 2.8
    endloop
  endfacet
  facet normal 0.871368 0.490629 0
    outer loop
      vertex 1.90193 13.8088 5
      vertex 1.707 14.155 2.8
      vertex 1.707 14.155 5
    endloop
  endfacet
  facet normal 0.871368 0.490629 0
    outer loop
      vertex 1.707 14.155 2.8
      vertex 1.90193 13.8088 5
      vertex 1.90193 13.8088 2.8
    endloop
  endfacet
  facet normal 0.718405 0.695625 0
    outer loop
      vertex 2.41587 13.2051 5
      vertex 2.13952 13.4905 2.8
      vertex 2.13952 13.4905 5
    endloop
  endfacet
  facet normal 0.718405 0.695625 0
    outer loop
      vertex 2.13952 13.4905 2.8
      vertex 2.41587 13.2051 5
      vertex 2.41587 13.2051 2.8
    endloop
  endfacet
  facet normal -0.997945 0.0640709 0
    outer loop
      vertex 7.57455 15.1036 2.8
      vertex 7.6 15.5 5
      vertex 7.6 15.5 2.8
    endloop
  endfacet
  facet normal -0.997945 0.0640709 0
    outer loop
      vertex 7.6 15.5 5
      vertex 7.57455 15.1036 2.8
      vertex 7.57455 15.1036 5
    endloop
  endfacet
  facet normal -0.949058 -0.315102 0
    outer loop
      vertex 7.49861 16.2863 2.8
      vertex 7.37344 16.6633 5
      vertex 7.37344 16.6633 2.8
    endloop
  endfacet
  facet normal -0.949058 -0.315102 0
    outer loop
      vertex 7.37344 16.6633 5
      vertex 7.49861 16.2863 2.8
      vertex 7.49861 16.2863 5
    endloop
  endfacet
  facet normal -0.462662 -0.886535 0
    outer loop
      vertex 5.75483 18.3347 2.8
      vertex 6.10702 18.1509 5
      vertex 5.75483 18.3347 5
    endloop
  endfacet
  facet normal -0.462662 -0.886535 -0
    outer loop
      vertex 6.10702 18.1509 5
      vertex 5.75483 18.3347 2.8
      vertex 6.10702 18.1509 2.8
    endloop
  endfacet
  facet normal -0.67236 -0.740225 0
    outer loop
      vertex 6.43282 17.9237 2.8
      vertex 6.72688 17.6566 5
      vertex 6.43282 17.9237 5
    endloop
  endfacet
  facet normal -0.67236 -0.740225 -0
    outer loop
      vertex 6.72688 17.6566 5
      vertex 6.43282 17.9237 2.8
      vertex 6.72688 17.6566 2.8
    endloop
  endfacet
  facet normal -0.572008 -0.820248 0
    outer loop
      vertex 6.10702 18.1509 2.8
      vertex 6.43282 17.9237 5
      vertex 6.10702 18.1509 5
    endloop
  endfacet
  facet normal -0.572008 -0.820248 -0
    outer loop
      vertex 6.43282 17.9237 5
      vertex 6.10702 18.1509 2.8
      vertex 6.43282 17.9237 2.8
    endloop
  endfacet
  facet normal -0.900974 -0.433872 0
    outer loop
      vertex 7.37344 16.6633 2.8
      vertex 7.20109 17.0212 5
      vertex 7.20109 17.0212 2.8
    endloop
  endfacet
  facet normal -0.900974 -0.433872 0
    outer loop
      vertex 7.20109 17.0212 5
      vertex 7.37344 16.6633 2.8
      vertex 7.37344 16.6633 5
    endloop
  endfacet
  facet normal -0.83807 -0.545563 0
    outer loop
      vertex 7.20109 17.0212 2.8
      vertex 6.98438 17.3541 5
      vertex 6.98438 17.3541 2.8
    endloop
  endfacet
  facet normal -0.83807 -0.545563 0
    outer loop
      vertex 6.98438 17.3541 5
      vertex 7.20109 17.0212 2.8
      vertex 7.20109 17.0212 5
    endloop
  endfacet
  facet normal 0.0319712 -0.999489 0
    outer loop
      vertex 4.20233 18.5857 2.8
      vertex 4.59936 18.5984 5
      vertex 4.20233 18.5857 5
    endloop
  endfacet
  facet normal 0.0319712 -0.999489 0
    outer loop
      vertex 4.59936 18.5984 5
      vertex 4.20233 18.5857 2.8
      vertex 4.59936 18.5984 2.8
    endloop
  endfacet
  facet normal 0.518536 -0.855056 0
    outer loop
      vertex 2.72644 18.0425 2.8
      vertex 3.06613 18.2485 5
      vertex 2.72644 18.0425 5
    endloop
  endfacet
  facet normal 0.518536 -0.855056 0
    outer loop
      vertex 3.06613 18.2485 5
      vertex 2.72644 18.0425 2.8
      vertex 3.06613 18.2485 2.8
    endloop
  endfacet
  facet normal 0.404793 -0.914408 0
    outer loop
      vertex 3.06613 18.2485 2.8
      vertex 3.42937 18.4093 5
      vertex 3.06613 18.2485 5
    endloop
  endfacet
  facet normal 0.404793 -0.914408 0
    outer loop
      vertex 3.42937 18.4093 5
      vertex 3.06613 18.2485 2.8
      vertex 3.42937 18.4093 2.8
    endloop
  endfacet
  facet normal 0.967288 -0.25368 0
    outer loop
      vertex 1.45717 16.0926 5
      vertex 1.55793 16.4768 2.8
      vertex 1.55793 16.4768 5
    endloop
  endfacet
  facet normal 0.967288 -0.25368 0
    outer loop
      vertex 1.55793 16.4768 2.8
      vertex 1.45717 16.0926 5
      vertex 1.45717 16.0926 2.8
    endloop
  endfacet
  facet normal 0.718405 -0.695625 0
    outer loop
      vertex 2.13952 17.5095 5
      vertex 2.41587 17.7949 2.8
      vertex 2.41587 17.7949 5
    endloop
  endfacet
  facet normal 0.718405 -0.695625 0
    outer loop
      vertex 2.41587 17.7949 2.8
      vertex 2.13952 17.5095 5
      vertex 2.13952 17.5095 2.8
    endloop
  endfacet
  facet normal 0 0 1
    outer loop
      vertex 6.15 15.5 2.8
      vertex 7.6 15.5 2.8
      vertex 7.57455 15.8964 2.8
    endloop
  endfacet
  facet normal 0 0 1
    outer loop
      vertex 6.10205 15.8949 2.8
      vertex 7.57455 15.8964 2.8
      vertex 7.49861 16.2863 2.8
    endloop
  endfacet
  facet normal 0 0 1
    outer loop
      vertex 7.6 15.5 2.8
      vertex 6.15 15.5 2.8
      vertex 7.57455 15.1036 2.8
    endloop
  endfacet
  facet normal 0 0 1
    outer loop
      vertex 6.10205 15.8949 2.8
      vertex 7.49861 16.2863 2.8
      vertex 7.37344 16.6633 2.8
    endloop
  endfacet
  facet normal -0 0 1
    outer loop
      vertex 6.10205 15.1051 2.8
      vertex 7.57455 15.1036 2.8
      vertex 6.15 15.5 2.8
    endloop
  endfacet
  facet normal 0 0 1
    outer loop
      vertex 5.961 16.2668 2.8
      vertex 7.37344 16.6633 2.8
      vertex 7.20109 17.0212 2.8
    endloop
  endfacet
  facet normal 0 0 1
    outer loop
      vertex 7.57455 15.1036 2.8
      vertex 6.10205 15.1051 2.8
      vertex 7.49861 14.7137 2.8
    endloop
  endfacet
  facet normal 0 0 1
    outer loop
      vertex 5.961 16.2668 2.8
      vertex 7.20109 17.0212 2.8
      vertex 6.98438 17.3541 2.8
    endloop
  endfacet
  facet normal 0 0 1
    outer loop
      vertex 7.49861 14.7137 2.8
      vertex 6.10205 15.1051 2.8
      vertex 7.37344 14.3367 2.8
    endloop
  endfacet
  facet normal 0 0 1
    outer loop
      vertex 5.73504 16.5942 2.8
      vertex 6.98438 17.3541 2.8
      vertex 6.72688 17.6566 2.8
    endloop
  endfacet
  facet normal -0 0 1
    outer loop
      vertex 5.961 14.7332 2.8
      vertex 7.37344 14.3367 2.8
      vertex 6.10205 15.1051 2.8
    endloop
  endfacet
  facet normal 0 0 1
    outer loop
      vertex 5.73504 16.5942 2.8
      vertex 6.72688 17.6566 2.8
      vertex 6.43282 17.9237 2.8
    endloop
  endfacet
  facet normal 0 0 1
    outer loop
      vertex 7.37344 14.3367 2.8
      vertex 5.961 14.7332 2.8
      vertex 7.20109 13.9788 2.8
    endloop
  endfacet
  facet normal 0 0 1
    outer loop
      vertex 7.20109 13.9788 2.8
      vertex 5.961 14.7332 2.8
      vertex 6.98438 13.6459 2.8
    endloop
  endfacet
  facet normal 0 0 1
    outer loop
      vertex 5.43731 16.8579 2.8
      vertex 6.43282 17.9237 2.8
      vertex 6.10702 18.1509 2.8
    endloop
  endfacet
  facet normal 0 0 1
    outer loop
      vertex 7.57455 15.8964 2.8
      vertex 6.10205 15.8949 2.8
      vertex 6.15 15.5 2.8
    endloop
  endfacet
  facet normal 0 0 1
    outer loop
      vertex 7.37344 16.6633 2.8
      vertex 5.961 16.2668 2.8
      vertex 6.10205 15.8949 2.8
    endloop
  endfacet
  facet normal 0 0 1
    outer loop
      vertex 5.43731 16.8579 2.8
      vertex 6.10702 18.1509 2.8
      vertex 5.75483 18.3347 2.8
    endloop
  endfacet
  facet normal 0 0 1
    outer loop
      vertex 6.98438 17.3541 2.8
      vertex 5.73504 16.5942 2.8
      vertex 5.961 16.2668 2.8
    endloop
  endfacet
  facet normal 0 0 1
    outer loop
      vertex 6.43282 17.9237 2.8
      vertex 5.43731 16.8579 2.8
      vertex 5.73504 16.5942 2.8
    endloop
  endfacet
  facet normal 0 0 1
    outer loop
      vertex 5.0851 17.0428 2.8
      vertex 5.75483 18.3347 2.8
      vertex 5.38204 18.4719 2.8
    endloop
  endfacet
  facet normal 0 0 1
    outer loop
      vertex 5.75483 18.3347 2.8
      vertex 5.0851 17.0428 2.8
      vertex 5.43731 16.8579 2.8
    endloop
  endfacet
  facet normal 0 0 1
    outer loop
      vertex 4.69888 17.138 2.8
      vertex 5.38204 18.4719 2.8
      vertex 4.99476 18.5603 2.8
    endloop
  endfacet
  facet normal 0 0 1
    outer loop
      vertex 5.38204 18.4719 2.8
      vertex 4.69888 17.138 2.8
      vertex 5.0851 17.0428 2.8
    endloop
  endfacet
  facet normal 0 0 1
    outer loop
      vertex 4.59936 18.5984 2.8
      vertex 4.69888 17.138 2.8
      vertex 4.99476 18.5603 2.8
    endloop
  endfacet
  facet normal 0 0 1
    outer loop
      vertex 4.59936 18.5984 2.8
      vertex 4.30112 17.138 2.8
      vertex 4.69888 17.138 2.8
    endloop
  endfacet
  facet normal -0 0 1
    outer loop
      vertex 4.20233 18.5857 2.8
      vertex 4.30112 17.138 2.8
      vertex 4.59936 18.5984 2.8
    endloop
  endfacet
  facet normal -0 0 1
    outer loop
      vertex 3.81019 18.5223 2.8
      vertex 4.30112 17.138 2.8
      vertex 4.20233 18.5857 2.8
    endloop
  endfacet
  facet normal 0 0 1
    outer loop
      vertex 4.30112 17.138 2.8
      vertex 3.81019 18.5223 2.8
      vertex 3.9149 17.0428 2.8
    endloop
  endfacet
  facet normal -0 0 1
    outer loop
      vertex 3.42937 18.4093 2.8
      vertex 3.9149 17.0428 2.8
      vertex 3.81019 18.5223 2.8
    endloop
  endfacet
  facet normal -0 0 1
    outer loop
      vertex 3.06613 18.2485 2.8
      vertex 3.9149 17.0428 2.8
      vertex 3.42937 18.4093 2.8
    endloop
  endfacet
  facet normal 0 0 1
    outer loop
      vertex 3.9149 17.0428 2.8
      vertex 3.06613 18.2485 2.8
      vertex 3.56269 16.8579 2.8
    endloop
  endfacet
  facet normal -0 0 1
    outer loop
      vertex 2.72644 18.0425 2.8
      vertex 3.56269 16.8579 2.8
      vertex 3.06613 18.2485 2.8
    endloop
  endfacet
  facet normal -0 0 1
    outer loop
      vertex 2.41587 17.7949 2.8
      vertex 3.56269 16.8579 2.8
      vertex 2.72644 18.0425 2.8
    endloop
  endfacet
  facet normal 0 0 1
    outer loop
      vertex 3.56269 16.8579 2.8
      vertex 2.41587 17.7949 2.8
      vertex 3.26496 16.5942 2.8
    endloop
  endfacet
  facet normal -0 0 1
    outer loop
      vertex 2.13952 17.5095 2.8
      vertex 3.26496 16.5942 2.8
      vertex 2.41587 17.7949 2.8
    endloop
  endfacet
  facet normal -0 0 1
    outer loop
      vertex 1.90193 17.1912 2.8
      vertex 3.26496 16.5942 2.8
      vertex 2.13952 17.5095 2.8
    endloop
  endfacet
  facet normal -0 0 1
    outer loop
      vertex 5.73504 14.4058 2.8
      vertex 6.98438 13.6459 2.8
      vertex 5.961 14.7332 2.8
    endloop
  endfacet
  facet normal 0 0 1
    outer loop
      vertex 6.98438 13.6459 2.8
      vertex 5.73504 14.4058 2.8
      vertex 6.72688 13.3434 2.8
    endloop
  endfacet
  facet normal 0 0 1
    outer loop
      vertex 6.72688 13.3434 2.8
      vertex 5.73504 14.4058 2.8
      vertex 6.43282 13.0763 2.8
    endloop
  endfacet
  facet normal -0 0 1
    outer loop
      vertex 5.43731 14.1421 2.8
      vertex 6.43282 13.0763 2.8
      vertex 5.73504 14.4058 2.8
    endloop
  endfacet
  facet normal 0 0 1
    outer loop
      vertex 6.43282 13.0763 2.8
      vertex 5.43731 14.1421 2.8
      vertex 6.10702 12.8491 2.8
    endloop
  endfacet
  facet normal 0 0 1
    outer loop
      vertex 6.10702 12.8491 2.8
      vertex 5.43731 14.1421 2.8
      vertex 5.75483 12.6653 2.8
    endloop
  endfacet
  facet normal -0 0 1
    outer loop
      vertex 5.0851 13.9572 2.8
      vertex 5.75483 12.6653 2.8
      vertex 5.43731 14.1421 2.8
    endloop
  endfacet
  facet normal 0 0 1
    outer loop
      vertex 5.75483 12.6653 2.8
      vertex 5.0851 13.9572 2.8
      vertex 5.38204 12.5281 2.8
    endloop
  endfacet
  facet normal -0 0 1
    outer loop
      vertex 4.69888 13.862 2.8
      vertex 5.38204 12.5281 2.8
      vertex 5.0851 13.9572 2.8
    endloop
  endfacet
  facet normal 0 0 1
    outer loop
      vertex 5.38204 12.5281 2.8
      vertex 4.69888 13.862 2.8
      vertex 4.99476 12.4397 2.8
    endloop
  endfacet
  facet normal 0 0 1
    outer loop
      vertex 4.69888 13.862 2.8
      vertex 4.59936 12.4016 2.8
      vertex 4.99476 12.4397 2.8
    endloop
  endfacet
  facet normal -0 0 1
    outer loop
      vertex 4.30112 13.862 2.8
      vertex 4.59936 12.4016 2.8
      vertex 4.69888 13.862 2.8
    endloop
  endfacet
  facet normal 0 0 1
    outer loop
      vertex 4.30112 13.862 2.8
      vertex 4.20233 12.4143 2.8
      vertex 4.59936 12.4016 2.8
    endloop
  endfacet
  facet normal 0 0 1
    outer loop
      vertex 3.81019 12.4777 2.8
      vertex 4.30112 13.862 2.8
      vertex 3.9149 13.9572 2.8
    endloop
  endfacet
  facet normal 0 0 1
    outer loop
      vertex 4.30112 13.862 2.8
      vertex 3.81019 12.4777 2.8
      vertex 4.20233 12.4143 2.8
    endloop
  endfacet
  facet normal 0 0 1
    outer loop
      vertex 3.06613 12.7515 2.8
      vertex 3.9149 13.9572 2.8
      vertex 3.56269 14.1421 2.8
    endloop
  endfacet
  facet normal 0 0 1
    outer loop
      vertex 3.9149 13.9572 2.8
      vertex 3.42937 12.5907 2.8
      vertex 3.81019 12.4777 2.8
    endloop
  endfacet
  facet normal 0 0 1
    outer loop
      vertex 2.41587 13.2051 2.8
      vertex 3.56269 14.1421 2.8
      vertex 3.26496 14.4058 2.8
    endloop
  endfacet
  facet normal 0 0 1
    outer loop
      vertex 3.9149 13.9572 2.8
      vertex 3.06613 12.7515 2.8
      vertex 3.42937 12.5907 2.8
    endloop
  endfacet
  facet normal 0 0 1
    outer loop
      vertex 1.90193 13.8088 2.8
      vertex 3.26496 14.4058 2.8
      vertex 3.039 14.7332 2.8
    endloop
  endfacet
  facet normal 0 0 1
    outer loop
      vertex 1.55793 14.5232 2.8
      vertex 3.039 14.7332 2.8
      vertex 2.89795 15.1051 2.8
    endloop
  endfacet
  facet normal -0 0 1
    outer loop
      vertex 1.40637 15.3014 2.8
      vertex 2.89795 15.1051 2.8
      vertex 2.85 15.5 2.8
    endloop
  endfacet
  facet normal 0 0 1
    outer loop
      vertex 3.56269 14.1421 2.8
      vertex 2.72644 12.9575 2.8
      vertex 3.06613 12.7515 2.8
    endloop
  endfacet
  facet normal 0 0 1
    outer loop
      vertex 3.26496 16.5942 2.8
      vertex 1.90193 17.1912 2.8
      vertex 3.039 16.2668 2.8
    endloop
  endfacet
  facet normal -0 0 1
    outer loop
      vertex 1.707 16.845 2.8
      vertex 3.039 16.2668 2.8
      vertex 1.90193 17.1912 2.8
    endloop
  endfacet
  facet normal 0 0 1
    outer loop
      vertex 3.56269 14.1421 2.8
      vertex 2.41587 13.2051 2.8
      vertex 2.72644 12.9575 2.8
    endloop
  endfacet
  facet normal -0 0 1
    outer loop
      vertex 1.55793 16.4768 2.8
      vertex 3.039 16.2668 2.8
      vertex 1.707 16.845 2.8
    endloop
  endfacet
  facet normal 0 0 1
    outer loop
      vertex 3.26496 14.4058 2.8
      vertex 2.13952 13.4905 2.8
      vertex 2.41587 13.2051 2.8
    endloop
  endfacet
  facet normal 0 0 1
    outer loop
      vertex 3.039 16.2668 2.8
      vertex 1.55793 16.4768 2.8
      vertex 2.89795 15.8949 2.8
    endloop
  endfacet
  facet normal 0 0 1
    outer loop
      vertex 3.26496 14.4058 2.8
      vertex 1.90193 13.8088 2.8
      vertex 2.13952 13.4905 2.8
    endloop
  endfacet
  facet normal -0 0 1
    outer loop
      vertex 1.45717 16.0926 2.8
      vertex 2.89795 15.8949 2.8
      vertex 1.55793 16.4768 2.8
    endloop
  endfacet
  facet normal 0 0 1
    outer loop
      vertex 3.039 14.7332 2.8
      vertex 1.707 14.155 2.8
      vertex 1.90193 13.8088 2.8
    endloop
  endfacet
  facet normal 0 0 1
    outer loop
      vertex 1.40637 15.6986 2.8
      vertex 2.89795 15.8949 2.8
      vertex 1.45717 16.0926 2.8
    endloop
  endfacet
  facet normal 0 0 1
    outer loop
      vertex 3.039 14.7332 2.8
      vertex 1.55793 14.5232 2.8
      vertex 1.707 14.155 2.8
    endloop
  endfacet
  facet normal 0 0 1
    outer loop
      vertex 2.89795 15.8949 2.8
      vertex 1.40637 15.6986 2.8
      vertex 2.85 15.5 2.8
    endloop
  endfacet
  facet normal 0 0 1
    outer loop
      vertex 2.89795 15.1051 2.8
      vertex 1.45717 14.9074 2.8
      vertex 1.55793 14.5232 2.8
    endloop
  endfacet
  facet normal 0 0 1
    outer loop
      vertex 1.40637 15.3014 2.8
      vertex 2.85 15.5 2.8
      vertex 1.40637 15.6986 2.8
    endloop
  endfacet
  facet normal 0 0 1
    outer loop
      vertex 2.89795 15.1051 2.8
      vertex 1.40637 15.3014 2.8
      vertex 1.45717 14.9074 2.8
    endloop
  endfacet
  facet normal 0.99179 0.127875 0
    outer loop
      vertex 1.45717 14.9074 5
      vertex 1.40637 15.3014 2.8
      vertex 1.40637 15.3014 5
    endloop
  endfacet
  facet normal 0.99179 0.127875 0
    outer loop
      vertex 1.40637 15.3014 2.8
      vertex 1.45717 14.9074 5
      vertex 1.45717 14.9074 2.8
    endloop
  endfacet
  facet normal 0.284469 0.958685 -0
    outer loop
      vertex 3.81019 12.4777 2.8
      vertex 3.42937 12.5907 5
      vertex 3.81019 12.4777 5
    endloop
  endfacet
  facet normal 0.284469 0.958685 0
    outer loop
      vertex 3.42937 12.5907 5
      vertex 3.81019 12.4777 2.8
      vertex 3.42937 12.5907 2.8
    endloop
  endfacet
  facet normal -0.981556 -0.191176 0
    outer loop
      vertex 7.57455 15.8964 2.8
      vertex 7.49861 16.2863 5
      vertex 7.49861 16.2863 2.8
    endloop
  endfacet
  facet normal -0.981556 -0.191176 0
    outer loop
      vertex 7.49861 16.2863 5
      vertex 7.57455 15.8964 2.8
      vertex 7.57455 15.8964 5
    endloop
  endfacet
  facet normal -0.997945 -0.0640709 0
    outer loop
      vertex 7.6 15.5 2.8
      vertex 7.57455 15.8964 5
      vertex 7.57455 15.8964 2.8
    endloop
  endfacet
  facet normal -0.997945 -0.0640709 0
    outer loop
      vertex 7.57455 15.8964 5
      vertex 7.6 15.5 2.8
      vertex 7.6 15.5 5
    endloop
  endfacet
  facet normal -0.345387 -0.93846 0
    outer loop
      vertex 5.38204 18.4719 2.8
      vertex 5.75483 18.3347 5
      vertex 5.38204 18.4719 5
    endloop
  endfacet
  facet normal -0.345387 -0.93846 -0
    outer loop
      vertex 5.75483 18.3347 5
      vertex 5.38204 18.4719 2.8
      vertex 5.75483 18.3347 2.8
    endloop
  endfacet
  facet normal 0.159604 -0.987181 0
    outer loop
      vertex 3.81019 18.5223 2.8
      vertex 4.20233 18.5857 5
      vertex 3.81019 18.5223 5
    endloop
  endfacet
  facet normal 0.159604 -0.987181 0
    outer loop
      vertex 4.20233 18.5857 5
      vertex 3.81019 18.5223 2.8
      vertex 4.20233 18.5857 2.8
    endloop
  endfacet
  facet normal 0.926915 -0.375272 0
    outer loop
      vertex 1.55793 16.4768 5
      vertex 1.707 16.845 2.8
      vertex 1.707 16.845 5
    endloop
  endfacet
  facet normal 0.926915 -0.375272 0
    outer loop
      vertex 1.707 16.845 2.8
      vertex 1.55793 16.4768 5
      vertex 1.55793 16.4768 2.8
    endloop
  endfacet
  facet normal 0.80137 -0.59817 0
    outer loop
      vertex 1.90193 17.1912 5
      vertex 2.13952 17.5095 2.8
      vertex 2.13952 17.5095 5
    endloop
  endfacet
  facet normal 0.80137 -0.59817 0
    outer loop
      vertex 2.13952 17.5095 2.8
      vertex 1.90193 17.1912 5
      vertex 1.90193 17.1912 2.8
    endloop
  endfacet
  facet normal -0.992709 0.120538 0
    outer loop
      vertex 6.10205 -15.8949 0
      vertex 6.15 -15.5 2.8
      vertex 6.15 -15.5 0
    endloop
  endfacet
  facet normal -0.992709 0.120538 0
    outer loop
      vertex 6.15 -15.5 2.8
      vertex 6.10205 -15.8949 0
      vertex 6.10205 -15.8949 2.8
    endloop
  endfacet
  facet normal 0.992709 0.120538 0
    outer loop
      vertex 2.89795 -15.8949 2.8
      vertex 2.85 -15.5 0
      vertex 2.85 -15.5 2.8
    endloop
  endfacet
  facet normal 0.992709 0.120538 0
    outer loop
      vertex 2.85 -15.5 0
      vertex 2.89795 -15.8949 2.8
      vertex 2.89795 -15.8949 0
    endloop
  endfacet
  facet normal 0 1 -0
    outer loop
      vertex 4.69888 -17.138 0
      vertex 4.30112 -17.138 2.8
      vertex 4.69888 -17.138 2.8
    endloop
  endfacet
  facet normal 0 1 0
    outer loop
      vertex 4.30112 -17.138 2.8
      vertex 4.69888 -17.138 0
      vertex 4.30112 -17.138 0
    endloop
  endfacet
  facet normal 0 -1 0
    outer loop
      vertex 4.30112 -13.862 0
      vertex 4.69888 -13.862 2.8
      vertex 4.30112 -13.862 2.8
    endloop
  endfacet
  facet normal 0 -1 -0
    outer loop
      vertex 4.69888 -13.862 2.8
      vertex 4.30112 -13.862 0
      vertex 4.69888 -13.862 0
    endloop
  endfacet
  facet normal -0.66303 -0.748593 0
    outer loop
      vertex 5.43731 -14.1421 0
      vertex 5.73504 -14.4058 2.8
      vertex 5.43731 -14.1421 2.8
    endloop
  endfacet
  facet normal -0.66303 -0.748593 -0
    outer loop
      vertex 5.73504 -14.4058 2.8
      vertex 5.43731 -14.1421 0
      vertex 5.73504 -14.4058 0
    endloop
  endfacet
  facet normal -0.66303 0.748593 0
    outer loop
      vertex 5.73504 -16.5942 0
      vertex 5.43731 -16.8579 2.8
      vertex 5.73504 -16.5942 2.8
    endloop
  endfacet
  facet normal -0.66303 0.748593 0
    outer loop
      vertex 5.43731 -16.8579 2.8
      vertex 5.73504 -16.5942 0
      vertex 5.43731 -16.8579 0
    endloop
  endfacet
  facet normal -0.464814 0.885409 0
    outer loop
      vertex 5.43731 -16.8579 0
      vertex 5.0851 -17.0428 2.8
      vertex 5.43731 -16.8579 2.8
    endloop
  endfacet
  facet normal -0.464814 0.885409 0
    outer loop
      vertex 5.0851 -17.0428 2.8
      vertex 5.43731 -16.8579 0
      vertex 5.0851 -17.0428 0
    endloop
  endfacet
  facet normal 0.66303 0.748593 -0
    outer loop
      vertex 3.56269 -16.8579 0
      vertex 3.26496 -16.5942 2.8
      vertex 3.56269 -16.8579 2.8
    endloop
  endfacet
  facet normal 0.66303 0.748593 0
    outer loop
      vertex 3.26496 -16.5942 2.8
      vertex 3.56269 -16.8579 0
      vertex 3.26496 -16.5942 0
    endloop
  endfacet
  facet normal 0.464814 0.885409 -0
    outer loop
      vertex 3.9149 -17.0428 0
      vertex 3.56269 -16.8579 2.8
      vertex 3.9149 -17.0428 2.8
    endloop
  endfacet
  facet normal 0.464814 0.885409 0
    outer loop
      vertex 3.56269 -16.8579 2.8
      vertex 3.9149 -17.0428 0
      vertex 3.56269 -16.8579 0
    endloop
  endfacet
  facet normal -0.823017 0.568017 0
    outer loop
      vertex 5.73504 -16.5942 0
      vertex 5.961 -16.2668 2.8
      vertex 5.961 -16.2668 0
    endloop
  endfacet
  facet normal -0.823017 0.568017 0
    outer loop
      vertex 5.961 -16.2668 2.8
      vertex 5.73504 -16.5942 0
      vertex 5.73504 -16.5942 2.8
    endloop
  endfacet
  facet normal -0.93501 0.35462 0
    outer loop
      vertex 5.961 -16.2668 0
      vertex 6.10205 -15.8949 2.8
      vertex 6.10205 -15.8949 0
    endloop
  endfacet
  facet normal -0.93501 0.35462 0
    outer loop
      vertex 6.10205 -15.8949 2.8
      vertex 5.961 -16.2668 0
      vertex 5.961 -16.2668 2.8
    endloop
  endfacet
  facet normal -0.239328 0.970939 0
    outer loop
      vertex 5.0851 -17.0428 0
      vertex 4.69888 -17.138 2.8
      vertex 5.0851 -17.0428 2.8
    endloop
  endfacet
  facet normal -0.239328 0.970939 0
    outer loop
      vertex 4.69888 -17.138 2.8
      vertex 5.0851 -17.0428 0
      vertex 4.69888 -17.138 0
    endloop
  endfacet
  facet normal 0.823017 0.568017 0
    outer loop
      vertex 3.26496 -16.5942 2.8
      vertex 3.039 -16.2668 0
      vertex 3.039 -16.2668 2.8
    endloop
  endfacet
  facet normal 0.823017 0.568017 0
    outer loop
      vertex 3.039 -16.2668 0
      vertex 3.26496 -16.5942 2.8
      vertex 3.26496 -16.5942 0
    endloop
  endfacet
  facet normal 0.93501 0.35462 0
    outer loop
      vertex 3.039 -16.2668 2.8
      vertex 2.89795 -15.8949 0
      vertex 2.89795 -15.8949 2.8
    endloop
  endfacet
  facet normal 0.93501 0.35462 0
    outer loop
      vertex 2.89795 -15.8949 0
      vertex 3.039 -16.2668 2.8
      vertex 3.039 -16.2668 0
    endloop
  endfacet
  facet normal 0.239328 0.970939 -0
    outer loop
      vertex 4.30112 -17.138 0
      vertex 3.9149 -17.0428 2.8
      vertex 4.30112 -17.138 2.8
    endloop
  endfacet
  facet normal 0.239328 0.970939 0
    outer loop
      vertex 3.9149 -17.0428 2.8
      vertex 4.30112 -17.138 0
      vertex 3.9149 -17.0428 0
    endloop
  endfacet
  facet normal -0.239328 -0.970939 0
    outer loop
      vertex 4.69888 -13.862 0
      vertex 5.0851 -13.9572 2.8
      vertex 4.69888 -13.862 2.8
    endloop
  endfacet
  facet normal -0.239328 -0.970939 -0
    outer loop
      vertex 5.0851 -13.9572 2.8
      vertex 4.69888 -13.862 0
      vertex 5.0851 -13.9572 0
    endloop
  endfacet
  facet normal -0.93501 -0.35462 0
    outer loop
      vertex 6.10205 -15.1051 0
      vertex 5.961 -14.7332 2.8
      vertex 5.961 -14.7332 0
    endloop
  endfacet
  facet normal -0.93501 -0.35462 0
    outer loop
      vertex 5.961 -14.7332 2.8
      vertex 6.10205 -15.1051 0
      vertex 6.10205 -15.1051 2.8
    endloop
  endfacet
  facet normal -0.823017 -0.568017 0
    outer loop
      vertex 5.961 -14.7332 0
      vertex 5.73504 -14.4058 2.8
      vertex 5.73504 -14.4058 0
    endloop
  endfacet
  facet normal -0.823017 -0.568017 0
    outer loop
      vertex 5.73504 -14.4058 2.8
      vertex 5.961 -14.7332 0
      vertex 5.961 -14.7332 2.8
    endloop
  endfacet
  facet normal -0.992709 -0.120538 0
    outer loop
      vertex 6.15 -15.5 0
      vertex 6.10205 -15.1051 2.8
      vertex 6.10205 -15.1051 0
    endloop
  endfacet
  facet normal -0.992709 -0.120538 0
    outer loop
      vertex 6.10205 -15.1051 2.8
      vertex 6.15 -15.5 0
      vertex 6.15 -15.5 2.8
    endloop
  endfacet
  facet normal 0.93501 -0.35462 0
    outer loop
      vertex 2.89795 -15.1051 2.8
      vertex 3.039 -14.7332 0
      vertex 3.039 -14.7332 2.8
    endloop
  endfacet
  facet normal 0.93501 -0.35462 0
    outer loop
      vertex 3.039 -14.7332 0
      vertex 2.89795 -15.1051 2.8
      vertex 2.89795 -15.1051 0
    endloop
  endfacet
  facet normal 0.992709 -0.120538 0
    outer loop
      vertex 2.85 -15.5 2.8
      vertex 2.89795 -15.1051 0
      vertex 2.89795 -15.1051 2.8
    endloop
  endfacet
  facet normal 0.992709 -0.120538 0
    outer loop
      vertex 2.89795 -15.1051 0
      vertex 2.85 -15.5 2.8
      vertex 2.85 -15.5 0
    endloop
  endfacet
  facet normal 0.823017 -0.568017 0
    outer loop
      vertex 3.039 -14.7332 2.8
      vertex 3.26496 -14.4058 0
      vertex 3.26496 -14.4058 2.8
    endloop
  endfacet
  facet normal 0.823017 -0.568017 0
    outer loop
      vertex 3.26496 -14.4058 0
      vertex 3.039 -14.7332 2.8
      vertex 3.039 -14.7332 0
    endloop
  endfacet
  facet normal -0.464814 -0.885409 0
    outer loop
      vertex 5.0851 -13.9572 0
      vertex 5.43731 -14.1421 2.8
      vertex 5.0851 -13.9572 2.8
    endloop
  endfacet
  facet normal -0.464814 -0.885409 -0
    outer loop
      vertex 5.43731 -14.1421 2.8
      vertex 5.0851 -13.9572 0
      vertex 5.43731 -14.1421 0
    endloop
  endfacet
  facet normal 0.464814 -0.885409 0
    outer loop
      vertex 3.56269 -14.1421 0
      vertex 3.9149 -13.9572 2.8
      vertex 3.56269 -14.1421 2.8
    endloop
  endfacet
  facet normal 0.464814 -0.885409 0
    outer loop
      vertex 3.9149 -13.9572 2.8
      vertex 3.56269 -14.1421 0
      vertex 3.9149 -13.9572 0
    endloop
  endfacet
  facet normal 0.66303 -0.748593 0
    outer loop
      vertex 3.26496 -14.4058 0
      vertex 3.56269 -14.1421 2.8
      vertex 3.26496 -14.4058 2.8
    endloop
  endfacet
  facet normal 0.66303 -0.748593 0
    outer loop
      vertex 3.56269 -14.1421 2.8
      vertex 3.26496 -14.4058 0
      vertex 3.56269 -14.1421 0
    endloop
  endfacet
  facet normal 0.239328 -0.970939 0
    outer loop
      vertex 3.9149 -13.9572 0
      vertex 4.30112 -13.862 2.8
      vertex 3.9149 -13.9572 2.8
    endloop
  endfacet
  facet normal 0.239328 -0.970939 0
    outer loop
      vertex 4.30112 -13.862 2.8
      vertex 3.9149 -13.9572 0
      vertex 4.30112 -13.862 0
    endloop
  endfacet
  facet normal -0.572008 0.820248 0
    outer loop
      vertex 6.43282 -17.9237 2.8
      vertex 6.10702 -18.1509 5
      vertex 6.43282 -17.9237 5
    endloop
  endfacet
  facet normal -0.572008 0.820248 0
    outer loop
      vertex 6.10702 -18.1509 5
      vertex 6.43282 -17.9237 2.8
      vertex 6.10702 -18.1509 2.8
    endloop
  endfacet
  facet normal 0.967288 0.25368 0
    outer loop
      vertex 1.55793 -16.4768 5
      vertex 1.45717 -16.0926 2.8
      vertex 1.45717 -16.0926 5
    endloop
  endfacet
  facet normal 0.967288 0.25368 0
    outer loop
      vertex 1.45717 -16.0926 2.8
      vertex 1.55793 -16.4768 5
      vertex 1.55793 -16.4768 2.8
    endloop
  endfacet
  facet normal 0.284469 -0.958685 0
    outer loop
      vertex 3.42937 -12.5907 2.8
      vertex 3.81019 -12.4777 5
      vertex 3.42937 -12.5907 5
    endloop
  endfacet
  facet normal 0.284469 -0.958685 0
    outer loop
      vertex 3.81019 -12.4777 5
      vertex 3.42937 -12.5907 2.8
      vertex 3.81019 -12.4777 2.8
    endloop
  endfacet
  facet normal -0.462662 0.886535 0
    outer loop
      vertex 6.10702 -18.1509 2.8
      vertex 5.75483 -18.3347 5
      vertex 6.10702 -18.1509 5
    endloop
  endfacet
  facet normal -0.462662 0.886535 0
    outer loop
      vertex 5.75483 -18.3347 5
      vertex 6.10702 -18.1509 2.8
      vertex 5.75483 -18.3347 2.8
    endloop
  endfacet
  facet normal 0.404793 0.914408 -0
    outer loop
      vertex 3.42937 -18.4093 2.8
      vertex 3.06613 -18.2485 5
      vertex 3.42937 -18.4093 5
    endloop
  endfacet
  facet normal 0.404793 0.914408 0
    outer loop
      vertex 3.06613 -18.2485 5
      vertex 3.42937 -18.4093 2.8
      vertex 3.06613 -18.2485 2.8
    endloop
  endfacet
  facet normal 0.926915 0.375272 0
    outer loop
      vertex 1.707 -16.845 5
      vertex 1.55793 -16.4768 2.8
      vertex 1.55793 -16.4768 5
    endloop
  endfacet
  facet normal 0.926915 0.375272 0
    outer loop
      vertex 1.55793 -16.4768 2.8
      vertex 1.707 -16.845 5
      vertex 1.707 -16.845 2.8
    endloop
  endfacet
  facet normal 0.871368 -0.490629 0
    outer loop
      vertex 1.707 -14.155 5
      vertex 1.90193 -13.8088 2.8
      vertex 1.90193 -13.8088 5
    endloop
  endfacet
  facet normal 0.871368 -0.490629 0
    outer loop
      vertex 1.90193 -13.8088 2.8
      vertex 1.707 -14.155 5
      vertex 1.707 -14.155 2.8
    endloop
  endfacet
  facet normal -0.949058 0.315102 0
    outer loop
      vertex 7.37344 -16.6633 2.8
      vertex 7.49861 -16.2863 5
      vertex 7.49861 -16.2863 2.8
    endloop
  endfacet
  facet normal -0.949058 0.315102 0
    outer loop
      vertex 7.49861 -16.2863 5
      vertex 7.37344 -16.6633 2.8
      vertex 7.37344 -16.6633 5
    endloop
  endfacet
  facet normal -0.900974 0.433872 0
    outer loop
      vertex 7.20109 -17.0212 2.8
      vertex 7.37344 -16.6633 5
      vertex 7.37344 -16.6633 2.8
    endloop
  endfacet
  facet normal -0.900974 0.433872 0
    outer loop
      vertex 7.37344 -16.6633 5
      vertex 7.20109 -17.0212 2.8
      vertex 7.20109 -17.0212 5
    endloop
  endfacet
  facet normal -0.67236 0.740225 0
    outer loop
      vertex 6.72688 -17.6566 2.8
      vertex 6.43282 -17.9237 5
      vertex 6.72688 -17.6566 5
    endloop
  endfacet
  facet normal -0.67236 0.740225 0
    outer loop
      vertex 6.43282 -17.9237 5
      vertex 6.72688 -17.6566 2.8
      vertex 6.43282 -17.9237 2.8
    endloop
  endfacet
  facet normal -0.345387 0.93846 0
    outer loop
      vertex 5.75483 -18.3347 2.8
      vertex 5.38204 -18.4719 5
      vertex 5.75483 -18.3347 5
    endloop
  endfacet
  facet normal -0.345387 0.93846 0
    outer loop
      vertex 5.38204 -18.4719 5
      vertex 5.75483 -18.3347 2.8
      vertex 5.38204 -18.4719 2.8
    endloop
  endfacet
  facet normal 0.0319712 0.999489 -0
    outer loop
      vertex 4.59936 -18.5984 2.8
      vertex 4.20233 -18.5857 5
      vertex 4.59936 -18.5984 5
    endloop
  endfacet
  facet normal 0.0319712 0.999489 0
    outer loop
      vertex 4.20233 -18.5857 5
      vertex 4.59936 -18.5984 2.8
      vertex 4.20233 -18.5857 2.8
    endloop
  endfacet
  facet normal -0.0959139 0.99539 0
    outer loop
      vertex 4.99476 -18.5603 2.8
      vertex 4.59936 -18.5984 5
      vertex 4.99476 -18.5603 5
    endloop
  endfacet
  facet normal -0.0959139 0.99539 0
    outer loop
      vertex 4.59936 -18.5984 5
      vertex 4.99476 -18.5603 2.8
      vertex 4.59936 -18.5984 2.8
    endloop
  endfacet
  facet normal 0.80137 0.59817 0
    outer loop
      vertex 2.13952 -17.5095 5
      vertex 1.90193 -17.1912 2.8
      vertex 1.90193 -17.1912 5
    endloop
  endfacet
  facet normal 0.80137 0.59817 0
    outer loop
      vertex 1.90193 -17.1912 2.8
      vertex 2.13952 -17.5095 5
      vertex 2.13952 -17.5095 2.8
    endloop
  endfacet
  facet normal 0.518536 0.855056 -0
    outer loop
      vertex 3.06613 -18.2485 2.8
      vertex 2.72644 -18.0425 5
      vertex 3.06613 -18.2485 5
    endloop
  endfacet
  facet normal 0.518536 0.855056 0
    outer loop
      vertex 2.72644 -18.0425 5
      vertex 3.06613 -18.2485 2.8
      vertex 2.72644 -18.0425 2.8
    endloop
  endfacet
  facet normal 0.159604 0.987181 -0
    outer loop
      vertex 4.20233 -18.5857 2.8
      vertex 3.81019 -18.5223 5
      vertex 4.20233 -18.5857 5
    endloop
  endfacet
  facet normal 0.159604 0.987181 0
    outer loop
      vertex 3.81019 -18.5223 5
      vertex 4.20233 -18.5857 2.8
      vertex 3.81019 -18.5223 2.8
    endloop
  endfacet
  facet normal 0.62338 0.781919 -0
    outer loop
      vertex 2.72644 -18.0425 2.8
      vertex 2.41587 -17.7949 5
      vertex 2.72644 -18.0425 5
    endloop
  endfacet
  facet normal 0.62338 0.781919 0
    outer loop
      vertex 2.41587 -17.7949 5
      vertex 2.72644 -18.0425 2.8
      vertex 2.41587 -17.7949 2.8
    endloop
  endfacet
  facet normal -0.0959139 -0.99539 0
    outer loop
      vertex 4.59936 -12.4016 2.8
      vertex 4.99476 -12.4397 5
      vertex 4.59936 -12.4016 5
    endloop
  endfacet
  facet normal -0.0959139 -0.99539 -0
    outer loop
      vertex 4.99476 -12.4397 5
      vertex 4.59936 -12.4016 2.8
      vertex 4.99476 -12.4397 2.8
    endloop
  endfacet
  facet normal -0.761473 -0.648196 0
    outer loop
      vertex 6.98438 -13.6459 2.8
      vertex 6.72688 -13.3434 5
      vertex 6.72688 -13.3434 2.8
    endloop
  endfacet
  facet normal -0.761473 -0.648196 0
    outer loop
      vertex 6.72688 -13.3434 5
      vertex 6.98438 -13.6459 2.8
      vertex 6.98438 -13.6459 5
    endloop
  endfacet
  facet normal -0.222535 -0.974925 0
    outer loop
      vertex 4.99476 -12.4397 2.8
      vertex 5.38204 -12.5281 5
      vertex 4.99476 -12.4397 5
    endloop
  endfacet
  facet normal -0.222535 -0.974925 -0
    outer loop
      vertex 5.38204 -12.5281 5
      vertex 4.99476 -12.4397 2.8
      vertex 5.38204 -12.5281 2.8
    endloop
  endfacet
  facet normal 0.62338 -0.781919 0
    outer loop
      vertex 2.41587 -13.2051 2.8
      vertex 2.72644 -12.9575 5
      vertex 2.41587 -13.2051 5
    endloop
  endfacet
  facet normal 0.62338 -0.781919 0
    outer loop
      vertex 2.72644 -12.9575 5
      vertex 2.41587 -13.2051 2.8
      vertex 2.72644 -12.9575 2.8
    endloop
  endfacet
  facet normal 0.99179 -0.127875 0
    outer loop
      vertex 1.40637 -15.3014 5
      vertex 1.45717 -14.9074 2.8
      vertex 1.45717 -14.9074 5
    endloop
  endfacet
  facet normal 0.99179 -0.127875 0
    outer loop
      vertex 1.45717 -14.9074 2.8
      vertex 1.40637 -15.3014 5
      vertex 1.40637 -15.3014 2.8
    endloop
  endfacet
  facet normal -0.981556 0.191176 0
    outer loop
      vertex 7.49861 -16.2863 2.8
      vertex 7.57455 -15.8964 5
      vertex 7.57455 -15.8964 2.8
    endloop
  endfacet
  facet normal -0.981556 0.191176 0
    outer loop
      vertex 7.57455 -15.8964 5
      vertex 7.49861 -16.2863 2.8
      vertex 7.49861 -16.2863 5
    endloop
  endfacet
  facet normal -0.83807 0.545563 0
    outer loop
      vertex 6.98438 -17.3541 2.8
      vertex 7.20109 -17.0212 5
      vertex 7.20109 -17.0212 2.8
    endloop
  endfacet
  facet normal -0.83807 0.545563 0
    outer loop
      vertex 7.20109 -17.0212 5
      vertex 6.98438 -17.3541 2.8
      vertex 6.98438 -17.3541 5
    endloop
  endfacet
  facet normal -0.761473 0.648196 0
    outer loop
      vertex 6.72688 -17.6566 2.8
      vertex 6.98438 -17.3541 5
      vertex 6.98438 -17.3541 2.8
    endloop
  endfacet
  facet normal -0.761473 0.648196 0
    outer loop
      vertex 6.98438 -17.3541 5
      vertex 6.72688 -17.6566 2.8
      vertex 6.72688 -17.6566 5
    endloop
  endfacet
  facet normal -0.222535 0.974925 0
    outer loop
      vertex 5.38204 -18.4719 2.8
      vertex 4.99476 -18.5603 5
      vertex 5.38204 -18.4719 5
    endloop
  endfacet
  facet normal -0.222535 0.974925 0
    outer loop
      vertex 4.99476 -18.5603 5
      vertex 5.38204 -18.4719 2.8
      vertex 4.99476 -18.5603 2.8
    endloop
  endfacet
  facet normal 1 -0 0
    outer loop
      vertex 1.40637 -15.6986 5
      vertex 1.40637 -15.3014 2.8
      vertex 1.40637 -15.3014 5
    endloop
  endfacet
  facet normal 1 0 0
    outer loop
      vertex 1.40637 -15.3014 2.8
      vertex 1.40637 -15.6986 5
      vertex 1.40637 -15.6986 2.8
    endloop
  endfacet
  facet normal 0.871368 0.490629 0
    outer loop
      vertex 1.90193 -17.1912 5
      vertex 1.707 -16.845 2.8
      vertex 1.707 -16.845 5
    endloop
  endfacet
  facet normal 0.871368 0.490629 0
    outer loop
      vertex 1.707 -16.845 2.8
      vertex 1.90193 -17.1912 5
      vertex 1.90193 -17.1912 2.8
    endloop
  endfacet
  facet normal 0.718405 0.695625 0
    outer loop
      vertex 2.41587 -17.7949 5
      vertex 2.13952 -17.5095 2.8
      vertex 2.13952 -17.5095 5
    endloop
  endfacet
  facet normal 0.718405 0.695625 0
    outer loop
      vertex 2.13952 -17.5095 2.8
      vertex 2.41587 -17.7949 5
      vertex 2.41587 -17.7949 2.8
    endloop
  endfacet
  facet normal -0.997945 0.0640709 0
    outer loop
      vertex 7.57455 -15.8964 2.8
      vertex 7.6 -15.5 5
      vertex 7.6 -15.5 2.8
    endloop
  endfacet
  facet normal -0.997945 0.0640709 0
    outer loop
      vertex 7.6 -15.5 5
      vertex 7.57455 -15.8964 2.8
      vertex 7.57455 -15.8964 5
    endloop
  endfacet
  facet normal -0.949058 -0.315102 0
    outer loop
      vertex 7.49861 -14.7137 2.8
      vertex 7.37344 -14.3367 5
      vertex 7.37344 -14.3367 2.8
    endloop
  endfacet
  facet normal -0.949058 -0.315102 0
    outer loop
      vertex 7.37344 -14.3367 5
      vertex 7.49861 -14.7137 2.8
      vertex 7.49861 -14.7137 5
    endloop
  endfacet
  facet normal -0.462662 -0.886535 0
    outer loop
      vertex 5.75483 -12.6653 2.8
      vertex 6.10702 -12.8491 5
      vertex 5.75483 -12.6653 5
    endloop
  endfacet
  facet normal -0.462662 -0.886535 -0
    outer loop
      vertex 6.10702 -12.8491 5
      vertex 5.75483 -12.6653 2.8
      vertex 6.10702 -12.8491 2.8
    endloop
  endfacet
  facet normal -0.67236 -0.740225 0
    outer loop
      vertex 6.43282 -13.0763 2.8
      vertex 6.72688 -13.3434 5
      vertex 6.43282 -13.0763 5
    endloop
  endfacet
  facet normal -0.67236 -0.740225 -0
    outer loop
      vertex 6.72688 -13.3434 5
      vertex 6.43282 -13.0763 2.8
      vertex 6.72688 -13.3434 2.8
    endloop
  endfacet
  facet normal -0.572008 -0.820248 0
    outer loop
      vertex 6.10702 -12.8491 2.8
      vertex 6.43282 -13.0763 5
      vertex 6.10702 -12.8491 5
    endloop
  endfacet
  facet normal -0.572008 -0.820248 -0
    outer loop
      vertex 6.43282 -13.0763 5
      vertex 6.10702 -12.8491 2.8
      vertex 6.43282 -13.0763 2.8
    endloop
  endfacet
  facet normal -0.900974 -0.433872 0
    outer loop
      vertex 7.37344 -14.3367 2.8
      vertex 7.20109 -13.9788 5
      vertex 7.20109 -13.9788 2.8
    endloop
  endfacet
  facet normal -0.900974 -0.433872 0
    outer loop
      vertex 7.20109 -13.9788 5
      vertex 7.37344 -14.3367 2.8
      vertex 7.37344 -14.3367 5
    endloop
  endfacet
  facet normal -0.83807 -0.545563 0
    outer loop
      vertex 7.20109 -13.9788 2.8
      vertex 6.98438 -13.6459 5
      vertex 6.98438 -13.6459 2.8
    endloop
  endfacet
  facet normal -0.83807 -0.545563 0
    outer loop
      vertex 6.98438 -13.6459 5
      vertex 7.20109 -13.9788 2.8
      vertex 7.20109 -13.9788 5
    endloop
  endfacet
  facet normal 0.0319712 -0.999489 0
    outer loop
      vertex 4.20233 -12.4143 2.8
      vertex 4.59936 -12.4016 5
      vertex 4.20233 -12.4143 5
    endloop
  endfacet
  facet normal 0.0319712 -0.999489 0
    outer loop
      vertex 4.59936 -12.4016 5
      vertex 4.20233 -12.4143 2.8
      vertex 4.59936 -12.4016 2.8
    endloop
  endfacet
  facet normal 0.518536 -0.855056 0
    outer loop
      vertex 2.72644 -12.9575 2.8
      vertex 3.06613 -12.7515 5
      vertex 2.72644 -12.9575 5
    endloop
  endfacet
  facet normal 0.518536 -0.855056 0
    outer loop
      vertex 3.06613 -12.7515 5
      vertex 2.72644 -12.9575 2.8
      vertex 3.06613 -12.7515 2.8
    endloop
  endfacet
  facet normal 0.404793 -0.914408 0
    outer loop
      vertex 3.06613 -12.7515 2.8
      vertex 3.42937 -12.5907 5
      vertex 3.06613 -12.7515 5
    endloop
  endfacet
  facet normal 0.404793 -0.914408 0
    outer loop
      vertex 3.42937 -12.5907 5
      vertex 3.06613 -12.7515 2.8
      vertex 3.42937 -12.5907 2.8
    endloop
  endfacet
  facet normal 0.967288 -0.25368 0
    outer loop
      vertex 1.45717 -14.9074 5
      vertex 1.55793 -14.5232 2.8
      vertex 1.55793 -14.5232 5
    endloop
  endfacet
  facet normal 0.967288 -0.25368 0
    outer loop
      vertex 1.55793 -14.5232 2.8
      vertex 1.45717 -14.9074 5
      vertex 1.45717 -14.9074 2.8
    endloop
  endfacet
  facet normal 0.718405 -0.695625 0
    outer loop
      vertex 2.13952 -13.4905 5
      vertex 2.41587 -13.2051 2.8
      vertex 2.41587 -13.2051 5
    endloop
  endfacet
  facet normal 0.718405 -0.695625 0
    outer loop
      vertex 2.41587 -13.2051 2.8
      vertex 2.13952 -13.4905 5
      vertex 2.13952 -13.4905 2.8
    endloop
  endfacet
  facet normal 0 0 1
    outer loop
      vertex 6.15 -15.5 2.8
      vertex 7.6 -15.5 2.8
      vertex 7.57455 -15.1036 2.8
    endloop
  endfacet
  facet normal 0 0 1
    outer loop
      vertex 6.10205 -15.1051 2.8
      vertex 7.57455 -15.1036 2.8
      vertex 7.49861 -14.7137 2.8
    endloop
  endfacet
  facet normal 0 0 1
    outer loop
      vertex 7.6 -15.5 2.8
      vertex 6.15 -15.5 2.8
      vertex 7.57455 -15.8964 2.8
    endloop
  endfacet
  facet normal 0 0 1
    outer loop
      vertex 6.10205 -15.1051 2.8
      vertex 7.49861 -14.7137 2.8
      vertex 7.37344 -14.3367 2.8
    endloop
  endfacet
  facet normal -0 0 1
    outer loop
      vertex 6.10205 -15.8949 2.8
      vertex 7.57455 -15.8964 2.8
      vertex 6.15 -15.5 2.8
    endloop
  endfacet
  facet normal 0 0 1
    outer loop
      vertex 5.961 -14.7332 2.8
      vertex 7.37344 -14.3367 2.8
      vertex 7.20109 -13.9788 2.8
    endloop
  endfacet
  facet normal 0 0 1
    outer loop
      vertex 7.57455 -15.8964 2.8
      vertex 6.10205 -15.8949 2.8
      vertex 7.49861 -16.2863 2.8
    endloop
  endfacet
  facet normal 0 0 1
    outer loop
      vertex 5.961 -14.7332 2.8
      vertex 7.20109 -13.9788 2.8
      vertex 6.98438 -13.6459 2.8
    endloop
  endfacet
  facet normal 0 0 1
    outer loop
      vertex 7.49861 -16.2863 2.8
      vertex 6.10205 -15.8949 2.8
      vertex 7.37344 -16.6633 2.8
    endloop
  endfacet
  facet normal 0 0 1
    outer loop
      vertex 5.73504 -14.4058 2.8
      vertex 6.98438 -13.6459 2.8
      vertex 6.72688 -13.3434 2.8
    endloop
  endfacet
  facet normal -0 0 1
    outer loop
      vertex 5.961 -16.2668 2.8
      vertex 7.37344 -16.6633 2.8
      vertex 6.10205 -15.8949 2.8
    endloop
  endfacet
  facet normal 0 0 1
    outer loop
      vertex 5.73504 -14.4058 2.8
      vertex 6.72688 -13.3434 2.8
      vertex 6.43282 -13.0763 2.8
    endloop
  endfacet
  facet normal 0 0 1
    outer loop
      vertex 7.37344 -16.6633 2.8
      vertex 5.961 -16.2668 2.8
      vertex 7.20109 -17.0212 2.8
    endloop
  endfacet
  facet normal 0 0 1
    outer loop
      vertex 7.20109 -17.0212 2.8
      vertex 5.961 -16.2668 2.8
      vertex 6.98438 -17.3541 2.8
    endloop
  endfacet
  facet normal 0 0 1
    outer loop
      vertex 5.43731 -14.1421 2.8
      vertex 6.43282 -13.0763 2.8
      vertex 6.10702 -12.8491 2.8
    endloop
  endfacet
  facet normal 0 0 1
    outer loop
      vertex 7.57455 -15.1036 2.8
      vertex 6.10205 -15.1051 2.8
      vertex 6.15 -15.5 2.8
    endloop
  endfacet
  facet normal 0 0 1
    outer loop
      vertex 7.37344 -14.3367 2.8
      vertex 5.961 -14.7332 2.8
      vertex 6.10205 -15.1051 2.8
    endloop
  endfacet
  facet normal 0 0 1
    outer loop
      vertex 5.43731 -14.1421 2.8
      vertex 6.10702 -12.8491 2.8
      vertex 5.75483 -12.6653 2.8
    endloop
  endfacet
  facet normal 0 0 1
    outer loop
      vertex 6.98438 -13.6459 2.8
      vertex 5.73504 -14.4058 2.8
      vertex 5.961 -14.7332 2.8
    endloop
  endfacet
  facet normal 0 0 1
    outer loop
      vertex 6.43282 -13.0763 2.8
      vertex 5.43731 -14.1421 2.8
      vertex 5.73504 -14.4058 2.8
    endloop
  endfacet
  facet normal 0 0 1
    outer loop
      vertex 5.0851 -13.9572 2.8
      vertex 5.75483 -12.6653 2.8
      vertex 5.38204 -12.5281 2.8
    endloop
  endfacet
  facet normal 0 0 1
    outer loop
      vertex 5.75483 -12.6653 2.8
      vertex 5.0851 -13.9572 2.8
      vertex 5.43731 -14.1421 2.8
    endloop
  endfacet
  facet normal 0 0 1
    outer loop
      vertex 4.69888 -13.862 2.8
      vertex 5.38204 -12.5281 2.8
      vertex 4.99476 -12.4397 2.8
    endloop
  endfacet
  facet normal 0 0 1
    outer loop
      vertex 5.38204 -12.5281 2.8
      vertex 4.69888 -13.862 2.8
      vertex 5.0851 -13.9572 2.8
    endloop
  endfacet
  facet normal 0 0 1
    outer loop
      vertex 4.59936 -12.4016 2.8
      vertex 4.69888 -13.862 2.8
      vertex 4.99476 -12.4397 2.8
    endloop
  endfacet
  facet normal 0 0 1
    outer loop
      vertex 4.59936 -12.4016 2.8
      vertex 4.30112 -13.862 2.8
      vertex 4.69888 -13.862 2.8
    endloop
  endfacet
  facet normal -0 0 1
    outer loop
      vertex 4.20233 -12.4143 2.8
      vertex 4.30112 -13.862 2.8
      vertex 4.59936 -12.4016 2.8
    endloop
  endfacet
  facet normal -0 0 1
    outer loop
      vertex 3.81019 -12.4777 2.8
      vertex 4.30112 -13.862 2.8
      vertex 4.20233 -12.4143 2.8
    endloop
  endfacet
  facet normal 0 0 1
    outer loop
      vertex 4.30112 -13.862 2.8
      vertex 3.81019 -12.4777 2.8
      vertex 3.9149 -13.9572 2.8
    endloop
  endfacet
  facet normal -0 0 1
    outer loop
      vertex 3.42937 -12.5907 2.8
      vertex 3.9149 -13.9572 2.8
      vertex 3.81019 -12.4777 2.8
    endloop
  endfacet
  facet normal -0 0 1
    outer loop
      vertex 3.06613 -12.7515 2.8
      vertex 3.9149 -13.9572 2.8
      vertex 3.42937 -12.5907 2.8
    endloop
  endfacet
  facet normal 0 0 1
    outer loop
      vertex 3.9149 -13.9572 2.8
      vertex 3.06613 -12.7515 2.8
      vertex 3.56269 -14.1421 2.8
    endloop
  endfacet
  facet normal -0 0 1
    outer loop
      vertex 2.72644 -12.9575 2.8
      vertex 3.56269 -14.1421 2.8
      vertex 3.06613 -12.7515 2.8
    endloop
  endfacet
  facet normal -0 0 1
    outer loop
      vertex 2.41587 -13.2051 2.8
      vertex 3.56269 -14.1421 2.8
      vertex 2.72644 -12.9575 2.8
    endloop
  endfacet
  facet normal 0 0 1
    outer loop
      vertex 3.56269 -14.1421 2.8
      vertex 2.41587 -13.2051 2.8
      vertex 3.26496 -14.4058 2.8
    endloop
  endfacet
  facet normal -0 0 1
    outer loop
      vertex 2.13952 -13.4905 2.8
      vertex 3.26496 -14.4058 2.8
      vertex 2.41587 -13.2051 2.8
    endloop
  endfacet
  facet normal -0 0 1
    outer loop
      vertex 1.90193 -13.8088 2.8
      vertex 3.26496 -14.4058 2.8
      vertex 2.13952 -13.4905 2.8
    endloop
  endfacet
  facet normal -0 0 1
    outer loop
      vertex 5.73504 -16.5942 2.8
      vertex 6.98438 -17.3541 2.8
      vertex 5.961 -16.2668 2.8
    endloop
  endfacet
  facet normal 0 0 1
    outer loop
      vertex 6.98438 -17.3541 2.8
      vertex 5.73504 -16.5942 2.8
      vertex 6.72688 -17.6566 2.8
    endloop
  endfacet
  facet normal 0 0 1
    outer loop
      vertex 6.72688 -17.6566 2.8
      vertex 5.73504 -16.5942 2.8
      vertex 6.43282 -17.9237 2.8
    endloop
  endfacet
  facet normal -0 0 1
    outer loop
      vertex 5.43731 -16.8579 2.8
      vertex 6.43282 -17.9237 2.8
      vertex 5.73504 -16.5942 2.8
    endloop
  endfacet
  facet normal 0 0 1
    outer loop
      vertex 6.43282 -17.9237 2.8
      vertex 5.43731 -16.8579 2.8
      vertex 6.10702 -18.1509 2.8
    endloop
  endfacet
  facet normal 0 0 1
    outer loop
      vertex 6.10702 -18.1509 2.8
      vertex 5.43731 -16.8579 2.8
      vertex 5.75483 -18.3347 2.8
    endloop
  endfacet
  facet normal -0 0 1
    outer loop
      vertex 5.0851 -17.0428 2.8
      vertex 5.75483 -18.3347 2.8
      vertex 5.43731 -16.8579 2.8
    endloop
  endfacet
  facet normal 0 0 1
    outer loop
      vertex 5.75483 -18.3347 2.8
      vertex 5.0851 -17.0428 2.8
      vertex 5.38204 -18.4719 2.8
    endloop
  endfacet
  facet normal -0 0 1
    outer loop
      vertex 4.69888 -17.138 2.8
      vertex 5.38204 -18.4719 2.8
      vertex 5.0851 -17.0428 2.8
    endloop
  endfacet
  facet normal 0 0 1
    outer loop
      vertex 5.38204 -18.4719 2.8
      vertex 4.69888 -17.138 2.8
      vertex 4.99476 -18.5603 2.8
    endloop
  endfacet
  facet normal 0 0 1
    outer loop
      vertex 4.69888 -17.138 2.8
      vertex 4.59936 -18.5984 2.8
      vertex 4.99476 -18.5603 2.8
    endloop
  endfacet
  facet normal -0 0 1
    outer loop
      vertex 4.30112 -17.138 2.8
      vertex 4.59936 -18.5984 2.8
      vertex 4.69888 -17.138 2.8
    endloop
  endfacet
  facet normal 0 0 1
    outer loop
      vertex 4.30112 -17.138 2.8
      vertex 4.20233 -18.5857 2.8
      vertex 4.59936 -18.5984 2.8
    endloop
  endfacet
  facet normal 0 0 1
    outer loop
      vertex 3.81019 -18.5223 2.8
      vertex 4.30112 -17.138 2.8
      vertex 3.9149 -17.0428 2.8
    endloop
  endfacet
  facet normal 0 0 1
    outer loop
      vertex 4.30112 -17.138 2.8
      vertex 3.81019 -18.5223 2.8
      vertex 4.20233 -18.5857 2.8
    endloop
  endfacet
  facet normal 0 0 1
    outer loop
      vertex 3.06613 -18.2485 2.8
      vertex 3.9149 -17.0428 2.8
      vertex 3.56269 -16.8579 2.8
    endloop
  endfacet
  facet normal 0 0 1
    outer loop
      vertex 3.9149 -17.0428 2.8
      vertex 3.42937 -18.4093 2.8
      vertex 3.81019 -18.5223 2.8
    endloop
  endfacet
  facet normal 0 0 1
    outer loop
      vertex 2.41587 -17.7949 2.8
      vertex 3.56269 -16.8579 2.8
      vertex 3.26496 -16.5942 2.8
    endloop
  endfacet
  facet normal 0 0 1
    outer loop
      vertex 3.9149 -17.0428 2.8
      vertex 3.06613 -18.2485 2.8
      vertex 3.42937 -18.4093 2.8
    endloop
  endfacet
  facet normal 0 0 1
    outer loop
      vertex 1.90193 -17.1912 2.8
      vertex 3.26496 -16.5942 2.8
      vertex 3.039 -16.2668 2.8
    endloop
  endfacet
  facet normal 0 0 1
    outer loop
      vertex 1.55793 -16.4768 2.8
      vertex 3.039 -16.2668 2.8
      vertex 2.89795 -15.8949 2.8
    endloop
  endfacet
  facet normal -0 0 1
    outer loop
      vertex 1.40637 -15.6986 2.8
      vertex 2.89795 -15.8949 2.8
      vertex 2.85 -15.5 2.8
    endloop
  endfacet
  facet normal 0 0 1
    outer loop
      vertex 3.56269 -16.8579 2.8
      vertex 2.72644 -18.0425 2.8
      vertex 3.06613 -18.2485 2.8
    endloop
  endfacet
  facet normal 0 0 1
    outer loop
      vertex 3.26496 -14.4058 2.8
      vertex 1.90193 -13.8088 2.8
      vertex 3.039 -14.7332 2.8
    endloop
  endfacet
  facet normal -0 0 1
    outer loop
      vertex 1.707 -14.155 2.8
      vertex 3.039 -14.7332 2.8
      vertex 1.90193 -13.8088 2.8
    endloop
  endfacet
  facet normal 0 0 1
    outer loop
      vertex 3.56269 -16.8579 2.8
      vertex 2.41587 -17.7949 2.8
      vertex 2.72644 -18.0425 2.8
    endloop
  endfacet
  facet normal -0 0 1
    outer loop
      vertex 1.55793 -14.5232 2.8
      vertex 3.039 -14.7332 2.8
      vertex 1.707 -14.155 2.8
    endloop
  endfacet
  facet normal 0 0 1
    outer loop
      vertex 3.26496 -16.5942 2.8
      vertex 2.13952 -17.5095 2.8
      vertex 2.41587 -17.7949 2.8
    endloop
  endfacet
  facet normal 0 0 1
    outer loop
      vertex 3.039 -14.7332 2.8
      vertex 1.55793 -14.5232 2.8
      vertex 2.89795 -15.1051 2.8
    endloop
  endfacet
  facet normal 0 0 1
    outer loop
      vertex 3.26496 -16.5942 2.8
      vertex 1.90193 -17.1912 2.8
      vertex 2.13952 -17.5095 2.8
    endloop
  endfacet
  facet normal -0 0 1
    outer loop
      vertex 1.45717 -14.9074 2.8
      vertex 2.89795 -15.1051 2.8
      vertex 1.55793 -14.5232 2.8
    endloop
  endfacet
  facet normal 0 0 1
    outer loop
      vertex 3.039 -16.2668 2.8
      vertex 1.707 -16.845 2.8
      vertex 1.90193 -17.1912 2.8
    endloop
  endfacet
  facet normal 0 0 1
    outer loop
      vertex 1.40637 -15.3014 2.8
      vertex 2.89795 -15.1051 2.8
      vertex 1.45717 -14.9074 2.8
    endloop
  endfacet
  facet normal 0 0 1
    outer loop
      vertex 3.039 -16.2668 2.8
      vertex 1.55793 -16.4768 2.8
      vertex 1.707 -16.845 2.8
    endloop
  endfacet
  facet normal 0 0 1
    outer loop
      vertex 2.89795 -15.1051 2.8
      vertex 1.40637 -15.3014 2.8
      vertex 2.85 -15.5 2.8
    endloop
  endfacet
  facet normal 0 0 1
    outer loop
      vertex 2.89795 -15.8949 2.8
      vertex 1.45717 -16.0926 2.8
      vertex 1.55793 -16.4768 2.8
    endloop
  endfacet
  facet normal 0 0 1
    outer loop
      vertex 1.40637 -15.6986 2.8
      vertex 2.85 -15.5 2.8
      vertex 1.40637 -15.3014 2.8
    endloop
  endfacet
  facet normal 0 0 1
    outer loop
      vertex 2.89795 -15.8949 2.8
      vertex 1.40637 -15.6986 2.8
      vertex 1.45717 -16.0926 2.8
    endloop
  endfacet
  facet normal 0.99179 0.127875 0
    outer loop
      vertex 1.45717 -16.0926 5
      vertex 1.40637 -15.6986 2.8
      vertex 1.40637 -15.6986 5
    endloop
  endfacet
  facet normal 0.99179 0.127875 0
    outer loop
      vertex 1.40637 -15.6986 2.8
      vertex 1.45717 -16.0926 5
      vertex 1.45717 -16.0926 2.8
    endloop
  endfacet
  facet normal 0.284469 0.958685 -0
    outer loop
      vertex 3.81019 -18.5223 2.8
      vertex 3.42937 -18.4093 5
      vertex 3.81019 -18.5223 5
    endloop
  endfacet
  facet normal 0.284469 0.958685 0
    outer loop
      vertex 3.42937 -18.4093 5
      vertex 3.81019 -18.5223 2.8
      vertex 3.42937 -18.4093 2.8
    endloop
  endfacet
  facet normal -0.981556 -0.191176 0
    outer loop
      vertex 7.57455 -15.1036 2.8
      vertex 7.49861 -14.7137 5
      vertex 7.49861 -14.7137 2.8
    endloop
  endfacet
  facet normal -0.981556 -0.191176 0
    outer loop
      vertex 7.49861 -14.7137 5
      vertex 7.57455 -15.1036 2.8
      vertex 7.57455 -15.1036 5
    endloop
  endfacet
  facet normal -0.997945 -0.0640709 0
    outer loop
      vertex 7.6 -15.5 2.8
      vertex 7.57455 -15.1036 5
      vertex 7.57455 -15.1036 2.8
    endloop
  endfacet
  facet normal -0.997945 -0.0640709 0
    outer loop
      vertex 7.57455 -15.1036 5
      vertex 7.6 -15.5 2.8
      vertex 7.6 -15.5 5
    endloop
  endfacet
  facet normal -0.345387 -0.93846 0
    outer loop
      vertex 5.38204 -12.5281 2.8
      vertex 5.75483 -12.6653 5
      vertex 5.38204 -12.5281 5
    endloop
  endfacet
  facet normal -0.345387 -0.93846 -0
    outer loop
      vertex 5.75483 -12.6653 5
      vertex 5.38204 -12.5281 2.8
      vertex 5.75483 -12.6653 2.8
    endloop
  endfacet
  facet normal 0.159604 -0.987181 0
    outer loop
      vertex 3.81019 -12.4777 2.8
      vertex 4.20233 -12.4143 5
      vertex 3.81019 -12.4777 5
    endloop
  endfacet
  facet normal 0.159604 -0.987181 0
    outer loop
      vertex 4.20233 -12.4143 5
      vertex 3.81019 -12.4777 2.8
      vertex 4.20233 -12.4143 2.8
    endloop
  endfacet
  facet normal 0.926915 -0.375272 0
    outer loop
      vertex 1.55793 -14.5232 5
      vertex 1.707 -14.155 2.8
      vertex 1.707 -14.155 5
    endloop
  endfacet
  facet normal 0.926915 -0.375272 0
    outer loop
      vertex 1.707 -14.155 2.8
      vertex 1.55793 -14.5232 5
      vertex 1.55793 -14.5232 2.8
    endloop
  endfacet
  facet normal 0.80137 -0.59817 0
    outer loop
      vertex 1.90193 -13.8088 5
      vertex 2.13952 -13.4905 2.8
      vertex 2.13952 -13.4905 5
    endloop
  endfacet
  facet normal 0.80137 -0.59817 0
    outer loop
      vertex 2.13952 -13.4905 2.8
      vertex 1.90193 -13.8088 5
      vertex 1.90193 -13.8088 2.8
    endloop
  endfacet
  facet normal -0.992724 0.120414 0
    outer loop
      vertex 80.1021 15.1051 0
      vertex 80.15 15.5 2.8
      vertex 80.15 15.5 0
    endloop
  endfacet
  facet normal -0.992724 0.120414 0
    outer loop
      vertex 80.15 15.5 2.8
      vertex 80.1021 15.1051 0
      vertex 80.1021 15.1051 2.8
    endloop
  endfacet
  facet normal 0.992724 0.120414 0
    outer loop
      vertex 76.8979 15.1051 2.8
      vertex 76.85 15.5 0
      vertex 76.85 15.5 2.8
    endloop
  endfacet
  facet normal 0.992724 0.120414 0
    outer loop
      vertex 76.85 15.5 0
      vertex 76.8979 15.1051 2.8
      vertex 76.8979 15.1051 0
    endloop
  endfacet
  facet normal 0 1 -0
    outer loop
      vertex 78.6989 13.862 0
      vertex 78.3011 13.862 2.8
      vertex 78.6989 13.862 2.8
    endloop
  endfacet
  facet normal 0 1 0
    outer loop
      vertex 78.3011 13.862 2.8
      vertex 78.6989 13.862 0
      vertex 78.3011 13.862 0
    endloop
  endfacet
  facet normal 0 -1 0
    outer loop
      vertex 78.3011 17.138 0
      vertex 78.6989 17.138 2.8
      vertex 78.3011 17.138 2.8
    endloop
  endfacet
  facet normal 0 -1 -0
    outer loop
      vertex 78.6989 17.138 2.8
      vertex 78.3011 17.138 0
      vertex 78.6989 17.138 0
    endloop
  endfacet
  facet normal -0.663067 -0.74856 0
    outer loop
      vertex 79.4373 16.8579 0
      vertex 79.735 16.5942 2.8
      vertex 79.4373 16.8579 2.8
    endloop
  endfacet
  facet normal -0.663067 -0.74856 -0
    outer loop
      vertex 79.735 16.5942 2.8
      vertex 79.4373 16.8579 0
      vertex 79.735 16.5942 0
    endloop
  endfacet
  facet normal -0.663067 0.74856 0
    outer loop
      vertex 79.735 14.4058 0
      vertex 79.4373 14.1421 2.8
      vertex 79.735 14.4058 2.8
    endloop
  endfacet
  facet normal -0.663067 0.74856 0
    outer loop
      vertex 79.4373 14.1421 2.8
      vertex 79.735 14.4058 0
      vertex 79.4373 14.1421 0
    endloop
  endfacet
  facet normal -0.464824 0.885403 0
    outer loop
      vertex 79.4373 14.1421 0
      vertex 79.0851 13.9572 2.8
      vertex 79.4373 14.1421 2.8
    endloop
  endfacet
  facet normal -0.464824 0.885403 0
    outer loop
      vertex 79.0851 13.9572 2.8
      vertex 79.4373 14.1421 0
      vertex 79.0851 13.9572 0
    endloop
  endfacet
  facet normal 0.663067 0.74856 -0
    outer loop
      vertex 77.5627 14.1421 0
      vertex 77.265 14.4058 2.8
      vertex 77.5627 14.1421 2.8
    endloop
  endfacet
  facet normal 0.663067 0.74856 0
    outer loop
      vertex 77.265 14.4058 2.8
      vertex 77.5627 14.1421 0
      vertex 77.265 14.4058 0
    endloop
  endfacet
  facet normal 0.464824 0.885403 -0
    outer loop
      vertex 77.9149 13.9572 0
      vertex 77.5627 14.1421 2.8
      vertex 77.9149 13.9572 2.8
    endloop
  endfacet
  facet normal 0.464824 0.885403 0
    outer loop
      vertex 77.5627 14.1421 2.8
      vertex 77.9149 13.9572 0
      vertex 77.5627 14.1421 0
    endloop
  endfacet
  facet normal -0.82297 0.568085 0
    outer loop
      vertex 79.735 14.4058 0
      vertex 79.961 14.7332 2.8
      vertex 79.961 14.7332 0
    endloop
  endfacet
  facet normal -0.82297 0.568085 0
    outer loop
      vertex 79.961 14.7332 2.8
      vertex 79.735 14.4058 0
      vertex 79.735 14.4058 2.8
    endloop
  endfacet
  facet normal -0.934969 0.35473 0
    outer loop
      vertex 79.961 14.7332 0
      vertex 80.1021 15.1051 2.8
      vertex 80.1021 15.1051 0
    endloop
  endfacet
  facet normal -0.934969 0.35473 0
    outer loop
      vertex 80.1021 15.1051 2.8
      vertex 79.961 14.7332 0
      vertex 79.961 14.7332 2.8
    endloop
  endfacet
  facet normal -0.23934 0.970936 0
    outer loop
      vertex 79.0851 13.9572 0
      vertex 78.6989 13.862 2.8
      vertex 79.0851 13.9572 2.8
    endloop
  endfacet
  facet normal -0.23934 0.970936 0
    outer loop
      vertex 78.6989 13.862 2.8
      vertex 79.0851 13.9572 0
      vertex 78.6989 13.862 0
    endloop
  endfacet
  facet normal 0.82297 0.568085 0
    outer loop
      vertex 77.265 14.4058 2.8
      vertex 77.039 14.7332 0
      vertex 77.039 14.7332 2.8
    endloop
  endfacet
  facet normal 0.82297 0.568085 0
    outer loop
      vertex 77.039 14.7332 0
      vertex 77.265 14.4058 2.8
      vertex 77.265 14.4058 0
    endloop
  endfacet
  facet normal 0.934969 0.35473 0
    outer loop
      vertex 77.039 14.7332 2.8
      vertex 76.8979 15.1051 0
      vertex 76.8979 15.1051 2.8
    endloop
  endfacet
  facet normal 0.934969 0.35473 0
    outer loop
      vertex 76.8979 15.1051 0
      vertex 77.039 14.7332 2.8
      vertex 77.039 14.7332 0
    endloop
  endfacet
  facet normal 0.23934 0.970936 -0
    outer loop
      vertex 78.3011 13.862 0
      vertex 77.9149 13.9572 2.8
      vertex 78.3011 13.862 2.8
    endloop
  endfacet
  facet normal 0.23934 0.970936 0
    outer loop
      vertex 77.9149 13.9572 2.8
      vertex 78.3011 13.862 0
      vertex 77.9149 13.9572 0
    endloop
  endfacet
  facet normal -0.23934 -0.970936 0
    outer loop
      vertex 78.6989 17.138 0
      vertex 79.0851 17.0428 2.8
      vertex 78.6989 17.138 2.8
    endloop
  endfacet
  facet normal -0.23934 -0.970936 -0
    outer loop
      vertex 79.0851 17.0428 2.8
      vertex 78.6989 17.138 0
      vertex 79.0851 17.0428 0
    endloop
  endfacet
  facet normal -0.934969 -0.35473 0
    outer loop
      vertex 80.1021 15.8949 0
      vertex 79.961 16.2668 2.8
      vertex 79.961 16.2668 0
    endloop
  endfacet
  facet normal -0.934969 -0.35473 0
    outer loop
      vertex 79.961 16.2668 2.8
      vertex 80.1021 15.8949 0
      vertex 80.1021 15.8949 2.8
    endloop
  endfacet
  facet normal -0.82297 -0.568085 0
    outer loop
      vertex 79.961 16.2668 0
      vertex 79.735 16.5942 2.8
      vertex 79.735 16.5942 0
    endloop
  endfacet
  facet normal -0.82297 -0.568085 0
    outer loop
      vertex 79.735 16.5942 2.8
      vertex 79.961 16.2668 0
      vertex 79.961 16.2668 2.8
    endloop
  endfacet
  facet normal -0.992724 -0.120414 0
    outer loop
      vertex 80.15 15.5 0
      vertex 80.1021 15.8949 2.8
      vertex 80.1021 15.8949 0
    endloop
  endfacet
  facet normal -0.992724 -0.120414 0
    outer loop
      vertex 80.1021 15.8949 2.8
      vertex 80.15 15.5 0
      vertex 80.15 15.5 2.8
    endloop
  endfacet
  facet normal 0.934969 -0.35473 0
    outer loop
      vertex 76.8979 15.8949 2.8
      vertex 77.039 16.2668 0
      vertex 77.039 16.2668 2.8
    endloop
  endfacet
  facet normal 0.934969 -0.35473 0
    outer loop
      vertex 77.039 16.2668 0
      vertex 76.8979 15.8949 2.8
      vertex 76.8979 15.8949 0
    endloop
  endfacet
  facet normal 0.992724 -0.120414 0
    outer loop
      vertex 76.85 15.5 2.8
      vertex 76.8979 15.8949 0
      vertex 76.8979 15.8949 2.8
    endloop
  endfacet
  facet normal 0.992724 -0.120414 0
    outer loop
      vertex 76.8979 15.8949 0
      vertex 76.85 15.5 2.8
      vertex 76.85 15.5 0
    endloop
  endfacet
  facet normal 0.82297 -0.568085 0
    outer loop
      vertex 77.039 16.2668 2.8
      vertex 77.265 16.5942 0
      vertex 77.265 16.5942 2.8
    endloop
  endfacet
  facet normal 0.82297 -0.568085 0
    outer loop
      vertex 77.265 16.5942 0
      vertex 77.039 16.2668 2.8
      vertex 77.039 16.2668 0
    endloop
  endfacet
  facet normal -0.464824 -0.885403 0
    outer loop
      vertex 79.0851 17.0428 0
      vertex 79.4373 16.8579 2.8
      vertex 79.0851 17.0428 2.8
    endloop
  endfacet
  facet normal -0.464824 -0.885403 -0
    outer loop
      vertex 79.4373 16.8579 2.8
      vertex 79.0851 17.0428 0
      vertex 79.4373 16.8579 0
    endloop
  endfacet
  facet normal 0.464824 -0.885403 0
    outer loop
      vertex 77.5627 16.8579 0
      vertex 77.9149 17.0428 2.8
      vertex 77.5627 16.8579 2.8
    endloop
  endfacet
  facet normal 0.464824 -0.885403 0
    outer loop
      vertex 77.9149 17.0428 2.8
      vertex 77.5627 16.8579 0
      vertex 77.9149 17.0428 0
    endloop
  endfacet
  facet normal 0.663067 -0.74856 0
    outer loop
      vertex 77.265 16.5942 0
      vertex 77.5627 16.8579 2.8
      vertex 77.265 16.5942 2.8
    endloop
  endfacet
  facet normal 0.663067 -0.74856 0
    outer loop
      vertex 77.5627 16.8579 2.8
      vertex 77.265 16.5942 0
      vertex 77.5627 16.8579 0
    endloop
  endfacet
  facet normal 0.23934 -0.970936 0
    outer loop
      vertex 77.9149 17.0428 0
      vertex 78.3011 17.138 2.8
      vertex 77.9149 17.0428 2.8
    endloop
  endfacet
  facet normal 0.23934 -0.970936 0
    outer loop
      vertex 78.3011 17.138 2.8
      vertex 77.9149 17.0428 0
      vertex 78.3011 17.138 0
    endloop
  endfacet
  facet normal -0.572008 0.820248 0
    outer loop
      vertex 80.4328 13.0763 2.8
      vertex 80.107 12.8491 5
      vertex 80.4328 13.0763 5
    endloop
  endfacet
  facet normal -0.572008 0.820248 0
    outer loop
      vertex 80.107 12.8491 5
      vertex 80.4328 13.0763 2.8
      vertex 80.107 12.8491 2.8
    endloop
  endfacet
  facet normal 0.967325 0.253539 0
    outer loop
      vertex 75.5579 14.5232 5
      vertex 75.4572 14.9074 2.8
      vertex 75.4572 14.9074 5
    endloop
  endfacet
  facet normal 0.967325 0.253539 0
    outer loop
      vertex 75.4572 14.9074 2.8
      vertex 75.5579 14.5232 5
      vertex 75.5579 14.5232 2.8
    endloop
  endfacet
  facet normal 0.284483 -0.958681 0
    outer loop
      vertex 77.4294 18.4093 2.8
      vertex 77.8102 18.5223 5
      vertex 77.4294 18.4093 5
    endloop
  endfacet
  facet normal 0.284483 -0.958681 0
    outer loop
      vertex 77.8102 18.5223 5
      vertex 77.4294 18.4093 2.8
      vertex 77.8102 18.5223 2.8
    endloop
  endfacet
  facet normal -0.462652 0.88654 0
    outer loop
      vertex 80.107 12.8491 2.8
      vertex 79.7548 12.6653 5
      vertex 80.107 12.8491 5
    endloop
  endfacet
  facet normal -0.462652 0.88654 0
    outer loop
      vertex 79.7548 12.6653 5
      vertex 80.107 12.8491 2.8
      vertex 79.7548 12.6653 2.8
    endloop
  endfacet
  facet normal 0.404737 0.914433 -0
    outer loop
      vertex 77.4294 12.5907 2.8
      vertex 77.0661 12.7515 5
      vertex 77.4294 12.5907 5
    endloop
  endfacet
  facet normal 0.404737 0.914433 0
    outer loop
      vertex 77.0661 12.7515 5
      vertex 77.4294 12.5907 2.8
      vertex 77.0661 12.7515 2.8
    endloop
  endfacet
  facet normal 0.926888 0.375337 0
    outer loop
      vertex 75.707 14.155 5
      vertex 75.5579 14.5232 2.8
      vertex 75.5579 14.5232 5
    endloop
  endfacet
  facet normal 0.926888 0.375337 0
    outer loop
      vertex 75.5579 14.5232 2.8
      vertex 75.707 14.155 5
      vertex 75.707 14.155 2.8
    endloop
  endfacet
  facet normal 0.871401 -0.490572 0
    outer loop
      vertex 75.707 16.845 5
      vertex 75.9019 17.1912 2.8
      vertex 75.9019 17.1912 5
    endloop
  endfacet
  facet normal 0.871401 -0.490572 0
    outer loop
      vertex 75.9019 17.1912 2.8
      vertex 75.707 16.845 5
      vertex 75.707 16.845 2.8
    endloop
  endfacet
  facet normal -0.949035 0.31517 0
    outer loop
      vertex 81.3734 14.3367 2.8
      vertex 81.4986 14.7137 5
      vertex 81.4986 14.7137 2.8
    endloop
  endfacet
  facet normal -0.949035 0.31517 0
    outer loop
      vertex 81.4986 14.7137 5
      vertex 81.3734 14.3367 2.8
      vertex 81.3734 14.3367 5
    endloop
  endfacet
  facet normal -0.901024 0.43377 0
    outer loop
      vertex 81.2011 13.9788 2.8
      vertex 81.3734 14.3367 5
      vertex 81.3734 14.3367 2.8
    endloop
  endfacet
  facet normal -0.901024 0.43377 0
    outer loop
      vertex 81.3734 14.3367 5
      vertex 81.2011 13.9788 2.8
      vertex 81.2011 13.9788 5
    endloop
  endfacet
  facet normal -0.672309 0.74027 0
    outer loop
      vertex 80.7269 13.3434 2.8
      vertex 80.4328 13.0763 5
      vertex 80.7269 13.3434 5
    endloop
  endfacet
  facet normal -0.672309 0.74027 0
    outer loop
      vertex 80.4328 13.0763 5
      vertex 80.7269 13.3434 2.8
      vertex 80.4328 13.0763 2.8
    endloop
  endfacet
  facet normal -0.345379 0.938463 0
    outer loop
      vertex 79.7548 12.6653 2.8
      vertex 79.382 12.5281 5
      vertex 79.7548 12.6653 5
    endloop
  endfacet
  facet normal -0.345379 0.938463 0
    outer loop
      vertex 79.382 12.5281 5
      vertex 79.7548 12.6653 2.8
      vertex 79.382 12.5281 2.8
    endloop
  endfacet
  facet normal 0.0319655 0.999489 -0
    outer loop
      vertex 78.5994 12.4016 2.8
      vertex 78.2023 12.4143 5
      vertex 78.5994 12.4016 5
    endloop
  endfacet
  facet normal 0.0319655 0.999489 0
    outer loop
      vertex 78.2023 12.4143 5
      vertex 78.5994 12.4016 2.8
      vertex 78.2023 12.4143 2.8
    endloop
  endfacet
  facet normal -0.0959139 0.99539 0
    outer loop
      vertex 78.9948 12.4397 2.8
      vertex 78.5994 12.4016 5
      vertex 78.9948 12.4397 5
    endloop
  endfacet
  facet normal -0.0959139 0.99539 0
    outer loop
      vertex 78.5994 12.4016 5
      vertex 78.9948 12.4397 2.8
      vertex 78.5994 12.4016 2.8
    endloop
  endfacet
  facet normal 0.801357 0.598186 0
    outer loop
      vertex 76.1395 13.4905 5
      vertex 75.9019 13.8088 2.8
      vertex 75.9019 13.8088 5
    endloop
  endfacet
  facet normal 0.801357 0.598186 0
    outer loop
      vertex 75.9019 13.8088 2.8
      vertex 76.1395 13.4905 5
      vertex 76.1395 13.4905 2.8
    endloop
  endfacet
  facet normal 0.518525 0.855063 -0
    outer loop
      vertex 77.0661 12.7515 2.8
      vertex 76.7264 12.9575 5
      vertex 77.0661 12.7515 5
    endloop
  endfacet
  facet normal 0.518525 0.855063 0
    outer loop
      vertex 76.7264 12.9575 5
      vertex 77.0661 12.7515 2.8
      vertex 76.7264 12.9575 2.8
    endloop
  endfacet
  facet normal 0.15962 0.987178 -0
    outer loop
      vertex 78.2023 12.4143 2.8
      vertex 77.8102 12.4777 5
      vertex 78.2023 12.4143 5
    endloop
  endfacet
  facet normal 0.15962 0.987178 0
    outer loop
      vertex 77.8102 12.4777 5
      vertex 78.2023 12.4143 2.8
      vertex 77.8102 12.4777 2.8
    endloop
  endfacet
  facet normal 0.623466 0.78185 -0
    outer loop
      vertex 76.7264 12.9575 2.8
      vertex 76.4159 13.2051 5
      vertex 76.7264 12.9575 5
    endloop
  endfacet
  facet normal 0.623466 0.78185 0
    outer loop
      vertex 76.4159 13.2051 5
      vertex 76.7264 12.9575 2.8
      vertex 76.4159 13.2051 2.8
    endloop
  endfacet
  facet normal -0.0959139 -0.99539 0
    outer loop
      vertex 78.5994 18.5984 2.8
      vertex 78.9948 18.5603 5
      vertex 78.5994 18.5984 5
    endloop
  endfacet
  facet normal -0.0959139 -0.99539 -0
    outer loop
      vertex 78.9948 18.5603 5
      vertex 78.5994 18.5984 2.8
      vertex 78.9948 18.5603 2.8
    endloop
  endfacet
  facet normal -0.761473 -0.648196 0
    outer loop
      vertex 80.9844 17.3541 2.8
      vertex 80.7269 17.6566 5
      vertex 80.7269 17.6566 2.8
    endloop
  endfacet
  facet normal -0.761473 -0.648196 0
    outer loop
      vertex 80.7269 17.6566 5
      vertex 80.9844 17.3541 2.8
      vertex 80.9844 17.3541 5
    endloop
  endfacet
  facet normal -0.222579 -0.974915 0
    outer loop
      vertex 78.9948 18.5603 2.8
      vertex 79.382 18.4719 5
      vertex 78.9948 18.5603 5
    endloop
  endfacet
  facet normal -0.222579 -0.974915 -0
    outer loop
      vertex 79.382 18.4719 5
      vertex 78.9948 18.5603 2.8
      vertex 79.382 18.4719 2.8
    endloop
  endfacet
  facet normal 0.623466 -0.78185 0
    outer loop
      vertex 76.4159 17.7949 2.8
      vertex 76.7264 18.0425 5
      vertex 76.4159 17.7949 5
    endloop
  endfacet
  facet normal 0.623466 -0.78185 0
    outer loop
      vertex 76.7264 18.0425 5
      vertex 76.4159 17.7949 2.8
      vertex 76.7264 18.0425 2.8
    endloop
  endfacet
  facet normal 0.99179 -0.127875 0
    outer loop
      vertex 75.4064 15.6986 5
      vertex 75.4572 16.0926 2.8
      vertex 75.4572 16.0926 5
    endloop
  endfacet
  facet normal 0.99179 -0.127875 0
    outer loop
      vertex 75.4572 16.0926 2.8
      vertex 75.4064 15.6986 5
      vertex 75.4064 15.6986 2.8
    endloop
  endfacet
  facet normal -0.981575 0.191079 0
    outer loop
      vertex 81.4986 14.7137 2.8
      vertex 81.5745 15.1036 5
      vertex 81.5745 15.1036 2.8
    endloop
  endfacet
  facet normal -0.981575 0.191079 0
    outer loop
      vertex 81.5745 15.1036 5
      vertex 81.4986 14.7137 2.8
      vertex 81.4986 14.7137 5
    endloop
  endfacet
  facet normal -0.838081 0.545546 0
    outer loop
      vertex 80.9844 13.6459 2.8
      vertex 81.2011 13.9788 5
      vertex 81.2011 13.9788 2.8
    endloop
  endfacet
  facet normal -0.838081 0.545546 0
    outer loop
      vertex 81.2011 13.9788 5
      vertex 80.9844 13.6459 2.8
      vertex 80.9844 13.6459 5
    endloop
  endfacet
  facet normal -0.761473 0.648196 0
    outer loop
      vertex 80.7269 13.3434 2.8
      vertex 80.9844 13.6459 5
      vertex 80.9844 13.6459 2.8
    endloop
  endfacet
  facet normal -0.761473 0.648196 0
    outer loop
      vertex 80.9844 13.6459 5
      vertex 80.7269 13.3434 2.8
      vertex 80.7269 13.3434 5
    endloop
  endfacet
  facet normal -0.222579 0.974915 0
    outer loop
      vertex 79.382 12.5281 2.8
      vertex 78.9948 12.4397 5
      vertex 79.382 12.5281 5
    endloop
  endfacet
  facet normal -0.222579 0.974915 0
    outer loop
      vertex 78.9948 12.4397 5
      vertex 79.382 12.5281 2.8
      vertex 78.9948 12.4397 2.8
    endloop
  endfacet
  facet normal 1 -0 0
    outer loop
      vertex 75.4064 15.3014 5
      vertex 75.4064 15.6986 2.8
      vertex 75.4064 15.6986 5
    endloop
  endfacet
  facet normal 1 0 0
    outer loop
      vertex 75.4064 15.6986 2.8
      vertex 75.4064 15.3014 5
      vertex 75.4064 15.3014 2.8
    endloop
  endfacet
  facet normal 0.871401 0.490572 0
    outer loop
      vertex 75.9019 13.8088 5
      vertex 75.707 14.155 2.8
      vertex 75.707 14.155 5
    endloop
  endfacet
  facet normal 0.871401 0.490572 0
    outer loop
      vertex 75.707 14.155 2.8
      vertex 75.9019 13.8088 5
      vertex 75.9019 13.8088 2.8
    endloop
  endfacet
  facet normal 0.718342 0.69569 0
    outer loop
      vertex 76.4159 13.2051 5
      vertex 76.1395 13.4905 2.8
      vertex 76.1395 13.4905 5
    endloop
  endfacet
  facet normal 0.718342 0.69569 0
    outer loop
      vertex 76.1395 13.4905 2.8
      vertex 76.4159 13.2051 5
      vertex 76.4159 13.2051 2.8
    endloop
  endfacet
  facet normal -0.997937 0.0641963 0
    outer loop
      vertex 81.5745 15.1036 2.8
      vertex 81.6 15.5 5
      vertex 81.6 15.5 2.8
    endloop
  endfacet
  facet normal -0.997937 0.0641963 0
    outer loop
      vertex 81.6 15.5 5
      vertex 81.5745 15.1036 2.8
      vertex 81.5745 15.1036 5
    endloop
  endfacet
  facet normal -0.949035 -0.31517 0
    outer loop
      vertex 81.4986 16.2863 2.8
      vertex 81.3734 16.6633 5
      vertex 81.3734 16.6633 2.8
    endloop
  endfacet
  facet normal -0.949035 -0.31517 0
    outer loop
      vertex 81.3734 16.6633 5
      vertex 81.4986 16.2863 2.8
      vertex 81.4986 16.2863 5
    endloop
  endfacet
  facet normal -0.462652 -0.88654 0
    outer loop
      vertex 79.7548 18.3347 2.8
      vertex 80.107 18.1509 5
      vertex 79.7548 18.3347 5
    endloop
  endfacet
  facet normal -0.462652 -0.88654 -0
    outer loop
      vertex 80.107 18.1509 5
      vertex 79.7548 18.3347 2.8
      vertex 80.107 18.1509 2.8
    endloop
  endfacet
  facet normal -0.672309 -0.74027 0
    outer loop
      vertex 80.4328 17.9237 2.8
      vertex 80.7269 17.6566 5
      vertex 80.4328 17.9237 5
    endloop
  endfacet
  facet normal -0.672309 -0.74027 -0
    outer loop
      vertex 80.7269 17.6566 5
      vertex 80.4328 17.9237 2.8
      vertex 80.7269 17.6566 2.8
    endloop
  endfacet
  facet normal -0.572008 -0.820248 0
    outer loop
      vertex 80.107 18.1509 2.8
      vertex 80.4328 17.9237 5
      vertex 80.107 18.1509 5
    endloop
  endfacet
  facet normal -0.572008 -0.820248 -0
    outer loop
      vertex 80.4328 17.9237 5
      vertex 80.107 18.1509 2.8
      vertex 80.4328 17.9237 2.8
    endloop
  endfacet
  facet normal -0.901024 -0.43377 0
    outer loop
      vertex 81.3734 16.6633 2.8
      vertex 81.2011 17.0212 5
      vertex 81.2011 17.0212 2.8
    endloop
  endfacet
  facet normal -0.901024 -0.43377 0
    outer loop
      vertex 81.2011 17.0212 5
      vertex 81.3734 16.6633 2.8
      vertex 81.3734 16.6633 5
    endloop
  endfacet
  facet normal -0.838081 -0.545546 0
    outer loop
      vertex 81.2011 17.0212 2.8
      vertex 80.9844 17.3541 5
      vertex 80.9844 17.3541 2.8
    endloop
  endfacet
  facet normal -0.838081 -0.545546 0
    outer loop
      vertex 80.9844 17.3541 5
      vertex 81.2011 17.0212 2.8
      vertex 81.2011 17.0212 5
    endloop
  endfacet
  facet normal 0.0319655 -0.999489 0
    outer loop
      vertex 78.2023 18.5857 2.8
      vertex 78.5994 18.5984 5
      vertex 78.2023 18.5857 5
    endloop
  endfacet
  facet normal 0.0319655 -0.999489 0
    outer loop
      vertex 78.5994 18.5984 5
      vertex 78.2023 18.5857 2.8
      vertex 78.5994 18.5984 2.8
    endloop
  endfacet
  facet normal 0.518525 -0.855063 0
    outer loop
      vertex 76.7264 18.0425 2.8
      vertex 77.0661 18.2485 5
      vertex 76.7264 18.0425 5
    endloop
  endfacet
  facet normal 0.518525 -0.855063 0
    outer loop
      vertex 77.0661 18.2485 5
      vertex 76.7264 18.0425 2.8
      vertex 77.0661 18.2485 2.8
    endloop
  endfacet
  facet normal 0.404737 -0.914433 0
    outer loop
      vertex 77.0661 18.2485 2.8
      vertex 77.4294 18.4093 5
      vertex 77.0661 18.2485 5
    endloop
  endfacet
  facet normal 0.404737 -0.914433 0
    outer loop
      vertex 77.4294 18.4093 5
      vertex 77.0661 18.2485 2.8
      vertex 77.4294 18.4093 2.8
    endloop
  endfacet
  facet normal 0.967325 -0.253539 0
    outer loop
      vertex 75.4572 16.0926 5
      vertex 75.5579 16.4768 2.8
      vertex 75.5579 16.4768 5
    endloop
  endfacet
  facet normal 0.967325 -0.253539 0
    outer loop
      vertex 75.5579 16.4768 2.8
      vertex 75.4572 16.0926 5
      vertex 75.4572 16.0926 2.8
    endloop
  endfacet
  facet normal 0.718342 -0.69569 0
    outer loop
      vertex 76.1395 17.5095 5
      vertex 76.4159 17.7949 2.8
      vertex 76.4159 17.7949 5
    endloop
  endfacet
  facet normal 0.718342 -0.69569 0
    outer loop
      vertex 76.4159 17.7949 2.8
      vertex 76.1395 17.5095 5
      vertex 76.1395 17.5095 2.8
    endloop
  endfacet
  facet normal 0 0 1
    outer loop
      vertex 80.15 15.5 2.8
      vertex 81.6 15.5 2.8
      vertex 81.5745 15.8964 2.8
    endloop
  endfacet
  facet normal 0 0 1
    outer loop
      vertex 80.1021 15.8949 2.8
      vertex 81.5745 15.8964 2.8
      vertex 81.4986 16.2863 2.8
    endloop
  endfacet
  facet normal 0 0 1
    outer loop
      vertex 81.6 15.5 2.8
      vertex 80.15 15.5 2.8
      vertex 81.5745 15.1036 2.8
    endloop
  endfacet
  facet normal 0 0 1
    outer loop
      vertex 80.1021 15.8949 2.8
      vertex 81.4986 16.2863 2.8
      vertex 81.3734 16.6633 2.8
    endloop
  endfacet
  facet normal -0 0 1
    outer loop
      vertex 80.1021 15.1051 2.8
      vertex 81.5745 15.1036 2.8
      vertex 80.15 15.5 2.8
    endloop
  endfacet
  facet normal 0 0 1
    outer loop
      vertex 79.961 16.2668 2.8
      vertex 81.3734 16.6633 2.8
      vertex 81.2011 17.0212 2.8
    endloop
  endfacet
  facet normal 0 0 1
    outer loop
      vertex 81.5745 15.1036 2.8
      vertex 80.1021 15.1051 2.8
      vertex 81.4986 14.7137 2.8
    endloop
  endfacet
  facet normal 0 0 1
    outer loop
      vertex 79.961 16.2668 2.8
      vertex 81.2011 17.0212 2.8
      vertex 80.9844 17.3541 2.8
    endloop
  endfacet
  facet normal 0 0 1
    outer loop
      vertex 81.4986 14.7137 2.8
      vertex 80.1021 15.1051 2.8
      vertex 81.3734 14.3367 2.8
    endloop
  endfacet
  facet normal 0 0 1
    outer loop
      vertex 79.735 16.5942 2.8
      vertex 80.9844 17.3541 2.8
      vertex 80.7269 17.6566 2.8
    endloop
  endfacet
  facet normal -0 0 1
    outer loop
      vertex 79.961 14.7332 2.8
      vertex 81.3734 14.3367 2.8
      vertex 80.1021 15.1051 2.8
    endloop
  endfacet
  facet normal 0 0 1
    outer loop
      vertex 79.735 16.5942 2.8
      vertex 80.7269 17.6566 2.8
      vertex 80.4328 17.9237 2.8
    endloop
  endfacet
  facet normal 0 0 1
    outer loop
      vertex 81.3734 14.3367 2.8
      vertex 79.961 14.7332 2.8
      vertex 81.2011 13.9788 2.8
    endloop
  endfacet
  facet normal 0 0 1
    outer loop
      vertex 81.2011 13.9788 2.8
      vertex 79.961 14.7332 2.8
      vertex 80.9844 13.6459 2.8
    endloop
  endfacet
  facet normal 0 0 1
    outer loop
      vertex 79.4373 16.8579 2.8
      vertex 80.4328 17.9237 2.8
      vertex 80.107 18.1509 2.8
    endloop
  endfacet
  facet normal 0 0 1
    outer loop
      vertex 81.5745 15.8964 2.8
      vertex 80.1021 15.8949 2.8
      vertex 80.15 15.5 2.8
    endloop
  endfacet
  facet normal 0 0 1
    outer loop
      vertex 81.3734 16.6633 2.8
      vertex 79.961 16.2668 2.8
      vertex 80.1021 15.8949 2.8
    endloop
  endfacet
  facet normal 0 0 1
    outer loop
      vertex 79.4373 16.8579 2.8
      vertex 80.107 18.1509 2.8
      vertex 79.7548 18.3347 2.8
    endloop
  endfacet
  facet normal 0 0 1
    outer loop
      vertex 80.9844 17.3541 2.8
      vertex 79.735 16.5942 2.8
      vertex 79.961 16.2668 2.8
    endloop
  endfacet
  facet normal 0 0 1
    outer loop
      vertex 80.4328 17.9237 2.8
      vertex 79.4373 16.8579 2.8
      vertex 79.735 16.5942 2.8
    endloop
  endfacet
  facet normal 0 0 1
    outer loop
      vertex 79.0851 17.0428 2.8
      vertex 79.7548 18.3347 2.8
      vertex 79.382 18.4719 2.8
    endloop
  endfacet
  facet normal 0 0 1
    outer loop
      vertex 79.7548 18.3347 2.8
      vertex 79.0851 17.0428 2.8
      vertex 79.4373 16.8579 2.8
    endloop
  endfacet
  facet normal 0 0 1
    outer loop
      vertex 78.6989 17.138 2.8
      vertex 79.382 18.4719 2.8
      vertex 78.9948 18.5603 2.8
    endloop
  endfacet
  facet normal 0 0 1
    outer loop
      vertex 79.382 18.4719 2.8
      vertex 78.6989 17.138 2.8
      vertex 79.0851 17.0428 2.8
    endloop
  endfacet
  facet normal 0 0 1
    outer loop
      vertex 78.5994 18.5984 2.8
      vertex 78.6989 17.138 2.8
      vertex 78.9948 18.5603 2.8
    endloop
  endfacet
  facet normal 0 0 1
    outer loop
      vertex 78.5994 18.5984 2.8
      vertex 78.3011 17.138 2.8
      vertex 78.6989 17.138 2.8
    endloop
  endfacet
  facet normal -0 0 1
    outer loop
      vertex 78.2023 18.5857 2.8
      vertex 78.3011 17.138 2.8
      vertex 78.5994 18.5984 2.8
    endloop
  endfacet
  facet normal -0 0 1
    outer loop
      vertex 77.8102 18.5223 2.8
      vertex 78.3011 17.138 2.8
      vertex 78.2023 18.5857 2.8
    endloop
  endfacet
  facet normal 0 0 1
    outer loop
      vertex 78.3011 17.138 2.8
      vertex 77.8102 18.5223 2.8
      vertex 77.9149 17.0428 2.8
    endloop
  endfacet
  facet normal -0 0 1
    outer loop
      vertex 77.4294 18.4093 2.8
      vertex 77.9149 17.0428 2.8
      vertex 77.8102 18.5223 2.8
    endloop
  endfacet
  facet normal -0 0 1
    outer loop
      vertex 77.0661 18.2485 2.8
      vertex 77.9149 17.0428 2.8
      vertex 77.4294 18.4093 2.8
    endloop
  endfacet
  facet normal 0 0 1
    outer loop
      vertex 77.9149 17.0428 2.8
      vertex 77.0661 18.2485 2.8
      vertex 77.5627 16.8579 2.8
    endloop
  endfacet
  facet normal -0 0 1
    outer loop
      vertex 76.7264 18.0425 2.8
      vertex 77.5627 16.8579 2.8
      vertex 77.0661 18.2485 2.8
    endloop
  endfacet
  facet normal -0 0 1
    outer loop
      vertex 76.4159 17.7949 2.8
      vertex 77.5627 16.8579 2.8
      vertex 76.7264 18.0425 2.8
    endloop
  endfacet
  facet normal 0 0 1
    outer loop
      vertex 77.5627 16.8579 2.8
      vertex 76.4159 17.7949 2.8
      vertex 77.265 16.5942 2.8
    endloop
  endfacet
  facet normal -0 0 1
    outer loop
      vertex 76.1395 17.5095 2.8
      vertex 77.265 16.5942 2.8
      vertex 76.4159 17.7949 2.8
    endloop
  endfacet
  facet normal -0 0 1
    outer loop
      vertex 75.9019 17.1912 2.8
      vertex 77.265 16.5942 2.8
      vertex 76.1395 17.5095 2.8
    endloop
  endfacet
  facet normal -0 0 1
    outer loop
      vertex 79.735 14.4058 2.8
      vertex 80.9844 13.6459 2.8
      vertex 79.961 14.7332 2.8
    endloop
  endfacet
  facet normal 0 0 1
    outer loop
      vertex 80.9844 13.6459 2.8
      vertex 79.735 14.4058 2.8
      vertex 80.7269 13.3434 2.8
    endloop
  endfacet
  facet normal 0 0 1
    outer loop
      vertex 80.7269 13.3434 2.8
      vertex 79.735 14.4058 2.8
      vertex 80.4328 13.0763 2.8
    endloop
  endfacet
  facet normal -0 0 1
    outer loop
      vertex 79.4373 14.1421 2.8
      vertex 80.4328 13.0763 2.8
      vertex 79.735 14.4058 2.8
    endloop
  endfacet
  facet normal 0 0 1
    outer loop
      vertex 80.4328 13.0763 2.8
      vertex 79.4373 14.1421 2.8
      vertex 80.107 12.8491 2.8
    endloop
  endfacet
  facet normal 0 0 1
    outer loop
      vertex 80.107 12.8491 2.8
      vertex 79.4373 14.1421 2.8
      vertex 79.7548 12.6653 2.8
    endloop
  endfacet
  facet normal -0 0 1
    outer loop
      vertex 79.0851 13.9572 2.8
      vertex 79.7548 12.6653 2.8
      vertex 79.4373 14.1421 2.8
    endloop
  endfacet
  facet normal 0 0 1
    outer loop
      vertex 79.7548 12.6653 2.8
      vertex 79.0851 13.9572 2.8
      vertex 79.382 12.5281 2.8
    endloop
  endfacet
  facet normal -0 0 1
    outer loop
      vertex 78.6989 13.862 2.8
      vertex 79.382 12.5281 2.8
      vertex 79.0851 13.9572 2.8
    endloop
  endfacet
  facet normal 0 0 1
    outer loop
      vertex 79.382 12.5281 2.8
      vertex 78.6989 13.862 2.8
      vertex 78.9948 12.4397 2.8
    endloop
  endfacet
  facet normal 0 0 1
    outer loop
      vertex 78.6989 13.862 2.8
      vertex 78.5994 12.4016 2.8
      vertex 78.9948 12.4397 2.8
    endloop
  endfacet
  facet normal -0 0 1
    outer loop
      vertex 78.3011 13.862 2.8
      vertex 78.5994 12.4016 2.8
      vertex 78.6989 13.862 2.8
    endloop
  endfacet
  facet normal 0 0 1
    outer loop
      vertex 78.3011 13.862 2.8
      vertex 78.2023 12.4143 2.8
      vertex 78.5994 12.4016 2.8
    endloop
  endfacet
  facet normal 0 0 1
    outer loop
      vertex 77.8102 12.4777 2.8
      vertex 78.3011 13.862 2.8
      vertex 77.9149 13.9572 2.8
    endloop
  endfacet
  facet normal 0 0 1
    outer loop
      vertex 78.3011 13.862 2.8
      vertex 77.8102 12.4777 2.8
      vertex 78.2023 12.4143 2.8
    endloop
  endfacet
  facet normal 0 0 1
    outer loop
      vertex 77.0661 12.7515 2.8
      vertex 77.9149 13.9572 2.8
      vertex 77.5627 14.1421 2.8
    endloop
  endfacet
  facet normal 0 0 1
    outer loop
      vertex 77.9149 13.9572 2.8
      vertex 77.4294 12.5907 2.8
      vertex 77.8102 12.4777 2.8
    endloop
  endfacet
  facet normal 0 0 1
    outer loop
      vertex 76.4159 13.2051 2.8
      vertex 77.5627 14.1421 2.8
      vertex 77.265 14.4058 2.8
    endloop
  endfacet
  facet normal 0 0 1
    outer loop
      vertex 77.9149 13.9572 2.8
      vertex 77.0661 12.7515 2.8
      vertex 77.4294 12.5907 2.8
    endloop
  endfacet
  facet normal 0 0 1
    outer loop
      vertex 75.9019 13.8088 2.8
      vertex 77.265 14.4058 2.8
      vertex 77.039 14.7332 2.8
    endloop
  endfacet
  facet normal 0 0 1
    outer loop
      vertex 75.5579 14.5232 2.8
      vertex 77.039 14.7332 2.8
      vertex 76.8979 15.1051 2.8
    endloop
  endfacet
  facet normal -0 0 1
    outer loop
      vertex 75.4064 15.3014 2.8
      vertex 76.8979 15.1051 2.8
      vertex 76.85 15.5 2.8
    endloop
  endfacet
  facet normal 0 0 1
    outer loop
      vertex 77.5627 14.1421 2.8
      vertex 76.7264 12.9575 2.8
      vertex 77.0661 12.7515 2.8
    endloop
  endfacet
  facet normal 0 0 1
    outer loop
      vertex 77.265 16.5942 2.8
      vertex 75.9019 17.1912 2.8
      vertex 77.039 16.2668 2.8
    endloop
  endfacet
  facet normal -0 0 1
    outer loop
      vertex 75.707 16.845 2.8
      vertex 77.039 16.2668 2.8
      vertex 75.9019 17.1912 2.8
    endloop
  endfacet
  facet normal 0 0 1
    outer loop
      vertex 77.5627 14.1421 2.8
      vertex 76.4159 13.2051 2.8
      vertex 76.7264 12.9575 2.8
    endloop
  endfacet
  facet normal -0 0 1
    outer loop
      vertex 75.5579 16.4768 2.8
      vertex 77.039 16.2668 2.8
      vertex 75.707 16.845 2.8
    endloop
  endfacet
  facet normal 0 0 1
    outer loop
      vertex 77.265 14.4058 2.8
      vertex 76.1395 13.4905 2.8
      vertex 76.4159 13.2051 2.8
    endloop
  endfacet
  facet normal 0 0 1
    outer loop
      vertex 77.039 16.2668 2.8
      vertex 75.5579 16.4768 2.8
      vertex 76.8979 15.8949 2.8
    endloop
  endfacet
  facet normal 0 0 1
    outer loop
      vertex 77.265 14.4058 2.8
      vertex 75.9019 13.8088 2.8
      vertex 76.1395 13.4905 2.8
    endloop
  endfacet
  facet normal -0 0 1
    outer loop
      vertex 75.4572 16.0926 2.8
      vertex 76.8979 15.8949 2.8
      vertex 75.5579 16.4768 2.8
    endloop
  endfacet
  facet normal 0 0 1
    outer loop
      vertex 77.039 14.7332 2.8
      vertex 75.707 14.155 2.8
      vertex 75.9019 13.8088 2.8
    endloop
  endfacet
  facet normal 0 0 1
    outer loop
      vertex 75.4064 15.6986 2.8
      vertex 76.8979 15.8949 2.8
      vertex 75.4572 16.0926 2.8
    endloop
  endfacet
  facet normal 0 0 1
    outer loop
      vertex 77.039 14.7332 2.8
      vertex 75.5579 14.5232 2.8
      vertex 75.707 14.155 2.8
    endloop
  endfacet
  facet normal 0 0 1
    outer loop
      vertex 76.8979 15.8949 2.8
      vertex 75.4064 15.6986 2.8
      vertex 76.85 15.5 2.8
    endloop
  endfacet
  facet normal 0 0 1
    outer loop
      vertex 76.8979 15.1051 2.8
      vertex 75.4572 14.9074 2.8
      vertex 75.5579 14.5232 2.8
    endloop
  endfacet
  facet normal 0 0 1
    outer loop
      vertex 75.4064 15.3014 2.8
      vertex 76.85 15.5 2.8
      vertex 75.4064 15.6986 2.8
    endloop
  endfacet
  facet normal 0 0 1
    outer loop
      vertex 76.8979 15.1051 2.8
      vertex 75.4064 15.3014 2.8
      vertex 75.4572 14.9074 2.8
    endloop
  endfacet
  facet normal 0.99179 0.127875 0
    outer loop
      vertex 75.4572 14.9074 5
      vertex 75.4064 15.3014 2.8
      vertex 75.4064 15.3014 5
    endloop
  endfacet
  facet normal 0.99179 0.127875 0
    outer loop
      vertex 75.4064 15.3014 2.8
      vertex 75.4572 14.9074 5
      vertex 75.4572 14.9074 2.8
    endloop
  endfacet
  facet normal 0.284483 0.958681 -0
    outer loop
      vertex 77.8102 12.4777 2.8
      vertex 77.4294 12.5907 5
      vertex 77.8102 12.4777 5
    endloop
  endfacet
  facet normal 0.284483 0.958681 0
    outer loop
      vertex 77.4294 12.5907 5
      vertex 77.8102 12.4777 2.8
      vertex 77.4294 12.5907 2.8
    endloop
  endfacet
  facet normal -0.981575 -0.191079 0
    outer loop
      vertex 81.5745 15.8964 2.8
      vertex 81.4986 16.2863 5
      vertex 81.4986 16.2863 2.8
    endloop
  endfacet
  facet normal -0.981575 -0.191079 0
    outer loop
      vertex 81.4986 16.2863 5
      vertex 81.5745 15.8964 2.8
      vertex 81.5745 15.8964 5
    endloop
  endfacet
  facet normal -0.997937 -0.0641963 0
    outer loop
      vertex 81.6 15.5 2.8
      vertex 81.5745 15.8964 5
      vertex 81.5745 15.8964 2.8
    endloop
  endfacet
  facet normal -0.997937 -0.0641963 0
    outer loop
      vertex 81.5745 15.8964 5
      vertex 81.6 15.5 2.8
      vertex 81.6 15.5 5
    endloop
  endfacet
  facet normal -0.345379 -0.938463 0
    outer loop
      vertex 79.382 18.4719 2.8
      vertex 79.7548 18.3347 5
      vertex 79.382 18.4719 5
    endloop
  endfacet
  facet normal -0.345379 -0.938463 -0
    outer loop
      vertex 79.7548 18.3347 5
      vertex 79.382 18.4719 2.8
      vertex 79.7548 18.3347 2.8
    endloop
  endfacet
  facet normal 0.15962 -0.987178 0
    outer loop
      vertex 77.8102 18.5223 2.8
      vertex 78.2023 18.5857 5
      vertex 77.8102 18.5223 5
    endloop
  endfacet
  facet normal 0.15962 -0.987178 0
    outer loop
      vertex 78.2023 18.5857 5
      vertex 77.8102 18.5223 2.8
      vertex 78.2023 18.5857 2.8
    endloop
  endfacet
  facet normal 0.926888 -0.375337 0
    outer loop
      vertex 75.5579 16.4768 5
      vertex 75.707 16.845 2.8
      vertex 75.707 16.845 5
    endloop
  endfacet
  facet normal 0.926888 -0.375337 0
    outer loop
      vertex 75.707 16.845 2.8
      vertex 75.5579 16.4768 5
      vertex 75.5579 16.4768 2.8
    endloop
  endfacet
  facet normal 0.801357 -0.598186 0
    outer loop
      vertex 75.9019 17.1912 5
      vertex 76.1395 17.5095 2.8
      vertex 76.1395 17.5095 5
    endloop
  endfacet
  facet normal 0.801357 -0.598186 0
    outer loop
      vertex 76.1395 17.5095 2.8
      vertex 75.9019 17.1912 5
      vertex 75.9019 17.1912 2.8
    endloop
  endfacet
  facet normal 0 0 -1
    outer loop
      vertex 0 -0.265236 7.59537
      vertex 79 0.265236 7.59537
      vertex 79 -0.265236 7.59537
    endloop
  endfacet
  facet normal -0 0 -1
    outer loop
      vertex 79 0.265236 7.59537
      vertex 0 -0.265236 7.59537
      vertex 0 0.265236 7.59537
    endloop
  endfacet
  facet normal 0 0.970296 -0.241919
    outer loop
      vertex 79 -7.43392 1.58013
      vertex 78 -7.30559 2.09484
      vertex 79 -7.30559 2.09484
    endloop
  endfacet
  facet normal 0 0.970296 -0.241919
    outer loop
      vertex 78 -7.30559 2.09484
      vertex 79 -7.43392 1.58013
      vertex 78 -7.43392 1.58013
    endloop
  endfacet
  facet normal 0 0.970296 -0.241919
    outer loop
      vertex 64 -7.43392 1.58013
      vertex 0 -7.30559 2.09484
      vertex 64 -7.30559 2.09484
    endloop
  endfacet
  facet normal 0 0.970296 -0.241919
    outer loop
      vertex 0 -7.30559 2.09484
      vertex 64 -7.43392 1.58013
      vertex 0 -7.43392 1.58013
    endloop
  endfacet
  facet normal 0 0.207909 -0.978148
    outer loop
      vertex 0 -1.83861 7.37425
      vertex 79 -1.31973 7.48454
      vertex 79 -1.83861 7.37425
    endloop
  endfacet
  facet normal 0 0.207909 -0.978148
    outer loop
      vertex 79 -1.31973 7.48454
      vertex 0 -1.83861 7.37425
      vertex 0 -1.31973 7.48454
    endloop
  endfacet
  facet normal 0 0.994522 -0.104529
    outer loop
      vertex 79 -7.58149 0.530149
      vertex 78 -7.52604 1.05772
      vertex 79 -7.52604 1.05772
    endloop
  endfacet
  facet normal 0 0.994522 -0.104529
    outer loop
      vertex 78 -7.52604 1.05772
      vertex 79 -7.58149 0.530149
      vertex 78 -7.58149 0.530149
    endloop
  endfacet
  facet normal 0 0.994522 -0.104529
    outer loop
      vertex 64 -7.58149 0.530149
      vertex 0 -7.52604 1.05772
      vertex 64 -7.52604 1.05772
    endloop
  endfacet
  facet normal 0 0.994522 -0.104529
    outer loop
      vertex 0 -7.52604 1.05772
      vertex 64 -7.58149 0.530149
      vertex 0 -7.58149 0.530149
    endloop
  endfacet
  facet normal 0 0.829042 -0.559186
    outer loop
      vertex 79 -6.44516 4.02739
      vertex 78 -6.14853 4.46717
      vertex 79 -6.14853 4.46717
    endloop
  endfacet
  facet normal 0 0.829042 -0.559186
    outer loop
      vertex 78 -6.14853 4.46717
      vertex 79 -6.44516 4.02739
      vertex 78 -6.44516 4.02739
    endloop
  endfacet
  facet normal 0 0.829042 -0.559186
    outer loop
      vertex 64 -6.44516 4.02739
      vertex 0 -6.14853 4.46717
      vertex 64 -6.14853 4.46717
    endloop
  endfacet
  facet normal 0 0.829042 -0.559186
    outer loop
      vertex 0 -6.14853 4.46717
      vertex 64 -6.44516 4.02739
      vertex 0 -6.44516 4.02739
    endloop
  endfacet
  facet normal 0 -0.984806 -0.173657
    outer loop
      vertex 47.8831 7.52604 1.05772
      vertex 79 7.43392 1.58013
      vertex 47.8544 7.43392 1.58013
    endloop
  endfacet
  facet normal 0 -0.984806 -0.173657
    outer loop
      vertex 79 7.43392 1.58013
      vertex 47.8831 7.52604 1.05772
      vertex 79 7.52604 1.05772
    endloop
  endfacet
  facet normal -0 -0.984806 -0.173657
    outer loop
      vertex 22.1169 7.52604 1.05772
      vertex 0 7.43392 1.58013
      vertex 0 7.52604 1.05772
    endloop
  endfacet
  facet normal 0 -0.984806 -0.173657
    outer loop
      vertex 0 7.43392 1.58013
      vertex 22.1169 7.52604 1.05772
      vertex 22.1456 7.43392 1.58013
    endloop
  endfacet
  facet normal 0 0.0697493 -0.997565
    outer loop
      vertex 0 -0.794415 7.55837
      vertex 79 -0.265236 7.59537
      vertex 79 -0.794415 7.55837
    endloop
  endfacet
  facet normal 0 0.0697493 -0.997565
    outer loop
      vertex 79 -0.265236 7.59537
      vertex 0 -0.794415 7.55837
      vertex 0 -0.265236 7.59537
    endloop
  endfacet
  facet normal 0 0.406749 -0.91354
    outer loop
      vertex 0 -3.33162 6.83083
      vertex 79 -2.84701 7.0466
      vertex 79 -3.33162 6.83083
    endloop
  endfacet
  facet normal 0 0.406749 -0.91354
    outer loop
      vertex 79 -2.84701 7.0466
      vertex 0 -3.33162 6.83083
      vertex 0 -2.84701 7.0466
    endloop
  endfacet
  facet normal 0 0.999391 -0.0348935
    outer loop
      vertex 79 -7.6 0
      vertex 78 -7.58149 0.530149
      vertex 79 -7.58149 0.530149
    endloop
  endfacet
  facet normal 0 0.999391 -0.0348935
    outer loop
      vertex 78 -7.58149 0.530149
      vertex 79 -7.6 0
      vertex 78 -7.6 0
    endloop
  endfacet
  facet normal 0 0.999391 -0.0348935
    outer loop
      vertex 64 -7.6 0
      vertex 0 -7.58149 0.530149
      vertex 64 -7.58149 0.530149
    endloop
  endfacet
  facet normal 0 0.999391 -0.0348935
    outer loop
      vertex 0 -7.58149 0.530149
      vertex 64 -7.6 0
      vertex 0 -7.6 0
    endloop
  endfacet
  facet normal 0 0.927184 -0.374606
    outer loop
      vertex 79 -7.14166 2.59935
      vertex 78 -6.94294 3.0912
      vertex 79 -6.94294 3.0912
    endloop
  endfacet
  facet normal 0 0.927184 -0.374606
    outer loop
      vertex 78 -6.94294 3.0912
      vertex 79 -7.14166 2.59935
      vertex 78 -7.14166 2.59935
    endloop
  endfacet
  facet normal 0 0.927184 -0.374606
    outer loop
      vertex 64 -7.14166 2.59935
      vertex 0 -6.94294 3.0912
      vertex 64 -6.94294 3.0912
    endloop
  endfacet
  facet normal 0 0.927184 -0.374606
    outer loop
      vertex 0 -6.94294 3.0912
      vertex 64 -7.14166 2.59935
      vertex 0 -7.14166 2.59935
    endloop
  endfacet
  facet normal 0 0.788014 -0.615658
    outer loop
      vertex 79 -6.14853 4.46717
      vertex 78 -5.82194 4.88519
      vertex 79 -5.82194 4.88519
    endloop
  endfacet
  facet normal 0 0.788014 -0.615658
    outer loop
      vertex 78 -5.82194 4.88519
      vertex 79 -6.14853 4.46717
      vertex 78 -6.14853 4.46717
    endloop
  endfacet
  facet normal 0 0.788014 -0.615658
    outer loop
      vertex 64 -6.14853 4.46717
      vertex 0 -5.82194 4.88519
      vertex 64 -5.82194 4.88519
    endloop
  endfacet
  facet normal 0 0.788014 -0.615658
    outer loop
      vertex 0 -5.82194 4.88519
      vertex 64 -6.14853 4.46717
      vertex 0 -6.14853 4.46717
    endloop
  endfacet
  facet normal 0 0.951054 -0.309025
    outer loop
      vertex 79 -7.30559 2.09484
      vertex 78 -7.14166 2.59935
      vertex 79 -7.14166 2.59935
    endloop
  endfacet
  facet normal 0 0.951054 -0.309025
    outer loop
      vertex 78 -7.14166 2.59935
      vertex 79 -7.30559 2.09484
      vertex 78 -7.30559 2.09484
    endloop
  endfacet
  facet normal 0 0.951054 -0.309025
    outer loop
      vertex 64 -7.30559 2.09484
      vertex 0 -7.14166 2.59935
      vertex 64 -7.14166 2.59935
    endloop
  endfacet
  facet normal 0 0.951054 -0.309025
    outer loop
      vertex 0 -7.14166 2.59935
      vertex 64 -7.30559 2.09484
      vertex 0 -7.30559 2.09484
    endloop
  endfacet
  facet normal -1 0 0
    outer loop
      vertex 79 3.3 0
      vertex 79 7.58149 0.530149
      vertex 79 7.6 0
    endloop
  endfacet
  facet normal -1 -0 0
    outer loop
      vertex 79 7.58149 0.530149
      vertex 79 3.27594 0.397771
      vertex 79 7.52604 1.05772
    endloop
  endfacet
  facet normal -1 -0 0
    outer loop
      vertex 79 7.52604 1.05772
      vertex 79 3.27594 0.397771
      vertex 79 7.43392 1.58013
    endloop
  endfacet
  facet normal -1 0 0
    outer loop
      vertex 79 3.20411 0.789742
      vertex 79 7.43392 1.58013
      vertex 79 3.27594 0.397771
    endloop
  endfacet
  facet normal -1 -0 0
    outer loop
      vertex 79 7.43392 1.58013
      vertex 79 3.20411 0.789742
      vertex 79 7.30559 2.09484
    endloop
  endfacet
  facet normal -1 -0 0
    outer loop
      vertex 79 7.30559 2.09484
      vertex 79 3.08555 1.1702
      vertex 79 7.14166 2.59935
    endloop
  endfacet
  facet normal -1 -0 0
    outer loop
      vertex 79 7.14166 2.59935
      vertex 79 3.08555 1.1702
      vertex 79 6.94294 3.0912
    endloop
  endfacet
  facet normal -1 0 0
    outer loop
      vertex 79 2.922 1.53359
      vertex 79 6.94294 3.0912
      vertex 79 3.08555 1.1702
    endloop
  endfacet
  facet normal -1 -0 0
    outer loop
      vertex 79 6.7104 3.56798
      vertex 79 2.922 1.53359
      vertex 79 6.44516 4.02739
    endloop
  endfacet
  facet normal -1 0 0
    outer loop
      vertex 79 2.71585 1.87461
      vertex 79 6.44516 4.02739
      vertex 79 2.922 1.53359
    endloop
  endfacet
  facet normal -1 -0 0
    outer loop
      vertex 79 6.44516 4.02739
      vertex 79 2.71585 1.87461
      vertex 79 6.14853 4.46717
    endloop
  endfacet
  facet normal -1 0 0
    outer loop
      vertex 79 2.47009 2.1883
      vertex 79 5.82194 4.88519
      vertex 79 2.71585 1.87461
    endloop
  endfacet
  facet normal -1 -0 0
    outer loop
      vertex 79 5.82194 4.88519
      vertex 79 2.47009 2.1883
      vertex 79 5.46698 5.2794
    endloop
  endfacet
  facet normal -1 0 0
    outer loop
      vertex 79 2.1883 2.47009
      vertex 79 5.46698 5.2794
      vertex 79 2.47009 2.1883
    endloop
  endfacet
  facet normal -1 -0 0
    outer loop
      vertex 79 5.46698 5.2794
      vertex 79 2.1883 2.47009
      vertex 79 5.08539 5.6479
    endloop
  endfacet
  facet normal -1 0 0
    outer loop
      vertex 79 7.58149 0.530149
      vertex 79 3.3 0
      vertex 79 3.27594 0.397771
    endloop
  endfacet
  facet normal -1 0 0
    outer loop
      vertex 79 3.08555 1.1702
      vertex 79 7.30559 2.09484
      vertex 79 3.20411 0.789742
    endloop
  endfacet
  facet normal -1 -0 0
    outer loop
      vertex 79 6.94294 3.0912
      vertex 79 2.922 1.53359
      vertex 79 6.7104 3.56798
    endloop
  endfacet
  facet normal -1 -0 0
    outer loop
      vertex 79 6.14853 4.46717
      vertex 79 2.71585 1.87461
      vertex 79 5.82194 4.88519
    endloop
  endfacet
  facet normal -1 -0 0
    outer loop
      vertex 79 5.08539 5.6479
      vertex 79 2.1883 2.47009
      vertex 79 4.67903 5.98888
    endloop
  endfacet
  facet normal -1 0 0
    outer loop
      vertex 79 1.87461 2.71585
      vertex 79 4.67903 5.98888
      vertex 79 2.1883 2.47009
    endloop
  endfacet
  facet normal -1 -0 0
    outer loop
      vertex 79 4.67903 5.98888
      vertex 79 1.87461 2.71585
      vertex 79 4.24987 6.30068
    endloop
  endfacet
  facet normal -1 -0 0
    outer loop
      vertex 79 4.24987 6.30068
      vertex 79 1.87461 2.71585
      vertex 79 3.8 6.58179
    endloop
  endfacet
  facet normal -1 0 0
    outer loop
      vertex 79 1.53359 2.922
      vertex 79 3.8 6.58179
      vertex 79 1.87461 2.71585
    endloop
  endfacet
  facet normal -1 -0 0
    outer loop
      vertex 79 3.8 6.58179
      vertex 79 1.53359 2.922
      vertex 79 3.33162 6.83083
    endloop
  endfacet
  facet normal -1 0 0
    outer loop
      vertex 79 1.1702 3.08555
      vertex 79 3.33162 6.83083
      vertex 79 1.53359 2.922
    endloop
  endfacet
  facet normal -1 -0 0
    outer loop
      vertex 79 3.33162 6.83083
      vertex 79 1.1702 3.08555
      vertex 79 2.84701 7.0466
    endloop
  endfacet
  facet normal -1 -0 0
    outer loop
      vertex 79 2.84701 7.0466
      vertex 79 1.1702 3.08555
      vertex 79 2.34853 7.22803
    endloop
  endfacet
  facet normal -1 0 0
    outer loop
      vertex 79 0.789742 3.20411
      vertex 79 2.34853 7.22803
      vertex 79 1.1702 3.08555
    endloop
  endfacet
  facet normal -1 -0 0
    outer loop
      vertex 79 2.34853 7.22803
      vertex 79 0.789742 3.20411
      vertex 79 1.83861 7.37425
    endloop
  endfacet
  facet normal -1 -0 0
    outer loop
      vertex 79 1.83861 7.37425
      vertex 79 0.789742 3.20411
      vertex 79 1.31973 7.48454
    endloop
  endfacet
  facet normal -1 0 0
    outer loop
      vertex 79 0.397771 3.27594
      vertex 79 1.31973 7.48454
      vertex 79 0.789742 3.20411
    endloop
  endfacet
  facet normal -1 -0 0
    outer loop
      vertex 79 1.31973 7.48454
      vertex 79 0.397771 3.27594
      vertex 79 0.794415 7.55837
    endloop
  endfacet
  facet normal -1 0 0
    outer loop
      vertex 79 0.397771 3.27594
      vertex 79 0.265236 7.59537
      vertex 79 0.794415 7.55837
    endloop
  endfacet
  facet normal -1 0 0
    outer loop
      vertex 79 0 3.3
      vertex 79 0.265236 7.59537
      vertex 79 0.397771 3.27594
    endloop
  endfacet
  facet normal -1 0 0
    outer loop
      vertex 79 0 3.3
      vertex 79 -0.265236 7.59537
      vertex 79 0.265236 7.59537
    endloop
  endfacet
  facet normal -1 0 0
    outer loop
      vertex 79 -0.397771 3.27594
      vertex 79 -0.265236 7.59537
      vertex 79 0 3.3
    endloop
  endfacet
  facet normal -1 0 0
    outer loop
      vertex 79 -1.31973 7.48454
      vertex 79 -0.397771 3.27594
      vertex 79 -0.789742 3.20411
    endloop
  endfacet
  facet normal -1 0 0
    outer loop
      vertex 79 -0.397771 3.27594
      vertex 79 -0.794415 7.55837
      vertex 79 -0.265236 7.59537
    endloop
  endfacet
  facet normal -1 0 0
    outer loop
      vertex 79 -2.34853 7.22803
      vertex 79 -0.789742 3.20411
      vertex 79 -1.1702 3.08555
    endloop
  endfacet
  facet normal -1 0 0
    outer loop
      vertex 79 -0.397771 3.27594
      vertex 79 -1.31973 7.48454
      vertex 79 -0.794415 7.55837
    endloop
  endfacet
  facet normal -1 0 0
    outer loop
      vertex 79 -3.33162 6.83083
      vertex 79 -1.1702 3.08555
      vertex 79 -1.53359 2.922
    endloop
  endfacet
  facet normal -1 0 0
    outer loop
      vertex 79 -0.789742 3.20411
      vertex 79 -1.83861 7.37425
      vertex 79 -1.31973 7.48454
    endloop
  endfacet
  facet normal -1 0 0
    outer loop
      vertex 79 -3.8 6.58179
      vertex 79 -1.53359 2.922
      vertex 79 -1.87461 2.71585
    endloop
  endfacet
  facet normal -1 0 0
    outer loop
      vertex 79 -4.67903 5.98888
      vertex 79 -1.87461 2.71585
      vertex 79 -2.1883 2.47009
    endloop
  endfacet
  facet normal -1 0 0
    outer loop
      vertex 79 -0.789742 3.20411
      vertex 79 -2.34853 7.22803
      vertex 79 -1.83861 7.37425
    endloop
  endfacet
  facet normal -1 0 0
    outer loop
      vertex 79 -5.46698 5.2794
      vertex 79 -2.1883 2.47009
      vertex 79 -2.47009 2.1883
    endloop
  endfacet
  facet normal -1 0 0
    outer loop
      vertex 79 -5.82194 4.88519
      vertex 79 -2.47009 2.1883
      vertex 79 -2.71585 1.87461
    endloop
  endfacet
  facet normal -1 0 0
    outer loop
      vertex 79 -1.1702 3.08555
      vertex 79 -2.84701 7.0466
      vertex 79 -2.34853 7.22803
    endloop
  endfacet
  facet normal -1 0 0
    outer loop
      vertex 79 -6.44516 4.02739
      vertex 79 -2.71585 1.87461
      vertex 79 -2.922 1.53359
    endloop
  endfacet
  facet normal -1 0 0
    outer loop
      vertex 79 -6.94294 3.0912
      vertex 79 -2.922 1.53359
      vertex 79 -3.08555 1.1702
    endloop
  endfacet
  facet normal -1 0 0
    outer loop
      vertex 79 -7.30559 2.09484
      vertex 79 -3.08555 1.1702
      vertex 79 -3.20411 0.789742
    endloop
  endfacet
  facet normal -1 0 0
    outer loop
      vertex 79 -7.43392 1.58013
      vertex 79 -3.20411 0.789742
      vertex 79 -3.27594 0.397771
    endloop
  endfacet
  facet normal -1 0 0
    outer loop
      vertex 79 -1.1702 3.08555
      vertex 79 -3.33162 6.83083
      vertex 79 -2.84701 7.0466
    endloop
  endfacet
  facet normal -1 0 0
    outer loop
      vertex 79 -7.58149 0.530149
      vertex 79 -3.27594 0.397771
      vertex 79 -3.3 0
    endloop
  endfacet
  facet normal -1 0 0
    outer loop
      vertex 79 -1.53359 2.922
      vertex 79 -3.8 6.58179
      vertex 79 -3.33162 6.83083
    endloop
  endfacet
  facet normal -1 0 0
    outer loop
      vertex 79 -1.87461 2.71585
      vertex 79 -4.24987 6.30068
      vertex 79 -3.8 6.58179
    endloop
  endfacet
  facet normal -1 0 0
    outer loop
      vertex 79 -1.87461 2.71585
      vertex 79 -4.67903 5.98888
      vertex 79 -4.24987 6.30068
    endloop
  endfacet
  facet normal -1 0 0
    outer loop
      vertex 79 -2.1883 2.47009
      vertex 79 -5.08539 5.6479
      vertex 79 -4.67903 5.98888
    endloop
  endfacet
  facet normal -1 0 0
    outer loop
      vertex 79 -2.1883 2.47009
      vertex 79 -5.46698 5.2794
      vertex 79 -5.08539 5.6479
    endloop
  endfacet
  facet normal -1 0 0
    outer loop
      vertex 79 -2.47009 2.1883
      vertex 79 -5.82194 4.88519
      vertex 79 -5.46698 5.2794
    endloop
  endfacet
  facet normal -1 0 0
    outer loop
      vertex 79 -2.71585 1.87461
      vertex 79 -6.14853 4.46717
      vertex 79 -5.82194 4.88519
    endloop
  endfacet
  facet normal -1 0 0
    outer loop
      vertex 79 -2.71585 1.87461
      vertex 79 -6.44516 4.02739
      vertex 79 -6.14853 4.46717
    endloop
  endfacet
  facet normal -1 0 0
    outer loop
      vertex 79 -2.922 1.53359
      vertex 79 -6.7104 3.56798
      vertex 79 -6.44516 4.02739
    endloop
  endfacet
  facet normal -1 0 0
    outer loop
      vertex 79 -2.922 1.53359
      vertex 79 -6.94294 3.0912
      vertex 79 -6.7104 3.56798
    endloop
  endfacet
  facet normal -1 0 0
    outer loop
      vertex 79 -3.08555 1.1702
      vertex 79 -7.14166 2.59935
      vertex 79 -6.94294 3.0912
    endloop
  endfacet
  facet normal -1 0 0
    outer loop
      vertex 79 -3.08555 1.1702
      vertex 79 -7.30559 2.09484
      vertex 79 -7.14166 2.59935
    endloop
  endfacet
  facet normal -1 0 0
    outer loop
      vertex 79 -3.20411 0.789742
      vertex 79 -7.43392 1.58013
      vertex 79 -7.30559 2.09484
    endloop
  endfacet
  facet normal -1 0 0
    outer loop
      vertex 79 -3.27594 0.397771
      vertex 79 -7.52604 1.05772
      vertex 79 -7.43392 1.58013
    endloop
  endfacet
  facet normal -1 0 0
    outer loop
      vertex 79 -3.27594 0.397771
      vertex 79 -7.58149 0.530149
      vertex 79 -7.52604 1.05772
    endloop
  endfacet
  facet normal -1 0 -0
    outer loop
      vertex 79 -7.58149 0.530149
      vertex 79 -3.3 0
      vertex 79 -7.6 0
    endloop
  endfacet
  facet normal 0 0.342017 -0.939694
    outer loop
      vertex 0 -2.84701 7.0466
      vertex 79 -2.34853 7.22803
      vertex 79 -2.84701 7.0466
    endloop
  endfacet
  facet normal 0 0.342017 -0.939694
    outer loop
      vertex 79 -2.34853 7.22803
      vertex 0 -2.84701 7.0466
      vertex 0 -2.34853 7.22803
    endloop
  endfacet
  facet normal 1 0 0
    outer loop
      vertex 0 7.52604 1.05772
      vertex 0 3.04283 0.592591
      vertex 0 3.09363 0.198617
    endloop
  endfacet
  facet normal 1 0 0
    outer loop
      vertex 0 3.8 6.58179
      vertex 0 2.94207 0.976835
      vertex 0 3.04283 0.592591
    endloop
  endfacet
  facet normal 1 0 0
    outer loop
      vertex 0 1.43387 2.74846
      vertex 0 3.33162 6.83083
      vertex 0 2.84701 7.0466
    endloop
  endfacet
  facet normal 1 0 0
    outer loop
      vertex 0 3.8 6.58179
      vertex 0 2.793 1.34504
      vertex 0 2.94207 0.976835
    endloop
  endfacet
  facet normal 1 0 0
    outer loop
      vertex 0 3.8 6.58179
      vertex 0 2.59807 1.69116
      vertex 0 2.793 1.34504
    endloop
  endfacet
  facet normal 1 0 0
    outer loop
      vertex 0 3.8 6.58179
      vertex 0 2.36048 2.00951
      vertex 0 2.59807 1.69116
    endloop
  endfacet
  facet normal 1 0 0
    outer loop
      vertex 0 1.07063 2.90925
      vertex 0 2.84701 7.0466
      vertex 0 2.34853 7.22803
    endloop
  endfacet
  facet normal 1 0 0
    outer loop
      vertex 0 3.8 6.58179
      vertex 0 2.08413 2.29486
      vertex 0 2.36048 2.00951
    endloop
  endfacet
  facet normal 1 0 0
    outer loop
      vertex 0 0.689815 3.02228
      vertex 0 2.34853 7.22803
      vertex 0 1.83861 7.37425
    endloop
  endfacet
  facet normal 1 0 0
    outer loop
      vertex 0 3.8 6.58179
      vertex 0 1.77356 2.54253
      vertex 0 2.08413 2.29486
    endloop
  endfacet
  facet normal 1 0 0
    outer loop
      vertex 0 3.8 6.58179
      vertex 0 1.43387 2.74846
      vertex 0 1.77356 2.54253
    endloop
  endfacet
  facet normal 1 0 0
    outer loop
      vertex 0 0.689815 3.02228
      vertex 0 1.83861 7.37425
      vertex 0 1.31973 7.48454
    endloop
  endfacet
  facet normal 1 0 0
    outer loop
      vertex 0 2.84701 7.0466
      vertex 0 1.07063 2.90925
      vertex 0 1.43387 2.74846
    endloop
  endfacet
  facet normal 1 0 0
    outer loop
      vertex 0 0.297671 3.08568
      vertex 0 1.31973 7.48454
      vertex 0 0.794415 7.55837
    endloop
  endfacet
  facet normal 1 0 0
    outer loop
      vertex 0 2.34853 7.22803
      vertex 0 0.689815 3.02228
      vertex 0 1.07063 2.90925
    endloop
  endfacet
  facet normal 1 0 0
    outer loop
      vertex 0 1.31973 7.48454
      vertex 0 0.297671 3.08568
      vertex 0 0.689815 3.02228
    endloop
  endfacet
  facet normal 1 0 0
    outer loop
      vertex 0 0.265236 7.59537
      vertex 0 0.297671 3.08568
      vertex 0 0.794415 7.55837
    endloop
  endfacet
  facet normal 1 0 0
    outer loop
      vertex 0 0.265236 7.59537
      vertex 0 -0.0993595 3.09841
      vertex 0 0.297671 3.08568
    endloop
  endfacet
  facet normal 1 -0 0
    outer loop
      vertex 0 -0.265236 7.59537
      vertex 0 -0.0993595 3.09841
      vertex 0 0.265236 7.59537
    endloop
  endfacet
  facet normal 1 -0 0
    outer loop
      vertex 0 -0.794415 7.55837
      vertex 0 -0.0993595 3.09841
      vertex 0 -0.265236 7.59537
    endloop
  endfacet
  facet normal 1 0 0
    outer loop
      vertex 0 -0.0993595 3.09841
      vertex 0 -0.794415 7.55837
      vertex 0 -0.49476 3.06026
    endloop
  endfacet
  facet normal 1 -0 0
    outer loop
      vertex 0 -1.31973 7.48454
      vertex 0 -0.49476 3.06026
      vertex 0 -0.794415 7.55837
    endloop
  endfacet
  facet normal 1 -0 0
    outer loop
      vertex 0 -1.83861 7.37425
      vertex 0 -0.49476 3.06026
      vertex 0 -1.31973 7.48454
    endloop
  endfacet
  facet normal 1 0 0
    outer loop
      vertex 0 -0.49476 3.06026
      vertex 0 -1.83861 7.37425
      vertex 0 -0.882035 2.97187
    endloop
  endfacet
  facet normal 1 -0 0
    outer loop
      vertex 0 -2.34853 7.22803
      vertex 0 -0.882035 2.97187
      vertex 0 -1.83861 7.37425
    endloop
  endfacet
  facet normal 1 0 0
    outer loop
      vertex 0 -0.882035 2.97187
      vertex 0 -2.34853 7.22803
      vertex 0 -1.25483 2.83468
    endloop
  endfacet
  facet normal 1 -0 0
    outer loop
      vertex 0 -2.84701 7.0466
      vertex 0 -1.25483 2.83468
      vertex 0 -2.34853 7.22803
    endloop
  endfacet
  facet normal 1 -0 0
    outer loop
      vertex 0 -3.33162 6.83083
      vertex 0 -1.25483 2.83468
      vertex 0 -2.84701 7.0466
    endloop
  endfacet
  facet normal 1 0 0
    outer loop
      vertex 0 -1.25483 2.83468
      vertex 0 -3.33162 6.83083
      vertex 0 -1.60702 2.65094
    endloop
  endfacet
  facet normal 1 -0 0
    outer loop
      vertex 0 -3.8 6.58179
      vertex 0 -1.60702 2.65094
      vertex 0 -3.33162 6.83083
    endloop
  endfacet
  facet normal 1 -0 0
    outer loop
      vertex 0 -4.24987 6.30068
      vertex 0 -1.60702 2.65094
      vertex 0 -3.8 6.58179
    endloop
  endfacet
  facet normal 1 0 0
    outer loop
      vertex 0 -1.60702 2.65094
      vertex 0 -4.24987 6.30068
      vertex 0 -1.93282 2.42368
    endloop
  endfacet
  facet normal 1 -0 0
    outer loop
      vertex 0 -4.67903 5.98888
      vertex 0 -1.93282 2.42368
      vertex 0 -4.24987 6.30068
    endloop
  endfacet
  facet normal 1 -0 0
    outer loop
      vertex 0 -5.08539 5.6479
      vertex 0 -1.93282 2.42368
      vertex 0 -4.67903 5.98888
    endloop
  endfacet
  facet normal 1 0 0
    outer loop
      vertex 0 -1.93282 2.42368
      vertex 0 -5.08539 5.6479
      vertex 0 -2.22688 2.15662
    endloop
  endfacet
  facet normal 1 -0 0
    outer loop
      vertex 0 -5.46698 5.2794
      vertex 0 -2.22688 2.15662
      vertex 0 -5.08539 5.6479
    endloop
  endfacet
  facet normal 1 -0 0
    outer loop
      vertex 0 -5.82194 4.88519
      vertex 0 -2.22688 2.15662
      vertex 0 -5.46698 5.2794
    endloop
  endfacet
  facet normal 1 0 0
    outer loop
      vertex 0 -2.22688 2.15662
      vertex 0 -5.82194 4.88519
      vertex 0 -2.48438 1.85414
    endloop
  endfacet
  facet normal 1 -0 0
    outer loop
      vertex 0 -6.14853 4.46717
      vertex 0 -2.48438 1.85414
      vertex 0 -5.82194 4.88519
    endloop
  endfacet
  facet normal 1 -0 0
    outer loop
      vertex 0 -6.44516 4.02739
      vertex 0 -2.48438 1.85414
      vertex 0 -6.14853 4.46717
    endloop
  endfacet
  facet normal 1 0 0
    outer loop
      vertex 0 -2.48438 1.85414
      vertex 0 -6.44516 4.02739
      vertex 0 -2.70109 1.52122
    endloop
  endfacet
  facet normal 1 -0 0
    outer loop
      vertex 0 -6.7104 3.56798
      vertex 0 -2.70109 1.52122
      vertex 0 -6.44516 4.02739
    endloop
  endfacet
  facet normal 1 -0 0
    outer loop
      vertex 0 -6.94294 3.0912
      vertex 0 -2.70109 1.52122
      vertex 0 -6.7104 3.56798
    endloop
  endfacet
  facet normal 1 0 0
    outer loop
      vertex 0 -2.70109 1.52122
      vertex 0 -6.94294 3.0912
      vertex 0 -2.87344 1.16333
    endloop
  endfacet
  facet normal 1 -0 0
    outer loop
      vertex 0 -7.14166 2.59935
      vertex 0 -2.87344 1.16333
      vertex 0 -6.94294 3.0912
    endloop
  endfacet
  facet normal 1 0 0
    outer loop
      vertex 0 -2.87344 1.16333
      vertex 0 -7.14166 2.59935
      vertex 0 -2.99861 0.786328
    endloop
  endfacet
  facet normal 1 -0 0
    outer loop
      vertex 0 -7.30559 2.09484
      vertex 0 -2.99861 0.786328
      vertex 0 -7.14166 2.59935
    endloop
  endfacet
  facet normal 1 -0 0
    outer loop
      vertex 0 -7.43392 1.58013
      vertex 0 -2.99861 0.786328
      vertex 0 -7.30559 2.09484
    endloop
  endfacet
  facet normal 1 0 0
    outer loop
      vertex 0 -2.99861 0.786328
      vertex 0 -7.43392 1.58013
      vertex 0 -3.07455 0.396419
    endloop
  endfacet
  facet normal 1 -0 0
    outer loop
      vertex 0 -7.52604 1.05772
      vertex 0 -3.07455 0.396419
      vertex 0 -7.43392 1.58013
    endloop
  endfacet
  facet normal 1 -0 0
    outer loop
      vertex 0 -7.58149 0.530149
      vertex 0 -3.07455 0.396419
      vertex 0 -7.52604 1.05772
    endloop
  endfacet
  facet normal 1 0 0
    outer loop
      vertex 0 -3.07455 0.396419
      vertex 0 -7.58149 0.530149
      vertex 0 -3.1 0
    endloop
  endfacet
  facet normal 1 0 0
    outer loop
      vertex 0 -3.1 0
      vertex 0 -7.58149 0.530149
      vertex 0 -7.6 0
    endloop
  endfacet
  facet normal 1 0 0
    outer loop
      vertex 0 3.09363 0.198617
      vertex 0 7.58149 0.530149
      vertex 0 7.52604 1.05772
    endloop
  endfacet
  facet normal 1 0 0
    outer loop
      vertex 0 3.04283 0.592591
      vertex 0 7.52604 1.05772
      vertex 0 7.43392 1.58013
    endloop
  endfacet
  facet normal 1 0 0
    outer loop
      vertex 0 3.04283 0.592591
      vertex 0 7.43392 1.58013
      vertex 0 7.30559 2.09484
    endloop
  endfacet
  facet normal 1 0 0
    outer loop
      vertex 0 3.04283 0.592591
      vertex 0 7.30559 2.09484
      vertex 0 7.14166 2.59935
    endloop
  endfacet
  facet normal 1 0 0
    outer loop
      vertex 0 3.04283 0.592591
      vertex 0 7.14166 2.59935
      vertex 0 6.94294 3.0912
    endloop
  endfacet
  facet normal 1 0 0
    outer loop
      vertex 0 3.04283 0.592591
      vertex 0 6.94294 3.0912
      vertex 0 6.7104 3.56798
    endloop
  endfacet
  facet normal 1 0 0
    outer loop
      vertex 0 3.04283 0.592591
      vertex 0 6.7104 3.56798
      vertex 0 6.44516 4.02739
    endloop
  endfacet
  facet normal 1 0 0
    outer loop
      vertex 0 3.04283 0.592591
      vertex 0 6.44516 4.02739
      vertex 0 6.14853 4.46717
    endloop
  endfacet
  facet normal 1 0 0
    outer loop
      vertex 0 3.04283 0.592591
      vertex 0 6.14853 4.46717
      vertex 0 5.82194 4.88519
    endloop
  endfacet
  facet normal 1 0 0
    outer loop
      vertex 0 3.04283 0.592591
      vertex 0 5.82194 4.88519
      vertex 0 5.46698 5.2794
    endloop
  endfacet
  facet normal 1 0 0
    outer loop
      vertex 0 3.04283 0.592591
      vertex 0 5.46698 5.2794
      vertex 0 5.08539 5.6479
    endloop
  endfacet
  facet normal 1 0 0
    outer loop
      vertex 0 3.04283 0.592591
      vertex 0 5.08539 5.6479
      vertex 0 4.67903 5.98888
    endloop
  endfacet
  facet normal 1 0 0
    outer loop
      vertex 0 3.04283 0.592591
      vertex 0 4.67903 5.98888
      vertex 0 4.24987 6.30068
    endloop
  endfacet
  facet normal 1 0 0
    outer loop
      vertex 0 3.04283 0.592591
      vertex 0 4.24987 6.30068
      vertex 0 3.8 6.58179
    endloop
  endfacet
  facet normal 1 0 0
    outer loop
      vertex 0 1.43387 2.74846
      vertex 0 3.8 6.58179
      vertex 0 3.33162 6.83083
    endloop
  endfacet
  facet normal 1 0 0
    outer loop
      vertex 0 7.58149 0.530149
      vertex 0 3.09363 0.198617
      vertex 0 7.6 0
    endloop
  endfacet
  facet normal 1 0 0
    outer loop
      vertex 0 7.6 0
      vertex 0 3.09363 0.198617
      vertex 0 3.09363 0
    endloop
  endfacet
  facet normal 0 0.984806 -0.173657
    outer loop
      vertex 79 -7.52604 1.05772
      vertex 78 -7.43392 1.58013
      vertex 79 -7.43392 1.58013
    endloop
  endfacet
  facet normal 0 0.984806 -0.173657
    outer loop
      vertex 78 -7.43392 1.58013
      vertex 79 -7.52604 1.05772
      vertex 78 -7.52604 1.05772
    endloop
  endfacet
  facet normal 0 0.984806 -0.173657
    outer loop
      vertex 64 -7.52604 1.05772
      vertex 0 -7.43392 1.58013
      vertex 64 -7.43392 1.58013
    endloop
  endfacet
  facet normal 0 0.984806 -0.173657
    outer loop
      vertex 0 -7.43392 1.58013
      vertex 64 -7.52604 1.05772
      vertex 0 -7.52604 1.05772
    endloop
  endfacet
  facet normal 0 0.469469 -0.882949
    outer loop
      vertex 0 -3.8 6.58179
      vertex 79 -3.33162 6.83083
      vertex 79 -3.8 6.58179
    endloop
  endfacet
  facet normal 0 0.469469 -0.882949
    outer loop
      vertex 79 -3.33162 6.83083
      vertex 0 -3.8 6.58179
      vertex 0 -3.33162 6.83083
    endloop
  endfacet
  facet normal 0 0.694661 -0.719337
    outer loop
      vertex 0 -5.46698 5.2794
      vertex 64 -5.08539 5.6479
      vertex 64 -5.46698 5.2794
    endloop
  endfacet
  facet normal 0 0.694661 -0.719337
    outer loop
      vertex 64 -5.08539 5.6479
      vertex 0 -5.46698 5.2794
      vertex 0 -5.08539 5.6479
    endloop
  endfacet
  facet normal 0 0.694661 -0.719337
    outer loop
      vertex 78 -5.46698 5.2794
      vertex 79 -5.08539 5.6479
      vertex 79 -5.46698 5.2794
    endloop
  endfacet
  facet normal 0 0.694661 -0.719337
    outer loop
      vertex 79 -5.08539 5.6479
      vertex 78 -5.46698 5.2794
      vertex 78 -5.08539 5.6479
    endloop
  endfacet
  facet normal 0 0.642784 -0.766048
    outer loop
      vertex 64 -5.08539 5.6479
      vertex 0 -5.08539 5.6479
      vertex 64 -5 5.71955
    endloop
  endfacet
  facet normal 0 0.642784 -0.766048
    outer loop
      vertex 78 -5 5.71955
      vertex 79 -5.08539 5.6479
      vertex 78 -5.08539 5.6479
    endloop
  endfacet
  facet normal 1.10883e-06 0.642791 -0.766041
    outer loop
      vertex 79 -5.08539 5.6479
      vertex 78 -5 5.71955
      vertex 79 -4.67903 5.98888
    endloop
  endfacet
  facet normal 0 0.642793 -0.76604
    outer loop
      vertex 64 -5 5.71955
      vertex 79 -4.67903 5.98888
      vertex 78 -5 5.71955
    endloop
  endfacet
  facet normal -1.73255e-08 0.642791 -0.766041
    outer loop
      vertex 0 -4.67903 5.98888
      vertex 64 -5 5.71955
      vertex 0 -5.08539 5.6479
    endloop
  endfacet
  facet normal 0 0.642793 -0.76604
    outer loop
      vertex 64 -5 5.71955
      vertex 0 -4.67903 5.98888
      vertex 79 -4.67903 5.98888
    endloop
  endfacet
  facet normal 0 0.587782 -0.80902
    outer loop
      vertex 0 -4.67903 5.98888
      vertex 79 -4.24987 6.30068
      vertex 79 -4.67903 5.98888
    endloop
  endfacet
  facet normal 0 0.587782 -0.80902
    outer loop
      vertex 79 -4.24987 6.30068
      vertex 0 -4.67903 5.98888
      vertex 0 -4.24987 6.30068
    endloop
  endfacet
  facet normal 0 0.898795 -0.438369
    outer loop
      vertex 64 -6.94294 3.0912
      vertex 0 -6.7104 3.56798
      vertex 64 -6.7104 3.56798
    endloop
  endfacet
  facet normal 0 0.898795 -0.438369
    outer loop
      vertex 0 -6.7104 3.56798
      vertex 64 -6.94294 3.0912
      vertex 0 -6.94294 3.0912
    endloop
  endfacet
  facet normal 0 0.898795 -0.438369
    outer loop
      vertex 79 -6.94294 3.0912
      vertex 78 -6.7104 3.56798
      vertex 79 -6.7104 3.56798
    endloop
  endfacet
  facet normal 0 0.898795 -0.438369
    outer loop
      vertex 78 -6.7104 3.56798
      vertex 79 -6.94294 3.0912
      vertex 78 -6.94294 3.0912
    endloop
  endfacet
  facet normal 0 -0.0697493 -0.997565
    outer loop
      vertex 0 0.265236 7.59537
      vertex 79 0.794415 7.55837
      vertex 79 0.265236 7.59537
    endloop
  endfacet
  facet normal -0 -0.0697493 -0.997565
    outer loop
      vertex 79 0.794415 7.55837
      vertex 0 0.265236 7.59537
      vertex 0 0.794415 7.55837
    endloop
  endfacet
  facet normal 0 -0.139176 -0.990268
    outer loop
      vertex 0 0.794415 7.55837
      vertex 79 1.31973 7.48454
      vertex 79 0.794415 7.55837
    endloop
  endfacet
  facet normal -0 -0.139176 -0.990268
    outer loop
      vertex 79 1.31973 7.48454
      vertex 0 0.794415 7.55837
      vertex 0 1.31973 7.48454
    endloop
  endfacet
  facet normal 0 -0.642791 -0.766041
    outer loop
      vertex 79 4.67903 5.98888
      vertex 47.1204 5.08539 5.6479
      vertex 79 5.08539 5.6479
    endloop
  endfacet
  facet normal 0 -0.642791 -0.766041
    outer loop
      vertex 47.1204 5.08539 5.6479
      vertex 79 4.67903 5.98888
      vertex 46.9934 4.67903 5.98888
    endloop
  endfacet
  facet normal 0 -0.642791 -0.766041
    outer loop
      vertex 0 4.67903 5.98888
      vertex 22.8796 5.08539 5.6479
      vertex 23.0066 4.67903 5.98888
    endloop
  endfacet
  facet normal -0 -0.642791 -0.766041
    outer loop
      vertex 22.8796 5.08539 5.6479
      vertex 0 4.67903 5.98888
      vertex 0 5.08539 5.6479
    endloop
  endfacet
  facet normal 0 -0.469469 -0.882949
    outer loop
      vertex 79 3.33162 6.83083
      vertex 46.7188 3.8 6.58179
      vertex 79 3.8 6.58179
    endloop
  endfacet
  facet normal 1.98033e-07 -0.469458 -0.882955
    outer loop
      vertex 79 3.33162 6.83083
      vertex 46.6674 3.63575 6.66912
      vertex 46.7188 3.8 6.58179
    endloop
  endfacet
  facet normal -1.03167e-07 -0.469483 -0.882942
    outer loop
      vertex 79 3.33162 6.83083
      vertex 46.5502 3.38359 6.8032
      vertex 46.6674 3.63575 6.66912
    endloop
  endfacet
  facet normal 0 -0.469433 -0.882968
    outer loop
      vertex 46.5502 3.38359 6.8032
      vertex 79 3.33162 6.83083
      vertex 46.5096 3.33162 6.83083
    endloop
  endfacet
  facet normal 0 -0.469433 -0.882968
    outer loop
      vertex 0 3.33162 6.83083
      vertex 23.4498 3.38359 6.8032
      vertex 23.4904 3.33162 6.83083
    endloop
  endfacet
  facet normal 1.42722e-07 -0.469483 -0.882942
    outer loop
      vertex 0 3.33162 6.83083
      vertex 23.3326 3.63575 6.66912
      vertex 23.4498 3.38359 6.8032
    endloop
  endfacet
  facet normal -2.7411e-07 -0.469458 -0.882955
    outer loop
      vertex 0 3.33162 6.83083
      vertex 23.2812 3.8 6.58179
      vertex 23.3326 3.63575 6.66912
    endloop
  endfacet
  facet normal -0 -0.469469 -0.882949
    outer loop
      vertex 23.2812 3.8 6.58179
      vertex 0 3.33162 6.83083
      vertex 0 3.8 6.58179
    endloop
  endfacet
  facet normal -0 -0.788014 -0.615658
    outer loop
      vertex 22.5473 6.14853 4.46717
      vertex 0 5.82194 4.88519
      vertex 0 6.14853 4.46717
    endloop
  endfacet
  facet normal 0 -0.788014 -0.615658
    outer loop
      vertex 0 5.82194 4.88519
      vertex 22.5473 6.14853 4.46717
      vertex 22.6494 5.82194 4.88519
    endloop
  endfacet
  facet normal 0 -0.788014 -0.615658
    outer loop
      vertex 47.4527 6.14853 4.46717
      vertex 79 5.82194 4.88519
      vertex 47.3506 5.82194 4.88519
    endloop
  endfacet
  facet normal 0 -0.788014 -0.615658
    outer loop
      vertex 79 5.82194 4.88519
      vertex 47.4527 6.14853 4.46717
      vertex 79 6.14853 4.46717
    endloop
  endfacet
  facet normal 0 -0.829042 -0.559186
    outer loop
      vertex 47.5454 6.44516 4.02739
      vertex 79 6.14853 4.46717
      vertex 47.4527 6.14853 4.46717
    endloop
  endfacet
  facet normal 0 -0.829042 -0.559186
    outer loop
      vertex 79 6.14853 4.46717
      vertex 47.5454 6.44516 4.02739
      vertex 79 6.44516 4.02739
    endloop
  endfacet
  facet normal -0 -0.829042 -0.559186
    outer loop
      vertex 22.4546 6.44516 4.02739
      vertex 0 6.14853 4.46717
      vertex 0 6.44516 4.02739
    endloop
  endfacet
  facet normal 0 -0.829042 -0.559186
    outer loop
      vertex 0 6.14853 4.46717
      vertex 22.4546 6.44516 4.02739
      vertex 22.5473 6.14853 4.46717
    endloop
  endfacet
  facet normal -0 -0.970296 -0.241919
    outer loop
      vertex 22.1456 7.43392 1.58013
      vertex 0 7.30559 2.09484
      vertex 0 7.43392 1.58013
    endloop
  endfacet
  facet normal 0 -0.970296 -0.241919
    outer loop
      vertex 0 7.30559 2.09484
      vertex 22.1456 7.43392 1.58013
      vertex 22.1858 7.30559 2.09484
    endloop
  endfacet
  facet normal 0 -0.970296 -0.241919
    outer loop
      vertex 47.8544 7.43392 1.58013
      vertex 79 7.30559 2.09484
      vertex 47.8142 7.30559 2.09484
    endloop
  endfacet
  facet normal 0 -0.970296 -0.241919
    outer loop
      vertex 79 7.30559 2.09484
      vertex 47.8544 7.43392 1.58013
      vertex 79 7.43392 1.58013
    endloop
  endfacet
  facet normal 0 0.139176 -0.990268
    outer loop
      vertex 0 -1.31973 7.48454
      vertex 79 -0.794415 7.55837
      vertex 79 -1.31973 7.48454
    endloop
  endfacet
  facet normal 0 0.139176 -0.990268
    outer loop
      vertex 79 -0.794415 7.55837
      vertex 0 -1.31973 7.48454
      vertex 0 -0.794415 7.55837
    endloop
  endfacet
  facet normal 0 0.866026 -0.499999
    outer loop
      vertex 79 -6.7104 3.56798
      vertex 78 -6.44516 4.02739
      vertex 79 -6.44516 4.02739
    endloop
  endfacet
  facet normal 0 0.866026 -0.499999
    outer loop
      vertex 78 -6.44516 4.02739
      vertex 79 -6.7104 3.56798
      vertex 78 -6.7104 3.56798
    endloop
  endfacet
  facet normal 0 0.866026 -0.499999
    outer loop
      vertex 64 -6.7104 3.56798
      vertex 0 -6.44516 4.02739
      vertex 64 -6.44516 4.02739
    endloop
  endfacet
  facet normal 0 0.866026 -0.499999
    outer loop
      vertex 0 -6.44516 4.02739
      vertex 64 -6.7104 3.56798
      vertex 0 -6.7104 3.56798
    endloop
  endfacet
  facet normal 0 0.743134 -0.669143
    outer loop
      vertex 64 -5.82194 4.88519
      vertex 0 -5.46698 5.2794
      vertex 64 -5.46698 5.2794
    endloop
  endfacet
  facet normal 0 0.743134 -0.669143
    outer loop
      vertex 0 -5.46698 5.2794
      vertex 64 -5.82194 4.88519
      vertex 0 -5.82194 4.88519
    endloop
  endfacet
  facet normal 0 0.743134 -0.669143
    outer loop
      vertex 79 -5.82194 4.88519
      vertex 78 -5.46698 5.2794
      vertex 79 -5.46698 5.2794
    endloop
  endfacet
  facet normal 0 0.743134 -0.669143
    outer loop
      vertex 78 -5.46698 5.2794
      vertex 79 -5.82194 4.88519
      vertex 78 -5.82194 4.88519
    endloop
  endfacet
  facet normal 0 0.529919 -0.848048
    outer loop
      vertex 0 -4.24987 6.30068
      vertex 79 -3.8 6.58179
      vertex 79 -4.24987 6.30068
    endloop
  endfacet
  facet normal 0 0.529919 -0.848048
    outer loop
      vertex 79 -3.8 6.58179
      vertex 0 -4.24987 6.30068
      vertex 0 -3.8 6.58179
    endloop
  endfacet
  facet normal 0 -0.529919 -0.848048
    outer loop
      vertex 79 3.8 6.58179
      vertex 46.8593 4.24987 6.30068
      vertex 79 4.24987 6.30068
    endloop
  endfacet
  facet normal 0 -0.529919 -0.848048
    outer loop
      vertex 46.8593 4.24987 6.30068
      vertex 79 3.8 6.58179
      vertex 46.7188 3.8 6.58179
    endloop
  endfacet
  facet normal 0 -0.529919 -0.848048
    outer loop
      vertex 0 3.8 6.58179
      vertex 23.1407 4.24987 6.30068
      vertex 23.2812 3.8 6.58179
    endloop
  endfacet
  facet normal -0 -0.529919 -0.848048
    outer loop
      vertex 23.1407 4.24987 6.30068
      vertex 0 3.8 6.58179
      vertex 0 4.24987 6.30068
    endloop
  endfacet
  facet normal 0 -0.694661 -0.719337
    outer loop
      vertex 79 5.08539 5.6479
      vertex 47.2397 5.46698 5.2794
      vertex 79 5.46698 5.2794
    endloop
  endfacet
  facet normal 0 -0.694661 -0.719337
    outer loop
      vertex 47.2397 5.46698 5.2794
      vertex 79 5.08539 5.6479
      vertex 47.1204 5.08539 5.6479
    endloop
  endfacet
  facet normal 0 -0.694661 -0.719337
    outer loop
      vertex 0 5.08539 5.6479
      vertex 22.7603 5.46698 5.2794
      vertex 22.8796 5.08539 5.6479
    endloop
  endfacet
  facet normal -0 -0.694661 -0.719337
    outer loop
      vertex 22.7603 5.46698 5.2794
      vertex 0 5.08539 5.6479
      vertex 0 5.46698 5.2794
    endloop
  endfacet
  facet normal -0 -0.743134 -0.669143
    outer loop
      vertex 22.6494 5.82194 4.88519
      vertex 0 5.46698 5.2794
      vertex 0 5.82194 4.88519
    endloop
  endfacet
  facet normal 0 -0.743134 -0.669143
    outer loop
      vertex 0 5.46698 5.2794
      vertex 22.6494 5.82194 4.88519
      vertex 22.7603 5.46698 5.2794
    endloop
  endfacet
  facet normal 0 -0.743134 -0.669143
    outer loop
      vertex 47.3506 5.82194 4.88519
      vertex 79 5.46698 5.2794
      vertex 47.2397 5.46698 5.2794
    endloop
  endfacet
  facet normal 0 -0.743134 -0.669143
    outer loop
      vertex 79 5.46698 5.2794
      vertex 47.3506 5.82194 4.88519
      vertex 79 5.82194 4.88519
    endloop
  endfacet
  facet normal -0 -0.927184 -0.374606
    outer loop
      vertex 22.237 7.14166 2.59935
      vertex 0 6.94294 3.0912
      vertex 0 7.14166 2.59935
    endloop
  endfacet
  facet normal 0 -0.927184 -0.374606
    outer loop
      vertex 0 6.94294 3.0912
      vertex 22.237 7.14166 2.59935
      vertex 22.2991 6.94294 3.0912
    endloop
  endfacet
  facet normal 0 -0.927184 -0.374606
    outer loop
      vertex 47.763 7.14166 2.59935
      vertex 79 6.94294 3.0912
      vertex 47.7009 6.94294 3.0912
    endloop
  endfacet
  facet normal 0 -0.927184 -0.374606
    outer loop
      vertex 79 6.94294 3.0912
      vertex 47.763 7.14166 2.59935
      vertex 79 7.14166 2.59935
    endloop
  endfacet
  facet normal -0 -0.951054 -0.309025
    outer loop
      vertex 22.1858 7.30559 2.09484
      vertex 0 7.14166 2.59935
      vertex 0 7.30559 2.09484
    endloop
  endfacet
  facet normal 0 -0.951054 -0.309025
    outer loop
      vertex 0 7.14166 2.59935
      vertex 22.1858 7.30559 2.09484
      vertex 22.237 7.14166 2.59935
    endloop
  endfacet
  facet normal 0 -0.951054 -0.309025
    outer loop
      vertex 47.8142 7.30559 2.09484
      vertex 79 7.14166 2.59935
      vertex 47.763 7.14166 2.59935
    endloop
  endfacet
  facet normal 0 -0.951054 -0.309025
    outer loop
      vertex 79 7.14166 2.59935
      vertex 47.8142 7.30559 2.09484
      vertex 79 7.30559 2.09484
    endloop
  endfacet
  facet normal 0 -0.994522 -0.104529
    outer loop
      vertex 47.9005 7.58149 0.530149
      vertex 79 7.52604 1.05772
      vertex 47.8831 7.52604 1.05772
    endloop
  endfacet
  facet normal 0 -0.994522 -0.104529
    outer loop
      vertex 79 7.52604 1.05772
      vertex 47.9005 7.58149 0.530149
      vertex 79 7.58149 0.530149
    endloop
  endfacet
  facet normal -0 -0.994522 -0.104529
    outer loop
      vertex 22.0995 7.58149 0.530149
      vertex 0 7.52604 1.05772
      vertex 0 7.58149 0.530149
    endloop
  endfacet
  facet normal 0 -0.994522 -0.104529
    outer loop
      vertex 0 7.52604 1.05772
      vertex 22.0995 7.58149 0.530149
      vertex 22.1169 7.52604 1.05772
    endloop
  endfacet
  facet normal -0 -0.999391 -0.0348935
    outer loop
      vertex 22.0938 7.6 0
      vertex 0 7.58149 0.530149
      vertex 0 7.6 0
    endloop
  endfacet
  facet normal 0 -0.999391 -0.0348935
    outer loop
      vertex 0 7.58149 0.530149
      vertex 22.0938 7.6 0
      vertex 22.0995 7.58149 0.530149
    endloop
  endfacet
  facet normal 0 -0.999391 -0.0348935
    outer loop
      vertex 47.9062 7.6 0
      vertex 79 7.58149 0.530149
      vertex 47.9005 7.58149 0.530149
    endloop
  endfacet
  facet normal 0 -0.999391 -0.0348935
    outer loop
      vertex 79 7.58149 0.530149
      vertex 47.9062 7.6 0
      vertex 79 7.6 0
    endloop
  endfacet
  facet normal 0 0.275642 -0.96126
    outer loop
      vertex 0 -2.34853 7.22803
      vertex 79 -1.83861 7.37425
      vertex 79 -2.34853 7.22803
    endloop
  endfacet
  facet normal 0 0.275642 -0.96126
    outer loop
      vertex 79 -1.83861 7.37425
      vertex 0 -2.34853 7.22803
      vertex 0 -1.83861 7.37425
    endloop
  endfacet
  facet normal 0 -0.207909 -0.978148
    outer loop
      vertex 0 1.31973 7.48454
      vertex 79 1.83861 7.37425
      vertex 79 1.31973 7.48454
    endloop
  endfacet
  facet normal -0 -0.207909 -0.978148
    outer loop
      vertex 79 1.83861 7.37425
      vertex 0 1.31973 7.48454
      vertex 0 1.83861 7.37425
    endloop
  endfacet
  facet normal 0 -0.587782 -0.80902
    outer loop
      vertex 0 4.24987 6.30068
      vertex 23.0066 4.67903 5.98888
      vertex 23.1407 4.24987 6.30068
    endloop
  endfacet
  facet normal -0 -0.587782 -0.80902
    outer loop
      vertex 23.0066 4.67903 5.98888
      vertex 0 4.24987 6.30068
      vertex 0 4.67903 5.98888
    endloop
  endfacet
  facet normal 0 -0.587782 -0.80902
    outer loop
      vertex 79 4.24987 6.30068
      vertex 46.9934 4.67903 5.98888
      vertex 79 4.67903 5.98888
    endloop
  endfacet
  facet normal 0 -0.587782 -0.80902
    outer loop
      vertex 46.9934 4.67903 5.98888
      vertex 79 4.24987 6.30068
      vertex 46.8593 4.24987 6.30068
    endloop
  endfacet
  facet normal 0 -0.898795 -0.438369
    outer loop
      vertex 47.7009 6.94294 3.0912
      vertex 79 6.7104 3.56798
      vertex 47.6283 6.7104 3.56798
    endloop
  endfacet
  facet normal 0 -0.898795 -0.438369
    outer loop
      vertex 79 6.7104 3.56798
      vertex 47.7009 6.94294 3.0912
      vertex 79 6.94294 3.0912
    endloop
  endfacet
  facet normal -0 -0.898795 -0.438369
    outer loop
      vertex 22.2991 6.94294 3.0912
      vertex 0 6.7104 3.56798
      vertex 0 6.94294 3.0912
    endloop
  endfacet
  facet normal 0 -0.898795 -0.438369
    outer loop
      vertex 0 6.7104 3.56798
      vertex 22.2991 6.94294 3.0912
      vertex 22.3717 6.7104 3.56798
    endloop
  endfacet
  facet normal 0 -0.342017 -0.939694
    outer loop
      vertex 79 2.34853 7.22803
      vertex 46.0286 2.84701 7.0466
      vertex 79 2.84701 7.0466
    endloop
  endfacet
  facet normal 5.20064e-07 -0.341987 -0.939705
    outer loop
      vertex 79 2.34853 7.22803
      vertex 45.7818 2.67618 7.10877
      vertex 46.0286 2.84701 7.0466
    endloop
  endfacet
  facet normal -3.08082e-08 -0.342036 -0.939687
    outer loop
      vertex 79 2.34853 7.22803
      vertex 45.4224 2.4959 7.17439
      vertex 45.7818 2.67618 7.10877
    endloop
  endfacet
  facet normal 1.90999e-07 -0.341991 -0.939703
    outer loop
      vertex 79 2.34853 7.22803
      vertex 45.0347 2.36192 7.22315
      vertex 45.4224 2.4959 7.17439
    endloop
  endfacet
  facet normal 0 -0.342419 -0.939547
    outer loop
      vertex 45.0347 2.36192 7.22315
      vertex 79 2.34853 7.22803
      vertex 44.9696 2.34853 7.22803
    endloop
  endfacet
  facet normal 0 -0.342419 -0.939547
    outer loop
      vertex 0 2.34853 7.22803
      vertex 24.9653 2.36192 7.22315
      vertex 25.0304 2.34853 7.22803
    endloop
  endfacet
  facet normal -2.59747e-07 -0.341992 -0.939703
    outer loop
      vertex 0 2.34853 7.22803
      vertex 24.5776 2.4959 7.17439
      vertex 24.9653 2.36192 7.22315
    endloop
  endfacet
  facet normal 4.19565e-08 -0.342036 -0.939687
    outer loop
      vertex 0 2.34853 7.22803
      vertex 24.2182 2.67618 7.10877
      vertex 24.5776 2.4959 7.17439
    endloop
  endfacet
  facet normal -7.09625e-07 -0.341987 -0.939705
    outer loop
      vertex 0 2.34853 7.22803
      vertex 23.9714 2.84701 7.0466
      vertex 24.2182 2.67618 7.10877
    endloop
  endfacet
  facet normal -0 -0.342017 -0.939694
    outer loop
      vertex 23.9714 2.84701 7.0466
      vertex 0 2.34853 7.22803
      vertex 0 2.84701 7.0466
    endloop
  endfacet
  facet normal 0 -0.406749 -0.91354
    outer loop
      vertex 79 2.84701 7.0466
      vertex 46.5096 3.33162 6.83083
      vertex 79 3.33162 6.83083
    endloop
  endfacet
  facet normal 9.7585e-08 -0.406743 -0.913542
    outer loop
      vertex 79 2.84701 7.0466
      vertex 46.3571 3.12984 6.92067
      vertex 46.5096 3.33162 6.83083
    endloop
  endfacet
  facet normal 2.07661e-08 -0.406751 -0.913539
    outer loop
      vertex 79 2.84701 7.0466
      vertex 46.0983 2.89314 7.02606
      vertex 46.3571 3.12984 6.92067
    endloop
  endfacet
  facet normal 0 -0.406763 -0.913534
    outer loop
      vertex 46.0983 2.89314 7.02606
      vertex 79 2.84701 7.0466
      vertex 46.0286 2.84701 7.0466
    endloop
  endfacet
  facet normal 0 -0.406763 -0.913534
    outer loop
      vertex 0 2.84701 7.0466
      vertex 23.9017 2.89314 7.02606
      vertex 23.9714 2.84701 7.0466
    endloop
  endfacet
  facet normal -2.85689e-08 -0.406751 -0.913539
    outer loop
      vertex 0 2.84701 7.0466
      vertex 23.6429 3.12984 6.92067
      vertex 23.9017 2.89314 7.02606
    endloop
  endfacet
  facet normal -1.34399e-07 -0.406743 -0.913542
    outer loop
      vertex 0 2.84701 7.0466
      vertex 23.4904 3.33162 6.83083
      vertex 23.6429 3.12984 6.92067
    endloop
  endfacet
  facet normal -0 -0.406749 -0.91354
    outer loop
      vertex 23.4904 3.33162 6.83083
      vertex 0 2.84701 7.0466
      vertex 0 3.33162 6.83083
    endloop
  endfacet
  facet normal 0 -0.275642 -0.96126
    outer loop
      vertex 79 1.83861 7.37425
      vertex 44.9696 2.34853 7.22803
      vertex 79 2.34853 7.22803
    endloop
  endfacet
  facet normal -4.9785e-07 -0.275673 -0.961251
    outer loop
      vertex 79 1.83861 7.37425
      vertex 44.6325 2.27534 7.24902
      vertex 44.9696 2.34853 7.22803
    endloop
  endfacet
  facet normal 6.48202e-07 -0.27559 -0.961275
    outer loop
      vertex 79 1.83861 7.37425
      vertex 44.2331 2.24583 7.25748
      vertex 44.6325 2.27534 7.24902
    endloop
  endfacet
  facet normal 0 -0.275641 -0.961261
    outer loop
      vertex 79 1.83861 7.37425
      vertex 25.7669 2.24583 7.25748
      vertex 44.2331 2.24583 7.25748
    endloop
  endfacet
  facet normal 0 -0.275641 -0.961261
    outer loop
      vertex 0 1.83861 7.37425
      vertex 25.7669 2.24583 7.25748
      vertex 79 1.83861 7.37425
    endloop
  endfacet
  facet normal -8.34714e-07 -0.275592 -0.961275
    outer loop
      vertex 0 1.83861 7.37425
      vertex 25.3675 2.27534 7.24902
      vertex 25.7669 2.24583 7.25748
    endloop
  endfacet
  facet normal 6.61503e-07 -0.275672 -0.961252
    outer loop
      vertex 0 1.83861 7.37425
      vertex 25.0304 2.34853 7.22803
      vertex 25.3675 2.27534 7.24902
    endloop
  endfacet
  facet normal -0 -0.275642 -0.96126
    outer loop
      vertex 25.0304 2.34853 7.22803
      vertex 0 1.83861 7.37425
      vertex 0 2.34853 7.22803
    endloop
  endfacet
  facet normal 0 -0.866026 -0.499999
    outer loop
      vertex 47.6283 6.7104 3.56798
      vertex 79 6.44516 4.02739
      vertex 47.5454 6.44516 4.02739
    endloop
  endfacet
  facet normal 0 -0.866026 -0.499999
    outer loop
      vertex 79 6.44516 4.02739
      vertex 47.6283 6.7104 3.56798
      vertex 79 6.7104 3.56798
    endloop
  endfacet
  facet normal -0 -0.866026 -0.499999
    outer loop
      vertex 22.3717 6.7104 3.56798
      vertex 0 6.44516 4.02739
      vertex 0 6.7104 3.56798
    endloop
  endfacet
  facet normal 0 -0.866026 -0.499999
    outer loop
      vertex 0 6.44516 4.02739
      vertex 22.3717 6.7104 3.56798
      vertex 22.4546 6.44516 4.02739
    endloop
  endfacet
  facet normal 0 0.998176 -0.0603767
    outer loop
      vertex 82.6 -3.3 0
      vertex 79 -3.27594 0.397771
      vertex 82.6 -3.27594 0.397771
    endloop
  endfacet
  facet normal 0 0.998176 -0.0603767
    outer loop
      vertex 79 -3.27594 0.397771
      vertex 82.6 -3.3 0
      vertex 79 -3.3 0
    endloop
  endfacet
  facet normal 0 0.911898 -0.410416
    outer loop
      vertex 82.6 -3.08555 1.1702
      vertex 79 -2.922 1.53359
      vertex 82.6 -2.922 1.53359
    endloop
  endfacet
  facet normal 0 0.911898 -0.410416
    outer loop
      vertex 79 -2.922 1.53359
      vertex 82.6 -3.08555 1.1702
      vertex 79 -3.08555 1.1702
    endloop
  endfacet
  facet normal 0 0.954718 -0.297513
    outer loop
      vertex 82.6 -3.20411 0.789742
      vertex 79 -3.08555 1.1702
      vertex 82.6 -3.08555 1.1702
    endloop
  endfacet
  facet normal 0 0.954718 -0.297513
    outer loop
      vertex 79 -3.08555 1.1702
      vertex 82.6 -3.20411 0.789742
      vertex 79 -3.20411 0.789742
    endloop
  endfacet
  facet normal 0 -0.998176 -0.0603767
    outer loop
      vertex 79 3.3 0
      vertex 82.6 3.27594 0.397771
      vertex 79 3.27594 0.397771
    endloop
  endfacet
  facet normal 0 -0.998176 -0.0603767
    outer loop
      vertex 82.6 3.27594 0.397771
      vertex 79 3.3 0
      vertex 82.6 3.3 0
    endloop
  endfacet
  facet normal 0 0.180252 -0.983621
    outer loop
      vertex 79 -0.789742 3.20411
      vertex 82.6 -0.397771 3.27594
      vertex 82.6 -0.789742 3.20411
    endloop
  endfacet
  facet normal 0 0.180252 -0.983621
    outer loop
      vertex 82.6 -0.397771 3.27594
      vertex 79 -0.789742 3.20411
      vertex 79 -0.397771 3.27594
    endloop
  endfacet
  facet normal 0 0.410416 -0.911898
    outer loop
      vertex 79 -1.53359 2.922
      vertex 82.6 -1.1702 3.08555
      vertex 82.6 -1.53359 2.922
    endloop
  endfacet
  facet normal 0 0.410416 -0.911898
    outer loop
      vertex 82.6 -1.1702 3.08555
      vertex 79 -1.53359 2.922
      vertex 79 -1.1702 3.08555
    endloop
  endfacet
  facet normal 0 0.983621 -0.180252
    outer loop
      vertex 82.6 -3.27594 0.397771
      vertex 79 -3.20411 0.789742
      vertex 82.6 -3.20411 0.789742
    endloop
  endfacet
  facet normal 0 0.983621 -0.180252
    outer loop
      vertex 79 -3.20411 0.789742
      vertex 82.6 -3.27594 0.397771
      vertex 79 -3.27594 0.397771
    endloop
  endfacet
  facet normal 0 0.707107 -0.707107
    outer loop
      vertex 82.6 -2.47009 2.1883
      vertex 79 -2.1883 2.47009
      vertex 82.6 -2.1883 2.47009
    endloop
  endfacet
  facet normal 0 0.707107 -0.707107
    outer loop
      vertex 79 -2.1883 2.47009
      vertex 82.6 -2.47009 2.1883
      vertex 79 -2.47009 2.1883
    endloop
  endfacet
  facet normal 0 0.787184 -0.616718
    outer loop
      vertex 82.6 -2.71585 1.87461
      vertex 79 -2.47009 2.1883
      vertex 82.6 -2.47009 2.1883
    endloop
  endfacet
  facet normal 0 0.787184 -0.616718
    outer loop
      vertex 79 -2.47009 2.1883
      vertex 82.6 -2.71585 1.87461
      vertex 79 -2.71585 1.87461
    endloop
  endfacet
  facet normal 0 0.855785 -0.517331
    outer loop
      vertex 82.6 -2.922 1.53359
      vertex 79 -2.71585 1.87461
      vertex 82.6 -2.71585 1.87461
    endloop
  endfacet
  facet normal 0 0.855785 -0.517331
    outer loop
      vertex 79 -2.71585 1.87461
      vertex 82.6 -2.922 1.53359
      vertex 79 -2.922 1.53359
    endloop
  endfacet
  facet normal 0 -0.911898 -0.410416
    outer loop
      vertex 79 3.08555 1.1702
      vertex 82.6 2.922 1.53359
      vertex 79 2.922 1.53359
    endloop
  endfacet
  facet normal 0 -0.911898 -0.410416
    outer loop
      vertex 82.6 2.922 1.53359
      vertex 79 3.08555 1.1702
      vertex 82.6 3.08555 1.1702
    endloop
  endfacet
  facet normal 0 -0.954718 -0.297513
    outer loop
      vertex 79 3.20411 0.789742
      vertex 82.6 3.08555 1.1702
      vertex 79 3.08555 1.1702
    endloop
  endfacet
  facet normal 0 -0.954718 -0.297513
    outer loop
      vertex 82.6 3.08555 1.1702
      vertex 79 3.20411 0.789742
      vertex 82.6 3.20411 0.789742
    endloop
  endfacet
  facet normal 0 -0.707107 -0.707107
    outer loop
      vertex 79 2.47009 2.1883
      vertex 82.6 2.1883 2.47009
      vertex 79 2.1883 2.47009
    endloop
  endfacet
  facet normal 0 -0.707107 -0.707107
    outer loop
      vertex 82.6 2.1883 2.47009
      vertex 79 2.47009 2.1883
      vertex 82.6 2.47009 2.1883
    endloop
  endfacet
  facet normal 0 0.297513 -0.954718
    outer loop
      vertex 79 -1.1702 3.08555
      vertex 82.6 -0.789742 3.20411
      vertex 82.6 -1.1702 3.08555
    endloop
  endfacet
  facet normal 0 0.297513 -0.954718
    outer loop
      vertex 82.6 -0.789742 3.20411
      vertex 79 -1.1702 3.08555
      vertex 79 -0.789742 3.20411
    endloop
  endfacet
  facet normal 0 0.616718 -0.787184
    outer loop
      vertex 79 -2.1883 2.47009
      vertex 82.6 -1.87461 2.71585
      vertex 82.6 -2.1883 2.47009
    endloop
  endfacet
  facet normal 0 0.616718 -0.787184
    outer loop
      vertex 82.6 -1.87461 2.71585
      vertex 79 -2.1883 2.47009
      vertex 79 -1.87461 2.71585
    endloop
  endfacet
  facet normal 0 0.517331 -0.855785
    outer loop
      vertex 79 -1.87461 2.71585
      vertex 82.6 -1.53359 2.922
      vertex 82.6 -1.87461 2.71585
    endloop
  endfacet
  facet normal 0 0.517331 -0.855785
    outer loop
      vertex 82.6 -1.53359 2.922
      vertex 79 -1.87461 2.71585
      vertex 79 -1.53359 2.922
    endloop
  endfacet
  facet normal 0 -0.410416 -0.911898
    outer loop
      vertex 79 1.1702 3.08555
      vertex 82.6 1.53359 2.922
      vertex 82.6 1.1702 3.08555
    endloop
  endfacet
  facet normal -0 -0.410416 -0.911898
    outer loop
      vertex 82.6 1.53359 2.922
      vertex 79 1.1702 3.08555
      vertex 79 1.53359 2.922
    endloop
  endfacet
  facet normal 0 0.0603767 -0.998176
    outer loop
      vertex 79 -0.397771 3.27594
      vertex 82.6 0 3.3
      vertex 82.6 -0.397771 3.27594
    endloop
  endfacet
  facet normal 0 0.0603767 -0.998176
    outer loop
      vertex 82.6 0 3.3
      vertex 79 -0.397771 3.27594
      vertex 79 0 3.3
    endloop
  endfacet
  facet normal 0 -0.0603767 -0.998176
    outer loop
      vertex 79 0 3.3
      vertex 82.6 0.397771 3.27594
      vertex 82.6 0 3.3
    endloop
  endfacet
  facet normal -0 -0.0603767 -0.998176
    outer loop
      vertex 82.6 0.397771 3.27594
      vertex 79 0 3.3
      vertex 79 0.397771 3.27594
    endloop
  endfacet
  facet normal 0 -0.983621 -0.180252
    outer loop
      vertex 79 3.27594 0.397771
      vertex 82.6 3.20411 0.789742
      vertex 79 3.20411 0.789742
    endloop
  endfacet
  facet normal 0 -0.983621 -0.180252
    outer loop
      vertex 82.6 3.20411 0.789742
      vertex 79 3.27594 0.397771
      vertex 82.6 3.27594 0.397771
    endloop
  endfacet
  facet normal 0 -0.297513 -0.954718
    outer loop
      vertex 79 0.789742 3.20411
      vertex 82.6 1.1702 3.08555
      vertex 82.6 0.789742 3.20411
    endloop
  endfacet
  facet normal -0 -0.297513 -0.954718
    outer loop
      vertex 82.6 1.1702 3.08555
      vertex 79 0.789742 3.20411
      vertex 79 1.1702 3.08555
    endloop
  endfacet
  facet normal -1 0 0
    outer loop
      vertex 82.6 3.3 0
      vertex 82.6 3.20411 0.789742
      vertex 82.6 3.27594 0.397771
    endloop
  endfacet
  facet normal -1 0 0
    outer loop
      vertex 82.6 3.3 0
      vertex 82.6 3.08555 1.1702
      vertex 82.6 3.20411 0.789742
    endloop
  endfacet
  facet normal -1 0 0
    outer loop
      vertex 82.6 3.3 0
      vertex 82.6 2.922 1.53359
      vertex 82.6 3.08555 1.1702
    endloop
  endfacet
  facet normal -1 0 0
    outer loop
      vertex 82.6 3.3 0
      vertex 82.6 2.71585 1.87461
      vertex 82.6 2.922 1.53359
    endloop
  endfacet
  facet normal -1 0 0
    outer loop
      vertex 82.6 3.3 0
      vertex 82.6 2.47009 2.1883
      vertex 82.6 2.71585 1.87461
    endloop
  endfacet
  facet normal -1 0 0
    outer loop
      vertex 82.6 3.3 0
      vertex 82.6 2.1883 2.47009
      vertex 82.6 2.47009 2.1883
    endloop
  endfacet
  facet normal -1 0 0
    outer loop
      vertex 82.6 3.3 0
      vertex 82.6 1.87461 2.71585
      vertex 82.6 2.1883 2.47009
    endloop
  endfacet
  facet normal -1 0 0
    outer loop
      vertex 82.6 3.3 0
      vertex 82.6 1.53359 2.922
      vertex 82.6 1.87461 2.71585
    endloop
  endfacet
  facet normal -1 0 0
    outer loop
      vertex 82.6 3.3 0
      vertex 82.6 1.1702 3.08555
      vertex 82.6 1.53359 2.922
    endloop
  endfacet
  facet normal -1 0 0
    outer loop
      vertex 82.6 3.3 0
      vertex 82.6 0.789742 3.20411
      vertex 82.6 1.1702 3.08555
    endloop
  endfacet
  facet normal -1 0 0
    outer loop
      vertex 82.6 3.3 0
      vertex 82.6 0.397771 3.27594
      vertex 82.6 0.789742 3.20411
    endloop
  endfacet
  facet normal -1 0 0
    outer loop
      vertex 82.6 3.3 0
      vertex 82.6 0 3.3
      vertex 82.6 0.397771 3.27594
    endloop
  endfacet
  facet normal -1 0 0
    outer loop
      vertex 82.6 3.3 0
      vertex 82.6 -0.397771 3.27594
      vertex 82.6 0 3.3
    endloop
  endfacet
  facet normal -1 0 0
    outer loop
      vertex 82.6 3.3 0
      vertex 82.6 -0.789742 3.20411
      vertex 82.6 -0.397771 3.27594
    endloop
  endfacet
  facet normal -1 0 0
    outer loop
      vertex 82.6 3.3 0
      vertex 82.6 -1.1702 3.08555
      vertex 82.6 -0.789742 3.20411
    endloop
  endfacet
  facet normal -1 0 0
    outer loop
      vertex 82.6 3.3 0
      vertex 82.6 -1.53359 2.922
      vertex 82.6 -1.1702 3.08555
    endloop
  endfacet
  facet normal -1 0 0
    outer loop
      vertex 82.6 3.3 0
      vertex 82.6 -1.87461 2.71585
      vertex 82.6 -1.53359 2.922
    endloop
  endfacet
  facet normal -1 0 0
    outer loop
      vertex 82.6 3.3 0
      vertex 82.6 -2.1883 2.47009
      vertex 82.6 -1.87461 2.71585
    endloop
  endfacet
  facet normal -1 0 0
    outer loop
      vertex 82.6 3.3 0
      vertex 82.6 -2.47009 2.1883
      vertex 82.6 -2.1883 2.47009
    endloop
  endfacet
  facet normal -1 0 0
    outer loop
      vertex 82.6 3.3 0
      vertex 82.6 -2.71585 1.87461
      vertex 82.6 -2.47009 2.1883
    endloop
  endfacet
  facet normal -1 0 0
    outer loop
      vertex 82.6 3.3 0
      vertex 82.6 -2.922 1.53359
      vertex 82.6 -2.71585 1.87461
    endloop
  endfacet
  facet normal -1 0 0
    outer loop
      vertex 82.6 3.3 0
      vertex 82.6 -3.08555 1.1702
      vertex 82.6 -2.922 1.53359
    endloop
  endfacet
  facet normal -1 0 0
    outer loop
      vertex 82.6 3.3 0
      vertex 82.6 -3.20411 0.789742
      vertex 82.6 -3.08555 1.1702
    endloop
  endfacet
  facet normal -1 0 0
    outer loop
      vertex 82.6 3.3 0
      vertex 82.6 -3.27594 0.397771
      vertex 82.6 -3.20411 0.789742
    endloop
  endfacet
  facet normal -1 0 -0
    outer loop
      vertex 82.6 -3.27594 0.397771
      vertex 82.6 3.3 0
      vertex 82.6 -3.3 0
    endloop
  endfacet
  facet normal 0 -0.180252 -0.983621
    outer loop
      vertex 79 0.397771 3.27594
      vertex 82.6 0.789742 3.20411
      vertex 82.6 0.397771 3.27594
    endloop
  endfacet
  facet normal -0 -0.180252 -0.983621
    outer loop
      vertex 82.6 0.789742 3.20411
      vertex 79 0.397771 3.27594
      vertex 79 0.789742 3.20411
    endloop
  endfacet
  facet normal 0 -0.787184 -0.616718
    outer loop
      vertex 79 2.71585 1.87461
      vertex 82.6 2.47009 2.1883
      vertex 79 2.47009 2.1883
    endloop
  endfacet
  facet normal 0 -0.787184 -0.616718
    outer loop
      vertex 82.6 2.47009 2.1883
      vertex 79 2.71585 1.87461
      vertex 82.6 2.71585 1.87461
    endloop
  endfacet
  facet normal 0 -0.855785 -0.517331
    outer loop
      vertex 79 2.922 1.53359
      vertex 82.6 2.71585 1.87461
      vertex 79 2.71585 1.87461
    endloop
  endfacet
  facet normal 0 -0.855785 -0.517331
    outer loop
      vertex 82.6 2.71585 1.87461
      vertex 79 2.922 1.53359
      vertex 82.6 2.922 1.53359
    endloop
  endfacet
  facet normal 0 -0.517331 -0.855785
    outer loop
      vertex 79 1.53359 2.922
      vertex 82.6 1.87461 2.71585
      vertex 82.6 1.53359 2.922
    endloop
  endfacet
  facet normal -0 -0.517331 -0.855785
    outer loop
      vertex 82.6 1.87461 2.71585
      vertex 79 1.53359 2.922
      vertex 79 1.87461 2.71585
    endloop
  endfacet
  facet normal 0 -0.616718 -0.787184
    outer loop
      vertex 79 1.87461 2.71585
      vertex 82.6 2.1883 2.47009
      vertex 82.6 1.87461 2.71585
    endloop
  endfacet
  facet normal -0 -0.616718 -0.787184
    outer loop
      vertex 82.6 2.1883 2.47009
      vertex 79 1.87461 2.71585
      vertex 79 2.1883 2.47009
    endloop
  endfacet
  facet normal -0.471634 0 -0.881795
    outer loop
      vertex 46.7654 7.9 12.8478
      vertex 47.1111 21 12.6629
      vertex 47.1111 7.9 12.6629
    endloop
  endfacet
  facet normal -0.471634 0 -0.881795
    outer loop
      vertex 47.1111 21 12.6629
      vertex 46.7654 7.9 12.8478
      vertex 46.7654 21 12.8478
    endloop
  endfacet
  facet normal -0.290248 0 -0.956951
    outer loop
      vertex 46.3902 7.9 12.9616
      vertex 46.7654 21 12.8478
      vertex 46.7654 7.9 12.8478
    endloop
  endfacet
  facet normal -0.290248 0 -0.956951
    outer loop
      vertex 46.7654 21 12.8478
      vertex 46.3902 7.9 12.9616
      vertex 46.3902 21 12.9616
    endloop
  endfacet
  facet normal 1 -0 0
    outer loop
      vertex 22 7.9 11
      vertex 22 21 0
      vertex 22 21 11
    endloop
  endfacet
  facet normal 1 0 0
    outer loop
      vertex 22 21 0
      vertex 22 7.9 11
      vertex 22 7.9 0
    endloop
  endfacet
  facet normal -0.097938 0 -0.995193
    outer loop
      vertex 46 7.9 13
      vertex 46.3902 21 12.9616
      vertex 46.3902 7.9 12.9616
    endloop
  endfacet
  facet normal -0.097938 0 -0.995193
    outer loop
      vertex 46.3902 21 12.9616
      vertex 46 7.9 13
      vertex 46 21 13
    endloop
  endfacet
  facet normal 0 0 -1
    outer loop
      vertex 24 7.9 13
      vertex 46 21 13
      vertex 46 7.9 13
    endloop
  endfacet
  facet normal -0 0 -1
    outer loop
      vertex 46 21 13
      vertex 24 7.9 13
      vertex 24 21 13
    endloop
  endfacet
  facet normal -1 0 0
    outer loop
      vertex 48 7.9 0
      vertex 48 21 11
      vertex 48 21 0
    endloop
  endfacet
  facet normal -1 -0 0
    outer loop
      vertex 48 21 11
      vertex 48 7.9 0
      vertex 48 7.9 11
    endloop
  endfacet
  facet normal 0.881795 0 -0.471634
    outer loop
      vertex 22.3371 7.9 12.1111
      vertex 22.1522 21 11.7654
      vertex 22.3371 21 12.1111
    endloop
  endfacet
  facet normal 0.881795 0 -0.471634
    outer loop
      vertex 22.1522 21 11.7654
      vertex 22.3371 7.9 12.1111
      vertex 22.1522 7.9 11.7654
    endloop
  endfacet
  facet normal 0.634321 0 -0.77307
    outer loop
      vertex 22.5858 7.9 12.4142
      vertex 22.8889 21 12.6629
      vertex 22.8889 7.9 12.6629
    endloop
  endfacet
  facet normal 0.634321 0 -0.77307
    outer loop
      vertex 22.8889 21 12.6629
      vertex 22.5858 7.9 12.4142
      vertex 22.5858 21 12.4142
    endloop
  endfacet
  facet normal 0.471634 0 -0.881795
    outer loop
      vertex 22.8889 7.9 12.6629
      vertex 23.2346 21 12.8478
      vertex 23.2346 7.9 12.8478
    endloop
  endfacet
  facet normal 0.471634 0 -0.881795
    outer loop
      vertex 23.2346 21 12.8478
      vertex 22.8889 7.9 12.6629
      vertex 22.8889 21 12.6629
    endloop
  endfacet
  facet normal 0.290248 0 -0.956951
    outer loop
      vertex 23.2346 7.9 12.8478
      vertex 23.6098 21 12.9616
      vertex 23.6098 7.9 12.9616
    endloop
  endfacet
  facet normal 0.290248 0 -0.956951
    outer loop
      vertex 23.6098 21 12.9616
      vertex 23.2346 7.9 12.8478
      vertex 23.2346 21 12.8478
    endloop
  endfacet
  facet normal -0.956951 0 -0.290248
    outer loop
      vertex 47.9616 7.9 11.3902
      vertex 47.8478 21 11.7654
      vertex 47.9616 21 11.3902
    endloop
  endfacet
  facet normal -0.956951 -0 -0.290248
    outer loop
      vertex 47.8478 21 11.7654
      vertex 47.9616 7.9 11.3902
      vertex 47.8478 7.9 11.7654
    endloop
  endfacet
  facet normal -0.634321 0 -0.77307
    outer loop
      vertex 47.1111 7.9 12.6629
      vertex 47.4142 21 12.4142
      vertex 47.4142 7.9 12.4142
    endloop
  endfacet
  facet normal -0.634321 0 -0.77307
    outer loop
      vertex 47.4142 21 12.4142
      vertex 47.1111 7.9 12.6629
      vertex 47.1111 21 12.6629
    endloop
  endfacet
  facet normal 0.77307 0 -0.634321
    outer loop
      vertex 22.5858 7.9 12.4142
      vertex 22.3371 21 12.1111
      vertex 22.5858 21 12.4142
    endloop
  endfacet
  facet normal 0.77307 0 -0.634321
    outer loop
      vertex 22.3371 21 12.1111
      vertex 22.5858 7.9 12.4142
      vertex 22.3371 7.9 12.1111
    endloop
  endfacet
  facet normal 0.995193 0 -0.097938
    outer loop
      vertex 22.0384 7.9 11.3902
      vertex 22 21 11
      vertex 22.0384 21 11.3902
    endloop
  endfacet
  facet normal 0.995193 0 -0.097938
    outer loop
      vertex 22 21 11
      vertex 22.0384 7.9 11.3902
      vertex 22 7.9 11
    endloop
  endfacet
  facet normal 0.097938 0 -0.995193
    outer loop
      vertex 23.6098 7.9 12.9616
      vertex 24 21 13
      vertex 24 7.9 13
    endloop
  endfacet
  facet normal 0.097938 0 -0.995193
    outer loop
      vertex 24 21 13
      vertex 23.6098 7.9 12.9616
      vertex 23.6098 21 12.9616
    endloop
  endfacet
  facet normal -0.995193 0 -0.097938
    outer loop
      vertex 48 7.9 11
      vertex 47.9616 21 11.3902
      vertex 48 21 11
    endloop
  endfacet
  facet normal -0.995193 -0 -0.097938
    outer loop
      vertex 47.9616 21 11.3902
      vertex 48 7.9 11
      vertex 47.9616 7.9 11.3902
    endloop
  endfacet
  facet normal -0.77307 0 -0.634321
    outer loop
      vertex 47.6629 7.9 12.1111
      vertex 47.4142 21 12.4142
      vertex 47.6629 21 12.1111
    endloop
  endfacet
  facet normal -0.77307 -0 -0.634321
    outer loop
      vertex 47.4142 21 12.4142
      vertex 47.6629 7.9 12.1111
      vertex 47.4142 7.9 12.4142
    endloop
  endfacet
  facet normal 0.956951 0 -0.290248
    outer loop
      vertex 22.1522 7.9 11.7654
      vertex 22.0384 21 11.3902
      vertex 22.1522 21 11.7654
    endloop
  endfacet
  facet normal 0.956951 0 -0.290248
    outer loop
      vertex 22.0384 21 11.3902
      vertex 22.1522 7.9 11.7654
      vertex 22.0384 7.9 11.3902
    endloop
  endfacet
  facet normal -0.881795 0 -0.471634
    outer loop
      vertex 47.8478 7.9 11.7654
      vertex 47.6629 21 12.1111
      vertex 47.8478 21 11.7654
    endloop
  endfacet
  facet normal -0.881795 -0 -0.471634
    outer loop
      vertex 47.6629 21 12.1111
      vertex 47.8478 7.9 11.7654
      vertex 47.6629 7.9 12.1111
    endloop
  endfacet
  facet normal 0.954509 0.298182 0
    outer loop
      vertex 22.1456 7.43392 1.58013
      vertex 22 7.9 0
      vertex 22 7.9 11
    endloop
  endfacet
  facet normal 0.954435 0.29842 0.000157455
    outer loop
      vertex 22 7.9 0
      vertex 22.0995 7.58149 0.530149
      vertex 22.0938 7.6 0
    endloop
  endfacet
  facet normal 0.95459 0.297922 -0.000170751
    outer loop
      vertex 22 7.9 0
      vertex 22.1169 7.52604 1.05772
      vertex 22.0995 7.58149 0.530149
    endloop
  endfacet
  facet normal 0.954168 0.29927 0.0003525
    outer loop
      vertex 22 7.9 0
      vertex 22.1456 7.43392 1.58013
      vertex 22.1169 7.52604 1.05772
    endloop
  endfacet
  facet normal 0.954314 0.298807 -3.39687e-05
    outer loop
      vertex 22 7.9 11
      vertex 22.1858 7.30559 2.09484
      vertex 22.1456 7.43392 1.58013
    endloop
  endfacet
  facet normal 0.954515 0.298163 1.32363e-05
    outer loop
      vertex 22 7.9 11
      vertex 22.237 7.14166 2.59935
      vertex 22.1858 7.30559 2.09484
    endloop
  endfacet
  facet normal 0.954479 0.298279 1.74131e-06
    outer loop
      vertex 22 7.9 11
      vertex 22.2991 6.94294 3.0912
      vertex 22.237 7.14166 2.59935
    endloop
  endfacet
  facet normal 0.954543 0.298072 2.9175e-05
    outer loop
      vertex 22 7.9 11
      vertex 22.3717 6.7104 3.56798
      vertex 22.2991 6.94294 3.0912
    endloop
  endfacet
  facet normal 0.954472 0.298299 -1.06646e-05
    outer loop
      vertex 22 7.9 11
      vertex 22.4546 6.44516 4.02739
      vertex 22.3717 6.7104 3.56798
    endloop
  endfacet
  facet normal 0.954479 0.298277 -5.52296e-06
    outer loop
      vertex 22 7.9 11
      vertex 22.5473 6.14853 4.46717
      vertex 22.4546 6.44516 4.02739
    endloop
  endfacet
  facet normal 0.954456 0.298351 -2.74376e-05
    outer loop
      vertex 22 7.9 11
      vertex 22.6494 5.82194 4.88519
      vertex 22.5473 6.14853 4.46717
    endloop
  endfacet
  facet normal 0.954494 0.298231 1.72943e-05
    outer loop
      vertex 22 7.9 11
      vertex 22.7603 5.46698 5.2794
      vertex 22.6494 5.82194 4.88519
    endloop
  endfacet
  facet normal 0.954454 0.298359 -4.22784e-05
    outer loop
      vertex 22 7.9 11
      vertex 22.8796 5.08539 5.6479
      vertex 22.7603 5.46698 5.2794
    endloop
  endfacet
  facet normal 0.954473 0.298297 -6.45957e-06
    outer loop
      vertex 22 7.9 11
      vertex 23.0066 4.67903 5.98888
      vertex 22.8796 5.08539 5.6479
    endloop
  endfacet
  facet normal 0.954484 0.298262 1.82672e-05
    outer loop
      vertex 22 7.9 11
      vertex 23.1407 4.24987 6.30068
      vertex 23.0066 4.67903 5.98888
    endloop
  endfacet
  facet normal 0.954513 0.298168 9.83168e-05
    outer loop
      vertex 22 7.9 11
      vertex 23.2812 3.8 6.58179
      vertex 23.1407 4.24987 6.30068
    endloop
  endfacet
  facet normal 0.954401 0.298526 -0.00026675
    outer loop
      vertex 23.2812 3.8 6.58179
      vertex 22 7.9 11
      vertex 23.3326 3.63575 6.66912
    endloop
  endfacet
  facet normal 0.198947 0.728236 -0.655814
    outer loop
      vertex 25.0304 2.34853 7.22803
      vertex 23.6098 7.9 12.9616
      vertex 25.3675 2.27534 7.24902
    endloop
  endfacet
  facet normal 0.198947 0.728236 -0.655814
    outer loop
      vertex 24.9653 2.36192 7.22315
      vertex 23.6098 7.9 12.9616
      vertex 25.0304 2.34853 7.22803
    endloop
  endfacet
  facet normal 0.198914 0.728237 -0.655823
    outer loop
      vertex 23.6098 7.9 12.9616
      vertex 24.9653 2.36192 7.22315
      vertex 23.2346 7.9 12.8478
    endloop
  endfacet
  facet normal -0.920651 0.379728 -0.0906038
    outer loop
      vertex 46.5502 3.38359 6.8032
      vertex 48 7.9 11
      vertex 46.6674 3.63575 6.66912
    endloop
  endfacet
  facet normal -0.920651 0.379726 -0.0906023
    outer loop
      vertex 48 7.9 11
      vertex 46.5502 3.38359 6.8032
      vertex 47.9616 7.9 11.3902
    endloop
  endfacet
  facet normal 0.0678935 0.721287 -0.6893
    outer loop
      vertex 25.3675 2.27534 7.24902
      vertex 24 7.9 13
      vertex 25.7669 2.24583 7.25748
    endloop
  endfacet
  facet normal 0.0678357 0.721283 -0.68931
    outer loop
      vertex 24 7.9 13
      vertex 25.3675 2.27534 7.24902
      vertex 23.6098 7.9 12.9616
    endloop
  endfacet
  facet normal -0.326409 0.721819 -0.610274
    outer loop
      vertex 47.1111 7.9 12.6629
      vertex 45.0347 2.36192 7.22315
      vertex 46.7654 7.9 12.8478
    endloop
  endfacet
  facet normal -0.326212 0.721833 -0.610363
    outer loop
      vertex 45.0347 2.36192 7.22315
      vertex 47.1111 7.9 12.6629
      vertex 45.4224 2.4959 7.17439
    endloop
  endfacet
  facet normal 0 0.712567 -0.701604
    outer loop
      vertex 44.2331 2.24583 7.25748
      vertex 24 7.9 13
      vertex 46 7.9 13
    endloop
  endfacet
  facet normal 0 0.712567 -0.701604
    outer loop
      vertex 24 7.9 13
      vertex 44.2331 2.24583 7.25748
      vertex 25.7669 2.24583 7.25748
    endloop
  endfacet
  facet normal -0.954435 0.29842 0.000157455
    outer loop
      vertex 47.9005 7.58149 0.530149
      vertex 48 7.9 0
      vertex 47.9062 7.6 0
    endloop
  endfacet
  facet normal -0.95459 0.297922 -0.000170751
    outer loop
      vertex 47.8831 7.52604 1.05772
      vertex 48 7.9 0
      vertex 47.9005 7.58149 0.530149
    endloop
  endfacet
  facet normal -0.954168 0.29927 0.0003525
    outer loop
      vertex 47.8544 7.43392 1.58013
      vertex 48 7.9 0
      vertex 47.8831 7.52604 1.05772
    endloop
  endfacet
  facet normal -0.954509 0.298182 0
    outer loop
      vertex 48 7.9 0
      vertex 47.8544 7.43392 1.58013
      vertex 48 7.9 11
    endloop
  endfacet
  facet normal -0.954314 0.298807 -3.39687e-05
    outer loop
      vertex 47.8142 7.30559 2.09484
      vertex 48 7.9 11
      vertex 47.8544 7.43392 1.58013
    endloop
  endfacet
  facet normal -0.954515 0.298163 1.32363e-05
    outer loop
      vertex 47.763 7.14166 2.59935
      vertex 48 7.9 11
      vertex 47.8142 7.30559 2.09484
    endloop
  endfacet
  facet normal -0.954479 0.298279 1.74131e-06
    outer loop
      vertex 47.7009 6.94294 3.0912
      vertex 48 7.9 11
      vertex 47.763 7.14166 2.59935
    endloop
  endfacet
  facet normal -0.954543 0.298072 2.9175e-05
    outer loop
      vertex 47.6283 6.7104 3.56798
      vertex 48 7.9 11
      vertex 47.7009 6.94294 3.0912
    endloop
  endfacet
  facet normal -0.954472 0.298299 -1.06646e-05
    outer loop
      vertex 47.5454 6.44516 4.02739
      vertex 48 7.9 11
      vertex 47.6283 6.7104 3.56798
    endloop
  endfacet
  facet normal -0.954479 0.298277 -5.52296e-06
    outer loop
      vertex 47.4527 6.14853 4.46717
      vertex 48 7.9 11
      vertex 47.5454 6.44516 4.02739
    endloop
  endfacet
  facet normal -0.954456 0.298351 -2.74376e-05
    outer loop
      vertex 47.3506 5.82194 4.88519
      vertex 48 7.9 11
      vertex 47.4527 6.14853 4.46717
    endloop
  endfacet
  facet normal -0.954494 0.298231 1.72943e-05
    outer loop
      vertex 47.2397 5.46698 5.2794
      vertex 48 7.9 11
      vertex 47.3506 5.82194 4.88519
    endloop
  endfacet
  facet normal -0.954454 0.298359 -4.22784e-05
    outer loop
      vertex 47.1204 5.08539 5.6479
      vertex 48 7.9 11
      vertex 47.2397 5.46698 5.2794
    endloop
  endfacet
  facet normal -0.954473 0.298297 -6.45957e-06
    outer loop
      vertex 46.9934 4.67903 5.98888
      vertex 48 7.9 11
      vertex 47.1204 5.08539 5.6479
    endloop
  endfacet
  facet normal -0.954484 0.298262 1.82672e-05
    outer loop
      vertex 46.8593 4.24987 6.30068
      vertex 48 7.9 11
      vertex 46.9934 4.67903 5.98888
    endloop
  endfacet
  facet normal -0.954513 0.298168 9.83168e-05
    outer loop
      vertex 46.7188 3.8 6.58179
      vertex 48 7.9 11
      vertex 46.8593 4.24987 6.30068
    endloop
  endfacet
  facet normal -0.954401 0.298526 -0.00026675
    outer loop
      vertex 48 7.9 11
      vertex 46.7188 3.8 6.58179
      vertex 46.6674 3.63575 6.66912
    endloop
  endfacet
  facet normal -0.823004 0.5104 -0.249311
    outer loop
      vertex 46.5096 3.33162 6.83083
      vertex 47.9616 7.9 11.3902
      vertex 46.5502 3.38359 6.8032
    endloop
  endfacet
  facet normal -0.822744 0.510655 -0.249649
    outer loop
      vertex 46.3571 3.12984 6.92067
      vertex 47.9616 7.9 11.3902
      vertex 46.5096 3.33162 6.83083
    endloop
  endfacet
  facet normal -0.822808 0.510595 -0.249562
    outer loop
      vertex 47.9616 7.9 11.3902
      vertex 46.3571 3.12984 6.92067
      vertex 47.8478 7.9 11.7654
    endloop
  endfacet
  facet normal 0.326409 0.721819 -0.610274
    outer loop
      vertex 24.9653 2.36192 7.22315
      vertex 22.8889 7.9 12.6629
      vertex 23.2346 7.9 12.8478
    endloop
  endfacet
  facet normal 0.326212 0.721833 -0.610363
    outer loop
      vertex 22.8889 7.9 12.6629
      vertex 24.9653 2.36192 7.22315
      vertex 24.5776 2.4959 7.17439
    endloop
  endfacet
  facet normal -0.198914 0.728237 -0.655823
    outer loop
      vertex 45.0347 2.36192 7.22315
      vertex 46.3902 7.9 12.9616
      vertex 46.7654 7.9 12.8478
    endloop
  endfacet
  facet normal -0.198947 0.728236 -0.655814
    outer loop
      vertex 46.3902 7.9 12.9616
      vertex 44.9696 2.34853 7.22803
      vertex 44.6325 2.27534 7.24902
    endloop
  endfacet
  facet normal -0.198947 0.728236 -0.655814
    outer loop
      vertex 46.3902 7.9 12.9616
      vertex 45.0347 2.36192 7.22315
      vertex 44.9696 2.34853 7.22803
    endloop
  endfacet
  facet normal -0.0678357 0.721283 -0.68931
    outer loop
      vertex 44.6325 2.27534 7.24902
      vertex 46 7.9 13
      vertex 46.3902 7.9 12.9616
    endloop
  endfacet
  facet normal -0.0678935 0.721287 -0.6893
    outer loop
      vertex 46 7.9 13
      vertex 44.6325 2.27534 7.24902
      vertex 44.2331 2.24583 7.25748
    endloop
  endfacet
  facet normal -0.578684 0.663075 -0.474823
    outer loop
      vertex 47.6629 7.9 12.1111
      vertex 45.7818 2.67618 7.10877
      vertex 47.4142 7.9 12.4142
    endloop
  endfacet
  facet normal -0.578609 0.663101 -0.474878
    outer loop
      vertex 47.6629 7.9 12.1111
      vertex 46.0286 2.84701 7.0466
      vertex 45.7818 2.67618 7.10877
    endloop
  endfacet
  facet normal -0.578745 0.66305 -0.474783
    outer loop
      vertex 46.0286 2.84701 7.0466
      vertex 47.6629 7.9 12.1111
      vertex 46.0983 2.89314 7.02606
    endloop
  endfacet
  facet normal 0.920651 0.379726 -0.0906023
    outer loop
      vertex 23.4498 3.38359 6.8032
      vertex 22 7.9 11
      vertex 22.0384 7.9 11.3902
    endloop
  endfacet
  facet normal 0.920651 0.379728 -0.0906038
    outer loop
      vertex 22 7.9 11
      vertex 23.4498 3.38359 6.8032
      vertex 23.3326 3.63575 6.66912
    endloop
  endfacet
  facet normal 0.822808 0.510595 -0.249562
    outer loop
      vertex 23.6429 3.12984 6.92067
      vertex 22.0384 7.9 11.3902
      vertex 22.1522 7.9 11.7654
    endloop
  endfacet
  facet normal 0.823004 0.5104 -0.249311
    outer loop
      vertex 22.0384 7.9 11.3902
      vertex 23.4904 3.33162 6.83083
      vertex 23.4498 3.38359 6.8032
    endloop
  endfacet
  facet normal 0.822744 0.510655 -0.249649
    outer loop
      vertex 22.0384 7.9 11.3902
      vertex 23.6429 3.12984 6.92067
      vertex 23.4904 3.33162 6.83083
    endloop
  endfacet
  facet normal 0.578684 0.663075 -0.474823
    outer loop
      vertex 24.2182 2.67618 7.10877
      vertex 22.3371 7.9 12.1111
      vertex 22.5858 7.9 12.4142
    endloop
  endfacet
  facet normal 0.578609 0.663101 -0.474878
    outer loop
      vertex 23.9714 2.84701 7.0466
      vertex 22.3371 7.9 12.1111
      vertex 24.2182 2.67618 7.10877
    endloop
  endfacet
  facet normal 0.578745 0.66305 -0.474783
    outer loop
      vertex 22.3371 7.9 12.1111
      vertex 23.9714 2.84701 7.0466
      vertex 23.9017 2.89314 7.02606
    endloop
  endfacet
  facet normal 0.452279 0.70115 -0.55121
    outer loop
      vertex 24.5776 2.4959 7.17439
      vertex 22.5858 7.9 12.4142
      vertex 22.8889 7.9 12.6629
    endloop
  endfacet
  facet normal 0.452336 0.701139 -0.551177
    outer loop
      vertex 22.5858 7.9 12.4142
      vertex 24.5776 2.4959 7.17439
      vertex 24.2182 2.67618 7.10877
    endloop
  endfacet
  facet normal -0.452279 0.70115 -0.55121
    outer loop
      vertex 47.4142 7.9 12.4142
      vertex 45.4224 2.4959 7.17439
      vertex 47.1111 7.9 12.6629
    endloop
  endfacet
  facet normal -0.452336 0.701139 -0.551177
    outer loop
      vertex 45.4224 2.4959 7.17439
      vertex 47.4142 7.9 12.4142
      vertex 45.7818 2.67618 7.10877
    endloop
  endfacet
  facet normal 0.703895 0.602323 -0.376483
    outer loop
      vertex 23.9017 2.89314 7.02606
      vertex 22.1522 7.9 11.7654
      vertex 22.3371 7.9 12.1111
    endloop
  endfacet
  facet normal 0.704055 0.602232 -0.376328
    outer loop
      vertex 22.1522 7.9 11.7654
      vertex 23.9017 2.89314 7.02606
      vertex 23.6429 3.12984 6.92067
    endloop
  endfacet
  facet normal -0.704055 0.602232 -0.376328
    outer loop
      vertex 46.0983 2.89314 7.02606
      vertex 47.8478 7.9 11.7654
      vertex 46.3571 3.12984 6.92067
    endloop
  endfacet
  facet normal -0.703895 0.602323 -0.376483
    outer loop
      vertex 47.8478 7.9 11.7654
      vertex 46.0983 2.89314 7.02606
      vertex 47.6629 7.9 12.1111
    endloop
  endfacet
  facet normal 1 0 0
    outer loop
      vertex 64 -5 6.5
      vertex 64 -5.08539 5.6479
      vertex 64 -5 5.71955
    endloop
  endfacet
  facet normal 1 0 0
    outer loop
      vertex 64 -5 6.5
      vertex 64 -5.46698 5.2794
      vertex 64 -5.08539 5.6479
    endloop
  endfacet
  facet normal 1 0 0
    outer loop
      vertex 64 -5 6.5
      vertex 64 -5.82194 4.88519
      vertex 64 -5.46698 5.2794
    endloop
  endfacet
  facet normal 1 -0 0
    outer loop
      vertex 64 -15.6 6.5
      vertex 64 -5.82194 4.88519
      vertex 64 -5 6.5
    endloop
  endfacet
  facet normal 1 0 0
    outer loop
      vertex 64 -5.82194 4.88519
      vertex 64 -15.6 6.5
      vertex 64 -6.14853 4.46717
    endloop
  endfacet
  facet normal 1 0 0
    outer loop
      vertex 64 -6.14853 4.46717
      vertex 64 -15.6 6.5
      vertex 64 -6.44516 4.02739
    endloop
  endfacet
  facet normal 1 0 0
    outer loop
      vertex 64 -15.6 6.5
      vertex 64 -6.7104 3.56798
      vertex 64 -6.44516 4.02739
    endloop
  endfacet
  facet normal 1 0 0
    outer loop
      vertex 64 -15.6 6.5
      vertex 64 -6.94294 3.0912
      vertex 64 -6.7104 3.56798
    endloop
  endfacet
  facet normal 1 0 0
    outer loop
      vertex 64 -15.6 6.5
      vertex 64 -7.14166 2.59935
      vertex 64 -6.94294 3.0912
    endloop
  endfacet
  facet normal 1 0 0
    outer loop
      vertex 64 -15.6 6.5
      vertex 64 -7.30559 2.09484
      vertex 64 -7.14166 2.59935
    endloop
  endfacet
  facet normal 1 0 0
    outer loop
      vertex 64 -15.6 0
      vertex 64 -7.30559 2.09484
      vertex 64 -15.6 6.5
    endloop
  endfacet
  facet normal 1 0 0
    outer loop
      vertex 64 -7.30559 2.09484
      vertex 64 -15.6 0
      vertex 64 -7.43392 1.58013
    endloop
  endfacet
  facet normal 1 0 0
    outer loop
      vertex 64 -7.43392 1.58013
      vertex 64 -15.6 0
      vertex 64 -7.52604 1.05772
    endloop
  endfacet
  facet normal 1 0 0
    outer loop
      vertex 64 -7.52604 1.05772
      vertex 64 -15.6 0
      vertex 64 -7.58149 0.530149
    endloop
  endfacet
  facet normal 1 0 0
    outer loop
      vertex 64 -7.58149 0.530149
      vertex 64 -15.6 0
      vertex 64 -7.6 0
    endloop
  endfacet
  facet normal 0 -1 0
    outer loop
      vertex 64 -5 5.71955
      vertex 78 -5 6.5
      vertex 64 -5 6.5
    endloop
  endfacet
  facet normal 0 -1 -0
    outer loop
      vertex 78 -5 6.5
      vertex 64 -5 5.71955
      vertex 78 -5 5.71955
    endloop
  endfacet
  facet normal -1 0 0
    outer loop
      vertex 78 -5.08539 5.6479
      vertex 78 -5 6.5
      vertex 78 -5 5.71955
    endloop
  endfacet
  facet normal -1 0 0
    outer loop
      vertex 78 -5.46698 5.2794
      vertex 78 -5 6.5
      vertex 78 -5.08539 5.6479
    endloop
  endfacet
  facet normal -1 0 0
    outer loop
      vertex 78 -5.82194 4.88519
      vertex 78 -5 6.5
      vertex 78 -5.46698 5.2794
    endloop
  endfacet
  facet normal -1 0 0
    outer loop
      vertex 78 -15.6 6.5
      vertex 78 -5.82194 4.88519
      vertex 78 -6.14853 4.46717
    endloop
  endfacet
  facet normal -1 0 0
    outer loop
      vertex 78 -15.6 6.5
      vertex 78 -6.14853 4.46717
      vertex 78 -6.44516 4.02739
    endloop
  endfacet
  facet normal -1 0 0
    outer loop
      vertex 78 -15.6 0
      vertex 78 -7.58149 0.530149
      vertex 78 -7.6 0
    endloop
  endfacet
  facet normal -1 0 0
    outer loop
      vertex 78 -15.6 0
      vertex 78 -7.52604 1.05772
      vertex 78 -7.58149 0.530149
    endloop
  endfacet
  facet normal -1 0 0
    outer loop
      vertex 78 -15.6 0
      vertex 78 -7.43392 1.58013
      vertex 78 -7.52604 1.05772
    endloop
  endfacet
  facet normal -1 0 0
    outer loop
      vertex 78 -15.6 0
      vertex 78 -7.30559 2.09484
      vertex 78 -7.43392 1.58013
    endloop
  endfacet
  facet normal -1 0 0
    outer loop
      vertex 78 -15.6 6.5
      vertex 78 -7.30559 2.09484
      vertex 78 -15.6 0
    endloop
  endfacet
  facet normal -1 0 0
    outer loop
      vertex 78 -7.30559 2.09484
      vertex 78 -15.6 6.5
      vertex 78 -7.14166 2.59935
    endloop
  endfacet
  facet normal -1 0 0
    outer loop
      vertex 78 -7.14166 2.59935
      vertex 78 -15.6 6.5
      vertex 78 -6.94294 3.0912
    endloop
  endfacet
  facet normal -1 0 0
    outer loop
      vertex 78 -6.94294 3.0912
      vertex 78 -15.6 6.5
      vertex 78 -6.7104 3.56798
    endloop
  endfacet
  facet normal -1 0 0
    outer loop
      vertex 78 -6.7104 3.56798
      vertex 78 -15.6 6.5
      vertex 78 -6.44516 4.02739
    endloop
  endfacet
  facet normal -1 0 0
    outer loop
      vertex 78 -5.82194 4.88519
      vertex 78 -15.6 6.5
      vertex 78 -5 6.5
    endloop
  endfacet
  facet normal 0 0 -1
    outer loop
      vertex 64 -15.6 6.5
      vertex 78 -5 6.5
      vertex 78 -15.6 6.5
    endloop
  endfacet
  facet normal -0 0 -1
    outer loop
      vertex 78 -5 6.5
      vertex 64 -15.6 6.5
      vertex 64 -5 6.5
    endloop
  endfacet
endsolid OpenSCAD_Model
